date,open,high,low,close,volume
2021-09-17,1.0399999618530273,1.0399999618530273,1.0399999618530273,1.0399999618530273,0
2021-09-20,1.0399999618530273,1.0399999618530273,1.0399999618530273,1.0399999618530273,950
2021-09-21,1.0399999618530273,1.0399999618530273,1.0099999904632568,1.0299999713897705,7479
2021-09-22,1.0199999809265137,1.0499999523162842,1.0199999809265137,1.0499999523162842,3315
2021-09-23,1.0499999523162842,1.0499999523162842,1.0399999618530273,1.0399999618530273,4
2021-09-24,1.0299999713897705,1.0399999618530273,1.0299999713897705,1.0399999618530273,8003
2021-09-27,1.0499999523162842,1.059999942779541,1.0199999809265137,1.0199999809265137,6278
2021-09-28,1.0199999809265137,1.0199999809265137,1.0199999809265137,1.0199999809265137,0
2021-09-29,1.0199999809265137,1.0199999809265137,1.0199999809265137,1.0199999809265137,1750
2021-09-30,1.0,1.0,1.0,1.0,600
2021-10-01,1.0199999809265137,1.0399999618530273,1.0199999809265137,1.0399999618530273,200
2021-10-04,1.059999942779541,1.059999942779541,1.059999942779541,1.059999942779541,150
2021-10-05,1.059999942779541,1.059999942779541,1.059999942779541,1.059999942779541,20
2021-10-06,1.0800000429153442,1.0800000429153442,1.0800000429153442,1.0800000429153442,35
2021-10-07,1.100000023841858,1.100000023841858,1.100000023841858,1.100000023841858,10
2021-10-08,1.0800000429153442,1.0800000429153442,1.0199999809265137,1.0199999809265137,89675
2021-10-11,1.090000033378601,1.090000033378601,1.090000033378601,1.090000033378601,10
2021-10-12,1.090000033378601,1.090000033378601,1.0199999809265137,1.0800000429153442,5010
2021-10-13,1.090000033378601,1.090000033378601,1.090000033378601,1.090000033378601,109
2021-10-14,1.0099999904632568,1.0199999809265137,1.0099999904632568,1.0199999809265137,11502
2021-10-15,1.0199999809265137,1.0199999809265137,1.0199999809265137,1.0199999809265137,1800
2021-10-18,1.0099999904632568,1.0099999904632568,0.9900000095367432,0.9900000095367432,13179
2021-10-19,1.0,1.0099999904632568,1.0,1.0,830
2021-10-20,1.0,1.0,1.0,1.0,0
2021-10-21,1.0099999904632568,1.0099999904632568,1.0,1.0,1000
2021-10-22,1.0,1.0,1.0,1.0,1500
2021-10-25,1.0,1.0,1.0,1.0,0
2021-10-26,1.0099999904632568,1.0099999904632568,0.9800000190734863,0.9800000190734863,1940
2021-10-27,1.0199999809265137,1.0199999809265137,0.9800000190734863,0.9800000190734863,2000
2021-10-28,0.9700000286102295,0.9800000190734863,0.9700000286102295,0.9800000190734863,3460
2021-10-29,0.9850000143051147,0.9850000143051147,0.949999988079071,0.949999988079071,16433
2021-11-02,0.9900000095367432,0.9900000095367432,0.9300000071525574,0.9300000071525574,3581
2021-11-03,0.9200000166893005,0.9449999928474426,0.9200000166893005,0.9449999928474426,2210
2021-11-04,0.949999988079071,0.949999988079071,0.9200000166893005,0.925000011920929,13385
2021-11-05,0.925000011920929,0.925000011920929,0.925000011920929,0.925000011920929,0
2021-11-08,0.9449999928474426,0.9449999928474426,0.9449999928474426,0.9449999928474426,417
2021-11-09,0.9449999928474426,0.9449999928474426,0.9449999928474426,0.9449999928474426,0
2021-11-10,0.9449999928474426,0.9449999928474426,0.9449999928474426,0.9449999928474426,20
2021-11-12,0.9449999928474426,0.9449999928474426,0.9449999928474426,0.9449999928474426,0
2021-11-15,0.9449999928474426,0.9449999928474426,0.9449999928474426,0.9449999928474426,5
2021-11-16,0.9449999928474426,0.9449999928474426,0.9449999928474426,0.9449999928474426,0
2021-11-17,0.9449999928474426,0.949999988079071,0.9449999928474426,0.949999988079071,1305
2021-11-18,0.949999988079071,0.949999988079071,0.949999988079071,0.949999988079071,40
2021-11-19,0.949999988079071,0.949999988079071,0.949999988079071,0.949999988079071,20
2021-11-22,0.949999988079071,0.949999988079071,0.949999988079071,0.949999988079071,20
2021-11-23,0.949999988079071,0.949999988079071,0.949999988079071,0.949999988079071,20
2021-11-24,0.949999988079071,0.949999988079071,0.949999988079071,0.949999988079071,15
2021-11-25,0.949999988079071,0.949999988079071,0.949999988079071,0.949999988079071,30
2021-11-26,0.949999988079071,0.949999988079071,0.9150000214576721,0.9150000214576721,4915
2021-11-29,0.7400000095367432,0.8399999737739563,0.7400000095367432,0.800000011920929,100077
2021-11-30,0.7900000214576721,0.7900000214576721,0.6600000262260437,0.7599999904632568,7610
2021-12-01,0.7400000095367432,0.7599999904632568,0.699999988079071,0.7599999904632568,1725
2021-12-02,0.7099999785423279,0.7099999785423279,0.5600000023841858,0.5600000023841858,33008
2021-12-03,0.6499999761581421,0.7799999713897705,0.6499999761581421,0.7799999713897705,16010
2021-12-06,0.8149999976158142,0.949999988079071,0.7799999713897705,0.9300000071525574,18898
2021-12-07,0.949999988079071,0.949999988079071,0.9399999976158142,0.9399999976158142,651
2021-12-08,0.8550000190734863,0.9399999976158142,0.8550000190734863,0.9399999976158142,2575
2021-12-09,0.8949999809265137,0.8949999809265137,0.8949999809265137,0.8949999809265137,1000
2021-12-10,0.8949999809265137,0.8949999809265137,0.8949999809265137,0.8949999809265137,0
2021-12-13,0.9300000071525574,0.9300000071525574,0.9300000071525574,0.9300000071525574,100
2021-12-14,0.9300000071525574,0.9300000071525574,0.9300000071525574,0.9300000071525574,0
2021-12-15,0.9300000071525574,0.9300000071525574,0.9300000071525574,0.9300000071525574,0
2021-12-16,0.9200000166893005,0.9200000166893005,0.9200000166893005,0.9200000166893005,30
2021-12-17,0.9200000166893005,0.9200000166893005,0.9200000166893005,0.9200000166893005,15
2021-12-20,0.9200000166893005,0.9200000166893005,0.9200000166893005,0.9200000166893005,43
2021-12-21,0.8700000047683716,0.8700000047683716,0.8600000143051147,0.8600000143051147,1000
2021-12-22,0.8600000143051147,0.8600000143051147,0.8600000143051147,0.8600000143051147,0
2021-12-23,0.8600000143051147,0.8600000143051147,0.8600000143051147,0.8600000143051147,0
2021-12-27,0.8700000047683716,0.8700000047683716,0.8500000238418579,0.8500000238418579,16300
2021-12-28,0.8299999833106995,0.8299999833106995,0.7699999809265137,0.7799999713897705,7549
2021-12-29,0.7850000262260437,0.8299999833106995,0.7850000262260437,0.8299999833106995,5060
2021-12-30,0.8299999833106995,0.8299999833106995,0.8299999833106995,0.8299999833106995,0
2022-01-03,0.8299999833106995,0.8299999833106995,0.7900000214576721,0.800000011920929,5152
2022-01-04,0.800000011920929,0.800000011920929,0.800000011920929,0.800000011920929,0
2022-01-05,0.800000011920929,0.8399999737739563,0.800000011920929,0.8399999737739563,1836
2022-01-07,0.8399999737739563,0.8399999737739563,0.8399999737739563,0.8399999737739563,0
2022-01-10,0.8700000047683716,0.8700000047683716,0.8700000047683716,0.8700000047683716,200
2022-01-11,0.8700000047683716,0.8700000047683716,0.8700000047683716,0.8700000047683716,0
2022-01-12,0.8849999904632568,0.8999999761581421,0.8849999904632568,0.8999999761581421,705
2022-01-13,0.8999999761581421,0.8999999761581421,0.8999999761581421,0.8999999761581421,30
2022-01-14,0.8999999761581421,0.8999999761581421,0.8999999761581421,0.8999999761581421,20
2022-01-17,0.8999999761581421,0.8999999761581421,0.8999999761581421,0.8999999761581421,20
2022-01-18,0.8999999761581421,0.8999999761581421,0.8999999761581421,0.8999999761581421,20
2022-01-19,0.8999999761581421,0.8999999761581421,0.8999999761581421,0.8999999761581421,20
2022-01-20,0.8999999761581421,0.8999999761581421,0.8500000238418579,0.8500000238418579,100
2022-01-21,0.8500000238418579,0.8500000238418579,0.8500000238418579,0.8500000238418579,0
2022-01-24,0.8500000238418579,0.8500000238418579,0.8500000238418579,0.8500000238418579,0
2022-01-25,0.8500000238418579,0.8500000238418579,0.8500000238418579,0.8500000238418579,0
2022-01-26,0.8500000238418579,0.8500000238418579,0.8500000238418579,0.8500000238418579,20
2022-01-27,0.8399999737739563,0.8399999737739563,0.8399999737739563,0.8399999737739563,200
2022-01-28,0.8399999737739563,0.8399999737739563,0.8399999737739563,0.8399999737739563,0
2022-01-31,0.8299999833106995,0.8899999856948853,0.8149999976158142,0.8899999856948853,2560
2022-02-01,0.8949999809265137,0.8999999761581421,0.8949999809265137,0.8999999761581421,2400
2022-02-02,0.9100000262260437,0.9100000262260437,0.9100000262260437,0.9100000262260437,20
2022-02-03,0.9100000262260437,0.9100000262260437,0.9100000262260437,0.9100000262260437,20
2022-02-04,0.9100000262260437,0.9100000262260437,0.800000011920929,0.800000011920929,11927
2022-02-07,0.800000011920929,0.800000011920929,0.800000011920929,0.800000011920929,20
2022-02-08,0.800000011920929,0.800000011920929,0.800000011920929,0.800000011920929,20
2022-02-09,0.800000011920929,0.800000011920929,0.800000011920929,0.800000011920929,3048
2022-02-10,0.800000011920929,0.800000011920929,0.800000011920929,0.800000011920929,20
2022-02-11,0.800000011920929,0.800000011920929,0.800000011920929,0.800000011920929,848
2022-02-14,0.7950000166893005,0.7950000166893005,0.7950000166893005,0.7950000166893005,100
2022-02-15,0.800000011920929,0.800000011920929,0.7400000095367432,0.7400000095367432,6975
2022-02-16,0.7400000095367432,0.7400000095367432,0.7400000095367432,0.7400000095367432,20
2022-02-17,0.7400000095367432,0.7400000095367432,0.6349999904632568,0.699999988079071,4297
2022-02-18,0.699999988079071,0.699999988079071,0.699999988079071,0.699999988079071,0
2022-02-21,0.699999988079071,0.699999988079071,0.699999988079071,0.699999988079071,0
2022-02-22,0.6499999761581421,0.699999988079071,0.6499999761581421,0.699999988079071,4000
2022-02-23,0.699999988079071,0.699999988079071,0.699999988079071,0.699999988079071,0
2022-02-24,0.699999988079071,0.699999988079071,0.699999988079071,0.699999988079071,0
2022-02-25,0.7099999785423279,0.7200000286102295,0.7099999785423279,0.7200000286102295,542
2022-02-28,0.6499999761581421,0.6899999976158142,0.5799999833106995,0.6899999976158142,700
2022-03-01,0.6800000071525574,0.6800000071525574,0.5849999785423279,0.5849999785423279,3284
2022-03-02,0.6700000166893005,0.6700000166893005,0.6700000166893005,0.6700000166893005,100
2022-03-03,0.6700000166893005,0.6700000166893005,0.6700000166893005,0.6700000166893005,400
2022-03-04,0.6650000214576721,0.6650000214576721,0.6650000214576721,0.6650000214576721,550
2022-03-07,0.6650000214576721,0.6650000214576721,0.6650000214576721,0.6650000214576721,0
2022-03-08,0.6600000262260437,0.6600000262260437,0.6499999761581421,0.6600000262260437,715
2022-03-09,0.6850000023841858,0.6850000023841858,0.6850000023841858,0.6850000023841858,50
2022-03-10,0.6850000023841858,0.6850000023841858,0.6850000023841858,0.6850000023841858,0
2022-03-11,0.6899999976158142,0.7099999785423279,0.6899999976158142,0.7099999785423279,1000
2022-03-14,0.7099999785423279,0.7099999785423279,0.7099999785423279,0.7099999785423279,0
2022-03-15,0.7099999785423279,0.7200000286102295,0.7099999785423279,0.7200000286102295,1008
2022-03-16,0.7200000286102295,0.7200000286102295,0.7200000286102295,0.7200000286102295,0
2022-03-17,0.7200000286102295,0.7200000286102295,0.7200000286102295,0.7200000286102295,0
2022-03-18,0.7200000286102295,0.7200000286102295,0.7200000286102295,0.7200000286102295,0
2022-03-21,0.7300000190734863,0.7300000190734863,0.6600000262260437,0.6600000262260437,229
2022-03-22,0.699999988079071,0.699999988079071,0.699999988079071,0.699999988079071,200
2022-03-23,0.7300000190734863,0.7300000190734863,0.7250000238418579,0.7300000190734863,82896
2022-03-24,0.699999988079071,0.699999988079071,0.699999988079071,0.699999988079071,28
2022-03-25,0.7350000143051147,0.7400000095367432,0.7350000143051147,0.7400000095367432,210
2022-03-28,0.7400000095367432,0.7400000095367432,0.7400000095367432,0.7400000095367432,220
2022-03-29,0.7400000095367432,0.7400000095367432,0.7300000190734863,0.7300000190734863,3015
2022-03-30,0.7400000095367432,0.7400000095367432,0.7400000095367432,0.7400000095367432,15
2022-03-31,0.7200000286102295,0.7200000286102295,0.699999988079071,0.699999988079071,42
2022-04-01,0.7350000143051147,0.7400000095367432,0.7350000143051147,0.7400000095367432,210
2022-04-04,0.7300000190734863,0.7300000190734863,0.7300000190734863,0.7300000190734863,20
2022-04-05,0.7400000095367432,0.7400000095367432,0.7400000095367432,0.7400000095367432,2500
2022-04-06,0.7300000190734863,0.7300000190734863,0.7300000190734863,0.7300000190734863,350
2022-04-07,0.7300000190734863,0.7300000190734863,0.7300000190734863,0.7300000190734863,30
2022-04-08,0.7300000190734863,0.7300000190734863,0.7300000190734863,0.7300000190734863,0
2022-04-11,0.7300000190734863,0.7400000095367432,0.7300000190734863,0.7350000143051147,679
2022-04-12,0.7400000095367432,0.7400000095367432,0.7350000143051147,0.7350000143051147,15020
2022-04-13,0.7400000095367432,0.7400000095367432,0.7400000095367432,0.7400000095367432,820
2022-04-14,0.6800000071525574,0.7300000190734863,0.675000011920929,0.7300000190734863,849
2022-04-19,0.7300000190734863,0.7300000190734863,0.7300000190734863,0.7300000190734863,0
2022-04-20,0.7300000190734863,0.7300000190734863,0.7300000190734863,0.7300000190734863,0
2022-04-21,0.7300000190734863,0.7300000190734863,0.7300000190734863,0.7300000190734863,0
2022-04-22,0.7250000238418579,0.7250000238418579,0.7250000238418579,0.7250000238418579,5000
2022-04-25,0.6700000166893005,0.7149999737739563,0.6650000214576721,0.7149999737739563,498
2022-04-26,0.7149999737739563,0.7149999737739563,0.6650000214576721,0.6650000214576721,387
2022-04-27,0.6600000262260437,0.6600000262260437,0.6200000047683716,0.6200000047683716,302
2022-04-28,0.6200000047683716,0.6200000047683716,0.6200000047683716,0.6200000047683716,0
2022-04-29,0.6399999856948853,0.6399999856948853,0.6200000047683716,0.6200000047683716,59001
2022-05-02,0.6200000047683716,0.6200000047683716,0.6200000047683716,0.6200000047683716,0
2022-05-04,0.6200000047683716,0.6200000047683716,0.6200000047683716,0.6200000047683716,0
2022-05-05,0.6200000047683716,0.6200000047683716,0.6200000047683716,0.6200000047683716,1
2022-05-06,0.6200000047683716,0.6200000047683716,0.6100000143051147,0.6100000143051147,97
2022-05-09,0.6200000047683716,0.6800000071525574,0.6200000047683716,0.6800000071525574,1411
2022-05-10,0.6899999976158142,0.6949999928474426,0.6899999976158142,0.6949999928474426,274
2022-05-11,0.6949999928474426,0.6949999928474426,0.6949999928474426,0.6949999928474426,20
2022-05-12,0.6949999928474426,0.6949999928474426,0.6949999928474426,0.6949999928474426,20
2022-05-13,0.6899999976158142,0.6949999928474426,0.6899999976158142,0.6949999928474426,213400
2022-05-16,0.6949999928474426,0.6949999928474426,0.6949999928474426,0.6949999928474426,100
2022-05-17,0.6949999928474426,0.6949999928474426,0.6949999928474426,0.6949999928474426,0
2022-05-18,0.6949999928474426,0.6949999928474426,0.6949999928474426,0.6949999928474426,0
2022-05-19,0.6899999976158142,0.6899999976158142,0.6899999976158142,0.6899999976158142,5
2022-05-20,0.6899999976158142,0.6899999976158142,0.6899999976158142,0.6899999976158142,0
2022-05-23,0.6899999976158142,0.6949999928474426,0.6899999976158142,0.6949999928474426,900
2022-05-24,0.6949999928474426,0.6949999928474426,0.6949999928474426,0.6949999928474426,0
2022-05-25,0.6949999928474426,0.6949999928474426,0.6949999928474426,0.6949999928474426,0
2022-05-26,0.6949999928474426,0.6949999928474426,0.6949999928474426,0.6949999928474426,0
2022-05-27,0.6949999928474426,0.6949999928474426,0.6949999928474426,0.6949999928474426,0
2022-05-30,0.6949999928474426,0.6949999928474426,0.6600000262260437,0.6600000262260437,2
2022-05-31,0.6600000262260437,0.6600000262260437,0.6600000262260437,0.6600000262260437,0
2022-06-01,0.6600000262260437,0.6600000262260437,0.6600000262260437,0.6600000262260437,0
2022-06-02,0.6600000262260437,0.6600000262260437,0.6600000262260437,0.6600000262260437,0
2022-06-03,0.6600000262260437,0.6600000262260437,0.6600000262260437,0.6600000262260437,0
2022-06-06,0.6600000262260437,0.6600000262260437,0.6600000262260437,0.6600000262260437,0
2022-06-07,0.6600000262260437,0.6600000262260437,0.6600000262260437,0.6600000262260437,0
2022-06-08,0.6600000262260437,0.6600000262260437,0.6600000262260437,0.6600000262260437,0
2022-06-09,0.6600000262260437,0.6600000262260437,0.6600000262260437,0.6600000262260437,0
2022-06-10,0.675000011920929,0.7300000190734863,0.6549999713897705,0.7300000190734863,2141
2022-06-13,0.7250000238418579,0.7250000238418579,0.7250000238418579,0.7250000238418579,20
2022-06-14,0.7250000238418579,0.7250000238418579,0.7250000238418579,0.7250000238418579,20
2022-06-15,0.7250000238418579,0.7250000238418579,0.7250000238418579,0.7250000238418579,20
2022-06-17,0.7250000238418579,0.7250000238418579,0.7250000238418579,0.7250000238418579,20
2022-06-20,0.7250000238418579,0.7250000238418579,0.7250000238418579,0.7250000238418579,20
2022-06-21,0.7250000238418579,0.7250000238418579,0.7250000238418579,0.7250000238418579,20
2022-06-22,0.7250000238418579,0.7250000238418579,0.7250000238418579,0.7250000238418579,0
2022-06-23,0.7250000238418579,0.7250000238418579,0.7250000238418579,0.7250000238418579,15
2022-06-24,0.7250000238418579,0.7250000238418579,0.6349999904632568,0.699999988079071,3910
2022-06-27,0.699999988079071,0.699999988079071,0.699999988079071,0.699999988079071,20
2022-06-28,0.699999988079071,0.699999988079071,0.699999988079071,0.699999988079071,20
2022-06-29,0.699999988079071,0.699999988079071,0.699999988079071,0.699999988079071,20
2022-06-30,0.699999988079071,0.699999988079071,0.699999988079071,0.699999988079071,20
2022-07-01,0.699999988079071,0.699999988079071,0.699999988079071,0.699999988079071,0
2022-07-04,0.699999988079071,0.699999988079071,0.699999988079071,0.699999988079071,0
2022-07-05,0.699999988079071,0.699999988079071,0.699999988079071,0.699999988079071,0
2022-07-06,0.6499999761581421,0.6499999761581421,0.6200000047683716,0.6200000047683716,1950
2022-07-07,0.6299999952316284,0.6299999952316284,0.6100000143051147,0.6100000143051147,119
2022-07-08,0.6000000238418579,0.6100000143051147,0.550000011920929,0.6100000143051147,841
2022-07-11,0.6499999761581421,0.6700000166893005,0.6499999761581421,0.6700000166893005,820
2022-07-12,0.6700000166893005,0.6700000166893005,0.6700000166893005,0.6700000166893005,0
2022-07-13,0.6700000166893005,0.6700000166893005,0.6700000166893005,0.6700000166893005,0
2022-07-14,0.6700000166893005,0.6700000166893005,0.6700000166893005,0.6700000166893005,0
2022-07-15,0.6700000166893005,0.7300000190734863,0.6299999952316284,0.6700000166893005,9100
2022-07-18,0.6299999952316284,0.6299999952316284,0.5049999952316284,0.5049999952316284,28447
2022-07-19,0.5049999952316284,0.5049999952316284,0.4339999854564667,0.4880000054836273,4653
2022-07-20,0.4880000054836273,0.5,0.44999998807907104,0.5,5201
2022-07-21,0.44999998807907104,0.49000000953674316,0.44999998807907104,0.49000000953674316,3020
2022-07-22,0.49000000953674316,0.49000000953674316,0.49000000953674316,0.49000000953674316,0
2022-07-25,0.49000000953674316,0.49000000953674316,0.49000000953674316,0.49000000953674316,4000
2022-07-26,0.44999998807907104,0.44999998807907104,0.3799999952316284,0.44999998807907104,22008
2022-07-27,0.4020000100135803,0.43799999356269836,0.38199999928474426,0.43799999356269836,8343
2022-07-28,0.43799999356269836,0.43799999356269836,0.43799999356269836,0.43799999356269836,0
2022-07-29,0.4020000100135803,0.4399999976158142,0.4020000100135803,0.4399999976158142,401
2022-08-01,0.4399999976158142,0.4399999976158142,0.4399999976158142,0.4399999976158142,0
2022-08-02,0.4399999976158142,0.4399999976158142,0.4399999976158142,0.4399999976158142,0
2022-08-03,0.4020000100135803,0.44600000977516174,0.4000000059604645,0.44600000977516174,1102
2022-08-04,0.4000000059604645,0.4440000057220459,0.38999998569488525,0.4440000057220459,5100
2022-08-05,0.3880000114440918,0.44200000166893005,0.3880000114440918,0.44200000166893005,51
2022-08-08,0.3880000114440918,0.44600000977516174,0.3880000114440918,0.44600000977516174,3201
2022-08-09,0.3880000114440918,0.46000000834465027,0.3880000114440918,0.46000000834465027,1540
2022-08-10,0.40400001406669617,0.46799999475479126,0.40400001406669617,0.4580000042915344,10192
2022-08-11,0.4580000042915344,0.4620000123977661,0.4099999964237213,0.4620000123977661,10106
2022-08-12,0.46000000834465027,0.4699999988079071,0.46000000834465027,0.4699999988079071,3100
2022-08-16,0.41999998688697815,0.41999998688697815,0.41999998688697815,0.41999998688697815,6000
2022-08-17,0.42399999499320984,0.4779999852180481,0.42399999499320984,0.4320000112056732,2441
2022-08-18,0.4320000112056732,0.4320000112056732,0.4320000112056732,0.4320000112056732,0
2022-08-19,0.4320000112056732,0.4320000112056732,0.4320000112056732,0.4320000112056732,0
2022-08-22,0.49000000953674316,0.5350000262260437,0.46000000834465027,0.47200000286102295,9543
2022-08-23,0.45399999618530273,0.5,0.43799999356269836,0.5,2474
2022-08-24,0.5,0.5,0.5,0.5,5000
2022-08-25,0.5,0.5,0.5,0.5,0
2022-08-26,0.5,0.5,0.5,0.5,0
2022-08-29,0.5,0.5,0.4699999988079071,0.4699999988079071,225
2022-08-30,0.4699999988079071,0.4699999988079071,0.4699999988079071,0.4699999988079071,0
2022-08-31,0.4320000112056732,0.4779999852180481,0.4320000112056732,0.4779999852180481,2300
2022-09-01,0.44999998807907104,0.44999998807907104,0.44999998807907104,0.44999998807907104,25
2022-09-02,0.4779999852180481,0.4779999852180481,0.44999998807907104,0.4779999852180481,2199
2022-09-05,0.4779999852180481,0.4779999852180481,0.44999998807907104,0.44999998807907104,2876
2022-09-06,0.44999998807907104,0.44999998807907104,0.44999998807907104,0.44999998807907104,0
2022-09-07,0.44999998807907104,0.44999998807907104,0.44999998807907104,0.44999998807907104,0
2022-09-08,0.44999998807907104,0.44999998807907104,0.44999998807907104,0.44999998807907104,0
2022-09-09,0.44999998807907104,0.44999998807907104,0.44999998807907104,0.44999998807907104,0
2022-09-12,0.46000000834465027,0.49000000953674316,0.46000000834465027,0.4819999933242798,7474
2022-09-13,0.5199999809265137,0.550000011920929,0.5049999952316284,0.5049999952316284,2710
2022-09-14,0.5199999809265137,0.5799999833106995,0.5149999856948853,0.5799999833106995,7827
2022-09-15,0.5899999737739563,0.5899999737739563,0.550000011920929,0.550000011920929,1124
2022-09-16,0.5799999833106995,0.6000000238418579,0.5799999833106995,0.6000000238418579,15319
2022-09-19,0.6000000238418579,0.6000000238418579,0.6000000238418579,0.6000000238418579,0
2022-09-20,0.6200000047683716,0.6299999952316284,0.6200000047683716,0.6299999952316284,200
2022-09-21,0.6299999952316284,0.6600000262260437,0.6299999952316284,0.6399999856948853,1751
2022-09-22,0.5899999737739563,0.5899999737739563,0.5899999737739563,0.5899999737739563,1800
2022-09-23,0.5899999737739563,0.5899999737739563,0.5899999737739563,0.5899999737739563,0
2022-09-26,0.5899999737739563,0.5899999737739563,0.5899999737739563,0.5899999737739563,0
2022-09-27,0.6000000238418579,0.6000000238418579,0.6000000238418579,0.6000000238418579,20
2022-09-28,0.6000000238418579,0.6000000238418579,0.6000000238418579,0.6000000238418579,70
2022-09-29,0.6000000238418579,0.6000000238418579,0.6000000238418579,0.6000000238418579,0
2022-09-30,0.6000000238418579,0.6000000238418579,0.6000000238418579,0.6000000238418579,0
2022-10-03,0.6000000238418579,0.6000000238418579,0.574999988079071,0.574999988079071,70
2022-10-04,0.6000000238418579,0.6000000238418579,0.6000000238418579,0.6000000238418579,20
2022-10-05,0.6000000238418579,0.6000000238418579,0.6000000238418579,0.6000000238418579,0
2022-10-06,0.6000000238418579,0.6000000238418579,0.6000000238418579,0.6000000238418579,20
2022-10-07,0.6000000238418579,0.6000000238418579,0.550000011920929,0.550000011920929,2020
2022-10-10,0.5600000023841858,0.5600000023841858,0.5600000023841858,0.5600000023841858,350
2022-10-11,0.5600000023841858,0.5600000023841858,0.5600000023841858,0.5600000023841858,50
2022-10-12,0.5400000214576721,0.5400000214576721,0.4860000014305115,0.4860000014305115,1309
2022-10-13,0.4860000014305115,0.4860000014305115,0.4860000014305115,0.4860000014305115,0
2022-10-14,0.49000000953674316,0.5299999713897705,0.49000000953674316,0.5299999713897705,230
2022-10-17,0.5299999713897705,0.5299999713897705,0.5299999713897705,0.5299999713897705,0
2022-10-18,0.5299999713897705,0.5299999713897705,0.5299999713897705,0.5299999713897705,0
2022-10-19,0.5299999713897705,0.5299999713897705,0.5299999713897705,0.5299999713897705,0
2022-10-20,0.5299999713897705,0.5299999713897705,0.5299999713897705,0.5299999713897705,0
2022-10-21,0.5299999713897705,0.5299999713897705,0.5299999713897705,0.5299999713897705,0
2022-10-24,0.5299999713897705,0.5299999713897705,0.5299999713897705,0.5299999713897705,0
2022-10-25,0.5299999713897705,0.5299999713897705,0.5299999713897705,0.5299999713897705,50
2022-10-26,0.5299999713897705,0.5299999713897705,0.5299999713897705,0.5299999713897705,20
2022-10-27,0.5299999713897705,0.5299999713897705,0.5299999713897705,0.5299999713897705,40
2022-10-28,0.5299999713897705,0.5299999713897705,0.5,0.5,120
2022-10-31,0.4880000054836273,0.4880000054836273,0.44999998807907104,0.44999998807907104,10451
2022-11-02,0.4819999933242798,0.4819999933242798,0.44999998807907104,0.44999998807907104,2010
2022-11-03,0.44999998807907104,0.44999998807907104,0.44999998807907104,0.44999998807907104,50
2022-11-04,0.47600001096725464,0.47600001096725464,0.47600001096725464,0.47600001096725464,100
2022-11-07,0.47600001096725464,0.47600001096725464,0.47600001096725464,0.47600001096725464,0
2022-11-08,0.47600001096725464,0.47600001096725464,0.47600001096725464,0.47600001096725464,0
2022-11-09,0.47200000286102295,0.4880000054836273,0.47200000286102295,0.4880000054836273,2585
2022-11-10,0.4880000054836273,0.5,0.4399999976158142,0.4399999976158142,6729
2022-11-14,0.4300000071525574,0.44999998807907104,0.3880000114440918,0.3880000114440918,27112
2022-11-15,0.3880000114440918,0.38999998569488525,0.3880000114440918,0.3880000114440918,6220
2022-11-16,0.36000001430511475,0.36000001430511475,0.29600000381469727,0.29600000381469727,253405
2022-11-17,0.3179999887943268,0.3179999887943268,0.29600000381469727,0.30000001192092896,11155
2022-11-18,0.30000001192092896,0.30000001192092896,0.30000001192092896,0.30000001192092896,0
2022-11-21,0.30000001192092896,0.30000001192092896,0.30000001192092896,0.30000001192092896,0
2022-11-22,0.30000001192092896,0.30000001192092896,0.30000001192092896,0.30000001192092896,0
2022-11-23,0.30000001192092896,0.30000001192092896,0.30000001192092896,0.30000001192092896,0
2022-11-24,0.3100000023841858,0.328000009059906,0.3019999861717224,0.3019999861717224,10000
2022-11-25,0.3199999928474426,0.3199999928474426,0.29600000381469727,0.29600000381469727,47509
2022-11-28,0.2980000078678131,0.30000001192092896,0.2980000078678131,0.2980000078678131,79970
2022-11-29,0.30000001192092896,0.30000001192092896,0.30000001192092896,0.30000001192092896,26104
2022-11-30,0.30000001192092896,0.30000001192092896,0.2980000078678131,0.2980000078678131,74300
2022-12-01,0.2980000078678131,0.328000009059906,0.2980000078678131,0.30000001192092896,24000
2022-12-02,0.30000001192092896,0.3019999861717224,0.30000001192092896,0.30000001192092896,78665
2022-12-05,0.3240000009536743,0.3799999952316284,0.30000001192092896,0.30000001192092896,326891
2022-12-06,0.30000001192092896,0.30000001192092896,0.2919999957084656,0.2919999957084656,30215
2022-12-07,0.28999999165534973,0.30000001192092896,0.28999999165534973,0.30000001192092896,26000
2022-12-08,0.30000001192092896,0.30000001192092896,0.30000001192092896,0.30000001192092896,11500
2022-12-09,0.30000001192092896,0.30000001192092896,0.28999999165534973,0.28999999165534973,26257
2022-12-12,0.2980000078678131,0.30000001192092896,0.28999999165534973,0.30000001192092896,120565
2022-12-13,0.3160000145435333,0.33000001311302185,0.3019999861717224,0.3019999861717224,28028
2022-12-14,0.3019999861717224,0.3019999861717224,0.2919999957084656,0.2919999957084656,10532
2022-12-15,0.2919999957084656,0.2980000078678131,0.28999999165534973,0.2980000078678131,55400
2022-12-16,0.2980000078678131,0.2980000078678131,0.2980000078678131,0.2980000078678131,5000
2022-12-19,0.2980000078678131,0.2980000078678131,0.28999999165534973,0.28999999165534973,33714
2022-12-20,0.2980000078678131,0.30000001192092896,0.2980000078678131,0.30000001192092896,75566
2022-12-21,0.30000001192092896,0.30000001192092896,0.30000001192092896,0.30000001192092896,0
2022-12-22,0.30000001192092896,0.30000001192092896,0.28999999165534973,0.28999999165534973,11149
2022-12-23,0.30000001192092896,0.30000001192092896,0.30000001192092896,0.30000001192092896,4831
2022-12-27,0.30000001192092896,0.30000001192092896,0.30000001192092896,0.30000001192092896,3200
2022-12-28,0.30000001192092896,0.328000009059906,0.30000001192092896,0.328000009059906,5000
2022-12-29,0.32600000500679016,0.32600000500679016,0.3019999861717224,0.32600000500679016,100725
2022-12-30,0.32600000500679016,0.3580000102519989,0.32600000500679016,0.3580000102519989,76229
2023-01-02,0.36000001430511475,0.36000001430511475,0.33000001311302185,0.33000001311302185,78957
2023-01-03,0.3580000102519989,0.3580000102519989,0.3100000023841858,0.3100000023841858,22730
2023-01-04,0.3100000023841858,0.3100000023841858,0.3019999861717224,0.3019999861717224,13878
2023-01-05,0.30399999022483826,0.30399999022483826,0.30399999022483826,0.30399999022483826,940
2023-01-09,0.3240000009536743,0.3240000009536743,0.3019999861717224,0.3240000009536743,10182
2023-01-10,0.3240000009536743,0.33000001311302185,0.3240000009536743,0.33000001311302185,14603
2023-01-11,0.33000001311302185,0.33000001311302185,0.28999999165534973,0.3179999887943268,56840
2023-01-12,0.29600000381469727,0.3059999942779541,0.2800000011920929,0.28999999165534973,50501
2023-01-13,0.2939999997615814,0.2939999997615814,0.28999999165534973,0.28999999165534973,8200
2023-01-16,0.28999999165534973,0.28999999165534973,0.27799999713897705,0.27799999713897705,9490
2023-01-17,0.2939999997615814,0.29600000381469727,0.2939999997615814,0.29600000381469727,6805
2023-01-18,0.29600000381469727,0.29600000381469727,0.29600000381469727,0.29600000381469727,0
2023-01-19,0.29600000381469727,0.2980000078678131,0.29600000381469727,0.2980000078678131,5000
2023-01-20,0.2980000078678131,0.2980000078678131,0.2980000078678131,0.2980000078678131,40
2023-01-23,0.2980000078678131,0.2980000078678131,0.2980000078678131,0.2980000078678131,0
2023-01-24,0.2980000078678131,0.2980000078678131,0.2980000078678131,0.2980000078678131,1020
2023-01-25,0.2980000078678131,0.2980000078678131,0.28999999165534973,0.28999999165534973,5500
2023-01-26,0.28999999165534973,0.28999999165534973,0.28999999165534973,0.28999999165534973,1500
2023-01-27,0.28999999165534973,0.28999999165534973,0.28999999165534973,0.28999999165534973,0
2023-01-30,0.28999999165534973,0.28999999165534973,0.28999999165534973,0.28999999165534973,0
2023-01-31,0.28999999165534973,0.28999999165534973,0.28999999165534973,0.28999999165534973,0
2023-02-01,0.28999999165534973,0.28999999165534973,0.28999999165534973,0.28999999165534973,0
2023-02-02,0.28999999165534973,0.28999999165534973,0.28999999165534973,0.28999999165534973,0
2023-02-03,0.28999999165534973,0.28999999165534973,0.28999999165534973,0.28999999165534973,0
2023-02-06,0.29600000381469727,0.29600000381469727,0.29600000381469727,0.29600000381469727,1200
2023-02-07,0.29600000381469727,0.29600000381469727,0.29600000381469727,0.29600000381469727,0
2023-02-08,0.29600000381469727,0.29600000381469727,0.29600000381469727,0.29600000381469727,0
2023-02-09,0.29600000381469727,0.33000001311302185,0.29600000381469727,0.32600000500679016,29910
2023-02-10,0.32600000500679016,0.33000001311302185,0.3019999861717224,0.328000009059906,44620
2023-02-13,0.32600000500679016,0.32600000500679016,0.32600000500679016,0.32600000500679016,50
2023-02-14,0.32600000500679016,0.32600000500679016,0.32600000500679016,0.32600000500679016,1365
2023-02-15,0.32600000500679016,0.33000001311302185,0.32600000500679016,0.33000001311302185,4993
2023-02-16,0.33000001311302185,0.33000001311302185,0.33000001311302185,0.33000001311302185,0
2023-02-17,0.328000009059906,0.33000001311302185,0.328000009059906,0.33000001311302185,395
2023-02-20,0.33000001311302185,0.33000001311302185,0.33000001311302185,0.33000001311302185,20
2023-02-21,0.33000001311302185,0.33000001311302185,0.30000001192092896,0.30000001192092896,14750
2023-02-22,0.30000001192092896,0.30000001192092896,0.2980000078678131,0.2980000078678131,2315
2023-02-23,0.2980000078678131,0.30000001192092896,0.2980000078678131,0.30000001192092896,15100
2023-02-24,0.30000001192092896,0.30000001192092896,0.30000001192092896,0.30000001192092896,4300
2023-02-27,0.30000001192092896,0.30000001192092896,0.28999999165534973,0.2980000078678131,6040
2023-02-28,0.2980000078678131,0.2980000078678131,0.2980000078678131,0.2980000078678131,0
2023-03-01,0.2980000078678131,0.2980000078678131,0.2980000078678131,0.2980000078678131,0
2023-03-02,0.30000001192092896,0.30000001192092896,0.28200000524520874,0.28200000524520874,21250
2023-03-03,0.2919999957084656,0.2980000078678131,0.2800000011920929,0.2980000078678131,5526
2023-03-06,0.2980000078678131,0.2980000078678131,0.2980000078678131,0.2980000078678131,0
2023-03-07,0.2800000011920929,0.28999999165534973,0.27000001072883606,0.28999999165534973,50250
2023-03-08,0.2680000066757202,0.28600001335144043,0.2680000066757202,0.28600001335144043,2906
2023-03-09,0.28600001335144043,0.28600001335144043,0.28600001335144043,0.28600001335144043,50
2023-03-10,0.26600000262260437,0.26600000262260437,0.24199999868869781,0.25999999046325684,346847
2023-03-13,0.257999986410141,0.25999999046325684,0.257999986410141,0.25999999046325684,780
2023-03-14,0.25999999046325684,0.25999999046325684,0.25,0.25,20050
2023-03-15,0.25,0.257999986410141,0.25,0.257999986410141,12510
2023-03-16,0.2460000067949295,0.257999986410141,0.2460000067949295,0.257999986410141,1099
2023-03-17,0.257999986410141,0.26600000262260437,0.257999986410141,0.26600000262260437,3613
2023-03-20,0.26600000262260437,0.27000001072883606,0.2639999985694885,0.2639999985694885,9704
2023-03-21,0.2619999945163727,0.2639999985694885,0.2619999945163727,0.2639999985694885,450
2023-03-22,0.2639999985694885,0.2639999985694885,0.24799999594688416,0.24799999594688416,6012
2023-03-23,0.24799999594688416,0.24799999594688416,0.24799999594688416,0.24799999594688416,0
2023-03-24,0.2619999945163727,0.2639999985694885,0.2619999945163727,0.2639999985694885,201
2023-03-27,0.2639999985694885,0.2639999985694885,0.2639999985694885,0.2639999985694885,40
2023-03-28,0.2639999985694885,0.2639999985694885,0.2639999985694885,0.2639999985694885,40
2023-03-29,0.2639999985694885,0.2639999985694885,0.2639999985694885,0.2639999985694885,2000
2023-03-30,0.2540000081062317,0.2639999985694885,0.2540000081062317,0.2639999985694885,5250
2023-03-31,0.2639999985694885,0.2639999985694885,0.2639999985694885,0.2639999985694885,40
2023-04-03,0.24799999594688416,0.257999986410141,0.23000000417232513,0.257999986410141,8970
2023-04-04,0.257999986410141,0.257999986410141,0.23999999463558197,0.257999986410141,8052
2023-04-05,0.257999986410141,0.257999986410141,0.24799999594688416,0.24799999594688416,1940
2023-04-06,0.24799999594688416,0.25200000405311584,0.2460000067949295,0.25,6639
2023-04-11,0.25,0.25,0.25,0.25,2500
2023-04-12,0.25,0.25,0.24799999594688416,0.24799999594688416,15100
2023-04-13,0.25,0.2540000081062317,0.25,0.2540000081062317,1976
2023-04-14,0.2540000081062317,0.2619999945163727,0.2540000081062317,0.2619999945163727,15500
2023-04-17,0.2619999945163727,0.27799999713897705,0.2619999945163727,0.27799999713897705,12937
2023-04-18,0.27799999713897705,0.27799999713897705,0.27799999713897705,0.27799999713897705,0
2023-04-19,0.27399998903274536,0.27399998903274536,0.27399998903274536,0.27399998903274536,50
2023-04-20,0.27399998903274536,0.27399998903274536,0.27399998903274536,0.27399998903274536,2000
2023-04-21,0.27399998903274536,0.27399998903274536,0.27399998903274536,0.27399998903274536,40
2023-04-24,0.27399998903274536,0.27399998903274536,0.23999999463558197,0.23999999463558197,13164
2023-04-25,0.23999999463558197,0.27000001072883606,0.23999999463558197,0.27000001072883606,11600
2023-04-26,0.27399998903274536,0.27399998903274536,0.27399998903274536,0.27399998903274536,40
2023-04-27,0.25,0.27399998903274536,0.25,0.2680000066757202,12103
2023-04-28,0.2680000066757202,0.2680000066757202,0.2680000066757202,0.2680000066757202,40
2023-05-02,0.2680000066757202,0.2680000066757202,0.2680000066757202,0.2680000066757202,40
2023-05-04,0.2680000066757202,0.2680000066757202,0.2680000066757202,0.2680000066757202,40
2023-05-05,0.2680000066757202,0.2680000066757202,0.2680000066757202,0.2680000066757202,40
2023-05-08,0.2680000066757202,0.2680000066757202,0.2680000066757202,0.2680000066757202,8340
2023-05-09,0.2680000066757202,0.2680000066757202,0.26600000262260437,0.26600000262260437,12647
2023-05-10,0.26600000262260437,0.2759999930858612,0.26600000262260437,0.2759999930858612,120452
2023-05-11,0.2460000067949295,0.2759999930858612,0.2460000067949295,0.25999999046325684,29404
2023-05-12,0.257999986410141,0.25999999046325684,0.2460000067949295,0.25999999046325684,17300
2023-05-15,0.257999986410141,0.257999986410141,0.2240000069141388,0.24400000274181366,67828
2023-05-16,0.2240000069141388,0.23800000548362732,0.20000000298023224,0.20000000298023224,24003
2023-05-17,0.20800000429153442,0.2160000056028366,0.17399999499320984,0.1940000057220459,260082
2023-05-18,0.1809999942779541,0.19300000369548798,0.16099999845027924,0.16300000250339508,191726
2023-05-19,0.1850000023841858,0.20800000429153442,0.17399999499320984,0.20800000429153442,181328
2023-05-22,0.19499999284744263,0.20000000298023224,0.18000000715255737,0.20000000298023224,39803
2023-05-23,0.18400000035762787,0.18400000035762787,0.18400000035762787,0.18400000035762787,8000
2023-05-24,0.18400000035762787,0.18400000035762787,0.18400000035762787,0.18400000035762787,0
2023-05-25,0.19599999487400055,0.19599999487400055,0.19599999487400055,0.19599999487400055,22
2023-05-26,0.19599999487400055,0.19599999487400055,0.19599999487400055,0.19599999487400055,0
2023-05-29,0.19599999487400055,0.20999999344348907,0.19599999487400055,0.20999999344348907,3400
2023-05-30,0.20600000023841858,0.20800000429153442,0.20600000023841858,0.20800000429153442,2500
2023-05-31,0.20600000023841858,0.2199999988079071,0.20600000023841858,0.2199999988079071,9681
2023-06-01,0.2199999988079071,0.2199999988079071,0.2199999988079071,0.2199999988079071,50
2023-06-02,0.20000000298023224,0.20200000703334808,0.20000000298023224,0.20000000298023224,1200
2023-06-05,0.19599999487400055,0.19599999487400055,0.19599999487400055,0.19599999487400055,38230
2023-06-06,0.19599999487400055,0.19599999487400055,0.1899999976158142,0.1899999976158142,10100
2023-06-07,0.1899999976158142,0.1899999976158142,0.1899999976158142,0.1899999976158142,6675
2023-06-09,0.1899999976158142,0.1899999976158142,0.1899999976158142,0.1899999976158142,0
2023-06-12,0.1899999976158142,0.1899999976158142,0.1899999976158142,0.1899999976158142,2000
2023-06-13,0.18400000035762787,0.1899999976158142,0.18400000035762787,0.1899999976158142,5478
2023-06-14,0.1899999976158142,0.1899999976158142,0.1899999976158142,0.1899999976158142,0
2023-06-15,0.1899999976158142,0.1899999976158142,0.1899999976158142,0.1899999976158142,0
2023-06-16,0.1899999976158142,0.1899999976158142,0.1899999976158142,0.1899999976158142,0
2023-06-19,0.20000000298023224,0.20999999344348907,0.20000000298023224,0.20999999344348907,200
2023-06-20,0.2160000056028366,0.21799999475479126,0.2160000056028366,0.21799999475479126,2709
2023-06-21,0.21400000154972076,0.21799999475479126,0.1940000057220459,0.21199999749660492,20166
2023-06-22,0.1979999989271164,0.20800000429153442,0.1979999989271164,0.20800000429153442,5001
2023-06-23,0.20000000298023224,0.21199999749660492,0.20000000298023224,0.21199999749660492,12301
2023-06-26,0.21199999749660492,0.21199999749660492,0.21199999749660492,0.21199999749660492,0
2023-06-27,0.20999999344348907,0.2160000056028366,0.20999999344348907,0.2160000056028366,201
2023-06-28,0.20000000298023224,0.20000000298023224,0.20000000298023224,0.20000000298023224,20399
2023-06-29,0.1979999989271164,0.20399999618530273,0.1979999989271164,0.20399999618530273,3500
2023-06-30,0.20399999618530273,0.20399999618530273,0.20399999618530273,0.20399999618530273,50
2023-07-03,0.20399999618530273,0.20399999618530273,0.1899999976158142,0.20399999618530273,5151
2023-07-04,0.1899999976158142,0.20399999618530273,0.1899999976158142,0.20399999618530273,101
2023-07-05,0.20000000298023224,0.20399999618530273,0.18700000643730164,0.20200000703334808,8303
2023-07-06,0.20200000703334808,0.20200000703334808,0.1809999942779541,0.19900000095367432,24299
2023-07-07,0.18000000715255737,0.19699999690055847,0.18000000715255737,0.19699999690055847,31863
2023-07-10,0.19599999487400055,0.19599999487400055,0.18000000715255737,0.1899999976158142,23050
2023-07-11,0.1899999976158142,0.1899999976158142,0.17900000512599945,0.18000000715255737,10436
2023-07-12,0.17499999701976776,0.1979999989271164,0.17499999701976776,0.1979999989271164,11639
2023-07-13,0.19599999487400055,0.19599999487400055,0.17399999499320984,0.18000000715255737,9260
2023-07-14,0.17399999499320984,0.1770000010728836,0.17399999499320984,0.1770000010728836,3100
2023-07-17,0.1770000010728836,0.19499999284744263,0.17399999499320984,0.19499999284744263,21064
2023-07-18,0.17499999701976776,0.1940000057220459,0.17499999701976776,0.1889999955892563,3951
2023-07-19,0.1899999976158142,0.19599999487400055,0.1899999976158142,0.19599999487400055,47899
2023-07-20,0.18799999356269836,0.19699999690055847,0.18799999356269836,0.19699999690055847,10001
2023-07-21,0.19699999690055847,0.20600000023841858,0.18799999356269836,0.20200000703334808,53300
2023-07-24,0.20200000703334808,0.20200000703334808,0.20200000703334808,0.20200000703334808,1480
2023-07-25,0.20200000703334808,0.21799999475479126,0.19499999284744263,0.21799999475479126,1000958
2023-07-26,0.20000000298023224,0.2160000056028366,0.1899999976158142,0.1979999989271164,108324
2023-07-27,0.19099999964237213,0.1979999989271164,0.1899999976158142,0.1979999989271164,12579
2023-07-28,0.1979999989271164,0.1979999989271164,0.1899999976158142,0.1899999976158142,10060
2023-07-31,0.1899999976158142,0.19699999690055847,0.1899999976158142,0.19599999487400055,10283
2023-08-01,0.19099999964237213,0.19599999487400055,0.19099999964237213,0.19599999487400055,14159
2023-08-02,0.19900000095367432,0.20000000298023224,0.19900000095367432,0.20000000298023224,18500
2023-08-03,0.20000000298023224,0.20800000429153442,0.20000000298023224,0.20800000429153442,9991
2023-08-04,0.20800000429153442,0.21199999749660492,0.20800000429153442,0.21199999749660492,17241
2023-08-07,0.20000000298023224,0.23600000143051147,0.20000000298023224,0.23600000143051147,51319
2023-08-08,0.23600000143051147,0.24400000274181366,0.2240000069141388,0.24400000274181366,17454
2023-08-09,0.24400000274181366,0.2460000067949295,0.23999999463558197,0.2460000067949295,93223
2023-08-10,0.23800000548362732,0.2460000067949295,0.23399999737739563,0.2460000067949295,49000
2023-08-11,0.2460000067949295,0.2460000067949295,0.2460000067949295,0.2460000067949295,3800
2023-08-14,0.23600000143051147,0.24799999594688416,0.20000000298023224,0.20999999344348907,165057
2023-08-16,0.2199999988079071,0.2199999988079071,0.1899999976158142,0.1899999976158142,25245
2023-08-17,0.18299999833106995,0.20000000298023224,0.18299999833106995,0.20000000298023224,20406
2023-08-18,0.1860000044107437,0.20000000298023224,0.1850000023841858,0.20000000298023224,23669
2023-08-21,0.20000000298023224,0.20800000429153442,0.18700000643730164,0.20800000429153442,19327
2023-08-22,0.20800000429153442,0.20800000429153442,0.20800000429153442,0.20800000429153442,50
2023-08-23,0.20399999618530273,0.20399999618530273,0.18799999356269836,0.20200000703334808,1201
2023-08-24,0.18199999630451202,0.1899999976158142,0.18000000715255737,0.18199999630451202,41898
2023-08-25,0.18799999356269836,0.1899999976158142,0.18799999356269836,0.1899999976158142,13149
2023-08-28,0.1899999976158142,0.19200000166893005,0.1770000010728836,0.19200000166893005,8002
2023-08-29,0.17800000309944153,0.18799999356269836,0.17800000309944153,0.18799999356269836,9999
2023-08-30,0.1899999976158142,0.1899999976158142,0.16200000047683716,0.17499999701976776,75863
2023-08-31,0.1599999964237213,0.16500000655651093,0.15399999916553497,0.16500000655651093,57608
2023-09-01,0.15600000321865082,0.16500000655651093,0.15600000321865082,0.16500000655651093,10001
2023-09-04,0.15600000321865082,0.15600000321865082,0.13600000739097595,0.14000000059604645,192306
2023-09-05,0.14000000059604645,0.14000000059604645,0.13199999928474426,0.13199999928474426,5750
2023-09-06,0.13899999856948853,0.14000000059604645,0.13899999856948853,0.14000000059604645,2917
2023-09-07,0.13899999856948853,0.13899999856948853,0.1340000033378601,0.13899999856948853,3300
2023-09-08,0.13899999856948853,0.14000000059604645,0.13699999451637268,0.13699999451637268,9395
2023-09-11,0.1379999965429306,0.1379999965429306,0.1379999965429306,0.1379999965429306,100
2023-09-12,0.1379999965429306,0.1599999964237213,0.11999999731779099,0.1599999964237213,273163
2023-09-13,0.1599999964237213,0.1599999964237213,0.12999999523162842,0.13199999928474426,172850
2023-09-14,0.15000000596046448,0.15000000596046448,0.13199999928474426,0.14300000667572021,5282
2023-09-15,0.1420000046491623,0.1420000046491623,0.125,0.13600000739097595,49328
2023-09-18,0.1340000033378601,0.13600000739097595,0.11999999731779099,0.13300000131130219,128643
2023-09-19,0.12300000339746475,0.13099999725818634,0.11800000071525574,0.12399999797344208,50557
2023-09-20,0.11999999731779099,0.13500000536441803,0.11999999731779099,0.12999999523162842,93375
2023-09-21,0.1289999932050705,0.1340000033378601,0.11900000274181366,0.1340000033378601,50900
2023-09-22,0.1289999932050705,0.12999999523162842,0.1289999932050705,0.12999999523162842,1000
2023-09-25,0.12999999523162842,0.12999999523162842,0.12999999523162842,0.12999999523162842,40819
2023-09-26,0.12999999523162842,0.12999999523162842,0.12999999523162842,0.12999999523162842,0
2023-09-27,0.12200000137090683,0.12800000607967377,0.11999999731779099,0.11999999731779099,125219
2023-09-28,0.11999999731779099,0.12700000405311584,0.11599999666213989,0.11599999666213989,128501
2023-09-29,0.11900000274181366,0.12700000405311584,0.11900000274181366,0.12700000405311584,13364
2023-10-02,0.11699999868869781,0.12600000202655792,0.11699999868869781,0.12600000202655792,73
2023-10-03,0.11800000071525574,0.11900000274181366,0.11599999666213989,0.11900000274181366,6735
2023-10-04,0.11599999666213989,0.11599999666213989,0.11599999666213989,0.11599999666213989,915
2023-10-05,0.11900000274181366,0.12399999797344208,0.11599999666213989,0.12399999797344208,6750
2023-10-06,0.12399999797344208,0.12399999797344208,0.12399999797344208,0.12399999797344208,100
2023-10-09,0.12399999797344208,0.12399999797344208,0.11599999666213989,0.11699999868869781,29611
2023-10-10,0.12300000339746475,0.12399999797344208,0.12300000339746475,0.12399999797344208,20200
2023-10-11,0.11699999868869781,0.125,0.11699999868869781,0.125,4072
2023-10-12,0.12399999797344208,0.13500000536441803,0.12399999797344208,0.13500000536441803,51448
2023-10-13,0.13500000536441803,0.14000000059604645,0.13500000536441803,0.14000000059604645,4587
2023-10-16,0.14000000059604645,0.15700000524520874,0.13199999928474426,0.1550000011920929,227826
2023-10-17,0.1550000011920929,0.164000004529953,0.12999999523162842,0.15000000596046448,75943
2023-10-18,0.15199999511241913,0.1679999977350235,0.15199999511241913,0.1679999977350235,353700
2023-10-19,0.17000000178813934,0.17000000178813934,0.15399999916553497,0.1599999964237213,28861
2023-10-20,0.1599999964237213,0.1599999964237213,0.15000000596046448,0.1599999964237213,10800
2023-10-23,0.15199999511241913,0.15199999511241913,0.1459999978542328,0.1459999978542328,9999
2023-10-24,0.14800000190734863,0.164000004529953,0.14800000190734863,0.164000004529953,5362
2023-10-25,0.16300000250339508,0.1720000058412552,0.16300000250339508,0.1720000058412552,10342
2023-10-26,0.17100000381469727,0.17100000381469727,0.17100000381469727,0.17100000381469727,150
2023-10-27,0.17100000381469727,0.17599999904632568,0.17100000381469727,0.17599999904632568,67482
2023-10-30,0.17599999904632568,0.17599999904632568,0.17599999904632568,0.17599999904632568,0
2023-10-31,0.17599999904632568,0.17599999904632568,0.1550000011920929,0.17599999904632568,15120
2023-11-02,0.15600000321865082,0.15600000321865082,0.15600000321865082,0.15600000321865082,367
2023-11-03,0.15800000727176666,0.17299999296665192,0.15800000727176666,0.17299999296665192,28041
2023-11-06,0.1550000011920929,0.16899999976158142,0.1509999930858612,0.16300000250339508,135102
2023-11-07,0.16300000250339508,0.164000004529953,0.1550000011920929,0.15600000321865082,120000
2023-11-08,0.15600000321865082,0.1589999943971634,0.15600000321865082,0.15800000727176666,60600
2023-11-09,0.1589999943971634,0.17000000178813934,0.1550000011920929,0.16899999976158142,70562
2023-11-10,0.16899999976158142,0.16899999976158142,0.16899999976158142,0.16899999976158142,0
2023-11-13,0.15299999713897705,0.1679999977350235,0.15299999713897705,0.1679999977350235,400
2023-11-14,0.16699999570846558,0.1679999977350235,0.1509999930858612,0.1679999977350235,30001
2023-11-15,0.1679999977350235,0.1679999977350235,0.1459999978542328,0.16500000655651093,34925
2023-11-16,0.16899999976158142,0.16899999976158142,0.15000000596046448,0.1589999943971634,60647
2023-11-17,0.15000000596046448,0.15800000727176666,0.13600000739097595,0.15199999511241913,61202
2023-11-20,0.15700000524520874,0.1589999943971634,0.14100000262260437,0.15700000524520874,14935
2023-11-21,0.1469999998807907,0.1469999998807907,0.125,0.13899999856948853,64504
2023-11-22,0.12999999523162842,0.13300000131130219,0.10400000214576721,0.10499999672174454,2412325
2023-11-23,0.10999999940395355,0.1120000034570694,0.10599999874830246,0.10700000077486038,511345
2023-11-24,0.10999999940395355,0.11699999868869781,0.10599999874830246,0.11699999868869781,271593
2023-11-27,0.11699999868869781,0.11900000274181366,0.10999999940395355,0.11599999666213989,32203
2023-11-28,0.11999999731779099,0.13199999928474426,0.11999999731779099,0.12999999523162842,426400
2023-11-29,0.12999999523162842,0.12999999523162842,0.12800000607967377,0.12999999523162842,33006
2023-11-30,0.1289999932050705,0.13600000739097595,0.1289999932050705,0.13600000739097595,107027
2023-12-01,0.13899999856948853,0.14300000667572021,0.13099999725818634,0.14300000667572021,3980
2023-12-04,0.13199999928474426,0.1420000046491623,0.12999999523162842,0.13899999856948853,12241
2023-12-05,0.13899999856948853,0.13899999856948853,0.13899999856948853,0.13899999856948853,3000
2023-12-06,0.13300000131130219,0.14499999582767487,0.12999999523162842,0.14000000059604645,71599
2023-12-07,0.14000000059604645,0.14300000667572021,0.12999999523162842,0.14100000262260437,16986
2023-12-08,0.14100000262260437,0.14100000262260437,0.14100000262260437,0.14100000262260437,7150
2023-12-11,0.14100000262260437,0.14100000262260437,0.14100000262260437,0.14100000262260437,0
2023-12-12,0.13199999928474426,0.13199999928474426,0.13199999928474426,0.13199999928474426,1
2023-12-13,0.13199999928474426,0.14000000059604645,0.11500000208616257,0.14000000059604645,13700
2023-12-14,0.1379999965429306,0.14100000262260437,0.1379999965429306,0.14100000262260437,401
2023-12-15,0.14100000262260437,0.14100000262260437,0.14100000262260437,0.14100000262260437,0
2023-12-18,0.13500000536441803,0.13899999856948853,0.12999999523162842,0.13899999856948853,40203
2023-12-19,0.1379999965429306,0.1379999965429306,0.1379999965429306,0.1379999965429306,1
2023-12-20,0.1379999965429306,0.1379999965429306,0.13699999451637268,0.13699999451637268,7303
2023-12-21,0.13699999451637268,0.13699999451637268,0.13699999451637268,0.13699999451637268,0
2023-12-22,0.13699999451637268,0.13899999856948853,0.13699999451637268,0.13899999856948853,297
2023-12-27,0.13099999725818634,0.14100000262260437,0.13099999725818634,0.14100000262260437,20727
2023-12-28,0.1420000046491623,0.1420000046491623,0.1420000046491623,0.1420000046491623,1002
2023-12-29,0.13099999725818634,0.1420000046491623,0.12999999523162842,0.1420000046491623,2600
2024-01-02,0.14000000059604645,0.14000000059604645,0.12999999523162842,0.12999999523162842,20340
2024-01-03,0.12999999523162842,0.14000000059604645,0.12999999523162842,0.14000000059604645,7299
2024-01-04,0.13899999856948853,0.13899999856948853,0.12999999523162842,0.12999999523162842,700
2024-01-05,0.1459999978542328,0.1459999978542328,0.14000000059604645,0.14000000059604645,12100
2024-01-08,0.14000000059604645,0.14000000059604645,0.14000000059604645,0.14000000059604645,0
2024-01-09,0.14000000059604645,0.14499999582767487,0.14000000059604645,0.14499999582767487,47062
2024-01-10,0.14499999582767487,0.14900000393390656,0.14499999582767487,0.14900000393390656,26559
2024-01-11,0.14800000190734863,0.14800000190734863,0.14800000190734863,0.14800000190734863,677
2024-01-12,0.14800000190734863,0.1599999964237213,0.14800000190734863,0.1599999964237213,24032
2024-01-15,0.15800000727176666,0.15800000727176666,0.15600000321865082,0.15600000321865082,26697
2024-01-16,0.15600000321865082,0.15600000321865082,0.15600000321865082,0.15600000321865082,2
2024-01-17,0.15600000321865082,0.15800000727176666,0.15600000321865082,0.15600000321865082,3340
2024-01-18,0.15600000321865082,0.15600000321865082,0.15600000321865082,0.15600000321865082,0
2024-01-19,0.15600000321865082,0.15600000321865082,0.15600000321865082,0.15600000321865082,100
2024-01-22,0.15000000596046448,0.15000000596046448,0.15000000596046448,0.15000000596046448,20
2024-01-23,0.15000000596046448,0.15000000596046448,0.15000000596046448,0.15000000596046448,0
2024-01-24,0.14100000262260437,0.14399999380111694,0.1379999965429306,0.14399999380111694,5070
2024-01-25,0.14399999380111694,0.14399999380111694,0.14399999380111694,0.14399999380111694,0
2024-01-26,0.14399999380111694,0.14399999380111694,0.14399999380111694,0.14399999380111694,0
2024-01-29,0.1469999998807907,0.14800000190734863,0.1469999998807907,0.14800000190734863,600
2024-01-30,0.14800000190734863,0.15000000596046448,0.14800000190734863,0.14900000393390656,1943
2024-01-31,0.14900000393390656,0.14900000393390656,0.14900000393390656,0.14900000393390656,16100
2024-02-01,0.14900000393390656,0.14900000393390656,0.14499999582767487,0.14900000393390656,6098
2024-02-02,0.14900000393390656,0.14900000393390656,0.14900000393390656,0.14900000393390656,2487
2024-02-05,0.14900000393390656,0.14900000393390656,0.14900000393390656,0.14900000393390656,18072
2024-02-06,0.14900000393390656,0.14900000393390656,0.14900000393390656,0.14900000393390656,100
2024-02-07,0.15000000596046448,0.15700000524520874,0.15000000596046448,0.15700000524520874,23951
2024-02-08,0.15700000524520874,0.15700000524520874,0.14100000262260437,0.15600000321865082,370
2024-02-09,0.14300000667572021,0.15700000524520874,0.14300000667572021,0.15600000321865082,8030
2024-02-12,0.15199999511241913,0.15299999713897705,0.15199999511241913,0.15299999713897705,40005
2024-02-13,0.15299999713897705,0.15299999713897705,0.15299999713897705,0.15299999713897705,0
2024-02-14,0.15299999713897705,0.15299999713897705,0.15299999713897705,0.15299999713897705,0
2024-02-15,0.14900000393390656,0.15700000524520874,0.1420000046491623,0.1550000011920929,164202
2024-02-16,0.14900000393390656,0.15700000524520874,0.14000000059604645,0.15700000524520874,188715
2024-02-19,0.15600000321865082,0.15700000524520874,0.15600000321865082,0.15700000524520874,240
2024-02-20,0.15700000524520874,0.15700000524520874,0.14499999582767487,0.14499999582767487,9300
2024-02-21,0.14499999582767487,0.1550000011920929,0.14499999582767487,0.1550000011920929,2100
2024-02-22,0.14499999582767487,0.15199999511241913,0.14399999380111694,0.15199999511241913,25001
2024-02-23,0.14000000059604645,0.14900000393390656,0.1379999965429306,0.14900000393390656,37873
2024-02-26,0.1379999965429306,0.14900000393390656,0.1379999965429306,0.14900000393390656,401
2024-02-27,0.14900000393390656,0.1550000011920929,0.14900000393390656,0.1550000011920929,198
2024-02-28,0.15399999916553497,0.15399999916553497,0.15399999916553497,0.15399999916553497,80
2024-02-29,0.1509999930858612,0.1509999930858612,0.1509999930858612,0.1509999930858612,100
2024-03-01,0.1509999930858612,0.1509999930858612,0.1509999930858612,0.1509999930858612,0
2024-03-04,0.1509999930858612,0.1599999964237213,0.1509999930858612,0.1599999964237213,71313
2024-03-05,0.1459999978542328,0.1599999964237213,0.1459999978542328,0.1599999964237213,14658
2024-03-06,0.1599999964237213,0.1599999964237213,0.1599999964237213,0.1599999964237213,0
2024-03-07,0.1599999964237213,0.1599999964237213,0.1599999964237213,0.1599999964237213,0
2024-03-08,0.15000000596046448,0.15000000596046448,0.15000000596046448,0.15000000596046448,1600
2024-03-11,0.1459999978542328,0.1469999998807907,0.1459999978542328,0.1469999998807907,2591
2024-03-12,0.1550000011920929,0.1550000011920929,0.14100000262260437,0.14100000262260437,16355
2024-03-13,0.1420000046491623,0.1599999964237213,0.1420000046491623,0.1599999964237213,13601
2024-03-14,0.1599999964237213,0.1599999964237213,0.1599999964237213,0.1599999964237213,0
2024-03-15,0.15700000524520874,0.1589999943971634,0.15700000524520874,0.1589999943971634,13167
2024-03-18,0.1599999964237213,0.1599999964237213,0.14100000262260437,0.1599999964237213,30900
2024-03-19,0.1589999943971634,0.16500000655651093,0.1589999943971634,0.1599999964237213,18774
2024-03-20,0.1599999964237213,0.1599999964237213,0.1599999964237213,0.1599999964237213,12537
2024-03-21,0.1550000011920929,0.16300000250339508,0.15199999511241913,0.16300000250339508,8475
2024-03-22,0.1599999964237213,0.1599999964237213,0.1599999964237213,0.1599999964237213,8100
2024-03-25,0.15199999511241913,0.164000004529953,0.15199999511241913,0.164000004529953,5349
2024-03-26,0.164000004529953,0.19900000095367432,0.164000004529953,0.1940000057220459,145120
2024-03-27,0.19499999284744263,0.28600001335144043,0.17299999296665192,0.28600001335144043,605604
2024-03-28,0.3100000023841858,0.36000001430511475,0.25200000405311584,0.28600001335144043,724721
2024-04-02,0.28600001335144043,0.3019999861717224,0.25,0.2759999930858612,400215
2024-04-03,0.28600001335144043,0.2980000078678131,0.2540000081062317,0.2800000011920929,144142
2024-04-04,0.2919999957084656,0.3059999942779541,0.26600000262260437,0.3059999942779541,112043
2024-04-05,0.2980000078678131,0.31200000643730164,0.2800000011920929,0.30000001192092896,47965
2024-04-08,0.3019999861717224,0.33799999952316284,0.27000001072883606,0.33799999952316284,152369
2024-04-09,0.335999995470047,0.39399999380111694,0.33000001311302185,0.39399999380111694,335414
2024-04-10,0.39399999380111694,0.49399998784065247,0.3779999911785126,0.4399999976158142,758960
2024-04-11,0.4399999976158142,0.4779999852180481,0.4000000059604645,0.42399999499320984,358122
2024-04-12,0.40400001406669617,0.42399999499320984,0.37400001287460327,0.38999998569488525,170782
2024-04-15,0.39800000190734863,0.4480000138282776,0.38999998569488525,0.414000004529953,111189
2024-04-16,0.3919999897480011,0.4399999976158142,0.35199999809265137,0.41600000858306885,138044
2024-04-17,0.38999998569488525,0.41200000047683716,0.3700000047683716,0.4059999883174896,25867
2024-04-18,0.3919999897480011,0.4059999883174896,0.3720000088214874,0.3919999897480011,45437
2024-04-19,0.3919999897480011,0.3959999978542328,0.34599998593330383,0.3580000102519989,34417
2024-04-22,0.3580000102519989,0.3799999952316284,0.3440000116825104,0.3720000088214874,24095
2024-04-23,0.3700000047683716,0.3720000088214874,0.3700000047683716,0.3720000088214874,5400
2024-04-24,0.3400000035762787,0.36000001430511475,0.33000001311302185,0.36000001430511475,1100
2024-04-25,0.35600000619888306,0.36399999260902405,0.35600000619888306,0.36399999260902405,430
2024-04-26,0.36000001430511475,0.3799999952316284,0.3199999928474426,0.3799999952316284,54231
2024-04-29,0.3659999966621399,0.3659999966621399,0.3319999873638153,0.3479999899864197,32875
2024-04-30,0.3479999899864197,0.3479999899864197,0.3199999928474426,0.3440000116825104,37883
2024-05-02,0.32199999690055847,0.3499999940395355,0.3019999861717224,0.3499999940395355,28712
2024-05-06,0.3499999940395355,0.41999998688697815,0.33000001311302185,0.41200000047683716,92211
2024-05-07,0.414000004529953,0.414000004529953,0.38999998569488525,0.4020000100135803,9300
2024-05-08,0.4000000059604645,0.4000000059604645,0.3919999897480011,0.3919999897480011,2203
2024-05-09,0.38600000739097595,0.4000000059604645,0.35600000619888306,0.4000000059604645,23657
2024-05-10,0.4059999883174896,0.4099999964237213,0.3659999966621399,0.38999998569488525,18263
2024-05-13,0.38999998569488525,0.38999998569488525,0.3619999885559082,0.3880000114440918,7576
2024-05-14,0.3880000114440918,0.40799999237060547,0.3880000114440918,0.40799999237060547,1421
2024-05-15,0.4099999964237213,0.41200000047683716,0.3700000047683716,0.4099999964237213,66424
2024-05-16,0.4000000059604645,0.40799999237060547,0.37599998712539673,0.40799999237060547,26560
2024-05-17,0.4099999964237213,0.4099999964237213,0.3319999873638153,0.36000001430511475,118439
2024-05-20,0.3880000114440918,0.3919999897480011,0.3479999899864197,0.38199999928474426,49561
2024-05-21,0.3779999911785126,0.3779999911785126,0.3779999911785126,0.3779999911785126,225
2024-05-22,0.37400001287460327,0.40799999237060547,0.37400001287460327,0.40799999237060547,28703
2024-05-23,0.40799999237060547,0.40799999237060547,0.40799999237060547,0.40799999237060547,135
2024-05-24,0.3700000047683716,0.40400001406669617,0.36399999260902405,0.40400001406669617,11029
2024-05-27,0.38999998569488525,0.4059999883174896,0.38999998569488525,0.4059999883174896,13085
2024-05-28,0.4059999883174896,0.40799999237060547,0.37599998712539673,0.3779999911785126,30153
2024-05-29,0.3779999911785126,0.4059999883174896,0.3700000047683716,0.3720000088214874,58342
2024-05-31,0.3919999897480011,0.39399999380111694,0.36800000071525574,0.39399999380111694,13331
2024-06-03,0.3919999897480011,0.4059999883174896,0.3919999897480011,0.4059999883174896,21828
2024-06-04,0.40799999237060547,0.421999990940094,0.37400001287460327,0.40400001406669617,18761
2024-06-05,0.40400001406669617,0.4099999964237213,0.3840000033378601,0.4099999964237213,24410
2024-06-06,0.4180000126361847,0.4180000126361847,0.4000000059604645,0.41200000047683716,4550
2024-06-07,0.41200000047683716,0.41200000047683716,0.3619999885559082,0.39399999380111694,23752
2024-06-10,0.3700000047683716,0.3919999897480011,0.3659999966621399,0.3919999897480011,6898
2024-06-11,0.3919999897480011,0.3919999897480011,0.3779999911785126,0.38999998569488525,1253
2024-06-12,0.3919999897480011,0.3959999978542328,0.38999998569488525,0.38999998569488525,17389
2024-06-13,0.3959999978542328,0.3959999978542328,0.3840000033378601,0.3959999978542328,650
2024-06-14,0.3799999952316284,0.39399999380111694,0.34200000762939453,0.3880000114440918,20366
2024-06-17,0.3880000114440918,0.3880000114440918,0.38600000739097595,0.3880000114440918,928
2024-06-18,0.3700000047683716,0.3880000114440918,0.36000001430511475,0.38600000739097595,10839
2024-06-19,0.3540000021457672,0.38199999928474426,0.32199999690055847,0.3240000009536743,45024
2024-06-20,0.32199999690055847,0.335999995470047,0.2919999957084656,0.33399999141693115,27855
2024-06-21,0.33799999952316284,0.33799999952316284,0.2939999997615814,0.33799999952316284,29591
2024-06-24,0.3019999861717224,0.3319999873638153,0.2879999876022339,0.3100000023841858,27482
2024-06-25,0.3100000023841858,0.3179999887943268,0.2980000078678131,0.3179999887943268,10100
2024-06-26,0.29600000381469727,0.3540000021457672,0.29600000381469727,0.35199999809265137,20000
2024-06-27,0.3019999861717224,0.3580000102519989,0.3019999861717224,0.35600000619888306,2926
2024-06-28,0.35600000619888306,0.35600000619888306,0.35600000619888306,0.35600000619888306,0
2024-07-01,0.30799999833106995,0.34599998593330383,0.3059999942779541,0.34599998593330383,4986
2024-07-02,0.30399999022483826,0.34200000762939453,0.30399999022483826,0.34200000762939453,1001
2024-07-03,0.34200000762939453,0.34200000762939453,0.3400000035762787,0.3400000035762787,700
2024-07-04,0.3400000035762787,0.3400000035762787,0.3400000035762787,0.3400000035762787,120
2024-07-05,0.3400000035762787,0.3400000035762787,0.3400000035762787,0.3400000035762787,50
2024-07-08,0.335999995470047,0.3479999899864197,0.33000001311302185,0.3479999899864197,9022
2024-07-09,0.3479999899864197,0.3499999940395355,0.33000001311302185,0.3499999940395355,10485
2024-07-10,0.3319999873638153,0.3400000035762787,0.2840000092983246,0.3240000009536743,65669
2024-07-11,0.3199999928474426,0.328000009059906,0.3199999928474426,0.328000009059906,2892
2024-07-12,0.328000009059906,0.34599998593330383,0.32600000500679016,0.34599998593330383,12269
2024-07-15,0.30799999833106995,0.3400000035762787,0.3059999942779541,0.335999995470047,12390
2024-07-16,0.30399999022483826,0.3319999873638153,0.30000001192092896,0.3179999887943268,8701
2024-07-17,0.30000001192092896,0.3140000104904175,0.30000001192092896,0.3140000104904175,5500
2024-07-18,0.28999999165534973,0.30799999833106995,0.28999999165534973,0.3059999942779541,15668
2024-07-19,0.3059999942779541,0.3059999942779541,0.2879999876022339,0.3059999942779541,13902
2024-07-22,0.2879999876022339,0.30000001192092896,0.2800000011920929,0.2800000011920929,12778
2024-07-23,0.2879999876022339,0.29600000381469727,0.2639999985694885,0.28999999165534973,7151
2024-07-24,0.28999999165534973,0.31200000643730164,0.28999999165534973,0.31200000643730164,14090
2024-07-25,0.30000001192092896,0.3179999887943268,0.2919999957084656,0.3179999887943268,5151
2024-07-26,0.3179999887943268,0.32600000500679016,0.3179999887943268,0.32600000500679016,4992
2024-07-29,0.3240000009536743,0.3499999940395355,0.2980000078678131,0.3499999940395355,37799
2024-07-30,0.3479999899864197,0.3479999899864197,0.30000001192092896,0.33000001311302185,33904
2024-07-31,0.33000001311302185,0.33000001311302185,0.33000001311302185,0.33000001311302185,101
2024-08-01,0.3100000023841858,0.328000009059906,0.2980000078678131,0.328000009059906,13559
2024-08-02,0.3019999861717224,0.3179999887943268,0.3019999861717224,0.3100000023841858,6347
2024-08-05,0.30000001192092896,0.30000001192092896,0.27000001072883606,0.29600000381469727,34376
2024-08-06,0.29600000381469727,0.29600000381469727,0.29600000381469727,0.29600000381469727,0
2024-08-07,0.27000001072883606,0.29600000381469727,0.27000001072883606,0.29600000381469727,426
2024-08-08,0.2939999997615814,0.29600000381469727,0.2939999997615814,0.29600000381469727,350
2024-08-09,0.29600000381469727,0.3100000023841858,0.29600000381469727,0.30799999833106995,3520
2024-08-12,0.30799999833106995,0.3199999928474426,0.30799999833106995,0.3199999928474426,240
2024-08-13,0.3199999928474426,0.3199999928474426,0.3199999928474426,0.3199999928474426,4350
2024-08-14,0.30799999833106995,0.328000009059906,0.30799999833106995,0.328000009059906,9100
2024-08-16,0.3179999887943268,0.3240000009536743,0.27799999713897705,0.31200000643730164,46100
2024-08-19,0.31200000643730164,0.31200000643730164,0.2980000078678131,0.30799999833106995,144947
2024-08-20,0.30000001192092896,0.30399999022483826,0.2980000078678131,0.30000001192092896,104571
2024-08-21,0.3019999861717224,0.3019999861717224,0.2800000011920929,0.2980000078678131,15801
2024-08-22,0.28999999165534973,0.28999999165534973,0.26600000262260437,0.2800000011920929,46571
2024-08-23,0.2800000011920929,0.2800000011920929,0.2800000011920929,0.2800000011920929,35
2024-08-26,0.2639999985694885,0.27399998903274536,0.22599999606609344,0.23000000417232513,84378
2024-08-27,0.24799999594688416,0.2639999985694885,0.24799999594688416,0.25600001215934753,26879
2024-08-28,0.25600001215934753,0.30799999833106995,0.25600001215934753,0.30799999833106995,46640
2024-08-29,0.30399999022483826,0.3160000145435333,0.2800000011920929,0.3160000145435333,52105
2024-08-30,0.3160000145435333,0.3179999887943268,0.28999999165534973,0.3059999942779541,22710
2024-09-02,0.28600001335144043,0.3019999861717224,0.27000001072883606,0.2919999957084656,36252
2024-09-03,0.28600001335144043,0.28600001335144043,0.2680000066757202,0.2840000092983246,13552
2024-09-04,0.2680000066757202,0.2879999876022339,0.2680000066757202,0.2879999876022339,4951
2024-09-05,0.2879999876022339,0.2879999876022339,0.2879999876022339,0.2879999876022339,0
2024-09-06,0.2840000092983246,0.2840000092983246,0.2840000092983246,0.2840000092983246,1001
2024-09-09,0.2840000092983246,0.2840000092983246,0.2840000092983246,0.2840000092983246,0
2024-09-10,0.2800000011920929,0.2800000011920929,0.2800000011920929,0.2800000011920929,50
2024-09-11,0.2759999930858612,0.27799999713897705,0.25999999046325684,0.27799999713897705,6950
2024-09-12,0.2759999930858612,0.28999999165534973,0.2759999930858612,0.28999999165534973,2300
2024-09-13,0.28999999165534973,0.28999999165534973,0.28999999165534973,0.28999999165534973,0
2024-09-16,0.28999999165534973,0.28999999165534973,0.28999999165534973,0.28999999165534973,0
2024-09-17,0.28999999165534973,0.28999999165534973,0.28999999165534973,0.28999999165534973,0
2024-09-18,0.27000001072883606,0.28999999165534973,0.27000001072883606,0.28999999165534973,5201
2024-09-19,0.28999999165534973,0.30000001192092896,0.25999999046325684,0.30000001192092896,56502
2024-09-20,0.29600000381469727,0.2980000078678131,0.29600000381469727,0.2980000078678131,2899
2024-09-23,0.26600000262260437,0.2939999997615814,0.2639999985694885,0.28999999165534973,7426
2024-09-24,0.2919999957084656,0.2919999957084656,0.2919999957084656,0.2919999957084656,50
2024-09-25,0.2919999957084656,0.2919999957084656,0.2919999957084656,0.2919999957084656,0
2024-09-26,0.27000001072883606,0.2879999876022339,0.27000001072883606,0.2879999876022339,1001
2024-09-27,0.2720000147819519,0.2720000147819519,0.27000001072883606,0.27000001072883606,4550
2024-09-30,0.27000001072883606,0.27000001072883606,0.25,0.257999986410141,41874
2024-10-01,0.257999986410141,0.257999986410141,0.257999986410141,0.257999986410141,50
2024-10-02,0.257999986410141,0.257999986410141,0.257999986410141,0.257999986410141,40
2024-10-03,0.257999986410141,0.257999986410141,0.25200000405311584,0.257999986410141,3540
2024-10-04,0.25200000405311584,0.2680000066757202,0.25200000405311584,0.257999986410141,4894
2024-10-07,0.257999986410141,0.257999986410141,0.25200000405311584,0.257999986410141,1575
2024-10-08,0.25,0.27000001072883606,0.24199999868869781,0.27000001072883606,78446
2024-10-09,0.27000001072883606,0.27000001072883606,0.27000001072883606,0.27000001072883606,0
2024-10-10,0.2680000066757202,0.27000001072883606,0.2680000066757202,0.27000001072883606,8481
2024-10-11,0.25,0.2800000011920929,0.25,0.27799999713897705,12071
2024-10-14,0.27399998903274536,0.30000001192092896,0.27000001072883606,0.30000001192092896,21806
2024-10-15,0.30000001192092896,0.30000001192092896,0.30000001192092896,0.30000001192092896,50
2024-10-16,0.30000001192092896,0.30000001192092896,0.30000001192092896,0.30000001192092896,40
2024-10-17,0.30000001192092896,0.30000001192092896,0.27399998903274536,0.30000001192092896,960
2024-10-18,0.30000001192092896,0.30000001192092896,0.30000001192092896,0.30000001192092896,50
2024-10-21,0.30000001192092896,0.30000001192092896,0.2460000067949295,0.2759999930858612,39078
2024-10-22,0.27399998903274536,0.27399998903274536,0.23800000548362732,0.2720000147819519,10060
2024-10-23,0.23999999463558197,0.27000001072883606,0.23999999463558197,0.27000001072883606,2276
2024-10-24,0.2460000067949295,0.2639999985694885,0.24400000274181366,0.2639999985694885,8466
2024-10-25,0.25,0.25999999046325684,0.23999999463558197,0.25999999046325684,7926
2024-10-28,0.2540000081062317,0.25999999046325684,0.23999999463558197,0.25999999046325684,2041
2024-10-29,0.23999999463558197,0.2639999985694885,0.23999999463558197,0.2639999985694885,4727
2024-10-30,0.2639999985694885,0.2639999985694885,0.2639999985694885,0.2639999985694885,0
2024-10-31,0.2639999985694885,0.2639999985694885,0.2639999985694885,0.2639999985694885,0
2024-11-04,0.25,0.2619999945163727,0.24799999594688416,0.25,7121
2024-11-05,0.24799999594688416,0.24799999594688416,0.24400000274181366,0.24400000274181366,5833
2024-11-06,0.24400000274181366,0.24400000274181366,0.24400000274181366,0.24400000274181366,10250
2024-11-07,0.24400000274181366,0.24400000274181366,0.24400000274181366,0.24400000274181366,50
2024-11-08,0.24400000274181366,0.25,0.23399999737739563,0.25,4804
2024-11-12,0.23199999332427979,0.24799999594688416,0.23199999332427979,0.24799999594688416,7721
2024-11-13,0.24799999594688416,0.24799999594688416,0.24799999594688416,0.24799999594688416,45
2024-11-14,0.24799999594688416,0.29600000381469727,0.24799999594688416,0.2759999930858612,60466
2024-11-15,0.2759999930858612,0.2759999930858612,0.2759999930858612,0.2759999930858612,450
2024-11-18,0.27399998903274536,0.27399998903274536,0.27399998903274536,0.27399998903274536,50
2024-11-19,0.27399998903274536,0.27399998903274536,0.27399998903274536,0.27399998903274536,0
2024-11-20,0.25999999046325684,0.27000001072883606,0.25999999046325684,0.27000001072883606,1400
2024-11-21,0.25600001215934753,0.27000001072883606,0.25600001215934753,0.27000001072883606,379
2024-11-22,0.25600001215934753,0.2680000066757202,0.23600000143051147,0.2680000066757202,10001
2024-11-25,0.25999999046325684,0.2639999985694885,0.25999999046325684,0.2639999985694885,1040
2024-11-26,0.2639999985694885,0.2639999985694885,0.2639999985694885,0.2639999985694885,0
2024-11-27,0.2639999985694885,0.2639999985694885,0.2639999985694885,0.2639999985694885,0
2024-11-28,0.25999999046325684,0.25999999046325684,0.25999999046325684,0.25999999046325684,3040
2024-11-29,0.25999999046325684,0.2759999930858612,0.25999999046325684,0.2759999930858612,28520
2024-12-02,0.25,0.27399998903274536,0.25,0.27399998903274536,6200
2024-12-03,0.27399998903274536,0.2759999930858612,0.27399998903274536,0.2759999930858612,4000
2024-12-04,0.27399998903274536,0.2759999930858612,0.27399998903274536,0.27399998903274536,6000
2024-12-05,0.2639999985694885,0.27399998903274536,0.25200000405311584,0.27399998903274536,3211
2024-12-06,0.25600001215934753,0.27399998903274536,0.25,0.27399998903274536,14756
2024-12-09,0.2720000147819519,0.27399998903274536,0.2720000147819519,0.27399998903274536,600
2024-12-10,0.25999999046325684,0.2759999930858612,0.25999999046325684,0.2759999930858612,21000
2024-12-11,0.257999986410141,0.2759999930858612,0.257999986410141,0.2759999930858612,4500
2024-12-12,0.2759999930858612,0.2759999930858612,0.2759999930858612,0.2759999930858612,0
2024-12-13,0.27399998903274536,0.27399998903274536,0.26600000262260437,0.26600000262260437,16522
2024-12-16,0.27399998903274536,0.2840000092983246,0.2680000066757202,0.2840000092983246,33282
2024-12-17,0.2840000092983246,0.2840000092983246,0.2840000092983246,0.2840000092983246,0
2024-12-18,0.2840000092983246,0.2840000092983246,0.2800000011920929,0.28200000524520874,21304
2024-12-19,0.28200000524520874,0.30000001192092896,0.2800000011920929,0.30000001192092896,28060
2024-12-20,0.30000001192092896,0.30000001192092896,0.30000001192092896,0.30000001192092896,40
2024-12-23,0.30000001192092896,0.30000001192092896,0.2800000011920929,0.30000001192092896,19751
2024-12-27,0.2800000011920929,0.3160000145435333,0.2759999930858612,0.2800000011920929,29563
2024-12-30,0.2800000011920929,0.2800000011920929,0.2619999945163727,0.2800000011920929,3881
2025-01-02,0.257999986410141,0.30000001192092896,0.257999986410141,0.30000001192092896,20601
2025-01-03,0.3179999887943268,0.3179999887943268,0.30000001192092896,0.30000001192092896,1784
2025-01-07,0.2800000011920929,0.30000001192092896,0.2800000011920929,0.30000001192092896,21
2025-01-08,0.30000001192092896,0.30000001192092896,0.2800000011920929,0.2800000011920929,7824
2025-01-09,0.2800000011920929,0.28999999165534973,0.27000001072883606,0.27000001072883606,14388
2025-01-10,0.28999999165534973,0.30000001192092896,0.2800000011920929,0.30000001192092896,6572
2025-01-13,0.2980000078678131,0.32600000500679016,0.2980000078678131,0.32600000500679016,5873
2025-01-14,0.30399999022483826,0.30399999022483826,0.28999999165534973,0.28999999165534973,26859
2025-01-15,0.28999999165534973,0.29600000381469727,0.28999999165534973,0.29600000381469727,8000
2025-01-16,0.28999999165534973,0.2939999997615814,0.28999999165534973,0.2939999997615814,5256
2025-01-17,0.28999999165534973,0.2939999997615814,0.28600001335144043,0.28600001335144043,7002
2025-01-20,0.2939999997615814,0.30000001192092896,0.28600001335144043,0.2980000078678131,23161
2025-01-21,0.29600000381469727,0.30000001192092896,0.28999999165534973,0.2980000078678131,18242
2025-01-22,0.2980000078678131,0.30000001192092896,0.2980000078678131,0.30000001192092896,1500
2025-01-23,0.2980000078678131,0.30000001192092896,0.28999999165534973,0.30000001192092896,10512
2025-01-24,0.30000001192092896,0.30000001192092896,0.2800000011920929,0.2939999997615814,180601
2025-01-27,0.28999999165534973,0.29600000381469727,0.25999999046325684,0.29600000381469727,126500
2025-01-28,0.2720000147819519,0.27399998903274536,0.27000001072883606,0.27399998903274536,11145
2025-01-29,0.27399998903274536,0.27399998903274536,0.27399998903274536,0.27399998903274536,0
2025-01-30,0.28999999165534973,0.29600000381469727,0.2800000011920929,0.29600000381469727,9146
2025-01-31,0.2879999876022339,0.2879999876022339,0.2879999876022339,0.2879999876022339,5000
2025-02-03,0.2879999876022339,0.2879999876022339,0.27399998903274536,0.27399998903274536,125279
2025-02-04,0.27399998903274536,0.27399998903274536,0.27399998903274536,0.27399998903274536,5320
2025-02-05,0.27399998903274536,0.27399998903274536,0.25999999046325684,0.25999999046325684,29600
2025-02-06,0.25999999046325684,0.25999999046325684,0.25999999046325684,0.25999999046325684,0
2025-02-07,0.2720000147819519,0.27399998903274536,0.2720000147819519,0.27399998903274536,200
2025-02-10,0.27000001072883606,0.2720000147819519,0.25600001215934753,0.2720000147819519,129851
2025-02-11,0.2680000066757202,0.27000001072883606,0.2460000067949295,0.25600001215934753,325148
2025-02-12,0.25600001215934753,0.2680000066757202,0.25200000405311584,0.2680000066757202,45191
2025-02-13,0.2680000066757202,0.2680000066757202,0.2540000081062317,0.25999999046325684,18651
2025-02-14,0.25200000405311584,0.25999999046325684,0.25,0.2540000081062317,28311
2025-02-17,0.2540000081062317,0.2540000081062317,0.23000000417232513,0.23000000417232513,36803
2025-02-18,0.23800000548362732,0.23999999463558197,0.23000000417232513,0.23000000417232513,17850
2025-02-19,0.23399999737739563,0.23999999463558197,0.23399999737739563,0.23999999463558197,817
2025-02-20,0.23999999463558197,0.25200000405311584,0.23999999463558197,0.25200000405311584,11001
2025-02-21,0.23999999463558197,0.25200000405311584,0.2240000069141388,0.23600000143051147,665320
2025-02-24,0.23999999463558197,0.23999999463558197,0.23600000143051147,0.23600000143051147,9890
2025-02-25,0.24799999594688416,0.24799999594688416,0.23600000143051147,0.23600000143051147,4725
2025-02-26,0.23199999332427979,0.23199999332427979,0.23000000417232513,0.23000000417232513,15000
2025-02-27,0.24199999868869781,0.24199999868869781,0.23999999463558197,0.23999999463558197,53650
2025-02-28,0.24799999594688416,0.30000001192092896,0.24799999594688416,0.30000001192092896,142227
2025-03-03,0.2980000078678131,0.2980000078678131,0.27399998903274536,0.29600000381469727,7945
2025-03-04,0.27399998903274536,0.2939999997615814,0.27399998903274536,0.28999999165534973,3202
2025-03-05,0.28999999165534973,0.335999995470047,0.28999999165534973,0.3199999928474426,339499
2025-03-06,0.3179999887943268,0.3179999887943268,0.28200000524520874,0.30799999833106995,13003
2025-03-07,0.3100000023841858,0.3140000104904175,0.28999999165534973,0.31200000643730164,13202
2025-03-10,0.28200000524520874,0.31200000643730164,0.28200000524520874,0.30799999833106995,22192
2025-03-11,0.30000001192092896,0.30399999022483826,0.30000001192092896,0.30399999022483826,6145
2025-03-12,0.28999999165534973,0.3059999942779541,0.28600001335144043,0.3059999942779541,1100
2025-03-13,0.3059999942779541,0.3059999942779541,0.3059999942779541,0.3059999942779541,0
2025-03-14,0.30000001192092896,0.3059999942779541,0.30000001192092896,0.3059999942779541,3000
2025-03-17,0.3059999942779541,0.3059999942779541,0.3059999942779541,0.3059999942779541,2
2025-03-18,0.30000001192092896,0.30000001192092896,0.30000001192092896,0.30000001192092896,50
2025-03-19,0.30000001192092896,0.30000001192092896,0.30000001192092896,0.30000001192092896,0
2025-03-20,0.28600001335144043,0.30399999022483826,0.28600001335144043,0.30399999022483826,2501
2025-03-21,0.30000001192092896,0.30000001192092896,0.30000001192092896,0.30000001192092896,50
2025-03-24,0.28999999165534973,0.2980000078678131,0.25200000405311584,0.2980000078678131,994908
2025-03-25,0.29600000381469727,0.29600000381469727,0.29600000381469727,0.29600000381469727,8509
2025-03-26,0.28999999165534973,0.28999999165534973,0.26600000262260437,0.28999999165534973,25960
2025-03-27,0.28999999165534973,0.30000001192092896,0.2800000011920929,0.30000001192092896,11238
2025-03-28,0.2800000011920929,0.2980000078678131,0.2639999985694885,0.2980000078678131,28058
2025-03-31,0.27000001072883606,0.2919999957084656,0.2680000066757202,0.2919999957084656,3901
2025-04-01,0.28999999165534973,0.28999999165534973,0.28999999165534973,0.28999999165534973,400
2025-04-02,0.28999999165534973,0.28999999165534973,0.28999999165534973,0.28999999165534973,0
2025-04-03,0.28999999165534973,0.28999999165534973,0.28999999165534973,0.28999999165534973,0
2025-04-04,0.28999999165534973,0.28999999165534973,0.28999999165534973,0.28999999165534973,0
2025-04-07,0.2750000059604645,0.27799999713897705,0.25,0.27799999713897705,49901
2025-04-08,0.27000001072883606,0.27000001072883606,0.27000001072883606,0.27000001072883606,5843
2025-04-09,0.27000001072883606,0.27000001072883606,0.27000001072883606,0.27000001072883606,0
2025-04-10,0.27000001072883606,0.2750000059604645,0.27000001072883606,0.27000001072883606,2197
2025-04-11,0.2750000059604645,0.28999999165534973,0.2750000059604645,0.2750000059604645,1606
2025-04-14,0.2750000059604645,0.29600000381469727,0.2750000059604645,0.2849999964237213,590
2025-04-15,0.2939999997615814,0.2939999997615814,0.27000001072883606,0.29100000858306885,6452
2025-04-16,0.25999999046325684,0.29100000858306885,0.25999999046325684,0.29100000858306885,1601
2025-04-17,0.25999999046325684,0.28999999165534973,0.25999999046325684,0.28999999165534973,5491
2025-04-22,0.28999999165534973,0.28999999165534973,0.28999999165534973,0.28999999165534973,0
2025-04-23,0.28999999165534973,0.28999999165534973,0.26499998569488525,0.289000004529953,100180
2025-04-24,0.289000004529953,0.289000004529953,0.289000004529953,0.289000004529953,0
2025-04-25,0.27000001072883606,0.27000001072883606,0.27000001072883606,0.27000001072883606,545
2025-04-28,0.27000001072883606,0.27000001072883606,0.27000001072883606,0.27000001072883606,0
2025-04-29,0.2800000011920929,0.29499998688697815,0.2800000011920929,0.29499998688697815,656
2025-04-30,0.29499998688697815,0.29499998688697815,0.29499998688697815,0.29499998688697815,0
2025-05-02,0.29499998688697815,0.29499998688697815,0.29499998688697815,0.29499998688697815,0
2025-05-05,0.29499998688697815,0.29499998688697815,0.29499998688697815,0.29499998688697815,0
2025-05-06,0.29600000381469727,0.29600000381469727,0.29499998688697815,0.29499998688697815,141
2025-05-07,0.2939999997615814,0.2939999997615814,0.2939999997615814,0.2939999997615814,2
2025-05-08,0.2939999997615814,0.2939999997615814,0.2939999997615814,0.2939999997615814,60
2025-05-09,0.29499998688697815,0.29499998688697815,0.29499998688697815,0.29499998688697815,1047
2025-05-12,0.29499998688697815,0.29499998688697815,0.29499998688697815,0.29499998688697815,100
2025-05-13,0.29499998688697815,0.29499998688697815,0.29499998688697815,0.29499998688697815,0
2025-05-14,0.29499998688697815,0.29499998688697815,0.29499998688697815,0.29499998688697815,0
2025-05-15,0.29499998688697815,0.29499998688697815,0.29499998688697815,0.29499998688697815,0
2025-05-16,0.2770000100135803,0.289000004529953,0.26499998569488525,0.289000004529953,1956
2025-05-19,0.289000004529953,0.289000004529953,0.289000004529953,0.289000004529953,0
2025-05-20,0.25999999046325684,0.2809999883174896,0.25,0.2759999930858612,90534
2025-05-21,0.27399998903274536,0.27399998903274536,0.25,0.2619999945163727,34739
2025-05-22,0.25200000405311584,0.25200000405311584,0.2460000067949295,0.25,3383
2025-05-23,0.25,0.2630000114440918,0.25,0.2630000114440918,9419
2025-05-26,0.2529999911785126,0.2619999945163727,0.2529999911785126,0.2619999945163727,201
2025-05-27,0.257999986410141,0.257999986410141,0.257999986410141,0.257999986410141,1000
2025-05-28,0.2529999911785126,0.2540000081062317,0.25,0.25,61500
2025-05-29,0.25,0.25,0.2409999966621399,0.25,7900
2025-05-30,0.2529999911785126,0.25699999928474426,0.2529999911785126,0.25699999928474426,990
2025-06-02,0.23999999463558197,0.25600001215934753,0.23999999463558197,0.25600001215934753,801
2025-06-03,0.25600001215934753,0.25600001215934753,0.25600001215934753,0.25600001215934753,1
2025-06-04,0.25600001215934753,0.25600001215934753,0.25600001215934753,0.25600001215934753,0
2025-06-05,0.25200000405311584,0.2680000066757202,0.24199999868869781,0.2680000066757202,222518
2025-06-06,0.24799999594688416,0.26600000262260437,0.24400000274181366,0.2590000033378601,132037
2025-06-09,0.2590000033378601,0.25999999046325684,0.25,0.25200000405311584,316375
2025-06-10,0.2540000081062317,0.25999999046325684,0.24500000476837158,0.2590000033378601,21508
2025-06-11,0.2590000033378601,0.2590000033378601,0.257999986410141,0.2590000033378601,906
2025-06-12,0.2590000033378601,0.2590000033378601,0.25,0.25,20278
2025-06-13,0.257999986410141,0.2590000033378601,0.24799999594688416,0.2590000033378601,18474
2025-06-16,0.2590000033378601,0.2590000033378601,0.2590000033378601,0.2590000033378601,90
2025-06-17,0.2590000033378601,0.2590000033378601,0.24699999392032623,0.2590000033378601,10896
2025-06-18,0.2630000114440918,0.2630000114440918,0.2630000114440918,0.2630000114440918,1
2025-06-20,0.2619999945163727,0.2619999945163727,0.25999999046325684,0.25999999046325684,5294
2025-06-23,0.2619999945163727,0.2680000066757202,0.2460000067949295,0.2549999952316284,13502
2025-06-24,0.2549999952316284,0.25999999046325684,0.2549999952316284,0.25999999046325684,500
2025-06-25,0.24799999594688416,0.2590000033378601,0.24799999594688416,0.2590000033378601,15001
2025-06-26,0.25,0.2590000033378601,0.2460000067949295,0.257999986410141,44191
2025-06-27,0.2590000033378601,0.2590000033378601,0.2590000033378601,0.2590000033378601,1
2025-06-30,0.257999986410141,0.257999986410141,0.24799999594688416,0.257999986410141,13751
2025-07-01,0.257999986410141,0.2770000100135803,0.24699999392032623,0.26899999380111694,353161
2025-07-02,0.2460000067949295,0.26600000262260437,0.2460000067949295,0.26600000262260437,9187
2025-07-03,0.26600000262260437,0.26600000262260437,0.26600000262260437,0.26600000262260437,0
2025-07-04,0.2639999985694885,0.26499998569488525,0.2639999985694885,0.26499998569488525,100
2025-07-07,0.2619999945163727,0.2639999985694885,0.2619999945163727,0.2639999985694885,4250
2025-07-08,0.26100000739097595,0.26100000739097595,0.26100000739097595,0.26100000739097595,50
2025-07-09,0.26100000739097595,0.27000001072883606,0.26100000739097595,0.26899999380111694,632
2025-07-10,0.2680000066757202,0.2680000066757202,0.2680000066757202,0.2680000066757202,40
2025-07-11,0.25,0.2669999897480011,0.25,0.26600000262260437,1142
2025-07-14,0.2529999911785126,0.26499998569488525,0.25200000405311584,0.26100000739097595,8430
2025-07-15,0.26100000739097595,0.26100000739097595,0.24300000071525574,0.25200000405311584,19000
2025-07-16,0.24699999392032623,0.257999986410141,0.24300000071525574,0.257999986410141,3640
2025-07-17,0.24400000274181366,0.2549999952316284,0.24400000274181366,0.2549999952316284,300
2025-07-18,0.2549999952316284,0.2590000033378601,0.2460000067949295,0.2590000033378601,3669
2025-07-21,0.24699999392032623,0.24699999392032623,0.24699999392032623,0.24699999392032623,1
2025-07-22,0.24699999392032623,0.24699999392032623,0.24699999392032623,0.24699999392032623,0
2025-07-23,0.2590000033378601,0.26899999380111694,0.2460000067949295,0.26899999380111694,10140
2025-07-24,0.26899999380111694,0.26899999380111694,0.26899999380111694,0.26899999380111694,20
2025-07-25,0.2639999985694885,0.27399998903274536,0.2639999985694885,0.27399998903274536,739
2025-07-28,0.27399998903274536,0.2750000059604645,0.24699999392032623,0.24899999797344208,3049
2025-07-29,0.27399998903274536,0.27399998903274536,0.2709999978542328,0.2709999978542328,755
2025-07-30,0.2669999897480011,0.2770000100135803,0.2669999897480011,0.2770000100135803,14957
2025-07-31,0.2759999930858612,0.2759999930858612,0.2750000059604645,0.2750000059604645,1640
2025-08-01,0.2750000059604645,0.2750000059604645,0.2750000059604645,0.2750000059604645,100
2025-08-04,0.2750000059604645,0.29600000381469727,0.2750000059604645,0.29600000381469727,800
2025-08-05,0.28999999165534973,0.28999999165534973,0.2770000100135803,0.2770000100135803,2000
2025-08-06,0.2759999930858612,0.2759999930858612,0.24899999797344208,0.26899999380111694,4555
2025-08-07,0.2680000066757202,0.26899999380111694,0.2680000066757202,0.26899999380111694,625
2025-08-08,0.26899999380111694,0.26899999380111694,0.26899999380111694,0.26899999380111694,450
2025-08-11,0.26899999380111694,0.2750000059604645,0.26899999380111694,0.2709999978542328,977
2025-08-12,0.2709999978542328,0.2750000059604645,0.2709999978542328,0.2750000059604645,1240
2025-08-13,0.27300000190734863,0.27300000190734863,0.27300000190734863,0.27300000190734863,300
2025-08-14,0.27300000190734863,0.28299999237060547,0.25699999928474426,0.28200000524520874,29402
2025-08-18,0.28200000524520874,0.33000001311302185,0.26600000262260437,0.28200000524520874,148374
2025-08-19,0.3179999887943268,0.3179999887943268,0.2840000092983246,0.31200000643730164,63677
2025-08-20,0.30000001192092896,0.30000001192092896,0.2809999883174896,0.29600000381469727,27096
2025-08-21,0.296999990940094,0.2980000078678131,0.2809999883174896,0.296999990940094,2601
2025-08-22,0.2919999957084656,0.29899999499320984,0.2919999957084656,0.29899999499320984,4490
2025-08-25,0.29899999499320984,0.3059999942779541,0.2809999883174896,0.2980000078678131,89300
2025-08-26,0.2980000078678131,0.2980000078678131,0.2980000078678131,0.2980000078678131,0
2025-08-27,0.2980000078678131,0.2980000078678131,0.2980000078678131,0.2980000078678131,0
2025-08-28,0.2980000078678131,0.2980000078678131,0.2980000078678131,0.2980000078678131,0
2025-08-29,0.2980000078678131,0.2980000078678131,0.2980000078678131,0.2980000078678131,0
2025-09-01,1.4900000095367432,1.4900000095367432,1.4900000095367432,1.4900000095367432,0
2025-09-02,1.4900000095367432,1.4900000095367432,1.4900000095367432,1.4900000095367432,0
2025-09-03,1.4900000095367432,1.4900000095367432,1.4900000095367432,1.4900000095367432,0
2025-09-04,1.4900000095367432,1.4900000095367432,1.4900000095367432,1.4900000095367432,0
2025-09-05,1.4900000095367432,1.4900000095367432,1.4900000095367432,1.4900000095367432,0
2025-09-08,1.2200000286102295,1.6399999856948853,1.2200000286102295,1.5199999809265137,17455
2025-09-09,1.5149999856948853,1.5499999523162842,1.399999976158142,1.5399999618530273,4867
2025-09-10,1.5399999618530273,1.5449999570846558,1.3700000047683716,1.475000023841858,5487
2025-09-11,1.350000023841858,1.5,1.3200000524520874,1.5,3142
2025-09-12,1.3700000047683716,1.4900000095367432,1.3700000047683716,1.3849999904632568,61009
2025-09-15,1.3849999904632568,1.4900000095367432,1.3849999904632568,1.4900000095367432,1045
2025-09-16,1.4900000095367432,1.4900000095367432,1.399999976158142,1.4800000190734863,595
2025-09-17,1.399999976158142,1.4800000190734863,1.3700000047683716,1.3700000047683716,876
2025-09-18,1.409999966621399,1.4700000286102295,1.350000023841858,1.440000057220459,340
2025-09-19,1.350000023841858,1.440000057220459,1.3250000476837158,1.434999942779541,2196
2025-09-22,1.434999942779541,1.434999942779541,1.3300000429153442,1.4299999475479126,1121
2025-09-23,1.399999976158142,1.4299999475479126,1.399999976158142,1.4299999475479126,8127
2025-09-24,1.399999976158142,1.4249999523162842,1.340000033378601,1.3949999809265137,1310
2025-09-25,1.3949999809265137,1.5,1.3450000286102295,1.399999976158142,1963
2025-09-26,1.4700000286102295,1.4700000286102295,1.4700000286102295,1.4700000286102295,74
2025-09-29,1.4700000286102295,1.4700000286102295,1.3650000095367432,1.3650000095367432,924
2025-09-30,1.3700000047683716,1.3700000047683716,1.3700000047683716,1.3700000047683716,725
2025-10-01,1.3799999952316284,1.3799999952316284,1.3700000047683716,1.3799999952316284,554
2025-10-02,1.340000033378601,1.340000033378601,1.340000033378601,1.340000033378601,1570
2025-10-03,1.340000033378601,1.4199999570846558,1.340000033378601,1.4199999570846558,1032
2025-10-06,1.434999942779541,1.434999942779541,1.4199999570846558,1.4199999570846558,360
2025-10-07,1.4199999570846558,1.4199999570846558,1.3700000047683716,1.3700000047683716,53
2025-10-08,1.2999999523162842,1.5,1.2649999856948853,1.5,18180
2025-10-09,1.5,1.5,1.3849999904632568,1.4600000381469727,4787
2025-10-10,1.3949999809265137,1.4450000524520874,1.3949999809265137,1.4450000524520874,3708
2025-10-13,1.399999976158142,1.399999976158142,1.3899999856948853,1.3899999856948853,714
2025-10-14,1.440000057220459,1.440000057220459,1.3899999856948853,1.3899999856948853,663
2025-10-15,1.3700000047683716,1.4450000524520874,1.3700000047683716,1.4450000524520874,3196
2025-10-16,1.4450000524520874,1.4500000476837158,1.3799999952316284,1.4500000476837158,1346
2025-10-17,1.434999942779541,1.5,1.4299999475479126,1.5,15594
2025-10-20,1.409999966621399,1.4800000190734863,1.409999966621399,1.4800000190734863,5929
2025-10-21,1.4550000429153442,1.4800000190734863,1.409999966621399,1.4800000190734863,10281
2025-10-22,1.4800000190734863,1.4800000190734863,1.4800000190734863,1.4800000190734863,0
2025-10-23,1.4700000286102295,1.4700000286102295,1.4199999570846558,1.4199999570846558,6049
2025-10-24,1.4600000381469727,1.4900000095367432,1.4600000381469727,1.4900000095367432,8768
2025-10-27,1.4800000190734863,1.4800000190734863,1.399999976158142,1.4600000381469727,2250
2025-10-28,1.399999976158142,1.399999976158142,1.3899999856948853,1.3899999856948853,1526
2025-10-29,1.440000057220459,1.440000057220459,1.440000057220459,1.440000057220459,10
2025-10-30,1.440000057220459,1.440000057220459,1.3899999856948853,1.4299999475479126,380
2025-10-31,1.3899999856948853,1.434999942779541,1.3899999856948853,1.3949999809265137,4060
2025-11-03,1.4249999523162842,1.4249999523162842,1.4249999523162842,1.4249999523162842,60
2025-11-04,1.4500000476837158,1.465000033378601,1.3899999856948853,1.4249999523162842,4710
2025-11-05,1.4249999523162842,1.4249999523162842,1.4249999523162842,1.4249999523162842,0
2025-11-06,1.4249999523162842,1.4249999523162842,1.3700000047683716,1.3700000047683716,410
2025-11-07,1.3600000143051147,1.3650000095367432,1.2699999809265137,1.3650000095367432,8168
2025-11-10,1.3700000047683716,1.3700000047683716,1.3700000047683716,1.3700000047683716,50
2025-11-12,1.3700000047683716,1.3700000047683716,1.315000057220459,1.3650000095367432,112
2025-11-13,1.3650000095367432,1.3650000095367432,1.2799999713897705,1.3300000429153442,3810
2025-11-14,1.2999999523162842,1.3350000381469727,1.2799999713897705,1.3350000381469727,3843
2025-11-17,1.2799999713897705,1.2899999618530273,1.2799999713897705,1.2799999713897705,8077
2025-11-18,1.2799999713897705,1.2949999570846558,1.25,1.25,1726
2025-11-19,1.2999999523162842,1.2999999523162842,1.25,1.25,809
2025-11-20,1.2999999523162842,1.2999999523162842,1.2200000286102295,1.2200000286102295,987
2025-11-21,1.2699999809265137,1.2799999713897705,1.2699999809265137,1.2799999713897705,139
2025-11-24,1.2200000286102295,1.2799999713897705,1.2200000286102295,1.2799999713897705,371
2025-11-25,1.2799999713897705,1.2799999713897705,1.2200000286102295,1.2799999713897705,2107
2025-11-26,1.184999942779541,1.184999942779541,1.1799999475479126,1.184999942779541,2391
2025-11-27,1.2699999809265137,1.274999976158142,1.2699999809265137,1.274999976158142,393
2025-11-28,1.274999976158142,1.274999976158142,1.25,1.25,430
2025-12-01,1.2549999952316284,1.2549999952316284,1.2549999952316284,1.2549999952316284,50
2025-12-02,1.2599999904632568,1.315000057220459,1.2599999904632568,1.309999942779541,3884
2025-12-03,1.315000057220459,1.315000057220459,1.2200000286102295,1.2200000286102295,910
2025-12-04,1.2400000095367432,1.2400000095367432,1.2200000286102295,1.2200000286102295,44
2025-12-05,1.2400000095367432,1.2400000095367432,1.2400000095367432,1.2400000095367432,10
2025-12-08,1.2699999809265137,1.3049999475479126,1.2699999809265137,1.3049999475479126,230
2025-12-09,1.2599999904632568,1.2999999523162842,1.2599999904632568,1.2999999523162842,1085
2025-12-10,1.2999999523162842,1.3300000429153442,1.2200000286102295,1.2999999523162842,11249
2025-12-11,1.2949999570846558,1.2999999523162842,1.2000000476837158,1.2999999523162842,5606
2025-12-12,1.25,1.309999942779541,1.2300000190734863,1.2300000190734863,334
2025-12-15,1.2999999523162842,1.2999999523162842,1.225000023841858,1.225000023841858,347
2025-12-16,1.225000023841858,1.225000023841858,1.225000023841858,1.225000023841858,0
2025-12-17,1.2899999618530273,1.2899999618530273,1.2899999618530273,1.2899999618530273,19
2025-12-18,1.2899999618530273,1.2899999618530273,1.2899999618530273,1.2899999618530273,0
2025-12-19,1.2699999809265137,1.2699999809265137,1.2699999809265137,1.2699999809265137,51
2025-12-22,1.2699999809265137,1.2699999809265137,1.25,1.25,15010
2025-12-23,1.2400000095367432,1.2799999713897705,1.2300000190734863,1.2799999713897705,1498
2025-12-29,1.274999976158142,1.2949999570846558,1.2300000190734863,1.2949999570846558,253
2025-12-30,1.2999999523162842,1.2999999523162842,1.2799999713897705,1.2999999523162842,2292
2026-01-02,1.2799999713897705,1.3250000476837158,1.2599999904632568,1.3250000476837158,1401
2026-01-05,1.2599999904632568,1.3250000476837158,1.2599999904632568,1.3250000476837158,1910
2026-01-07,1.340000033378601,1.350000023841858,1.3250000476837158,1.350000023841858,891
2026-01-08,1.350000023841858,1.350000023841858,1.2799999713897705,1.350000023841858,40
2026-01-09,1.350000023841858,1.3700000047683716,1.315000057220459,1.315000057220459,11437
2026-01-12,1.315000057220459,1.315000057220459,1.315000057220459,1.315000057220459,0
2026-01-13,1.3700000047683716,1.3700000047683716,1.3700000047683716,1.3700000047683716,424
2026-01-14,1.3799999952316284,1.3799999952316284,1.3799999952316284,1.3799999952316284,43
2026-01-15,1.315000057220459,1.350000023841858,1.309999942779541,1.350000023841858,3025
2026-01-16,1.350000023841858,1.350000023841858,1.350000023841858,1.350000023841858,0
2026-01-19,1.340000033378601,1.340000033378601,1.2999999523162842,1.2999999523162842,365
2026-01-20,1.2799999713897705,1.3300000429153442,1.2799999713897705,1.2799999713897705,22
2026-01-21,1.2799999713897705,1.3200000524520874,1.2599999904632568,1.3200000524520874,415
2026-01-22,1.3200000524520874,1.3200000524520874,1.3200000524520874,1.3200000524520874,0
2026-01-23,1.2599999904632568,1.3200000524520874,1.2599999904632568,1.3200000524520874,473
2026-01-26,1.3300000429153442,1.3300000429153442,1.2400000095367432,1.315000057220459,1789
2026-01-27,1.2400000095367432,1.2599999904632568,1.190000057220459,1.2450000047683716,3775
2026-01-28,1.2350000143051147,1.2549999952316284,1.2350000143051147,1.2549999952316284,1100
2026-01-29,1.2649999856948853,1.2649999856948853,1.149999976158142,1.2000000476837158,1504
2026-01-30,1.2000000476837158,1.2000000476837158,1.0,1.1349999904632568,10836
2026-02-02,1.100000023841858,1.1050000190734863,1.0199999809265137,1.1050000190734863,2229
2026-02-03,1.1050000190734863,1.1050000190734863,1.024999976158142,1.100000023841858,619
2026-02-04,1.0199999809265137,1.1749999523162842,1.0199999809265137,1.1749999523162842,4090
2026-02-05,1.1699999570846558,1.2200000286102295,1.1299999952316284,1.2200000286102295,4277
2026-02-06,1.2200000286102295,1.2200000286102295,1.149999976158142,1.149999976158142,153
2026-02-09,1.2200000286102295,1.2400000095367432,1.2200000286102295,1.2400000095367432,1526
2026-02-10,1.2400000095367432,1.2400000095367432,1.1649999618530273,1.2350000143051147,114
2026-02-11,1.25,1.25,1.25,1.25,382
2026-02-12,1.1799999475479126,1.1799999475479126,1.1799999475479126,1.1799999475479126,20
2026-02-13,1.2450000047683716,1.2899999618530273,1.1799999475479126,1.284999966621399,6411
2026-02-16,1.284999966621399,1.284999966621399,1.25,1.25,878
2026-02-17,1.25,1.25,1.2400000095367432,1.2400000095367432,392
2026-02-18,1.2899999618530273,1.2899999618530273,1.2000000476837158,1.2699999809265137,722
2026-02-19,1.2699999809265137,1.2699999809265137,1.2699999809265137,1.2699999809265137,0
2026-02-20,1.2000000476837158,1.2000000476837158,1.2000000476837158,1.2000000476837158,1
2026-02-23,1.2100000381469727,1.2100000381469727,1.2000000476837158,1.2000000476837158,1725
2026-02-24,1.2000000476837158,1.2000000476837158,1.190000057220459,1.190000057220459,1600
2026-02-25,1.2100000381469727,1.2200000286102295,1.2100000381469727,1.2200000286102295,694
2026-02-26,1.2100000381469727,1.2100000381469727,1.2100000381469727,1.2100000381469727,25
2026-02-27,1.190000057220459,1.190000057220459,1.1699999570846558,1.1699999570846558,100
2026-03-02,1.159999966621399,1.159999966621399,1.159999966621399,1.159999966621399,10
2026-03-03,1.159999966621399,1.159999966621399,1.1100000143051147,1.1100000143051147,3290
2026-03-04,1.149999976158142,1.149999976158142,1.100000023841858,1.100000023841858,2507
2026-03-05,1.159999966621399,1.1649999618530273,1.159999966621399,1.1649999618530273,1268
2026-03-06,1.1649999618530273,1.1649999618530273,1.149999976158142,1.149999976158142,2317
2026-03-09,1.149999976158142,1.1799999475479126,1.149999976158142,1.1799999475479126,368
2026-03-10,1.159999966621399,1.190000057220459,1.1549999713897705,1.190000057220459,119
2026-03-11,1.159999966621399,1.159999966621399,1.100000023841858,1.1100000143051147,2851
2026-03-12,1.1299999952316284,1.1299999952316284,1.1299999952316284,1.1299999952316284,10
2026-03-13,1.1299999952316284,1.1299999952316284,1.1299999952316284,1.1299999952316284,57
2026-03-16,1.1100000143051147,1.1100000143051147,1.1100000143051147,1.1100000143051147,40
2026-03-17,1.1100000143051147,1.1100000143051147,1.1100000143051147,1.1100000143051147,10
2026-03-18,1.1100000143051147,1.1100000143051147,1.1100000143051147,1.1100000143051147,403
2026-03-19,1.1100000143051147,1.149999976158142,1.1100000143051147,1.149999976158142,90
2026-03-20,1.149999976158142,1.149999976158142,1.149999976158142,1.149999976158142,0
2026-03-23,1.149999976158142,1.149999976158142,1.149999976158142,1.149999976158142,0
2026-03-24,1.149999976158142,1.149999976158142,1.149999976158142,1.149999976158142,2
2026-03-25,1.1100000143051147,1.1100000143051147,1.1100000143051147,1.1100000143051147,102
2026-03-26,1.1100000143051147,1.149999976158142,1.1100000143051147,1.149999976158142,302
2026-03-27,1.1100000143051147,1.1100000143051147,1.1100000143051147,1.1100000143051147,200
2026-03-30,1.1100000143051147,1.1100000143051147,1.1100000143051147,1.1100000143051147,100
2026-03-31,1.1100000143051147,1.1100000143051147,1.1100000143051147,1.1100000143051147,10
2026-04-01,1.1100000143051147,1.1100000143051147,1.1100000143051147,1.1100000143051147,10
2026-04-02,1.1399999856948853,1.1399999856948853,1.100000023841858,1.100000023841858,36
2026-04-07,1.1399999856948853,1.5,1.1399999856948853,1.2400000095367432,6927
2026-04-08,1.2400000095367432,1.2999999523162842,1.1799999475479126,1.1799999475479126,864
2026-04-09,1.2400000095367432,1.2400000095367432,1.159999966621399,1.159999966621399,893
2026-04-10,1.2300000190734863,1.2300000190734863,1.1799999475479126,1.2200000286102295,44
2026-04-13,1.2200000286102295,1.350000023841858,1.2200000286102295,1.25,13693
2026-04-14,1.25,1.340000033378601,1.25,1.340000033378601,2799
2026-04-15,1.3300000429153442,1.4199999570846558,1.3300000429153442,1.399999976158142,6601
2026-04-16,1.4199999570846558,1.4199999570846558,1.340000033378601,1.340000033378601,2965
2026-04-17,1.409999966621399,1.4199999570846558,1.350000023841858,1.350000023841858,124
2026-04-20,1.409999966621399,1.409999966621399,1.340000033378601,1.3600000143051147,818
2026-04-21,1.350000023841858,1.399999976158142,1.340000033378601,1.3899999856948853,466
2026-04-22,1.2699999809265137,1.399999976158142,1.2699999809265137,1.3700000047683716,3683
2026-04-23,1.350000023841858,1.350000023841858,1.350000023841858,1.350000023841858,17
2026-04-24,1.350000023841858,1.350000023841858,1.2599999904632568,1.340000033378601,274
2026-04-27,1.340000033378601,1.340000033378601,1.2599999904632568,1.340000033378601,69
2026-04-28,1.3300000429153442,1.340000033378601,1.2599999904632568,1.340000033378601,3871
2026-04-29,1.350000023841858,1.350000023841858,1.350000023841858,1.350000023841858,95
2026-04-30,1.350000023841858,1.350000023841858,1.350000023841858,1.350000023841858,12
2026-05-04,1.350000023841858,1.350000023841858,1.2799999713897705,1.350000023841858,1015
2026-05-05,1.350000023841858,1.350000023841858,1.2799999713897705,1.2799999713897705,3288
2026-05-06,1.3600000143051147,1.3600000143051147,1.350000023841858,1.350000023841858,33
2026-05-07,1.350000023841858,1.350000023841858,1.2999999523162842,1.350000023841858,1717
2026-05-08,1.2799999713897705,1.340000033378601,1.2799999713897705,1.340000033378601,2649
2026-05-11,1.340000033378601,1.340000033378601,1.25,1.25,1073
2026-05-12,1.2899999618530273,1.350000023841858,1.2899999618530273,1.350000023841858,2208
2026-05-13,1.350000023841858,1.350000023841858,1.350000023841858,1.350000023841858,118
2026-05-14,1.350000023841858,1.350000023841858,1.2899999618530273,1.350000023841858,41
2026-05-15,1.309999942779541,1.350000023841858,1.309999942779541,1.350000023841858,16
2026-05-18,1.2899999618530273,1.340000033378601,1.25,1.309999942779541,1403
2026-05-19,1.309999942779541,1.309999942779541,1.309999942779541,1.309999942779541,12
2026-05-20,1.309999942779541,1.309999942779541,1.25,1.25,62
2026-05-21,1.309999942779541,1.309999942779541,1.309999942779541,1.309999942779541,3
2026-05-22,1.309999942779541,1.309999942779541,1.309999942779541,1.309999942779541,37
2026-05-25,1.309999942779541,1.309999942779541,1.2999999523162842,1.2999999523162842,37
2026-05-26,1.309999942779541,1.340000033378601,1.2599999904632568,1.2599999904632568,1463
2026-05-27,1.25,1.3200000524520874,1.25,1.2699999809265137,56
2026-05-28,1.2699999809265137,1.3200000524520874,1.2699999809265137,1.3200000524520874,117
2026-05-29,1.2699999809265137,1.340000033378601,1.2599999904632568,1.340000033378601,161
2026-06-01,1.340000033378601,1.340000033378601,1.25,1.25,255
2026-06-02,1.340000033378601,1.340000033378601,1.3300000429153442,1.3300000429153442,315
2026-06-03,1.25,1.3200000524520874,1.25,1.25,95
2026-06-05,1.3300000429153442,1.3300000429153442,1.25,1.2599999904632568,511
2026-06-08,1.2599999904632568,1.399999976158142,1.2599999904632568,1.3899999856948853,11602
2026-06-09,1.3899999856948853,1.399999976158142,1.25,1.399999976158142,28016
2026-06-10,1.2699999809265137,1.440000057220459,1.2699999809265137,1.440000057220459,5026
2026-06-11,1.350000023841858,1.440000057220459,1.340000033378601,1.440000057220459,535
2026-06-12,1.4199999570846558,1.4199999570846558,1.3200000524520874,1.399999976158142,47462
2026-06-15,1.399999976158142,1.399999976158142,1.399999976158142,1.399999976158142,2511
2026-06-16,1.399999976158142,1.4500000476837158,1.399999976158142,1.4500000476837158,22280
2026-06-17,1.4500000476837158,1.4500000476837158,1.4500000476837158,1.4500000476837158,1416
2026-06-18,1.4500000476837158,1.5,1.4199999570846558,1.5,10522
2026-06-19,1.4900000095367432,1.4900000095367432,1.409999966621399,1.4900000095367432,1467
2026-06-22,1.4900000095367432,1.4900000095367432,1.399999976158142,1.4900000095367432,1979
2026-06-23,1.4900000095367432,1.4900000095367432,1.4199999570846558,1.4900000095367432,375
2026-06-24,1.4900000095367432,1.4900000095367432,1.4299999475479126,1.4299999475479126,6753
2026-06-25,1.4700000286102295,1.4700000286102295,1.1799999475479126,1.2699999809265137,16776
2026-06-26,1.3600000143051147,1.399999976158142,1.2899999618530273,1.399999976158142,5183
2026-06-29,1.4199999570846558,1.4199999570846558,1.340000033378601,1.340000033378601,1235
2026-06-30,1.4199999570846558,1.4500000476837158,1.3300000429153442,1.3300000429153442,6249
2026-07-01,1.3799999952316284,1.3799999952316284,1.149999976158142,1.350000023841858,7378
2026-07-02,1.350000023841858,1.4800000190734863,1.350000023841858,1.3600000143051147,7345
2026-07-03,1.3600000143051147,1.4900000095367432,1.350000023841858,1.440000057220459,17907
2026-07-06,1.4900000095367432,1.4900000095367432,1.3799999952316284,1.3799999952316284,22447
2026-07-07,1.2899999618530273,1.3899999856948853,1.2699999809265137,1.3899999856948853,1468
2026-07-08,1.3899999856948853,1.3899999856948853,1.3899999856948853,1.3899999856948853,531
2026-07-09,1.399999976158142,1.399999976158142,1.2599999904632568,1.399999976158142,18164
2026-07-10,1.3899999856948853,1.3899999856948853,1.3300000429153442,1.3799999952316284,1665
2026-07-13,1.3799999952316284,1.3799999952316284,1.3200000524520874,1.3200000524520874,3512
2026-07-14,1.3799999952316284,1.3799999952316284,1.2999999523162842,1.3700000047683716,2645
2026-07-15,1.3700000047683716,1.3700000047683716,1.3700000047683716,1.3700000047683716,16
2026-07-16,1.309999942779541,1.3700000047683716,1.2999999523162842,1.3700000047683716,3627
2026-07-17,1.309999942779541,1.3799999952316284,1.309999942779541,1.3799999952316284,8410
2026-07-20,1.309999942779541,1.3799999952316284,1.2999999523162842,1.3700000047683716,7108
2026-07-21,1.2999999523162842,1.340000033378601,1.2100000381469727,1.340000033378601,6402
2026-07-22,1.2799999713897705,1.2799999713897705,1.2799999713897705,1.2799999713897705,133
2026-07-23,1.340000033378601,1.340000033378601,1.340000033378601,1.340000033378601,200
2026-07-24,1.3300000429153442,1.3799999952316284,1.2799999713897705,1.3799999952316284,2780
2026-07-27,1.3700000047683716,1.3700000047683716,1.2999999523162842,1.2999999523162842,324
2026-07-28,1.3799999952316284,1.3799999952316284,1.2999999523162842,1.2999999523162842,5472
2026-07-29,1.3300000429153442,1.350000023841858,1.3200000524520874,1.3200000524520874,1326
2026-07-30,1.350000023841858,1.4800000190734863,1.3300000429153442,1.4700000286102295,3416
2026-07-31,1.4700000286102295,1.4900000095367432,1.350000023841858,1.4700000286102295,6073
2026-08-03,1.4500000476837158,1.590000033378601,1.4500000476837158,1.590000033378601,7292
2026-08-04,1.590000033378601,1.590000033378601,1.4600000381469727,1.590000033378601,343
2026-08-05,1.590000033378601,1.590000033378601,1.4700000286102295,1.5,4943
2026-08-06,1.5800000429153442,1.5800000429153442,1.5199999809265137,1.5800000429153442,1382
2026-08-07,1.5800000429153442,1.6299999952316284,1.5399999618530273,1.6299999952316284,8231
2026-08-10,1.7000000476837158,1.7000000476837158,1.6100000143051147,1.7000000476837158,4696
2026-08-11,1.7300000190734863,1.7300000190734863,1.6100000143051147,1.7300000190734863,11420
2026-08-12,1.7799999713897705,1.899999976158142,1.7300000190734863,1.899999976158142,11604
2026-08-13,1.899999976158142,1.940000057220459,1.850000023841858,1.940000057220459,11600
2026-08-14,1.940000057220459,1.940000057220459,1.75,1.7799999713897705,4257
2026-08-17,1.7799999713897705,1.7799999713897705,1.6200000047683716,1.7000000476837158,6176
2026-08-18,1.7000000476837158,1.7200000286102295,1.6399999856948853,1.7200000286102295,2764
2026-08-19,1.7400000095367432,1.7400000095367432,1.6100000143051147,1.6100000143051147,4008
2026-08-20,1.7000000476837158,1.7000000476837158,1.5700000524520874,1.590000033378601,7574
2026-08-21,1.6799999475479126,1.6799999475479126,1.559999942779541,1.6299999952316284,4224
2026-08-24,1.559999942779541,1.6299999952316284,1.5299999713897705,1.6100000143051147,664
2026-08-25,1.6299999952316284,1.7000000476837158,1.6299999952316284,1.690000057220459,4839
2026-08-26,1.690000057220459,1.690000057220459,1.6100000143051147,1.690000057220459,520
2026-08-27,1.690000057220459,1.690000057220459,1.600000023841858,1.690000057220459,492
2026-08-28,1.7000000476837158,1.7000000476837158,1.600000023841858,1.7000000476837158,5
2026-08-31,1.7000000476837158,1.7000000476837158,1.600000023841858,1.7000000476837158,730
2026-09-01,1.600000023841858,1.7000000476837158,1.600000023841858,1.600000023841858,3474
2026-09-02,1.600000023841858,1.6799999475479126,1.5199999809265137,1.600000023841858,1228
2026-09-03,1.6799999475479126,1.6799999475479126,1.5299999713897705,1.6799999475479126,1258
2026-09-04,1.5399999618530273,1.659999966621399,1.5,1.649999976158142,5572
2026-09-08,1.6100000143051147,1.649999976158142,1.600000023841858,1.649999976158142,2925
2026-09-09,1.649999976158142,1.649999976158142,1.649999976158142,1.649999976158142,136
2026-09-10,1.5800000429153442,1.5800000429153442,1.4800000190734863,1.559999942779541,7312
2026-09-11,1.559999942779541,1.559999942779541,1.559999942779541,1.559999942779541,106
2026-09-14,1.559999942779541,1.5700000524520874,1.5,1.5,1570
2026-09-15,1.5,1.5,1.4199999570846558,1.4500000476837158,3838
