date,open,high,low,close,volume
2021-09-17,3.690000057220459,3.7100000381469727,3.450000047683716,3.7100000381469727,25920
2021-09-20,3.75,3.8299999237060547,3.700000047683716,3.799999952316284,32219
2021-09-21,3.819999933242798,3.819999933242798,3.690000057220459,3.75,4278
2021-09-22,3.809999942779541,3.890000104904175,3.75,3.8399999141693115,3430
2021-09-23,3.880000114440918,3.880000114440918,3.5999999046325684,3.630000114440918,3680
2021-09-24,3.7699999809265137,3.7699999809265137,3.7699999809265137,3.7699999809265137,2
2021-09-27,3.640000104904175,3.740000009536743,3.609999895095825,3.640000104904175,5100
2021-09-28,3.5999999046325684,3.7200000286102295,3.5999999046325684,3.7200000286102295,4748
2021-09-29,3.740000009536743,3.740000009536743,3.5999999046325684,3.7200000286102295,6569
2021-09-30,3.7300000190734863,3.7300000190734863,3.5999999046325684,3.7200000286102295,2345
2021-10-01,3.7200000286102295,3.7300000190734863,3.700000047683716,3.7300000190734863,3391
2021-10-04,3.7300000190734863,3.9700000286102295,3.7300000190734863,3.950000047683716,14253
2021-10-05,3.940000057220459,3.950000047683716,3.809999942779541,3.940000057220459,8025
2021-10-06,3.940000057220459,3.940000057220459,3.630000114440918,3.799999952316284,6868
2021-10-07,3.9000000953674316,3.9200000762939453,3.7699999809265137,3.799999952316284,2700
2021-10-08,3.990000009536743,3.990000009536743,3.700000047683716,3.9000000953674316,3690
2021-10-11,3.8399999141693115,3.8399999141693115,3.799999952316284,3.799999952316284,10
2021-10-12,3.8399999141693115,3.880000114440918,3.7200000286102295,3.880000114440918,1037
2021-10-13,3.7200000286102295,3.930000066757202,3.7200000286102295,3.859999895095825,2577
2021-10-14,3.9200000762939453,3.9200000762939453,3.759999990463257,3.799999952316284,576
2021-10-15,3.9200000762939453,3.9200000762939453,3.5799999237060547,3.7899999618530273,5786
2021-10-18,3.809999942779541,3.809999942779541,3.5799999237060547,3.799999952316284,12538
2021-10-19,3.799999952316284,3.799999952316284,3.6600000858306885,3.6600000858306885,568
2021-10-20,3.7799999713897705,3.7799999713897705,3.680000066757202,3.680000066757202,108
2021-10-21,3.680000066757202,3.680000066757202,3.5,3.640000104904175,17544
2021-10-22,3.7699999809265137,3.7699999809265137,3.75,3.75,10
2021-10-25,3.5999999046325684,3.5999999046325684,3.509999990463257,3.5799999237060547,822
2021-10-26,3.7799999713897705,3.7799999713897705,3.5,3.5899999141693115,1204
2021-10-27,3.7100000381469727,3.7100000381469727,3.4800000190734863,3.5899999141693115,119
2021-10-28,3.7100000381469727,3.7100000381469727,3.450000047683716,3.700000047683716,3047
2021-10-29,3.7100000381469727,3.7100000381469727,3.7100000381469727,3.7100000381469727,6
2021-11-02,3.609999895095825,3.609999895095825,3.25,3.5799999237060547,56007
2021-11-03,3.609999895095825,3.609999895095825,3.450000047683716,3.559999942779541,1248
2021-11-04,3.609999895095825,3.609999895095825,3.319999933242798,3.5999999046325684,5622
2021-11-05,3.549999952316284,3.700000047683716,3.359999895095825,3.700000047683716,3431
2021-11-08,3.700000047683716,3.700000047683716,3.5299999713897705,3.6500000953674316,182
2021-11-09,3.700000047683716,3.700000047683716,3.619999885559082,3.619999885559082,13
2021-11-10,3.5999999046325684,3.5999999046325684,3.4100000858306885,3.5899999141693115,1125
2021-11-12,3.5899999141693115,3.5899999141693115,3.4100000858306885,3.549999952316284,397
2021-11-15,3.549999952316284,3.640000104904175,3.4000000953674316,3.640000104904175,1367
2021-11-16,3.630000114440918,3.630000114440918,3.2100000381469727,3.259999990463257,11114
2021-11-17,3.2799999713897705,3.490000009536743,3.2799999713897705,3.490000009536743,958
2021-11-18,3.5799999237060547,3.5799999237060547,3.309999942779541,3.450000047683716,10647
2021-11-19,3.559999942779541,3.559999942779541,3.299999952316284,3.3299999237060547,2332
2021-11-22,3.3299999237060547,3.4700000286102295,3.299999952316284,3.4200000762939453,10678
2021-11-23,3.4200000762939453,3.4200000762939453,3.2200000286102295,3.3499999046325684,149
2021-11-24,3.319999933242798,3.319999933242798,3.2200000286102295,3.2899999618530273,307
2021-11-25,3.319999933242798,3.319999933242798,3.190000057220459,3.2899999618530273,507
2021-11-26,3.2899999618530273,3.2899999618530273,3.180000066757202,3.180000066757202,1505
2021-11-29,3.240000009536743,3.5,3.2300000190734863,3.4000000953674316,7846
2021-11-30,3.4000000953674316,3.4000000953674316,3.2699999809265137,3.4000000953674316,2377
2021-12-01,3.4000000953674316,3.4000000953674316,3.3499999046325684,3.3499999046325684,3002
2021-12-02,3.390000104904175,3.390000104904175,3.1600000858306885,3.2699999809265137,5650
2021-12-03,3.2699999809265137,3.2699999809265137,3.200000047683716,3.25,10572
2021-12-06,3.2699999809265137,3.2699999809265137,3.25,3.2699999809265137,1920
2021-12-07,3.25,3.25,3.2300000190734863,3.240000009536743,18885
2021-12-08,3.240000009536743,3.240000009536743,3.2300000190734863,3.240000009536743,5833
2021-12-09,3.2300000190734863,3.25,3.2300000190734863,3.25,2258
2021-12-10,3.2300000190734863,3.2300000190734863,3.200000047683716,3.2300000190734863,22152
2021-12-13,3.2699999809265137,3.3499999046325684,3.190000057220459,3.3499999046325684,3658
2021-12-14,3.4000000953674316,3.4000000953674316,3.0999999046325684,3.0999999046325684,2122
2021-12-15,2.700000047683716,3.069999933242798,2.700000047683716,3.069999933242798,3133
2021-12-16,3.140000104904175,3.140000104904175,2.8299999237060547,3.119999885559082,13465
2021-12-17,3.119999885559082,3.119999885559082,3.009999990463257,3.0999999046325684,4309
2021-12-20,3.140000104904175,3.140000104904175,2.9200000762939453,2.9200000762939453,5013
2021-12-21,2.990000009536743,2.990000009536743,2.7799999713897705,2.9800000190734863,6367
2021-12-22,2.9000000953674316,2.950000047683716,2.799999952316284,2.950000047683716,12629
2021-12-23,3.0,3.0,2.9200000762939453,2.9200000762939453,4742
2021-12-27,3.0,3.0,2.9200000762939453,2.930000066757202,3052
2021-12-28,2.9800000190734863,3.0799999237060547,2.9000000953674316,3.0799999237060547,26046
2021-12-29,3.059999942779541,3.0999999046325684,3.0,3.0,1212
2021-12-30,3.0,3.130000114440918,3.0,3.130000114440918,3161
2022-01-03,3.200000047683716,3.200000047683716,2.950000047683716,3.200000047683716,3335
2022-01-04,3.2200000286102295,3.3399999141693115,3.1500000953674316,3.2300000190734863,5064
2022-01-05,3.2300000190734863,3.2300000190734863,3.2200000286102295,3.2200000286102295,614
2022-01-07,3.359999895095825,3.359999895095825,3.190000057220459,3.240000009536743,2280
2022-01-10,3.359999895095825,3.359999895095825,3.25,3.359999895095825,171
2022-01-11,3.3399999141693115,3.3399999141693115,3.2799999713897705,3.2799999713897705,108
2022-01-12,3.3399999141693115,3.3399999141693115,3.299999952316284,3.299999952316284,262
2022-01-13,3.359999895095825,3.359999895095825,3.299999952316284,3.3499999046325684,1067
2022-01-14,3.3499999046325684,3.359999895095825,3.3499999046325684,3.359999895095825,251
2022-01-17,3.359999895095825,3.359999895095825,3.359999895095825,3.359999895095825,153
2022-01-18,3.359999895095825,3.359999895095825,3.359999895095825,3.359999895095825,12
2022-01-19,3.359999895095825,3.359999895095825,3.25,3.25,371
2022-01-20,3.359999895095825,3.359999895095825,3.359999895095825,3.359999895095825,172
2022-01-21,3.359999895095825,3.359999895095825,3.2300000190734863,3.2300000190734863,201
2022-01-24,3.359999895095825,3.359999895095825,3.119999885559082,3.119999885559082,1734
2022-01-25,3.140000104904175,3.1700000762939453,3.0299999713897705,3.1700000762939453,3734
2022-01-26,3.1700000762939453,3.3399999141693115,3.1700000762939453,3.3399999141693115,101
2022-01-27,3.3399999141693115,3.3399999141693115,3.069999933242798,3.0999999046325684,8549
2022-01-28,3.3299999237060547,3.3299999237060547,3.2100000381469727,3.2100000381469727,161
2022-01-31,3.3299999237060547,3.3299999237060547,3.140000104904175,3.180000066757202,15788
2022-02-01,3.130000114440918,3.180000066757202,3.0799999237060547,3.0799999237060547,1699
2022-02-02,3.0999999046325684,3.130000114440918,3.0899999141693115,3.130000114440918,208
2022-02-03,3.1700000762939453,3.1700000762939453,3.1700000762939453,3.1700000762939453,11
2022-02-04,3.1700000762939453,3.1700000762939453,3.1700000762939453,3.1700000762939453,8
2022-02-07,3.25,3.299999952316284,3.180000066757202,3.25,7064
2022-02-08,3.299999952316284,3.299999952316284,3.299999952316284,3.299999952316284,2
2022-02-09,3.299999952316284,3.299999952316284,3.1600000858306885,3.2699999809265137,18
2022-02-10,3.299999952316284,3.299999952316284,3.0199999809265137,3.2799999713897705,6105
2022-02-11,3.299999952316284,3.299999952316284,2.9700000286102295,3.0,16061
2022-02-14,3.0,3.0,2.9100000858306885,2.9200000762939453,1208
2022-02-15,2.9200000762939453,3.0899999141693115,2.9200000762939453,3.0899999141693115,2833
2022-02-16,3.109999895095825,3.109999895095825,3.109999895095825,3.109999895095825,13
2022-02-17,3.0999999046325684,3.0999999046325684,2.950000047683716,3.0999999046325684,3107
2022-02-18,3.0999999046325684,3.109999895095825,3.009999990463257,3.109999895095825,1691
2022-02-21,3.299999952316284,3.299999952316284,3.119999885559082,3.2200000286102295,42105
2022-02-22,3.0999999046325684,3.299999952316284,3.0999999046325684,3.2699999809265137,28570
2022-02-23,3.299999952316284,3.299999952316284,3.2699999809265137,3.299999952316284,5601
2022-02-24,3.259999990463257,3.259999990463257,2.9000000953674316,2.9100000858306885,91194
2022-02-25,2.940000057220459,3.049999952316284,2.940000057220459,3.049999952316284,7040
2022-02-28,3.059999942779541,3.1500000953674316,3.0299999713897705,3.1500000953674316,5784
2022-03-01,3.299999952316284,3.299999952316284,3.2200000286102295,3.2200000286102295,8903
2022-03-02,3.2300000190734863,3.2300000190734863,3.1500000953674316,3.1500000953674316,8587
2022-03-03,3.2100000381469727,3.25,3.1700000762939453,3.200000047683716,10595
2022-03-04,3.1500000953674316,3.1500000953674316,2.930000066757202,2.930000066757202,16739
2022-03-07,2.9700000286102295,3.0,2.75,2.9000000953674316,17371
2022-03-08,2.9000000953674316,2.950000047683716,2.9000000953674316,2.940000057220459,2095
2022-03-09,2.9700000286102295,3.109999895095825,2.9700000286102295,3.109999895095825,9152
2022-03-10,3.140000104904175,3.2100000381469727,3.0299999713897705,3.180000066757202,13959
2022-03-11,3.2100000381469727,3.2100000381469727,3.0199999809265137,3.119999885559082,12952
2022-03-14,3.109999895095825,3.109999895095825,3.0399999618530273,3.0399999618530273,4050
2022-03-15,3.109999895095825,3.109999895095825,2.990000009536743,2.990000009536743,7221
2022-03-16,3.0799999237060547,3.0799999237060547,2.8399999141693115,2.950000047683716,7856
2022-03-17,2.9800000190734863,3.119999885559082,2.9700000286102295,3.109999895095825,38507
2022-03-18,3.1600000858306885,3.8499999046325684,3.1600000858306885,3.4600000381469727,80296
2022-03-21,3.5999999046325684,3.5999999046325684,3.25,3.2899999618530273,9435
2022-03-22,3.440000057220459,3.5199999809265137,3.319999933242798,3.319999933242798,8961
2022-03-23,3.3499999046325684,3.3499999046325684,3.140000104904175,3.2699999809265137,4351
2022-03-24,3.4000000953674316,3.4000000953674316,3.3399999141693115,3.4000000953674316,2703
2022-03-25,3.390000104904175,3.390000104904175,3.1500000953674316,3.309999942779541,18315
2022-03-28,3.380000114440918,3.380000114440918,3.200000047683716,3.299999952316284,1150
2022-03-29,3.299999952316284,3.4000000953674316,3.1700000762939453,3.390000104904175,8625
2022-03-30,3.450000047683716,3.450000047683716,3.25,3.25,190
2022-03-31,3.25,3.440000057220459,3.25,3.440000057220459,1200
2022-04-01,3.5199999809265137,3.5899999141693115,3.2100000381469727,3.4600000381469727,13034
2022-04-04,3.4600000381469727,3.4600000381469727,3.390000104904175,3.390000104904175,58
2022-04-05,3.4700000286102295,3.4700000286102295,3.380000114440918,3.380000114440918,14
2022-04-06,3.299999952316284,3.299999952316284,3.130000114440918,3.130000114440918,6381
2022-04-07,3.25,3.25,3.049999952316284,3.049999952316284,3404
2022-04-08,3.140000104904175,3.2100000381469727,3.0999999046325684,3.0999999046325684,4191
2022-04-11,3.109999895095825,3.25,3.109999895095825,3.25,618
2022-04-12,3.25,3.25,3.0,3.1500000953674316,11065
2022-04-13,3.25,3.25,3.059999942779541,3.1600000858306885,531
2022-04-14,3.25,3.25,3.1600000858306885,3.1600000858306885,2006
2022-04-19,3.309999942779541,3.309999942779541,3.1600000858306885,3.1600000858306885,2460
2022-04-20,3.0999999046325684,3.0999999046325684,3.0999999046325684,3.0999999046325684,150
2022-04-21,3.1700000762939453,3.1700000762939453,3.1500000953674316,3.1500000953674316,1506
2022-04-22,3.1700000762939453,3.1700000762939453,3.0199999809265137,3.0999999046325684,2847
2022-04-25,3.109999895095825,3.109999895095825,3.0199999809265137,3.0199999809265137,1567
2022-04-26,3.0199999809265137,3.0199999809265137,3.0,3.0,3761
2022-04-27,2.9800000190734863,3.069999933242798,2.9800000190734863,3.069999933242798,206
2022-04-28,3.069999933242798,3.069999933242798,3.059999942779541,3.059999942779541,2020
2022-04-29,3.140000104904175,3.140000104904175,3.140000104904175,3.140000104904175,10
2022-05-02,3.140000104904175,3.140000104904175,2.9100000858306885,2.9100000858306885,4015
2022-05-04,2.9200000762939453,2.9200000762939453,2.9200000762939453,2.9200000762939453,440
2022-05-05,2.9200000762939453,2.9200000762939453,2.819999933242798,2.869999885559082,4447
2022-05-06,2.890000104904175,2.890000104904175,2.880000114440918,2.880000114440918,32
2022-05-09,2.880000114440918,2.890000104904175,2.7799999713897705,2.880000114440918,1673
2022-05-10,2.859999895095825,2.859999895095825,2.619999885559082,2.619999885559082,3227
2022-05-11,2.690000057220459,2.950000047683716,2.690000057220459,2.950000047683716,17174
2022-05-12,3.0299999713897705,3.0299999713897705,2.8499999046325684,2.9200000762939453,365
2022-05-13,2.9200000762939453,2.930000066757202,2.9200000762939453,2.9200000762939453,2704
2022-05-16,2.9200000762939453,2.950000047683716,2.9200000762939453,2.950000047683716,130
2022-05-17,2.950000047683716,2.950000047683716,2.950000047683716,2.950000047683716,23
2022-05-18,3.0299999713897705,3.0299999713897705,3.0299999713897705,3.0299999713897705,63
2022-05-19,2.9200000762939453,2.9200000762939453,2.9000000953674316,2.9200000762939453,73600
2022-05-20,3.0999999046325684,3.1500000953674316,3.0999999046325684,3.1500000953674316,5488
2022-05-23,3.200000047683716,3.2200000286102295,3.200000047683716,3.2200000286102295,458
2022-05-24,3.2200000286102295,3.2200000286102295,3.069999933242798,3.200000047683716,2564
2022-05-25,3.200000047683716,3.200000047683716,3.200000047683716,3.200000047683716,212
2022-05-26,3.2200000286102295,3.2200000286102295,3.059999942779541,3.1500000953674316,7536
2022-05-27,3.1500000953674316,3.2200000286102295,3.0999999046325684,3.2200000286102295,542
2022-05-30,3.2200000286102295,3.2200000286102295,2.9000000953674316,3.0,4326
2022-05-31,3.0,3.0,2.930000066757202,2.930000066757202,10919
2022-06-01,3.0,3.0,2.930000066757202,2.930000066757202,349
2022-06-02,2.930000066757202,3.0199999809265137,2.930000066757202,3.0199999809265137,3706
2022-06-03,3.140000104904175,3.140000104904175,2.930000066757202,3.119999885559082,3112
2022-06-06,3.1500000953674316,3.1500000953674316,2.930000066757202,2.930000066757202,661
2022-06-07,2.930000066757202,2.940000057220459,2.930000066757202,2.930000066757202,6227
2022-06-08,3.140000104904175,3.140000104904175,2.9200000762939453,2.9200000762939453,4015
2022-06-09,2.9700000286102295,2.9800000190734863,2.950000047683716,2.950000047683716,9419
2022-06-10,2.930000066757202,2.930000066757202,2.7100000381469727,2.7100000381469727,3447
2022-06-13,2.8399999141693115,2.8399999141693115,2.5899999141693115,2.5899999141693115,8860
2022-06-14,2.5899999141693115,2.5899999141693115,2.5,2.5,5311
2022-06-15,2.5,2.5,2.4000000953674316,2.4700000286102295,3483
2022-06-17,2.5,2.509999990463257,2.4800000190734863,2.509999990463257,1387
2022-06-20,2.5,2.549999952316284,2.5,2.549999952316284,3450
2022-06-21,2.5899999141693115,2.5899999141693115,2.430000066757202,2.450000047683716,17453
2022-06-22,2.4200000762939453,2.569999933242798,2.4000000953674316,2.4000000953674316,9842
2022-06-23,2.3499999046325684,2.3499999046325684,2.2300000190734863,2.2300000190734863,27512
2022-06-24,2.190000057220459,2.4000000953674316,2.190000057220459,2.390000104904175,49405
2022-06-27,2.4000000953674316,2.4000000953674316,2.2799999713897705,2.359999895095825,5627
2022-06-28,2.3499999046325684,2.3499999046325684,2.3499999046325684,2.3499999046325684,2
2022-06-29,2.2100000381469727,2.299999952316284,2.2100000381469727,2.2899999618530273,9473
2022-06-30,2.299999952316284,2.299999952316284,2.299999952316284,2.299999952316284,2
2022-07-01,2.2699999809265137,2.2699999809265137,2.25,2.25,11
2022-07-04,2.25,2.25,2.2300000190734863,2.2300000190734863,2838
2022-07-05,2.25,2.25,2.109999895095825,2.109999895095825,2751
2022-07-06,2.190000057220459,2.190000057220459,2.190000057220459,2.190000057220459,996
2022-07-07,2.200000047683716,2.200000047683716,2.180000066757202,2.180000066757202,1006
2022-07-08,2.200000047683716,2.200000047683716,2.200000047683716,2.200000047683716,760
2022-07-11,2.200000047683716,2.2899999618530273,2.200000047683716,2.2100000381469727,4481
2022-07-12,2.2100000381469727,2.3399999141693115,2.2100000381469727,2.3399999141693115,5163
2022-07-13,2.4000000953674316,2.4000000953674316,2.240000009536743,2.380000114440918,7418
2022-07-14,2.4000000953674316,2.4000000953674316,2.299999952316284,2.380000114440918,566
2022-07-15,2.4200000762939453,2.4200000762939453,2.4200000762939453,2.4200000762939453,2
2022-07-18,2.430000066757202,2.4800000190734863,2.430000066757202,2.4800000190734863,3504
2022-07-19,2.4800000190734863,2.4800000190734863,2.4700000286102295,2.4800000190734863,358
2022-07-20,2.4800000190734863,2.4800000190734863,2.359999895095825,2.359999895095825,4257
2022-07-21,2.359999895095825,2.359999895095825,2.1700000762939453,2.259999990463257,13061
2022-07-22,2.259999990463257,2.2799999713897705,2.259999990463257,2.259999990463257,62732
2022-07-25,2.299999952316284,2.309999942779541,2.299999952316284,2.299999952316284,4253
2022-07-26,2.299999952316284,2.299999952316284,2.2799999713897705,2.2799999713897705,2100
2022-07-27,2.2899999618530273,2.4800000190734863,2.259999990463257,2.259999990463257,26066
2022-07-28,2.299999952316284,2.450000047683716,2.299999952316284,2.450000047683716,5199
2022-07-29,2.440000057220459,2.450000047683716,2.200000047683716,2.3399999141693115,22433
2022-08-01,2.3299999237060547,2.380000114440918,2.3299999237060547,2.3299999237060547,818
2022-08-02,2.3299999237060547,2.369999885559082,2.3299999237060547,2.369999885559082,558
2022-08-03,2.5,2.5,2.4200000762939453,2.4200000762939453,225
2022-08-04,2.5,2.5199999809265137,2.4200000762939453,2.5199999809265137,4230
2022-08-05,2.5399999618530273,3.059999942779541,2.5399999618530273,2.7799999713897705,18222
2022-08-08,2.7899999618530273,3.359999895095825,2.7799999713897705,3.240000009536743,9255
2022-08-09,3.240000009536743,3.240000009536743,2.9200000762939453,3.119999885559082,4618
2022-08-10,3.119999885559082,3.119999885559082,2.940000057220459,3.0999999046325684,2062
2022-08-11,3.0999999046325684,3.0999999046325684,2.9100000858306885,3.0,2782
2022-08-12,3.0,3.0,3.0,3.0,48
2022-08-16,3.0,3.2799999713897705,3.0,3.2799999713897705,1090
2022-08-17,3.299999952316284,3.299999952316284,3.1500000953674316,3.1500000953674316,1550
2022-08-18,3.359999895095825,3.359999895095825,3.0299999713897705,3.1500000953674316,1005
2022-08-19,3.1700000762939453,3.1700000762939453,3.0399999618530273,3.1600000858306885,467
2022-08-22,3.1600000858306885,3.1600000858306885,3.0399999618530273,3.1500000953674316,1099
2022-08-23,3.0999999046325684,3.5899999141693115,3.0999999046325684,3.5899999141693115,15635
2022-08-24,3.5799999237060547,3.680000066757202,3.299999952316284,3.6700000762939453,10145
2022-08-25,3.6600000858306885,3.740000009536743,3.4200000762939453,3.549999952316284,3444
2022-08-26,3.640000104904175,3.640000104904175,3.4100000858306885,3.5399999618530273,571
2022-08-29,3.5999999046325684,3.5999999046325684,3.5399999618530273,3.5399999618530273,1040
2022-08-30,3.5399999618530273,3.5399999618530273,3.3399999141693115,3.4000000953674316,2787
2022-08-31,3.5399999618530273,3.5399999618530273,3.2799999713897705,3.4200000762939453,1070
2022-09-01,3.4200000762939453,3.430000066757202,3.4200000762939453,3.430000066757202,2573
2022-09-02,3.440000057220459,3.440000057220459,3.2799999713897705,3.299999952316284,2015
2022-09-05,3.299999952316284,3.299999952316284,3.2100000381469727,3.2100000381469727,3704
2022-09-06,3.4000000953674316,3.4000000953674316,3.1500000953674316,3.1500000953674316,465
2022-09-07,3.140000104904175,3.200000047683716,3.140000104904175,3.200000047683716,597
2022-09-08,3.1600000858306885,3.1600000858306885,3.1600000858306885,3.1600000858306885,7
2022-09-09,3.200000047683716,3.2100000381469727,3.200000047683716,3.2100000381469727,692
2022-09-12,3.2100000381469727,3.299999952316284,3.1600000858306885,3.299999952316284,4560
2022-09-13,3.299999952316284,3.299999952316284,3.1700000762939453,3.2899999618530273,2731
2022-09-14,3.299999952316284,3.5899999141693115,3.1700000762939453,3.2200000286102295,5196
2022-09-15,3.4000000953674316,3.4000000953674316,3.299999952316284,3.299999952316284,2183
2022-09-16,3.559999942779541,3.559999942779541,3.25,3.359999895095825,7392
2022-09-19,3.559999942779541,3.559999942779541,3.2100000381469727,3.2699999809265137,512
2022-09-20,3.450000047683716,3.450000047683716,3.2100000381469727,3.25,1540
2022-09-21,3.309999942779541,3.309999942779541,3.309999942779541,3.309999942779541,2
2022-09-22,3.25,3.2799999713897705,3.1600000858306885,3.259999990463257,1805
2022-09-23,3.1700000762939453,3.180000066757202,3.0299999713897705,3.0999999046325684,11769
2022-09-26,3.0899999141693115,3.130000114440918,2.880000114440918,3.0,6143
2022-09-27,3.0,3.0,2.9800000190734863,2.9800000190734863,854
2022-09-28,2.9800000190734863,2.9800000190734863,2.9600000381469727,2.9800000190734863,393
2022-09-29,2.859999895095825,2.940000057220459,2.819999933242798,2.940000057220459,623
2022-09-30,2.940000057220459,2.940000057220459,2.700000047683716,2.700000047683716,5414
2022-10-03,2.509999990463257,2.690000057220459,2.5,2.690000057220459,1701
2022-10-04,2.680000066757202,2.880000114440918,2.680000066757202,2.680000066757202,4524
2022-10-05,2.680000066757202,2.680000066757202,2.6500000953674316,2.6500000953674316,1560
2022-10-06,2.5999999046325684,3.140000104904175,2.5999999046325684,3.069999933242798,10379
2022-10-07,3.069999933242798,3.069999933242798,2.9200000762939453,3.0,2294
2022-10-10,2.9800000190734863,2.9800000190734863,2.940000057220459,2.940000057220459,319
2022-10-11,2.940000057220459,2.990000009536743,2.859999895095825,2.859999895095825,9096
2022-10-12,2.859999895095825,2.859999895095825,2.7699999809265137,2.819999933242798,695
2022-10-13,2.819999933242798,2.819999933242798,2.819999933242798,2.819999933242798,124
2022-10-14,2.9000000953674316,2.9000000953674316,2.799999952316284,2.799999952316284,14123
2022-10-17,2.799999952316284,2.799999952316284,2.799999952316284,2.799999952316284,35
2022-10-18,2.799999952316284,2.8299999237060547,2.7699999809265137,2.8299999237060547,577
2022-10-19,2.8299999237060547,2.8299999237060547,2.819999933242798,2.819999933242798,619
2022-10-20,2.819999933242798,2.9000000953674316,2.809999942779541,2.9000000953674316,4736
2022-10-21,2.9000000953674316,2.9200000762939453,2.9000000953674316,2.9200000762939453,87
2022-10-24,2.9100000858306885,2.9100000858306885,2.9100000858306885,2.9100000858306885,240
2022-10-25,2.9100000858306885,2.9100000858306885,2.799999952316284,2.9100000858306885,320
2022-10-26,2.9200000762939453,2.9200000762939453,2.9200000762939453,2.9200000762939453,180
2022-10-27,2.9200000762939453,3.0999999046325684,2.9200000762939453,3.0999999046325684,3190
2022-10-28,3.2899999618530273,3.2899999618530273,3.119999885559082,3.200000047683716,4723
2022-10-31,3.309999942779541,3.640000104904175,3.2200000286102295,3.4600000381469727,29094
2022-11-02,3.5299999713897705,3.5299999713897705,3.25,3.369999885559082,1487
2022-11-03,3.4000000953674316,3.440000057220459,3.259999990463257,3.3299999237060547,6844
2022-11-04,3.319999933242798,3.5899999141693115,3.25,3.5899999141693115,9624
2022-11-07,3.5899999141693115,3.5899999141693115,3.3299999237060547,3.4000000953674316,3986
2022-11-08,3.4000000953674316,3.4600000381469727,3.2899999618530273,3.430000066757202,12529
2022-11-09,3.6600000858306885,3.6600000858306885,3.3299999237060547,3.4000000953674316,11721
2022-11-10,3.430000066757202,3.509999990463257,3.309999942779541,3.5,74497
2022-11-14,3.5,3.5,3.25,3.450000047683716,10301
2022-11-15,3.309999942779541,3.309999942779541,3.2899999618530273,3.309999942779541,6409
2022-11-16,3.4000000953674316,3.4000000953674316,3.240000009536743,3.240000009536743,2268
2022-11-17,3.200000047683716,3.3299999237060547,3.200000047683716,3.309999942779541,349
2022-11-18,3.180000066757202,3.4000000953674316,3.180000066757202,3.4000000953674316,2674
2022-11-21,3.4000000953674316,3.4800000190734863,3.240000009536743,3.4800000190734863,7228
2022-11-22,3.4700000286102295,3.4700000286102295,3.440000057220459,3.440000057220459,1002
2022-11-23,3.4700000286102295,3.4700000286102295,3.3399999141693115,3.4200000762939453,8816
2022-11-24,3.440000057220459,3.4800000190734863,3.359999895095825,3.4700000286102295,5439
2022-11-25,3.4700000286102295,3.4800000190734863,3.380000114440918,3.4700000286102295,5137
2022-11-28,3.4700000286102295,3.4700000286102295,3.359999895095825,3.359999895095825,807
2022-11-29,3.380000114440918,3.380000114440918,3.299999952316284,3.380000114440918,3950
2022-11-30,3.4700000286102295,3.4700000286102295,3.240000009536743,3.2799999713897705,6012
2022-12-01,3.2799999713897705,3.2799999713897705,3.2799999713897705,3.2799999713897705,1550
2022-12-02,3.359999895095825,3.4700000286102295,3.359999895095825,3.4000000953674316,453
2022-12-05,3.4700000286102295,3.4700000286102295,3.369999885559082,3.4000000953674316,1467
2022-12-06,3.4600000381469727,3.4600000381469727,3.4600000381469727,3.4600000381469727,1151
2022-12-07,3.4600000381469727,3.4600000381469727,3.359999895095825,3.4200000762939453,2217
2022-12-08,3.450000047683716,3.450000047683716,3.259999990463257,3.259999990463257,1232
2022-12-09,3.259999990463257,3.259999990463257,3.25,3.25,900
2022-12-12,3.4000000953674316,3.4000000953674316,3.390000104904175,3.4000000953674316,1863
2022-12-13,3.4000000953674316,3.4000000953674316,3.240000009536743,3.240000009536743,9702
2022-12-14,3.240000009536743,3.390000104904175,3.240000009536743,3.390000104904175,113
2022-12-15,3.4200000762939453,3.4200000762939453,3.380000114440918,3.4000000953674316,562
2022-12-16,3.390000104904175,3.390000104904175,3.240000009536743,3.390000104904175,839
2022-12-19,3.380000114440918,3.380000114440918,3.240000009536743,3.2899999618530273,2060
2022-12-20,3.380000114440918,3.380000114440918,3.190000057220459,3.190000057220459,6729
2022-12-21,3.190000057220459,3.190000057220459,2.990000009536743,3.119999885559082,1813
2022-12-22,3.2200000286102295,3.2200000286102295,2.9100000858306885,2.9100000858306885,10575
2022-12-23,2.9200000762939453,3.0,2.8499999046325684,2.859999895095825,6594
2022-12-27,2.859999895095825,2.9000000953674316,2.859999895095825,2.9000000953674316,5016
2022-12-28,2.9000000953674316,3.0,2.880000114440918,3.0,36814
2022-12-29,3.0,3.190000057220459,2.9700000286102295,3.0399999618530273,48152
2022-12-30,2.9700000286102295,3.069999933242798,2.950000047683716,3.059999942779541,18554
2023-01-02,3.059999942779541,3.059999942779541,2.880000114440918,2.880000114440918,3923
2023-01-03,2.9600000381469727,3.0299999713897705,2.8299999237060547,2.9600000381469727,5431
2023-01-04,2.950000047683716,3.0899999141693115,2.950000047683716,3.0899999141693115,13091
2023-01-05,3.0899999141693115,3.0899999141693115,3.0299999713897705,3.0299999713897705,1264
2023-01-09,2.9000000953674316,3.3299999237060547,2.9000000953674316,3.3299999237060547,17215
2023-01-10,3.3299999237060547,3.3299999237060547,3.200000047683716,3.259999990463257,7979
2023-01-11,3.259999990463257,3.259999990463257,3.119999885559082,3.140000104904175,581
2023-01-12,3.0899999141693115,3.259999990463257,3.0899999141693115,3.259999990463257,14892
2023-01-13,3.240000009536743,3.240000009536743,3.049999952316284,3.180000066757202,522
2023-01-16,3.180000066757202,3.2899999618530273,3.180000066757202,3.2899999618530273,10020
2023-01-17,3.3499999046325684,3.3499999046325684,3.180000066757202,3.2699999809265137,7256
2023-01-18,3.2699999809265137,3.3299999237060547,3.200000047683716,3.299999952316284,2429
2023-01-19,3.3299999237060547,3.640000104904175,3.3299999237060547,3.440000057220459,20242
2023-01-20,3.430000066757202,3.430000066757202,3.259999990463257,3.390000104904175,1906
2023-01-23,3.390000104904175,3.4000000953674316,3.3299999237060547,3.3299999237060547,3493
2023-01-24,3.359999895095825,3.359999895095825,3.2799999713897705,3.359999895095825,1618
2023-01-25,3.359999895095825,3.359999895095825,3.3499999046325684,3.3499999046325684,44
2023-01-26,3.3499999046325684,3.4100000858306885,3.3499999046325684,3.359999895095825,871
2023-01-27,3.359999895095825,3.509999990463257,3.309999942779541,3.4700000286102295,10408
2023-01-30,3.4700000286102295,3.5,3.430000066757202,3.430000066757202,6177
2023-01-31,3.440000057220459,3.5,3.309999942779541,3.5,1171
2023-02-01,3.5,3.5,3.450000047683716,3.5,1900
2023-02-02,3.5,3.5,3.4800000190734863,3.5,1555
2023-02-03,3.4800000190734863,3.4800000190734863,3.4000000953674316,3.4800000190734863,833
2023-02-06,3.4000000953674316,3.4800000190734863,3.4000000953674316,3.4800000190734863,3859
2023-02-07,3.440000057220459,3.4800000190734863,3.4000000953674316,3.4800000190734863,3186
2023-02-08,3.5,3.5,3.5,3.5,16257
2023-02-09,3.5,3.8399999141693115,3.5,3.740000009536743,19638
2023-02-10,3.7899999618530273,3.7899999618530273,3.549999952316284,3.549999952316284,19571
2023-02-13,3.5899999141693115,3.5999999046325684,3.2799999713897705,3.390000104904175,9863
2023-02-14,3.450000047683716,3.450000047683716,3.440000057220459,3.440000057220459,316
2023-02-15,3.430000066757202,3.430000066757202,3.2699999809265137,3.4100000858306885,3355
2023-02-16,3.4100000858306885,3.4100000858306885,3.3399999141693115,3.4100000858306885,767
2023-02-17,3.259999990463257,3.5,3.259999990463257,3.5,8901
2023-02-20,3.5799999237060547,3.6700000762939453,3.4700000286102295,3.6700000762939453,1360
2023-02-21,3.5199999809265137,3.680000066757202,3.5199999809265137,3.6500000953674316,7389
2023-02-22,3.640000104904175,3.640000104904175,3.5,3.5999999046325684,32
2023-02-23,3.5999999046325684,3.5999999046325684,3.5,3.5899999141693115,1106
2023-02-24,3.5899999141693115,3.5899999141693115,3.4800000190734863,3.4800000190734863,3213
2023-02-27,3.4800000190734863,3.559999942779541,3.4800000190734863,3.5,8949
2023-02-28,3.5,3.549999952316284,3.380000114440918,3.4100000858306885,2543
2023-03-01,3.4100000858306885,3.4100000858306885,3.3499999046325684,3.380000114440918,14139
2023-03-02,3.380000114440918,3.4200000762939453,3.319999933242798,3.369999885559082,14760
2023-03-03,3.4800000190734863,3.490000009536743,3.4100000858306885,3.4100000858306885,1886
2023-03-06,3.4800000190734863,3.6500000953674316,3.4000000953674316,3.619999885559082,6770
2023-03-07,3.619999885559082,3.640000104904175,3.3499999046325684,3.609999895095825,4570
2023-03-08,3.609999895095825,3.609999895095825,3.440000057220459,3.5999999046325684,2592
2023-03-09,3.5999999046325684,3.5999999046325684,3.5999999046325684,3.5999999046325684,105
2023-03-10,3.5999999046325684,3.5999999046325684,3.4200000762939453,3.4700000286102295,593
2023-03-13,3.5999999046325684,3.5999999046325684,3.299999952316284,3.4200000762939453,6475
2023-03-14,3.4200000762939453,3.4200000762939453,3.130000114440918,3.259999990463257,4896
2023-03-15,3.2799999713897705,3.359999895095825,3.2799999713897705,3.359999895095825,3321
2023-03-16,3.299999952316284,3.359999895095825,3.200000047683716,3.359999895095825,4072
2023-03-17,3.5299999713897705,3.5299999713897705,3.259999990463257,3.369999885559082,333
2023-03-20,3.369999885559082,3.4100000858306885,3.309999942779541,3.4100000858306885,1175
2023-03-21,3.4100000858306885,3.490000009536743,3.4100000858306885,3.490000009536743,796
2023-03-22,3.490000009536743,3.490000009536743,3.490000009536743,3.490000009536743,3
2023-03-23,3.4700000286102295,3.4700000286102295,3.4700000286102295,3.4700000286102295,6
2023-03-24,3.4700000286102295,3.4700000286102295,3.259999990463257,3.4000000953674316,10381
2023-03-27,3.4800000190734863,3.4800000190734863,3.4800000190734863,3.4800000190734863,3
2023-03-28,3.4700000286102295,3.5199999809265137,3.3399999141693115,3.3399999141693115,5073
2023-03-29,3.4100000858306885,3.450000047683716,3.259999990463257,3.2899999618530273,9016
2023-03-30,3.440000057220459,3.440000057220459,3.4200000762939453,3.430000066757202,715
2023-03-31,3.430000066757202,3.440000057220459,3.4000000953674316,3.4000000953674316,724
2023-04-03,3.440000057220459,3.440000057220459,3.390000104904175,3.390000104904175,433
2023-04-04,3.4000000953674316,3.4000000953674316,3.390000104904175,3.390000104904175,15
2023-04-05,3.390000104904175,3.390000104904175,3.380000114440918,3.380000114440918,109
2023-04-06,3.440000057220459,3.549999952316284,3.319999933242798,3.549999952316284,3122
2023-04-11,3.5399999618530273,3.5999999046325684,3.390000104904175,3.5999999046325684,3604
2023-04-12,3.5999999046325684,3.5999999046325684,3.569999933242798,3.569999933242798,846
2023-04-13,3.569999933242798,3.569999933242798,3.319999933242798,3.5,3178
2023-04-14,3.5,3.5,3.4000000953674316,3.450000047683716,1974
2023-04-17,3.450000047683716,3.5899999141693115,3.450000047683716,3.5899999141693115,82
2023-04-18,3.569999933242798,3.569999933242798,3.440000057220459,3.440000057220459,453
2023-04-19,3.440000057220459,3.440000057220459,3.390000104904175,3.440000057220459,6232
2023-04-20,3.440000057220459,3.5299999713897705,3.2100000381469727,3.2100000381469727,12546
2023-04-21,3.2100000381469727,3.319999933242798,3.2100000381469727,3.2899999618530273,299
2023-04-24,3.309999942779541,3.4100000858306885,3.309999942779541,3.309999942779541,406
2023-04-25,3.309999942779541,3.490000009536743,3.309999942779541,3.4700000286102295,2903
2023-04-26,3.4700000286102295,3.4700000286102295,3.2100000381469727,3.2100000381469727,1164
2023-04-27,3.200000047683716,3.3299999237060547,3.200000047683716,3.259999990463257,1516
2023-04-28,3.25,3.25,3.25,3.25,399
2023-05-02,3.200000047683716,3.200000047683716,3.130000114440918,3.1500000953674316,1749
2023-05-04,3.1700000762939453,3.1700000762939453,2.759999990463257,2.869999885559082,42474
2023-05-05,2.869999885559082,3.1500000953674316,2.869999885559082,3.009999990463257,7393
2023-05-08,3.140000104904175,3.1500000953674316,3.009999990463257,3.009999990463257,859
2023-05-09,3.0399999618530273,3.140000104904175,3.0399999618530273,3.049999952316284,110
2023-05-10,3.049999952316284,3.130000114440918,2.8499999046325684,2.950000047683716,12781
2023-05-11,3.0,3.109999895095825,3.0,3.0199999809265137,4440
2023-05-12,3.0199999809265137,3.0899999141693115,2.990000009536743,2.990000009536743,1136
2023-05-15,3.059999942779541,3.059999942779541,2.9700000286102295,2.9700000286102295,91
2023-05-16,2.9700000286102295,3.049999952316284,2.9700000286102295,3.0,2230
2023-05-17,3.0,3.0,2.9100000858306885,3.0,1402
2023-05-18,3.0,3.0,2.880000114440918,2.950000047683716,919
2023-05-19,2.990000009536743,3.0,2.890000104904175,3.0,1643
2023-05-22,3.0,3.0,2.799999952316284,2.990000009536743,8105
2023-05-23,2.7899999618530273,2.9600000381469727,2.7899999618530273,2.9600000381469727,360
2023-05-24,2.9600000381469727,2.990000009536743,2.9000000953674316,2.9000000953674316,2237
2023-05-25,2.9800000190734863,2.9800000190734863,2.9800000190734863,2.9800000190734863,3
2023-05-26,2.9800000190734863,2.9800000190734863,2.8399999141693115,2.859999895095825,11156
2023-05-29,2.859999895095825,2.9100000858306885,2.75,2.890000104904175,1075
2023-05-30,2.890000104904175,2.890000104904175,2.880000114440918,2.880000114440918,10
2023-05-31,2.9000000953674316,2.9000000953674316,2.680000066757202,2.799999952316284,5364
2023-06-01,2.799999952316284,2.990000009536743,2.799999952316284,2.9600000381469727,4938
2023-06-02,2.950000047683716,3.0,2.890000104904175,3.0,2339
2023-06-05,2.9600000381469727,2.9600000381469727,2.809999942779541,2.9600000381469727,2710
2023-06-06,2.9600000381469727,2.9600000381469727,2.869999885559082,2.869999885559082,1703
2023-06-07,2.9000000953674316,2.950000047683716,2.880000114440918,2.880000114440918,3300
2023-06-09,2.890000104904175,2.890000104904175,2.809999942779541,2.890000104904175,1047
2023-06-12,2.890000104904175,2.890000104904175,2.8299999237060547,2.8299999237060547,1099
2023-06-13,2.8299999237060547,2.8299999237060547,2.8299999237060547,2.8299999237060547,3
2023-06-14,2.8299999237060547,2.9000000953674316,2.8299999237060547,2.9000000953674316,9
2023-06-15,2.9000000953674316,2.9600000381469727,2.9000000953674316,2.9600000381469727,607
2023-06-16,2.9600000381469727,2.9600000381469727,2.9600000381469727,2.9600000381469727,3
2023-06-19,2.9600000381469727,2.9600000381469727,2.9000000953674316,2.950000047683716,333
2023-06-20,2.950000047683716,2.9600000381469727,2.880000114440918,2.9600000381469727,908
2023-06-21,2.9600000381469727,2.9600000381469727,2.9600000381469727,2.9600000381469727,64
2023-06-22,2.9600000381469727,3.180000066757202,2.9000000953674316,3.0,9079
2023-06-23,3.069999933242798,3.069999933242798,2.7100000381469727,2.7100000381469727,9122
2023-06-26,2.75,2.8299999237060547,2.6700000762939453,2.819999933242798,5203
2023-06-27,2.809999942779541,2.8299999237060547,2.799999952316284,2.8299999237060547,536
2023-06-28,2.8299999237060547,3.0299999713897705,2.8299999237060547,3.0299999713897705,6340
2023-06-29,3.0299999713897705,3.0299999713897705,3.0,3.0,1781
2023-06-30,3.0,3.0,2.9600000381469727,3.0,1063
2023-07-03,3.0,3.0,2.819999933242798,2.950000047683716,4824
2023-07-04,2.9800000190734863,3.0,2.950000047683716,2.990000009536743,681
2023-07-05,3.0,3.0399999618530273,2.9600000381469727,3.009999990463257,1804
2023-07-06,3.009999990463257,3.6600000858306885,3.0,3.5999999046325684,65032
2023-07-07,3.5999999046325684,4.5,3.5799999237060547,4.5,81416
2023-07-10,5.260000228881836,5.5,3.8299999237060547,3.940000057220459,98154
2023-07-11,3.869999885559082,4.0,3.7200000286102295,3.9000000953674316,27225
2023-07-12,3.9000000953674316,3.9000000953674316,3.759999990463257,3.9000000953674316,33085
2023-07-13,3.880000114440918,4.679999828338623,3.640000104904175,4.340000152587891,104088
2023-07-14,4.340000152587891,4.400000095367432,3.950000047683716,4.159999847412109,24237
2023-07-17,4.179999828338623,4.179999828338623,3.799999952316284,3.799999952316284,12164
2023-07-18,3.799999952316284,3.930000066757202,3.609999895095825,3.799999952316284,7347
2023-07-19,3.9200000762939453,4.190000057220459,3.700000047683716,4.150000095367432,13437
2023-07-20,4.199999809265137,4.639999866485596,3.9700000286102295,4.639999866485596,76492
2023-07-21,4.539999961853027,4.820000171661377,4.269999980926514,4.820000171661377,29679
2023-07-24,4.650000095367432,5.059999942779541,4.320000171661377,4.400000095367432,44412
2023-07-25,4.449999809265137,4.449999809265137,4.019999980926514,4.25,22546
2023-07-26,4.25,4.510000228881836,4.230000019073486,4.440000057220459,37293
2023-07-27,4.5,4.599999904632568,4.110000133514404,4.559999942779541,65468
2023-07-28,4.559999942779541,5.260000228881836,4.409999847412109,4.900000095367432,117448
2023-07-31,5.260000228881836,5.360000133514404,4.679999828338623,4.909999847412109,28588
2023-08-01,4.949999809265137,5.159999847412109,4.900000095367432,5.039999961853027,10418
2023-08-02,5.039999961853027,5.039999961853027,4.659999847412109,4.860000133514404,9345
2023-08-03,4.860000133514404,4.989999771118164,4.829999923706055,4.900000095367432,2323
2023-08-04,4.989999771118164,4.989999771118164,4.590000152587891,4.659999847412109,14479
2023-08-07,4.579999923706055,4.800000190734863,4.46999979019165,4.480000019073486,6409
2023-08-08,4.480000019073486,4.5,4.349999904632568,4.5,14613
2023-08-09,4.5,4.5,4.46999979019165,4.46999979019165,226
2023-08-10,4.46999979019165,4.46999979019165,4.099999904632568,4.099999904632568,26245
2023-08-11,4.110000133514404,4.46999979019165,4.110000133514404,4.25,10005
2023-08-14,4.25,4.650000095367432,4.25,4.5,10303
2023-08-16,4.389999866485596,4.739999771118164,4.389999866485596,4.739999771118164,9886
2023-08-17,4.75,4.940000057220459,4.559999942779541,4.739999771118164,4630
2023-08-18,4.599999904632568,4.599999904632568,4.139999866485596,4.230000019073486,17265
2023-08-21,4.230000019073486,4.289999961853027,3.809999942779541,4.139999866485596,26453
2023-08-22,4.139999866485596,4.139999866485596,3.940000057220459,4.03000020980835,6376
2023-08-23,4.03000020980835,4.429999828338623,4.03000020980835,4.090000152587891,9114
2023-08-24,4.239999771118164,4.489999771118164,4.099999904632568,4.489999771118164,8471
2023-08-25,4.489999771118164,4.599999904632568,4.369999885559082,4.599999904632568,6012
2023-08-28,4.5,4.5,4.150000095367432,4.340000152587891,7677
2023-08-29,4.340000152587891,4.389999866485596,4.159999847412109,4.159999847412109,6854
2023-08-30,4.159999847412109,4.28000020980835,3.9700000286102295,4.03000020980835,6925
2023-08-31,4.099999904632568,4.099999904632568,3.9600000381469727,3.9800000190734863,7038
2023-09-01,3.9700000286102295,4.139999866485596,3.9700000286102295,4.139999866485596,3041
2023-09-04,4.150000095367432,4.179999828338623,4.070000171661377,4.070000171661377,1352
2023-09-05,4.099999904632568,4.179999828338623,4.099999904632568,4.150000095367432,494
2023-09-06,3.9600000381469727,4.139999866485596,3.940000057220459,3.940000057220459,7187
2023-09-07,3.940000057220459,4.059999942779541,3.9100000858306885,3.9200000762939453,160
2023-09-08,3.9200000762939453,4.300000190734863,3.8499999046325684,3.990000009536743,8636
2023-09-11,4.230000019073486,4.230000019073486,3.990000009536743,4.179999828338623,5136
2023-09-12,4.25,4.25,4.070000171661377,4.070000171661377,674
2023-09-13,4.190000057220459,4.190000057220459,3.859999895095825,3.859999895095825,3757
2023-09-14,3.8399999141693115,4.0,3.8399999141693115,4.0,56
2023-09-15,3.6500000953674316,4.010000228881836,3.6500000953674316,3.8299999237060547,15380
2023-09-18,3.809999942779541,3.809999942779541,3.6700000762939453,3.759999990463257,712
2023-09-19,3.759999990463257,4.0,3.759999990463257,3.8299999237060547,6123
2023-09-20,3.869999885559082,3.869999885559082,3.7300000190734863,3.7300000190734863,311
2023-09-21,3.8499999046325684,3.880000114440918,3.8499999046325684,3.880000114440918,1125
2023-09-22,3.880000114440918,3.880000114440918,3.880000114440918,3.880000114440918,3
2023-09-25,3.740000009536743,4.0,3.5899999141693115,3.75,12822
2023-09-26,3.75,3.75,3.7200000286102295,3.7200000286102295,409
2023-09-27,3.7200000286102295,3.799999952316284,3.7200000286102295,3.799999952316284,271
2023-09-28,3.799999952316284,3.799999952316284,3.5399999618530273,3.549999952316284,4203
2023-09-29,3.549999952316284,3.5999999046325684,3.5,3.5999999046325684,3123
2023-10-02,3.5,3.5,3.4000000953674316,3.4000000953674316,1569
2023-10-03,3.4000000953674316,3.9700000286102295,3.4000000953674316,3.9200000762939453,12903
2023-10-04,3.9800000190734863,4.360000133514404,3.9000000953674316,4.300000190734863,29413
2023-10-05,4.460000038146973,4.599999904632568,4.159999847412109,4.429999828338623,17901
2023-10-06,4.429999828338623,4.429999828338623,4.019999980926514,4.289999961853027,2848
2023-10-09,4.289999961853027,4.300000190734863,3.9000000953674316,3.9000000953674316,8798
2023-10-10,3.9000000953674316,4.010000228881836,3.9000000953674316,4.010000228881836,2649
2023-10-11,4.010000228881836,4.289999961853027,3.8499999046325684,3.9000000953674316,1705
2023-10-12,3.9100000858306885,4.269999980926514,3.9100000858306885,4.269999980926514,102
2023-10-13,4.269999980926514,4.269999980926514,3.8499999046325684,3.9100000858306885,8988
2023-10-16,4.179999828338623,4.269999980926514,4.079999923706055,4.260000228881836,9278
2023-10-17,4.03000020980835,4.449999809265137,4.03000020980835,4.449999809265137,21551
2023-10-18,4.440000057220459,4.449999809265137,4.199999809265137,4.449999809265137,6717
2023-10-19,4.449999809265137,4.449999809265137,4.099999904632568,4.230000019073486,2191
2023-10-20,4.230000019073486,4.230000019073486,4.039999961853027,4.199999809265137,926
2023-10-23,4.230000019073486,4.349999904632568,4.059999942779541,4.349999904632568,4560
2023-10-24,4.329999923706055,4.329999923706055,4.170000076293945,4.170000076293945,31
2023-10-25,4.28000020980835,4.28000020980835,4.079999923706055,4.139999866485596,256
2023-10-26,4.150000095367432,4.159999847412109,3.9600000381469727,4.159999847412109,615
2023-10-27,4.269999980926514,4.269999980926514,4.079999923706055,4.159999847412109,1090
2023-10-30,4.159999847412109,4.159999847412109,3.9700000286102295,3.9700000286102295,130
2023-10-31,3.9700000286102295,4.159999847412109,3.9700000286102295,4.139999866485596,2669
2023-11-02,4.139999866485596,4.139999866485596,4.139999866485596,4.139999866485596,11
2023-11-03,4.139999866485596,4.139999866485596,4.0,4.110000133514404,1531
2023-11-06,4.139999866485596,4.150000095367432,3.9000000953674316,4.099999904632568,13821
2023-11-07,4.099999904632568,4.099999904632568,4.099999904632568,4.099999904632568,5
2023-11-08,4.099999904632568,4.099999904632568,4.050000190734863,4.050000190734863,3314
2023-11-09,4.070000171661377,4.070000171661377,3.9200000762939453,3.9200000762939453,1036
2023-11-10,4.010000228881836,4.010000228881836,3.799999952316284,3.8399999141693115,2907
2023-11-13,3.9700000286102295,3.9700000286102295,3.640000104904175,3.7200000286102295,3108
2023-11-14,3.7100000381469727,3.859999895095825,3.5,3.5999999046325684,14056
2023-11-15,3.640000104904175,3.8399999141693115,3.4600000381469727,3.75,20115
2023-11-16,3.8399999141693115,4.199999809265137,3.7799999713897705,4.150000095367432,41034
2023-11-17,4.150000095367432,4.289999961853027,3.7799999713897705,4.0,6180
2023-11-20,4.0,4.0,3.9800000190734863,3.9800000190734863,124
2023-11-21,4.070000171661377,4.070000171661377,3.7200000286102295,3.9800000190734863,17135
2023-11-22,4.050000190734863,4.050000190734863,3.7799999713897705,3.7799999713897705,8096
2023-11-23,3.680000066757202,3.75,3.440000057220459,3.75,8702
2023-11-24,3.75,3.7799999713897705,3.7300000190734863,3.7799999713897705,1434
2023-11-27,3.8299999237060547,3.859999895095825,3.8299999237060547,3.8299999237060547,1553
2023-11-28,3.809999942779541,3.809999942779541,3.7699999809265137,3.7699999809265137,880
2023-11-29,3.7699999809265137,3.8499999046325684,3.7699999809265137,3.8499999046325684,248
2023-11-30,3.8499999046325684,3.8499999046325684,3.7200000286102295,3.7200000286102295,904
2023-12-01,3.7200000286102295,3.859999895095825,3.7200000286102295,3.740000009536743,6594
2023-12-04,3.740000009536743,3.8299999237060547,3.740000009536743,3.740000009536743,2003
2023-12-05,3.740000009536743,3.9800000190734863,3.6600000858306885,3.6700000762939453,8493
2023-12-06,3.8399999141693115,3.8399999141693115,3.5899999141693115,3.740000009536743,2368
2023-12-07,3.740000009536743,3.8299999237060547,3.369999885559082,3.809999942779541,27717
2023-12-08,3.799999952316284,3.799999952316284,3.5999999046325684,3.75,781
2023-12-11,3.5,3.75,3.440000057220459,3.5199999809265137,7146
2023-12-12,3.5999999046325684,3.5999999046325684,3.5,3.5,2501
2023-12-13,3.5899999141693115,3.740000009536743,3.5899999141693115,3.619999885559082,5966
2023-12-14,3.7300000190734863,3.869999885559082,3.680000066757202,3.819999933242798,6256
2023-12-15,3.809999942779541,3.809999942779541,3.700000047683716,3.809999942779541,1113
2023-12-18,3.799999952316284,3.799999952316284,3.5,3.700000047683716,6016
2023-12-19,3.700000047683716,3.700000047683716,3.700000047683716,3.700000047683716,1023
2023-12-20,3.7100000381469727,3.7100000381469727,3.5999999046325684,3.5999999046325684,571
2023-12-21,3.5999999046325684,3.619999885559082,3.4800000190734863,3.4800000190734863,7412
2023-12-22,3.4800000190734863,3.640000104904175,3.4100000858306885,3.4200000762939453,4857
2023-12-27,3.4200000762939453,3.640000104904175,3.0999999046325684,3.640000104904175,79620
2023-12-28,3.640000104904175,3.640000104904175,3.369999885559082,3.640000104904175,4050
2023-12-29,3.6500000953674316,3.859999895095825,3.380000114440918,3.75,19145
2024-01-02,3.7699999809265137,3.7699999809265137,3.5399999618530273,3.7200000286102295,2494
2024-01-03,3.7200000286102295,4.0,3.5,3.990000009536743,10103
2024-01-04,3.990000009536743,3.990000009536743,3.700000047683716,3.880000114440918,2511
2024-01-05,3.859999895095825,3.859999895095825,3.680000066757202,3.7899999618530273,2292
2024-01-08,3.7899999618530273,3.7899999618530273,3.619999885559082,3.75,3273
2024-01-09,3.75,3.799999952316284,3.619999885559082,3.7899999618530273,44776
2024-01-10,3.799999952316284,3.9000000953674316,3.7899999618530273,3.7899999618530273,3057
2024-01-11,3.8499999046325684,3.859999895095825,3.7799999713897705,3.859999895095825,2612
2024-01-12,3.859999895095825,3.859999895095825,3.8299999237060547,3.8299999237060547,44
2024-01-15,3.8299999237060547,3.880000114440918,3.740000009536743,3.880000114440918,1318
2024-01-16,3.880000114440918,3.880000114440918,3.880000114440918,3.880000114440918,36
2024-01-17,3.880000114440918,3.9000000953674316,3.880000114440918,3.9000000953674316,1009
2024-01-18,3.9200000762939453,4.099999904632568,3.8399999141693115,4.099999904632568,4648
2024-01-19,4.099999904632568,4.099999904632568,3.930000066757202,3.930000066757202,2980
2024-01-22,3.930000066757202,3.930000066757202,3.7200000286102295,3.809999942779541,4449
2024-01-23,3.809999942779541,3.880000114440918,3.690000057220459,3.75,6949
2024-01-24,3.75,3.890000104904175,3.75,3.8499999046325684,3023
2024-01-25,3.880000114440918,3.880000114440918,3.680000066757202,3.700000047683716,3055
2024-01-26,3.700000047683716,3.7799999713897705,3.700000047683716,3.7799999713897705,1414
2024-01-29,3.7799999713897705,3.809999942779541,3.680000066757202,3.7899999618530273,3724
2024-01-30,3.7899999618530273,3.7899999618530273,3.680000066757202,3.7899999618530273,433
2024-01-31,3.7799999713897705,3.8399999141693115,3.6600000858306885,3.8399999141693115,3357
2024-02-01,3.8399999141693115,4.0,3.8399999141693115,3.880000114440918,3469
2024-02-02,4.039999961853027,4.090000152587891,3.7100000381469727,3.869999885559082,15905
2024-02-05,3.869999885559082,3.9200000762939453,3.7300000190734863,3.740000009536743,9460
2024-02-06,3.890000104904175,3.9000000953674316,3.7100000381469727,3.859999895095825,1839
2024-02-07,3.880000114440918,3.880000114440918,3.7100000381469727,3.869999885559082,1150
2024-02-08,3.859999895095825,3.859999895095825,3.7100000381469727,3.8499999046325684,23609
2024-02-09,3.8499999046325684,3.869999885559082,3.7100000381469727,3.8499999046325684,5424
2024-02-12,3.8499999046325684,3.8499999046325684,3.5999999046325684,3.7100000381469727,11635
2024-02-13,3.7100000381469727,3.7100000381469727,3.5799999237060547,3.700000047683716,42894
2024-02-14,3.700000047683716,3.700000047683716,3.5999999046325684,3.5999999046325684,22063
2024-02-15,3.690000057220459,3.7100000381469727,3.569999933242798,3.5999999046325684,1660
2024-02-16,3.609999895095825,3.880000114440918,3.609999895095825,3.6500000953674316,7906
2024-02-19,3.619999885559082,3.7699999809265137,3.619999885559082,3.690000057220459,2003
2024-02-20,3.690000057220459,3.700000047683716,3.690000057220459,3.700000047683716,203
2024-02-21,3.7699999809265137,3.7699999809265137,3.6500000953674316,3.7699999809265137,670
2024-02-22,3.7699999809265137,3.7799999713897705,3.640000104904175,3.7799999713897705,560
2024-02-23,3.819999933242798,4.050000190734863,3.640000104904175,3.6700000762939453,51358
2024-02-26,3.690000057220459,3.8399999141693115,3.6600000858306885,3.7699999809265137,7711
2024-02-27,3.7699999809265137,3.7699999809265137,3.7300000190734863,3.7300000190734863,624
2024-02-28,3.7699999809265137,3.809999942779541,3.700000047683716,3.7799999713897705,4689
2024-02-29,3.7799999713897705,3.7799999713897705,3.7799999713897705,3.7799999713897705,3
2024-03-01,3.7799999713897705,3.7799999713897705,3.6700000762939453,3.7799999713897705,1439
2024-03-04,3.7799999713897705,3.7799999713897705,3.700000047683716,3.7799999713897705,149
2024-03-05,3.7799999713897705,3.7799999713897705,3.630000114440918,3.6500000953674316,12081
2024-03-06,3.619999885559082,3.9000000953674316,3.619999885559082,3.8499999046325684,13482
2024-03-07,3.819999933242798,3.8299999237060547,3.6500000953674316,3.740000009536743,3950
2024-03-08,3.759999990463257,3.759999990463257,3.4600000381469727,3.5999999046325684,17356
2024-03-11,3.5999999046325684,3.819999933242798,3.4800000190734863,3.690000057220459,9722
2024-03-12,3.690000057220459,3.7200000286102295,3.4600000381469727,3.7200000286102295,59658
2024-03-13,3.7200000286102295,3.7300000190734863,3.630000114440918,3.6500000953674316,3411
2024-03-14,3.690000057220459,3.700000047683716,3.4600000381469727,3.609999895095825,3381
2024-03-15,3.609999895095825,3.609999895095825,3.440000057220459,3.5,3834
2024-03-18,3.5,3.5,3.319999933242798,3.4800000190734863,10660
2024-03-19,3.390000104904175,3.4600000381469727,3.319999933242798,3.390000104904175,2656
2024-03-20,3.390000104904175,3.390000104904175,3.130000114440918,3.299999952316284,9170
2024-03-21,3.299999952316284,3.700000047683716,3.1600000858306885,3.5199999809265137,15148
2024-03-22,3.5199999809265137,3.5199999809265137,3.5,3.5,23
2024-03-25,3.5,3.680000066757202,3.5,3.680000066757202,5507
2024-03-26,3.680000066757202,3.680000066757202,3.5799999237060547,3.680000066757202,365
2024-03-27,3.700000047683716,3.700000047683716,3.5999999046325684,3.680000066757202,195
2024-03-28,3.700000047683716,3.700000047683716,3.5799999237060547,3.5999999046325684,4250
2024-04-02,3.5999999046325684,3.700000047683716,3.509999990463257,3.700000047683716,2166
2024-04-03,3.509999990463257,3.5999999046325684,3.509999990463257,3.5199999809265137,73
2024-04-04,3.5899999141693115,3.5899999141693115,3.5,3.5,158
2024-04-05,3.5799999237060547,3.5799999237060547,3.569999933242798,3.569999933242798,353
2024-04-08,3.5799999237060547,3.5799999237060547,3.450000047683716,3.450000047683716,731
2024-04-09,3.450000047683716,3.5799999237060547,3.450000047683716,3.5799999237060547,64
2024-04-10,3.569999933242798,3.5999999046325684,3.4600000381469727,3.549999952316284,4295
2024-04-11,3.5999999046325684,3.5999999046325684,3.4200000762939453,3.569999933242798,31733
2024-04-12,3.5799999237060547,3.5799999237060547,3.380000114440918,3.5299999713897705,3461
2024-04-15,3.5299999713897705,3.5299999713897705,3.4200000762939453,3.5299999713897705,133
2024-04-16,3.5199999809265137,3.5199999809265137,3.380000114440918,3.509999990463257,763
2024-04-17,3.5,3.5,3.380000114440918,3.5,216
2024-04-18,3.5,3.509999990463257,3.5,3.509999990463257,604
2024-04-19,3.509999990463257,3.509999990463257,3.390000104904175,3.490000009536743,1033
2024-04-22,3.490000009536743,3.490000009536743,3.390000104904175,3.4800000190734863,44
2024-04-23,3.4800000190734863,3.4800000190734863,3.4000000953674316,3.4000000953674316,518
2024-04-24,3.4000000953674316,3.4000000953674316,3.369999885559082,3.369999885559082,3764
2024-04-25,3.359999895095825,3.359999895095825,3.3299999237060547,3.3299999237060547,315
2024-04-26,3.240000009536743,3.240000009536743,2.8299999237060547,2.869999885559082,52407
2024-04-29,2.869999885559082,2.869999885559082,2.5899999141693115,2.5999999046325684,28955
2024-04-30,2.609999895095825,2.869999885559082,2.5999999046325684,2.6500000953674316,15548
2024-05-02,2.700000047683716,2.9700000286102295,2.700000047683716,2.950000047683716,10740
2024-05-06,2.950000047683716,2.950000047683716,2.630000114440918,2.740000009536743,10975
2024-05-07,2.740000009536743,2.7899999618530273,2.5,2.6500000953674316,44305
2024-05-08,2.6700000762939453,2.700000047683716,2.549999952316284,2.549999952316284,9221
2024-05-09,2.569999933242798,2.6500000953674316,2.5399999618530273,2.5899999141693115,21069
2024-05-10,2.5999999046325684,2.630000114440918,2.5,2.5399999618530273,5852
2024-05-13,2.549999952316284,2.5999999046325684,2.5399999618530273,2.5399999618530273,22347
2024-05-14,2.5899999141693115,2.5999999046325684,2.5399999618530273,2.549999952316284,2516
2024-05-15,2.5899999141693115,2.6500000953674316,2.549999952316284,2.6500000953674316,7307
2024-05-16,2.619999885559082,2.7899999618530273,2.619999885559082,2.7799999713897705,6509
2024-05-17,2.7799999713897705,2.8399999141693115,2.680000066757202,2.8399999141693115,7087
2024-05-20,2.8399999141693115,2.9000000953674316,2.7200000286102295,2.7200000286102295,12700
2024-05-21,2.7200000286102295,2.8299999237060547,2.6700000762939453,2.700000047683716,10445
2024-05-22,2.75,2.75,2.5799999237060547,2.640000104904175,12795
2024-05-23,2.640000104904175,2.6600000858306885,2.5899999141693115,2.640000104904175,15032
2024-05-24,2.5799999237060547,2.6600000858306885,2.5799999237060547,2.6500000953674316,2762
2024-05-27,2.6500000953674316,2.6500000953674316,2.6500000953674316,2.6500000953674316,1037
2024-05-28,2.6600000858306885,2.6600000858306885,2.5999999046325684,2.6500000953674316,1144
2024-05-29,2.6500000953674316,2.6500000953674316,2.5999999046325684,2.6500000953674316,8670
2024-05-31,2.6600000858306885,2.6600000858306885,2.6500000953674316,2.6500000953674316,1890
2024-06-03,2.6500000953674316,2.6500000953674316,2.549999952316284,2.640000104904175,8621
2024-06-04,2.6500000953674316,2.6500000953674316,2.5799999237060547,2.5799999237060547,1127
2024-06-05,2.5799999237060547,2.5999999046325684,2.5799999237060547,2.5999999046325684,510
2024-06-06,2.5999999046325684,2.5999999046325684,2.569999933242798,2.569999933242798,10764
2024-06-07,2.569999933242798,2.5899999141693115,2.5299999713897705,2.5299999713897705,5150
2024-06-10,2.5399999618530273,2.5899999141693115,2.5399999618530273,2.5399999618530273,48
2024-06-11,2.5399999618530273,2.5799999237060547,2.450000047683716,2.450000047683716,13240
2024-06-12,2.5,2.5,2.5,2.5,1704
2024-06-13,2.4600000381469727,2.549999952316284,2.4600000381469727,2.4700000286102295,76
2024-06-14,2.549999952316284,2.549999952316284,2.490000009536743,2.490000009536743,7093
2024-06-17,2.5299999713897705,2.5299999713897705,2.4200000762939453,2.430000066757202,2767
2024-06-18,2.4700000286102295,2.4800000190734863,2.4000000953674316,2.4100000858306885,2483
2024-06-19,2.4100000858306885,2.4800000190734863,2.4000000953674316,2.4000000953674316,6744
2024-06-20,2.4000000953674316,2.4000000953674316,2.4000000953674316,2.4000000953674316,2032
2024-06-21,2.4000000953674316,2.4100000858306885,2.3499999046325684,2.4100000858306885,2033
2024-06-24,2.440000057220459,2.440000057220459,2.3499999046325684,2.4100000858306885,1082
2024-06-25,2.4000000953674316,2.4000000953674316,2.369999885559082,2.4000000953674316,504
2024-06-26,2.4000000953674316,2.4000000953674316,2.359999895095825,2.4000000953674316,1069
2024-06-27,2.4000000953674316,2.4200000762939453,2.3499999046325684,2.4200000762939453,7203
2024-06-28,2.450000047683716,2.450000047683716,2.369999885559082,2.380000114440918,9570
2024-07-01,2.380000114440918,2.549999952316284,2.3299999237060547,2.380000114440918,14619
2024-07-02,2.380000114440918,2.440000057220459,2.380000114440918,2.4000000953674316,420
2024-07-03,2.440000057220459,2.440000057220459,2.4000000953674316,2.4000000953674316,3750
2024-07-04,2.4000000953674316,2.4000000953674316,2.380000114440918,2.4000000953674316,15184
2024-07-05,2.4200000762939453,2.4200000762939453,2.380000114440918,2.4200000762939453,1240
2024-07-08,2.4200000762939453,2.440000057220459,2.3399999141693115,2.4000000953674316,12816
2024-07-09,2.3499999046325684,2.4000000953674316,2.3499999046325684,2.4000000953674316,274
2024-07-10,2.4000000953674316,2.4000000953674316,2.369999885559082,2.390000104904175,1726
2024-07-11,2.390000104904175,2.390000104904175,2.369999885559082,2.380000114440918,605
2024-07-12,2.4100000858306885,2.4100000858306885,2.3399999141693115,2.359999895095825,2413
2024-07-15,2.359999895095825,2.4100000858306885,2.3299999237060547,2.4100000858306885,433
2024-07-16,2.3499999046325684,2.390000104904175,2.3499999046325684,2.390000104904175,70
2024-07-17,2.359999895095825,2.4100000858306885,2.3399999141693115,2.369999885559082,2094
2024-07-18,2.369999885559082,2.369999885559082,2.3299999237060547,2.3299999237060547,1508
2024-07-19,2.3299999237060547,2.4000000953674316,2.3299999237060547,2.4000000953674316,224
2024-07-22,2.4000000953674316,2.4000000953674316,2.4000000953674316,2.4000000953674316,1645
2024-07-23,2.4000000953674316,2.4000000953674316,2.3499999046325684,2.3499999046325684,1408
2024-07-24,2.3499999046325684,2.4000000953674316,2.3499999046325684,2.4000000953674316,1170
2024-07-25,2.4000000953674316,2.4000000953674316,2.3499999046325684,2.4000000953674316,15
2024-07-26,2.4000000953674316,2.4000000953674316,2.4000000953674316,2.4000000953674316,8
2024-07-29,2.4000000953674316,2.4000000953674316,2.3499999046325684,2.390000104904175,2621
2024-07-30,2.390000104904175,2.390000104904175,2.390000104904175,2.390000104904175,195
2024-07-31,2.390000104904175,2.4100000858306885,2.309999942779541,2.390000104904175,79392
2024-08-01,2.390000104904175,2.390000104904175,2.390000104904175,2.390000104904175,509
2024-08-02,2.390000104904175,2.390000104904175,2.390000104904175,2.390000104904175,8
2024-08-05,2.3499999046325684,2.3499999046325684,2.259999990463257,2.309999942779541,9224
2024-08-06,2.3499999046325684,2.3499999046325684,2.3499999046325684,2.3499999046325684,395
2024-08-07,2.3499999046325684,2.390000104904175,2.3499999046325684,2.390000104904175,2353
2024-08-08,2.390000104904175,2.390000104904175,2.2799999713897705,2.2899999618530273,5187
2024-08-09,2.299999952316284,2.299999952316284,2.240000009536743,2.2699999809265137,8812
2024-08-12,2.2699999809265137,2.299999952316284,2.240000009536743,2.25,2779
2024-08-13,2.299999952316284,2.299999952316284,2.240000009536743,2.240000009536743,404
2024-08-14,2.240000009536743,2.25,2.240000009536743,2.25,1090
2024-08-16,2.2899999618530273,2.2899999618530273,2.2300000190734863,2.2899999618530273,3560
2024-08-19,2.2899999618530273,2.390000104904175,2.2300000190734863,2.319999933242798,11003
2024-08-20,2.359999895095825,2.8399999141693115,2.359999895095825,2.759999990463257,88733
2024-08-21,2.7899999618530273,3.3399999141693115,2.7899999618530273,2.9200000762939453,57113
2024-08-22,2.9000000953674316,3.180000066757202,2.6500000953674316,2.819999933242798,25629
2024-08-23,2.9000000953674316,2.9000000953674316,2.7699999809265137,2.890000104904175,3880
2024-08-26,2.890000104904175,3.4800000190734863,2.890000104904175,3.0899999141693115,47013
2024-08-27,3.0899999141693115,3.0899999141693115,2.7899999618530273,3.0199999809265137,35321
2024-08-28,3.0299999713897705,3.069999933242798,2.799999952316284,2.799999952316284,2903
2024-08-29,2.950000047683716,2.950000047683716,2.809999942779541,2.859999895095825,3070
2024-08-30,2.950000047683716,2.950000047683716,2.8299999237060547,2.950000047683716,736
2024-09-02,2.950000047683716,2.990000009536743,2.859999895095825,2.9700000286102295,3578
2024-09-03,2.9700000286102295,3.0899999141693115,2.7899999618530273,2.9000000953674316,7638
2024-09-04,2.9000000953674316,3.0999999046325684,2.799999952316284,3.0899999141693115,10123
2024-09-05,3.0899999141693115,3.1700000762939453,2.9200000762939453,3.0399999618530273,20809
2024-09-06,3.0399999618530273,3.0399999618530273,2.880000114440918,2.880000114440918,4474
2024-09-09,2.990000009536743,2.990000009536743,2.809999942779541,2.9200000762939453,5037
2024-09-10,3.1500000953674316,3.1500000953674316,2.930000066757202,2.930000066757202,9476
2024-09-11,2.930000066757202,2.940000057220459,2.869999885559082,2.940000057220459,3370
2024-09-12,3.0399999618530273,3.049999952316284,2.7799999713897705,2.8299999237060547,10808
2024-09-13,2.8499999046325684,2.8499999046325684,2.8299999237060547,2.8299999237060547,59
2024-09-16,2.759999990463257,2.8399999141693115,2.759999990463257,2.799999952316284,670
2024-09-17,2.8399999141693115,3.0999999046325684,2.75,2.8499999046325684,47515
2024-09-18,2.890000104904175,2.930000066757202,2.819999933242798,2.819999933242798,3229
2024-09-19,2.9100000858306885,2.9100000858306885,2.619999885559082,2.619999885559082,29251
2024-09-20,2.700000047683716,2.799999952316284,2.6500000953674316,2.700000047683716,3213
2024-09-23,2.700000047683716,2.700000047683716,2.5899999141693115,2.609999895095825,3628
2024-09-24,2.6600000858306885,2.6600000858306885,2.5399999618530273,2.5399999618530273,3947
2024-09-25,2.5399999618530273,2.630000114440918,2.5399999618530273,2.630000114440918,1406
2024-09-26,2.630000114440918,2.630000114440918,2.569999933242798,2.630000114440918,32
2024-09-27,2.630000114440918,2.630000114440918,2.5199999809265137,2.5999999046325684,1243
2024-09-30,2.5999999046325684,2.5999999046325684,2.5399999618530273,2.549999952316284,305
2024-10-01,2.549999952316284,2.5999999046325684,2.549999952316284,2.5999999046325684,2481
2024-10-02,2.5999999046325684,2.640000104904175,2.5299999713897705,2.630000114440918,1971
2024-10-03,2.630000114440918,2.630000114440918,2.4800000190734863,2.4800000190734863,7733
2024-10-04,2.5299999713897705,2.5899999141693115,2.4800000190734863,2.549999952316284,3676
2024-10-07,2.5799999237060547,2.5799999237060547,2.5299999713897705,2.5799999237060547,837
2024-10-08,2.609999895095825,2.609999895095825,2.3499999046325684,2.4000000953674316,14845
2024-10-09,2.450000047683716,2.5299999713897705,2.4000000953674316,2.450000047683716,598
2024-10-10,2.4000000953674316,2.450000047683716,2.4000000953674316,2.450000047683716,168
2024-10-11,2.5299999713897705,2.5299999713897705,2.450000047683716,2.450000047683716,508
2024-10-14,2.5299999713897705,2.5299999713897705,2.4000000953674316,2.450000047683716,835
2024-10-15,2.5199999809265137,2.5899999141693115,2.4600000381469727,2.4600000381469727,3584
2024-10-16,2.4600000381469727,2.5,2.4600000381469727,2.4700000286102295,2497
2024-10-17,2.4800000190734863,2.4800000190734863,2.3399999141693115,2.440000057220459,2631
2024-10-18,2.450000047683716,2.450000047683716,2.3399999141693115,2.4000000953674316,1633
2024-10-21,2.450000047683716,2.5,2.3399999141693115,2.4000000953674316,1706
2024-10-22,2.450000047683716,2.450000047683716,2.299999952316284,2.319999933242798,10311
2024-10-23,2.4000000953674316,2.4200000762939453,2.1600000858306885,2.2899999618530273,14128
2024-10-24,2.2899999618530273,2.4700000286102295,2.2899999618530273,2.359999895095825,11478
2024-10-25,2.359999895095825,2.359999895095825,2.3399999141693115,2.3499999046325684,1706
2024-10-28,2.3399999141693115,2.3399999141693115,2.2200000286102295,2.299999952316284,2379
2024-10-29,2.2799999713897705,2.359999895095825,2.25,2.319999933242798,6886
2024-10-30,2.359999895095825,2.380000114440918,2.319999933242798,2.319999933242798,2419
2024-10-31,2.380000114440918,2.380000114440918,2.259999990463257,2.309999942779541,2624
2024-11-04,2.299999952316284,2.3399999141693115,2.299999952316284,2.3399999141693115,4440
2024-11-05,2.369999885559082,2.369999885559082,2.369999885559082,2.369999885559082,6019
2024-11-06,2.359999895095825,2.359999895095825,2.359999895095825,2.359999895095825,282
2024-11-07,2.359999895095825,2.390000104904175,2.3499999046325684,2.3499999046325684,2655
2024-11-08,2.390000104904175,2.4000000953674316,2.390000104904175,2.4000000953674316,207
2024-11-12,2.4000000953674316,2.430000066757202,2.1600000858306885,2.2899999618530273,10496
2024-11-13,2.299999952316284,2.380000114440918,2.2799999713897705,2.380000114440918,3796
2024-11-14,2.380000114440918,2.5199999809265137,2.359999895095825,2.5,21289
2024-11-15,2.5199999809265137,2.9100000858306885,2.5199999809265137,2.7200000286102295,34782
2024-11-18,2.799999952316284,2.869999885559082,2.6700000762939453,2.700000047683716,8778
2024-11-19,2.6600000858306885,2.6600000858306885,2.440000057220459,2.619999885559082,6975
2024-11-20,2.619999885559082,2.680000066757202,2.359999895095825,2.5,5423
2024-11-21,2.5,2.5799999237060547,2.5,2.5299999713897705,1690
2024-11-22,2.5999999046325684,2.5999999046325684,2.4000000953674316,2.4600000381469727,1063
2024-11-25,2.5,2.75,2.430000066757202,2.690000057220459,14210
2024-11-26,2.690000057220459,2.7300000190734863,2.5999999046325684,2.5999999046325684,1521
2024-11-27,2.6600000858306885,2.7300000190734863,2.559999942779541,2.700000047683716,7131
2024-11-28,2.7300000190734863,2.7300000190734863,2.5899999141693115,2.700000047683716,249
2024-11-29,2.700000047683716,2.700000047683716,2.5799999237060547,2.6600000858306885,1241
2024-12-02,2.6600000858306885,2.799999952316284,2.509999990463257,2.7699999809265137,3152
2024-12-03,2.7899999618530273,2.7899999618530273,2.640000104904175,2.640000104904175,127
2024-12-04,2.700000047683716,2.7300000190734863,2.690000057220459,2.690000057220459,126
2024-12-05,2.690000057220459,2.690000057220459,2.430000066757202,2.430000066757202,5054
2024-12-06,2.5899999141693115,2.6600000858306885,2.390000104904175,2.430000066757202,19421
2024-12-09,2.5399999618530273,2.5399999618530273,2.4800000190734863,2.4800000190734863,3906
2024-12-10,2.4800000190734863,2.7200000286102295,2.4800000190734863,2.5999999046325684,16142
2024-12-11,2.7100000381469727,2.7300000190734863,2.680000066757202,2.690000057220459,10917
2024-12-12,2.7300000190734863,2.7300000190734863,2.609999895095825,2.609999895095825,2386
2024-12-13,2.680000066757202,2.690000057220459,2.680000066757202,2.680000066757202,1063
2024-12-16,2.680000066757202,2.680000066757202,2.619999885559082,2.640000104904175,31686
2024-12-17,2.640000104904175,2.690000057220459,2.559999942779541,2.559999942779541,288
2024-12-18,2.680000066757202,2.680000066757202,2.5799999237060547,2.5799999237060547,137
2024-12-19,2.5899999141693115,2.6600000858306885,2.5799999237060547,2.6600000858306885,951
2024-12-20,2.6600000858306885,2.6600000858306885,2.569999933242798,2.569999933242798,425
2024-12-23,2.640000104904175,2.640000104904175,2.390000104904175,2.509999990463257,2942
2024-12-27,2.509999990463257,2.5999999046325684,2.509999990463257,2.5999999046325684,605
2024-12-30,2.5999999046325684,2.6600000858306885,2.369999885559082,2.569999933242798,17439
2025-01-02,2.640000104904175,2.799999952316284,2.569999933242798,2.799999952316284,1870
2025-01-03,2.690000057220459,2.7899999618530273,2.619999885559082,2.7100000381469727,7196
2025-01-07,2.700000047683716,2.700000047683716,2.6500000953674316,2.700000047683716,29
2025-01-08,2.700000047683716,2.700000047683716,2.680000066757202,2.680000066757202,238
2025-01-09,2.700000047683716,2.700000047683716,2.430000066757202,2.5399999618530273,20271
2025-01-10,2.5,2.990000009536743,2.5,2.9200000762939453,30243
2025-01-13,2.9000000953674316,2.9000000953674316,2.7200000286102295,2.7799999713897705,8046
2025-01-14,2.859999895095825,2.859999895095825,2.690000057220459,2.7200000286102295,7000
2025-01-15,2.7799999713897705,2.7799999713897705,2.740000009536743,2.740000009536743,503
2025-01-16,2.740000009536743,2.740000009536743,2.690000057220459,2.690000057220459,205
2025-01-17,2.7100000381469727,2.7100000381469727,2.640000104904175,2.640000104904175,4235
2025-01-20,2.690000057220459,2.690000057220459,2.609999895095825,2.6500000953674316,2426
2025-01-21,2.6600000858306885,2.6700000762939453,2.5799999237060547,2.6500000953674316,3385
2025-01-22,2.6600000858306885,2.6600000858306885,2.5999999046325684,2.6600000858306885,757
2025-01-23,2.6600000858306885,2.6700000762939453,2.5999999046325684,2.6700000762939453,1860
2025-01-24,2.640000104904175,2.6500000953674316,2.619999885559082,2.6500000953674316,3516
2025-01-27,2.6500000953674316,2.6500000953674316,2.4800000190734863,2.559999942779541,4793
2025-01-28,2.559999942779541,2.5799999237060547,2.559999942779541,2.5799999237060547,1217
2025-01-29,2.5799999237060547,2.690000057220459,2.509999990463257,2.5799999237060547,5028
2025-01-30,2.5799999237060547,2.680000066757202,2.5799999237060547,2.680000066757202,1006
2025-01-31,2.690000057220459,2.75,2.609999895095825,2.690000057220459,4548
2025-02-03,2.75,2.75,2.5799999237060547,2.640000104904175,5350
2025-02-04,2.6700000762939453,3.0399999618530273,2.559999942779541,2.7799999713897705,32192
2025-02-05,2.7699999809265137,2.8499999046325684,2.680000066757202,2.8499999046325684,11183
2025-02-06,2.7699999809265137,3.109999895095825,2.7699999809265137,3.0999999046325684,69499
2025-02-07,3.0999999046325684,3.259999990463257,3.009999990463257,3.240000009536743,39250
2025-02-10,3.259999990463257,3.4800000190734863,3.259999990463257,3.430000066757202,32878
2025-02-11,3.4800000190734863,3.4800000190734863,3.299999952316284,3.299999952316284,15939
2025-02-12,3.299999952316284,3.430000066757202,3.299999952316284,3.3399999141693115,31842
2025-02-13,3.3399999141693115,3.430000066757202,3.3399999141693115,3.430000066757202,16605
2025-02-14,3.430000066757202,3.640000104904175,3.430000066757202,3.5199999809265137,16957
2025-02-17,3.509999990463257,3.8299999237060547,3.509999990463257,3.759999990463257,22008
2025-02-18,3.759999990463257,3.9000000953674316,3.6600000858306885,3.809999942779541,14694
2025-02-19,3.809999942779541,3.809999942779541,3.509999990463257,3.549999952316284,12904
2025-02-20,3.5999999046325684,3.5999999046325684,3.569999933242798,3.5799999237060547,1508
2025-02-21,3.6600000858306885,3.6600000858306885,3.4100000858306885,3.5399999618530273,4347
2025-02-24,3.4600000381469727,3.5199999809265137,3.319999933242798,3.390000104904175,13041
2025-02-25,3.259999990463257,3.369999885559082,3.259999990463257,3.3299999237060547,2865
2025-02-26,3.3299999237060547,3.3299999237060547,3.2200000286102295,3.2899999618530273,2870
2025-02-27,3.2899999618530273,3.490000009536743,3.2799999713897705,3.450000047683716,7519
2025-02-28,3.450000047683716,3.450000047683716,3.2799999713897705,3.380000114440918,10668
2025-03-03,3.3499999046325684,3.390000104904175,3.309999942779541,3.369999885559082,61
2025-03-04,3.380000114440918,3.380000114440918,3.0799999237060547,3.190000057220459,15201
2025-03-05,3.240000009536743,3.3399999141693115,3.2200000286102295,3.309999942779541,8011
2025-03-06,3.309999942779541,3.390000104904175,3.309999942779541,3.390000104904175,5432
2025-03-07,3.390000104904175,3.4000000953674316,3.319999933242798,3.390000104904175,2831
2025-03-10,3.4200000762939453,3.4200000762939453,3.2799999713897705,3.380000114440918,1015
2025-03-11,3.4000000953674316,3.4200000762939453,3.2799999713897705,3.369999885559082,473
2025-03-12,3.390000104904175,3.390000104904175,3.2699999809265137,3.359999895095825,3649
2025-03-13,3.359999895095825,3.359999895095825,3.2300000190734863,3.3499999046325684,4585
2025-03-14,3.3499999046325684,3.3499999046325684,3.299999952316284,3.3299999237060547,108
2025-03-17,3.190000057220459,3.190000057220459,2.880000114440918,3.130000114440918,36052
2025-03-18,3.0899999141693115,3.0899999141693115,3.0199999809265137,3.0799999237060547,4656
2025-03-19,3.0799999237060547,3.0799999237060547,3.0199999809265137,3.0299999713897705,3068
2025-03-20,3.049999952316284,3.0799999237060547,3.049999952316284,3.0799999237060547,230
2025-03-21,3.119999885559082,3.1700000762939453,3.0999999046325684,3.0999999046325684,3027
2025-03-24,3.0999999046325684,3.200000047683716,3.0899999141693115,3.200000047683716,967
2025-03-25,3.200000047683716,3.200000047683716,3.0899999141693115,3.0999999046325684,2058
2025-03-26,3.0999999046325684,3.200000047683716,3.049999952316284,3.130000114440918,1352
2025-03-27,3.119999885559082,3.119999885559082,2.990000009536743,3.0899999141693115,4542
2025-03-28,3.0199999809265137,3.0999999046325684,3.0199999809265137,3.0999999046325684,1092
2025-03-31,3.0999999046325684,3.0999999046325684,2.9000000953674316,2.990000009536743,4944
2025-04-01,3.0,3.0199999809265137,3.0,3.0199999809265137,4098
2025-04-02,3.0799999237060547,3.0799999237060547,3.049999952316284,3.0799999237060547,182
2025-04-03,3.0799999237060547,3.0899999141693115,2.9100000858306885,3.0399999618530273,4328
2025-04-04,3.0299999713897705,3.0299999713897705,2.9200000762939453,3.0,2002
2025-04-07,3.0,3.200000047683716,2.869999885559082,3.200000047683716,16347
2025-04-08,2.9100000858306885,3.0999999046325684,2.9100000858306885,3.0199999809265137,1227
2025-04-09,2.930000066757202,3.059999942779541,2.930000066757202,2.940000057220459,872
2025-04-10,3.0199999809265137,3.0399999618530273,2.950000047683716,2.950000047683716,654
2025-04-11,2.9600000381469727,3.0399999618530273,2.9600000381469727,3.0399999618530273,1208
2025-04-14,3.0399999618530273,3.0899999141693115,3.0399999618530273,3.0799999237060547,1468
2025-04-15,3.0799999237060547,3.240000009536743,3.0799999237060547,3.0799999237060547,6933
2025-04-16,3.109999895095825,3.240000009536743,3.109999895095825,3.119999885559082,1152
2025-04-17,3.240000009536743,3.25,3.119999885559082,3.2300000190734863,3837
2025-04-22,3.2300000190734863,3.509999990463257,3.119999885559082,3.240000009536743,14736
2025-04-23,3.25,3.450000047683716,3.25,3.2799999713897705,9758
2025-04-24,3.2799999713897705,3.2799999713897705,3.259999990463257,3.259999990463257,3423
2025-04-25,3.109999895095825,3.2899999618530273,2.950000047683716,3.190000057220459,31050
2025-04-28,3.190000057220459,3.369999885559082,3.119999885559082,3.130000114440918,3769
2025-04-29,3.2100000381469727,3.2100000381469727,3.130000114440918,3.130000114440918,329
2025-04-30,3.200000047683716,3.5999999046325684,3.119999885559082,3.3499999046325684,15169
2025-05-02,3.5399999618530273,3.5399999618530273,3.190000057220459,3.190000057220459,5772
2025-05-05,3.369999885559082,3.430000066757202,3.2699999809265137,3.2799999713897705,5464
2025-05-06,3.4000000953674316,3.4000000953674316,3.190000057220459,3.3299999237060547,207
2025-05-07,3.4000000953674316,3.4000000953674316,3.200000047683716,3.299999952316284,1055
2025-05-08,3.299999952316284,3.7300000190734863,3.200000047683716,3.390000104904175,14450
2025-05-09,3.390000104904175,3.75,3.390000104904175,3.75,17995
2025-05-12,3.799999952316284,3.8499999046325684,3.4200000762939453,3.5399999618530273,11796
2025-05-13,3.5399999618530273,3.619999885559082,3.5399999618530273,3.5399999618530273,3369
2025-05-14,3.5399999618530273,3.700000047683716,3.5399999618530273,3.5399999618530273,5364
2025-05-15,3.5399999618530273,3.700000047683716,3.5399999618530273,3.559999942779541,504
2025-05-16,3.559999942779541,3.9000000953674316,3.450000047683716,3.7899999618530273,15567
2025-05-19,3.7899999618530273,3.7899999618530273,3.5,3.759999990463257,4934
2025-05-20,3.7799999713897705,3.799999952316284,3.5399999618530273,3.799999952316284,8297
2025-05-21,3.690000057220459,3.690000057220459,3.619999885559082,3.6600000858306885,6860
2025-05-22,3.6600000858306885,3.6600000858306885,3.359999895095825,3.359999895095825,3325
2025-05-23,3.359999895095825,3.569999933242798,3.359999895095825,3.569999933242798,1003
2025-05-26,3.5299999713897705,3.5299999713897705,3.4000000953674316,3.5199999809265137,2941
2025-05-27,3.5199999809265137,3.5199999809265137,3.390000104904175,3.390000104904175,63
2025-05-28,3.4000000953674316,3.490000009536743,3.4000000953674316,3.4100000858306885,1117
2025-05-29,3.4100000858306885,3.5,3.4000000953674316,3.5,33
2025-05-30,3.5,3.5,3.5,3.5,192
2025-06-02,3.569999933242798,3.8399999141693115,3.5299999713897705,3.5799999237060547,2787
2025-06-03,3.5799999237060547,3.6700000762939453,3.5,3.509999990463257,512
2025-06-04,3.509999990463257,3.509999990463257,3.5,3.5,2150
2025-06-05,3.5,3.5,3.5,3.5,319
2025-06-06,3.5999999046325684,3.5999999046325684,3.4000000953674316,3.4000000953674316,2174
2025-06-09,3.5,3.5,3.4100000858306885,3.5,21
2025-06-10,3.490000009536743,3.490000009536743,3.390000104904175,3.490000009536743,812
2025-06-11,3.5,3.5,3.450000047683716,3.450000047683716,334
2025-06-12,3.5,3.5,3.4000000953674316,3.4000000953674316,2212
2025-06-13,3.4000000953674316,3.4000000953674316,3.4000000953674316,3.4000000953674316,3
2025-06-16,3.4000000953674316,3.450000047683716,3.4000000953674316,3.450000047683716,45
2025-06-17,3.450000047683716,3.450000047683716,3.4000000953674316,3.4000000953674316,28
2025-06-18,3.4000000953674316,3.4000000953674316,3.4000000953674316,3.4000000953674316,1
2025-06-20,3.4200000762939453,3.4200000762939453,3.299999952316284,3.359999895095825,7705
2025-06-23,3.359999895095825,3.359999895095825,3.299999952316284,3.309999942779541,2046
2025-06-24,3.299999952316284,3.4000000953674316,3.0199999809265137,3.119999885559082,23112
2025-06-25,3.25,3.25,3.109999895095825,3.1500000953674316,1582
2025-06-26,3.2300000190734863,3.2300000190734863,3.0899999141693115,3.200000047683716,1031
2025-06-27,3.2200000286102295,3.2200000286102295,3.180000066757202,3.190000057220459,2678
2025-06-30,3.0899999141693115,3.240000009536743,3.0199999809265137,3.240000009536743,4070
2025-07-01,3.25,3.430000066757202,3.240000009536743,3.259999990463257,2755
2025-07-02,3.259999990463257,3.259999990463257,2.9800000190734863,3.049999952316284,25152
2025-07-03,3.059999942779541,3.109999895095825,2.799999952316284,2.9800000190734863,31617
2025-07-04,3.1500000953674316,3.2200000286102295,2.880000114440918,3.069999933242798,26121
2025-07-07,3.0899999141693115,3.0899999141693115,2.9600000381469727,2.9600000381469727,4615
2025-07-08,2.9600000381469727,3.0399999618530273,2.9600000381469727,3.0399999618530273,983
2025-07-09,3.0399999618530273,3.0399999618530273,2.880000114440918,2.880000114440918,595
2025-07-10,2.890000104904175,3.0,2.890000104904175,3.0,934
2025-07-11,3.0,3.299999952316284,3.0,3.2200000286102295,23183
2025-07-14,3.2200000286102295,3.2200000286102295,2.990000009536743,3.049999952316284,4280
2025-07-15,3.059999942779541,3.1500000953674316,2.9800000190734863,3.0,3580
2025-07-16,3.0,3.049999952316284,2.990000009536743,2.990000009536743,4009
2025-07-17,3.049999952316284,3.049999952316284,2.930000066757202,3.0399999618530273,6709
2025-07-18,3.049999952316284,3.049999952316284,2.880000114440918,2.950000047683716,46289
2025-07-21,2.950000047683716,2.950000047683716,2.7100000381469727,2.7200000286102295,22452
2025-07-22,2.740000009536743,2.759999990463257,2.4700000286102295,2.5399999618530273,29746
2025-07-23,2.549999952316284,2.6500000953674316,2.549999952316284,2.569999933242798,10502
2025-07-24,2.5999999046325684,2.5999999046325684,2.4200000762939453,2.4600000381469727,13510
2025-07-25,2.4600000381469727,2.5999999046325684,2.380000114440918,2.5899999141693115,17916
2025-07-28,2.5899999141693115,2.75,2.5899999141693115,2.6600000858306885,8218
2025-07-29,2.7200000286102295,3.2300000190734863,2.5799999237060547,2.9700000286102295,42466
2025-07-30,3.0,3.180000066757202,2.9000000953674316,3.0,17697
2025-07-31,3.0,3.0,2.9000000953674316,2.940000057220459,5534
2025-08-01,2.990000009536743,3.1500000953674316,2.8499999046325684,3.0999999046325684,12655
2025-08-04,3.0999999046325684,3.140000104904175,3.009999990463257,3.009999990463257,6278
2025-08-05,3.009999990463257,3.009999990463257,2.799999952316284,2.890000104904175,10814
2025-08-06,2.9000000953674316,3.0,2.9000000953674316,3.0,4581
2025-08-07,3.0299999713897705,3.0899999141693115,2.8299999237060547,2.940000057220459,8913
2025-08-08,2.940000057220459,3.0299999713897705,2.940000057220459,3.0299999713897705,3638
2025-08-11,3.0299999713897705,3.0299999713897705,2.869999885559082,2.869999885559082,2624
2025-08-12,2.9700000286102295,3.119999885559082,2.9700000286102295,3.0199999809265137,5696
2025-08-13,3.0199999809265137,3.0899999141693115,3.009999990463257,3.059999942779541,64962
2025-08-14,3.0799999237060547,3.0999999046325684,3.009999990463257,3.0899999141693115,11177
2025-08-18,3.0999999046325684,3.130000114440918,2.9800000190734863,2.9800000190734863,14437
2025-08-19,2.9800000190734863,3.059999942779541,2.9800000190734863,3.0399999618530273,395
2025-08-20,3.0399999618530273,3.059999942779541,2.9700000286102295,3.0399999618530273,878
2025-08-21,3.0399999618530273,3.0399999618530273,3.0,3.009999990463257,2405
2025-08-22,3.0399999618530273,3.059999942779541,2.740000009536743,2.940000057220459,14208
2025-08-25,2.9800000190734863,2.9800000190734863,2.9000000953674316,2.950000047683716,684
2025-08-26,2.990000009536743,2.990000009536743,2.819999933242798,2.8399999141693115,8713
2025-08-27,2.869999885559082,2.950000047683716,2.819999933242798,2.8499999046325684,3245
2025-08-28,2.8499999046325684,2.950000047683716,2.8499999046325684,2.950000047683716,1363
2025-08-29,2.950000047683716,2.950000047683716,2.8499999046325684,2.950000047683716,280
2025-09-01,2.950000047683716,2.950000047683716,2.8499999046325684,2.950000047683716,391
2025-09-02,2.950000047683716,2.950000047683716,2.9100000858306885,2.940000057220459,5607
2025-09-03,2.9600000381469727,3.0,2.940000057220459,3.0,2891
2025-09-04,2.990000009536743,2.990000009536743,2.9700000286102295,2.9700000286102295,610
2025-09-05,2.990000009536743,2.990000009536743,2.9200000762939453,2.9200000762939453,411
2025-09-08,2.9800000190734863,2.990000009536743,2.930000066757202,2.9700000286102295,229
2025-09-09,2.9600000381469727,3.0899999141693115,2.9600000381469727,3.0899999141693115,4096
2025-09-10,3.0999999046325684,3.4100000858306885,2.819999933242798,3.0899999141693115,36601
2025-09-11,3.0899999141693115,3.299999952316284,3.0899999141693115,3.130000114440918,3966
2025-09-12,3.2100000381469727,3.4000000953674316,3.2100000381469727,3.369999885559082,14343
2025-09-15,3.369999885559082,3.380000114440918,3.0399999618530273,3.1500000953674316,16197
2025-09-16,3.1500000953674316,3.259999990463257,3.069999933242798,3.190000057220459,17450
2025-09-17,3.1500000953674316,3.1500000953674316,2.9000000953674316,3.109999895095825,12512
2025-09-18,3.0999999046325684,3.1500000953674316,3.009999990463257,3.1500000953674316,1766
2025-09-19,3.1500000953674316,3.1500000953674316,3.0199999809265137,3.109999895095825,3200
2025-09-22,3.109999895095825,3.130000114440918,3.109999895095825,3.130000114440918,823
2025-09-23,3.130000114440918,3.140000104904175,3.059999942779541,3.109999895095825,847
2025-09-24,3.130000114440918,3.130000114440918,3.0,3.0399999618530273,11934
2025-09-25,3.049999952316284,3.0999999046325684,3.049999952316284,3.0999999046325684,10119
2025-09-26,3.0999999046325684,3.0999999046325684,3.059999942779541,3.0999999046325684,8086
2025-09-29,3.0999999046325684,3.0999999046325684,3.059999942779541,3.059999942779541,2110
2025-09-30,3.0199999809265137,3.0799999237060547,3.0199999809265137,3.0799999237060547,9480
2025-10-01,3.0899999141693115,3.119999885559082,3.049999952316284,3.119999885559082,1132
2025-10-02,3.119999885559082,3.369999885559082,3.0799999237060547,3.359999895095825,11217
2025-10-03,3.359999895095825,3.359999895095825,3.2200000286102295,3.2799999713897705,6637
2025-10-06,3.200000047683716,3.430000066757202,3.180000066757202,3.4000000953674316,54084
2025-10-07,3.359999895095825,3.359999895095825,3.1500000953674316,3.299999952316284,9092
2025-10-08,3.299999952316284,3.299999952316284,3.0899999141693115,3.190000057220459,21960
2025-10-09,3.25,3.25,3.1500000953674316,3.200000047683716,655
2025-10-10,3.25,3.25,3.109999895095825,3.1500000953674316,719
2025-10-13,3.0999999046325684,3.1500000953674316,3.0999999046325684,3.0999999046325684,1064
2025-10-14,3.1500000953674316,3.1500000953674316,3.0799999237060547,3.140000104904175,365
2025-10-15,3.25,3.25,3.0899999141693115,3.190000057220459,1113
2025-10-16,3.25,3.25,3.0899999141693115,3.2100000381469727,4882
2025-10-17,3.2100000381469727,3.430000066757202,3.140000104904175,3.2200000286102295,17087
2025-10-20,3.259999990463257,3.259999990463257,2.990000009536743,3.059999942779541,15107
2025-10-21,3.069999933242798,3.1700000762939453,2.9700000286102295,2.9700000286102295,5784
2025-10-22,2.990000009536743,3.0999999046325684,2.940000057220459,3.0,16328
2025-10-23,3.0,3.009999990463257,3.0,3.009999990463257,2109
2025-10-24,3.009999990463257,3.009999990463257,2.990000009536743,2.990000009536743,491
2025-10-27,3.0199999809265137,3.0199999809265137,2.9100000858306885,2.9600000381469727,10364
2025-10-28,2.9600000381469727,2.9600000381469727,2.8399999141693115,2.9100000858306885,14396
2025-10-29,2.9100000858306885,2.9100000858306885,2.819999933242798,2.8499999046325684,1255
2025-10-30,2.8499999046325684,2.9100000858306885,2.8399999141693115,2.9000000953674316,11912
2025-10-31,2.9000000953674316,2.9100000858306885,2.740000009536743,2.9000000953674316,28996
2025-11-03,2.9800000190734863,3.0,2.890000104904175,2.890000104904175,43982
2025-11-04,2.940000057220459,2.9600000381469727,2.9200000762939453,2.9600000381469727,1607
2025-11-05,2.9700000286102295,2.9800000190734863,2.9700000286102295,2.9800000190734863,1628
2025-11-06,2.9800000190734863,2.9800000190734863,2.9800000190734863,2.9800000190734863,1672
2025-11-07,2.9800000190734863,2.9800000190734863,2.940000057220459,2.9600000381469727,20803
2025-11-10,2.9800000190734863,2.9800000190734863,2.8499999046325684,2.940000057220459,9027
2025-11-12,2.940000057220459,2.9600000381469727,2.859999895095825,2.859999895095825,3079
2025-11-13,2.859999895095825,2.940000057220459,2.809999942779541,2.940000057220459,14941
2025-11-14,2.940000057220459,2.950000047683716,2.9000000953674316,2.9000000953674316,11081
2025-11-17,2.950000047683716,2.950000047683716,2.7899999618530273,2.7899999618530273,21514
2025-11-18,2.7899999618530273,2.8399999141693115,2.7899999618530273,2.8399999141693115,2373
2025-11-19,2.859999895095825,2.880000114440918,2.75,2.859999895095825,2752
2025-11-20,2.799999952316284,2.9800000190734863,2.799999952316284,2.890000104904175,24705
2025-11-21,2.9000000953674316,2.9000000953674316,2.809999942779541,2.809999942779541,4443
2025-11-24,2.869999885559082,2.869999885559082,2.759999990463257,2.799999952316284,1317
2025-11-25,2.799999952316284,2.8399999141693115,2.640000104904175,2.799999952316284,13659
2025-11-26,2.809999942779541,2.809999942779541,2.7100000381469727,2.740000009536743,5753
2025-11-27,2.809999942779541,2.809999942779541,2.640000104904175,2.75,14660
2025-11-28,2.740000009536743,2.740000009536743,2.740000009536743,2.740000009536743,73
2025-12-01,2.75,2.75,2.700000047683716,2.700000047683716,5238
2025-12-02,2.759999990463257,2.759999990463257,2.6700000762939453,2.6700000762939453,4741
2025-12-03,2.6700000762939453,2.700000047683716,2.6600000858306885,2.6600000858306885,5073
2025-12-04,2.700000047683716,2.700000047683716,2.569999933242798,2.640000104904175,34380
2025-12-05,2.6500000953674316,2.6500000953674316,2.490000009536743,2.5399999618530273,24323
2025-12-08,2.509999990463257,2.6600000858306885,2.5,2.5,7482
2025-12-09,2.5,2.6600000858306885,2.490000009536743,2.640000104904175,13240
2025-12-10,2.640000104904175,2.640000104904175,2.5,2.5899999141693115,37289
2025-12-11,2.5999999046325684,2.5999999046325684,2.4700000286102295,2.4800000190734863,5326
2025-12-12,2.4800000190734863,2.609999895095825,2.450000047683716,2.4800000190734863,13565
2025-12-15,2.5999999046325684,2.5999999046325684,2.440000057220459,2.440000057220459,5154
2025-12-16,2.440000057220459,2.609999895095825,2.309999942779541,2.309999942779541,27259
2025-12-17,2.3299999237060547,2.390000104904175,2.3299999237060547,2.3299999237060547,521
2025-12-18,2.3399999141693115,2.4800000190734863,2.3399999141693115,2.4000000953674316,16731
2025-12-19,2.490000009536743,2.5,2.369999885559082,2.4200000762939453,26233
2025-12-22,2.4700000286102295,2.4700000286102295,2.380000114440918,2.4200000762939453,12067
2025-12-23,2.4600000381469727,2.4600000381469727,2.240000009536743,2.309999942779541,52750
2025-12-29,2.309999942779541,2.4200000762939453,2.299999952316284,2.3399999141693115,21777
2025-12-30,2.3499999046325684,2.4200000762939453,2.3499999046325684,2.4200000762939453,9403
2026-01-02,2.4200000762939453,2.5799999237060547,2.359999895095825,2.4000000953674316,43357
2026-01-05,2.4000000953674316,2.5,2.369999885559082,2.450000047683716,11412
2026-01-07,2.4700000286102295,2.4700000286102295,2.380000114440918,2.380000114440918,13580
2026-01-08,2.440000057220459,2.440000057220459,2.380000114440918,2.390000104904175,15292
2026-01-09,2.390000104904175,2.430000066757202,2.380000114440918,2.4000000953674316,18900
2026-01-12,2.390000104904175,2.490000009536743,2.369999885559082,2.4700000286102295,17594
2026-01-13,2.4800000190734863,2.4800000190734863,2.430000066757202,2.430000066757202,18823
2026-01-14,2.490000009536743,2.799999952316284,2.440000057220459,2.609999895095825,213477
2026-01-15,2.609999895095825,2.700000047683716,2.440000057220459,2.559999942779541,141566
2026-01-16,2.559999942779541,2.5899999141693115,2.4800000190734863,2.549999952316284,47739
2026-01-19,2.5199999809265137,2.700000047683716,2.5199999809265137,2.680000066757202,54358
2026-01-20,2.700000047683716,2.7899999618530273,2.6500000953674316,2.680000066757202,59992
2026-01-21,2.890000104904175,2.9200000762939453,2.640000104904175,2.6500000953674316,79650
2026-01-22,2.6600000858306885,2.799999952316284,2.6600000858306885,2.740000009536743,42460
2026-01-23,2.7899999618530273,2.7899999618530273,2.5799999237060547,2.619999885559082,80752
2026-01-26,2.6500000953674316,2.700000047683716,2.490000009536743,2.549999952316284,60245
2026-01-27,2.5999999046325684,2.6500000953674316,2.5,2.5899999141693115,87206
2026-01-28,2.5899999141693115,2.700000047683716,2.5,2.549999952316284,193874
2026-01-29,2.559999942779541,2.5899999141693115,2.450000047683716,2.569999933242798,199550
2026-01-30,2.569999933242798,2.640000104904175,2.390000104904175,2.450000047683716,513556
2026-02-02,2.440000057220459,2.440000057220459,2.2200000286102295,2.3499999046325684,321143
2026-02-03,2.3499999046325684,2.440000057220459,2.3299999237060547,2.4000000953674316,147039
2026-02-04,2.380000114440918,2.4000000953674316,2.319999933242798,2.359999895095825,45992
2026-02-05,2.380000114440918,2.5,2.299999952316284,2.309999942779541,59588
2026-02-06,2.380000114440918,2.380000114440918,2.2100000381469727,2.2899999618530273,27871
2026-02-09,2.299999952316284,2.700000047683716,2.2899999618530273,2.690000057220459,121648
2026-02-10,2.690000057220459,2.700000047683716,2.5299999713897705,2.569999933242798,58321
2026-02-11,2.680000066757202,2.680000066757202,2.5199999809265137,2.5299999713897705,60244
2026-02-12,2.559999942779541,2.6500000953674316,2.4600000381469727,2.559999942779541,129108
2026-02-13,2.5899999141693115,2.5899999141693115,2.430000066757202,2.509999990463257,42262
2026-02-16,2.549999952316284,2.5799999237060547,2.5,2.569999933242798,10444
2026-02-17,2.569999933242798,2.5899999141693115,2.4600000381469727,2.5299999713897705,23224
2026-02-18,2.549999952316284,2.5899999141693115,2.5,2.5799999237060547,30924
2026-02-19,2.5799999237060547,2.740000009536743,2.569999933242798,2.619999885559082,77600
2026-02-20,2.559999942779541,2.619999885559082,2.509999990463257,2.5399999618530273,48049
2026-02-23,2.549999952316284,2.630000114440918,2.5399999618530273,2.619999885559082,21193
2026-02-24,2.619999885559082,2.6700000762939453,2.609999895095825,2.6600000858306885,56945
2026-02-25,2.690000057220459,2.740000009536743,2.5999999046325684,2.700000047683716,32060
2026-02-26,2.690000057220459,2.7200000286102295,2.5999999046325684,2.5999999046325684,17103
2026-02-27,2.6500000953674316,2.6500000953674316,2.5799999237060547,2.640000104904175,21353
2026-03-02,2.5899999141693115,2.6600000858306885,2.549999952316284,2.6500000953674316,33756
2026-03-03,2.630000114440918,2.630000114440918,2.509999990463257,2.5799999237060547,22533
2026-03-04,2.5799999237060547,2.5999999046325684,2.4600000381469727,2.5799999237060547,51990
2026-03-05,2.5899999141693115,2.5999999046325684,2.5,2.5999999046325684,21077
2026-03-06,2.619999885559082,2.7300000190734863,2.5899999141693115,2.700000047683716,164191
2026-03-09,2.7100000381469727,2.9000000953674316,2.619999885559082,2.9000000953674316,181286
2026-03-10,2.9600000381469727,3.190000057220459,2.930000066757202,3.0,141198
2026-03-11,3.0,3.059999942779541,2.809999942779541,2.809999942779541,49948
2026-03-12,2.880000114440918,2.880000114440918,2.799999952316284,2.8299999237060547,57931
2026-03-13,2.9600000381469727,2.9600000381469727,2.740000009536743,2.8299999237060547,28522
2026-03-16,2.7899999618530273,2.819999933242798,2.740000009536743,2.7799999713897705,15080
2026-03-17,2.7799999713897705,2.8499999046325684,2.740000009536743,2.809999942779541,40899
2026-03-18,2.8499999046325684,2.859999895095825,2.7300000190734863,2.8399999141693115,33834
2026-03-19,2.859999895095825,2.859999895095825,2.6500000953674316,2.7699999809265137,23088
2026-03-20,2.7799999713897705,2.799999952316284,2.609999895095825,2.680000066757202,29606
2026-03-23,2.640000104904175,2.680000066757202,2.559999942779541,2.619999885559082,42089
2026-03-24,2.609999895095825,2.7200000286102295,2.5799999237060547,2.6500000953674316,22547
2026-03-25,2.6600000858306885,2.7899999618530273,2.6600000858306885,2.7799999713897705,20041
2026-03-26,2.7799999713897705,2.7799999713897705,2.700000047683716,2.759999990463257,8177
2026-03-27,2.7799999713897705,2.7799999713897705,2.619999885559082,2.619999885559082,12224
2026-03-30,2.619999885559082,2.819999933242798,2.5799999237060547,2.7300000190734863,52051
2026-03-31,2.7699999809265137,2.7699999809265137,2.6500000953674316,2.759999990463257,21491
2026-04-01,2.759999990463257,2.819999933242798,2.700000047683716,2.7300000190734863,18326
2026-04-02,2.7300000190734863,2.75,2.680000066757202,2.7300000190734863,10487
2026-04-07,2.7300000190734863,2.759999990463257,2.700000047683716,2.75,11496
2026-04-08,2.75,2.809999942779541,2.75,2.799999952316284,13225
2026-04-09,2.7899999618530273,2.819999933242798,2.75,2.809999942779541,22312
2026-04-10,2.799999952316284,2.880000114440918,2.7799999713897705,2.8299999237060547,24365
2026-04-13,2.859999895095825,2.930000066757202,2.809999942779541,2.930000066757202,22148
2026-04-14,2.9600000381469727,2.990000009536743,2.869999885559082,2.9600000381469727,34819
2026-04-15,2.9600000381469727,2.9600000381469727,2.880000114440918,2.9600000381469727,7088
2026-04-16,2.9600000381469727,2.990000009536743,2.9000000953674316,2.9000000953674316,15617
2026-04-17,2.9700000286102295,3.0,2.9000000953674316,2.9800000190734863,16836
2026-04-20,2.9800000190734863,3.0799999237060547,2.9100000858306885,3.069999933242798,45894
2026-04-21,3.0399999618530273,3.1700000762939453,3.0,3.1600000858306885,20056
2026-04-22,3.069999933242798,3.1500000953674316,3.009999990463257,3.0199999809265137,100667
2026-04-23,3.0799999237060547,3.180000066757202,3.059999942779541,3.1500000953674316,7442
2026-04-24,3.180000066757202,3.3399999141693115,3.0,3.2200000286102295,108675
2026-04-27,3.200000047683716,3.990000009536743,3.200000047683716,3.799999952316284,414211
2026-04-28,3.7899999618530273,4.329999923706055,3.7100000381469727,3.940000057220459,156841
2026-04-29,3.9200000762939453,3.9200000762939453,3.640000104904175,3.859999895095825,81781
2026-04-30,3.7100000381469727,3.8499999046325684,3.7100000381469727,3.799999952316284,20272
2026-05-04,3.75,4.179999828338623,3.7100000381469727,4.0,59811
2026-05-05,4.03000020980835,4.340000152587891,3.9800000190734863,4.130000114440918,62133
2026-05-06,4.289999961853027,4.340000152587891,4.079999923706055,4.210000038146973,29501
2026-05-07,4.21999979019165,4.21999979019165,3.950000047683716,4.090000152587891,30495
2026-05-08,4.059999942779541,4.190000057220459,3.9700000286102295,4.0,27332
2026-05-11,4.139999866485596,4.260000228881836,4.090000152587891,4.260000228881836,29722
2026-05-12,4.260000228881836,4.260000228881836,4.010000228881836,4.099999904632568,23703
2026-05-13,4.0,4.099999904632568,3.740000009536743,3.9200000762939453,83655
2026-05-14,4.039999961853027,4.320000171661377,3.9000000953674316,4.070000171661377,36189
2026-05-15,4.260000228881836,4.260000228881836,4.050000190734863,4.139999866485596,16655
2026-05-18,4.099999904632568,4.239999771118164,3.990000009536743,4.230000019073486,33837
2026-05-19,4.190000057220459,4.21999979019165,4.070000171661377,4.090000152587891,23793
2026-05-20,4.159999847412109,4.579999923706055,4.070000171661377,4.519999980926514,61860
2026-05-21,4.599999904632568,4.78000020980835,4.239999771118164,4.360000133514404,63230
2026-05-22,4.380000114440918,4.570000171661377,4.239999771118164,4.389999866485596,30093
2026-05-25,4.300000190734863,4.389999866485596,4.099999904632568,4.269999980926514,17389
2026-05-26,4.099999904632568,4.5,4.099999904632568,4.460000038146973,35623
2026-05-27,4.480000019073486,4.489999771118164,4.099999904632568,4.210000038146973,25923
2026-05-28,4.199999809265137,4.329999923706055,3.9100000858306885,4.150000095367432,59493
2026-05-29,4.239999771118164,4.269999980926514,4.079999923706055,4.269999980926514,28492
2026-06-01,4.28000020980835,4.960000038146973,4.28000020980835,4.730000019073486,141886
2026-06-02,4.920000076293945,5.039999961853027,4.460000038146973,4.550000190734863,85505
2026-06-03,4.559999942779541,4.690000057220459,4.400000095367432,4.570000171661377,46428
2026-06-05,4.5,4.940000057220459,4.480000019073486,4.889999866485596,33698
2026-06-08,4.699999809265137,5.039999961853027,4.539999961853027,5.0,44779
2026-06-09,5.599999904632568,6.0,5.21999979019165,5.21999979019165,135858
2026-06-10,5.21999979019165,5.980000019073486,5.21999979019165,5.739999771118164,98524
2026-06-11,5.739999771118164,6.28000020980835,5.539999961853027,6.199999809265137,114942
2026-06-12,6.28000020980835,6.5,5.119999885559082,5.260000228881836,160390
2026-06-15,5.28000020980835,5.800000190734863,5.28000020980835,5.360000133514404,119198
2026-06-16,5.400000095367432,5.760000228881836,5.239999771118164,5.480000019073486,105244
2026-06-17,5.539999961853027,5.699999809265137,5.0,5.199999809265137,65590
2026-06-18,5.199999809265137,5.199999809265137,4.579999923706055,4.789999961853027,140142
2026-06-19,4.789999961853027,4.809999942779541,4.570000171661377,4.800000190734863,48865
2026-06-22,4.71999979019165,4.960000038146973,4.659999847412109,4.71999979019165,21450
2026-06-23,4.71999979019165,4.71999979019165,4.440000057220459,4.610000133514404,38788
2026-06-24,4.489999771118164,4.670000076293945,4.449999809265137,4.53000020980835,14116
2026-06-25,4.53000020980835,4.980000019073486,4.53000020980835,4.909999847412109,46807
2026-06-26,4.960000038146973,4.989999771118164,4.699999809265137,4.699999809265137,14348
2026-06-29,4.679999828338623,4.679999828338623,4.5,4.659999847412109,18276
2026-06-30,4.699999809265137,4.760000228881836,4.599999904632568,4.679999828338623,8140
2026-07-01,4.679999828338623,5.059999942779541,4.559999942779541,5.0,28533
2026-07-02,4.96999979019165,5.099999904632568,4.860000133514404,5.039999961853027,9906
2026-07-03,5.099999904632568,5.119999885559082,4.869999885559082,4.960000038146973,11183
2026-07-06,4.96999979019165,5.300000190734863,4.96999979019165,5.300000190734863,15070
2026-07-07,5.28000020980835,5.519999980926514,5.079999923706055,5.360000133514404,15084
2026-07-08,5.360000133514404,5.5,5.139999866485596,5.300000190734863,18468
2026-07-09,5.300000190734863,5.400000095367432,5.019999980926514,5.079999923706055,53546
2026-07-10,5.099999904632568,5.179999828338623,4.980000019073486,5.059999942779541,19202
2026-07-13,5.019999980926514,5.239999771118164,4.920000076293945,5.139999866485596,23927
2026-07-14,5.159999847412109,5.159999847412109,4.980000019073486,5.139999866485596,4933
2026-07-15,5.139999866485596,5.139999866485596,4.960000038146973,5.039999961853027,13811
2026-07-16,4.989999771118164,5.019999980926514,4.75,5.019999980926514,30515
2026-07-17,5.059999942779541,5.179999828338623,4.710000038146973,5.079999923706055,36944
2026-07-20,4.960000038146973,5.039999961853027,4.940000057220459,5.0,13741
2026-07-21,4.960000038146973,5.300000190734863,4.960000038146973,5.300000190734863,39309
2026-07-22,5.300000190734863,5.699999809265137,5.239999771118164,5.380000114440918,30813
2026-07-23,5.21999979019165,5.480000019073486,5.21999979019165,5.360000133514404,9396
2026-07-24,5.360000133514404,5.5,5.260000228881836,5.420000076293945,13474
2026-07-27,5.420000076293945,5.699999809265137,5.21999979019165,5.5,71002
2026-07-28,5.619999885559082,6.179999828338623,5.539999961853027,5.739999771118164,99031
2026-07-29,5.860000133514404,6.28000020980835,5.699999809265137,6.0,49373
2026-07-30,6.179999828338623,6.300000190734863,5.940000057220459,6.0,44523
2026-07-31,6.079999923706055,6.179999828338623,5.699999809265137,5.800000190734863,32325
2026-08-03,5.860000133514404,5.880000114440918,5.380000114440918,5.559999942779541,76782
2026-08-04,5.539999961853027,5.840000152587891,5.420000076293945,5.679999828338623,41647
2026-08-05,5.760000228881836,5.900000095367432,5.559999942779541,5.800000190734863,22062
2026-08-06,5.78000020980835,5.860000133514404,5.659999847412109,5.800000190734863,16499
2026-08-07,5.860000133514404,5.960000038146973,5.679999828338623,5.820000171661377,16373
2026-08-10,5.739999771118164,5.820000171661377,5.579999923706055,5.699999809265137,28058
2026-08-11,5.699999809265137,5.840000152587891,5.260000228881836,5.760000228881836,43781
2026-08-12,5.659999847412109,5.760000228881836,5.659999847412109,5.760000228881836,3291
2026-08-13,5.739999771118164,5.840000152587891,5.539999961853027,5.739999771118164,6229
2026-08-14,5.599999904632568,5.760000228881836,5.539999961853027,5.639999866485596,3025
2026-08-17,5.699999809265137,5.71999979019165,5.460000038146973,5.480000019073486,5744
2026-08-18,5.440000057220459,5.71999979019165,5.440000057220459,5.559999942779541,22618
2026-08-19,5.559999942779541,5.619999885559082,5.420000076293945,5.420000076293945,12318
2026-08-20,5.460000038146973,5.71999979019165,5.460000038146973,5.659999847412109,18928
2026-08-21,5.659999847412109,5.659999847412109,5.480000019073486,5.559999942779541,6410
2026-08-24,5.559999942779541,5.679999828338623,5.340000152587891,5.559999942779541,15946
2026-08-25,5.559999942779541,5.659999847412109,5.400000095367432,5.440000057220459,7024
2026-08-26,5.420000076293945,5.5,5.159999847412109,5.320000171661377,19482
2026-08-27,5.239999771118164,5.380000114440918,5.059999942779541,5.239999771118164,16738
2026-08-28,5.159999847412109,5.199999809265137,5.079999923706055,5.179999828338623,8202
2026-08-31,5.099999904632568,5.179999828338623,5.079999923706055,5.179999828338623,7457
2026-09-01,5.199999809265137,5.199999809265137,5.079999923706055,5.079999923706055,10766
2026-09-02,5.079999923706055,5.440000057220459,5.079999923706055,5.420000076293945,26396
2026-09-03,5.380000114440918,5.400000095367432,5.199999809265137,5.21999979019165,21923
2026-09-04,5.340000152587891,5.380000114440918,5.179999828338623,5.360000133514404,7028
2026-09-08,5.579999923706055,5.800000190734863,5.400000095367432,5.679999828338623,15759
2026-09-09,5.599999904632568,5.679999828338623,5.300000190734863,5.400000095367432,12865
2026-09-10,5.460000038146973,5.460000038146973,5.159999847412109,5.260000228881836,16704
2026-09-11,5.199999809265137,5.199999809265137,5.059999942779541,5.139999866485596,13877
2026-09-14,5.119999885559082,5.119999885559082,4.809999942779541,4.900000095367432,33197
2026-09-15,4.920000076293945,5.199999809265137,4.829999923706055,4.960000038146973,36909
2026-09-17,4.639999866485596,4.889999866485596,4.519999980926514,4.599999904632568,33041
