date,open,high,low,close,volume
2021-09-17,0.7649999856948853,0.7649999856948853,0.7649999856948853,0.7649999856948853,0
2021-09-20,0.7649999856948853,0.7649999856948853,0.7649999856948853,0.7649999856948853,0
2021-09-21,0.7649999856948853,0.7649999856948853,0.7649999856948853,0.7649999856948853,0
2021-09-22,0.7649999856948853,0.7649999856948853,0.7649999856948853,0.7649999856948853,500
2021-09-23,0.7649999856948853,0.7649999856948853,0.7649999856948853,0.7649999856948853,0
2021-09-24,0.7649999856948853,0.7649999856948853,0.7649999856948853,0.7649999856948853,0
2021-09-27,0.7649999856948853,0.7649999856948853,0.7649999856948853,0.7649999856948853,0
2021-09-28,0.800000011920929,0.800000011920929,0.800000011920929,0.800000011920929,563
2021-09-29,0.75,0.75,0.75,0.75,1000
2021-09-30,0.8999999761581421,0.8999999761581421,0.8999999761581421,0.8999999761581421,1021
2021-10-01,0.8999999761581421,0.8999999761581421,0.8999999761581421,0.8999999761581421,0
2021-10-04,0.8500000238418579,0.8999999761581421,0.8500000238418579,0.8999999761581421,2847
2021-10-05,0.8999999761581421,0.8999999761581421,0.8999999761581421,0.8999999761581421,0
2021-10-06,0.8999999761581421,0.8999999761581421,0.8999999761581421,0.8999999761581421,0
2021-10-07,0.8999999761581421,0.8999999761581421,0.8999999761581421,0.8999999761581421,0
2021-10-08,0.8999999761581421,0.8999999761581421,0.8999999761581421,0.8999999761581421,0
2021-10-11,0.699999988079071,0.699999988079071,0.699999988079071,0.699999988079071,5700
2021-10-12,0.7900000214576721,0.7900000214576721,0.7900000214576721,0.7900000214576721,2830
2021-10-13,0.7900000214576721,0.7900000214576721,0.7900000214576721,0.7900000214576721,0
2021-10-14,0.7900000214576721,0.7900000214576721,0.7900000214576721,0.7900000214576721,0
2021-10-15,0.699999988079071,0.699999988079071,0.699999988079071,0.699999988079071,14925
2021-10-18,0.5699999928474426,0.5699999928474426,0.5699999928474426,0.5699999928474426,4100
2021-10-19,0.5699999928474426,0.5699999928474426,0.5699999928474426,0.5699999928474426,0
2021-10-20,0.5699999928474426,0.5699999928474426,0.5699999928474426,0.5699999928474426,0
2021-10-21,0.5699999928474426,0.5699999928474426,0.5699999928474426,0.5699999928474426,0
2021-10-22,0.5699999928474426,0.5699999928474426,0.5699999928474426,0.5699999928474426,0
2021-10-25,0.5799999833106995,0.5799999833106995,0.5799999833106995,0.5799999833106995,1400
2021-10-26,0.5799999833106995,0.5799999833106995,0.5799999833106995,0.5799999833106995,1000
2021-10-27,0.5799999833106995,0.5799999833106995,0.5799999833106995,0.5799999833106995,333
2021-10-28,0.6200000047683716,0.6200000047683716,0.6200000047683716,0.6200000047683716,405
2021-10-29,0.6200000047683716,0.6200000047683716,0.6200000047683716,0.6200000047683716,0
2021-11-02,0.6000000238418579,0.6000000238418579,0.6000000238418579,0.6000000238418579,5000
2021-11-03,0.6449999809265137,0.6449999809265137,0.6449999809265137,0.6449999809265137,3000
2021-11-04,0.6299999952316284,0.6299999952316284,0.6299999952316284,0.6299999952316284,300
2021-11-05,0.6299999952316284,0.6299999952316284,0.6299999952316284,0.6299999952316284,3000
2021-11-08,0.6299999952316284,0.6299999952316284,0.6299999952316284,0.6299999952316284,0
2021-11-09,0.6299999952316284,0.6299999952316284,0.6299999952316284,0.6299999952316284,0
2021-11-10,0.6299999952316284,0.6299999952316284,0.6299999952316284,0.6299999952316284,0
2021-11-12,0.6299999952316284,0.6299999952316284,0.6299999952316284,0.6299999952316284,0
2021-11-15,0.6299999952316284,0.6299999952316284,0.6299999952316284,0.6299999952316284,0
2021-11-16,0.6299999952316284,0.6299999952316284,0.6299999952316284,0.6299999952316284,0
2021-11-17,0.6299999952316284,0.6299999952316284,0.6299999952316284,0.6299999952316284,1400
2021-11-18,0.6299999952316284,0.6299999952316284,0.6299999952316284,0.6299999952316284,0
2021-11-19,0.6299999952316284,0.6299999952316284,0.6299999952316284,0.6299999952316284,0
2021-11-22,0.6299999952316284,0.6299999952316284,0.6299999952316284,0.6299999952316284,0
2021-11-23,0.6299999952316284,0.6299999952316284,0.6299999952316284,0.6299999952316284,0
2021-11-24,0.6299999952316284,0.6299999952316284,0.6299999952316284,0.6299999952316284,0
2021-11-25,0.5400000214576721,0.5400000214576721,0.5400000214576721,0.5400000214576721,922
2021-11-26,0.5400000214576721,0.6000000238418579,0.5400000214576721,0.6000000238418579,570
2021-11-29,0.6299999952316284,0.6299999952316284,0.6299999952316284,0.6299999952316284,2469
2021-11-30,0.7300000190734863,0.7300000190734863,0.7200000286102295,0.7200000286102295,2580
2021-12-01,0.7200000286102295,0.7200000286102295,0.7200000286102295,0.7200000286102295,1000
2021-12-02,0.7200000286102295,0.7200000286102295,0.7200000286102295,0.7200000286102295,0
2021-12-03,0.7200000286102295,0.7200000286102295,0.7200000286102295,0.7200000286102295,0
2021-12-06,0.7200000286102295,0.7200000286102295,0.7200000286102295,0.7200000286102295,0
2021-12-07,0.7200000286102295,0.7200000286102295,0.7200000286102295,0.7200000286102295,0
2021-12-08,0.6449999809265137,0.6449999809265137,0.6399999856948853,0.6399999856948853,4924
2021-12-09,0.6399999856948853,0.6399999856948853,0.6000000238418579,0.6000000238418579,5555
2021-12-10,0.5199999809265137,0.5199999809265137,0.5199999809265137,0.5199999809265137,12558
2021-12-13,0.5099999904632568,0.5099999904632568,0.5099999904632568,0.5099999904632568,8000
2021-12-14,0.5600000023841858,0.5600000023841858,0.5600000023841858,0.5600000023841858,363
2021-12-15,0.5699999928474426,0.5699999928474426,0.5699999928474426,0.5699999928474426,2000
2021-12-16,0.5249999761581421,0.5249999761581421,0.5249999761581421,0.5249999761581421,50
2021-12-17,0.5249999761581421,0.5249999761581421,0.5249999761581421,0.5249999761581421,0
2021-12-20,0.5249999761581421,0.5249999761581421,0.5249999761581421,0.5249999761581421,0
2021-12-21,0.5199999809265137,0.5199999809265137,0.5199999809265137,0.5199999809265137,406
2021-12-22,0.5199999809265137,0.5199999809265137,0.5199999809265137,0.5199999809265137,2750
2021-12-23,0.5199999809265137,0.5199999809265137,0.5199999809265137,0.5199999809265137,0
2021-12-27,0.5299999713897705,0.5299999713897705,0.5,0.5,8562
2021-12-28,0.5,0.550000011920929,0.5,0.550000011920929,1110
2021-12-29,0.550000011920929,0.550000011920929,0.550000011920929,0.550000011920929,0
2021-12-30,0.550000011920929,0.550000011920929,0.550000011920929,0.550000011920929,0
2022-01-03,0.550000011920929,0.550000011920929,0.550000011920929,0.550000011920929,0
2022-01-04,0.550000011920929,0.550000011920929,0.550000011920929,0.550000011920929,923
2022-01-05,0.5550000071525574,0.5649999976158142,0.5550000071525574,0.5649999976158142,2998
2022-01-07,0.5699999928474426,0.5699999928474426,0.5699999928474426,0.5699999928474426,5000
2022-01-10,0.6200000047683716,0.6899999976158142,0.6200000047683716,0.6899999976158142,3910
2022-01-11,0.7200000286102295,0.7200000286102295,0.7200000286102295,0.7200000286102295,2000
2022-01-12,0.625,0.7200000286102295,0.625,0.7200000286102295,2975
2022-01-13,0.625,0.625,0.625,0.625,4260
2022-01-14,0.625,0.625,0.625,0.625,0
2022-01-17,0.625,0.625,0.625,0.625,0
2022-01-18,0.625,0.625,0.625,0.625,1078
2022-01-19,0.625,0.625,0.625,0.625,0
2022-01-20,0.625,0.625,0.625,0.625,0
2022-01-21,0.699999988079071,0.699999988079071,0.699999988079071,0.699999988079071,180
2022-01-24,0.699999988079071,0.699999988079071,0.699999988079071,0.699999988079071,5975
2022-01-25,0.800000011920929,0.9100000262260437,0.800000011920929,0.9100000262260437,9324
2022-01-26,0.9200000166893005,1.0,0.9200000166893005,1.0,10773
2022-01-27,1.100000023841858,1.1699999570846558,1.100000023841858,1.1699999570846558,2438
2022-01-28,1.1699999570846558,1.1699999570846558,1.1699999570846558,1.1699999570846558,5030
2022-01-31,1.1699999570846558,1.1699999570846558,1.1699999570846558,1.1699999570846558,0
2022-02-01,1.1699999570846558,1.1699999570846558,1.1699999570846558,1.1699999570846558,0
2022-02-02,0.7599999904632568,0.9950000047683716,0.7599999904632568,0.9950000047683716,21010
2022-02-03,0.800000011920929,0.800000011920929,0.800000011920929,0.800000011920929,9263
2022-02-04,0.9399999976158142,0.9399999976158142,0.9399999976158142,0.9399999976158142,100
2022-02-07,0.9399999976158142,0.9399999976158142,0.9399999976158142,0.9399999976158142,100
2022-02-08,0.9399999976158142,0.9399999976158142,0.9399999976158142,0.9399999976158142,0
2022-02-09,0.9399999976158142,0.9399999976158142,0.9399999976158142,0.9399999976158142,0
2022-02-10,0.9399999976158142,0.9399999976158142,0.9399999976158142,0.9399999976158142,0
2022-02-11,0.9399999976158142,0.9399999976158142,0.9399999976158142,0.9399999976158142,0
2022-02-14,0.9399999976158142,0.9399999976158142,0.9399999976158142,0.9399999976158142,0
2022-02-15,0.75,0.75,0.75,0.75,710
2022-02-16,0.8500000238418579,0.8600000143051147,0.8500000238418579,0.8600000143051147,7864
2022-02-17,0.8700000047683716,0.8700000047683716,0.8700000047683716,0.8700000047683716,5000
2022-02-18,0.8700000047683716,0.8700000047683716,0.8700000047683716,0.8700000047683716,0
2022-02-21,0.8700000047683716,0.8700000047683716,0.8700000047683716,0.8700000047683716,0
2022-02-22,0.8700000047683716,0.8700000047683716,0.8700000047683716,0.8700000047683716,0
2022-02-23,0.8799999952316284,0.8799999952316284,0.8799999952316284,0.8799999952316284,5000
2022-02-24,0.8799999952316284,0.8799999952316284,0.8799999952316284,0.8799999952316284,5000
2022-02-25,0.8799999952316284,0.8799999952316284,0.8799999952316284,0.8799999952316284,0
2022-02-28,0.8799999952316284,0.8799999952316284,0.8799999952316284,0.8799999952316284,0
2022-03-01,0.8799999952316284,0.8799999952316284,0.8799999952316284,0.8799999952316284,0
2022-03-02,0.8799999952316284,0.8799999952316284,0.8799999952316284,0.8799999952316284,0
2022-03-03,0.8799999952316284,0.8799999952316284,0.8799999952316284,0.8799999952316284,0
2022-03-04,0.8799999952316284,0.8799999952316284,0.8799999952316284,0.8799999952316284,0
2022-03-07,0.8999999761581421,0.8999999761581421,0.8999999761581421,0.8999999761581421,900
2022-03-08,0.8999999761581421,0.8999999761581421,0.8999999761581421,0.8999999761581421,0
2022-03-09,0.8999999761581421,0.8999999761581421,0.8999999761581421,0.8999999761581421,0
2022-03-10,0.8999999761581421,0.8999999761581421,0.8999999761581421,0.8999999761581421,0
2022-03-11,0.8999999761581421,0.8999999761581421,0.8999999761581421,0.8999999761581421,0
2022-03-14,0.8999999761581421,0.8999999761581421,0.8999999761581421,0.8999999761581421,0
2022-03-15,0.8999999761581421,0.8999999761581421,0.8999999761581421,0.8999999761581421,0
2022-03-16,0.8999999761581421,0.8999999761581421,0.8999999761581421,0.8999999761581421,0
2022-03-17,0.800000011920929,0.800000011920929,0.800000011920929,0.800000011920929,4501
2022-03-18,0.8500000238418579,0.8500000238418579,0.8500000238418579,0.8500000238418579,5000
2022-03-21,0.8600000143051147,0.8600000143051147,0.8600000143051147,0.8600000143051147,7905
2022-03-22,0.8999999761581421,0.8999999761581421,0.8999999761581421,0.8999999761581421,1977
2022-03-23,0.8999999761581421,0.8999999761581421,0.8999999761581421,0.8999999761581421,2323
2022-03-24,0.8999999761581421,0.8999999761581421,0.8999999761581421,0.8999999761581421,0
2022-03-25,0.9800000190734863,0.9800000190734863,0.9800000190734863,0.9800000190734863,100
2022-03-28,0.8999999761581421,0.8999999761581421,0.8999999761581421,0.8999999761581421,5000
2022-03-29,0.9200000166893005,0.9200000166893005,0.9200000166893005,0.9200000166893005,5501
2022-03-30,0.9200000166893005,0.9200000166893005,0.9200000166893005,0.9200000166893005,5000
2022-03-31,0.9200000166893005,0.9200000166893005,0.9200000166893005,0.9200000166893005,0
2022-04-01,0.9100000262260437,0.9100000262260437,0.9100000262260437,0.9100000262260437,600
2022-04-04,0.9100000262260437,0.9100000262260437,0.9100000262260437,0.9100000262260437,0
2022-04-05,0.9200000166893005,0.9200000166893005,0.9200000166893005,0.9200000166893005,6000
2022-04-06,0.9200000166893005,0.9200000166893005,0.9200000166893005,0.9200000166893005,19000
2022-04-07,0.9200000166893005,0.9200000166893005,0.9200000166893005,0.9200000166893005,0
2022-04-08,0.9200000166893005,0.9200000166893005,0.9200000166893005,0.9200000166893005,10001
2022-04-11,0.9200000166893005,0.9200000166893005,0.9200000166893005,0.9200000166893005,3510
2022-04-12,0.9300000071525574,0.9300000071525574,0.9300000071525574,0.9300000071525574,10000
2022-04-13,0.9300000071525574,0.9300000071525574,0.9300000071525574,0.9300000071525574,0
2022-04-14,0.9399999976158142,0.9399999976158142,0.9399999976158142,0.9399999976158142,1759
2022-04-19,0.9399999976158142,0.9399999976158142,0.9399999976158142,0.9399999976158142,2027
2022-04-20,0.9399999976158142,0.9399999976158142,0.9399999976158142,0.9399999976158142,1889
2022-04-21,0.9399999976158142,0.9399999976158142,0.9399999976158142,0.9399999976158142,2000
2022-04-22,0.9399999976158142,0.9399999976158142,0.9399999976158142,0.9399999976158142,3600
2022-04-25,0.9399999976158142,0.9399999976158142,0.9399999976158142,0.9399999976158142,0
2022-04-26,0.9399999976158142,0.9399999976158142,0.9399999976158142,0.9399999976158142,0
2022-04-27,0.9399999976158142,0.9399999976158142,0.9399999976158142,0.9399999976158142,0
2022-04-28,0.9399999976158142,0.9399999976158142,0.9399999976158142,0.9399999976158142,0
2022-04-29,0.9399999976158142,0.9399999976158142,0.9399999976158142,0.9399999976158142,0
2022-05-02,0.9100000262260437,0.9100000262260437,0.9100000262260437,0.9100000262260437,1
2022-05-04,0.9100000262260437,0.9100000262260437,0.9100000262260437,0.9100000262260437,0
2022-05-05,0.9100000262260437,0.9100000262260437,0.9100000262260437,0.9100000262260437,0
2022-05-06,0.9100000262260437,0.9100000262260437,0.9100000262260437,0.9100000262260437,0
2022-05-09,0.9100000262260437,0.9100000262260437,0.9100000262260437,0.9100000262260437,0
2022-05-10,0.9100000262260437,0.9100000262260437,0.9100000262260437,0.9100000262260437,0
2022-05-11,1.0199999809265137,1.0199999809265137,1.0199999809265137,1.0199999809265137,1000
2022-05-12,1.0299999713897705,1.0299999713897705,1.0299999713897705,1.0299999713897705,1246
2022-05-13,1.100000023841858,1.100000023841858,1.100000023841858,1.100000023841858,1100
2022-05-16,1.2000000476837158,1.3200000524520874,1.2000000476837158,1.3200000524520874,1130
2022-05-17,1.3200000524520874,1.3200000524520874,1.3200000524520874,1.3200000524520874,100
2022-05-18,1.3200000524520874,1.3200000524520874,1.3200000524520874,1.3200000524520874,0
2022-05-19,1.3200000524520874,1.3200000524520874,1.3200000524520874,1.3200000524520874,0
2022-05-20,1.3200000524520874,1.3200000524520874,1.3200000524520874,1.3200000524520874,0
2022-05-23,1.3200000524520874,1.3200000524520874,1.3200000524520874,1.3200000524520874,0
2022-05-24,1.3200000524520874,1.3200000524520874,1.3200000524520874,1.3200000524520874,0
2022-05-25,1.3200000524520874,1.3200000524520874,1.3200000524520874,1.3200000524520874,0
2022-05-26,1.25,1.25,1.25,1.25,600
2022-05-27,1.25,1.25,1.25,1.25,0
2022-05-30,1.25,1.25,1.25,1.25,100
2022-05-31,1.25,1.25,1.25,1.25,0
2022-06-01,1.25,1.25,1.25,1.25,0
2022-06-02,1.25,1.25,1.25,1.25,0
2022-06-03,1.3200000524520874,1.3200000524520874,1.3200000524520874,1.3200000524520874,363
2022-06-06,1.3200000524520874,1.3200000524520874,1.3200000524520874,1.3200000524520874,0
2022-06-07,1.3200000524520874,1.3200000524520874,1.3200000524520874,1.3200000524520874,0
2022-06-08,1.3200000524520874,1.3200000524520874,1.3200000524520874,1.3200000524520874,0
2022-06-09,1.3200000524520874,1.3200000524520874,1.3200000524520874,1.3200000524520874,0
2022-06-10,1.3200000524520874,1.3200000524520874,1.3200000524520874,1.3200000524520874,0
2022-06-13,1.3200000524520874,1.3200000524520874,1.3200000524520874,1.3200000524520874,0
2022-06-14,1.3200000524520874,1.3200000524520874,1.3200000524520874,1.3200000524520874,0
2022-06-15,1.3200000524520874,1.3200000524520874,1.3200000524520874,1.3200000524520874,0
2022-06-17,1.3200000524520874,1.3200000524520874,1.3200000524520874,1.3200000524520874,0
2022-06-20,1.3200000524520874,1.3200000524520874,1.3200000524520874,1.3200000524520874,0
2022-06-21,1.3200000524520874,1.3200000524520874,1.3200000524520874,1.3200000524520874,0
2022-06-22,1.3200000524520874,1.3200000524520874,1.3200000524520874,1.3200000524520874,0
2022-06-23,1.3200000524520874,1.3200000524520874,1.3200000524520874,1.3200000524520874,0
2022-06-24,1.25,1.25,1.25,1.25,20
2022-06-27,1.25,1.25,1.25,1.25,0
2022-06-28,1.25,1.25,1.25,1.25,0
2022-06-29,1.25,1.25,1.25,1.25,0
2022-06-30,1.25,1.25,1.25,1.25,0
2022-07-01,1.25,1.25,1.25,1.25,0
2022-07-04,1.25,1.25,1.25,1.25,0
2022-07-05,1.25,1.25,1.25,1.25,0
2022-07-06,1.25,1.25,1.25,1.25,0
2022-07-07,1.25,1.25,1.25,1.25,0
2022-07-08,1.25,1.25,1.25,1.25,0
2022-07-11,1.25,1.25,1.25,1.25,0
2022-07-12,1.25,1.25,1.25,1.25,0
2022-07-13,1.25,1.25,1.25,1.25,0
2022-07-14,1.25,1.25,1.25,1.25,0
2022-07-15,1.25,1.25,1.25,1.25,0
2022-07-18,1.25,1.25,1.25,1.25,0
2022-07-19,1.25,1.25,1.25,1.25,0
2022-07-20,1.25,1.25,1.25,1.25,0
2022-07-21,1.25,1.25,1.25,1.25,0
2022-07-22,1.25,1.25,1.25,1.25,0
2022-07-25,1.25,1.25,1.25,1.25,0
2022-07-26,1.25,1.25,1.25,1.25,0
2022-07-27,1.25,1.25,1.25,1.25,0
2022-07-28,1.25,1.25,1.25,1.25,0
2022-07-29,1.25,1.25,1.25,1.25,0
2022-08-01,1.1200000047683716,1.1200000047683716,1.1200000047683716,1.1200000047683716,730
2022-08-02,1.1200000047683716,1.3200000524520874,1.1200000047683716,1.3200000524520874,940
2022-08-03,1.3200000524520874,1.3200000524520874,1.3200000524520874,1.3200000524520874,0
2022-08-04,1.3200000524520874,1.3200000524520874,1.3200000524520874,1.3200000524520874,0
2022-08-05,1.3200000524520874,1.3200000524520874,1.3200000524520874,1.3200000524520874,3000
2022-08-08,1.190000057220459,1.190000057220459,1.190000057220459,1.190000057220459,3085
2022-08-09,1.3200000524520874,1.3200000524520874,1.3200000524520874,1.3200000524520874,2
2022-08-10,1.1200000047683716,1.1200000047683716,1.1200000047683716,1.1200000047683716,31
2022-08-11,1.1200000047683716,1.1200000047683716,1.1200000047683716,1.1200000047683716,1036
2022-08-12,1.1200000047683716,1.1200000047683716,1.1200000047683716,1.1200000047683716,126
2022-08-16,1.1200000047683716,1.1200000047683716,1.1200000047683716,1.1200000047683716,0
2022-08-17,1.1200000047683716,1.1200000047683716,1.1200000047683716,1.1200000047683716,0
2022-08-18,1.1200000047683716,1.1200000047683716,1.1200000047683716,1.1200000047683716,0
2022-08-19,1.1200000047683716,1.1200000047683716,1.1200000047683716,1.1200000047683716,0
2022-08-22,0.8999999761581421,0.8999999761581421,0.8999999761581421,0.8999999761581421,2874
2022-08-23,0.8999999761581421,0.8999999761581421,0.8999999761581421,0.8999999761581421,1
2022-08-24,0.8999999761581421,0.8999999761581421,0.8999999761581421,0.8999999761581421,0
2022-08-25,0.8999999761581421,0.8999999761581421,0.8999999761581421,0.8999999761581421,474
2022-08-26,0.8999999761581421,0.8999999761581421,0.8999999761581421,0.8999999761581421,0
2022-08-29,0.75,0.75,0.75,0.75,181
2022-08-30,0.75,0.75,0.75,0.75,0
2022-08-31,0.75,0.75,0.75,0.75,0
2022-09-01,0.75,0.75,0.75,0.75,0
2022-09-02,0.7699999809265137,0.7699999809265137,0.7699999809265137,0.7699999809265137,1100
2022-09-05,0.7699999809265137,0.7699999809265137,0.7699999809265137,0.7699999809265137,1
2022-09-06,0.7699999809265137,0.7699999809265137,0.7699999809265137,0.7699999809265137,0
2022-09-07,0.7699999809265137,0.7699999809265137,0.7699999809265137,0.7699999809265137,0
2022-09-08,0.7699999809265137,0.7699999809265137,0.7699999809265137,0.7699999809265137,0
2022-09-09,0.7699999809265137,0.7699999809265137,0.7699999809265137,0.7699999809265137,0
2022-09-12,0.800000011920929,0.800000011920929,0.800000011920929,0.800000011920929,80
2022-09-13,0.800000011920929,0.800000011920929,0.800000011920929,0.800000011920929,0
2022-09-14,0.800000011920929,0.800000011920929,0.800000011920929,0.800000011920929,0
2022-09-15,0.800000011920929,0.800000011920929,0.800000011920929,0.800000011920929,0
2022-09-16,0.800000011920929,0.800000011920929,0.800000011920929,0.800000011920929,0
2022-09-19,1.0,1.0,1.0,1.0,2620
2022-09-20,1.0,1.0,1.0,1.0,0
2022-09-21,1.0,1.1100000143051147,1.0,1.1100000143051147,1831
2022-09-22,1.2200000286102295,1.3200000524520874,1.2200000286102295,1.3200000524520874,19999
2022-09-23,1.3200000524520874,1.3899999856948853,1.3200000524520874,1.3899999856948853,326
2022-09-26,1.350000023841858,1.440000057220459,1.350000023841858,1.440000057220459,525
2022-09-27,1.649999976158142,1.649999976158142,1.649999976158142,1.649999976158142,500
2022-09-28,1.649999976158142,1.649999976158142,1.649999976158142,1.649999976158142,0
2022-09-29,1.649999976158142,1.649999976158142,1.649999976158142,1.649999976158142,0
2022-09-30,1.649999976158142,1.649999976158142,1.649999976158142,1.649999976158142,150
2022-10-03,1.5,1.5,1.350000023841858,1.350000023841858,645
2022-10-04,1.0,1.0,1.0,1.0,11904
2022-10-05,1.0,1.0,1.0,1.0,0
2022-10-06,1.149999976158142,1.149999976158142,1.149999976158142,1.149999976158142,200
2022-10-07,1.149999976158142,1.25,1.149999976158142,1.25,283
2022-10-10,1.25,1.25,1.25,1.25,0
2022-10-11,1.1299999952316284,1.1299999952316284,1.1299999952316284,1.1299999952316284,1
2022-10-12,1.1299999952316284,1.1299999952316284,1.1299999952316284,1.1299999952316284,0
2022-10-13,1.159999966621399,1.159999966621399,1.159999966621399,1.159999966621399,120
2022-10-14,1.1299999952316284,1.1299999952316284,1.1299999952316284,1.1299999952316284,200
2022-10-17,1.0199999809265137,1.2400000095367432,1.0199999809265137,1.2400000095367432,141
2022-10-18,1.2400000095367432,1.2400000095367432,1.2400000095367432,1.2400000095367432,0
2022-10-19,1.0199999809265137,1.0199999809265137,1.0199999809265137,1.0199999809265137,325
2022-10-20,1.0199999809265137,1.0199999809265137,1.0199999809265137,1.0199999809265137,2945
2022-10-21,1.0199999809265137,1.0199999809265137,1.0199999809265137,1.0199999809265137,0
2022-10-24,1.0199999809265137,1.0199999809265137,1.0199999809265137,1.0199999809265137,100
2022-10-25,1.0199999809265137,1.0199999809265137,1.0199999809265137,1.0199999809265137,0
2022-10-26,1.0199999809265137,1.0199999809265137,1.0199999809265137,1.0199999809265137,0
2022-10-27,1.0199999809265137,1.0199999809265137,1.0199999809265137,1.0199999809265137,0
2022-10-28,1.0199999809265137,1.0199999809265137,1.0199999809265137,1.0199999809265137,0
2022-10-31,1.100000023841858,1.100000023841858,1.100000023841858,1.100000023841858,1020
2022-11-02,1.100000023841858,1.100000023841858,1.100000023841858,1.100000023841858,0
2022-11-03,1.100000023841858,1.100000023841858,1.100000023841858,1.100000023841858,0
2022-11-04,1.25,1.25,1.1200000047683716,1.1200000047683716,201
2022-11-07,1.1200000047683716,1.190000057220459,1.1200000047683716,1.190000057220459,1004
2022-11-08,1.1200000047683716,1.1200000047683716,1.1200000047683716,1.1200000047683716,1401
2022-11-09,1.100000023841858,1.100000023841858,1.100000023841858,1.100000023841858,2100
2022-11-10,1.2100000381469727,1.25,1.2100000381469727,1.25,88
2022-11-14,1.25,1.25,1.25,1.25,0
2022-11-15,1.25,1.25,1.25,1.25,0
2022-11-16,1.2400000095367432,1.2400000095367432,1.2400000095367432,1.2400000095367432,100
2022-11-17,1.2400000095367432,1.2400000095367432,1.2400000095367432,1.2400000095367432,0
2022-11-18,1.149999976158142,1.149999976158142,1.149999976158142,1.149999976158142,515
2022-11-21,1.0399999618530273,1.0399999618530273,1.0399999618530273,1.0399999618530273,300
2022-11-22,0.9800000190734863,0.9800000190734863,0.9800000190734863,0.9800000190734863,706
2022-11-23,0.9800000190734863,0.9800000190734863,0.9800000190734863,0.9800000190734863,177
2022-11-24,0.9800000190734863,0.9800000190734863,0.9800000190734863,0.9800000190734863,0
2022-11-25,1.090000033378601,1.090000033378601,1.090000033378601,1.090000033378601,532
2022-11-28,1.090000033378601,1.090000033378601,1.090000033378601,1.090000033378601,0
2022-11-29,1.090000033378601,1.090000033378601,1.090000033378601,1.090000033378601,0
2022-11-30,0.8999999761581421,1.090000033378601,0.8999999761581421,1.090000033378601,3855
2022-12-01,1.090000033378601,1.090000033378601,1.090000033378601,1.090000033378601,2226
2022-12-02,1.100000023841858,1.100000023841858,1.100000023841858,1.100000023841858,800
2022-12-05,1.100000023841858,1.100000023841858,1.100000023841858,1.100000023841858,0
2022-12-06,1.100000023841858,1.100000023841858,1.100000023841858,1.100000023841858,0
2022-12-07,1.100000023841858,1.100000023841858,1.100000023841858,1.100000023841858,0
2022-12-08,1.100000023841858,1.100000023841858,1.100000023841858,1.100000023841858,0
2022-12-09,0.9200000166893005,1.2000000476837158,0.9200000166893005,1.2000000476837158,3002
2022-12-12,1.2000000476837158,1.2000000476837158,1.2000000476837158,1.2000000476837158,0
2022-12-13,1.149999976158142,1.149999976158142,1.059999942779541,1.059999942779541,698
2022-12-14,1.059999942779541,1.059999942779541,1.059999942779541,1.059999942779541,1
2022-12-15,1.2000000476837158,1.2000000476837158,1.2000000476837158,1.2000000476837158,1115
2022-12-16,1.2000000476837158,1.2000000476837158,1.2000000476837158,1.2000000476837158,1600
2022-12-19,1.0800000429153442,1.0800000429153442,1.0800000429153442,1.0800000429153442,1260
2022-12-20,1.100000023841858,1.100000023841858,1.100000023841858,1.100000023841858,3402
2022-12-21,1.100000023841858,1.100000023841858,1.100000023841858,1.100000023841858,0
2022-12-22,1.100000023841858,1.100000023841858,1.100000023841858,1.100000023841858,60
2022-12-23,1.100000023841858,1.100000023841858,1.100000023841858,1.100000023841858,0
2022-12-27,1.0499999523162842,1.0499999523162842,1.0499999523162842,1.0499999523162842,520
2022-12-28,1.100000023841858,1.190000057220459,1.100000023841858,1.190000057220459,4612
2022-12-29,1.190000057220459,1.190000057220459,1.190000057220459,1.190000057220459,500
2022-12-30,1.190000057220459,1.190000057220459,1.190000057220459,1.190000057220459,0
2023-01-02,1.190000057220459,1.190000057220459,1.190000057220459,1.190000057220459,0
2023-01-03,1.190000057220459,1.190000057220459,1.190000057220459,1.190000057220459,0
2023-01-04,1.190000057220459,1.190000057220459,1.190000057220459,1.190000057220459,0
2023-01-05,1.190000057220459,1.190000057220459,1.190000057220459,1.190000057220459,0
2023-01-09,1.149999976158142,1.149999976158142,1.149999976158142,1.149999976158142,334
2023-01-10,1.1699999570846558,1.1699999570846558,1.1699999570846558,1.1699999570846558,1700
2023-01-11,1.059999942779541,1.059999942779541,1.059999942779541,1.059999942779541,2000
2023-01-12,1.100000023841858,1.100000023841858,1.100000023841858,1.100000023841858,350
2023-01-13,1.100000023841858,1.100000023841858,1.100000023841858,1.100000023841858,0
2023-01-16,1.1200000047683716,1.190000057220459,1.1200000047683716,1.190000057220459,702
2023-01-17,1.1799999475479126,1.2599999904632568,1.1799999475479126,1.2599999904632568,9851
2023-01-18,1.2599999904632568,1.2599999904632568,1.2599999904632568,1.2599999904632568,160
2023-01-19,1.2599999904632568,1.2599999904632568,1.2599999904632568,1.2599999904632568,1134
2023-01-20,1.2599999904632568,1.2599999904632568,1.2599999904632568,1.2599999904632568,800
2023-01-23,1.2599999904632568,1.2599999904632568,1.2599999904632568,1.2599999904632568,0
2023-01-24,1.1799999475479126,1.1799999475479126,1.1799999475479126,1.1799999475479126,2300
2023-01-25,1.1799999475479126,1.1799999475479126,1.1799999475479126,1.1799999475479126,0
2023-01-26,1.1799999475479126,1.1799999475479126,1.1799999475479126,1.1799999475479126,1000
2023-01-27,1.1799999475479126,1.1799999475479126,1.1799999475479126,1.1799999475479126,1500
2023-01-30,1.1799999475479126,1.1799999475479126,1.1799999475479126,1.1799999475479126,0
2023-01-31,1.1799999475479126,1.1799999475479126,1.1799999475479126,1.1799999475479126,0
2023-02-01,1.1799999475479126,1.1799999475479126,1.1799999475479126,1.1799999475479126,0
2023-02-02,1.1799999475479126,1.1799999475479126,1.1799999475479126,1.1799999475479126,390
2023-02-03,1.1799999475479126,1.1799999475479126,1.1799999475479126,1.1799999475479126,0
2023-02-06,1.090000033378601,1.090000033378601,1.0700000524520874,1.0700000524520874,16300
2023-02-07,1.0700000524520874,1.0700000524520874,1.0700000524520874,1.0700000524520874,0
2023-02-08,1.100000023841858,1.100000023841858,1.100000023841858,1.100000023841858,495
2023-02-09,1.100000023841858,1.100000023841858,1.100000023841858,1.100000023841858,0
2023-02-10,1.0199999809265137,1.0199999809265137,1.0199999809265137,1.0199999809265137,5
2023-02-13,1.0199999809265137,1.0199999809265137,1.0199999809265137,1.0199999809265137,5000
2023-02-14,1.149999976158142,1.149999976158142,1.149999976158142,1.149999976158142,3
2023-02-15,1.149999976158142,1.149999976158142,1.149999976158142,1.149999976158142,0
2023-02-16,1.149999976158142,1.149999976158142,1.149999976158142,1.149999976158142,0
2023-02-17,1.149999976158142,1.149999976158142,1.149999976158142,1.149999976158142,0
2023-02-20,1.149999976158142,1.149999976158142,1.149999976158142,1.149999976158142,0
2023-02-21,1.149999976158142,1.149999976158142,1.149999976158142,1.149999976158142,0
2023-02-22,1.149999976158142,1.149999976158142,1.149999976158142,1.149999976158142,0
2023-02-23,1.1399999856948853,1.1399999856948853,1.1399999856948853,1.1399999856948853,176
2023-02-24,1.1399999856948853,1.1399999856948853,1.1399999856948853,1.1399999856948853,520
2023-02-27,1.1399999856948853,1.1399999856948853,1.1399999856948853,1.1399999856948853,0
2023-02-28,1.1399999856948853,1.1399999856948853,1.1399999856948853,1.1399999856948853,0
2023-03-01,1.1399999856948853,1.1399999856948853,1.1399999856948853,1.1399999856948853,0
2023-03-02,1.1399999856948853,1.1399999856948853,1.1399999856948853,1.1399999856948853,0
2023-03-03,1.1399999856948853,1.1399999856948853,1.1399999856948853,1.1399999856948853,945
2023-03-06,1.1399999856948853,1.1399999856948853,1.1399999856948853,1.1399999856948853,0
2023-03-07,1.1399999856948853,1.1399999856948853,1.1399999856948853,1.1399999856948853,0
2023-03-08,1.1399999856948853,1.1399999856948853,1.1399999856948853,1.1399999856948853,0
2023-03-09,1.1399999856948853,1.1399999856948853,1.1399999856948853,1.1399999856948853,0
2023-03-10,1.1399999856948853,1.1399999856948853,1.1399999856948853,1.1399999856948853,0
2023-03-13,1.1399999856948853,1.1399999856948853,1.1399999856948853,1.1399999856948853,0
2023-03-14,1.1399999856948853,1.1399999856948853,1.1399999856948853,1.1399999856948853,0
2023-03-15,1.1299999952316284,1.1299999952316284,1.1299999952316284,1.1299999952316284,2
2023-03-16,1.1299999952316284,1.1299999952316284,1.1299999952316284,1.1299999952316284,0
2023-03-17,1.1399999856948853,1.1399999856948853,1.1399999856948853,1.1399999856948853,2
2023-03-20,1.1399999856948853,1.1399999856948853,1.1399999856948853,1.1399999856948853,0
2023-03-21,1.1399999856948853,1.1399999856948853,1.1399999856948853,1.1399999856948853,0
2023-03-22,1.1399999856948853,1.1399999856948853,1.1399999856948853,1.1399999856948853,100
2023-03-23,1.1399999856948853,1.1399999856948853,1.1399999856948853,1.1399999856948853,0
2023-03-24,1.1399999856948853,1.1399999856948853,1.1399999856948853,1.1399999856948853,0
2023-03-27,1.1399999856948853,1.1399999856948853,1.1399999856948853,1.1399999856948853,700
2023-03-28,1.1399999856948853,1.1399999856948853,1.1399999856948853,1.1399999856948853,0
2023-03-29,1.1399999856948853,1.1399999856948853,1.1399999856948853,1.1399999856948853,0
2023-03-30,1.1399999856948853,1.1399999856948853,1.1399999856948853,1.1399999856948853,0
2023-03-31,1.1299999952316284,1.1299999952316284,1.1299999952316284,1.1299999952316284,440
2023-04-03,1.1299999952316284,1.1299999952316284,1.1299999952316284,1.1299999952316284,0
2023-04-04,1.1299999952316284,1.1299999952316284,1.1299999952316284,1.1299999952316284,0
2023-04-05,1.1299999952316284,1.1299999952316284,1.1299999952316284,1.1299999952316284,0
2023-04-06,1.1299999952316284,1.1299999952316284,1.1299999952316284,1.1299999952316284,0
2023-04-11,1.1299999952316284,1.1299999952316284,1.1299999952316284,1.1299999952316284,0
2023-04-12,1.1299999952316284,1.1299999952316284,1.1299999952316284,1.1299999952316284,0
2023-04-13,1.0,1.0,1.0,1.0,600
2023-04-14,1.0,1.0,1.0,1.0,0
2023-04-17,1.0,1.0,1.0,1.0,1
2023-04-18,1.0,1.0,1.0,1.0,0
2023-04-19,1.0,1.0,1.0,1.0,0
2023-04-20,1.0,1.0,1.0,1.0,0
2023-04-21,1.0,1.0,1.0,1.0,0
2023-04-24,1.0,1.0,1.0,1.0,0
2023-04-25,1.0,1.0,1.0,1.0,0
2023-04-26,1.0,1.0,1.0,1.0,0
2023-04-27,1.0,1.0,1.0,1.0,0
2023-04-28,1.0,1.0,1.0,1.0,0
2023-05-02,1.0,1.0,1.0,1.0,1399
2023-05-04,1.0199999809265137,1.0199999809265137,1.0199999809265137,1.0199999809265137,1600
2023-05-05,0.949999988079071,0.949999988079071,0.949999988079071,0.949999988079071,400
2023-05-08,0.949999988079071,0.949999988079071,0.949999988079071,0.949999988079071,0
2023-05-09,0.9599999785423279,0.9599999785423279,0.9599999785423279,0.9599999785423279,2659
2023-05-10,1.0199999809265137,1.090000033378601,1.0199999809265137,1.090000033378601,6549
2023-05-11,1.2000000476837158,1.2000000476837158,1.2000000476837158,1.2000000476837158,9490
2023-05-12,1.2000000476837158,1.2000000476837158,1.2000000476837158,1.2000000476837158,100
2023-05-15,1.100000023841858,1.100000023841858,1.100000023841858,1.100000023841858,1889
2023-05-16,1.100000023841858,1.100000023841858,1.100000023841858,1.100000023841858,500
2023-05-17,1.100000023841858,1.100000023841858,1.100000023841858,1.100000023841858,0
2023-05-18,1.100000023841858,1.100000023841858,1.100000023841858,1.100000023841858,0
2023-05-19,1.100000023841858,1.100000023841858,1.100000023841858,1.100000023841858,0
2023-05-22,1.100000023841858,1.190000057220459,1.100000023841858,1.190000057220459,579
2023-05-23,1.190000057220459,1.190000057220459,1.190000057220459,1.190000057220459,0
2023-05-24,1.190000057220459,1.190000057220459,1.190000057220459,1.190000057220459,0
2023-05-25,1.0800000429153442,1.0800000429153442,1.0800000429153442,1.0800000429153442,720
2023-05-26,1.0800000429153442,1.0800000429153442,1.0800000429153442,1.0800000429153442,0
2023-05-29,1.0800000429153442,1.0800000429153442,1.0800000429153442,1.0800000429153442,500
2023-05-30,1.0800000429153442,1.0800000429153442,1.0800000429153442,1.0800000429153442,0
2023-05-31,1.0800000429153442,1.0800000429153442,1.0800000429153442,1.0800000429153442,0
2023-06-01,1.0800000429153442,1.0800000429153442,1.0800000429153442,1.0800000429153442,636
2023-06-02,1.0499999523162842,1.0499999523162842,1.0499999523162842,1.0499999523162842,1094
2023-06-05,1.0499999523162842,1.0499999523162842,1.0499999523162842,1.0499999523162842,0
2023-06-06,1.0499999523162842,1.0499999523162842,1.0499999523162842,1.0499999523162842,0
2023-06-07,1.0099999904632568,1.0099999904632568,1.0099999904632568,1.0099999904632568,500
2023-06-09,1.0499999523162842,1.0499999523162842,1.0499999523162842,1.0499999523162842,680
2023-06-12,1.0499999523162842,1.0499999523162842,1.0499999523162842,1.0499999523162842,0
2023-06-13,1.0499999523162842,1.0499999523162842,1.0499999523162842,1.0499999523162842,0
2023-06-14,1.0499999523162842,1.0499999523162842,1.0499999523162842,1.0499999523162842,0
2023-06-15,1.0499999523162842,1.0499999523162842,1.0499999523162842,1.0499999523162842,364
2023-06-16,1.0499999523162842,1.0499999523162842,1.0499999523162842,1.0499999523162842,0
2023-06-19,1.0499999523162842,1.0499999523162842,1.0499999523162842,1.0499999523162842,0
2023-06-20,1.0499999523162842,1.0499999523162842,1.0499999523162842,1.0499999523162842,0
2023-06-21,1.0499999523162842,1.0499999523162842,1.0499999523162842,1.0499999523162842,0
2023-06-22,1.0499999523162842,1.0499999523162842,1.0499999523162842,1.0499999523162842,0
2023-06-23,1.0499999523162842,1.0499999523162842,1.0499999523162842,1.0499999523162842,0
2023-06-26,1.0499999523162842,1.0499999523162842,1.0499999523162842,1.0499999523162842,0
2023-06-27,1.0499999523162842,1.0499999523162842,1.0499999523162842,1.0499999523162842,0
2023-06-28,1.0499999523162842,1.0499999523162842,1.0499999523162842,1.0499999523162842,0
2023-06-29,1.0499999523162842,1.0499999523162842,1.0499999523162842,1.0499999523162842,0
2023-06-30,1.0,1.0,1.0,1.0,700
2023-07-03,1.0499999523162842,1.0499999523162842,1.0499999523162842,1.0499999523162842,425
2023-07-04,1.0499999523162842,1.0499999523162842,1.0499999523162842,1.0499999523162842,2300
2023-07-05,1.0499999523162842,1.0499999523162842,1.0499999523162842,1.0499999523162842,0
2023-07-06,1.0,1.0499999523162842,1.0,1.0499999523162842,2695
2023-07-07,1.0499999523162842,1.0499999523162842,1.0099999904632568,1.0099999904632568,639
2023-07-10,1.0099999904632568,1.0499999523162842,1.0099999904632568,1.0499999523162842,1585
2023-07-11,1.0499999523162842,1.0499999523162842,1.0499999523162842,1.0499999523162842,0
2023-07-12,1.100000023841858,1.100000023841858,1.100000023841858,1.100000023841858,1644
2023-07-13,1.1200000047683716,1.1200000047683716,1.1200000047683716,1.1200000047683716,1040
2023-07-14,1.1200000047683716,1.149999976158142,1.1200000047683716,1.149999976158142,1099
2023-07-17,1.149999976158142,1.149999976158142,1.149999976158142,1.149999976158142,0
2023-07-18,1.1799999475479126,1.1799999475479126,1.1799999475479126,1.1799999475479126,1000
2023-07-19,1.1799999475479126,1.1799999475479126,1.1799999475479126,1.1799999475479126,2000
2023-07-20,1.190000057220459,1.190000057220459,1.190000057220459,1.190000057220459,299
2023-07-21,1.190000057220459,1.190000057220459,1.190000057220459,1.190000057220459,0
2023-07-24,1.1200000047683716,1.2000000476837158,1.1200000047683716,1.2000000476837158,735
2023-07-25,1.1200000047683716,1.1200000047683716,1.1200000047683716,1.1200000047683716,500
2023-07-26,1.1200000047683716,1.1200000047683716,1.1200000047683716,1.1200000047683716,2245
2023-07-27,1.190000057220459,1.190000057220459,1.190000057220459,1.190000057220459,2
2023-07-28,1.190000057220459,1.190000057220459,1.190000057220459,1.190000057220459,325
2023-07-31,1.0800000429153442,1.1799999475479126,1.0800000429153442,1.1799999475479126,1297
2023-08-01,1.1799999475479126,1.1799999475479126,1.1799999475479126,1.1799999475479126,850
2023-08-02,1.1799999475479126,1.1799999475479126,1.1799999475479126,1.1799999475479126,0
2023-08-03,1.1799999475479126,1.1799999475479126,1.1799999475479126,1.1799999475479126,0
2023-08-04,1.1799999475479126,1.1799999475479126,1.1799999475479126,1.1799999475479126,0
2023-08-07,1.1699999570846558,1.1699999570846558,1.100000023841858,1.100000023841858,1229
2023-08-08,1.1699999570846558,1.1699999570846558,1.1699999570846558,1.1699999570846558,2
2023-08-09,1.159999966621399,1.159999966621399,1.159999966621399,1.159999966621399,1710
2023-08-10,1.159999966621399,1.159999966621399,1.159999966621399,1.159999966621399,0
2023-08-11,1.159999966621399,1.159999966621399,1.159999966621399,1.159999966621399,0
2023-08-14,1.1799999475479126,1.1799999475479126,1.1799999475479126,1.1799999475479126,3549
2023-08-16,1.1799999475479126,1.1799999475479126,1.1799999475479126,1.1799999475479126,1200
2023-08-17,1.1799999475479126,1.1799999475479126,1.1799999475479126,1.1799999475479126,0
2023-08-18,1.1799999475479126,1.1799999475479126,1.1799999475479126,1.1799999475479126,0
2023-08-21,1.1799999475479126,1.1799999475479126,1.1799999475479126,1.1799999475479126,0
2023-08-22,1.1799999475479126,1.1799999475479126,1.1799999475479126,1.1799999475479126,1957
2023-08-23,1.1799999475479126,1.1799999475479126,1.1799999475479126,1.1799999475479126,0
2023-08-24,1.1799999475479126,1.1799999475479126,1.1799999475479126,1.1799999475479126,1
2023-08-25,1.1799999475479126,1.1799999475479126,1.1799999475479126,1.1799999475479126,0
2023-08-28,1.1799999475479126,1.1799999475479126,1.1799999475479126,1.1799999475479126,68
2023-08-29,1.1799999475479126,1.1799999475479126,1.1799999475479126,1.1799999475479126,0
2023-08-30,1.2000000476837158,1.2000000476837158,1.2000000476837158,1.2000000476837158,2561
2023-08-31,1.2000000476837158,1.2000000476837158,1.2000000476837158,1.2000000476837158,1039
2023-09-01,1.25,1.25,1.25,1.25,2240
2023-09-04,1.2899999618530273,1.2899999618530273,1.2899999618530273,1.2899999618530273,1300
2023-09-05,1.2899999618530273,1.2899999618530273,1.2899999618530273,1.2899999618530273,0
2023-09-06,1.2899999618530273,1.2899999618530273,1.2899999618530273,1.2899999618530273,0
2023-09-07,1.2000000476837158,1.2899999618530273,1.2000000476837158,1.2899999618530273,1301
2023-09-08,1.2899999618530273,1.2899999618530273,1.2899999618530273,1.2899999618530273,0
2023-09-11,1.2899999618530273,1.2899999618530273,1.2899999618530273,1.2899999618530273,0
2023-09-12,1.2899999618530273,1.2899999618530273,1.2899999618530273,1.2899999618530273,0
2023-09-13,1.2899999618530273,1.2899999618530273,1.2899999618530273,1.2899999618530273,0
2023-09-14,1.2899999618530273,1.2899999618530273,1.2899999618530273,1.2899999618530273,0
2023-09-15,1.2899999618530273,1.2899999618530273,1.2899999618530273,1.2899999618530273,0
2023-09-18,1.2899999618530273,1.2899999618530273,1.2899999618530273,1.2899999618530273,0
2023-09-19,1.25,1.25,1.25,1.25,555
2023-09-20,1.25,1.25,1.25,1.25,0
2023-09-21,1.25,1.25,1.25,1.25,0
2023-09-22,1.25,1.25,1.25,1.25,0
2023-09-25,1.25,1.25,1.25,1.25,51
2023-09-26,1.2000000476837158,1.2000000476837158,1.2000000476837158,1.2000000476837158,1658
2023-09-27,1.159999966621399,1.2400000095367432,1.159999966621399,1.2400000095367432,2254
2023-09-28,1.149999976158142,1.149999976158142,1.149999976158142,1.149999976158142,3050
2023-09-29,1.149999976158142,1.2000000476837158,1.149999976158142,1.2000000476837158,202
2023-10-02,1.2000000476837158,1.2000000476837158,1.2000000476837158,1.2000000476837158,0
2023-10-03,1.2000000476837158,1.2000000476837158,1.2000000476837158,1.2000000476837158,0
2023-10-04,1.1399999856948853,1.2000000476837158,1.1399999856948853,1.2000000476837158,3122
2023-10-05,1.1299999952316284,1.1299999952316284,1.1299999952316284,1.1299999952316284,200
2023-10-06,1.2000000476837158,1.2000000476837158,1.2000000476837158,1.2000000476837158,3
2023-10-09,1.2000000476837158,1.2000000476837158,1.2000000476837158,1.2000000476837158,0
2023-10-10,1.2000000476837158,1.2000000476837158,1.2000000476837158,1.2000000476837158,0
2023-10-11,1.2000000476837158,1.2000000476837158,1.2000000476837158,1.2000000476837158,500
2023-10-12,1.1100000143051147,1.2000000476837158,1.1100000143051147,1.2000000476837158,1002
2023-10-13,1.2000000476837158,1.2000000476837158,1.2000000476837158,1.2000000476837158,0
2023-10-16,1.2000000476837158,1.2000000476837158,1.2000000476837158,1.2000000476837158,0
2023-10-17,1.2000000476837158,1.2000000476837158,1.2000000476837158,1.2000000476837158,0
2023-10-18,1.1799999475479126,1.1799999475479126,1.1799999475479126,1.1799999475479126,500
2023-10-19,1.1799999475479126,1.1799999475479126,1.1799999475479126,1.1799999475479126,0
2023-10-20,1.1799999475479126,1.1799999475479126,1.1799999475479126,1.1799999475479126,0
2023-10-23,1.1799999475479126,1.1799999475479126,1.1799999475479126,1.1799999475479126,0
2023-10-24,1.1799999475479126,1.1799999475479126,1.1799999475479126,1.1799999475479126,0
2023-10-25,1.1100000143051147,1.1799999475479126,1.1100000143051147,1.1799999475479126,296
2023-10-26,1.100000023841858,1.100000023841858,1.100000023841858,1.100000023841858,1700
2023-10-27,1.100000023841858,1.100000023841858,1.0700000524520874,1.0700000524520874,1561
2023-10-30,1.149999976158142,1.149999976158142,1.149999976158142,1.149999976158142,3
2023-10-31,1.149999976158142,1.149999976158142,1.149999976158142,1.149999976158142,0
2023-11-02,1.149999976158142,1.149999976158142,1.149999976158142,1.149999976158142,0
2023-11-03,1.149999976158142,1.149999976158142,1.149999976158142,1.149999976158142,0
2023-11-06,1.149999976158142,1.149999976158142,1.149999976158142,1.149999976158142,0
2023-11-07,1.149999976158142,1.149999976158142,1.149999976158142,1.149999976158142,0
2023-11-08,0.9150000214576721,1.100000023841858,0.9150000214576721,1.100000023841858,2150
2023-11-09,1.100000023841858,1.100000023841858,1.100000023841858,1.100000023841858,0
2023-11-10,1.100000023841858,1.100000023841858,1.100000023841858,1.100000023841858,0
2023-11-13,0.9150000214576721,0.9150000214576721,0.9150000214576721,0.9150000214576721,6685
2023-11-14,0.9150000214576721,0.9150000214576721,0.9150000214576721,0.9150000214576721,0
2023-11-15,0.9150000214576721,0.9150000214576721,0.9150000214576721,0.9150000214576721,0
2023-11-16,0.9950000047683716,0.9950000047683716,0.9950000047683716,0.9950000047683716,400
2023-11-17,0.9950000047683716,0.9950000047683716,0.9950000047683716,0.9950000047683716,0
2023-11-20,0.7900000214576721,0.7900000214576721,0.7900000214576721,0.7900000214576721,4750
2023-11-21,0.8149999976158142,0.8149999976158142,0.8149999976158142,0.8149999976158142,318
2023-11-22,0.8149999976158142,0.8149999976158142,0.8149999976158142,0.8149999976158142,0
2023-11-23,0.8149999976158142,0.8149999976158142,0.8149999976158142,0.8149999976158142,0
2023-11-24,0.8500000238418579,0.9300000071525574,0.8500000238418579,0.9300000071525574,82
2023-11-27,0.9300000071525574,0.9900000095367432,0.9300000071525574,0.9900000095367432,297
2023-11-28,0.9900000095367432,0.9900000095367432,0.9900000095367432,0.9900000095367432,97
2023-11-29,0.949999988079071,0.949999988079071,0.949999988079071,0.949999988079071,2537
2023-11-30,0.949999988079071,0.949999988079071,0.949999988079071,0.949999988079071,0
2023-12-01,0.949999988079071,0.949999988079071,0.949999988079071,0.949999988079071,0
2023-12-04,0.949999988079071,0.949999988079071,0.949999988079071,0.949999988079071,20
2023-12-05,0.8799999952316284,0.8799999952316284,0.8799999952316284,0.8799999952316284,293
2023-12-06,0.8799999952316284,0.8799999952316284,0.8799999952316284,0.8799999952316284,0
2023-12-07,0.8899999856948853,0.8899999856948853,0.8899999856948853,0.8899999856948853,50
2023-12-08,0.9200000166893005,0.9200000166893005,0.9200000166893005,0.9200000166893005,100
2023-12-11,0.8999999761581421,0.8999999761581421,0.8999999761581421,0.8999999761581421,3300
2023-12-12,0.9200000166893005,0.9200000166893005,0.8899999856948853,0.8899999856948853,247
2023-12-13,0.8799999952316284,0.8799999952316284,0.8799999952316284,0.8799999952316284,2816
2023-12-14,0.7950000166893005,0.8899999856948853,0.7950000166893005,0.8899999856948853,15
2023-12-15,0.8899999856948853,0.8899999856948853,0.8899999856948853,0.8899999856948853,0
2023-12-18,0.8799999952316284,0.8799999952316284,0.8799999952316284,0.8799999952316284,988
2023-12-19,0.8799999952316284,0.8799999952316284,0.8799999952316284,0.8799999952316284,0
2023-12-20,0.8299999833106995,0.8299999833106995,0.8299999833106995,0.8299999833106995,371
2023-12-21,0.8399999737739563,0.8500000238418579,0.8399999737739563,0.8500000238418579,400
2023-12-22,0.8500000238418579,0.8500000238418579,0.8500000238418579,0.8500000238418579,0
2023-12-27,0.8399999737739563,0.8399999737739563,0.8399999737739563,0.8399999737739563,1528
2023-12-28,0.8999999761581421,0.8999999761581421,0.8999999761581421,0.8999999761581421,1191
2023-12-29,0.9100000262260437,0.9100000262260437,0.9100000262260437,0.9100000262260437,1090
2024-01-02,0.9100000262260437,0.9100000262260437,0.9100000262260437,0.9100000262260437,0
2024-01-03,0.9100000262260437,0.9100000262260437,0.9100000262260437,0.9100000262260437,0
2024-01-04,0.9100000262260437,0.9100000262260437,0.9100000262260437,0.9100000262260437,0
2024-01-05,1.0,1.0,1.0,1.0,100
2024-01-08,1.0,1.0,1.0,1.0,0
2024-01-09,1.0,1.0,1.0,1.0,0
2024-01-10,1.0,1.0,1.0,1.0,0
2024-01-11,0.9750000238418579,0.9750000238418579,0.9750000238418579,0.9750000238418579,100
2024-01-12,0.9750000238418579,0.9750000238418579,0.9750000238418579,0.9750000238418579,0
2024-01-15,0.9750000238418579,0.9750000238418579,0.9750000238418579,0.9750000238418579,0
2024-01-16,0.9750000238418579,0.9750000238418579,0.9750000238418579,0.9750000238418579,0
2024-01-17,0.9750000238418579,0.9750000238418579,0.9750000238418579,0.9750000238418579,0
2024-01-18,1.0,1.0,1.0,1.0,500
2024-01-19,1.0,1.0,1.0,1.0,1260
2024-01-22,1.0,1.0,1.0,1.0,2111
2024-01-23,1.0,1.0,1.0,1.0,0
2024-01-24,1.0,1.0,1.0,1.0,0
2024-01-25,1.0,1.0,1.0,1.0,0
2024-01-26,1.0,1.0,1.0,1.0,0
2024-01-29,1.0,1.0,1.0,1.0,0
2024-01-30,1.0,1.0,1.0,1.0,0
2024-01-31,1.0,1.0,1.0,1.0,0
2024-02-01,1.0,1.0499999523162842,1.0,1.0499999523162842,14348
2024-02-02,1.1200000047683716,1.1200000047683716,1.1200000047683716,1.1200000047683716,652
2024-02-05,1.1200000047683716,1.1200000047683716,1.1200000047683716,1.1200000047683716,0
2024-02-06,1.1200000047683716,1.1200000047683716,1.1200000047683716,1.1200000047683716,0
2024-02-07,1.1200000047683716,1.1200000047683716,1.1200000047683716,1.1200000047683716,0
2024-02-08,1.1200000047683716,1.1200000047683716,1.1200000047683716,1.1200000047683716,0
2024-02-09,1.100000023841858,1.100000023841858,1.100000023841858,1.100000023841858,90
2024-02-12,1.100000023841858,1.100000023841858,1.100000023841858,1.100000023841858,0
2024-02-13,1.0800000429153442,1.0800000429153442,1.0800000429153442,1.0800000429153442,5000
2024-02-14,1.0800000429153442,1.0800000429153442,1.0800000429153442,1.0800000429153442,0
2024-02-15,1.0800000429153442,1.0800000429153442,1.0800000429153442,1.0800000429153442,0
2024-02-16,1.0800000429153442,1.0800000429153442,1.0800000429153442,1.0800000429153442,0
2024-02-19,1.0800000429153442,1.0800000429153442,1.0800000429153442,1.0800000429153442,0
2024-02-20,0.9399999976158142,1.0,0.9399999976158142,1.0,320
2024-02-21,1.0,1.0,1.0,1.0,0
2024-02-22,1.0800000429153442,1.0800000429153442,1.0800000429153442,1.0800000429153442,3361
2024-02-23,1.0800000429153442,1.0800000429153442,1.0800000429153442,1.0800000429153442,0
2024-02-26,1.0800000429153442,1.0800000429153442,1.0800000429153442,1.0800000429153442,40
2024-02-27,1.0800000429153442,1.0800000429153442,1.0800000429153442,1.0800000429153442,0
2024-02-28,1.0800000429153442,1.0800000429153442,1.0800000429153442,1.0800000429153442,0
2024-02-29,1.0800000429153442,1.0800000429153442,1.0800000429153442,1.0800000429153442,0
2024-03-01,1.100000023841858,1.100000023841858,1.100000023841858,1.100000023841858,118
2024-03-04,1.100000023841858,1.100000023841858,1.100000023841858,1.100000023841858,0
2024-03-05,1.100000023841858,1.100000023841858,1.100000023841858,1.100000023841858,0
2024-03-06,1.100000023841858,1.100000023841858,1.100000023841858,1.100000023841858,0
2024-03-07,1.100000023841858,1.100000023841858,1.100000023841858,1.100000023841858,0
2024-03-08,1.100000023841858,1.100000023841858,1.100000023841858,1.100000023841858,0
2024-03-11,1.100000023841858,1.100000023841858,1.100000023841858,1.100000023841858,0
2024-03-12,1.100000023841858,1.100000023841858,1.100000023841858,1.100000023841858,0
2024-03-13,1.100000023841858,1.100000023841858,1.100000023841858,1.100000023841858,0
2024-03-14,1.100000023841858,1.100000023841858,1.100000023841858,1.100000023841858,0
2024-03-15,1.1299999952316284,1.1299999952316284,1.1299999952316284,1.1299999952316284,1248
2024-03-18,1.1399999856948853,1.149999976158142,1.1399999856948853,1.149999976158142,2668
2024-03-19,1.1100000143051147,1.1100000143051147,1.1100000143051147,1.1100000143051147,1093
2024-03-20,1.1100000143051147,1.1100000143051147,1.1100000143051147,1.1100000143051147,0
2024-03-21,1.1100000143051147,1.1100000143051147,1.1100000143051147,1.1100000143051147,0
2024-03-22,1.1100000143051147,1.1100000143051147,1.1100000143051147,1.1100000143051147,0
2024-03-25,1.1100000143051147,1.1100000143051147,1.1100000143051147,1.1100000143051147,0
2024-03-26,1.1100000143051147,1.1100000143051147,1.1100000143051147,1.1100000143051147,0
2024-03-27,1.1100000143051147,1.1100000143051147,1.1100000143051147,1.1100000143051147,2093
2024-03-28,1.1100000143051147,1.1100000143051147,1.1100000143051147,1.1100000143051147,0
2024-04-02,1.1100000143051147,1.1100000143051147,1.1100000143051147,1.1100000143051147,0
2024-04-03,1.1100000143051147,1.1100000143051147,1.1100000143051147,1.1100000143051147,0
2024-04-04,1.0299999713897705,1.149999976158142,1.0299999713897705,1.149999976158142,1202
2024-04-05,1.149999976158142,1.149999976158142,1.149999976158142,1.149999976158142,0
2024-04-08,1.149999976158142,1.149999976158142,1.149999976158142,1.149999976158142,5
2024-04-09,1.1399999856948853,1.1399999856948853,1.1399999856948853,1.1399999856948853,10
2024-04-10,1.1399999856948853,1.1399999856948853,1.1399999856948853,1.1399999856948853,0
2024-04-11,1.1299999952316284,1.1299999952316284,1.0399999618530273,1.0399999618530273,6040
2024-04-12,1.1399999856948853,1.1399999856948853,1.1399999856948853,1.1399999856948853,1
2024-04-15,1.1399999856948853,1.1399999856948853,1.0299999713897705,1.0299999713897705,1464
2024-04-16,1.0299999713897705,1.0299999713897705,1.0299999713897705,1.0299999713897705,0
2024-04-17,1.0299999713897705,1.0299999713897705,1.0299999713897705,1.0299999713897705,0
2024-04-18,1.0299999713897705,1.0299999713897705,1.0299999713897705,1.0299999713897705,0
2024-04-19,1.0299999713897705,1.0299999713897705,1.0299999713897705,1.0299999713897705,0
2024-04-22,1.0299999713897705,1.0299999713897705,1.0299999713897705,1.0299999713897705,0
2024-04-23,1.0299999713897705,1.0299999713897705,1.0299999713897705,1.0299999713897705,0
2024-04-24,1.0299999713897705,1.0299999713897705,1.0299999713897705,1.0299999713897705,0
2024-04-25,1.0299999713897705,1.0299999713897705,1.0299999713897705,1.0299999713897705,0
2024-04-26,1.100000023841858,1.100000023841858,1.100000023841858,1.100000023841858,300
2024-04-29,1.1399999856948853,1.1399999856948853,1.1399999856948853,1.1399999856948853,700
2024-04-30,1.1399999856948853,1.1399999856948853,1.1399999856948853,1.1399999856948853,0
2024-05-02,1.1399999856948853,1.1399999856948853,1.1399999856948853,1.1399999856948853,0
2024-05-06,1.1399999856948853,1.1399999856948853,1.1399999856948853,1.1399999856948853,0
2024-05-07,1.0299999713897705,1.0299999713897705,1.0299999713897705,1.0299999713897705,1000
2024-05-08,1.100000023841858,1.100000023841858,1.100000023841858,1.100000023841858,100
2024-05-09,1.0299999713897705,1.0299999713897705,1.0299999713897705,1.0299999713897705,1200
2024-05-10,1.0299999713897705,1.0299999713897705,1.0299999713897705,1.0299999713897705,0
2024-05-13,1.0299999713897705,1.0299999713897705,1.0299999713897705,1.0299999713897705,469
2024-05-14,1.0299999713897705,1.0299999713897705,1.0299999713897705,1.0299999713897705,500
2024-05-15,1.0299999713897705,1.0299999713897705,1.0299999713897705,1.0299999713897705,0
2024-05-16,1.0,1.0,1.0,1.0,600
2024-05-17,1.100000023841858,1.100000023841858,1.100000023841858,1.100000023841858,2215
2024-05-20,1.090000033378601,1.090000033378601,1.090000033378601,1.090000033378601,1174
2024-05-21,1.0199999809265137,1.0199999809265137,1.0199999809265137,1.0199999809265137,1221
2024-05-22,0.949999988079071,0.949999988079071,0.949999988079071,0.949999988079071,727
2024-05-23,0.949999988079071,0.949999988079071,0.949999988079071,0.949999988079071,0
2024-05-24,0.949999988079071,0.949999988079071,0.949999988079071,0.949999988079071,0
2024-05-27,0.949999988079071,0.949999988079071,0.949999988079071,0.949999988079071,0
2024-05-28,0.949999988079071,0.949999988079071,0.949999988079071,0.949999988079071,0
2024-05-29,0.949999988079071,0.949999988079071,0.949999988079071,0.949999988079071,0
2024-05-31,1.0,1.0,1.0,1.0,60
2024-06-03,1.0,1.0,1.0,1.0,0
2024-06-04,1.0,1.0,1.0,1.0,930
2024-06-05,1.0,1.0,1.0,1.0,0
2024-06-06,1.0,1.0,1.0,1.0,0
2024-06-07,1.0,1.0,1.0,1.0,0
2024-06-10,1.0,1.0,1.0,1.0,0
2024-06-11,1.0,1.0,1.0,1.0,0
2024-06-12,1.0,1.0,1.0,1.0,0
2024-06-13,1.0,1.0,1.0,1.0,0
2024-06-14,1.0,1.0,1.0,1.0,0
2024-06-17,1.0,1.0,1.0,1.0,0
2024-06-18,1.0,1.0,1.0,1.0,0
2024-06-19,1.0,1.0,1.0,1.0,0
2024-06-20,1.0,1.0499999523162842,1.0,1.0499999523162842,24
2024-06-21,1.0099999904632568,1.0099999904632568,1.0099999904632568,1.0099999904632568,2000
2024-06-24,1.0099999904632568,1.0099999904632568,1.0099999904632568,1.0099999904632568,0
2024-06-25,1.0,1.0,1.0,1.0,1116
2024-06-26,1.0,1.0,1.0,1.0,111
2024-06-27,1.0,1.0,1.0,1.0,0
2024-06-28,1.0,1.0,1.0,1.0,0
2024-07-01,1.0,1.0,1.0,1.0,3051
2024-07-02,1.0499999523162842,1.0499999523162842,1.0,1.0,2700
2024-07-03,1.0,1.0,1.0,1.0,4202
2024-07-04,1.0,1.0,1.0,1.0,0
2024-07-05,1.0,1.0,1.0,1.0,0
2024-07-08,1.0,1.0,1.0,1.0,0
2024-07-09,1.0,1.0,1.0,1.0,1850
2024-07-10,1.0,1.0,1.0,1.0,400
2024-07-11,1.0,1.0,1.0,1.0,10
2024-07-12,1.0,1.0,1.0,1.0,2031
2024-07-15,1.0,1.0,1.0,1.0,0
2024-07-16,1.0,1.0,1.0,1.0,0
2024-07-17,1.0,1.0,1.0,1.0,15
2024-07-18,1.0,1.0,1.0,1.0,0
2024-07-19,1.0,1.0,1.0,1.0,0
2024-07-22,1.0,1.0,1.0,1.0,0
2024-07-23,1.0,1.0,1.0,1.0,139
2024-07-24,1.0,1.0,1.0,1.0,0
2024-07-25,1.0,1.0,1.0,1.0,0
2024-07-26,0.8999999761581421,0.8999999761581421,0.8999999761581421,0.8999999761581421,100
2024-07-29,0.8999999761581421,0.8999999761581421,0.8999999761581421,0.8999999761581421,0
2024-07-30,0.8999999761581421,0.8999999761581421,0.8999999761581421,0.8999999761581421,1360
2024-07-31,0.8999999761581421,0.8999999761581421,0.8999999761581421,0.8999999761581421,0
2024-08-01,0.8999999761581421,0.8999999761581421,0.8999999761581421,0.8999999761581421,0
2024-08-02,0.8199999928474426,0.8199999928474426,0.8199999928474426,0.8199999928474426,3640
2024-08-05,0.8500000238418579,0.8999999761581421,0.8500000238418579,0.8999999761581421,1009
2024-08-06,0.8999999761581421,0.8999999761581421,0.8999999761581421,0.8999999761581421,5
2024-08-07,1.0499999523162842,1.0499999523162842,1.0499999523162842,1.0499999523162842,5
2024-08-08,1.0499999523162842,1.0499999523162842,1.0499999523162842,1.0499999523162842,0
2024-08-09,0.9599999785423279,0.9599999785423279,0.9599999785423279,0.9599999785423279,1000
2024-08-12,1.0499999523162842,1.0499999523162842,1.0499999523162842,1.0499999523162842,2
2024-08-13,1.0499999523162842,1.0499999523162842,1.0499999523162842,1.0499999523162842,0
2024-08-14,1.0499999523162842,1.0499999523162842,1.0499999523162842,1.0499999523162842,4185
2024-08-16,1.0499999523162842,1.0499999523162842,1.0499999523162842,1.0499999523162842,0
2024-08-19,1.0499999523162842,1.0499999523162842,1.0499999523162842,1.0499999523162842,0
2024-08-20,1.0499999523162842,1.0499999523162842,1.0499999523162842,1.0499999523162842,0
2024-08-21,1.100000023841858,1.100000023841858,1.100000023841858,1.100000023841858,10000
2024-08-22,1.2000000476837158,1.2000000476837158,1.2000000476837158,1.2000000476837158,8000
2024-08-23,1.2000000476837158,1.2000000476837158,1.2000000476837158,1.2000000476837158,916
2024-08-26,1.2000000476837158,1.2000000476837158,1.2000000476837158,1.2000000476837158,0
2024-08-27,1.2000000476837158,1.2000000476837158,1.2000000476837158,1.2000000476837158,0
2024-08-28,1.100000023841858,1.190000057220459,1.100000023841858,1.190000057220459,1028
2024-08-29,1.100000023841858,1.100000023841858,1.100000023841858,1.100000023841858,988
2024-08-30,1.2000000476837158,1.2000000476837158,1.2000000476837158,1.2000000476837158,1
2024-09-02,1.2000000476837158,1.2000000476837158,1.2000000476837158,1.2000000476837158,0
2024-09-03,1.2000000476837158,1.2000000476837158,1.2000000476837158,1.2000000476837158,0
2024-09-04,1.2000000476837158,1.2000000476837158,1.2000000476837158,1.2000000476837158,0
2024-09-05,1.2000000476837158,1.2000000476837158,1.2000000476837158,1.2000000476837158,0
2024-09-06,1.2000000476837158,1.2000000476837158,1.2000000476837158,1.2000000476837158,0
2024-09-09,1.1100000143051147,1.2000000476837158,1.1100000143051147,1.2000000476837158,251
2024-09-10,1.2000000476837158,1.2000000476837158,1.2000000476837158,1.2000000476837158,0
2024-09-11,1.2000000476837158,1.2000000476837158,1.2000000476837158,1.2000000476837158,0
2024-09-12,1.2000000476837158,1.2000000476837158,1.2000000476837158,1.2000000476837158,0
2024-09-13,1.0499999523162842,1.0499999523162842,1.0499999523162842,1.0499999523162842,600
2024-09-16,1.149999976158142,1.149999976158142,1.149999976158142,1.149999976158142,1
2024-09-17,1.1399999856948853,1.1399999856948853,1.1399999856948853,1.1399999856948853,100
2024-09-18,1.1399999856948853,1.1399999856948853,1.1399999856948853,1.1399999856948853,4
2024-09-19,1.0499999523162842,1.0499999523162842,1.0499999523162842,1.0499999523162842,2728
2024-09-20,1.149999976158142,1.149999976158142,1.149999976158142,1.149999976158142,1
2024-09-23,1.0,1.1299999952316284,1.0,1.1299999952316284,850
2024-09-24,1.0,1.0,1.0,1.0,2116
2024-09-25,1.0,1.0,1.0,1.0,0
2024-09-26,1.0,1.0,1.0,1.0,0
2024-09-27,1.0,1.0,1.0,1.0,1
2024-09-30,1.0,1.0,1.0,1.0,0
2024-10-01,1.0,1.0,1.0,1.0,1608
2024-10-02,1.0,1.0,1.0,1.0,0
2024-10-03,0.949999988079071,1.0399999618530273,0.949999988079071,1.0399999618530273,200
2024-10-04,1.0399999618530273,1.0399999618530273,1.0399999618530273,1.0399999618530273,0
2024-10-07,0.949999988079071,0.949999988079071,0.949999988079071,0.949999988079071,600
2024-10-08,0.9649999737739563,0.9649999737739563,0.9649999737739563,0.9649999737739563,149
2024-10-09,0.9649999737739563,0.9649999737739563,0.9649999737739563,0.9649999737739563,0
2024-10-10,0.9649999737739563,0.9649999737739563,0.9649999737739563,0.9649999737739563,0
2024-10-11,0.949999988079071,0.949999988079071,0.949999988079071,0.949999988079071,1000
2024-10-14,1.0399999618530273,1.0399999618530273,1.0399999618530273,1.0399999618530273,1
2024-10-15,1.0399999618530273,1.0399999618530273,1.0399999618530273,1.0399999618530273,0
2024-10-16,1.0399999618530273,1.0399999618530273,1.0399999618530273,1.0399999618530273,0
2024-10-17,1.0399999618530273,1.0399999618530273,1.0399999618530273,1.0399999618530273,0
2024-10-18,1.0399999618530273,1.0399999618530273,1.0399999618530273,1.0399999618530273,0
2024-10-21,1.0399999618530273,1.0399999618530273,1.0399999618530273,1.0399999618530273,0
2024-10-22,1.0399999618530273,1.0399999618530273,1.0399999618530273,1.0399999618530273,0
2024-10-23,1.0399999618530273,1.0399999618530273,1.0399999618530273,1.0399999618530273,0
2024-10-24,1.0399999618530273,1.0399999618530273,1.0399999618530273,1.0399999618530273,0
2024-10-25,1.0399999618530273,1.0399999618530273,1.0399999618530273,1.0399999618530273,0
2024-10-28,1.0,1.0,1.0,1.0,100
2024-10-29,1.0,1.0,1.0,1.0,0
2024-10-30,1.0,1.0,1.0,1.0,0
2024-10-31,1.0,1.0,1.0,1.0,0
2024-11-04,0.9599999785423279,0.9599999785423279,0.9599999785423279,0.9599999785423279,1000
2024-11-05,0.9599999785423279,0.9599999785423279,0.9599999785423279,0.9599999785423279,0
2024-11-06,0.9599999785423279,0.9599999785423279,0.9599999785423279,0.9599999785423279,0
2024-11-07,0.9950000047683716,0.9950000047683716,0.9950000047683716,0.9950000047683716,100
2024-11-08,0.9950000047683716,0.9950000047683716,0.9950000047683716,0.9950000047683716,0
2024-11-12,0.9950000047683716,0.9950000047683716,0.9950000047683716,0.9950000047683716,4
2024-11-13,0.9950000047683716,0.9950000047683716,0.9950000047683716,0.9950000047683716,0
2024-11-14,1.0,1.0,1.0,1.0,2000
2024-11-15,1.0,1.0,1.0,1.0,0
2024-11-18,1.100000023841858,1.100000023841858,1.100000023841858,1.100000023841858,900
2024-11-19,1.100000023841858,1.100000023841858,1.100000023841858,1.100000023841858,0
2024-11-20,1.100000023841858,1.100000023841858,1.100000023841858,1.100000023841858,0
2024-11-21,0.9599999785423279,0.9599999785423279,0.9599999785423279,0.9599999785423279,340
2024-11-22,0.9599999785423279,0.9599999785423279,0.9599999785423279,0.9599999785423279,0
2024-11-25,1.0,1.0,1.0,1.0,811
2024-11-26,1.0,1.0,1.0,1.0,0
2024-11-27,1.0,1.0,1.0,1.0,0
2024-11-28,1.0,1.0,1.0,1.0,0
2024-11-29,1.100000023841858,1.100000023841858,0.9800000190734863,0.9800000190734863,3498
2024-12-02,0.9800000190734863,0.9800000190734863,0.9800000190734863,0.9800000190734863,0
2024-12-03,0.9800000190734863,0.9800000190734863,0.9800000190734863,0.9800000190734863,0
2024-12-04,0.9800000190734863,0.9800000190734863,0.9800000190734863,0.9800000190734863,0
2024-12-05,0.9800000190734863,0.9800000190734863,0.9800000190734863,0.9800000190734863,2140
2024-12-06,0.9800000190734863,0.9800000190734863,0.9800000190734863,0.9800000190734863,0
2024-12-09,0.949999988079071,0.949999988079071,0.949999988079071,0.949999988079071,3674
2024-12-10,0.949999988079071,0.949999988079071,0.949999988079071,0.949999988079071,0
2024-12-11,0.9100000262260437,0.9100000262260437,0.9100000262260437,0.9100000262260437,1732
2024-12-12,0.9100000262260437,0.9100000262260437,0.9100000262260437,0.9100000262260437,0
2024-12-13,0.9100000262260437,0.9100000262260437,0.9100000262260437,0.9100000262260437,2000
2024-12-16,0.9100000262260437,1.0,0.9100000262260437,1.0,1852
2024-12-17,0.9100000262260437,0.9100000262260437,0.9100000262260437,0.9100000262260437,1150
2024-12-18,0.8999999761581421,0.8999999761581421,0.8399999737739563,0.8399999737739563,2230
2024-12-19,0.8399999737739563,0.8399999737739563,0.8399999737739563,0.8399999737739563,0
2024-12-20,0.8399999737739563,0.8399999737739563,0.8399999737739563,0.8399999737739563,700
2024-12-23,0.9800000190734863,0.9800000190734863,0.9800000190734863,0.9800000190734863,955
2024-12-27,0.9800000190734863,0.9800000190734863,0.9800000190734863,0.9800000190734863,6
2024-12-30,0.9800000190734863,0.9800000190734863,0.9800000190734863,0.9800000190734863,0
2025-01-02,0.949999988079071,0.949999988079071,0.949999988079071,0.949999988079071,1201
2025-01-03,0.949999988079071,0.949999988079071,0.949999988079071,0.949999988079071,0
2025-01-07,0.949999988079071,0.949999988079071,0.949999988079071,0.949999988079071,310
2025-01-08,0.949999988079071,0.949999988079071,0.949999988079071,0.949999988079071,0
2025-01-09,0.949999988079071,0.949999988079071,0.949999988079071,0.949999988079071,467
2025-01-10,0.949999988079071,0.949999988079071,0.949999988079071,0.949999988079071,0
2025-01-13,0.949999988079071,0.949999988079071,0.949999988079071,0.949999988079071,0
2025-01-14,0.949999988079071,0.949999988079071,0.949999988079071,0.949999988079071,0
2025-01-15,0.949999988079071,0.949999988079071,0.949999988079071,0.949999988079071,0
2025-01-16,0.949999988079071,0.949999988079071,0.949999988079071,0.949999988079071,0
2025-01-17,0.949999988079071,0.949999988079071,0.949999988079071,0.949999988079071,0
2025-01-20,0.949999988079071,0.949999988079071,0.949999988079071,0.949999988079071,0
2025-01-21,0.949999988079071,0.949999988079071,0.949999988079071,0.949999988079071,0
2025-01-22,1.100000023841858,1.100000023841858,1.100000023841858,1.100000023841858,2033
2025-01-23,1.100000023841858,1.100000023841858,1.100000023841858,1.100000023841858,0
2025-01-24,1.100000023841858,1.100000023841858,1.100000023841858,1.100000023841858,0
2025-01-27,1.100000023841858,1.100000023841858,1.100000023841858,1.100000023841858,3153
2025-01-28,1.100000023841858,1.100000023841858,1.100000023841858,1.100000023841858,0
2025-01-29,1.100000023841858,1.100000023841858,1.100000023841858,1.100000023841858,0
2025-01-30,1.100000023841858,1.100000023841858,1.100000023841858,1.100000023841858,0
2025-01-31,1.100000023841858,1.100000023841858,1.100000023841858,1.100000023841858,0
2025-02-03,1.100000023841858,1.100000023841858,1.100000023841858,1.100000023841858,0
2025-02-04,1.100000023841858,1.100000023841858,1.100000023841858,1.100000023841858,0
2025-02-05,1.100000023841858,1.100000023841858,1.100000023841858,1.100000023841858,0
2025-02-06,1.100000023841858,1.100000023841858,1.100000023841858,1.100000023841858,1167
2025-02-07,1.149999976158142,1.149999976158142,1.149999976158142,1.149999976158142,1147
2025-02-10,1.190000057220459,1.190000057220459,1.190000057220459,1.190000057220459,200
2025-02-11,1.190000057220459,1.190000057220459,1.190000057220459,1.190000057220459,3200
2025-02-12,1.190000057220459,1.190000057220459,1.190000057220459,1.190000057220459,0
2025-02-13,1.190000057220459,1.190000057220459,1.190000057220459,1.190000057220459,0
2025-02-14,1.190000057220459,1.190000057220459,1.190000057220459,1.190000057220459,0
2025-02-17,1.190000057220459,1.190000057220459,1.190000057220459,1.190000057220459,0
2025-02-18,1.190000057220459,1.190000057220459,1.190000057220459,1.190000057220459,0
2025-02-19,1.190000057220459,1.190000057220459,1.190000057220459,1.190000057220459,0
2025-02-20,1.190000057220459,1.190000057220459,1.190000057220459,1.190000057220459,0
2025-02-21,1.190000057220459,1.190000057220459,1.190000057220459,1.190000057220459,0
2025-02-24,1.190000057220459,1.190000057220459,1.190000057220459,1.190000057220459,0
2025-02-25,1.190000057220459,1.190000057220459,1.190000057220459,1.190000057220459,0
2025-02-26,1.190000057220459,1.190000057220459,1.190000057220459,1.190000057220459,0
2025-02-27,1.149999976158142,1.149999976158142,1.149999976158142,1.149999976158142,250
2025-02-28,1.149999976158142,1.149999976158142,1.149999976158142,1.149999976158142,0
2025-03-03,1.149999976158142,1.149999976158142,1.149999976158142,1.149999976158142,0
2025-03-04,1.149999976158142,1.149999976158142,1.149999976158142,1.149999976158142,0
2025-03-05,1.149999976158142,1.149999976158142,1.149999976158142,1.149999976158142,0
2025-03-06,1.149999976158142,1.149999976158142,1.149999976158142,1.149999976158142,0
2025-03-07,1.149999976158142,1.149999976158142,1.149999976158142,1.149999976158142,0
2025-03-10,1.149999976158142,1.149999976158142,1.149999976158142,1.149999976158142,0
2025-03-11,1.149999976158142,1.149999976158142,1.149999976158142,1.149999976158142,0
2025-03-12,0.9449999928474426,0.9449999928474426,0.9449999928474426,0.9449999928474426,2807
2025-03-13,0.9399999976158142,0.949999988079071,0.9399999976158142,0.949999988079071,900
2025-03-14,0.949999988079071,0.949999988079071,0.949999988079071,0.949999988079071,0
2025-03-17,0.949999988079071,0.949999988079071,0.949999988079071,0.949999988079071,0
2025-03-18,1.0,1.100000023841858,1.0,1.100000023841858,176
2025-03-19,1.100000023841858,1.100000023841858,1.100000023841858,1.100000023841858,1
2025-03-20,1.1100000143051147,1.1100000143051147,1.1100000143051147,1.1100000143051147,1997
2025-03-21,1.1100000143051147,1.1100000143051147,1.1100000143051147,1.1100000143051147,0
2025-03-24,1.1100000143051147,1.1100000143051147,1.1100000143051147,1.1100000143051147,200
2025-03-25,1.1100000143051147,1.1100000143051147,1.1100000143051147,1.1100000143051147,0
2025-03-26,1.1100000143051147,1.1100000143051147,1.1100000143051147,1.1100000143051147,0
2025-03-27,1.1100000143051147,1.1100000143051147,1.1100000143051147,1.1100000143051147,0
2025-03-28,1.1100000143051147,1.1100000143051147,1.1100000143051147,1.1100000143051147,0
2025-03-31,1.1100000143051147,1.1100000143051147,1.1100000143051147,1.1100000143051147,0
2025-04-01,1.1100000143051147,1.1100000143051147,1.1100000143051147,1.1100000143051147,0
2025-04-02,1.1100000143051147,1.1100000143051147,1.1100000143051147,1.1100000143051147,0
2025-04-03,1.1100000143051147,1.1100000143051147,1.1100000143051147,1.1100000143051147,0
2025-04-04,1.1100000143051147,1.1100000143051147,1.1100000143051147,1.1100000143051147,0
2025-04-07,1.1100000143051147,1.1100000143051147,1.1100000143051147,1.1100000143051147,0
2025-04-08,1.1100000143051147,1.1100000143051147,1.1100000143051147,1.1100000143051147,0
2025-04-09,0.9800000190734863,0.9800000190734863,0.9800000190734863,0.9800000190734863,3707
2025-04-10,0.9800000190734863,1.0700000524520874,0.9800000190734863,1.0700000524520874,194
2025-04-11,1.0499999523162842,1.0499999523162842,1.0499999523162842,1.0499999523162842,1000
2025-04-14,1.0499999523162842,1.0499999523162842,1.0499999523162842,1.0499999523162842,0
2025-04-15,1.0499999523162842,1.0499999523162842,1.0499999523162842,1.0499999523162842,0
2025-04-16,1.0499999523162842,1.0499999523162842,1.0499999523162842,1.0499999523162842,0
2025-04-17,1.0499999523162842,1.0499999523162842,1.0499999523162842,1.0499999523162842,0
2025-04-22,0.9549999833106995,0.9549999833106995,0.9549999833106995,0.9549999833106995,106
2025-04-23,0.9549999833106995,0.9549999833106995,0.9549999833106995,0.9549999833106995,0
2025-04-24,0.9549999833106995,0.9549999833106995,0.9549999833106995,0.9549999833106995,0
2025-04-25,0.9549999833106995,0.9549999833106995,0.9549999833106995,0.9549999833106995,0
2025-04-28,0.9549999833106995,0.9549999833106995,0.9549999833106995,0.9549999833106995,0
2025-04-29,0.9549999833106995,0.9549999833106995,0.9549999833106995,0.9549999833106995,0
2025-04-30,0.9549999833106995,0.9549999833106995,0.9549999833106995,0.9549999833106995,0
2025-05-02,0.9549999833106995,0.9549999833106995,0.9549999833106995,0.9549999833106995,0
2025-05-05,1.0499999523162842,1.0499999523162842,1.0499999523162842,1.0499999523162842,501
2025-05-06,1.0499999523162842,1.0499999523162842,1.0499999523162842,1.0499999523162842,550
2025-05-07,1.0499999523162842,1.0499999523162842,1.0499999523162842,1.0499999523162842,0
2025-05-08,1.0,1.0,1.0,1.0,207
2025-05-09,1.0,1.0,1.0,1.0,2113
2025-05-12,1.0,1.0,1.0,1.0,0
2025-05-13,0.9549999833106995,0.9549999833106995,0.9549999833106995,0.9549999833106995,315
2025-05-14,1.0,1.0,1.0,1.0,240
2025-05-15,1.0,1.0,0.949999988079071,0.949999988079071,4363
2025-05-16,0.949999988079071,0.949999988079071,0.949999988079071,0.949999988079071,2300
2025-05-19,0.949999988079071,0.949999988079071,0.949999988079071,0.949999988079071,0
2025-05-20,0.949999988079071,0.949999988079071,0.949999988079071,0.949999988079071,0
2025-05-21,0.949999988079071,0.949999988079071,0.949999988079071,0.949999988079071,0
2025-05-22,0.949999988079071,0.949999988079071,0.949999988079071,0.949999988079071,0
2025-05-23,0.949999988079071,0.949999988079071,0.949999988079071,0.949999988079071,0
2025-05-26,0.949999988079071,0.949999988079071,0.949999988079071,0.949999988079071,3100
2025-05-27,0.949999988079071,0.949999988079071,0.949999988079071,0.949999988079071,0
2025-05-28,0.9599999785423279,0.9599999785423279,0.9599999785423279,0.9599999785423279,4500
2025-05-29,0.9599999785423279,0.9599999785423279,0.9599999785423279,0.9599999785423279,0
2025-05-30,0.9599999785423279,0.9599999785423279,0.9599999785423279,0.9599999785423279,0
2025-06-02,0.9599999785423279,0.9599999785423279,0.9599999785423279,0.9599999785423279,500
2025-06-03,0.9599999785423279,0.9599999785423279,0.9599999785423279,0.9599999785423279,0
2025-06-04,0.9599999785423279,0.9599999785423279,0.9599999785423279,0.9599999785423279,0
2025-06-05,0.9599999785423279,0.9599999785423279,0.9599999785423279,0.9599999785423279,0
2025-06-06,0.9599999785423279,0.9599999785423279,0.9599999785423279,0.9599999785423279,0
2025-06-09,0.9599999785423279,0.9599999785423279,0.9599999785423279,0.9599999785423279,0
2025-06-10,0.9599999785423279,0.9599999785423279,0.9599999785423279,0.9599999785423279,0
2025-06-11,0.9599999785423279,0.9599999785423279,0.9599999785423279,0.9599999785423279,0
2025-06-12,0.9599999785423279,0.9599999785423279,0.9599999785423279,0.9599999785423279,0
2025-06-13,0.9599999785423279,0.9599999785423279,0.9599999785423279,0.9599999785423279,0
2025-06-16,0.9599999785423279,0.9599999785423279,0.9599999785423279,0.9599999785423279,0
2025-06-17,0.9599999785423279,0.9599999785423279,0.9599999785423279,0.9599999785423279,0
2025-06-18,0.9599999785423279,0.9599999785423279,0.9599999785423279,0.9599999785423279,0
2025-06-20,0.9599999785423279,0.9599999785423279,0.9599999785423279,0.9599999785423279,0
2025-06-23,0.9599999785423279,0.9599999785423279,0.9599999785423279,0.9599999785423279,0
2025-06-24,0.9599999785423279,0.9599999785423279,0.9599999785423279,0.9599999785423279,0
2025-06-25,0.9599999785423279,0.9599999785423279,0.9599999785423279,0.9599999785423279,0
2025-06-26,0.9750000238418579,0.9750000238418579,0.9750000238418579,0.9750000238418579,589
2025-06-27,0.9750000238418579,0.9750000238418579,0.9750000238418579,0.9750000238418579,0
2025-06-30,0.9049999713897705,0.9049999713897705,0.9049999713897705,0.9049999713897705,2771
2025-07-01,0.9750000238418579,0.9750000238418579,0.9750000238418579,0.9750000238418579,1050
2025-07-02,0.9750000238418579,0.9750000238418579,0.9750000238418579,0.9750000238418579,0
2025-07-03,0.9750000238418579,0.9750000238418579,0.9750000238418579,0.9750000238418579,0
2025-07-04,0.9750000238418579,0.9750000238418579,0.9750000238418579,0.9750000238418579,0
2025-07-07,0.9750000238418579,0.9750000238418579,0.9750000238418579,0.9750000238418579,0
2025-07-08,0.9750000238418579,0.9750000238418579,0.9750000238418579,0.9750000238418579,0
2025-07-09,0.9750000238418579,0.9750000238418579,0.9750000238418579,0.9750000238418579,0
2025-07-10,0.9750000238418579,0.9750000238418579,0.9750000238418579,0.9750000238418579,0
2025-07-11,0.8999999761581421,0.8999999761581421,0.8999999761581421,0.8999999761581421,1300
2025-07-14,0.8999999761581421,0.8999999761581421,0.8999999761581421,0.8999999761581421,0
2025-07-15,0.8999999761581421,0.8999999761581421,0.8999999761581421,0.8999999761581421,15
2025-07-16,0.8999999761581421,0.8999999761581421,0.8999999761581421,0.8999999761581421,0
2025-07-17,0.8999999761581421,0.8999999761581421,0.8999999761581421,0.8999999761581421,0
2025-07-18,0.8999999761581421,0.8999999761581421,0.8999999761581421,0.8999999761581421,0
2025-07-21,0.8799999952316284,0.9399999976158142,0.8799999952316284,0.9399999976158142,1052
2025-07-22,0.9399999976158142,0.9399999976158142,0.9399999976158142,0.9399999976158142,0
2025-07-23,0.9399999976158142,0.9399999976158142,0.9399999976158142,0.9399999976158142,0
2025-07-24,0.9399999976158142,0.9399999976158142,0.9399999976158142,0.9399999976158142,0
2025-07-25,0.9399999976158142,0.9399999976158142,0.9399999976158142,0.9399999976158142,0
2025-07-28,0.9399999976158142,0.9399999976158142,0.9399999976158142,0.9399999976158142,0
2025-07-29,0.8849999904632568,0.949999988079071,0.8849999904632568,0.949999988079071,136
2025-07-30,0.949999988079071,0.949999988079071,0.949999988079071,0.949999988079071,527
2025-07-31,0.949999988079071,0.949999988079071,0.949999988079071,0.949999988079071,0
2025-08-01,0.949999988079071,0.949999988079071,0.949999988079071,0.949999988079071,0
2025-08-04,0.949999988079071,0.949999988079071,0.949999988079071,0.949999988079071,3
2025-08-05,0.949999988079071,0.949999988079071,0.949999988079071,0.949999988079071,0
2025-08-06,0.949999988079071,0.949999988079071,0.949999988079071,0.949999988079071,0
2025-08-07,0.949999988079071,0.949999988079071,0.949999988079071,0.949999988079071,0
2025-08-08,0.949999988079071,0.949999988079071,0.949999988079071,0.949999988079071,0
2025-08-11,0.949999988079071,0.949999988079071,0.949999988079071,0.949999988079071,0
2025-08-12,0.949999988079071,0.949999988079071,0.949999988079071,0.949999988079071,0
2025-08-13,0.949999988079071,0.949999988079071,0.949999988079071,0.949999988079071,0
2025-08-14,0.949999988079071,0.949999988079071,0.949999988079071,0.949999988079071,0
2025-08-18,0.949999988079071,0.949999988079071,0.949999988079071,0.949999988079071,0
2025-08-19,0.949999988079071,0.949999988079071,0.949999988079071,0.949999988079071,0
2025-08-20,0.949999988079071,0.9900000095367432,0.949999988079071,0.9900000095367432,16800
2025-08-21,0.9950000047683716,0.9950000047683716,0.9950000047683716,0.9950000047683716,800
2025-08-22,0.9950000047683716,0.9950000047683716,0.9950000047683716,0.9950000047683716,0
2025-08-25,0.9950000047683716,0.9950000047683716,0.9950000047683716,0.9950000047683716,0
2025-08-26,0.9950000047683716,0.9950000047683716,0.9950000047683716,0.9950000047683716,0
2025-08-27,0.9950000047683716,0.9950000047683716,0.9950000047683716,0.9950000047683716,0
2025-08-28,0.9900000095367432,0.9900000095367432,0.9900000095367432,0.9900000095367432,200
2025-08-29,0.9900000095367432,0.9900000095367432,0.9900000095367432,0.9900000095367432,0
2025-09-01,0.9900000095367432,0.9900000095367432,0.9900000095367432,0.9900000095367432,0
2025-09-02,0.9900000095367432,0.9900000095367432,0.9900000095367432,0.9900000095367432,0
2025-09-03,0.9900000095367432,0.9900000095367432,0.9900000095367432,0.9900000095367432,0
2025-09-04,0.949999988079071,0.949999988079071,0.949999988079071,0.949999988079071,500
2025-09-05,0.949999988079071,0.949999988079071,0.949999988079071,0.949999988079071,1212
2025-09-08,0.9950000047683716,0.9950000047683716,0.9950000047683716,0.9950000047683716,238
2025-09-09,0.9599999785423279,0.9599999785423279,0.9599999785423279,0.9599999785423279,1000
2025-09-10,0.9599999785423279,0.9599999785423279,0.9599999785423279,0.9599999785423279,0
2025-09-11,0.9599999785423279,0.9599999785423279,0.9599999785423279,0.9599999785423279,0
2025-09-12,0.9900000095367432,0.9900000095367432,0.9900000095367432,0.9900000095367432,3000
2025-09-15,0.9950000047683716,0.9950000047683716,0.9950000047683716,0.9950000047683716,420
2025-09-16,0.949999988079071,0.949999988079071,0.949999988079071,0.949999988079071,2558
2025-09-17,0.949999988079071,0.949999988079071,0.949999988079071,0.949999988079071,0
2025-09-18,0.949999988079071,0.949999988079071,0.949999988079071,0.949999988079071,0
2025-09-19,0.949999988079071,0.949999988079071,0.949999988079071,0.949999988079071,401
2025-09-22,0.9150000214576721,0.9200000166893005,0.9150000214576721,0.9200000166893005,4265
2025-09-23,0.9950000047683716,0.9950000047683716,0.9950000047683716,0.9950000047683716,315
2025-09-24,0.9950000047683716,0.9950000047683716,0.9950000047683716,0.9950000047683716,0
2025-09-25,0.9950000047683716,0.9950000047683716,0.9950000047683716,0.9950000047683716,0
2025-09-26,0.9950000047683716,0.9950000047683716,0.9950000047683716,0.9950000047683716,0
2025-09-29,0.949999988079071,0.949999988079071,0.949999988079071,0.949999988079071,250
2025-09-30,0.949999988079071,0.949999988079071,0.949999988079071,0.949999988079071,0
2025-10-01,0.949999988079071,0.949999988079071,0.949999988079071,0.949999988079071,0
2025-10-02,0.949999988079071,0.949999988079071,0.949999988079071,0.949999988079071,0
2025-10-03,0.949999988079071,0.949999988079071,0.949999988079071,0.949999988079071,0
2025-10-06,0.9700000286102295,0.9700000286102295,0.9700000286102295,0.9700000286102295,3
2025-10-07,0.9700000286102295,0.9700000286102295,0.9700000286102295,0.9700000286102295,0
2025-10-08,0.9700000286102295,0.9700000286102295,0.9700000286102295,0.9700000286102295,447
2025-10-09,0.9700000286102295,0.9700000286102295,0.9700000286102295,0.9700000286102295,0
2025-10-10,0.925000011920929,0.925000011920929,0.925000011920929,0.925000011920929,1399
2025-10-13,0.925000011920929,0.925000011920929,0.925000011920929,0.925000011920929,1
2025-10-14,0.925000011920929,0.925000011920929,0.925000011920929,0.925000011920929,0
2025-10-15,0.925000011920929,0.925000011920929,0.925000011920929,0.925000011920929,0
2025-10-16,0.925000011920929,0.925000011920929,0.925000011920929,0.925000011920929,99
2025-10-17,0.925000011920929,0.925000011920929,0.925000011920929,0.925000011920929,0
2025-10-20,0.9200000166893005,0.9200000166893005,0.9200000166893005,0.9200000166893005,1838
2025-10-21,0.9200000166893005,0.9200000166893005,0.9200000166893005,0.9200000166893005,0
2025-10-22,0.9200000166893005,0.9200000166893005,0.9200000166893005,0.9200000166893005,0
2025-10-23,0.9200000166893005,0.9200000166893005,0.9200000166893005,0.9200000166893005,0
2025-10-24,0.9200000166893005,0.9200000166893005,0.9200000166893005,0.9200000166893005,0
2025-10-27,0.925000011920929,0.925000011920929,0.925000011920929,0.925000011920929,257
2025-10-28,0.9700000286102295,0.9700000286102295,0.9700000286102295,0.9700000286102295,3
2025-10-29,0.875,0.875,0.875,0.875,1880
2025-10-30,0.875,0.875,0.875,0.875,0
2025-10-31,0.875,0.875,0.875,0.875,0
2025-11-03,0.875,0.875,0.875,0.875,0
2025-11-04,0.875,0.875,0.875,0.875,0
2025-11-05,0.875,0.875,0.875,0.875,0
2025-11-06,0.875,0.875,0.875,0.875,0
2025-11-07,0.9700000286102295,0.9700000286102295,0.9700000286102295,0.9700000286102295,7678
2025-11-10,0.9700000286102295,0.9700000286102295,0.9700000286102295,0.9700000286102295,1452
2025-11-12,0.9800000190734863,0.9800000190734863,0.9800000190734863,0.9800000190734863,2000
2025-11-13,1.0,1.0,1.0,1.0,5039
2025-11-14,1.0,1.0,1.0,1.0,0
2025-11-17,0.9150000214576721,0.9150000214576721,0.9150000214576721,0.9150000214576721,1000
2025-11-18,1.0,1.0,1.0,1.0,1
2025-11-19,1.0099999904632568,1.0099999904632568,1.0099999904632568,1.0099999904632568,135
2025-11-20,1.0099999904632568,1.0099999904632568,1.0099999904632568,1.0099999904632568,0
2025-11-21,1.0,1.0,1.0,1.0,900
2025-11-24,1.0,1.0,1.0,1.0,0
2025-11-25,1.0,1.0,1.0,1.0,0
2025-11-26,1.0,1.0,1.0,1.0,0
2025-11-27,1.0,1.0,1.0,1.0,0
2025-11-28,1.0,1.0,1.0,1.0,0
2025-12-01,1.0,1.0,1.0,1.0,0
2025-12-02,1.0,1.0,1.0,1.0,0
2025-12-03,0.949999988079071,0.949999988079071,0.949999988079071,0.949999988079071,8153
2025-12-04,0.949999988079071,0.949999988079071,0.949999988079071,0.949999988079071,47
2025-12-05,0.949999988079071,0.949999988079071,0.949999988079071,0.949999988079071,0
2025-12-08,0.8550000190734863,0.8550000190734863,0.8550000190734863,0.8550000190734863,2000
2025-12-09,0.9399999976158142,0.9399999976158142,0.9350000023841858,0.9350000023841858,102
2025-12-10,0.9300000071525574,0.9300000071525574,0.9300000071525574,0.9300000071525574,10
2025-12-11,0.9300000071525574,0.9300000071525574,0.9300000071525574,0.9300000071525574,0
2025-12-12,0.8600000143051147,0.8600000143051147,0.8600000143051147,0.8600000143051147,300
2025-12-15,0.8600000143051147,0.8600000143051147,0.8600000143051147,0.8600000143051147,0
2025-12-16,0.8600000143051147,0.8600000143051147,0.8550000190734863,0.8550000190734863,6075
2025-12-17,0.8600000143051147,0.8600000143051147,0.8600000143051147,0.8600000143051147,3657
2025-12-18,0.8600000143051147,0.8600000143051147,0.8600000143051147,0.8600000143051147,4134
2025-12-19,0.8700000047683716,0.8700000047683716,0.8700000047683716,0.8700000047683716,1051
2025-12-22,0.8700000047683716,0.9549999833106995,0.8700000047683716,0.9549999833106995,9406
2025-12-23,0.8700000047683716,0.8700000047683716,0.8700000047683716,0.8700000047683716,5060
2025-12-29,0.8700000047683716,0.8949999809265137,0.8700000047683716,0.8949999809265137,1050
2025-12-30,0.9549999833106995,0.9549999833106995,0.949999988079071,0.949999988079071,3000
2026-01-02,0.949999988079071,0.949999988079071,0.949999988079071,0.949999988079071,0
2026-01-05,0.949999988079071,0.949999988079071,0.949999988079071,0.949999988079071,0
2026-01-07,0.949999988079071,0.949999988079071,0.949999988079071,0.949999988079071,0
2026-01-08,0.949999988079071,0.949999988079071,0.949999988079071,0.949999988079071,0
2026-01-09,0.949999988079071,0.949999988079071,0.949999988079071,0.949999988079071,0
2026-01-12,0.949999988079071,0.949999988079071,0.949999988079071,0.949999988079071,0
2026-01-13,0.9049999713897705,0.9049999713897705,0.9049999713897705,0.9049999713897705,300
2026-01-14,1.0299999713897705,1.0299999713897705,1.0299999713897705,1.0299999713897705,470
2026-01-15,0.949999988079071,0.949999988079071,0.949999988079071,0.949999988079071,3000
2026-01-16,1.0,1.0,1.0,1.0,2492
2026-01-19,1.0,1.0,1.0,1.0,0
2026-01-20,1.0,1.0,1.0,1.0,2236
2026-01-21,1.0,1.0,1.0,1.0,0
2026-01-22,0.8999999761581421,1.0299999713897705,0.8999999761581421,1.0299999713897705,3034
2026-01-23,1.0299999713897705,1.0299999713897705,1.0299999713897705,1.0299999713897705,0
2026-01-26,1.0299999713897705,1.0299999713897705,1.0299999713897705,1.0299999713897705,0
2026-01-27,1.0199999809265137,1.0199999809265137,1.0199999809265137,1.0199999809265137,200
2026-01-28,1.0199999809265137,1.0199999809265137,1.0199999809265137,1.0199999809265137,0
2026-01-29,1.0199999809265137,1.0199999809265137,1.0199999809265137,1.0199999809265137,0
2026-01-30,1.0199999809265137,1.0199999809265137,1.0199999809265137,1.0199999809265137,0
2026-02-02,1.0199999809265137,1.0199999809265137,1.0199999809265137,1.0199999809265137,0
2026-02-03,0.949999988079071,0.949999988079071,0.949999988079071,0.949999988079071,355
2026-02-04,0.949999988079071,0.949999988079071,0.949999988079071,0.949999988079071,0
2026-02-05,0.949999988079071,0.949999988079071,0.949999988079071,0.949999988079071,0
2026-02-06,0.949999988079071,0.949999988079071,0.949999988079071,0.949999988079071,960
2026-02-09,0.949999988079071,0.949999988079071,0.949999988079071,0.949999988079071,0
2026-02-10,0.949999988079071,0.949999988079071,0.949999988079071,0.949999988079071,0
2026-02-11,0.949999988079071,0.949999988079071,0.949999988079071,0.949999988079071,0
2026-02-12,0.949999988079071,0.949999988079071,0.949999988079071,0.949999988079071,0
2026-02-13,0.949999988079071,0.949999988079071,0.949999988079071,0.949999988079071,65
2026-02-16,0.949999988079071,0.949999988079071,0.949999988079071,0.949999988079071,0
2026-02-17,0.949999988079071,0.949999988079071,0.949999988079071,0.949999988079071,0
2026-02-18,0.949999988079071,0.949999988079071,0.949999988079071,0.949999988079071,0
2026-02-19,0.949999988079071,0.949999988079071,0.949999988079071,0.949999988079071,1000
2026-02-20,0.9200000166893005,0.9200000166893005,0.9200000166893005,0.9200000166893005,600
2026-02-23,0.9300000071525574,0.9300000071525574,0.9300000071525574,0.9300000071525574,500
2026-02-24,0.9300000071525574,0.9300000071525574,0.9300000071525574,0.9300000071525574,0
2026-02-25,0.9300000071525574,0.9300000071525574,0.9300000071525574,0.9300000071525574,0
2026-02-26,0.9649999737739563,0.9649999737739563,0.9649999737739563,0.9649999737739563,1000
2026-02-27,0.9649999737739563,0.9649999737739563,0.9649999737739563,0.9649999737739563,0
2026-03-02,0.9649999737739563,0.9649999737739563,0.9649999737739563,0.9649999737739563,0
2026-03-03,0.9649999737739563,0.9649999737739563,0.9649999737739563,0.9649999737739563,0
2026-03-04,0.9649999737739563,0.9649999737739563,0.9649999737739563,0.9649999737739563,0
2026-03-05,0.9649999737739563,0.9649999737739563,0.9649999737739563,0.9649999737739563,0
2026-03-06,0.9649999737739563,0.9649999737739563,0.9649999737739563,0.9649999737739563,0
2026-03-09,0.9649999737739563,0.9649999737739563,0.9649999737739563,0.9649999737739563,0
2026-03-10,0.9649999737739563,0.9649999737739563,0.9649999737739563,0.9649999737739563,0
2026-03-11,0.9649999737739563,0.9649999737739563,0.9649999737739563,0.9649999737739563,0
2026-03-12,0.9950000047683716,0.9950000047683716,0.9950000047683716,0.9950000047683716,475
2026-03-13,0.9950000047683716,0.9950000047683716,0.9950000047683716,0.9950000047683716,0
2026-03-16,0.9950000047683716,0.9950000047683716,0.9950000047683716,0.9950000047683716,120
2026-03-17,0.9950000047683716,0.9950000047683716,0.9950000047683716,0.9950000047683716,0
2026-03-18,0.9950000047683716,0.9950000047683716,0.9950000047683716,0.9950000047683716,0
2026-03-19,0.9950000047683716,0.9950000047683716,0.9950000047683716,0.9950000047683716,0
2026-03-20,0.9950000047683716,0.9950000047683716,0.9950000047683716,0.9950000047683716,0
2026-03-23,0.9700000286102295,0.9700000286102295,0.9700000286102295,0.9700000286102295,1000
2026-03-24,0.9700000286102295,0.9700000286102295,0.9700000286102295,0.9700000286102295,500
2026-03-25,0.9700000286102295,0.9700000286102295,0.9700000286102295,0.9700000286102295,0
2026-03-26,0.9700000286102295,0.9700000286102295,0.9700000286102295,0.9700000286102295,0
2026-03-27,1.0,1.0,1.0,1.0,4538
2026-03-30,1.0,1.0,1.0,1.0,0
2026-03-31,1.0,1.0,1.0,1.0,0
2026-04-01,1.0,1.0,1.0,1.0,20
2026-04-02,1.0,1.0199999809265137,1.0,1.0199999809265137,4745
2026-04-07,1.0199999809265137,1.0199999809265137,1.0199999809265137,1.0199999809265137,294
2026-04-08,1.0199999809265137,1.0199999809265137,1.0199999809265137,1.0199999809265137,0
2026-04-09,1.0199999809265137,1.0199999809265137,1.0199999809265137,1.0199999809265137,0
2026-04-10,0.9900000095367432,0.9900000095367432,0.9900000095367432,0.9900000095367432,1000
2026-04-13,0.9900000095367432,0.9900000095367432,0.9900000095367432,0.9900000095367432,0
2026-04-14,0.9900000095367432,0.9900000095367432,0.9900000095367432,0.9900000095367432,0
2026-04-15,1.0,1.0,1.0,1.0,5333
2026-04-16,1.0,1.0,1.0,1.0,400
2026-04-17,1.0,1.0,1.0,1.0,0
2026-04-20,1.0,1.0,1.0,1.0,431
2026-04-21,1.0,1.0,1.0,1.0,781
2026-04-22,1.0,1.0,1.0,1.0,0
2026-04-23,1.0,1.0,1.0,1.0,388
2026-04-24,1.0,1.0,1.0,1.0,0
2026-04-27,1.0,1.0,1.0,1.0,2000
2026-04-28,1.0,1.0,1.0,1.0,0
2026-04-29,1.0,1.0,1.0,1.0,0
2026-04-30,1.0,1.0,1.0,1.0,2710
2026-05-04,1.0,1.0199999809265137,1.0,1.0199999809265137,4890
2026-05-05,1.0,1.0,1.0,1.0,8695
2026-05-06,1.0299999713897705,1.0499999523162842,1.0299999713897705,1.0499999523162842,20624
2026-05-07,1.0700000524520874,1.0700000524520874,1.0700000524520874,1.0700000524520874,3500
2026-05-08,1.100000023841858,1.100000023841858,1.100000023841858,1.100000023841858,9253
2026-05-11,1.100000023841858,1.100000023841858,1.100000023841858,1.100000023841858,0
2026-05-12,1.1299999952316284,1.1299999952316284,1.1299999952316284,1.1299999952316284,2000
2026-05-13,1.1299999952316284,1.1299999952316284,1.1299999952316284,1.1299999952316284,0
2026-05-14,1.1299999952316284,1.1299999952316284,1.1299999952316284,1.1299999952316284,0
2026-05-15,1.1299999952316284,1.1299999952316284,1.1299999952316284,1.1299999952316284,0
2026-05-18,1.1299999952316284,1.1299999952316284,1.1299999952316284,1.1299999952316284,0
2026-05-19,1.0499999523162842,1.0499999523162842,1.0499999523162842,1.0499999523162842,4000
2026-05-20,1.0499999523162842,1.0499999523162842,1.0499999523162842,1.0499999523162842,0
2026-05-21,1.0499999523162842,1.0499999523162842,1.0499999523162842,1.0499999523162842,0
2026-05-22,1.0499999523162842,1.0499999523162842,1.0499999523162842,1.0499999523162842,0
2026-05-25,1.0499999523162842,1.0499999523162842,1.0499999523162842,1.0499999523162842,0
2026-05-26,1.0700000524520874,1.0700000524520874,1.0700000524520874,1.0700000524520874,1000
2026-05-27,1.090000033378601,1.1200000047683716,1.090000033378601,1.1200000047683716,600
2026-05-28,1.100000023841858,1.100000023841858,1.100000023841858,1.100000023841858,15471
2026-05-29,1.149999976158142,1.149999976158142,1.149999976158142,1.149999976158142,5300
2026-06-01,1.149999976158142,1.2000000476837158,1.149999976158142,1.2000000476837158,3955
2026-06-02,1.2000000476837158,1.2000000476837158,1.2000000476837158,1.2000000476837158,0
2026-06-03,1.2000000476837158,1.2000000476837158,1.2000000476837158,1.2000000476837158,3000
2026-06-05,1.2100000381469727,1.2100000381469727,1.2100000381469727,1.2100000381469727,1053
2026-06-08,1.2000000476837158,1.2000000476837158,1.2000000476837158,1.2000000476837158,1557
2026-06-09,1.149999976158142,1.149999976158142,1.149999976158142,1.149999976158142,2185
2026-06-10,1.149999976158142,1.149999976158142,1.149999976158142,1.149999976158142,15
2026-06-11,1.149999976158142,1.149999976158142,1.149999976158142,1.149999976158142,0
2026-06-12,1.1100000143051147,1.1100000143051147,1.1100000143051147,1.1100000143051147,41
2026-06-15,1.1100000143051147,1.1100000143051147,1.1100000143051147,1.1100000143051147,0
2026-06-16,1.1100000143051147,1.1100000143051147,1.1100000143051147,1.1100000143051147,1800
2026-06-17,1.1100000143051147,1.1100000143051147,1.1100000143051147,1.1100000143051147,0
2026-06-18,1.1100000143051147,1.1100000143051147,1.1100000143051147,1.1100000143051147,55
2026-06-19,1.1100000143051147,1.1100000143051147,1.1100000143051147,1.1100000143051147,0
2026-06-22,1.1100000143051147,1.1100000143051147,1.1100000143051147,1.1100000143051147,1100
2026-06-23,1.1100000143051147,1.1100000143051147,1.1100000143051147,1.1100000143051147,3059
2026-06-24,1.1100000143051147,1.1100000143051147,1.1100000143051147,1.1100000143051147,2668
2026-06-25,1.1100000143051147,1.1100000143051147,1.1100000143051147,1.1100000143051147,0
2026-06-26,1.1100000143051147,1.1100000143051147,1.1100000143051147,1.1100000143051147,0
2026-06-29,1.1100000143051147,1.1100000143051147,1.1100000143051147,1.1100000143051147,0
2026-06-30,1.1100000143051147,1.1100000143051147,1.1100000143051147,1.1100000143051147,1500
2026-07-01,1.1100000143051147,1.1100000143051147,1.1100000143051147,1.1100000143051147,0
2026-07-02,1.1100000143051147,1.1100000143051147,1.1100000143051147,1.1100000143051147,489
2026-07-03,1.1100000143051147,1.1100000143051147,1.100000023841858,1.100000023841858,2911
2026-07-06,1.100000023841858,1.100000023841858,1.100000023841858,1.100000023841858,1300
2026-07-07,1.100000023841858,1.100000023841858,1.100000023841858,1.100000023841858,1709
2026-07-08,1.100000023841858,1.100000023841858,1.100000023841858,1.100000023841858,0
2026-07-09,1.100000023841858,1.100000023841858,1.100000023841858,1.100000023841858,0
2026-07-10,1.149999976158142,1.149999976158142,1.149999976158142,1.149999976158142,5
2026-07-13,1.1399999856948853,1.1399999856948853,1.100000023841858,1.100000023841858,1371
2026-07-14,1.100000023841858,1.100000023841858,1.100000023841858,1.100000023841858,0
2026-07-15,1.100000023841858,1.100000023841858,1.100000023841858,1.100000023841858,2100
2026-07-16,1.100000023841858,1.100000023841858,1.100000023841858,1.100000023841858,978
2026-07-17,1.100000023841858,1.100000023841858,1.100000023841858,1.100000023841858,0
2026-07-20,1.0800000429153442,1.0800000429153442,1.0800000429153442,1.0800000429153442,1826
2026-07-21,1.0800000429153442,1.0800000429153442,1.0800000429153442,1.0800000429153442,0
2026-07-22,1.0800000429153442,1.0800000429153442,1.0800000429153442,1.0800000429153442,0
2026-07-23,1.0800000429153442,1.0800000429153442,1.0800000429153442,1.0800000429153442,0
2026-07-24,1.0800000429153442,1.0800000429153442,1.0800000429153442,1.0800000429153442,1388
2026-07-27,1.0800000429153442,1.0800000429153442,1.0800000429153442,1.0800000429153442,0
2026-07-28,1.0800000429153442,1.0800000429153442,1.0800000429153442,1.0800000429153442,0
2026-07-29,1.0800000429153442,1.0800000429153442,1.0800000429153442,1.0800000429153442,0
2026-07-30,1.0800000429153442,1.0800000429153442,1.0800000429153442,1.0800000429153442,0
2026-07-31,1.0800000429153442,1.0800000429153442,1.0800000429153442,1.0800000429153442,42
2026-08-03,1.0700000524520874,1.0700000524520874,1.0700000524520874,1.0700000524520874,1000
2026-08-04,1.0700000524520874,1.0700000524520874,1.0700000524520874,1.0700000524520874,2722
2026-08-05,1.149999976158142,1.149999976158142,1.149999976158142,1.149999976158142,350
2026-08-06,1.0700000524520874,1.0700000524520874,1.0700000524520874,1.0700000524520874,3750
2026-08-07,1.149999976158142,1.149999976158142,1.149999976158142,1.149999976158142,100
2026-08-10,1.149999976158142,1.149999976158142,1.149999976158142,1.149999976158142,50
2026-08-11,1.1399999856948853,1.1399999856948853,1.1399999856948853,1.1399999856948853,32
2026-08-12,1.1399999856948853,1.1399999856948853,1.1399999856948853,1.1399999856948853,0
2026-08-13,1.1200000047683716,1.1200000047683716,1.1200000047683716,1.1200000047683716,1495
2026-08-14,1.149999976158142,1.149999976158142,1.149999976158142,1.149999976158142,231
2026-08-17,1.0700000524520874,1.0700000524520874,1.0700000524520874,1.0700000524520874,2000
2026-08-18,1.1399999856948853,1.1399999856948853,1.1399999856948853,1.1399999856948853,1
2026-08-19,1.1399999856948853,1.1399999856948853,1.1399999856948853,1.1399999856948853,0
2026-08-20,1.1399999856948853,1.1399999856948853,1.1399999856948853,1.1399999856948853,0
2026-08-21,1.1399999856948853,1.1399999856948853,1.1399999856948853,1.1399999856948853,0
2026-08-24,1.1399999856948853,1.1399999856948853,1.1399999856948853,1.1399999856948853,0
2026-08-25,1.1399999856948853,1.1399999856948853,1.1399999856948853,1.1399999856948853,0
2026-08-26,1.1399999856948853,1.1399999856948853,1.1399999856948853,1.1399999856948853,0
2026-08-27,1.090000033378601,1.090000033378601,1.090000033378601,1.090000033378601,6000
2026-08-28,1.149999976158142,1.149999976158142,1.149999976158142,1.149999976158142,1
2026-08-31,1.0399999618530273,1.1399999856948853,1.0399999618530273,1.1399999856948853,4051
2026-09-01,1.1399999856948853,1.1399999856948853,1.1399999856948853,1.1399999856948853,0
2026-09-02,1.100000023841858,1.149999976158142,1.100000023841858,1.149999976158142,6881
2026-09-03,1.100000023841858,1.100000023841858,1.100000023841858,1.100000023841858,7000
2026-09-04,1.149999976158142,1.149999976158142,1.149999976158142,1.149999976158142,100
2026-09-08,1.0700000524520874,1.0700000524520874,1.0700000524520874,1.0700000524520874,3000
2026-09-09,1.0800000429153442,1.0800000429153442,1.0700000524520874,1.0700000524520874,3200
2026-09-10,1.0399999618530273,1.0399999618530273,1.0399999618530273,1.0399999618530273,2942
2026-09-11,1.100000023841858,1.100000023841858,1.0,1.0,5108
2026-09-14,1.0,1.0,1.0,1.0,0
2026-09-15,1.0,1.0,1.0,1.0,582
