date,open,high,low,close,volume
2021-09-17,26.100000381469727,27.25,26.100000381469727,27.25,378050
2021-09-20,27.0,27.100000381469727,25.100000381469727,25.75,447621
2021-09-21,25.75,26.399999618530273,25.200000762939453,25.5,292587
2021-09-22,25.700000762939453,25.799999237060547,25.149999618530273,25.299999237060547,176451
2021-09-23,25.5,26.350000381469727,24.950000762939453,25.649999618530273,268708
2021-09-24,25.700000762939453,25.899999618530273,25.399999618530273,25.5,70831
2021-09-27,25.5,26.100000381469727,25.450000762939453,25.450000762939453,103207
2021-09-28,25.700000762939453,25.700000762939453,25.0,25.149999618530273,104344
2021-09-29,25.0,25.25,24.350000381469727,24.799999237060547,160932
2021-09-30,24.799999237060547,25.0,24.049999237060547,24.299999237060547,202315
2021-10-01,24.149999618530273,24.850000381469727,24.100000381469727,24.350000381469727,91645
2021-10-04,24.5,24.5,23.5,24.0,277828
2021-10-05,24.0,24.399999618530273,23.600000381469727,24.399999618530273,107728
2021-10-06,24.350000381469727,24.5,23.649999618530273,24.25,118885
2021-10-07,24.25,24.399999618530273,24.0,24.149999618530273,76688
2021-10-08,24.0,24.5,23.899999618530273,24.450000762939453,92594
2021-10-11,24.0,24.450000762939453,24.0,24.299999237060547,102312
2021-10-12,24.299999237060547,25.5,24.0,25.149999618530273,234695
2021-10-13,24.950000762939453,25.350000381469727,24.649999618530273,24.700000762939453,118038
2021-10-14,24.75,26.200000762939453,24.700000762939453,26.149999618530273,252225
2021-10-15,26.200000762939453,26.450000762939453,25.649999618530273,26.049999237060547,139683
2021-10-18,25.850000381469727,26.850000381469727,25.799999237060547,26.549999237060547,208336
2021-10-19,26.549999237060547,26.799999237060547,25.700000762939453,25.799999237060547,112414
2021-10-20,25.799999237060547,26.399999618530273,25.450000762939453,26.299999237060547,120968
2021-10-21,25.299999237060547,25.299999237060547,24.149999618530273,24.399999618530273,415498
2021-10-22,24.399999618530273,24.549999237060547,22.149999618530273,22.200000762939453,768525
2021-10-25,22.200000762939453,23.299999237060547,21.899999618530273,22.399999618530273,430095
2021-10-26,22.200000762939453,23.149999618530273,22.0,22.75,217459
2021-10-27,22.850000381469727,23.149999618530273,22.5,22.850000381469727,113923
2021-10-28,23.200000762939453,24.350000381469727,23.200000762939453,24.100000381469727,243753
2021-10-29,24.149999618530273,24.549999237060547,23.600000381469727,24.299999237060547,168967
2021-11-02,24.5,24.799999237060547,24.100000381469727,24.350000381469727,132424
2021-11-03,24.799999237060547,24.799999237060547,23.600000381469727,24.549999237060547,203461
2021-11-04,24.649999618530273,25.850000381469727,24.549999237060547,25.0,422449
2021-11-05,25.0,26.100000381469727,24.899999618530273,25.600000381469727,330431
2021-11-08,25.700000762939453,26.5,25.450000762939453,26.0,232078
2021-11-09,26.149999618530273,26.299999237060547,25.649999618530273,26.0,108666
2021-11-10,26.0,26.0,25.200000762939453,25.600000381469727,149326
2021-11-12,25.600000381469727,25.600000381469727,25.049999237060547,25.25,116085
2021-11-15,25.299999237060547,25.450000762939453,24.149999618530273,25.350000381469727,203220
2021-11-16,25.350000381469727,25.399999618530273,24.799999237060547,25.299999237060547,149233
2021-11-17,25.0,25.149999618530273,24.399999618530273,25.0,105279
2021-11-18,25.0,25.350000381469727,24.5,25.0,133592
2021-11-19,24.799999237060547,25.0,23.600000381469727,23.950000762939453,163073
2021-11-22,24.049999237060547,24.299999237060547,22.549999237060547,23.649999618530273,268738
2021-11-23,23.649999618530273,23.649999618530273,22.75,23.100000381469727,107490
2021-11-24,23.100000381469727,23.450000762939453,22.600000381469727,23.0,84713
2021-11-25,23.0,23.149999618530273,22.700000762939453,22.950000762939453,67811
2021-11-26,22.700000762939453,22.700000762939453,21.5,22.0,313894
2021-11-29,22.0,22.25,20.799999237060547,21.75,260428
2021-11-30,21.5,22.899999618530273,21.200000762939453,22.75,232049
2021-12-01,23.0,23.25,22.649999618530273,22.899999618530273,147846
2021-12-02,22.799999237060547,23.149999618530273,22.450000762939453,22.850000381469727,69424
2021-12-03,22.600000381469727,22.950000762939453,22.399999618530273,22.549999237060547,97572
2021-12-06,22.399999618530273,22.399999618530273,21.200000762939453,21.299999237060547,277202
2021-12-07,21.600000381469727,22.5,21.600000381469727,22.350000381469727,240037
2021-12-08,22.75,23.399999618530273,22.100000381469727,22.799999237060547,198508
2021-12-09,22.700000762939453,23.75,22.700000762939453,23.600000381469727,168075
2021-12-10,23.5,23.950000762939453,23.350000381469727,23.850000381469727,96205
2021-12-13,24.0,25.200000762939453,23.049999237060547,23.549999237060547,442564
2021-12-14,23.399999618530273,23.5,22.649999618530273,22.700000762939453,163086
2021-12-15,22.649999618530273,23.0,22.5,22.899999618530273,123114
2021-12-16,23.0,23.399999618530273,22.75,23.25,99982
2021-12-17,23.25,23.299999237060547,22.700000762939453,22.700000762939453,111874
2021-12-20,22.399999618530273,22.399999618530273,21.649999618530273,21.950000762939453,187945
2021-12-21,21.899999618530273,22.25,21.799999237060547,22.0,111941
2021-12-22,22.049999237060547,22.149999618530273,21.100000381469727,21.25,258528
2021-12-23,21.25,21.5,20.799999237060547,21.0,196809
2021-12-27,21.0,21.149999618530273,19.84000015258789,20.549999237060547,650889
2021-12-28,20.5,21.399999618530273,20.100000381469727,20.700000762939453,363361
2021-12-29,21.25,21.5,20.850000381469727,21.450000762939453,158809
2021-12-30,21.5,22.200000762939453,21.399999618530273,21.700000762939453,191107
2022-01-03,21.899999618530273,22.100000381469727,20.950000762939453,21.100000381469727,206290
2022-01-04,21.200000762939453,21.299999237060547,20.600000381469727,20.799999237060547,140272
2022-01-05,20.850000381469727,21.0,20.200000762939453,20.700000762939453,195514
2022-01-07,20.299999237060547,21.200000762939453,19.940000534057617,21.149999618530273,299947
2022-01-10,21.149999618530273,21.200000762939453,20.25,20.299999237060547,156484
2022-01-11,20.299999237060547,20.700000762939453,20.200000762939453,20.299999237060547,122932
2022-01-12,20.600000381469727,20.700000762939453,20.350000381469727,20.600000381469727,104808
2022-01-13,20.549999237060547,20.649999618530273,20.299999237060547,20.399999618530273,111672
2022-01-14,20.399999618530273,20.600000381469727,20.200000762939453,20.299999237060547,121650
2022-01-17,20.100000381469727,20.700000762939453,19.959999084472656,20.549999237060547,221547
2022-01-18,20.549999237060547,20.549999237060547,18.6200008392334,19.399999618530273,275176
2022-01-19,19.020000457763672,19.200000762939453,17.860000610351562,18.0,945875
2022-01-20,18.020000457763672,18.68000030517578,16.420000076293945,17.139999389648438,1043234
2022-01-21,18.0,18.479999542236328,17.15999984741211,17.520000457763672,743543
2022-01-24,17.520000457763672,17.520000457763672,15.220000267028809,15.579999923706055,1093642
2022-01-25,15.960000038146973,16.559999465942383,15.720000267028809,16.0,744983
2022-01-26,16.399999618530273,17.84000015258789,16.3799991607666,17.299999237060547,563936
2022-01-27,17.0,17.799999237060547,16.68000030517578,17.399999618530273,310619
2022-01-28,17.780000686645508,17.780000686645508,16.700000762939453,16.979999542236328,200782
2022-01-31,17.1200008392334,17.3799991607666,16.8799991607666,16.920000076293945,123056
2022-02-01,17.200000762939453,17.200000762939453,16.780000686645508,17.0,132694
2022-02-02,17.0,18.100000381469727,17.0,17.8799991607666,289560
2022-02-03,18.0,18.100000381469727,17.6200008392334,17.700000762939453,170465
2022-02-04,17.780000686645508,17.899999618530273,17.100000381469727,17.18000030517578,150630
2022-02-07,17.360000610351562,17.360000610351562,17.059999465942383,17.280000686645508,54979
2022-02-08,17.280000686645508,17.5,17.079999923706055,17.5,104150
2022-02-09,17.600000381469727,18.31999969482422,17.600000381469727,18.299999237060547,193735
2022-02-10,18.360000610351562,18.940000534057617,18.079999923706055,18.299999237060547,137681
2022-02-11,18.040000915527344,18.239999771118164,17.479999542236328,17.760000228881836,157038
2022-02-14,16.520000457763672,16.940000534057617,16.1200008392334,16.739999771118164,556848
2022-02-15,16.780000686645508,18.18000030517578,16.760000228881836,17.5,336987
2022-02-16,17.68000030517578,18.5,17.399999618530273,17.540000915527344,277663
2022-02-17,17.860000610351562,17.860000610351562,16.520000457763672,16.68000030517578,269282
2022-02-18,16.68000030517578,17.200000762939453,16.600000381469727,16.799999237060547,184942
2022-02-21,16.780000686645508,16.959999084472656,15.420000076293945,15.920000076293945,486312
2022-02-22,15.399999618530273,16.760000228881836,14.84000015258789,16.479999542236328,481291
2022-02-23,16.540000915527344,17.200000762939453,15.800000190734863,15.899999618530273,448264
2022-02-24,12.699999809265137,13.5,9.5,11.100000381469727,2302567
2022-02-25,11.800000190734863,12.899999618530273,11.300000190734863,12.0,1005216
2022-02-28,11.399999618530273,12.899999618530273,9.760000228881836,11.399999618530273,1995514
2022-03-01,11.180000305175781,11.9399995803833,10.5,10.5,534210
2022-03-02,10.100000381469727,10.399999618530273,9.800000190734863,9.899999618530273,975206
2022-03-03,9.899999618530273,10.859999656677246,9.699999809265137,10.65999984741211,784669
2022-03-04,10.5,10.5,9.949999809265137,10.020000457763672,386152
2022-03-07,10.180000305175781,10.180000305175781,8.600000381469727,9.420000076293945,1150800
2022-03-08,9.619999885559082,10.380000114440918,9.5,9.65999984741211,513383
2022-03-09,9.9399995803833,10.800000190734863,9.90999984741211,10.800000190734863,803354
2022-03-10,11.100000381469727,11.600000381469727,10.140000343322754,10.319999694824219,819149
2022-03-11,10.4399995803833,11.899999618530273,10.4399995803833,11.239999771118164,784209
2022-03-14,11.300000190734863,11.800000190734863,11.0,11.15999984741211,412110
2022-03-15,11.15999984741211,11.699999809265137,11.020000457763672,11.4399995803833,234522
2022-03-16,11.699999809265137,12.5,11.5,12.300000190734863,772851
2022-03-17,12.779999732971191,14.399999618530273,12.5600004196167,14.0,1265822
2022-03-18,14.0,14.260000228881836,13.100000381469727,13.399999618530273,467843
2022-03-21,13.119999885559082,13.479999542236328,12.739999771118164,13.020000457763672,249539
2022-03-22,13.100000381469727,13.65999984741211,12.979999542236328,13.199999809265137,158344
2022-03-23,13.319999694824219,13.600000381469727,12.979999542236328,13.15999984741211,115883
2022-03-24,13.380000114440918,13.380000114440918,13.020000457763672,13.220000267028809,56007
2022-03-25,13.300000190734863,13.859999656677246,13.100000381469727,13.579999923706055,239373
2022-03-28,13.779999732971191,14.460000038146973,13.640000343322754,14.279999732971191,320446
2022-03-29,14.399999618530273,15.800000190734863,14.359999656677246,15.319999694824219,572861
2022-03-30,15.319999694824219,15.84000015258789,13.279999732971191,13.680000305175781,1839574
2022-03-31,13.960000038146973,13.960000038146973,13.079999923706055,13.260000228881836,514181
2022-04-01,13.260000228881836,13.34000015258789,12.859999656677246,13.15999984741211,295679
2022-04-04,13.199999809265137,14.0,13.199999809265137,13.720000267028809,475439
2022-04-05,13.899999618530273,14.140000343322754,13.140000343322754,13.260000228881836,316889
2022-04-06,13.079999923706055,13.079999923706055,12.199999809265137,12.4399995803833,408948
2022-04-07,12.479999542236328,12.680000305175781,12.119999885559082,12.4399995803833,196939
2022-04-08,12.359999656677246,12.800000190734863,12.220000267028809,12.279999732971191,112732
2022-04-11,12.180000305175781,12.420000076293945,11.619999885559082,11.720000267028809,346214
2022-04-12,11.640000343322754,11.720000267028809,11.220000267028809,11.260000228881836,466375
2022-04-13,11.1899995803833,11.979999542236328,11.15999984741211,11.949999809265137,190041
2022-04-14,12.0,12.199999809265137,11.600000381469727,11.770000457763672,101157
2022-04-19,11.699999809265137,11.960000038146973,11.329999923706055,11.600000381469727,120778
2022-04-20,11.600000381469727,12.119999885559082,11.600000381469727,12.0,163288
2022-04-21,12.220000267028809,13.180000305175781,12.220000267028809,13.09000015258789,376637
2022-04-22,13.199999809265137,13.229999542236328,12.130000114440918,12.399999618530273,327391
2022-04-25,12.0,12.460000038146973,11.720000267028809,11.9399995803833,122056
2022-04-26,12.369999885559082,12.59000015258789,12.109999656677246,12.1899995803833,180930
2022-04-27,12.0,12.149999618530273,11.65999984741211,11.9399995803833,120677
2022-04-28,12.109999656677246,12.180000305175781,11.640000343322754,11.800000190734863,84704
2022-04-29,12.020000457763672,12.460000038146973,11.869999885559082,12.329999923706055,119890
2022-05-02,12.109999656677246,12.699999809265137,12.069999694824219,12.40999984741211,97150
2022-05-04,12.600000381469727,14.0600004196167,12.600000381469727,13.390000343322754,637299
2022-05-05,14.079999923706055,14.4399995803833,12.829999923706055,12.899999618530273,702090
2022-05-06,12.899999618530273,13.170000076293945,12.329999923706055,13.170000076293945,259238
2022-05-09,13.210000038146973,13.600000381469727,12.760000228881836,13.0600004196167,165543
2022-05-10,13.229999542236328,13.380000114440918,12.850000381469727,13.15999984741211,104276
2022-05-11,13.270000457763672,13.270000457763672,12.399999618530273,12.680000305175781,181006
2022-05-12,12.430000305175781,12.550000190734863,12.0,12.5,256917
2022-05-13,12.489999771118164,12.779999732971191,12.220000267028809,12.600000381469727,166700
2022-05-16,12.800000190734863,13.15999984741211,12.779999732971191,13.039999961853027,120003
2022-05-17,13.100000381469727,13.720000267028809,12.90999984741211,13.59000015258789,225259
2022-05-18,13.819999694824219,14.100000381469727,13.25,13.399999618530273,203680
2022-05-19,13.0,13.380000114440918,12.539999961853027,13.260000228881836,145602
2022-05-20,13.5,13.510000228881836,12.9399995803833,12.989999771118164,154014
2022-05-23,12.619999885559082,12.880000114440918,12.510000228881836,12.619999885559082,204453
2022-05-24,12.680000305175781,12.680000305175781,12.109999656677246,12.180000305175781,157657
2022-05-25,12.180000305175781,12.390000343322754,12.15999984741211,12.220000267028809,37913
2022-05-26,12.25,12.800000190734863,12.220000267028809,12.800000190734863,70223
2022-05-27,12.890000343322754,12.899999618530273,12.449999809265137,12.6899995803833,68855
2022-05-30,12.800000190734863,13.0,12.670000076293945,12.800000190734863,105930
2022-05-31,12.899999618530273,12.899999618530273,12.619999885559082,12.770000457763672,97275
2022-06-01,12.770000457763672,12.850000381469727,12.539999961853027,12.699999809265137,64299
2022-06-02,12.630000114440918,12.869999885559082,12.539999961853027,12.539999961853027,87077
2022-06-03,12.579999923706055,12.6899995803833,12.199999809265137,12.199999809265137,127617
2022-06-06,12.210000038146973,12.390000343322754,12.149999618530273,12.270000457763672,75640
2022-06-07,12.270000457763672,12.520000457763672,12.15999984741211,12.229999542236328,75362
2022-06-08,12.380000114440918,12.380000114440918,12.149999618530273,12.15999984741211,71218
2022-06-09,12.09000015258789,12.09000015258789,11.890000343322754,11.890000343322754,152884
2022-06-10,11.890000343322754,11.989999771118164,11.449999809265137,11.529999732971191,104139
2022-06-13,11.399999618530273,11.399999618530273,10.779999732971191,10.899999618530273,316834
2022-06-14,10.960000038146973,10.989999771118164,10.6899995803833,10.800000190734863,130212
2022-06-15,10.84000015258789,10.989999771118164,10.699999809265137,10.869999885559082,116350
2022-06-17,10.859999656677246,11.100000381469727,10.600000381469727,10.770000457763672,161112
2022-06-20,10.800000190734863,11.5,10.800000190734863,11.390000343322754,105910
2022-06-21,11.609999656677246,12.550000190734863,11.5,12.260000228881836,381296
2022-06-22,12.100000381469727,12.170000076293945,11.699999809265137,11.920000076293945,206937
2022-06-23,11.920000076293945,12.15999984741211,11.649999618530273,11.859999656677246,97161
2022-06-24,11.9399995803833,12.289999961853027,11.9399995803833,12.270000457763672,98929
2022-06-27,12.300000190734863,12.75,12.109999656677246,12.649999618530273,160491
2022-06-28,12.600000381469727,13.0,12.569999694824219,12.609999656677246,228819
2022-06-29,12.5600004196167,12.899999618530273,12.270000457763672,12.770000457763672,170825
2022-06-30,12.670000076293945,12.760000228881836,12.380000114440918,12.670000076293945,144894
2022-07-01,12.670000076293945,12.899999618530273,12.5,12.710000038146973,90708
2022-07-04,12.850000381469727,13.020000457763672,12.640000343322754,12.699999809265137,114587
2022-07-05,12.739999771118164,12.829999923706055,12.0,12.300000190734863,251973
2022-07-06,12.3100004196167,12.680000305175781,12.029999732971191,12.289999961853027,159801
2022-07-07,12.329999923706055,12.850000381469727,12.279999732971191,12.75,139856
2022-07-08,12.75,13.569999694824219,12.720000267028809,13.460000038146973,374691
2022-07-11,13.390000343322754,13.5,13.119999885559082,13.489999771118164,109507
2022-07-12,13.489999771118164,13.489999771118164,13.029999732971191,13.289999961853027,153853
2022-07-13,13.319999694824219,13.329999923706055,12.770000457763672,12.920000076293945,133594
2022-07-14,12.989999771118164,13.149999618530273,12.84000015258789,13.149999618530273,71813
2022-07-15,13.270000457763672,13.479999542236328,13.020000457763672,13.170000076293945,90322
2022-07-18,13.329999923706055,13.699999809265137,13.260000228881836,13.6899995803833,206146
2022-07-19,13.699999809265137,13.789999961853027,13.4399995803833,13.779999732971191,63865
2022-07-20,13.800000190734863,14.199999809265137,13.600000381469727,13.770000457763672,205941
2022-07-21,14.239999771118164,14.520000457763672,13.890000343322754,14.1899995803833,268809
2022-07-22,14.15999984741211,14.949999809265137,14.149999618530273,14.850000381469727,295212
2022-07-25,14.850000381469727,15.65999984741211,14.850000381469727,15.199999809265137,269503
2022-07-26,15.270000457763672,15.270000457763672,14.619999885559082,15.079999923706055,145874
2022-07-27,15.0,15.0,14.5,14.710000038146973,118961
2022-07-28,14.800000190734863,15.270000457763672,14.720000267028809,15.25,96513
2022-07-29,15.369999885559082,15.369999885559082,14.930000305175781,15.069999694824219,58371
2022-08-01,15.069999694824219,15.359999656677246,14.680000305175781,15.229999542236328,111714
2022-08-02,15.210000038146973,15.210000038146973,14.5,14.6899995803833,161240
2022-08-03,14.699999809265137,15.1899995803833,14.520000457763672,15.149999618530273,90318
2022-08-04,15.0,15.800000190734863,14.949999809265137,15.600000381469727,208683
2022-08-05,15.600000381469727,15.800000190734863,15.109999656677246,15.329999923706055,89200
2022-08-08,15.329999923706055,16.399999618530273,15.329999923706055,16.350000381469727,222516
2022-08-09,16.350000381469727,16.700000762939453,15.609999656677246,15.729999542236328,210857
2022-08-10,15.720000267028809,16.18000030517578,15.0,16.0,180633
2022-08-11,16.700000762939453,16.75,15.850000381469727,16.049999237060547,156893
2022-08-12,16.049999237060547,16.360000610351562,16.0,16.0,66089
2022-08-16,16.0,16.389999389648438,15.84000015258789,15.84000015258789,114296
2022-08-17,15.989999771118164,15.989999771118164,15.170000076293945,15.449999809265137,112133
2022-08-18,15.5,15.829999923706055,15.260000228881836,15.3100004196167,74010
2022-08-19,15.5,15.850000381469727,15.119999885559082,15.239999771118164,76085
2022-08-22,15.5,15.890000343322754,15.279999732971191,15.359999656677246,131823
2022-08-23,15.5600004196167,15.699999809265137,15.329999923706055,15.460000038146973,89933
2022-08-24,15.600000381469727,15.880000114440918,15.5,15.800000190734863,71619
2022-08-25,15.890000343322754,16.25,15.720000267028809,16.15999984741211,144109
2022-08-26,16.200000762939453,16.3799991607666,15.699999809265137,15.770000457763672,99794
2022-08-29,15.680000305175781,15.699999809265137,15.010000228881836,15.270000457763672,142714
2022-08-30,15.300000190734863,15.720000267028809,14.800000190734863,14.899999618530273,82641
2022-08-31,14.8100004196167,15.300000190734863,14.579999923706055,14.75,118506
2022-09-01,14.550000190734863,14.899999618530273,14.050000190734863,14.130000114440918,261968
2022-09-02,14.270000457763672,14.680000305175781,14.239999771118164,14.529999732971191,88365
2022-09-05,14.6899995803833,14.6899995803833,14.180000305175781,14.380000114440918,87074
2022-09-06,14.569999694824219,14.699999809265137,14.199999809265137,14.390000343322754,66689
2022-09-07,14.399999618530273,14.59000015258789,14.0600004196167,14.539999961853027,78464
2022-09-08,14.800000190734863,15.100000381469727,14.59000015258789,14.880000114440918,83086
2022-09-09,14.899999618530273,15.479999542236328,14.899999618530273,15.449999809265137,71056
2022-09-12,15.84000015258789,16.260000228881836,15.600000381469727,15.609999656677246,125907
2022-09-13,15.890000343322754,16.139999389648438,15.0,15.010000228881836,134330
2022-09-14,15.0,15.529999732971191,14.699999809265137,15.529999732971191,78479
2022-09-15,15.680000305175781,15.699999809265137,15.130000114440918,15.640000343322754,95552
2022-09-16,15.5,15.600000381469727,15.050000190734863,15.199999809265137,99133
2022-09-19,15.0,15.199999809265137,14.800000190734863,15.199999809265137,144159
2022-09-20,15.300000190734863,15.34000015258789,14.579999923706055,14.800000190734863,130161
2022-09-21,14.819999694824219,14.949999809265137,14.359999656677246,14.6899995803833,106085
2022-09-22,14.600000381469727,15.149999618530273,14.359999656677246,14.850000381469727,62573
2022-09-23,15.130000114440918,15.130000114440918,14.210000038146973,14.40999984741211,101056
2022-09-26,14.220000267028809,14.699999809265137,13.899999618530273,14.399999618530273,154159
2022-09-27,14.40999984741211,15.180000305175781,14.329999923706055,14.760000228881836,95087
2022-09-28,14.399999618530273,14.789999961853027,14.300000190734863,14.699999809265137,88468
2022-09-29,14.699999809265137,14.699999809265137,14.010000228881836,14.010000228881836,103255
2022-09-30,14.100000381469727,14.399999618530273,14.0600004196167,14.380000114440918,71435
2022-10-03,14.359999656677246,14.699999809265137,14.140000343322754,14.699999809265137,65278
2022-10-04,14.779999732971191,15.300000190734863,14.779999732971191,15.300000190734863,109034
2022-10-05,15.399999618530273,15.399999618530273,15.0,15.180000305175781,44685
2022-10-06,15.279999732971191,15.279999732971191,14.930000305175781,15.100000381469727,64424
2022-10-07,14.9399995803833,15.350000381469727,14.9399995803833,15.199999809265137,35294
2022-10-10,15.199999809265137,15.640000343322754,15.010000228881836,15.550000190734863,92760
2022-10-11,15.550000190734863,16.059999465942383,15.399999618530273,15.850000381469727,93626
2022-10-12,15.800000190734863,16.049999237060547,15.600000381469727,15.680000305175781,36726
2022-10-13,15.899999618530273,15.899999618530273,15.210000038146973,15.699999809265137,58878
2022-10-14,15.989999771118164,15.989999771118164,15.609999656677246,15.640000343322754,54744
2022-10-17,15.600000381469727,15.869999885559082,15.600000381469727,15.760000228881836,36137
2022-10-18,15.899999618530273,16.299999237060547,15.829999923706055,16.020000457763672,121554
2022-10-19,16.299999237060547,17.5,16.209999084472656,17.440000534057617,388111
2022-10-20,17.799999237060547,18.799999237060547,17.690000534057617,18.350000381469727,418008
2022-10-21,18.479999542236328,18.65999984741211,18.040000915527344,18.59000015258789,132425
2022-10-24,19.200000762939453,20.280000686645508,19.020000457763672,19.75,387592
2022-10-25,19.989999771118164,20.280000686645508,19.3700008392334,19.780000686645508,197917
2022-10-26,19.780000686645508,20.280000686645508,19.399999618530273,19.770000457763672,190224
2022-10-27,19.799999237060547,19.959999084472656,18.899999618530273,19.3799991607666,182177
2022-10-28,19.399999618530273,19.889999389648438,19.139999389648438,19.889999389648438,70906
2022-10-31,20.0,21.579999923706055,20.0,21.579999923706055,281154
2022-11-02,21.799999237060547,22.0,21.0,21.299999237060547,286855
2022-11-03,21.020000457763672,23.540000915527344,21.020000457763672,22.860000610351562,674860
2022-11-04,23.280000686645508,23.559999465942383,22.520000457763672,22.899999618530273,264592
2022-11-07,24.0,24.0,22.15999984741211,22.899999618530273,427642
2022-11-08,22.940000534057617,23.420000076293945,22.700000762939453,23.0,115784
2022-11-09,23.020000457763672,23.15999984741211,22.5,22.760000228881836,86965
2022-11-10,22.399999618530273,22.899999618530273,21.799999237060547,22.639999389648438,210408
2022-11-14,22.639999389648438,23.639999389648438,22.639999389648438,23.34000015258789,285207
2022-11-15,23.3799991607666,23.440000534057617,22.799999237060547,23.18000030517578,151203
2022-11-16,22.020000457763672,22.719999313354492,22.020000457763672,22.459999084472656,134127
2022-11-17,22.260000228881836,22.459999084472656,21.799999237060547,22.360000610351562,98952
2022-11-18,22.299999237060547,22.5,21.579999923706055,21.600000381469727,136793
2022-11-21,21.600000381469727,22.059999465942383,21.299999237060547,21.639999389648438,72812
2022-11-22,20.8799991607666,20.8799991607666,20.059999465942383,20.440000534057617,446232
2022-11-23,20.200000762939453,21.739999771118164,20.200000762939453,21.040000915527344,141604
2022-11-24,21.139999389648438,21.360000610351562,20.8799991607666,21.15999984741211,71286
2022-11-25,21.200000762939453,21.799999237060547,21.0,21.579999923706055,37747
2022-11-28,21.639999389648438,21.639999389648438,21.079999923706055,21.399999618530273,53943
2022-11-29,21.600000381469727,22.700000762939453,21.219999313354492,22.360000610351562,133742
2022-11-30,22.700000762939453,23.700000762939453,22.600000381469727,23.479999542236328,217852
2022-12-01,23.68000030517578,24.059999465942383,23.219999313354492,23.360000610351562,101221
2022-12-02,23.100000381469727,23.299999237060547,22.31999969482422,22.899999618530273,113303
2022-12-05,23.079999923706055,23.559999465942383,22.979999542236328,23.520000457763672,184059
2022-12-06,23.600000381469727,23.600000381469727,23.200000762939453,23.399999618530273,49458
2022-12-07,23.299999237060547,25.6200008392334,23.139999389648438,25.34000015258789,512627
2022-12-08,25.0,25.440000534057617,24.479999542236328,24.959999084472656,164888
2022-12-09,24.899999618530273,25.299999237060547,24.68000030517578,24.979999542236328,80201
2022-12-12,24.979999542236328,25.420000076293945,24.760000228881836,25.219999313354492,95612
2022-12-13,25.219999313354492,25.959999084472656,24.959999084472656,25.700000762939453,135761
2022-12-14,25.700000762939453,25.940000534057617,25.139999389648438,25.31999969482422,94295
2022-12-15,25.15999984741211,25.280000686645508,24.5,24.780000686645508,127712
2022-12-16,24.399999618530273,24.700000762939453,23.739999771118164,24.299999237060547,171818
2022-12-19,24.200000762939453,25.0,24.200000762939453,24.8799991607666,46168
2022-12-20,24.899999618530273,24.899999618530273,24.260000228881836,24.479999542236328,58504
2022-12-21,24.31999969482422,24.459999084472656,23.799999237060547,24.040000915527344,101323
2022-12-22,24.0,24.5,23.84000015258789,23.899999618530273,62254
2022-12-23,23.760000228881836,23.979999542236328,23.5,23.84000015258789,66232
2022-12-27,23.959999084472656,24.18000030517578,23.299999237060547,23.399999618530273,112530
2022-12-28,23.239999771118164,23.399999618530273,23.020000457763672,23.18000030517578,118251
2022-12-29,23.15999984741211,24.399999618530273,23.1200008392334,24.0,68184
2022-12-30,24.299999237060547,24.299999237060547,23.700000762939453,23.700000762939453,29880
2023-01-02,23.540000915527344,24.360000610351562,23.459999084472656,23.899999618530273,59319
2023-01-03,23.799999237060547,24.3799991607666,23.700000762939453,24.100000381469727,136281
2023-01-04,24.100000381469727,24.239999771118164,23.719999313354492,23.8799991607666,114134
2023-01-05,24.0,24.100000381469727,23.600000381469727,23.700000762939453,91019
2023-01-09,23.979999542236328,24.260000228881836,23.559999465942383,23.899999618530273,82439
2023-01-10,24.040000915527344,24.219999313354492,23.719999313354492,24.200000762939453,77765
2023-01-11,24.260000228881836,24.260000228881836,23.860000610351562,24.040000915527344,57302
2023-01-12,23.799999237060547,25.0,23.799999237060547,24.700000762939453,243276
2023-01-13,24.8799991607666,24.8799991607666,24.420000076293945,24.700000762939453,29005
2023-01-16,24.8799991607666,25.239999771118164,24.700000762939453,25.200000762939453,107340
2023-01-17,25.139999389648438,25.600000381469727,24.799999237060547,24.860000610351562,83507
2023-01-18,24.920000076293945,25.0,24.260000228881836,24.260000228881836,90172
2023-01-19,24.219999313354492,24.600000381469727,23.799999237060547,24.299999237060547,118299
2023-01-20,24.299999237060547,24.420000076293945,23.8799991607666,23.959999084472656,53170
2023-01-23,23.0,23.079999923706055,21.899999618530273,22.399999618530273,870764
2023-01-24,22.399999618530273,22.780000686645508,22.100000381469727,22.639999389648438,157008
2023-01-25,22.68000030517578,22.719999313354492,21.3799991607666,21.540000915527344,360008
2023-01-26,21.520000457763672,22.34000015258789,21.520000457763672,21.8799991607666,171996
2023-01-27,21.8799991607666,22.200000762939453,21.600000381469727,22.1200008392334,114232
2023-01-30,21.84000015258789,21.899999618530273,21.200000762939453,21.260000228881836,200773
2023-01-31,21.059999465942383,21.959999084472656,20.780000686645508,21.899999618530273,167742
2023-02-01,22.139999389648438,22.399999618530273,21.700000762939453,21.739999771118164,163873
2023-02-02,21.979999542236328,22.299999237060547,21.860000610351562,22.200000762939453,88574
2023-02-03,22.100000381469727,22.18000030517578,21.780000686645508,22.0,71857
2023-02-06,21.8799991607666,21.8799991607666,21.0,21.34000015258789,210251
2023-02-07,21.31999969482422,21.540000915527344,21.15999984741211,21.440000534057617,81500
2023-02-08,21.540000915527344,22.299999237060547,21.540000915527344,22.0,158094
2023-02-09,21.979999542236328,22.34000015258789,21.940000534057617,22.100000381469727,73196
2023-02-10,22.040000915527344,22.299999237060547,21.5,21.84000015258789,86941
2023-02-13,21.899999618530273,21.979999542236328,21.559999465942383,21.799999237060547,62720
2023-02-14,21.899999618530273,22.979999542236328,21.899999618530273,22.719999313354492,194914
2023-02-15,22.719999313354492,23.0,22.600000381469727,22.940000534057617,82693
2023-02-16,23.0,23.579999923706055,22.920000076293945,22.979999542236328,134132
2023-02-17,23.100000381469727,23.31999969482422,22.8799991607666,23.079999923706055,121882
2023-02-20,23.1200008392334,23.579999923706055,22.940000534057617,23.559999465942383,108805
2023-02-21,23.5,23.600000381469727,22.979999542236328,23.200000762939453,134031
2023-02-22,23.200000762939453,24.200000762939453,22.600000381469727,23.959999084472656,290360
2023-02-23,24.479999542236328,24.959999084472656,24.100000381469727,24.579999923706055,257578
2023-02-24,24.600000381469727,24.799999237060547,24.399999618530273,24.799999237060547,119864
2023-02-27,24.799999237060547,24.84000015258789,24.559999465942383,24.600000381469727,58578
2023-02-28,24.6200008392334,24.860000610351562,24.600000381469727,24.780000686645508,58888
2023-03-01,24.780000686645508,25.200000762939453,24.65999984741211,24.719999313354492,125690
2023-03-02,24.700000762939453,25.0,24.15999984741211,24.31999969482422,153009
2023-03-03,24.600000381469727,24.979999542236328,24.399999618530273,24.739999771118164,35425
2023-03-06,24.739999771118164,24.979999542236328,24.559999465942383,24.700000762939453,70895
2023-03-07,24.780000686645508,24.780000686645508,24.360000610351562,24.360000610351562,80066
2023-03-08,24.31999969482422,24.739999771118164,24.299999237060547,24.600000381469727,58678
2023-03-09,24.200000762939453,27.020000457763672,24.200000762939453,26.520000457763672,830616
2023-03-10,26.0,27.200000762939453,25.81999969482422,26.81999969482422,229128
2023-03-13,27.1200008392334,27.200000762939453,25.360000610351562,27.0,404721
2023-03-14,27.0,27.440000534057617,26.5,26.8799991607666,259010
2023-03-15,26.959999084472656,27.239999771118164,26.200000762939453,26.299999237060547,212497
2023-03-16,26.299999237060547,26.600000381469727,25.6200008392334,26.520000457763672,122501
2023-03-17,26.600000381469727,26.959999084472656,26.020000457763672,26.459999084472656,81448
2023-03-20,26.100000381469727,26.799999237060547,25.540000915527344,26.780000686645508,115279
2023-03-21,26.940000534057617,27.799999237060547,26.420000076293945,27.200000762939453,216378
2023-03-22,27.520000457763672,27.68000030517578,26.760000228881836,26.899999618530273,125788
2023-03-23,26.799999237060547,27.3799991607666,26.6200008392334,27.0,163598
2023-03-24,27.1200008392334,27.1200008392334,26.6200008392334,26.65999984741211,86310
2023-03-27,27.600000381469727,29.420000076293945,27.5,29.0,531573
2023-03-28,29.100000381469727,30.219999313354492,28.760000228881836,28.760000228881836,186971
2023-03-29,28.760000228881836,29.299999237060547,28.040000915527344,28.579999923706055,254962
2023-03-30,28.600000381469727,29.1200008392334,28.479999542236328,29.0,102541
2023-03-31,29.0,29.200000762939453,28.3799991607666,29.200000762939453,119043
2023-04-03,29.020000457763672,29.299999237060547,28.6200008392334,28.6200008392334,153328
2023-04-04,28.899999618530273,29.0,28.3799991607666,28.780000686645508,87765
2023-04-05,28.559999465942383,29.239999771118164,28.31999969482422,28.760000228881836,131369
2023-04-06,28.979999542236328,29.139999389648438,28.719999313354492,28.8799991607666,46676
2023-04-11,28.899999618530273,28.899999618530273,28.540000915527344,28.739999771118164,128379
2023-04-12,28.8799991607666,28.899999618530273,28.420000076293945,28.84000015258789,100342
2023-04-13,28.799999237060547,29.780000686645508,28.579999923706055,29.579999923706055,164634
2023-04-14,29.479999542236328,29.479999542236328,28.84000015258789,29.0,122134
2023-04-17,29.020000457763672,29.079999923706055,28.65999984741211,28.799999237060547,77214
2023-04-18,28.719999313354492,29.059999465942383,28.65999984741211,28.959999084472656,64006
2023-04-19,28.899999618530273,28.899999618530273,28.0,28.3799991607666,206288
2023-04-20,28.040000915527344,28.459999084472656,27.799999237060547,28.299999237060547,118997
2023-04-21,29.600000381469727,29.8799991607666,29.100000381469727,29.5,323260
2023-04-24,29.459999084472656,30.399999618530273,29.040000915527344,30.399999618530273,154039
2023-04-25,30.0,30.200000762939453,29.139999389648438,29.360000610351562,145190
2023-04-26,29.3799991607666,29.559999465942383,28.6200008392334,28.6200008392334,119286
2023-04-27,28.639999389648438,28.940000534057617,28.399999618530273,28.700000762939453,155965
2023-04-28,28.780000686645508,28.860000610351562,28.459999084472656,28.639999389648438,57824
2023-05-02,28.600000381469727,29.059999465942383,28.5,28.5,68989
2023-05-04,28.5,28.84000015258789,28.31999969482422,28.3799991607666,126232
2023-05-05,28.3799991607666,28.860000610351562,27.799999237060547,28.860000610351562,153834
2023-05-08,28.940000534057617,30.200000762939453,28.899999618530273,29.399999618530273,316928
2023-05-09,29.68000030517578,30.100000381469727,29.540000915527344,29.899999618530273,76563
2023-05-10,29.899999618530273,30.5,29.739999771118164,30.5,227757
2023-05-11,30.100000381469727,30.600000381469727,29.020000457763672,29.399999618530273,210327
2023-05-12,29.579999923706055,29.6200008392334,28.639999389648438,28.639999389648438,108670
2023-05-15,28.639999389648438,28.959999084472656,28.200000762939453,28.31999969482422,96936
2023-05-16,28.260000228881836,28.700000762939453,28.18000030517578,28.540000915527344,80057
2023-05-17,28.600000381469727,29.260000228881836,28.579999923706055,29.0,104484
2023-05-18,29.0,29.479999542236328,28.860000610351562,29.440000534057617,126181
2023-05-19,29.68000030517578,30.399999618530273,29.68000030517578,30.200000762939453,240718
2023-05-22,29.020000457763672,29.84000015258789,28.81999969482422,28.8799991607666,314279
2023-05-23,28.799999237060547,29.34000015258789,28.799999237060547,29.200000762939453,122698
2023-05-24,29.200000762939453,29.299999237060547,28.799999237060547,28.81999969482422,156732
2023-05-25,28.799999237060547,29.15999984741211,28.799999237060547,29.0,76591
2023-05-26,28.959999084472656,29.239999771118164,28.84000015258789,29.239999771118164,41840
2023-05-29,29.360000610351562,29.559999465942383,29.059999465942383,29.139999389648438,51998
2023-05-30,29.299999237060547,29.299999237060547,28.81999969482422,28.959999084472656,57145
2023-05-31,28.899999618530273,28.899999618530273,28.18000030517578,28.360000610351562,124711
2023-06-01,28.360000610351562,29.31999969482422,28.31999969482422,28.860000610351562,81573
2023-06-02,28.899999618530273,29.100000381469727,28.739999771118164,29.100000381469727,55842
2023-06-05,29.100000381469727,29.100000381469727,28.520000457763672,28.559999465942383,100919
2023-06-06,28.780000686645508,28.979999542236328,28.399999618530273,28.700000762939453,247200
2023-06-07,28.68000030517578,28.68000030517578,28.219999313354492,28.440000534057617,89553
2023-06-09,28.5,28.6200008392334,28.219999313354492,28.239999771118164,52101
2023-06-12,28.299999237060547,28.940000534057617,28.15999984741211,28.65999984741211,77698
2023-06-13,28.739999771118164,28.8799991607666,28.34000015258789,28.34000015258789,40743
2023-06-14,28.360000610351562,28.700000762939453,28.34000015258789,28.579999923706055,64321
2023-06-15,28.5,28.600000381469727,28.219999313354492,28.239999771118164,54478
2023-06-16,28.239999771118164,28.780000686645508,28.200000762939453,28.5,71304
2023-06-19,28.1200008392334,28.260000228881836,27.200000762939453,27.920000076293945,148935
2023-06-20,27.899999618530273,27.959999084472656,27.420000076293945,27.5,71638
2023-06-21,28.5,28.84000015258789,28.239999771118164,28.239999771118164,208012
2023-06-22,28.219999313354492,28.700000762939453,28.219999313354492,28.639999389648438,78210
2023-06-23,28.020000457763672,28.100000381469727,27.34000015258789,27.399999618530273,94659
2023-06-26,27.479999542236328,27.6200008392334,26.81999969482422,26.860000610351562,98659
2023-06-27,26.860000610351562,26.979999542236328,26.31999969482422,26.540000915527344,92135
2023-06-28,26.540000915527344,27.31999969482422,26.540000915527344,27.299999237060547,70639
2023-06-29,27.100000381469727,27.739999771118164,27.059999465942383,27.639999389648438,47895
2023-06-30,27.719999313354492,27.739999771118164,27.200000762939453,27.360000610351562,56409
2023-07-03,27.239999771118164,27.479999542236328,27.079999923706055,27.200000762939453,50136
2023-07-04,27.200000762939453,27.399999618530273,27.18000030517578,27.239999771118164,40641
2023-07-05,27.239999771118164,27.5,27.040000915527344,27.139999389648438,55595
2023-07-06,27.139999389648438,27.399999618530273,26.6200008392334,26.639999389648438,81905
2023-07-07,26.780000686645508,27.299999237060547,26.559999465942383,26.739999771118164,155056
2023-07-10,26.739999771118164,27.799999237060547,26.6200008392334,27.600000381469727,155504
2023-07-11,27.799999237060547,27.979999542236328,27.760000228881836,27.8799991607666,56047
2023-07-12,27.959999084472656,28.5,27.8799991607666,28.200000762939453,95897
2023-07-13,28.200000762939453,28.360000610351562,28.040000915527344,28.280000686645508,48684
2023-07-14,28.299999237060547,29.0,28.299999237060547,29.0,98970
2023-07-17,29.0,30.0,29.0,29.899999618530273,153918
2023-07-18,29.959999084472656,30.299999237060547,29.6200008392334,30.200000762939453,111183
2023-07-19,30.200000762939453,30.600000381469727,29.15999984741211,29.65999984741211,117861
2023-07-20,29.68000030517578,29.899999618530273,29.219999313354492,29.360000610351562,76791
2023-07-21,29.559999465942383,30.479999542236328,29.299999237060547,30.280000686645508,194114
2023-07-24,30.600000381469727,31.100000381469727,30.540000915527344,31.079999923706055,229727
2023-07-25,31.100000381469727,32.29999923706055,31.100000381469727,31.8799991607666,176109
2023-07-26,31.860000610351562,31.979999542236328,31.280000686645508,31.700000762939453,85154
2023-07-27,31.719999313354492,32.5,31.719999313354492,32.2400016784668,115846
2023-07-28,32.15999984741211,32.18000030517578,32.0,32.0,62641
2023-07-31,32.220001220703125,32.2599983215332,31.860000610351562,31.860000610351562,42869
2023-08-01,31.860000610351562,31.860000610351562,31.440000534057617,31.5,52416
2023-08-02,31.5,31.65999984741211,31.219999313354492,31.34000015258789,53435
2023-08-03,31.34000015258789,31.479999542236328,30.719999313354492,31.139999389648438,97282
2023-08-04,31.34000015258789,32.29999923706055,31.200000762939453,32.29999923706055,142354
2023-08-07,32.20000076293945,32.29999923706055,31.940000534057617,32.02000045776367,42959
2023-08-08,32.02000045776367,32.119998931884766,31.6200008392334,31.68000030517578,67928
2023-08-09,31.700000762939453,32.099998474121094,31.700000762939453,32.099998474121094,56369
2023-08-10,30.84000015258789,31.399999618530273,30.31999969482422,31.100000381469727,171053
2023-08-11,31.0,31.0,30.100000381469727,30.3799991607666,112353
2023-08-14,30.399999618530273,30.399999618530273,29.780000686645508,30.18000030517578,95969
2023-08-16,30.079999923706055,30.079999923706055,29.239999771118164,29.31999969482422,128529
2023-08-17,29.299999237060547,29.940000534057617,29.18000030517578,29.68000030517578,68551
2023-08-18,29.959999084472656,29.959999084472656,29.360000610351562,29.420000076293945,42632
2023-08-21,29.3799991607666,29.579999923706055,28.65999984741211,28.899999618530273,80922
2023-08-22,28.899999618530273,29.040000915527344,28.360000610351562,28.899999618530273,92642
2023-08-23,28.899999618530273,29.0,28.579999923706055,28.700000762939453,47059
2023-08-24,28.780000686645508,29.15999984741211,28.739999771118164,28.739999771118164,57375
2023-08-25,28.5,29.299999237060547,27.200000762939453,29.059999465942383,101747
2023-08-28,29.360000610351562,30.299999237060547,29.15999984741211,29.979999542236328,107411
2023-08-29,30.18000030517578,30.68000030517578,29.84000015258789,30.059999465942383,58929
2023-08-30,30.059999465942383,30.100000381469727,29.700000762939453,29.899999618530273,34312
2023-08-31,29.860000610351562,29.899999618530273,29.420000076293945,29.780000686645508,21705
2023-09-01,29.799999237060547,30.18000030517578,29.799999237060547,30.18000030517578,33881
2023-09-04,30.15999984741211,30.200000762939453,29.899999618530273,29.940000534057617,51042
2023-09-05,29.920000076293945,30.059999465942383,29.84000015258789,29.84000015258789,39848
2023-09-06,29.700000762939453,29.780000686645508,28.799999237060547,29.299999237060547,68350
2023-09-07,29.299999237060547,29.459999084472656,28.959999084472656,29.100000381469727,55215
2023-09-08,29.239999771118164,29.540000915527344,29.0,29.280000686645508,27742
2023-09-11,29.420000076293945,29.440000534057617,29.0,29.1200008392334,45041
2023-09-12,29.079999923706055,29.280000686645508,28.959999084472656,29.200000762939453,50031
2023-09-13,29.200000762939453,29.260000228881836,28.979999542236328,29.0,33921
2023-09-14,29.200000762939453,29.200000762939453,28.459999084472656,28.739999771118164,70911
2023-09-15,28.700000762939453,28.959999084472656,28.139999389648438,28.940000534057617,49081
2023-09-18,29.0,29.219999313354492,28.600000381469727,28.6200008392334,48700
2023-09-19,28.780000686645508,28.780000686645508,28.299999237060547,28.440000534057617,69751
2023-09-20,28.5,28.8799991607666,28.459999084472656,28.5,41264
2023-09-21,28.6200008392334,28.6200008392334,28.239999771118164,28.34000015258789,46475
2023-09-22,29.0,29.219999313354492,28.600000381469727,28.6200008392334,60823
2023-09-25,28.979999542236328,29.1200008392334,28.6200008392334,28.6200008392334,57650
2023-09-26,28.959999084472656,28.959999084472656,28.059999465942383,28.1200008392334,37670
2023-09-27,28.1200008392334,28.5,27.799999237060547,27.799999237060547,66326
2023-09-28,27.799999237060547,27.799999237060547,27.280000686645508,27.440000534057617,71015
2023-09-29,27.559999465942383,28.280000686645508,27.459999084472656,27.799999237060547,63150
2023-10-02,28.0,28.059999465942383,27.200000762939453,27.299999237060547,58317
2023-10-03,27.299999237060547,27.299999237060547,26.799999237060547,26.979999542236328,88628
2023-10-04,27.0,27.479999542236328,26.65999984741211,27.0,49446
2023-10-05,27.420000076293945,27.559999465942383,26.200000762939453,26.239999771118164,37429
2023-10-06,26.6200008392334,27.260000228881836,26.6200008392334,26.940000534057617,54264
2023-10-09,26.959999084472656,27.700000762939453,26.639999389648438,27.639999389648438,35371
2023-10-10,27.799999237060547,28.5,27.799999237060547,28.299999237060547,53620
2023-10-11,28.299999237060547,28.700000762939453,28.100000381469727,28.1200008392334,33465
2023-10-12,28.1200008392334,28.65999984741211,28.1200008392334,28.399999618530273,30009
2023-10-13,28.68000030517578,28.68000030517578,28.239999771118164,28.360000610351562,17572
2023-10-16,28.8799991607666,29.479999542236328,28.520000457763672,28.979999542236328,71972
2023-10-17,29.0,29.579999923706055,29.0,29.079999923706055,65068
2023-10-18,29.34000015258789,29.34000015258789,28.0,28.18000030517578,35805
2023-10-19,28.399999618530273,28.479999542236328,27.81999969482422,28.020000457763672,29470
2023-10-20,28.0,28.18000030517578,27.399999618530273,27.600000381469727,51202
2023-10-23,27.799999237060547,28.899999618530273,27.799999237060547,28.420000076293945,86855
2023-10-24,28.760000228881836,29.219999313354492,28.579999923706055,28.65999984741211,45452
2023-10-25,28.8799991607666,29.0,28.260000228881836,28.260000228881836,22090
2023-10-26,28.459999084472656,28.899999618530273,28.1200008392334,28.559999465942383,23258
2023-10-27,28.559999465942383,28.860000610351562,28.31999969482422,28.399999618530273,23264
2023-10-30,28.399999618530273,28.8799991607666,28.399999618530273,28.860000610351562,35047
2023-10-31,28.8799991607666,29.15999984741211,28.520000457763672,28.780000686645508,31921
2023-11-02,28.979999542236328,29.3799991607666,28.81999969482422,28.979999542236328,53157
2023-11-03,28.940000534057617,29.639999389648438,28.940000534057617,29.639999389648438,58995
2023-11-06,29.719999313354492,30.18000030517578,29.559999465942383,29.899999618530273,48947
2023-11-07,29.860000610351562,29.899999618530273,29.559999465942383,29.68000030517578,18606
2023-11-08,29.68000030517578,29.860000610351562,28.780000686645508,28.799999237060547,93683
2023-11-09,28.600000381469727,29.260000228881836,28.5,28.600000381469727,78771
2023-11-10,28.579999923706055,28.899999618530273,28.219999313354492,28.399999618530273,54338
2023-11-13,28.31999969482422,28.600000381469727,27.899999618530273,27.959999084472656,74325
2023-11-14,27.860000610351562,28.360000610351562,27.700000762939453,28.059999465942383,51005
2023-11-15,28.299999237060547,28.299999237060547,27.65999984741211,27.84000015258789,86103
2023-11-16,27.799999237060547,27.920000076293945,27.059999465942383,27.5,63573
2023-11-17,27.459999084472656,27.5,26.979999542236328,27.200000762939453,84129
2023-11-20,27.1200008392334,27.780000686645508,27.1200008392334,27.520000457763672,57000
2023-11-21,27.559999465942383,28.1200008392334,27.559999465942383,27.920000076293945,45042
2023-11-22,28.100000381469727,28.559999465942383,28.100000381469727,28.360000610351562,66853
2023-11-23,28.399999618530273,28.479999542236328,27.860000610351562,28.360000610351562,107064
2023-11-24,27.780000686645508,28.0,27.479999542236328,27.739999771118164,40502
2023-11-27,27.799999237060547,27.8799991607666,27.299999237060547,27.479999542236328,44725
2023-11-28,27.459999084472656,27.68000030517578,26.8799991607666,27.6200008392334,57600
2023-11-29,27.860000610351562,27.860000610351562,27.139999389648438,27.139999389648438,40987
2023-11-30,27.020000457763672,27.600000381469727,26.940000534057617,27.1200008392334,40487
2023-12-01,27.18000030517578,27.719999313354492,27.020000457763672,27.68000030517578,67850
2023-12-04,27.860000610351562,28.280000686645508,27.520000457763672,28.0,95175
2023-12-05,28.0,28.479999542236328,27.780000686645508,28.399999618530273,79990
2023-12-06,28.479999542236328,28.6200008392334,28.100000381469727,28.440000534057617,44912
2023-12-07,28.479999542236328,28.479999542236328,28.040000915527344,28.15999984741211,42420
2023-12-08,28.100000381469727,28.399999618530273,27.920000076293945,27.920000076293945,54581
2023-12-11,27.899999618530273,28.5,27.899999618530273,28.280000686645508,34762
2023-12-12,28.200000762939453,28.399999618530273,27.760000228881836,27.84000015258789,108854
2023-12-13,27.84000015258789,28.200000762939453,27.799999237060547,28.0,30602
2023-12-14,28.15999984741211,28.459999084472656,27.920000076293945,28.18000030517578,42548
2023-12-15,28.31999969482422,29.299999237060547,28.079999923706055,28.81999969482422,151318
2023-12-18,28.799999237060547,28.959999084472656,27.979999542236328,28.5,55615
2023-12-19,28.520000457763672,28.959999084472656,28.260000228881836,28.899999618530273,38818
2023-12-20,28.899999618530273,29.399999618530273,28.739999771118164,29.399999618530273,85261
2023-12-21,29.399999618530273,29.399999618530273,28.860000610351562,29.15999984741211,39197
2023-12-22,29.0,29.0,28.100000381469727,28.600000381469727,163041
2023-12-27,28.739999771118164,29.100000381469727,28.5,28.559999465942383,131421
2023-12-28,28.719999313354492,28.8799991607666,28.280000686645508,28.68000030517578,59576
2023-12-29,28.700000762939453,28.760000228881836,28.299999237060547,28.5,32902
2024-01-02,28.31999969482422,28.639999389648438,28.260000228881836,28.31999969482422,76124
2024-01-03,28.31999969482422,28.559999465942383,27.8799991607666,27.979999542236328,73378
2024-01-04,28.0,28.18000030517578,27.700000762939453,27.719999313354492,55393
2024-01-05,27.700000762939453,27.899999618530273,27.360000610351562,27.68000030517578,65840
2024-01-08,27.899999618530273,28.100000381469727,27.719999313354492,28.0,45052
2024-01-09,28.1200008392334,28.299999237060547,27.940000534057617,28.239999771118164,55341
2024-01-10,28.299999237060547,28.479999542236328,28.139999389648438,28.239999771118164,69182
2024-01-11,28.440000534057617,28.440000534057617,28.040000915527344,28.100000381469727,27429
2024-01-12,28.219999313354492,28.219999313354492,27.799999237060547,27.920000076293945,40912
2024-01-15,27.959999084472656,27.979999542236328,27.540000915527344,27.700000762939453,52512
2024-01-16,27.799999237060547,27.899999618530273,27.540000915527344,27.81999969482422,50282
2024-01-17,27.81999969482422,28.079999923706055,27.559999465942383,27.780000686645508,54070
2024-01-18,28.059999465942383,28.299999237060547,27.68000030517578,28.100000381469727,26519
2024-01-19,28.200000762939453,28.299999237060547,27.899999618530273,28.260000228881836,57400
2024-01-22,27.899999618530273,28.239999771118164,27.860000610351562,27.979999542236328,49636
2024-01-23,27.979999542236328,28.0,27.6200008392334,27.65999984741211,41601
2024-01-24,27.6200008392334,28.780000686645508,27.399999618530273,28.6200008392334,170257
2024-01-25,28.399999618530273,28.639999389648438,28.34000015258789,28.579999923706055,54211
2024-01-26,28.540000915527344,28.739999771118164,28.15999984741211,28.5,48804
2024-01-29,28.65999984741211,28.719999313354492,28.239999771118164,28.540000915527344,57673
2024-01-30,28.639999389648438,28.700000762939453,28.31999969482422,28.360000610351562,38016
2024-01-31,28.3799991607666,28.959999084472656,28.260000228881836,28.899999618530273,60213
2024-02-01,28.899999618530273,29.979999542236328,28.81999969482422,29.760000228881836,154714
2024-02-02,29.6200008392334,30.15999984741211,26.700000762939453,27.920000076293945,771794
2024-02-05,27.700000762939453,28.299999237060547,27.5,27.600000381469727,337300
2024-02-06,27.65999984741211,28.020000457763672,27.15999984741211,27.979999542236328,130561
2024-02-07,28.0,28.299999237060547,27.799999237060547,28.239999771118164,59034
2024-02-08,28.299999237060547,28.84000015258789,28.299999237060547,28.700000762939453,60237
2024-02-09,28.739999771118164,28.920000076293945,28.520000457763672,28.760000228881836,28937
2024-02-12,28.8799991607666,28.8799991607666,28.540000915527344,28.6200008392334,31571
2024-02-13,28.68000030517578,28.700000762939453,28.0,28.239999771118164,47956
2024-02-14,28.0,28.5,28.0,28.5,23265
2024-02-15,28.34000015258789,28.700000762939453,28.260000228881836,28.68000030517578,38369
2024-02-16,28.700000762939453,28.700000762939453,28.420000076293945,28.600000381469727,36705
2024-02-19,28.700000762939453,28.700000762939453,28.31999969482422,28.520000457763672,26896
2024-02-20,28.420000076293945,28.600000381469727,28.260000228881836,28.459999084472656,25305
2024-02-21,28.459999084472656,28.5,28.040000915527344,28.219999313354492,43324
2024-02-22,27.799999237060547,27.799999237060547,27.100000381469727,27.440000534057617,196524
2024-02-23,27.3799991607666,27.760000228881836,27.100000381469727,27.18000030517578,97545
2024-02-26,27.15999984741211,27.280000686645508,26.219999313354492,26.299999237060547,187535
2024-02-27,26.280000686645508,27.15999984741211,26.0,26.920000076293945,105514
2024-02-28,26.920000076293945,27.1200008392334,26.459999084472656,26.700000762939453,71953
2024-02-29,26.5,26.979999542236328,25.920000076293945,25.920000076293945,119274
2024-03-01,25.979999542236328,26.479999542236328,25.3799991607666,26.0,157999
2024-03-04,26.0,26.68000030517578,26.0,26.31999969482422,132366
2024-03-05,26.31999969482422,26.700000762939453,26.219999313354492,26.540000915527344,41471
2024-03-06,26.700000762939453,27.079999923706055,26.5,26.5,62803
2024-03-07,26.860000610351562,26.8799991607666,26.280000686645508,26.420000076293945,83140
2024-03-08,26.440000534057617,26.68000030517578,26.260000228881836,26.420000076293945,30771
2024-03-11,26.540000915527344,26.579999923706055,25.799999237060547,26.15999984741211,79254
2024-03-12,26.200000762939453,26.260000228881836,25.899999618530273,26.079999923706055,79316
2024-03-13,26.100000381469727,26.1200008392334,25.559999465942383,25.799999237060547,118631
2024-03-14,25.899999618530273,26.200000762939453,25.34000015258789,25.5,130785
2024-03-15,25.5,25.5,24.0,24.360000610351562,489421
2024-03-18,24.299999237060547,25.68000030517578,24.0,25.239999771118164,227463
2024-03-19,25.299999237060547,25.440000534057617,24.81999969482422,25.040000915527344,101341
2024-03-20,25.200000762939453,25.239999771118164,24.81999969482422,24.979999542236328,115438
2024-03-21,25.1200008392334,25.5,24.979999542236328,25.3799991607666,37259
2024-03-22,24.719999313354492,24.959999084472656,24.420000076293945,24.5,126628
2024-03-25,24.520000457763672,25.100000381469727,24.520000457763672,24.559999465942383,89518
2024-03-26,24.5,24.979999542236328,24.399999618530273,24.799999237060547,69336
2024-03-27,24.84000015258789,26.3799991607666,24.719999313354492,26.299999237060547,141536
2024-03-28,26.600000381469727,27.15999984741211,26.520000457763672,26.700000762939453,127043
2024-04-02,26.920000076293945,28.200000762939453,26.899999618530273,27.920000076293945,221983
2024-04-03,27.979999542236328,28.479999542236328,27.440000534057617,27.700000762939453,164296
2024-04-04,27.700000762939453,28.200000762939453,27.700000762939453,27.940000534057617,81573
2024-04-05,27.700000762939453,27.899999618530273,27.34000015258789,27.65999984741211,55273
2024-04-08,27.700000762939453,27.899999618530273,27.399999618530273,27.700000762939453,29832
2024-04-09,27.700000762939453,27.84000015258789,27.239999771118164,27.260000228881836,39691
2024-04-10,27.520000457763672,27.65999984741211,26.780000686645508,27.260000228881836,57539
2024-04-11,26.739999771118164,27.219999313354492,26.6200008392334,26.6200008392334,39706
2024-04-12,26.700000762939453,27.15999984741211,26.34000015258789,26.5,47806
2024-04-15,26.700000762939453,26.899999618530273,26.520000457763672,26.579999923706055,33750
2024-04-16,26.700000762939453,26.959999084472656,26.34000015258789,26.399999618530273,60447
2024-04-17,26.5,26.979999542236328,26.5,26.920000076293945,26473
2024-04-18,26.899999618530273,26.959999084472656,25.200000762939453,25.3799991607666,166980
2024-04-19,25.3799991607666,25.5,24.799999237060547,25.200000762939453,81138
2024-04-22,25.0,25.639999389648438,24.719999313354492,24.979999542236328,100135
2024-04-23,24.979999542236328,24.979999542236328,24.100000381469727,24.739999771118164,150930
2024-04-24,24.639999389648438,25.18000030517578,24.639999389648438,25.079999923706055,73011
2024-04-25,25.100000381469727,25.100000381469727,24.280000686645508,24.479999542236328,67389
2024-04-26,24.5,24.739999771118164,24.34000015258789,24.68000030517578,57688
2024-04-29,24.700000762939453,24.799999237060547,24.3799991607666,24.600000381469727,64951
2024-04-30,24.600000381469727,24.68000030517578,24.31999969482422,24.5,46409
2024-05-02,24.5,24.600000381469727,24.3799991607666,24.600000381469727,36634
2024-05-06,24.700000762939453,26.18000030517578,24.6200008392334,26.040000915527344,120104
2024-05-07,26.040000915527344,26.600000381469727,25.399999618530273,25.440000534057617,113242
2024-05-08,25.68000030517578,25.979999542236328,24.219999313354492,25.1200008392334,332656
2024-05-09,24.799999237060547,25.399999618530273,24.600000381469727,24.860000610351562,92842
2024-05-10,24.799999237060547,24.84000015258789,24.520000457763672,24.559999465942383,165442
2024-05-13,24.760000228881836,24.760000228881836,24.440000534057617,24.6200008392334,127958
2024-05-14,24.700000762939453,25.0,24.479999542236328,25.0,187803
2024-05-15,25.020000457763672,25.479999542236328,25.0,25.200000762939453,89845
2024-05-16,25.1200008392334,25.299999237060547,24.780000686645508,25.0,52582
2024-05-17,25.200000762939453,25.219999313354492,24.81999969482422,25.020000457763672,37841
2024-05-20,25.020000457763672,25.34000015258789,24.84000015258789,25.139999389648438,81183
2024-05-21,25.15999984741211,25.739999771118164,25.15999984741211,25.600000381469727,94021
2024-05-22,25.6200008392334,25.65999984741211,25.299999237060547,25.479999542236328,43344
2024-05-23,25.34000015258789,25.5,25.299999237060547,25.3799991607666,41179
2024-05-24,25.440000534057617,25.479999542236328,25.100000381469727,25.299999237060547,43907
2024-05-27,25.299999237060547,25.5,24.940000534057617,24.979999542236328,42680
2024-05-28,24.799999237060547,25.0,24.6200008392334,24.84000015258789,50729
2024-05-29,24.81999969482422,24.899999618530273,24.440000534057617,24.860000610351562,57581
2024-05-31,24.8799991607666,25.600000381469727,24.780000686645508,25.5,101264
2024-06-03,25.219999313354492,25.540000915527344,25.219999313354492,25.5,52167
2024-06-04,25.360000610351562,25.479999542236328,24.84000015258789,24.940000534057617,96083
2024-06-05,24.940000534057617,25.579999923706055,24.899999618530273,25.479999542236328,40985
2024-06-06,25.479999542236328,25.579999923706055,25.18000030517578,25.239999771118164,38745
2024-06-07,25.200000762939453,25.579999923706055,25.139999389648438,25.420000076293945,39743
2024-06-10,25.299999237060547,25.559999465942383,24.959999084472656,25.520000457763672,44435
2024-06-11,25.459999084472656,25.600000381469727,25.219999313354492,25.5,44810
2024-06-12,25.5,25.979999542236328,25.440000534057617,25.979999542236328,74336
2024-06-13,26.020000457763672,26.260000228881836,25.6200008392334,25.959999084472656,77159
2024-06-14,25.020000457763672,25.280000686645508,24.799999237060547,24.940000534057617,63014
2024-06-17,24.739999771118164,25.100000381469727,24.700000762939453,25.040000915527344,36352
2024-06-18,25.0,25.260000228881836,24.899999618530273,25.079999923706055,37015
2024-06-19,24.84000015258789,25.079999923706055,24.700000762939453,24.719999313354492,47503
2024-06-20,24.739999771118164,24.940000534057617,24.540000915527344,24.780000686645508,57696
2024-06-21,24.700000762939453,24.920000076293945,24.260000228881836,24.260000228881836,83673
2024-06-24,24.260000228881836,24.579999923706055,24.260000228881836,24.299999237060547,50674
2024-06-25,24.299999237060547,24.65999984741211,24.200000762939453,24.239999771118164,78679
2024-06-26,24.260000228881836,24.399999618530273,24.059999465942383,24.139999389648438,43741
2024-06-27,24.100000381469727,24.299999237060547,24.079999923706055,24.299999237060547,25225
2024-06-28,24.299999237060547,25.1200008392334,24.239999771118164,25.0,102062
2024-07-01,25.100000381469727,25.139999389648438,24.479999542236328,24.5,59418
2024-07-02,24.6200008392334,24.68000030517578,24.0,24.079999923706055,79960
2024-07-03,24.200000762939453,24.200000762939453,23.84000015258789,23.860000610351562,84566
2024-07-04,23.920000076293945,23.940000534057617,23.219999313354492,23.600000381469727,136167
2024-07-05,23.639999389648438,24.059999465942383,23.200000762939453,23.600000381469727,87153
2024-07-08,23.700000762939453,24.239999771118164,23.600000381469727,24.0,40916
2024-07-09,24.0,24.200000762939453,23.899999618530273,23.920000076293945,24016
2024-07-10,23.899999618530273,24.139999389648438,23.799999237060547,24.059999465942383,46307
2024-07-11,24.15999984741211,24.200000762939453,23.899999618530273,24.020000457763672,44122
2024-07-12,24.020000457763672,24.100000381469727,23.84000015258789,23.899999618530273,55197
2024-07-15,23.899999618530273,24.5,23.459999084472656,23.65999984741211,84825
2024-07-16,23.65999984741211,23.8799991607666,23.020000457763672,23.200000762939453,89175
2024-07-17,23.260000228881836,23.540000915527344,22.979999542236328,22.979999542236328,80051
2024-07-18,23.0,24.200000762939453,22.6200008392334,24.200000762939453,90117
2024-07-19,24.200000762939453,24.200000762939453,23.520000457763672,23.559999465942383,39583
2024-07-22,23.100000381469727,23.100000381469727,21.739999771118164,21.899999618530273,379277
2024-07-23,21.899999618530273,22.479999542236328,21.8799991607666,22.239999771118164,73868
2024-07-24,22.239999771118164,22.239999771118164,21.739999771118164,21.799999237060547,122135
2024-07-25,21.700000762939453,21.799999237060547,21.520000457763672,21.68000030517578,72431
2024-07-26,21.700000762939453,22.0,21.68000030517578,21.860000610351562,52653
2024-07-29,21.799999237060547,21.979999542236328,21.65999984741211,21.65999984741211,37922
2024-07-30,21.780000686645508,21.860000610351562,21.65999984741211,21.780000686645508,45062
2024-07-31,21.8799991607666,21.979999542236328,21.68000030517578,21.979999542236328,33454
2024-08-01,21.899999618530273,22.100000381469727,21.65999984741211,21.68000030517578,35603
2024-08-02,21.639999389648438,21.979999542236328,21.280000686645508,21.600000381469727,47820
2024-08-05,21.100000381469727,21.200000762939453,20.260000228881836,21.0,163175
2024-08-06,21.200000762939453,21.5,20.520000457763672,20.600000381469727,62879
2024-08-07,20.5,21.280000686645508,20.399999618530273,20.959999084472656,70337
2024-08-08,19.489999771118164,19.729999542236328,19.010000228881836,19.549999237060547,450780
2024-08-09,19.559999465942383,20.280000686645508,19.549999237060547,19.920000076293945,101366
2024-08-12,20.0,20.399999618530273,20.0,20.1200008392334,43442
2024-08-13,20.200000762939453,20.239999771118164,19.56999969482422,19.979999542236328,48067
2024-08-14,19.979999542236328,20.100000381469727,19.709999084472656,19.90999984741211,31256
2024-08-16,20.0,20.65999984741211,19.899999618530273,20.559999465942383,49581
2024-08-19,20.559999465942383,20.559999465942383,20.100000381469727,20.100000381469727,33919
2024-08-20,20.219999313354492,20.299999237060547,19.8700008392334,20.079999923706055,32935
2024-08-21,20.100000381469727,20.280000686645508,19.68000030517578,20.100000381469727,40316
2024-08-22,20.100000381469727,21.18000030517578,20.100000381469727,20.899999618530273,127497
2024-08-23,20.920000076293945,20.940000534057617,20.420000076293945,20.84000015258789,50962
2024-08-26,20.6200008392334,20.899999618530273,20.600000381469727,20.719999313354492,13807
2024-08-27,20.719999313354492,20.920000076293945,20.6200008392334,20.81999969482422,30535
2024-08-28,20.799999237060547,20.799999237060547,20.3799991607666,20.639999389648438,31842
2024-08-29,20.459999084472656,20.8799991607666,20.459999084472656,20.719999313354492,14876
2024-08-30,20.700000762939453,20.719999313354492,20.440000534057617,20.6200008392334,22702
2024-09-02,20.520000457763672,21.079999923706055,20.420000076293945,20.8799991607666,65216
2024-09-03,21.079999923706055,21.479999542236328,20.799999237060547,21.100000381469727,40079
2024-09-04,20.979999542236328,20.979999542236328,20.280000686645508,20.31999969482422,80420
2024-09-05,20.5,20.65999984741211,20.219999313354492,20.219999313354492,29134
2024-09-06,20.3799991607666,20.559999465942383,20.040000915527344,20.100000381469727,23952
2024-09-09,20.040000915527344,20.459999084472656,19.950000762939453,20.059999465942383,36365
2024-09-10,20.200000762939453,20.360000610351562,19.770000457763672,19.979999542236328,48277
2024-09-11,19.90999984741211,20.260000228881836,19.579999923706055,19.81999969482422,41989
2024-09-12,19.920000076293945,20.3799991607666,19.920000076293945,20.260000228881836,20433
2024-09-13,20.260000228881836,20.780000686645508,20.079999923706055,20.780000686645508,22953
2024-09-16,20.860000610351562,20.860000610351562,20.15999984741211,20.200000762939453,17622
2024-09-17,20.040000915527344,20.84000015258789,20.040000915527344,20.65999984741211,17666
2024-09-18,20.600000381469727,20.8799991607666,20.540000915527344,20.700000762939453,28228
2024-09-19,20.520000457763672,20.920000076293945,20.399999618530273,20.719999313354492,22869
2024-09-20,20.719999313354492,20.719999313354492,20.020000457763672,20.020000457763672,23290
2024-09-23,20.200000762939453,20.399999618530273,19.729999542236328,20.18000030517578,38332
2024-09-24,20.1200008392334,20.139999389648438,19.75,19.950000762939453,44050
2024-09-25,19.799999237060547,20.139999389648438,19.760000228881836,20.100000381469727,43302
2024-09-26,19.920000076293945,20.200000762939453,19.81999969482422,20.079999923706055,33519
2024-09-27,20.079999923706055,20.600000381469727,20.059999465942383,20.579999923706055,28713
2024-09-30,20.579999923706055,20.600000381469727,20.079999923706055,20.200000762939453,19450
2024-10-01,20.219999313354492,20.579999923706055,20.0,20.100000381469727,55697
2024-10-02,20.100000381469727,20.219999313354492,19.940000534057617,20.139999389648438,17639
2024-10-03,20.139999389648438,20.139999389648438,19.719999313354492,19.770000457763672,37300
2024-10-04,19.780000686645508,20.100000381469727,19.770000457763672,20.0,36125
2024-10-07,20.0,20.139999389648438,19.610000610351562,19.799999237060547,31464
2024-10-08,19.739999771118164,19.969999313354492,19.1299991607666,19.969999313354492,64126
2024-10-09,19.969999313354492,20.200000762939453,19.809999465942383,20.0,37527
2024-10-10,20.0,20.040000915527344,19.239999771118164,19.799999237060547,33808
2024-10-11,19.459999084472656,19.790000915527344,19.459999084472656,19.56999969482422,19305
2024-10-14,19.56999969482422,19.799999237060547,19.1200008392334,19.1200008392334,54819
2024-10-15,19.1200008392334,19.350000381469727,19.110000610351562,19.139999389648438,50587
2024-10-16,19.1299991607666,19.34000015258789,19.1299991607666,19.260000228881836,57557
2024-10-17,19.260000228881836,19.670000076293945,19.15999984741211,19.200000762939453,35201
2024-10-18,19.399999618530273,19.979999542236328,19.360000610351562,19.899999618530273,42894
2024-10-21,19.950000762939453,20.15999984741211,19.5,19.559999465942383,65313
2024-10-22,19.469999313354492,19.469999313354492,18.420000076293945,18.469999313354492,257715
2024-10-23,18.469999313354492,18.790000915527344,18.43000030517578,18.579999923706055,111777
2024-10-24,18.6200008392334,19.059999465942383,18.540000915527344,18.850000381469727,108067
2024-10-25,19.0,19.110000610351562,18.93000030517578,19.0,53350
2024-10-28,19.0,19.329999923706055,18.920000076293945,19.0,75777
2024-10-29,18.989999771118164,19.299999237060547,18.899999618530273,18.899999618530273,52327
2024-10-30,18.899999618530273,19.09000015258789,18.450000762939453,18.530000686645508,72819
2024-10-31,18.719999313354492,18.719999313354492,18.040000915527344,18.200000762939453,91779
2024-11-04,18.200000762939453,18.3700008392334,18.040000915527344,18.040000915527344,46417
2024-11-05,18.110000610351562,18.600000381469727,18.100000381469727,18.34000015258789,99706
2024-11-06,18.34000015258789,19.5,18.34000015258789,18.520000457763672,238730
2024-11-07,18.5,19.0,18.1200008392334,18.610000610351562,135843
2024-11-08,18.84000015258789,19.200000762939453,18.700000762939453,18.899999618530273,104127
2024-11-12,19.0,19.200000762939453,18.799999237060547,19.0,96311
2024-11-13,19.100000381469727,19.25,18.440000534057617,18.68000030517578,141276
2024-11-14,18.65999984741211,18.65999984741211,18.309999465942383,18.5,117342
2024-11-15,18.5,18.739999771118164,18.40999984741211,18.5,53957
2024-11-18,18.510000228881836,18.799999237060547,18.399999618530273,18.459999084472656,104327
2024-11-19,18.459999084472656,18.600000381469727,17.899999618530273,18.209999084472656,140260
2024-11-20,18.209999084472656,18.59000015258789,18.209999084472656,18.3700008392334,42362
2024-11-21,18.3700008392334,18.670000076293945,18.25,18.5,80843
2024-11-22,17.989999771118164,18.0,17.010000228881836,17.68000030517578,130262
2024-11-25,17.719999313354492,18.420000076293945,17.719999313354492,18.040000915527344,83206
2024-11-26,18.280000686645508,18.280000686645508,17.610000610351562,17.68000030517578,57905
2024-11-27,17.700000762939453,17.940000534057617,17.56999969482422,17.6299991607666,26982
2024-11-28,17.59000015258789,17.690000534057617,17.31999969482422,17.5,42033
2024-11-29,17.5,17.75,17.3700008392334,17.579999923706055,20410
2024-12-02,17.75,17.790000915527344,17.3799991607666,17.5,69776
2024-12-03,17.690000534057617,17.690000534057617,17.329999923706055,17.350000381469727,51347
2024-12-04,17.31999969482422,17.899999618530273,17.290000915527344,17.799999237060547,119328
2024-12-05,17.799999237060547,17.899999618530273,17.549999237060547,17.899999618530273,102595
2024-12-06,17.889999389648438,18.09000015258789,17.610000610351562,17.729999542236328,122768
2024-12-09,17.729999542236328,17.889999389648438,17.6200008392334,17.850000381469727,148167
2024-12-10,17.850000381469727,17.8700008392334,17.600000381469727,17.670000076293945,79232
2024-12-11,17.670000076293945,17.700000762939453,17.479999542236328,17.530000686645508,84964
2024-12-12,17.649999618530273,17.68000030517578,17.200000762939453,17.399999618530273,93820
2024-12-13,17.260000228881836,17.290000915527344,17.020000457763672,17.1200008392334,99579
2024-12-16,17.1299991607666,17.200000762939453,16.600000381469727,16.809999465942383,215129
2024-12-17,16.799999237060547,17.09000015258789,16.600000381469727,16.670000076293945,145047
2024-12-18,16.670000076293945,16.799999237060547,16.5,16.780000686645508,127920
2024-12-19,16.559999465942383,16.760000228881836,16.440000534057617,16.65999984741211,169958
2024-12-20,16.700000762939453,17.0,16.350000381469727,17.0,194970
2024-12-23,17.079999923706055,18.399999618530273,17.079999923706055,17.829999923706055,431919
2024-12-27,18.0,18.950000762939453,17.850000381469727,18.600000381469727,195185
2024-12-30,18.600000381469727,18.780000686645508,18.350000381469727,18.469999313354492,130679
2025-01-02,18.399999618530273,18.59000015258789,18.040000915527344,18.200000762939453,102904
2025-01-03,18.229999542236328,18.739999771118164,18.170000076293945,18.549999237060547,94445
2025-01-07,18.799999237060547,18.84000015258789,18.200000762939453,18.290000915527344,94179
2025-01-08,18.510000228881836,18.75,18.149999618530273,18.700000762939453,145377
2025-01-09,18.700000762939453,18.709999084472656,18.3700008392334,18.600000381469727,193033
2025-01-10,18.649999618530273,18.649999618530273,18.219999313354492,18.459999084472656,136596
2025-01-13,18.450000762939453,18.450000762939453,17.75,17.799999237060547,152823
2025-01-14,17.8799991607666,18.059999465942383,17.540000915527344,17.68000030517578,76116
2025-01-15,17.700000762939453,18.399999618530273,17.6299991607666,18.229999542236328,119817
2025-01-16,18.280000686645508,18.600000381469727,18.020000457763672,18.110000610351562,61042
2025-01-17,18.110000610351562,18.6299991607666,18.049999237060547,18.34000015258789,110346
2025-01-20,18.399999618530273,18.84000015258789,18.239999771118164,18.700000762939453,135888
2025-01-21,18.75,19.290000915527344,18.719999313354492,19.139999389648438,165329
2025-01-22,20.5,20.979999542236328,19.649999618530273,20.020000457763672,1115613
2025-01-23,20.280000686645508,20.899999618530273,20.18000030517578,20.420000076293945,269973
2025-01-24,20.799999237060547,21.5,20.459999084472656,21.5,236252
2025-01-27,21.5,21.5,20.760000228881836,21.0,140080
2025-01-28,20.979999542236328,21.700000762939453,20.920000076293945,21.65999984741211,114098
2025-01-29,21.700000762939453,22.18000030517578,21.5,21.5,118733
2025-01-30,21.5,21.8799991607666,21.5,21.760000228881836,42971
2025-01-31,21.799999237060547,22.18000030517578,21.5,22.15999984741211,140101
2025-02-03,21.899999618530273,21.920000076293945,21.1200008392334,21.700000762939453,144174
2025-02-04,21.84000015258789,22.440000534057617,21.700000762939453,22.31999969482422,120576
2025-02-05,22.420000076293945,22.440000534057617,21.920000076293945,21.940000534057617,98671
2025-02-06,22.100000381469727,22.31999969482422,21.600000381469727,21.899999618530273,117404
2025-02-07,21.920000076293945,22.0,21.68000030517578,21.739999771118164,53306
2025-02-10,21.84000015258789,22.65999984741211,21.799999237060547,22.65999984741211,122369
2025-02-11,22.719999313354492,23.440000534057617,22.700000762939453,23.15999984741211,171482
2025-02-12,23.479999542236328,24.459999084472656,23.280000686645508,23.65999984741211,305570
2025-02-13,23.979999542236328,24.1200008392334,23.399999618530273,23.600000381469727,148470
2025-02-14,23.579999923706055,23.719999313354492,23.219999313354492,23.520000457763672,66358
2025-02-17,23.639999389648438,23.959999084472656,23.420000076293945,23.540000915527344,80465
2025-02-18,23.68000030517578,24.219999313354492,23.459999084472656,24.100000381469727,84464
2025-02-19,24.040000915527344,24.299999237060547,23.299999237060547,23.299999237060547,108366
2025-02-20,23.34000015258789,23.520000457763672,22.219999313354492,23.239999771118164,114243
2025-02-21,23.399999618530273,23.780000686645508,23.299999237060547,23.420000076293945,46208
2025-02-24,22.5,23.34000015258789,22.280000686645508,22.600000381469727,320012
2025-02-25,22.31999969482422,22.920000076293945,22.219999313354492,22.34000015258789,60813
2025-02-26,22.360000610351562,22.799999237060547,22.260000228881836,22.799999237060547,62647
2025-02-27,22.899999618530273,23.81999969482422,22.65999984741211,23.639999389648438,174914
2025-02-28,23.600000381469727,23.860000610351562,23.299999237060547,23.600000381469727,123116
2025-03-03,23.780000686645508,23.959999084472656,23.1200008392334,23.5,78526
2025-03-04,23.18000030517578,23.280000686645508,22.719999313354492,22.719999313354492,189308
2025-03-05,22.860000610351562,23.399999618530273,22.860000610351562,23.299999237060547,39082
2025-03-06,23.299999237060547,23.799999237060547,23.1200008392334,23.6200008392334,74467
2025-03-07,23.459999084472656,23.65999984741211,23.31999969482422,23.639999389648438,35303
2025-03-10,23.6200008392334,23.920000076293945,23.0,23.760000228881836,109400
2025-03-11,23.399999618530273,23.84000015258789,23.239999771118164,23.239999771118164,56194
2025-03-12,23.299999237060547,23.860000610351562,23.299999237060547,23.600000381469727,54434
2025-03-13,23.68000030517578,23.860000610351562,23.31999969482422,23.780000686645508,68446
2025-03-14,23.81999969482422,24.65999984741211,23.600000381469727,24.479999542236328,215960
2025-03-17,24.5,25.600000381469727,24.399999618530273,25.360000610351562,213707
2025-03-18,25.68000030517578,26.479999542236328,25.5,26.040000915527344,446810
2025-03-19,26.0,26.0,25.1200008392334,25.200000762939453,149022
2025-03-20,25.459999084472656,25.700000762939453,25.059999465942383,25.18000030517578,101837
2025-03-21,25.440000534057617,26.040000915527344,25.200000762939453,25.899999618530273,215254
2025-03-24,25.799999237060547,26.719999313354492,25.719999313354492,26.34000015258789,180605
2025-03-25,26.799999237060547,27.8799991607666,26.440000534057617,27.3799991607666,570306
2025-03-26,27.299999237060547,27.479999542236328,26.6200008392334,27.18000030517578,260173
2025-03-27,27.200000762939453,27.360000610351562,26.700000762939453,26.799999237060547,213774
2025-03-28,26.799999237060547,26.979999542236328,26.360000610351562,26.700000762939453,158300
2025-03-31,26.579999923706055,26.639999389648438,25.84000015258789,25.84000015258789,285974
2025-04-01,25.84000015258789,26.639999389648438,25.84000015258789,26.399999618530273,117403
2025-04-02,26.3799991607666,26.399999618530273,25.920000076293945,26.0,163384
2025-04-03,25.799999237060547,25.940000534057617,25.399999618530273,25.600000381469727,162782
2025-04-04,25.0,25.040000915527344,23.600000381469727,24.1200008392334,485528
2025-04-07,22.0,23.5,19.799999237060547,23.040000915527344,398920
2025-04-08,23.5,23.739999771118164,22.600000381469727,23.18000030517578,133272
2025-04-09,22.299999237060547,22.799999237060547,21.040000915527344,21.1200008392334,478865
2025-04-10,24.479999542236328,24.899999618530273,22.799999237060547,22.8799991607666,434668
2025-04-11,22.84000015258789,23.079999923706055,22.420000076293945,22.479999542236328,99829
2025-04-14,23.5,24.280000686645508,23.34000015258789,24.079999923706055,163733
2025-04-15,24.18000030517578,24.760000228881836,23.65999984741211,23.940000534057617,69141
2025-04-16,23.860000610351562,24.200000762939453,23.5,24.0,39921
2025-04-17,24.0,24.139999389648438,23.639999389648438,23.84000015258789,49266
2025-04-22,23.959999084472656,25.0,23.920000076293945,24.860000610351562,98944
2025-04-23,25.18000030517578,25.860000610351562,25.0,25.799999237060547,130103
2025-04-24,25.799999237060547,26.6200008392334,25.5,26.6200008392334,176624
2025-04-25,26.700000762939453,26.81999969482422,26.18000030517578,26.399999618530273,90557
2025-04-28,26.579999923706055,26.81999969482422,26.219999313354492,26.3799991607666,62413
2025-04-29,26.5,26.739999771118164,26.399999618530273,26.600000381469727,38740
2025-04-30,26.600000381469727,26.739999771118164,25.799999237060547,26.0,135818
2025-05-02,25.700000762939453,27.100000381469727,25.639999389648438,26.68000030517578,97318
2025-05-05,26.739999771118164,27.040000915527344,26.559999465942383,27.0,62259
2025-05-06,27.0,27.0,26.479999542236328,26.799999237060547,70210
2025-05-07,26.979999542236328,26.979999542236328,26.600000381469727,26.84000015258789,36607
2025-05-08,23.260000228881836,24.600000381469727,22.780000686645508,24.020000457763672,810066
2025-05-09,24.020000457763672,24.34000015258789,23.260000228881836,23.399999618530273,456796
2025-05-12,23.5,24.020000457763672,23.5,23.860000610351562,178820
2025-05-13,24.0,24.079999923706055,23.639999389648438,24.020000457763672,178618
2025-05-14,24.100000381469727,24.559999465942383,24.100000381469727,24.559999465942383,190063
2025-05-15,24.479999542236328,24.68000030517578,24.200000762939453,24.479999542236328,144446
2025-05-16,23.639999389648438,23.959999084472656,23.639999389648438,23.8799991607666,85976
2025-05-19,24.0,24.31999969482422,23.799999237060547,23.899999618530273,68939
2025-05-20,23.899999618530273,23.979999542236328,23.420000076293945,23.459999084472656,65170
2025-05-21,23.899999618530273,23.899999618530273,22.860000610351562,23.31999969482422,94382
2025-05-22,24.31999969482422,24.65999984741211,23.81999969482422,24.600000381469727,356223
2025-05-23,24.600000381469727,24.860000610351562,23.760000228881836,24.200000762939453,167576
2025-05-26,24.31999969482422,24.540000915527344,23.81999969482422,23.920000076293945,95690
2025-05-27,23.920000076293945,24.100000381469727,23.780000686645508,23.81999969482422,41994
2025-05-28,23.899999618530273,24.18000030517578,23.639999389648438,23.799999237060547,98718
2025-05-29,23.799999237060547,23.799999237060547,23.040000915527344,23.1200008392334,111824
2025-05-30,23.0,23.15999984741211,22.579999923706055,22.959999084472656,124130
2025-06-02,22.68000030517578,22.979999542236328,22.459999084472656,22.899999618530273,55044
2025-06-03,22.780000686645508,23.0,22.399999618530273,22.920000076293945,79749
2025-06-04,22.600000381469727,22.799999237060547,22.100000381469727,22.440000534057617,151690
2025-06-05,22.5,22.68000030517578,22.399999618530273,22.399999618530273,61890
2025-06-06,22.65999984741211,22.760000228881836,22.139999389648438,22.399999618530273,69875
2025-06-09,22.440000534057617,22.739999771118164,22.31999969482422,22.739999771118164,143050
2025-06-10,22.780000686645508,22.780000686645508,22.34000015258789,22.420000076293945,86410
2025-06-11,22.5,22.5,22.040000915527344,22.18000030517578,98870
2025-06-12,22.299999237060547,22.399999618530273,21.760000228881836,22.18000030517578,104611
2025-06-13,22.020000457763672,22.299999237060547,21.799999237060547,22.239999771118164,123217
2025-06-16,22.299999237060547,22.579999923706055,21.920000076293945,21.920000076293945,114764
2025-06-17,21.979999542236328,22.200000762939453,21.639999389648438,21.799999237060547,60116
2025-06-18,21.799999237060547,21.959999084472656,21.280000686645508,21.360000610351562,100179
2025-06-20,21.5,21.719999313354492,21.280000686645508,21.280000686645508,70381
2025-06-23,23.239999771118164,23.479999542236328,22.65999984741211,23.020000457763672,523669
2025-06-24,23.299999237060547,23.719999313354492,23.1200008392334,23.299999237060547,160146
2025-06-25,23.5,23.6200008392334,23.200000762939453,23.299999237060547,79248
2025-06-26,23.979999542236328,24.479999542236328,23.739999771118164,24.399999618530273,434661
2025-06-27,24.399999618530273,25.040000915527344,24.079999923706055,24.899999618530273,171454
2025-06-30,24.899999618530273,24.959999084472656,24.5,24.540000915527344,75455
2025-07-01,24.81999969482422,25.31999969482422,24.65999984741211,25.020000457763672,193740
2025-07-02,25.040000915527344,25.479999542236328,25.0,25.0,148478
2025-07-03,25.0,26.31999969482422,25.0,26.31999969482422,232243
2025-07-04,26.399999618530273,26.600000381469727,25.899999618530273,26.0,120087
2025-07-07,26.0,26.200000762939453,25.65999984741211,25.81999969482422,127583
2025-07-08,25.81999969482422,26.940000534057617,25.799999237060547,26.6200008392334,167723
2025-07-09,26.899999618530273,26.899999618530273,26.299999237060547,26.299999237060547,65469
2025-07-10,26.280000686645508,26.459999084472656,25.84000015258789,26.0,50179
2025-07-11,25.899999618530273,25.959999084472656,25.440000534057617,25.739999771118164,67656
2025-07-14,25.700000762939453,25.799999237060547,25.5,25.6200008392334,28146
2025-07-15,25.799999237060547,26.399999618530273,25.700000762939453,25.719999313354492,65005
2025-07-16,25.700000762939453,26.200000762939453,25.639999389648438,26.040000915527344,40613
2025-07-17,26.059999465942383,26.459999084472656,25.940000534057617,26.299999237060547,66962
2025-07-18,26.600000381469727,27.299999237060547,26.600000381469727,27.299999237060547,290874
2025-07-21,27.399999618530273,27.799999237060547,27.399999618530273,27.68000030517578,135231
2025-07-22,28.700000762939453,29.799999237060547,28.639999389648438,29.700000762939453,534974
2025-07-23,29.700000762939453,29.700000762939453,28.899999618530273,29.040000915527344,164555
2025-07-24,29.0,29.0,28.239999771118164,28.579999923706055,161209
2025-07-25,28.739999771118164,29.239999771118164,28.139999389648438,28.200000762939453,114255
2025-07-28,28.299999237060547,28.739999771118164,27.739999771118164,28.040000915527344,96080
2025-07-29,28.059999465942383,28.31999969482422,27.760000228881836,27.799999237060547,115876
2025-07-30,27.799999237060547,28.15999984741211,27.559999465942383,27.719999313354492,87722
2025-07-31,27.719999313354492,27.979999542236328,27.260000228881836,27.360000610351562,56508
2025-08-01,27.360000610351562,27.600000381469727,26.799999237060547,27.0,154360
2025-08-04,27.18000030517578,28.34000015258789,27.0,28.200000762939453,116052
2025-08-05,28.200000762939453,28.440000534057617,27.81999969482422,27.860000610351562,95870
2025-08-06,27.959999084472656,29.059999465942383,27.959999084472656,28.559999465942383,133950
2025-08-07,27.899999618530273,28.34000015258789,27.0,27.760000228881836,252325
2025-08-08,27.860000610351562,28.780000686645508,27.860000610351562,28.579999923706055,152414
2025-08-11,28.799999237060547,29.280000686645508,28.399999618530273,28.600000381469727,87866
2025-08-12,28.600000381469727,29.139999389648438,28.399999618530273,28.700000762939453,102275
2025-08-13,28.700000762939453,28.959999084472656,28.540000915527344,28.799999237060547,72361
2025-08-14,28.799999237060547,28.799999237060547,27.959999084472656,28.3799991607666,58857
2025-08-18,28.3799991607666,28.399999618530273,27.8799991607666,28.020000457763672,36783
2025-08-19,28.020000457763672,28.739999771118164,28.020000457763672,28.700000762939453,46924
2025-08-20,28.459999084472656,28.600000381469727,28.139999389648438,28.360000610351562,35837
2025-08-21,28.639999389648438,28.700000762939453,27.520000457763672,27.979999542236328,128382
2025-08-22,28.299999237060547,28.299999237060547,27.5,27.760000228881836,45110
2025-08-25,28.1200008392334,28.1200008392334,27.579999923706055,27.68000030517578,53040
2025-08-26,27.6200008392334,27.68000030517578,27.299999237060547,27.31999969482422,68944
2025-08-27,27.200000762939453,27.31999969482422,26.639999389648438,26.799999237060547,106289
2025-08-28,27.0,27.239999771118164,26.719999313354492,27.020000457763672,46379
2025-08-29,27.18000030517578,27.280000686645508,26.719999313354492,26.84000015258789,41726
2025-09-01,27.0,27.079999923706055,26.040000915527344,26.31999969482422,121950
2025-09-02,26.559999465942383,26.799999237060547,26.31999969482422,26.540000915527344,34989
2025-09-03,27.399999618530273,27.700000762939453,26.899999618530273,27.200000762939453,100653
2025-09-04,27.399999618530273,27.600000381469727,27.0,27.600000381469727,94202
2025-09-05,27.760000228881836,28.15999984741211,27.540000915527344,27.540000915527344,120831
2025-09-08,27.979999542236328,28.100000381469727,27.719999313354492,28.100000381469727,75926
2025-09-09,28.100000381469727,28.100000381469727,27.579999923706055,27.81999969482422,35861
2025-09-10,27.600000381469727,27.600000381469727,26.959999084472656,27.100000381469727,97531
2025-09-11,27.079999923706055,27.739999771118164,26.799999237060547,27.65999984741211,82992
2025-09-12,27.639999389648438,27.700000762939453,27.200000762939453,27.459999084472656,41194
2025-09-15,27.719999313354492,27.940000534057617,27.459999084472656,27.700000762939453,57923
2025-09-16,27.68000030517578,27.799999237060547,27.200000762939453,27.219999313354492,37523
2025-09-17,27.219999313354492,27.540000915527344,27.059999465942383,27.280000686645508,32623
2025-09-18,27.280000686645508,27.559999465942383,27.139999389648438,27.559999465942383,25153
2025-09-19,27.579999923706055,27.84000015258789,27.15999984741211,27.399999618530273,88869
2025-09-22,28.280000686645508,28.579999923706055,27.579999923706055,27.780000686645508,118767
2025-09-23,27.780000686645508,28.139999389648438,27.600000381469727,27.780000686645508,64644
2025-09-24,27.920000076293945,27.920000076293945,27.34000015258789,27.719999313354492,36086
2025-09-25,27.719999313354492,27.799999237060547,27.020000457763672,27.68000030517578,70846
2025-09-26,27.200000762939453,27.459999084472656,27.059999465942383,27.100000381469727,34907
2025-09-29,27.219999313354492,27.360000610351562,27.0,27.020000457763672,22755
2025-09-30,27.200000762939453,27.200000762939453,26.6200008392334,27.100000381469727,57005
2025-10-01,27.200000762939453,27.479999542236328,26.979999542236328,27.200000762939453,46049
2025-10-02,27.399999618530273,27.559999465942383,27.239999771118164,27.260000228881836,27783
2025-10-03,27.399999618530273,27.520000457763672,27.200000762939453,27.299999237060547,15574
2025-10-06,27.299999237060547,27.799999237060547,27.100000381469727,27.799999237060547,66616
2025-10-07,27.799999237060547,27.799999237060547,27.31999969482422,27.65999984741211,28997
2025-10-08,27.739999771118164,28.0,27.420000076293945,28.0,75092
2025-10-09,27.979999542236328,28.040000915527344,27.459999084472656,27.479999542236328,64143
2025-10-10,27.479999542236328,27.799999237060547,27.459999084472656,27.600000381469727,20869
2025-10-13,27.399999618530273,27.639999389648438,27.239999771118164,27.600000381469727,39863
2025-10-14,27.239999771118164,27.3799991607666,26.799999237060547,26.920000076293945,72507
2025-10-15,26.899999618530273,27.18000030517578,26.899999618530273,27.100000381469727,28451
2025-10-16,27.079999923706055,27.260000228881836,26.899999618530273,27.100000381469727,61158
2025-10-17,27.100000381469727,27.5,26.65999984741211,27.5,57464
2025-10-20,27.399999618530273,27.81999969482422,27.239999771118164,27.799999237060547,59301
2025-10-21,28.0,28.579999923706055,27.65999984741211,28.399999618530273,268392
2025-10-22,28.399999618530273,28.600000381469727,28.100000381469727,28.34000015258789,83820
2025-10-23,28.600000381469727,29.420000076293945,28.219999313354492,29.360000610351562,246886
2025-10-24,29.399999618530273,29.420000076293945,28.780000686645508,29.0,84424
2025-10-27,29.15999984741211,29.3799991607666,28.860000610351562,29.0,45128
2025-10-28,29.219999313354492,29.34000015258789,28.700000762939453,29.219999313354492,76013
2025-10-29,29.299999237060547,30.420000076293945,29.219999313354492,29.899999618530273,353903
2025-10-30,29.899999618530273,30.15999984741211,29.600000381469727,29.780000686645508,42790
2025-10-31,29.959999084472656,30.059999465942383,29.540000915527344,29.81999969482422,53833
2025-11-03,29.959999084472656,30.700000762939453,29.81999969482422,30.139999389648438,168964
2025-11-04,30.1200008392334,30.139999389648438,29.360000610351562,29.600000381469727,113420
2025-11-05,29.5,29.65999984741211,29.260000228881836,29.6200008392334,53335
2025-11-06,29.899999618530273,30.0,28.719999313354492,29.219999313354492,144363
2025-11-07,29.399999618530273,29.559999465942383,28.700000762939453,28.8799991607666,91796
2025-11-10,29.0,29.34000015258789,28.760000228881836,28.8799991607666,80219
2025-11-12,29.0,29.0,28.6200008392334,28.739999771118164,74073
2025-11-13,28.739999771118164,29.059999465942383,28.700000762939453,28.8799991607666,80118
2025-11-14,28.200000762939453,28.360000610351562,27.31999969482422,27.31999969482422,176424
2025-11-17,27.360000610351562,28.239999771118164,27.360000610351562,27.6200008392334,71861
2025-11-18,27.5,27.639999389648438,27.1200008392334,27.260000228881836,85223
2025-11-19,27.280000686645508,27.68000030517578,27.200000762939453,27.3799991607666,34951
2025-11-20,27.84000015258789,28.360000610351562,27.84000015258789,28.15999984741211,54230
2025-11-21,28.100000381469727,28.639999389648438,27.799999237060547,28.520000457763672,113337
2025-11-24,28.479999542236328,29.100000381469727,28.420000076293945,28.860000610351562,78052
2025-11-25,28.860000610351562,30.360000610351562,28.6200008392334,29.6200008392334,245930
2025-11-26,29.600000381469727,30.0,29.239999771118164,29.760000228881836,127155
2025-11-27,29.760000228881836,29.8799991607666,29.459999084472656,29.799999237060547,40458
2025-11-28,29.81999969482422,29.899999618530273,29.520000457763672,29.899999618530273,37078
2025-12-01,30.0,30.299999237060547,29.639999389648438,29.65999984741211,88635
2025-12-02,29.65999984741211,29.799999237060547,29.100000381469727,29.559999465942383,73872
2025-12-03,29.600000381469727,29.68000030517578,29.15999984741211,29.600000381469727,29743
2025-12-04,29.600000381469727,29.700000762939453,29.34000015258789,29.68000030517578,30593
2025-12-05,29.700000762939453,29.799999237060547,29.299999237060547,29.299999237060547,32533
2025-12-08,29.360000610351562,30.0,29.360000610351562,29.81999969482422,45199
2025-12-09,29.799999237060547,29.81999969482422,29.5,29.780000686645508,28628
2025-12-10,29.959999084472656,30.0,29.540000915527344,29.68000030517578,68644
2025-12-11,29.84000015258789,29.8799991607666,29.479999542236328,29.68000030517578,41678
2025-12-12,29.65999984741211,30.360000610351562,29.479999542236328,30.15999984741211,100329
2025-12-15,30.200000762939453,30.239999771118164,29.65999984741211,30.040000915527344,104121
2025-12-16,30.100000381469727,30.700000762939453,29.979999542236328,30.700000762939453,124998
2025-12-17,30.799999237060547,31.440000534057617,30.6200008392334,31.200000762939453,196653
2025-12-18,31.299999237060547,31.299999237060547,30.84000015258789,30.979999542236328,64799
2025-12-19,31.100000381469727,31.5,30.959999084472656,31.18000030517578,173850
2025-12-22,31.799999237060547,32.13999938964844,31.100000381469727,31.600000381469727,167368
2025-12-23,31.959999084472656,31.979999542236328,31.31999969482422,31.6200008392334,211400
2025-12-29,31.81999969482422,32.900001525878906,31.81999969482422,32.900001525878906,155972
2025-12-30,32.900001525878906,33.119998931884766,32.560001373291016,32.880001068115234,137718
2026-01-02,32.97999954223633,33.20000076293945,32.439998626708984,32.68000030517578,164075
2026-01-05,32.900001525878906,33.79999923706055,31.219999313354492,33.70000076293945,434758
2026-01-07,33.70000076293945,33.79999923706055,32.58000183105469,32.779998779296875,299040
2026-01-08,32.779998779296875,33.060001373291016,32.29999923706055,32.79999923706055,113140
2026-01-09,32.459999084472656,33.900001525878906,32.459999084472656,33.7599983215332,144529
2026-01-12,34.0,34.2400016784668,33.65999984741211,34.2400016784668,108482
2026-01-13,34.279998779296875,34.29999923706055,33.79999923706055,34.220001220703125,74622
2026-01-14,34.279998779296875,34.5,33.459999084472656,34.0,87914
2026-01-15,33.91999816894531,34.15999984741211,33.599998474121094,34.15999984741211,50031
2026-01-16,34.15999984741211,34.439998626708984,33.84000015258789,34.20000076293945,60019
2026-01-19,34.36000061035156,34.5,33.720001220703125,34.439998626708984,112563
2026-01-20,34.47999954223633,34.91999816894531,33.86000061035156,34.86000061035156,133262
2026-01-21,34.86000061035156,35.2400016784668,34.29999923706055,34.97999954223633,155306
2026-01-22,35.959999084472656,37.29999923706055,35.65999984741211,37.2400016784668,383898
2026-01-23,37.2400016784668,37.2400016784668,36.47999954223633,36.81999969482422,81241
2026-01-26,37.0,37.119998931884766,36.70000076293945,37.040000915527344,89208
2026-01-27,37.099998474121094,37.2599983215332,36.959999084472656,37.220001220703125,57730
2026-01-28,37.29999923706055,38.0,37.13999938964844,38.0,154410
2026-01-29,38.0,39.0,38.0,38.20000076293945,166522
2026-01-30,38.5,38.7599983215332,38.13999938964844,38.599998474121094,58138
2026-02-02,38.58000183105469,39.29999923706055,37.84000015258789,39.29999923706055,181483
2026-02-03,39.20000076293945,39.20000076293945,37.36000061035156,38.0,284351
2026-02-04,38.279998779296875,38.29999923706055,37.0,37.720001220703125,423108
2026-02-05,37.720001220703125,37.7599983215332,36.619998931884766,36.81999969482422,187432
2026-02-06,36.599998474121094,37.29999923706055,36.279998779296875,37.29999923706055,107246
2026-02-09,37.400001525878906,38.34000015258789,37.400001525878906,38.15999984741211,91208
2026-02-10,38.279998779296875,38.68000030517578,37.91999816894531,38.0,58703
2026-02-11,38.459999084472656,38.5,37.79999923706055,38.18000030517578,32782
2026-02-12,38.400001525878906,38.400001525878906,37.599998474121094,37.70000076293945,38900
2026-02-13,37.5,37.86000061035156,37.2599983215332,37.5,52588
2026-02-16,37.70000076293945,37.959999084472656,37.18000030517578,37.47999954223633,43199
2026-02-17,37.47999954223633,37.5,36.619998931884766,36.65999984741211,58104
2026-02-18,36.560001373291016,38.18000030517578,36.560001373291016,38.119998931884766,48593
2026-02-19,37.79999923706055,38.31999969482422,37.119998931884766,37.65999984741211,98081
2026-02-20,37.65999984741211,38.400001525878906,36.91999816894531,37.41999816894531,114163
2026-02-23,39.20000076293945,41.0,39.040000915527344,41.0,677172
2026-02-24,40.900001525878906,41.0,39.81999969482422,40.65999984741211,121703
2026-02-25,40.52000045776367,41.0,39.70000076293945,40.040000915527344,143894
2026-02-26,40.20000076293945,42.81999969482422,40.099998474121094,42.5,530324
2026-02-27,42.5,43.060001373291016,41.900001525878906,42.400001525878906,177317
2026-03-02,40.29999923706055,41.79999923706055,39.779998779296875,41.400001525878906,242505
2026-03-03,41.20000076293945,41.20000076293945,39.060001373291016,39.5,319900
2026-03-04,39.47999954223633,42.099998474121094,39.47999954223633,42.0,248775
2026-03-05,42.0,42.560001373291016,40.939998626708984,42.47999954223633,134950
2026-03-06,42.36000061035156,42.36000061035156,40.619998931884766,41.20000076293945,103673
2026-03-09,40.060001373291016,40.41999816894531,39.099998474121094,40.279998779296875,201149
2026-03-10,41.47999954223633,42.29999923706055,40.900001525878906,42.2599983215332,168838
2026-03-11,42.400001525878906,43.060001373291016,41.599998474121094,43.0,166484
2026-03-12,43.0,43.0,41.52000045776367,41.880001068115234,85033
2026-03-13,41.52000045776367,42.58000183105469,41.040000915527344,42.439998626708984,126228
2026-03-16,42.0,43.459999084472656,42.0,42.84000015258789,115499
2026-03-17,42.84000015258789,43.18000030517578,42.02000045776367,43.040000915527344,236128
2026-03-18,42.84000015258789,43.20000076293945,42.060001373291016,42.459999084472656,101355
2026-03-19,42.119998931884766,42.119998931884766,40.880001068115234,41.380001068115234,157617
2026-03-20,41.380001068115234,41.70000076293945,40.29999923706055,40.79999923706055,195314
2026-03-23,41.060001373291016,42.84000015258789,38.68000030517578,42.540000915527344,537478
2026-03-24,42.560001373291016,42.959999084472656,41.29999923706055,42.31999969482422,128127
2026-03-25,42.7400016784668,44.5,42.70000076293945,44.0,323113
2026-03-26,43.81999969482422,43.900001525878906,42.400001525878906,42.400001525878906,116952
2026-03-27,42.47999954223633,42.939998626708984,41.29999923706055,42.040000915527344,99786
2026-03-30,41.63999938964844,43.0,41.220001220703125,42.900001525878906,141867
2026-03-31,42.79999923706055,43.779998779296875,42.439998626708984,43.779998779296875,279059
2026-04-01,43.70000076293945,44.779998779296875,43.400001525878906,44.29999923706055,253464
2026-04-02,44.0,44.380001068115234,43.13999938964844,44.29999923706055,179541
2026-04-07,44.0,45.400001525878906,43.65999984741211,44.5,288656
2026-04-08,45.52000045776367,45.720001220703125,44.68000030517578,45.720001220703125,276492
2026-04-09,45.79999923706055,47.29999923706055,44.36000061035156,47.29999923706055,294585
2026-04-10,47.5,49.400001525878906,47.5,49.400001525878906,306048
2026-04-13,49.400001525878906,49.97999954223633,48.939998626708984,49.5,201540
2026-04-14,50.0,52.849998474121094,50.0,52.349998474121094,461326
2026-04-15,52.04999923706055,54.400001525878906,52.04999923706055,54.349998474121094,341931
2026-04-16,54.5,55.599998474121094,53.849998474121094,55.0,345140
2026-04-17,55.0,59.650001525878906,55.0,59.29999923706055,594467
2026-04-20,58.5,59.79999923706055,57.599998474121094,59.70000076293945,293108
2026-04-21,59.900001525878906,60.25,58.54999923706055,59.5,204916
2026-04-22,60.349998474121094,65.69999694824219,60.349998474121094,65.0,671376
2026-04-23,65.0,65.19999694824219,63.5,64.3499984741211,266094
2026-04-24,64.80000305175781,64.80000305175781,62.0,62.400001525878906,205416
2026-04-27,62.400001525878906,64.75,62.150001525878906,63.5,217338
2026-04-28,63.5,63.5,60.95000076293945,61.70000076293945,224805
2026-04-29,61.54999923706055,64.0999984741211,61.25,63.75,208451
2026-04-30,63.5,64.3499984741211,62.75,64.25,160696
2026-05-04,64.0999984741211,64.80000305175781,62.900001525878906,63.70000076293945,149072
2026-05-05,63.849998474121094,65.69999694824219,62.75,65.55000305175781,209692
2026-05-06,65.8499984741211,67.0,65.0999984741211,66.19999694824219,229516
2026-05-07,70.0,70.8499984741211,65.0999984741211,68.0,464947
2026-05-08,68.0,69.3499984741211,67.8499984741211,68.44999694824219,217355
2026-05-11,69.0,69.5999984741211,68.19999694824219,68.5,202548
2026-05-12,68.5,68.5,65.69999694824219,66.80000305175781,253826
2026-05-13,66.8499984741211,68.5,66.8499984741211,68.5,274940
2026-05-14,68.5,71.5,67.94999694824219,71.0,238477
2026-05-15,69.75,69.75,68.1500015258789,68.80000305175781,309714
2026-05-18,69.0,71.9000015258789,67.6500015258789,70.80000305175781,242216
2026-05-19,71.0,71.0999984741211,67.44999694824219,67.8499984741211,182455
2026-05-20,68.75,71.3499984741211,68.19999694824219,71.0,225335
2026-05-21,71.9000015258789,71.9000015258789,68.69999694824219,68.9000015258789,209959
2026-05-22,69.4000015258789,70.55000305175781,68.4000015258789,70.5,178876
2026-05-25,70.5,70.5,68.25,69.0,157382
2026-05-26,69.0,69.69999694824219,68.44999694824219,69.19999694824219,107970
2026-05-27,69.5999984741211,69.5999984741211,66.0999984741211,66.6500015258789,185818
2026-05-28,66.69999694824219,69.05000305175781,66.5999984741211,68.5,207865
2026-05-29,68.80000305175781,73.5999984741211,68.5999984741211,73.0,353504
2026-06-01,72.8499984741211,76.19999694824219,69.75,76.1500015258789,423588
2026-06-02,76.1500015258789,81.0,75.75,79.9000015258789,456261
2026-06-03,79.94999694824219,84.4000015258789,78.69999694824219,84.0,383475
2026-06-05,83.69999694824219,89.75,82.5,88.69999694824219,644315
2026-06-08,85.19999694824219,89.0,83.69999694824219,88.69999694824219,327451
2026-06-09,89.5,90.8499984741211,87.25,88.80000305175781,394458
2026-06-10,87.75,88.4000015258789,85.5,87.9000015258789,258023
2026-06-11,87.75,88.0999984741211,83.94999694824219,85.19999694824219,314834
2026-06-12,86.44999694824219,87.0,83.19999694824219,86.8499984741211,197605
2026-06-15,88.4000015258789,90.8499984741211,87.6500015258789,89.0,445415
2026-06-16,89.0,89.69999694824219,86.75,88.19999694824219,290698
2026-06-17,89.44999694824219,91.5,85.19999694824219,91.25,386259
2026-06-18,92.0,97.3499984741211,91.8499984741211,97.25,404535
2026-06-19,97.55000305175781,97.5999984741211,93.69999694824219,95.25,331235
2026-06-22,98.0,98.80000305175781,95.5999984741211,98.5,387663
2026-06-23,97.44999694824219,97.44999694824219,94.0,95.0,351562
2026-06-24,95.4000015258789,96.0,90.75,93.30000305175781,336487
2026-06-25,95.0,96.94999694824219,93.1500015258789,95.19999694824219,244015
2026-06-26,94.0,94.80000305175781,92.4000015258789,94.5,117563
2026-06-29,95.75,99.5,94.44999694824219,98.4000015258789,431971
2026-06-30,99.0,99.80000305175781,93.25,98.0,295378
2026-07-01,98.0,99.05000305175781,96.5,98.75,122410
2026-07-02,98.6500015258789,100.69999694824219,95.5999984741211,99.19999694824219,201417
2026-07-03,100.0,106.5,99.55000305175781,106.5,293546
2026-07-06,106.9000015258789,109.80000305175781,103.30000305175781,109.5,258752
2026-07-07,110.0,111.9000015258789,107.0999984741211,107.69999694824219,279691
2026-07-08,108.19999694824219,109.5,106.0999984741211,108.4000015258789,94324
2026-07-09,109.80000305175781,116.0999984741211,109.69999694824219,115.0,213524
2026-07-10,115.5999984741211,115.69999694824219,112.19999694824219,114.0999984741211,158912
2026-07-13,114.0,114.80000305175781,111.30000305175781,114.69999694824219,128113
2026-07-14,114.5999984741211,117.30000305175781,111.19999694824219,116.5999984741211,189662
2026-07-15,116.5,118.30000305175781,115.0999984741211,116.0999984741211,110006
2026-07-16,115.5,117.19999694824219,109.0999984741211,109.30000305175781,364864
2026-07-17,107.0999984741211,108.30000305175781,101.5999984741211,105.30000305175781,480724
2026-07-20,105.0,108.0,103.0,105.9000015258789,208110
2026-07-21,109.19999694824219,110.80000305175781,102.19999694824219,105.0,301718
2026-07-22,102.0,107.80000305175781,97.94999694824219,105.5999984741211,313047
2026-07-23,105.5999984741211,114.5,104.69999694824219,111.80000305175781,342141
2026-07-24,112.0999984741211,114.9000015258789,110.69999694824219,112.0,117439
2026-07-27,112.30000305175781,114.5999984741211,110.80000305175781,112.0,122236
2026-07-28,110.0,111.19999694824219,100.69999694824219,102.0,424498
2026-07-29,102.0,106.0,101.80000305175781,102.4000015258789,199610
2026-07-30,102.80000305175781,106.4000015258789,98.69999694824219,106.0999984741211,268021
2026-07-31,109.0,109.9000015258789,107.0,108.19999694824219,229158
2026-08-03,109.0,114.80000305175781,108.5,109.0999984741211,228345
2026-08-04,111.0,114.0,105.80000305175781,113.0,299327
2026-08-05,114.4000015258789,118.0,113.0999984741211,116.30000305175781,225545
2026-08-06,114.0,114.80000305175781,106.9000015258789,113.0999984741211,797031
2026-08-07,114.5999984741211,120.80000305175781,113.69999694824219,119.9000015258789,506419
2026-08-10,119.5,126.30000305175781,118.0,125.5999984741211,304211
2026-08-11,125.5,125.9000015258789,121.5999984741211,124.0,222489
2026-08-12,124.5,126.0,117.4000015258789,125.19999694824219,489996
2026-08-13,127.5,132.89999389648438,125.30000305175781,131.6999969482422,316025
2026-08-14,132.8000030517578,135.6999969482422,130.0,135.1999969482422,216541
2026-08-17,135.3000030517578,136.0,131.0,131.10000610351562,233431
2026-08-18,130.89999389648438,131.10000610351562,125.80000305175781,127.5,456400
2026-08-19,127.0,132.60000610351562,125.19999694824219,130.0,288488
2026-08-20,130.6999969482422,131.60000610351562,127.4000015258789,130.1999969482422,248140
2026-08-21,131.5,133.8000030517578,128.5,128.60000610351562,239860
2026-08-24,129.1999969482422,135.3000030517578,127.4000015258789,131.39999389648438,250501
2026-08-25,134.10000610351562,136.0,132.5,136.0,237072
2026-08-26,135.8000030517578,135.89999389648438,133.60000610351562,133.89999389648438,180037
2026-08-27,133.3000030517578,139.60000610351562,133.3000030517578,137.5,280310
2026-08-28,138.0,138.10000610351562,133.0,135.5,200130
2026-08-31,135.1999969482422,138.89999389648438,133.10000610351562,133.10000610351562,1184526
2026-09-01,134.1999969482422,134.89999389648438,128.3000030517578,129.39999389648438,243259
2026-09-02,128.3000030517578,137.60000610351562,122.19999694824219,135.60000610351562,488378
2026-09-03,135.60000610351562,136.0,129.89999389648438,131.3000030517578,231051
2026-09-04,132.1999969482422,134.39999389648438,130.10000610351562,132.8000030517578,89516
2026-09-08,139.89999389648438,140.39999389648438,136.6999969482422,137.5,168302
2026-09-09,139.10000610351562,144.0,138.0,143.6999969482422,259581
2026-09-10,143.8000030517578,148.1999969482422,141.89999389648438,144.10000610351562,266225
2026-09-11,144.89999389648438,148.6999969482422,143.3000030517578,148.6999969482422,124197
2026-09-14,146.5,146.5,143.1999969482422,145.0,278501
2026-09-15,145.0,149.6999969482422,145.0,148.6999969482422,308853
2026-09-17,152.6999969482422,156.89999389648438,151.6999969482422,154.39999389648438,173926
2026-09-18,157.1999969482422,166.6999969482422,156.39999389648438,164.1999969482422,554958
