date,open,high,low,close,volume
2021-09-17,6.159999847412109,6.159999847412109,6.119999885559082,6.119999885559082,3252
2021-09-20,6.119999885559082,6.21999979019165,6.0,6.21999979019165,11413
2021-09-21,5.980000019073486,6.21999979019165,5.980000019073486,6.21999979019165,1896
2021-09-22,6.059999942779541,6.199999809265137,5.940000057220459,6.199999809265137,2002
2021-09-23,6.039999961853027,6.179999828338623,5.980000019073486,6.0,6290
2021-09-24,5.980000019073486,6.199999809265137,5.960000038146973,6.199999809265137,13803
2021-09-27,6.199999809265137,6.199999809265137,6.199999809265137,6.199999809265137,0
2021-09-28,5.960000038146973,5.960000038146973,5.960000038146973,5.960000038146973,2503
2021-09-29,5.980000019073486,5.980000019073486,5.980000019073486,5.980000019073486,400
2021-09-30,5.960000038146973,6.260000228881836,5.960000038146973,6.21999979019165,4486
2021-10-01,6.21999979019165,6.21999979019165,5.980000019073486,6.0,294
2021-10-04,6.099999904632568,6.099999904632568,5.980000019073486,6.0,2485
2021-10-05,5.960000038146973,6.0,5.800000190734863,6.0,2953
2021-10-06,5.800000190734863,6.099999904632568,5.760000228881836,6.0,2683
2021-10-07,6.139999866485596,6.159999847412109,5.900000095367432,5.920000076293945,711
2021-10-08,5.920000076293945,6.0,5.78000020980835,6.0,3993
2021-10-11,5.860000133514404,6.139999866485596,5.860000133514404,6.0,62844
2021-10-12,6.0,6.099999904632568,6.0,6.099999904632568,1699
2021-10-13,5.980000019073486,6.099999904632568,5.980000019073486,5.980000019073486,11644
2021-10-14,5.920000076293945,6.099999904632568,5.920000076293945,5.960000038146973,3060
2021-10-15,5.960000038146973,6.039999961853027,5.960000038146973,6.039999961853027,1262
2021-10-18,6.039999961853027,6.079999923706055,5.900000095367432,5.900000095367432,4838
2021-10-19,5.900000095367432,6.019999980926514,5.800000190734863,5.800000190734863,1834
2021-10-20,5.820000171661377,5.980000019073486,5.800000190734863,5.800000190734863,666
2021-10-21,5.800000190734863,5.940000057220459,5.760000228881836,5.940000057220459,2510
2021-10-22,5.960000038146973,5.980000019073486,5.960000038146973,5.980000019073486,410
2021-10-25,5.800000190734863,5.960000038146973,5.760000228881836,5.760000228881836,300
2021-10-26,5.960000038146973,5.960000038146973,5.420000076293945,5.800000190734863,6757
2021-10-27,5.800000190734863,5.800000190734863,5.699999809265137,5.800000190734863,761
2021-10-28,5.559999942779541,5.820000171661377,5.559999942779541,5.559999942779541,307
2021-10-29,5.579999923706055,5.579999923706055,5.119999885559082,5.21999979019165,8846
2021-11-02,5.260000228881836,5.78000020980835,5.260000228881836,5.760000228881836,317
2021-11-03,5.260000228881836,5.739999771118164,5.21999979019165,5.71999979019165,6546
2021-11-04,5.21999979019165,5.5,5.21999979019165,5.5,634
2021-11-05,5.5,5.71999979019165,5.380000114440918,5.71999979019165,25634
2021-11-08,5.539999961853027,5.539999961853027,5.539999961853027,5.539999961853027,51
2021-11-09,5.539999961853027,5.739999771118164,5.539999961853027,5.739999771118164,243
2021-11-10,5.739999771118164,5.739999771118164,5.739999771118164,5.739999771118164,0
2021-11-12,5.739999771118164,5.900000095367432,5.539999961853027,5.900000095367432,1826
2021-11-15,5.559999942779541,5.960000038146973,5.300000190734863,5.920000076293945,5658
2021-11-16,5.880000114440918,5.900000095367432,5.679999828338623,5.679999828338623,213
2021-11-17,5.679999828338623,5.840000152587891,5.380000114440918,5.840000152587891,1829
2021-11-18,5.519999980926514,5.840000152587891,5.519999980926514,5.840000152587891,1106
2021-11-19,5.559999942779541,5.800000190734863,5.559999942779541,5.699999809265137,1893
2021-11-22,5.539999961853027,5.78000020980835,5.539999961853027,5.78000020980835,1640
2021-11-23,5.559999942779541,5.800000190734863,5.519999980926514,5.539999961853027,5066
2021-11-24,5.559999942779541,5.559999942779541,5.559999942779541,5.559999942779541,264
2021-11-25,5.559999942779541,5.559999942779541,5.300000190734863,5.539999961853027,3153
2021-11-26,5.420000076293945,5.539999961853027,5.300000190734863,5.519999980926514,1605
2021-11-29,5.239999771118164,5.400000095367432,5.239999771118164,5.400000095367432,343
2021-11-30,5.28000020980835,5.5,5.28000020980835,5.400000095367432,1311
2021-12-01,5.400000095367432,5.519999980926514,5.300000190734863,5.5,18322
2021-12-02,5.239999771118164,5.539999961853027,5.239999771118164,5.320000171661377,6396
2021-12-03,5.300000190734863,5.519999980926514,5.260000228881836,5.260000228881836,1159
2021-12-06,5.5,5.5,5.159999847412109,5.420000076293945,1723
2021-12-07,5.099999904632568,5.400000095367432,5.099999904632568,5.300000190734863,366
2021-12-08,5.159999847412109,5.300000190734863,5.079999923706055,5.28000020980835,5272
2021-12-09,5.199999809265137,5.260000228881836,5.079999923706055,5.260000228881836,1323
2021-12-10,5.239999771118164,5.239999771118164,5.0,5.059999942779541,9143
2021-12-13,5.0,5.260000228881836,4.949999809265137,5.239999771118164,21775
2021-12-14,5.139999866485596,5.21999979019165,5.0,5.199999809265137,1698
2021-12-15,5.0,5.199999809265137,5.0,5.0,525
2021-12-16,5.0,5.199999809265137,5.0,5.159999847412109,14970
2021-12-17,5.0,5.139999866485596,5.0,5.139999866485596,6440
2021-12-20,5.0,5.119999885559082,4.809999942779541,5.079999923706055,9459
2021-12-21,4.840000152587891,5.0,4.829999923706055,4.869999885559082,9037
2021-12-22,4.980000019073486,5.059999942779541,4.889999866485596,4.909999847412109,2238
2021-12-23,4.929999828338623,5.139999866485596,4.929999828338623,5.139999866485596,12155
2021-12-27,5.039999961853027,5.139999866485596,4.960000038146973,5.139999866485596,8097
2021-12-28,5.019999980926514,5.099999904632568,4.960000038146973,5.099999904632568,8174
2021-12-29,5.0,5.099999904632568,5.0,5.099999904632568,2092
2021-12-30,5.0,5.059999942779541,5.0,5.059999942779541,1924
2022-01-03,5.059999942779541,5.159999847412109,5.0,5.159999847412109,20971
2022-01-04,5.159999847412109,5.420000076293945,5.159999847412109,5.420000076293945,11256
2022-01-05,5.420000076293945,5.880000114440918,5.420000076293945,5.860000133514404,5466
2022-01-07,5.800000190734863,5.960000038146973,5.559999942779541,5.960000038146973,3846
2022-01-10,5.679999828338623,6.079999923706055,5.679999828338623,6.059999942779541,24795
2022-01-11,6.039999961853027,6.5,5.940000057220459,6.5,31705
2022-01-12,6.480000019073486,6.519999980926514,6.21999979019165,6.519999980926514,23822
2022-01-13,6.5,6.679999828338623,6.360000133514404,6.679999828338623,19477
2022-01-14,6.639999866485596,6.699999809265137,6.340000152587891,6.699999809265137,26649
2022-01-17,6.699999809265137,6.78000020980835,6.5,6.699999809265137,5709
2022-01-18,6.539999961853027,6.699999809265137,6.440000057220459,6.699999809265137,9114
2022-01-19,6.480000019073486,6.659999847412109,6.480000019073486,6.659999847412109,3609
2022-01-20,6.519999980926514,6.639999866485596,6.519999980926514,6.519999980926514,10723
2022-01-21,6.599999904632568,7.139999866485596,6.519999980926514,7.139999866485596,253433
2022-01-24,7.099999904632568,7.099999904632568,6.820000171661377,6.960000038146973,50537
2022-01-25,6.900000095367432,7.0,6.900000095367432,7.0,14525
2022-01-26,7.0,7.039999961853027,6.840000152587891,7.039999961853027,32163
2022-01-27,6.900000095367432,7.059999942779541,6.880000114440918,7.059999942779541,91407
2022-01-28,7.079999923706055,7.099999904632568,6.860000133514404,7.079999923706055,12764
2022-01-31,6.900000095367432,7.079999923706055,6.880000114440918,7.059999942779541,8680
2022-02-01,7.0,7.039999961853027,6.840000152587891,7.0,1017
2022-02-02,7.039999961853027,7.059999942779541,6.860000133514404,7.039999961853027,10315
2022-02-03,7.039999961853027,7.039999961853027,6.920000076293945,7.019999980926514,1091
2022-02-04,6.880000114440918,7.019999980926514,6.880000114440918,6.980000019073486,4203
2022-02-07,6.840000152587891,6.980000019073486,6.820000171661377,6.980000019073486,60784
2022-02-08,6.980000019073486,6.980000019073486,6.739999771118164,6.960000038146973,1296
2022-02-09,6.739999771118164,6.920000076293945,6.739999771118164,6.920000076293945,5
2022-02-10,6.940000057220459,6.940000057220459,6.71999979019165,6.920000076293945,6275
2022-02-11,6.739999771118164,6.860000133514404,6.739999771118164,6.860000133514404,202
2022-02-14,6.739999771118164,6.860000133514404,6.619999885559082,6.840000152587891,2187
2022-02-15,6.800000190734863,6.940000057220459,6.800000190734863,6.940000057220459,2217
2022-02-16,6.820000171661377,7.0,6.820000171661377,6.980000019073486,1796
2022-02-17,6.840000152587891,6.980000019073486,6.840000152587891,6.960000038146973,269
2022-02-18,6.800000190734863,6.900000095367432,6.679999828338623,6.900000095367432,745
2022-02-21,6.679999828338623,7.059999942779541,6.679999828338623,7.0,229463
2022-02-22,6.920000076293945,7.179999828338623,6.71999979019165,6.940000057220459,242175
2022-02-23,6.820000171661377,7.019999980926514,6.679999828338623,6.800000190734863,58488
2022-02-24,6.5,6.800000190734863,5.900000095367432,6.480000019073486,50537
2022-02-25,5.900000095367432,6.5,5.900000095367432,6.5,2294
2022-02-28,6.139999866485596,6.460000038146973,6.0,6.420000076293945,3001
2022-03-01,6.199999809265137,6.420000076293945,5.900000095367432,6.0,23262
2022-03-02,6.199999809265137,6.28000020980835,5.519999980926514,5.519999980926514,23142
2022-03-03,5.960000038146973,5.960000038146973,5.539999961853027,5.840000152587891,6100
2022-03-04,5.800000190734863,6.079999923706055,5.420000076293945,5.960000038146973,9175
2022-03-07,5.420000076293945,5.820000171661377,5.400000095367432,5.739999771118164,7878
2022-03-08,5.440000057220459,5.71999979019165,5.440000057220459,5.699999809265137,720
2022-03-09,5.460000038146973,5.71999979019165,5.460000038146973,5.71999979019165,704
2022-03-10,5.699999809265137,5.699999809265137,5.5,5.699999809265137,281
2022-03-11,5.5,5.760000228881836,5.5,5.619999885559082,937
2022-03-14,5.519999980926514,5.78000020980835,5.519999980926514,5.559999942779541,474
2022-03-15,5.559999942779541,5.559999942779541,5.559999942779541,5.559999942779541,3
2022-03-16,5.559999942779541,5.599999904632568,5.199999809265137,5.460000038146973,52113
2022-03-17,5.179999828338623,5.199999809265137,5.099999904632568,5.159999847412109,4003
2022-03-18,5.199999809265137,5.699999809265137,5.199999809265137,5.28000020980835,3042
2022-03-21,5.28000020980835,5.300000190734863,5.28000020980835,5.300000190734863,198
2022-03-22,5.539999961853027,5.539999961853027,5.340000152587891,5.480000019073486,1054
2022-03-23,5.360000133514404,5.559999942779541,5.300000190734863,5.559999942779541,1610
2022-03-24,5.320000171661377,5.519999980926514,5.320000171661377,5.519999980926514,667
2022-03-25,5.519999980926514,5.519999980926514,5.519999980926514,5.519999980926514,86
2022-03-28,5.360000133514404,5.579999923706055,5.360000133514404,5.400000095367432,13
2022-03-29,5.400000095367432,5.400000095367432,5.400000095367432,5.400000095367432,169
2022-03-30,5.559999942779541,5.559999942779541,5.559999942779541,5.559999942779541,100
2022-03-31,5.420000076293945,5.440000057220459,5.199999809265137,5.199999809265137,4006
2022-04-01,5.139999866485596,5.440000057220459,5.139999866485596,5.440000057220459,2850
2022-04-04,5.480000019073486,5.559999942779541,5.320000171661377,5.320000171661377,656
2022-04-05,5.320000171661377,5.320000171661377,5.239999771118164,5.239999771118164,1511
2022-04-06,5.239999771118164,5.380000114440918,5.239999771118164,5.239999771118164,388
2022-04-07,5.260000228881836,5.360000133514404,5.260000228881836,5.260000228881836,1213
2022-04-08,5.340000152587891,5.400000095367432,5.260000228881836,5.400000095367432,251
2022-04-11,5.28000020980835,5.28000020980835,5.239999771118164,5.239999771118164,1102
2022-04-12,5.21999979019165,5.239999771118164,5.21999979019165,5.239999771118164,7
2022-04-13,5.260000228881836,5.260000228881836,5.21999979019165,5.21999979019165,1642
2022-04-14,5.260000228881836,5.260000228881836,5.21999979019165,5.21999979019165,400
2022-04-19,5.239999771118164,5.239999771118164,5.199999809265137,5.199999809265137,2119
2022-04-20,5.21999979019165,5.21999979019165,5.179999828338623,5.179999828338623,1669
2022-04-21,5.179999828338623,5.239999771118164,5.179999828338623,5.179999828338623,2901
2022-04-22,5.179999828338623,5.179999828338623,5.139999866485596,5.159999847412109,645
2022-04-25,5.099999904632568,5.119999885559082,4.820000171661377,5.099999904632568,4099
2022-04-26,4.920000076293945,4.920000076293945,4.900000095367432,4.920000076293945,1081
2022-04-27,4.900000095367432,5.059999942779541,4.880000114440918,5.059999942779541,1407
2022-04-28,4.849999904632568,5.039999961853027,4.849999904632568,5.039999961853027,291
2022-04-29,4.849999904632568,4.849999904632568,4.820000171661377,4.820000171661377,1471
2022-05-02,4.800000190734863,4.980000019073486,4.800000190734863,4.800000190734863,517
2022-05-04,4.800000190734863,4.920000076293945,4.599999904632568,4.920000076293945,1767
2022-05-05,4.599999904632568,4.929999828338623,4.599999904632568,4.920000076293945,1806
2022-05-06,4.639999866485596,4.869999885559082,4.610000133514404,4.610000133514404,3021
2022-05-09,4.630000114440918,4.630000114440918,4.170000076293945,4.170000076293945,7939
2022-05-10,4.300000190734863,4.519999980926514,4.0,4.190000057220459,4805
2022-05-11,4.480000019073486,4.480000019073486,4.150000095367432,4.150000095367432,51
2022-05-12,4.010000228881836,4.010000228881836,4.010000228881836,4.010000228881836,6
2022-05-13,4.369999885559082,4.369999885559082,4.369999885559082,4.369999885559082,1176
2022-05-16,4.199999809265137,4.199999809265137,4.199999809265137,4.199999809265137,199
2022-05-17,4.03000020980835,4.349999904632568,4.010000228881836,4.03000020980835,2212
2022-05-18,4.260000228881836,4.260000228881836,4.0,4.0,1045
2022-05-19,4.010000228881836,4.010000228881836,3.9000000953674316,4.0,2191
2022-05-20,3.9200000762939453,4.0,3.9200000762939453,4.0,3
2022-05-23,4.0,4.199999809265137,4.0,4.0,2257
2022-05-24,4.0,4.0,3.990000009536743,3.990000009536743,201
2022-05-25,4.010000228881836,4.010000228881836,4.0,4.0,285
2022-05-26,4.0,4.0,4.0,4.0,302
2022-05-27,4.170000076293945,4.579999923706055,4.170000076293945,4.28000020980835,8599
2022-05-30,4.289999961853027,4.800000190734863,4.289999961853027,4.800000190734863,5562
2022-05-31,4.800000190734863,5.0,4.510000228881836,4.960000038146973,3113
2022-06-01,4.5,4.510000228881836,4.400000095367432,4.510000228881836,5251
2022-06-02,4.510000228881836,4.760000228881836,4.309999942779541,4.329999923706055,911
2022-06-03,4.329999923706055,4.670000076293945,4.300000190734863,4.300000190734863,1922
2022-06-06,4.300000190734863,4.650000095367432,4.300000190734863,4.650000095367432,3102
2022-06-07,4.679999828338623,4.690000057220459,4.679999828338623,4.690000057220459,1890
2022-06-08,4.690000057220459,4.820000171661377,4.420000076293945,4.820000171661377,1002
2022-06-09,4.809999942779541,4.820000171661377,4.449999809265137,4.820000171661377,616
2022-06-10,4.820000171661377,4.820000171661377,4.460000038146973,4.599999904632568,1729
2022-06-13,4.559999942779541,4.78000020980835,4.5,4.570000171661377,2498
2022-06-14,4.599999904632568,4.599999904632568,4.599999904632568,4.599999904632568,4
2022-06-15,4.78000020980835,4.820000171661377,4.619999885559082,4.619999885559082,1265
2022-06-17,4.619999885559082,4.619999885559082,4.619999885559082,4.619999885559082,0
2022-06-20,4.639999866485596,4.800000190734863,4.639999866485596,4.800000190734863,208
2022-06-21,4.800000190734863,4.800000190734863,4.639999866485596,4.639999866485596,3321
2022-06-22,4.699999809265137,4.699999809265137,4.699999809265137,4.699999809265137,100
2022-06-23,4.639999866485596,4.639999866485596,4.420000076293945,4.599999904632568,2883
2022-06-24,4.599999904632568,4.599999904632568,4.420000076293945,4.599999904632568,123
2022-06-27,4.599999904632568,4.599999904632568,4.329999923706055,4.599999904632568,1762
2022-06-28,4.329999923706055,4.5,4.25,4.5,6570
2022-06-29,4.25,4.579999923706055,4.210000038146973,4.579999923706055,8471
2022-06-30,4.21999979019165,4.559999942779541,4.21999979019165,4.559999942779541,1396
2022-07-01,4.559999942779541,4.760000228881836,4.300000190734863,4.739999771118164,818
2022-07-04,4.5,4.5,4.400000095367432,4.409999847412109,1234
2022-07-05,4.420000076293945,4.699999809265137,4.420000076293945,4.699999809265137,689
2022-07-06,4.420000076293945,4.440000057220459,4.340000152587891,4.340000152587891,2010
2022-07-07,4.340000152587891,4.679999828338623,4.340000152587891,4.679999828338623,1052
2022-07-08,4.679999828338623,4.679999828338623,4.320000171661377,4.679999828338623,560
2022-07-11,4.679999828338623,4.679999828338623,4.329999923706055,4.349999904632568,1859
2022-07-12,4.619999885559082,4.619999885559082,4.349999904632568,4.610000133514404,1033
2022-07-13,4.650000095367432,4.659999847412109,4.400000095367432,4.630000114440918,1746
2022-07-14,4.630000114440918,4.630000114440918,4.389999866485596,4.610000133514404,1622
2022-07-15,4.610000133514404,4.610000133514404,4.389999866485596,4.590000152587891,2224
2022-07-18,4.590000152587891,4.590000152587891,4.590000152587891,4.590000152587891,596
2022-07-19,4.590000152587891,4.619999885559082,4.590000152587891,4.619999885559082,789
2022-07-20,4.5,4.5,4.46999979019165,4.46999979019165,897
2022-07-21,4.480000019073486,4.650000095367432,4.449999809265137,4.650000095367432,2417
2022-07-22,4.650000095367432,4.909999847412109,4.650000095367432,4.900000095367432,4793
2022-07-25,4.900000095367432,5.059999942779541,4.71999979019165,5.039999961853027,1145
2022-07-26,4.809999942779541,5.019999980926514,4.809999942779541,5.019999980926514,515
2022-07-27,4.820000171661377,4.820000171661377,4.820000171661377,4.820000171661377,720
2022-07-28,4.699999809265137,5.0,4.699999809265137,5.0,751
2022-07-29,5.0,5.0,4.679999828338623,5.0,455
2022-08-01,4.71999979019165,5.300000190734863,4.71999979019165,5.099999904632568,2848
2022-08-02,5.28000020980835,5.28000020980835,5.179999828338623,5.179999828338623,557
2022-08-03,5.079999923706055,5.260000228881836,5.059999942779541,5.199999809265137,762
2022-08-04,5.199999809265137,5.199999809265137,5.059999942779541,5.059999942779541,752
2022-08-05,5.059999942779541,5.199999809265137,5.059999942779541,5.199999809265137,651
2022-08-08,5.199999809265137,5.619999885559082,5.079999923706055,5.619999885559082,10562
2022-08-09,5.139999866485596,5.699999809265137,5.139999866485596,5.699999809265137,4916
2022-08-10,5.679999828338623,5.960000038146973,5.519999980926514,5.920000076293945,9572
2022-08-11,5.900000095367432,5.900000095367432,5.900000095367432,5.900000095367432,180
2022-08-12,5.599999904632568,5.880000114440918,5.579999923706055,5.880000114440918,1727
2022-08-16,5.900000095367432,5.900000095367432,5.559999942779541,5.880000114440918,446
2022-08-17,5.579999923706055,5.800000190734863,5.579999923706055,5.579999923706055,354
2022-08-18,5.579999923706055,5.840000152587891,5.519999980926514,5.519999980926514,1007
2022-08-19,5.519999980926514,5.519999980926514,5.5,5.5,1670
2022-08-22,5.5,5.679999828338623,5.360000133514404,5.360000133514404,961
2022-08-23,5.320000171661377,5.639999866485596,5.300000190734863,5.639999866485596,1075
2022-08-24,5.639999866485596,5.699999809265137,5.360000133514404,5.5,2176
2022-08-25,5.380000114440918,5.400000095367432,5.320000171661377,5.320000171661377,755
2022-08-26,5.320000171661377,5.619999885559082,5.119999885559082,5.619999885559082,1913
2022-08-29,5.619999885559082,5.619999885559082,5.400000095367432,5.599999904632568,881
2022-08-30,5.400000095367432,5.699999809265137,5.400000095367432,5.659999847412109,5880
2022-08-31,5.639999866485596,5.659999847412109,5.460000038146973,5.659999847412109,1129
2022-09-01,5.480000019073486,5.659999847412109,5.28000020980835,5.400000095367432,4203
2022-09-02,5.400000095367432,5.599999904632568,5.199999809265137,5.539999961853027,3983
2022-09-05,5.199999809265137,5.480000019073486,5.119999885559082,5.480000019073486,5194
2022-09-06,5.260000228881836,5.420000076293945,5.019999980926514,5.019999980926514,4661
2022-09-07,5.300000190734863,5.559999942779541,5.039999961853027,5.400000095367432,14719
2022-09-08,5.21999979019165,5.21999979019165,5.159999847412109,5.159999847412109,258
2022-09-09,5.119999885559082,5.179999828338623,4.949999809265137,5.179999828338623,4613
2022-09-12,4.96999979019165,5.239999771118164,4.96999979019165,5.239999771118164,144
2022-09-13,4.980000019073486,5.21999979019165,4.980000019073486,5.21999979019165,1486
2022-09-14,5.199999809265137,5.199999809265137,5.199999809265137,5.199999809265137,2
2022-09-15,5.039999961853027,5.460000038146973,5.039999961853027,5.460000038146973,1139
2022-09-16,5.139999866485596,5.360000133514404,5.139999866485596,5.360000133514404,137
2022-09-19,5.21999979019165,5.480000019073486,5.21999979019165,5.480000019073486,3271
2022-09-20,5.21999979019165,5.21999979019165,5.21999979019165,5.21999979019165,405
2022-09-21,5.21999979019165,5.340000152587891,5.21999979019165,5.239999771118164,464
2022-09-22,5.199999809265137,5.239999771118164,5.159999847412109,5.21999979019165,765
2022-09-23,5.21999979019165,5.380000114440918,5.139999866485596,5.380000114440918,1333
2022-09-26,5.159999847412109,5.159999847412109,5.079999923706055,5.079999923706055,3809
2022-09-27,5.079999923706055,5.079999923706055,5.059999942779541,5.059999942779541,1921
2022-09-28,5.079999923706055,5.079999923706055,5.039999961853027,5.039999961853027,3870
2022-09-29,5.0,5.019999980926514,4.869999885559082,4.869999885559082,8365
2022-09-30,4.820000171661377,5.21999979019165,4.800000190734863,5.21999979019165,1703
2022-10-03,4.809999942779541,4.980000019073486,4.610000133514404,4.980000019073486,2643
2022-10-04,4.960000038146973,5.0,4.659999847412109,4.980000019073486,2092
2022-10-05,4.960000038146973,4.980000019073486,4.699999809265137,4.980000019073486,807
2022-10-06,4.96999979019165,4.980000019073486,4.96999979019165,4.980000019073486,471
2022-10-07,4.980000019073486,5.059999942779541,4.980000019073486,5.059999942779541,1828
2022-10-10,4.920000076293945,4.920000076293945,4.920000076293945,4.920000076293945,400
2022-10-11,4.920000076293945,4.920000076293945,4.699999809265137,4.699999809265137,2738
2022-10-12,4.670000076293945,4.889999866485596,4.619999885559082,4.889999866485596,8105
2022-10-13,4.670000076293945,4.699999809265137,4.599999904632568,4.699999809265137,3095
2022-10-14,4.889999866485596,4.889999866485596,4.869999885559082,4.869999885559082,703
2022-10-17,4.829999923706055,4.829999923706055,4.829999923706055,4.829999923706055,200
2022-10-18,4.869999885559082,4.869999885559082,4.869999885559082,4.869999885559082,165
2022-10-19,4.409999847412109,4.849999904632568,4.409999847412109,4.849999904632568,118
2022-10-20,4.849999904632568,4.849999904632568,4.849999904632568,4.849999904632568,0
2022-10-21,4.420000076293945,4.639999866485596,4.369999885559082,4.639999866485596,2482
2022-10-24,4.320000171661377,4.699999809265137,4.320000171661377,4.679999828338623,1107
2022-10-25,4.400000095367432,4.400000095367432,4.400000095367432,4.400000095367432,642
2022-10-26,4.400000095367432,4.460000038146973,4.400000095367432,4.460000038146973,800
2022-10-27,4.460000038146973,4.460000038146973,4.309999942779541,4.309999942779541,759
2022-10-28,4.309999942779541,4.349999904632568,4.099999904632568,4.199999809265137,10743
2022-10-31,4.099999904632568,4.5,3.9000000953674316,4.46999979019165,1784
2022-11-02,4.039999961853027,4.400000095367432,4.039999961853027,4.389999866485596,220
2022-11-03,4.0,4.389999866485596,4.0,4.389999866485596,378
2022-11-04,4.019999980926514,4.389999866485596,4.019999980926514,4.389999866485596,585
2022-11-07,4.389999866485596,4.400000095367432,4.019999980926514,4.400000095367432,701
2022-11-08,4.070000171661377,4.360000133514404,3.940000057220459,4.210000038146973,8457
2022-11-09,4.199999809265137,4.199999809265137,3.819999933242798,3.859999895095825,13605
2022-11-10,3.859999895095825,3.9800000190734863,3.75,3.8299999237060547,3670
2022-11-14,3.8399999141693115,4.079999923706055,3.8299999237060547,4.039999961853027,2018
2022-11-15,3.9800000190734863,3.990000009536743,3.8399999141693115,3.890000104904175,2004
2022-11-16,3.8499999046325684,3.859999895095825,3.8499999046325684,3.859999895095825,409
2022-11-17,3.869999885559082,3.869999885559082,3.609999895095825,3.609999895095825,8277
2022-11-18,3.700000047683716,3.9800000190734863,3.5999999046325684,3.9600000381469727,10221
2022-11-21,3.9600000381469727,3.9600000381469727,3.799999952316284,3.799999952316284,402
2022-11-22,3.9000000953674316,3.9000000953674316,3.9000000953674316,3.9000000953674316,100
2022-11-23,3.5999999046325684,3.680000066757202,3.5999999046325684,3.680000066757202,12525
2022-11-24,3.609999895095825,3.799999952316284,3.609999895095825,3.75,10173
2022-11-25,3.75,3.880000114440918,3.630000114440918,3.869999885559082,15106
2022-11-28,3.759999990463257,3.8499999046325684,3.6500000953674316,3.8499999046325684,741
2022-11-29,3.7200000286102295,3.859999895095825,3.7200000286102295,3.740000009536743,9028
2022-11-30,3.7200000286102295,3.9800000190734863,3.5999999046325684,3.819999933242798,18617
2022-12-01,3.890000104904175,4.070000171661377,3.7799999713897705,4.039999961853027,2743
2022-12-02,3.7699999809265137,4.03000020980835,3.7699999809265137,4.0,104
2022-12-05,3.8499999046325684,3.9800000190734863,3.8499999046325684,3.9800000190734863,20367
2022-12-06,3.990000009536743,3.990000009536743,3.809999942779541,3.8399999141693115,5930
2022-12-07,3.9200000762939453,3.9200000762939453,3.9200000762939453,3.9200000762939453,100
2022-12-08,3.809999942779541,3.940000057220459,3.809999942779541,3.809999942779541,845
2022-12-09,3.9000000953674316,3.9800000190734863,3.8499999046325684,3.950000047683716,2502
2022-12-12,3.8299999237060547,3.9600000381469727,3.8299999237060547,3.9600000381469727,2381
2022-12-13,3.9000000953674316,3.9000000953674316,3.619999885559082,3.869999885559082,6141
2022-12-14,3.869999885559082,3.869999885559082,3.700000047683716,3.700000047683716,2365
2022-12-15,3.7799999713897705,3.7799999713897705,3.6700000762939453,3.740000009536743,860
2022-12-16,3.690000057220459,3.700000047683716,3.6700000762939453,3.680000066757202,2093
2022-12-19,3.6600000858306885,3.700000047683716,3.619999885559082,3.6700000762939453,11681
2022-12-20,3.6700000762939453,3.8399999141693115,3.630000114440918,3.8399999141693115,185263
2022-12-21,3.700000047683716,3.9600000381469727,3.700000047683716,3.9000000953674316,12984
2022-12-22,3.8499999046325684,3.950000047683716,3.7300000190734863,3.9000000953674316,1019
2022-12-23,3.7200000286102295,3.8499999046325684,3.7200000286102295,3.8499999046325684,1192
2022-12-27,3.7699999809265137,3.7699999809265137,3.700000047683716,3.759999990463257,10518
2022-12-28,3.7200000286102295,3.869999885559082,3.700000047683716,3.859999895095825,3754
2022-12-29,3.859999895095825,3.859999895095825,3.8399999141693115,3.8399999141693115,79
2022-12-30,3.7200000286102295,3.8299999237060547,3.7200000286102295,3.8299999237060547,522
2023-01-02,3.9000000953674316,3.9000000953674316,3.7100000381469727,3.75,429
2023-01-03,3.740000009536743,3.9200000762939453,3.7200000286102295,3.7300000190734863,1207
2023-01-04,3.890000104904175,3.890000104904175,3.7300000190734863,3.7300000190734863,240
2023-01-05,3.7300000190734863,3.809999942779541,3.7300000190734863,3.809999942779541,199
2023-01-09,3.950000047683716,3.950000047683716,3.740000009536743,3.890000104904175,7376
2023-01-10,3.9000000953674316,3.950000047683716,3.7799999713897705,3.950000047683716,1566
2023-01-11,3.9600000381469727,4.039999961853027,3.8499999046325684,4.039999961853027,8341
2023-01-12,3.950000047683716,4.039999961853027,3.950000047683716,3.9700000286102295,3030
2023-01-13,3.880000114440918,4.300000190734863,3.880000114440918,4.300000190734863,128038
2023-01-16,4.28000020980835,4.440000057220459,4.239999771118164,4.389999866485596,16230
2023-01-17,4.389999866485596,4.389999866485596,4.099999904632568,4.269999980926514,4298
2023-01-18,4.260000228881836,4.260000228881836,4.099999904632568,4.230000019073486,5796
2023-01-19,4.28000020980835,4.380000114440918,4.130000114440918,4.349999904632568,6266
2023-01-20,4.210000038146973,4.349999904632568,4.210000038146973,4.349999904632568,4069
2023-01-23,4.380000114440918,4.590000152587891,4.300000190734863,4.570000171661377,64181
2023-01-24,4.550000190734863,4.570000171661377,4.389999866485596,4.550000190734863,9569
2023-01-25,4.420000076293945,4.420000076293945,4.420000076293945,4.420000076293945,87
2023-01-26,4.420000076293945,4.550000190734863,4.420000076293945,4.550000190734863,613
2023-01-27,4.400000095367432,4.400000095367432,4.400000095367432,4.400000095367432,8
2023-01-30,4.420000076293945,4.5,4.309999942779541,4.5,7633
2023-01-31,4.289999961853027,4.400000095367432,4.289999961853027,4.400000095367432,3
2023-02-01,4.400000095367432,4.400000095367432,4.210000038146973,4.269999980926514,9881
2023-02-02,4.260000228881836,4.260000228881836,4.260000228881836,4.260000228881836,253
2023-02-03,4.260000228881836,4.289999961853027,4.260000228881836,4.289999961853027,2552
2023-02-06,4.21999979019165,4.409999847412109,4.21999979019165,4.260000228881836,912
2023-02-07,4.269999980926514,4.420000076293945,4.269999980926514,4.300000190734863,5302
2023-02-08,4.309999942779541,4.320000171661377,4.309999942779541,4.320000171661377,266
2023-02-09,4.340000152587891,4.349999904632568,4.329999923706055,4.340000152587891,1672
2023-02-10,4.329999923706055,4.360000133514404,4.269999980926514,4.360000133514404,5468
2023-02-13,4.269999980926514,4.340000152587891,4.230000019073486,4.239999771118164,600
2023-02-14,4.340000152587891,4.340000152587891,4.179999828338623,4.179999828338623,1484
2023-02-15,4.179999828338623,4.329999923706055,4.179999828338623,4.329999923706055,108
2023-02-16,4.179999828338623,4.25,4.179999828338623,4.25,7008
2023-02-17,4.179999828338623,4.179999828338623,4.179999828338623,4.179999828338623,1
2023-02-20,4.179999828338623,4.269999980926514,4.099999904632568,4.099999904632568,7301
2023-02-21,4.110000133514404,4.25,4.079999923706055,4.199999809265137,703
2023-02-22,4.090000152587891,4.260000228881836,4.090000152587891,4.150000095367432,1098
2023-02-23,4.130000114440918,4.199999809265137,4.119999885559082,4.199999809265137,7177
2023-02-24,4.099999904632568,4.190000057220459,4.099999904632568,4.110000133514404,5770
2023-02-27,4.119999885559082,4.119999885559082,4.110000133514404,4.119999885559082,536
2023-02-28,4.110000133514404,4.110000133514404,4.110000133514404,4.110000133514404,235
2023-03-01,4.28000020980835,4.28000020980835,4.139999866485596,4.269999980926514,917
2023-03-02,4.289999961853027,4.289999961853027,4.199999809265137,4.199999809265137,868
2023-03-03,4.210000038146973,4.210000038146973,4.210000038146973,4.210000038146973,651
2023-03-06,4.21999979019165,4.360000133514404,4.210000038146973,4.360000133514404,4428
2023-03-07,4.28000020980835,4.429999828338623,4.269999980926514,4.429999828338623,1605
2023-03-08,4.360000133514404,4.440000057220459,4.360000133514404,4.389999866485596,714
2023-03-09,4.360000133514404,4.440000057220459,4.360000133514404,4.360000133514404,157
2023-03-10,4.440000057220459,4.440000057220459,4.099999904632568,4.28000020980835,19727
2023-03-13,4.110000133514404,4.269999980926514,4.03000020980835,4.110000133514404,1055
2023-03-14,4.130000114440918,4.25,4.130000114440918,4.25,83
2023-03-15,4.25,4.25,4.0,4.0,5713
2023-03-16,3.930000066757202,4.119999885559082,3.930000066757202,4.099999904632568,953
2023-03-17,4.079999923706055,4.139999866485596,4.079999923706055,4.139999866485596,749
2023-03-20,4.139999866485596,4.139999866485596,3.9100000858306885,3.9100000858306885,908
2023-03-21,4.199999809265137,4.199999809265137,3.940000057220459,4.190000057220459,783
2023-03-22,3.9600000381469727,4.190000057220459,3.9600000381469727,4.190000057220459,413
2023-03-23,4.199999809265137,4.389999866485596,3.9700000286102295,4.389999866485596,4769
2023-03-24,4.440000057220459,4.440000057220459,4.090000152587891,4.400000095367432,1900
2023-03-27,4.119999885559082,4.119999885559082,4.119999885559082,4.119999885559082,152
2023-03-28,4.130000114440918,4.380000114440918,4.130000114440918,4.360000133514404,1939
2023-03-29,4.300000190734863,4.300000190734863,4.139999866485596,4.150000095367432,29
2023-03-30,4.150000095367432,4.150000095367432,4.150000095367432,4.150000095367432,22
2023-03-31,4.199999809265137,4.199999809265137,4.150000095367432,4.150000095367432,2003
2023-04-03,4.170000076293945,4.170000076293945,4.170000076293945,4.170000076293945,1
2023-04-04,4.170000076293945,4.170000076293945,4.159999847412109,4.159999847412109,212
2023-04-05,4.159999847412109,4.159999847412109,4.159999847412109,4.159999847412109,9
2023-04-06,4.159999847412109,4.28000020980835,4.150000095367432,4.28000020980835,1523
2023-04-11,4.139999866485596,4.139999866485596,4.139999866485596,4.139999866485596,330
2023-04-12,4.139999866485596,4.139999866485596,4.130000114440918,4.139999866485596,615
2023-04-13,4.139999866485596,4.199999809265137,4.139999866485596,4.139999866485596,750
2023-04-14,4.260000228881836,4.300000190734863,4.21999979019165,4.230000019073486,3895
2023-04-17,4.28000020980835,4.400000095367432,4.21999979019165,4.400000095367432,6693
2023-04-18,4.309999942779541,4.400000095367432,4.309999942779541,4.400000095367432,1049
2023-04-19,4.400000095367432,4.699999809265137,4.340000152587891,4.570000171661377,25700
2023-04-20,4.599999904632568,4.599999904632568,4.599999904632568,4.599999904632568,856
2023-04-21,4.599999904632568,4.699999809265137,4.599999904632568,4.699999809265137,1355
2023-04-24,4.699999809265137,4.980000019073486,4.599999904632568,4.980000019073486,13402
2023-04-25,4.96999979019165,4.96999979019165,4.96999979019165,4.96999979019165,191
2023-04-26,4.940000057220459,4.940000057220459,4.75,4.75,741
2023-04-27,4.769999980926514,4.989999771118164,4.769999980926514,4.820000171661377,4620
2023-04-28,4.78000020980835,5.139999866485596,4.78000020980835,4.849999904632568,24037
2023-05-02,4.889999866485596,5.039999961853027,4.880000114440918,5.039999961853027,2144
2023-05-04,5.0,5.039999961853027,4.820000171661377,5.039999961853027,975
2023-05-05,4.900000095367432,4.980000019073486,4.900000095367432,4.980000019073486,352
2023-05-08,4.980000019073486,4.980000019073486,4.760000228881836,4.760000228881836,7266
2023-05-09,4.940000057220459,4.940000057220459,4.940000057220459,4.940000057220459,400
2023-05-10,4.739999771118164,4.860000133514404,4.739999771118164,4.860000133514404,105
2023-05-11,4.769999980926514,4.889999866485596,4.769999980926514,4.889999866485596,303
2023-05-12,4.889999866485596,4.889999866485596,4.769999980926514,4.880000114440918,463
2023-05-15,4.789999961853027,4.889999866485596,4.789999961853027,4.889999866485596,610
2023-05-16,4.900000095367432,4.900000095367432,4.800000190734863,4.889999866485596,1405
2023-05-17,4.889999866485596,4.889999866485596,4.809999942779541,4.809999942779541,276
2023-05-18,4.900000095367432,4.940000057220459,4.849999904632568,4.849999904632568,9687
2023-05-19,4.849999904632568,4.849999904632568,4.820000171661377,4.820000171661377,856
2023-05-22,4.789999961853027,4.789999961853027,4.78000020980835,4.78000020980835,126
2023-05-23,4.769999980926514,4.920000076293945,4.5,4.909999847412109,1570
2023-05-24,4.650000095367432,4.869999885559082,4.539999961853027,4.869999885559082,74
2023-05-25,4.599999904632568,4.869999885559082,4.599999904632568,4.699999809265137,62
2023-05-26,4.699999809265137,4.699999809265137,4.599999904632568,4.699999809265137,47
2023-05-29,4.699999809265137,4.699999809265137,4.539999961853027,4.539999961853027,3724
2023-05-30,4.519999980926514,4.519999980926514,4.519999980926514,4.519999980926514,467
2023-05-31,4.519999980926514,4.639999866485596,4.260000228881836,4.639999866485596,2754
2023-06-01,4.639999866485596,4.639999866485596,4.179999828338623,4.300000190734863,5313
2023-06-02,4.239999771118164,4.599999904632568,4.239999771118164,4.599999904632568,2459
2023-06-05,4.599999904632568,4.619999885559082,4.28000020980835,4.619999885559082,12
2023-06-06,4.619999885559082,4.619999885559082,4.320000171661377,4.619999885559082,936
2023-06-07,4.320000171661377,4.599999904632568,4.320000171661377,4.599999904632568,11
2023-06-09,4.449999809265137,4.599999904632568,4.449999809265137,4.599999904632568,202
2023-06-12,4.449999809265137,4.449999809265137,4.420000076293945,4.420000076293945,965
2023-06-13,4.5,4.650000095367432,4.5,4.650000095367432,1394
2023-06-14,4.650000095367432,4.699999809265137,4.440000057220459,4.690000057220459,1750
2023-06-15,4.489999771118164,4.699999809265137,4.489999771118164,4.699999809265137,1428
2023-06-16,4.489999771118164,4.880000114440918,4.489999771118164,4.880000114440918,1815
2023-06-19,4.880000114440918,4.889999866485596,4.519999980926514,4.889999866485596,943
2023-06-20,4.889999866485596,4.940000057220459,4.579999923706055,4.929999828338623,4819
2023-06-21,4.940000057220459,4.940000057220459,4.929999828338623,4.940000057220459,1187
2023-06-22,4.929999828338623,4.929999828338623,4.900000095367432,4.900000095367432,6713
2023-06-23,4.900000095367432,4.96999979019165,4.900000095367432,4.96999979019165,2614
2023-06-26,4.980000019073486,4.980000019073486,4.639999866485596,4.96999979019165,1511
2023-06-27,4.96999979019165,4.96999979019165,4.710000038146973,4.710000038146973,533
2023-06-28,4.710000038146973,4.96999979019165,4.710000038146973,4.96999979019165,669
2023-06-29,4.949999809265137,4.949999809265137,4.739999771118164,4.739999771118164,786
2023-06-30,4.769999980926514,4.949999809265137,4.739999771118164,4.929999828338623,1500
2023-07-03,4.739999771118164,4.75,4.710000038146973,4.75,1211
2023-07-04,4.75,4.889999866485596,4.75,4.889999866485596,478
2023-07-05,4.710000038146973,4.889999866485596,4.710000038146973,4.889999866485596,424
2023-07-06,4.889999866485596,4.889999866485596,4.690000057220459,4.889999866485596,946
2023-07-07,4.71999979019165,4.949999809265137,4.71999979019165,4.949999809265137,502
2023-07-10,4.769999980926514,4.960000038146973,4.769999980926514,4.960000038146973,605
2023-07-11,4.949999809265137,4.96999979019165,4.789999961853027,4.789999961853027,11132
2023-07-12,4.949999809265137,4.960000038146973,4.820000171661377,4.960000038146973,1425
2023-07-13,4.829999923706055,4.949999809265137,4.829999923706055,4.949999809265137,325
2023-07-14,4.949999809265137,4.949999809265137,4.800000190734863,4.949999809265137,1847
2023-07-17,4.949999809265137,4.949999809265137,4.809999942779541,4.909999847412109,1773
2023-07-18,4.829999923706055,4.960000038146973,4.829999923706055,4.949999809265137,3620
2023-07-19,4.960000038146973,4.96999979019165,4.900000095367432,4.900000095367432,2067
2023-07-20,4.920000076293945,4.96999979019165,4.900000095367432,4.900000095367432,2651
2023-07-21,4.900000095367432,4.960000038146973,4.900000095367432,4.949999809265137,428
2023-07-24,4.889999866485596,5.360000133514404,4.889999866485596,5.320000171661377,4908
2023-07-25,5.320000171661377,5.320000171661377,5.199999809265137,5.260000228881836,720
2023-07-26,5.260000228881836,5.340000152587891,5.260000228881836,5.340000152587891,622
2023-07-27,5.28000020980835,5.340000152587891,5.28000020980835,5.340000152587891,627
2023-07-28,5.340000152587891,5.340000152587891,5.239999771118164,5.239999771118164,976
2023-07-31,5.260000228881836,5.360000133514404,5.159999847412109,5.21999979019165,654
2023-08-01,5.21999979019165,5.239999771118164,5.059999942779541,5.119999885559082,3932
2023-08-02,5.159999847412109,5.320000171661377,5.079999923706055,5.320000171661377,800
2023-08-03,5.139999866485596,5.320000171661377,5.079999923706055,5.079999923706055,5393
2023-08-04,5.099999904632568,5.119999885559082,5.0,5.099999904632568,2987
2023-08-07,4.900000095367432,5.21999979019165,4.900000095367432,5.21999979019165,1294
2023-08-08,5.199999809265137,5.199999809265137,4.949999809265137,5.139999866485596,1102
2023-08-09,5.139999866485596,5.139999866485596,4.949999809265137,4.960000038146973,480
2023-08-10,4.960000038146973,5.039999961853027,4.820000171661377,5.039999961853027,4192
2023-08-11,5.039999961853027,5.039999961853027,4.900000095367432,5.039999961853027,730
2023-08-14,5.039999961853027,5.039999961853027,5.0,5.0,506
2023-08-16,4.889999866485596,5.099999904632568,4.889999866485596,4.889999866485596,190
2023-08-17,4.889999866485596,5.099999904632568,4.889999866485596,5.099999904632568,779
2023-08-18,5.099999904632568,5.119999885559082,5.099999904632568,5.119999885559082,752
2023-08-21,5.099999904632568,5.099999904632568,4.840000152587891,4.980000019073486,1811
2023-08-22,4.840000152587891,4.840000152587891,4.829999923706055,4.829999923706055,4
2023-08-23,4.840000152587891,4.980000019073486,4.829999923706055,4.980000019073486,772
2023-08-24,4.829999923706055,4.949999809265137,4.829999923706055,4.829999923706055,607
2023-08-25,4.829999923706055,4.989999771118164,4.809999942779541,4.989999771118164,559
2023-08-28,4.809999942779541,4.980000019073486,4.809999942779541,4.980000019073486,850
2023-08-29,4.840000152587891,4.960000038146973,4.840000152587891,4.960000038146973,589
2023-08-30,4.840000152587891,4.960000038146973,4.840000152587891,4.960000038146973,1076
2023-08-31,4.960000038146973,5.0,4.849999904632568,4.849999904632568,2435
2023-09-01,4.820000171661377,4.949999809265137,4.809999942779541,4.949999809265137,1313
2023-09-04,4.820000171661377,4.820000171661377,4.820000171661377,4.820000171661377,1285
2023-09-05,4.820000171661377,4.820000171661377,4.699999809265137,4.710000038146973,1433
2023-09-06,4.710000038146973,4.920000076293945,4.619999885559082,4.900000095367432,1699
2023-09-07,4.650000095367432,4.840000152587891,4.650000095367432,4.840000152587891,204
2023-09-08,4.840000152587891,4.840000152587891,4.809999942779541,4.809999942779541,1241
2023-09-11,4.809999942779541,4.900000095367432,4.809999942779541,4.900000095367432,1652
2023-09-12,4.940000057220459,5.099999904632568,4.840000152587891,5.099999904632568,1094
2023-09-13,5.119999885559082,5.119999885559082,4.929999828338623,5.099999904632568,35
2023-09-14,4.929999828338623,5.099999904632568,4.929999828338623,5.099999904632568,553
2023-09-15,4.949999809265137,5.079999923706055,4.949999809265137,5.079999923706055,2248
2023-09-18,4.949999809265137,5.079999923706055,4.900000095367432,5.079999923706055,2342
2023-09-19,5.079999923706055,5.079999923706055,4.900000095367432,5.079999923706055,274
2023-09-20,4.900000095367432,4.929999828338623,4.900000095367432,4.929999828338623,129
2023-09-21,4.929999828338623,5.0,4.800000190734863,5.0,8597
2023-09-22,4.599999904632568,5.0,4.599999904632568,5.0,103
2023-09-25,5.019999980926514,5.019999980926514,4.710000038146973,4.710000038146973,633
2023-09-26,4.710000038146973,4.96999979019165,4.710000038146973,4.96999979019165,2232
2023-09-27,4.96999979019165,4.96999979019165,4.71999979019165,4.71999979019165,1001
2023-09-28,4.730000019073486,4.940000057220459,4.730000019073486,4.940000057220459,524
2023-09-29,4.769999980926514,4.949999809265137,4.769999980926514,4.849999904632568,1419
2023-10-02,4.949999809265137,5.0,4.829999923706055,4.989999771118164,2698
2023-10-03,5.0,5.0,4.820000171661377,4.900000095367432,389
2023-10-04,4.900000095367432,5.019999980926514,4.849999904632568,4.849999904632568,17
2023-10-05,4.900000095367432,4.949999809265137,4.900000095367432,4.949999809265137,137
2023-10-06,4.900000095367432,5.0,4.900000095367432,5.0,3
2023-10-09,4.989999771118164,4.989999771118164,4.880000114440918,4.989999771118164,258
2023-10-10,4.989999771118164,5.0,4.889999866485596,4.889999866485596,427
2023-10-11,4.889999866485596,4.889999866485596,4.71999979019165,4.800000190734863,7548
2023-10-12,4.739999771118164,4.980000019073486,4.739999771118164,4.980000019073486,254
2023-10-13,4.739999771118164,4.980000019073486,4.739999771118164,4.949999809265137,402
2023-10-16,4.760000228881836,4.989999771118164,4.760000228881836,4.989999771118164,820
2023-10-17,4.789999961853027,4.860000133514404,4.78000020980835,4.78000020980835,598
2023-10-18,4.78000020980835,4.96999979019165,4.78000020980835,4.78000020980835,765
2023-10-19,4.78000020980835,4.800000190734863,4.78000020980835,4.78000020980835,156
2023-10-20,4.96999979019165,4.96999979019165,4.96999979019165,4.96999979019165,300
2023-10-23,4.809999942779541,4.96999979019165,4.809999942779541,4.96999979019165,636
2023-10-24,4.900000095367432,4.949999809265137,4.800000190734863,4.949999809265137,1186
2023-10-25,4.809999942779541,4.900000095367432,4.809999942779541,4.900000095367432,8005
2023-10-26,4.900000095367432,4.900000095367432,4.710000038146973,4.800000190734863,3523
2023-10-27,4.800000190734863,4.900000095367432,4.71999979019165,4.889999866485596,207
2023-10-30,4.940000057220459,5.079999923706055,4.769999980926514,4.989999771118164,8027
2023-10-31,4.949999809265137,4.949999809265137,4.78000020980835,4.900000095367432,453
2023-11-02,4.800000190734863,5.019999980926514,4.789999961853027,4.989999771118164,1380
2023-11-03,4.980000019073486,4.989999771118164,4.809999942779541,4.989999771118164,379
2023-11-06,4.809999942779541,4.900000095367432,4.809999942779541,4.900000095367432,639
2023-11-07,4.900000095367432,4.900000095367432,4.820000171661377,4.820000171661377,457
2023-11-08,4.829999923706055,4.869999885559082,4.820000171661377,4.820000171661377,324
2023-11-09,4.820000171661377,4.820000171661377,4.800000190734863,4.800000190734863,1442
2023-11-10,4.619999885559082,4.619999885559082,4.599999904632568,4.599999904632568,904
2023-11-13,4.599999904632568,4.949999809265137,4.599999904632568,4.900000095367432,752
2023-11-14,4.940000057220459,4.940000057220459,4.699999809265137,4.710000038146973,991
2023-11-15,4.710000038146973,4.940000057220459,4.699999809265137,4.940000057220459,701
2023-11-16,4.699999809265137,4.710000038146973,4.699999809265137,4.710000038146973,123
2023-11-17,4.710000038146973,4.849999904632568,4.699999809265137,4.849999904632568,532
2023-11-20,4.75,4.800000190734863,4.71999979019165,4.71999979019165,1606
2023-11-21,4.71999979019165,4.78000020980835,4.659999847412109,4.78000020980835,1541
2023-11-22,4.78000020980835,4.800000190734863,4.659999847412109,4.659999847412109,366
2023-11-23,4.78000020980835,4.78000020980835,4.659999847412109,4.670000076293945,408
2023-11-24,4.659999847412109,4.78000020980835,4.559999942779541,4.599999904632568,9869
2023-11-27,4.900000095367432,4.940000057220459,4.610000133514404,4.800000190734863,16083
2023-11-28,4.75,4.800000190734863,4.75,4.800000190734863,803
2023-11-29,5.0,5.0,4.760000228881836,4.929999828338623,21200
2023-11-30,4.940000057220459,4.940000057220459,4.630000114440918,4.920000076293945,4553
2023-12-01,4.739999771118164,4.75,4.730000019073486,4.739999771118164,1522
2023-12-04,4.760000228881836,4.760000228881836,4.760000228881836,4.760000228881836,1
2023-12-05,4.75,4.78000020980835,4.75,4.78000020980835,1108
2023-12-06,4.760000228881836,4.789999961853027,4.679999828338623,4.789999961853027,869
2023-12-07,4.699999809265137,4.699999809265137,4.699999809265137,4.699999809265137,121
2023-12-08,4.699999809265137,4.869999885559082,4.679999828338623,4.860000133514404,5177
2023-12-11,4.869999885559082,4.869999885559082,4.699999809265137,4.849999904632568,2494
2023-12-12,4.739999771118164,4.869999885559082,4.71999979019165,4.71999979019165,908
2023-12-13,4.730000019073486,4.840000152587891,4.699999809265137,4.699999809265137,1990
2023-12-14,4.710000038146973,4.800000190734863,4.699999809265137,4.699999809265137,1208
2023-12-15,4.78000020980835,4.78000020980835,4.699999809265137,4.699999809265137,14758
2023-12-18,4.710000038146973,4.75,4.570000171661377,4.570000171661377,9888
2023-12-19,4.570000171661377,4.730000019073486,4.550000190734863,4.550000190734863,3659
2023-12-20,4.519999980926514,4.519999980926514,4.300000190734863,4.440000057220459,17659
2023-12-21,4.329999923706055,4.78000020980835,4.320000171661377,4.78000020980835,1012555
2023-12-22,4.78000020980835,4.78000020980835,4.510000228881836,4.550000190734863,5747
2023-12-27,4.550000190734863,4.739999771118164,4.550000190734863,4.699999809265137,1367
2023-12-28,4.599999904632568,4.699999809265137,4.519999980926514,4.519999980926514,6485
2023-12-29,4.510000228881836,4.670000076293945,4.510000228881836,4.550000190734863,2291
2024-01-02,4.539999961853027,4.690000057220459,4.539999961853027,4.559999942779541,10336
2024-01-03,4.679999828338623,4.679999828338623,4.559999942779541,4.559999942779541,2528
2024-01-04,4.559999942779541,4.789999961853027,4.550000190734863,4.630000114440918,9747
2024-01-05,4.690000057220459,4.690000057220459,4.570000171661377,4.590000152587891,2515
2024-01-08,4.690000057220459,4.690000057220459,4.570000171661377,4.679999828338623,6920
2024-01-09,4.679999828338623,4.679999828338623,4.579999923706055,4.579999923706055,7580
2024-01-10,4.579999923706055,4.679999828338623,4.579999923706055,4.679999828338623,4694
2024-01-11,4.590000152587891,4.590000152587891,4.559999942779541,4.559999942779541,3200
2024-01-12,4.559999942779541,4.559999942779541,4.550000190734863,4.550000190734863,301
2024-01-15,4.550000190734863,4.559999942779541,4.5,4.5,690
2024-01-16,4.510000228881836,4.510000228881836,4.5,4.5,12
2024-01-17,4.5,4.5,4.400000095367432,4.489999771118164,238
2024-01-18,4.400000095367432,4.5,4.400000095367432,4.5,101
2024-01-19,4.400000095367432,4.449999809265137,4.400000095367432,4.449999809265137,129
2024-01-22,4.5,4.5,4.460000038146973,4.460000038146973,211
2024-01-23,4.550000190734863,4.550000190734863,4.449999809265137,4.460000038146973,762
2024-01-24,4.409999847412109,4.539999961853027,4.409999847412109,4.480000019073486,632
2024-01-25,4.480000019073486,4.480000019073486,4.460000038146973,4.460000038146973,387
2024-01-26,4.409999847412109,4.539999961853027,4.400000095367432,4.539999961853027,213
2024-01-29,4.539999961853027,4.590000152587891,4.400000095367432,4.590000152587891,377
2024-01-30,4.420000076293945,4.579999923706055,4.420000076293945,4.579999923706055,25
2024-01-31,4.579999923706055,4.579999923706055,4.579999923706055,4.579999923706055,0
2024-02-01,4.579999923706055,4.579999923706055,4.579999923706055,4.579999923706055,0
2024-02-02,4.510000228881836,4.590000152587891,4.400000095367432,4.400000095367432,1688
2024-02-05,4.409999847412109,4.579999923706055,4.409999847412109,4.579999923706055,2108
2024-02-06,4.420000076293945,4.449999809265137,4.420000076293945,4.449999809265137,3
2024-02-07,4.440000057220459,4.570000171661377,4.429999828338623,4.570000171661377,250
2024-02-08,4.440000057220459,4.579999923706055,4.429999828338623,4.579999923706055,427
2024-02-09,4.440000057220459,4.449999809265137,4.369999885559082,4.369999885559082,3258
2024-02-12,4.369999885559082,4.559999942779541,4.300000190734863,4.559999942779541,5221
2024-02-13,4.340000152587891,4.570000171661377,4.329999923706055,4.570000171661377,997
2024-02-14,4.369999885559082,4.429999828338623,4.349999904632568,4.369999885559082,1065
2024-02-15,4.429999828338623,4.429999828338623,4.429999828338623,4.429999828338623,392
2024-02-16,4.570000171661377,4.570000171661377,4.449999809265137,4.550000190734863,648
2024-02-19,4.309999942779541,4.550000190734863,4.309999942779541,4.53000020980835,854
2024-02-20,4.369999885559082,4.539999961853027,4.329999923706055,4.539999961853027,1435
2024-02-21,4.349999904632568,4.599999904632568,4.349999904632568,4.599999904632568,161
2024-02-22,4.579999923706055,4.579999923706055,4.579999923706055,4.579999923706055,15
2024-02-23,4.349999904632568,4.570000171661377,4.349999904632568,4.570000171661377,545
2024-02-26,4.460000038146973,4.570000171661377,4.460000038146973,4.570000171661377,180
2024-02-27,4.460000038146973,4.570000171661377,4.460000038146973,4.570000171661377,396
2024-02-28,4.480000019073486,4.579999923706055,4.320000171661377,4.579999923706055,2172
2024-02-29,4.420000076293945,4.570000171661377,4.420000076293945,4.480000019073486,1387
2024-03-01,4.449999809265137,4.550000190734863,4.449999809265137,4.550000190734863,260
2024-03-04,4.340000152587891,4.5,4.329999923706055,4.5,767
2024-03-05,4.320000171661377,4.369999885559082,4.309999942779541,4.369999885559082,1446
2024-03-06,4.309999942779541,4.550000190734863,4.309999942779541,4.550000190734863,2338
2024-03-07,4.340000152587891,4.449999809265137,4.340000152587891,4.449999809265137,90
2024-03-08,4.340000152587891,4.449999809265137,4.340000152587891,4.440000057220459,389
2024-03-11,4.369999885559082,4.449999809265137,4.369999885559082,4.369999885559082,394
2024-03-12,4.340000152587891,4.340000152587891,4.329999923706055,4.329999923706055,2428
2024-03-13,4.329999923706055,4.329999923706055,4.099999904632568,4.099999904632568,3505
2024-03-14,4.110000133514404,4.289999961853027,4.110000133514404,4.289999961853027,2352
2024-03-15,4.150000095367432,4.289999961853027,4.119999885559082,4.28000020980835,3640
2024-03-18,4.179999828338623,4.28000020980835,4.159999847412109,4.159999847412109,1952
2024-03-19,4.170000076293945,4.28000020980835,4.110000133514404,4.110000133514404,27
2024-03-20,4.119999885559082,4.300000190734863,4.119999885559082,4.28000020980835,2870
2024-03-21,4.130000114440918,4.260000228881836,4.130000114440918,4.260000228881836,853
2024-03-22,4.139999866485596,4.25,4.099999904632568,4.25,7732
2024-03-25,4.090000152587891,4.25,4.090000152587891,4.25,109
2024-03-26,4.25,4.25,4.130000114440918,4.239999771118164,2513
2024-03-27,4.130000114440918,4.199999809265137,3.9100000858306885,4.190000057220459,10194
2024-03-28,4.170000076293945,4.239999771118164,4.170000076293945,4.239999771118164,1611
2024-04-02,4.050000190734863,4.150000095367432,4.050000190734863,4.150000095367432,1185
2024-04-03,4.079999923706055,4.130000114440918,4.0,4.119999885559082,2441
2024-04-04,4.119999885559082,4.150000095367432,4.059999942779541,4.059999942779541,1002
2024-04-05,4.039999961853027,4.099999904632568,4.039999961853027,4.099999904632568,303
2024-04-08,4.110000133514404,4.190000057220459,4.099999904632568,4.179999828338623,111
2024-04-09,4.179999828338623,4.199999809265137,4.119999885559082,4.199999809265137,617
2024-04-10,4.150000095367432,4.179999828338623,4.119999885559082,4.179999828338623,504
2024-04-11,4.119999885559082,4.170000076293945,4.119999885559082,4.170000076293945,1200
2024-04-12,4.159999847412109,4.159999847412109,4.119999885559082,4.159999847412109,381
2024-04-15,4.159999847412109,4.389999866485596,4.130000114440918,4.179999828338623,1425
2024-04-16,4.130000114440918,4.199999809265137,4.110000133514404,4.190000057220459,2023
2024-04-17,4.110000133514404,4.190000057220459,4.110000133514404,4.190000057220459,663
2024-04-18,4.190000057220459,4.190000057220459,4.039999961853027,4.110000133514404,1677
2024-04-19,4.039999961853027,4.099999904632568,4.039999961853027,4.099999904632568,492
2024-04-22,4.039999961853027,4.099999904632568,4.039999961853027,4.039999961853027,983
2024-04-23,3.9700000286102295,4.0,3.9700000286102295,3.9800000190734863,1205
2024-04-24,3.9800000190734863,4.0,3.9800000190734863,4.0,689
2024-04-25,4.110000133514404,4.110000133514404,3.930000066757202,4.099999904632568,1552
2024-04-26,3.930000066757202,4.110000133514404,3.930000066757202,4.110000133514404,116
2024-04-29,4.110000133514404,4.46999979019165,4.110000133514404,4.289999961853027,14962
2024-04-30,4.28000020980835,4.28000020980835,4.25,4.269999980926514,1618
2024-05-02,4.159999847412109,4.28000020980835,4.150000095367432,4.269999980926514,926
2024-05-06,4.260000228881836,4.480000019073486,4.25,4.429999828338623,6033
2024-05-07,4.449999809265137,4.449999809265137,4.349999904632568,4.400000095367432,855
2024-05-08,4.429999828338623,4.429999828338623,4.369999885559082,4.420000076293945,469
2024-05-09,4.420000076293945,4.420000076293945,4.28000020980835,4.420000076293945,651
2024-05-10,4.28000020980835,4.380000114440918,4.28000020980835,4.380000114440918,101
2024-05-13,4.28000020980835,4.369999885559082,4.210000038146973,4.369999885559082,1422
2024-05-14,4.349999904632568,4.349999904632568,4.21999979019165,4.340000152587891,939
2024-05-15,4.349999904632568,4.349999904632568,4.099999904632568,4.170000076293945,1810
2024-05-16,4.329999923706055,4.349999904632568,4.21999979019165,4.25,732
2024-05-17,4.340000152587891,4.349999904632568,4.340000152587891,4.349999904632568,1001
2024-05-20,4.25,4.420000076293945,4.25,4.349999904632568,12323
2024-05-21,4.329999923706055,4.349999904632568,4.25,4.349999904632568,4261
2024-05-22,4.300000190734863,4.349999904632568,4.300000190734863,4.349999904632568,3855
2024-05-23,4.349999904632568,4.349999904632568,4.309999942779541,4.349999904632568,666
2024-05-24,4.300000190734863,4.349999904632568,4.25,4.340000152587891,2756
2024-05-27,4.300000190734863,4.559999942779541,4.300000190734863,4.440000057220459,1406
2024-05-28,4.400000095367432,4.400000095367432,4.269999980926514,4.300000190734863,185
2024-05-29,4.309999942779541,4.570000171661377,4.230000019073486,4.570000171661377,8822
2024-05-31,4.420000076293945,4.550000190734863,4.300000190734863,4.5,3580
2024-06-03,4.400000095367432,4.400000095367432,4.059999942779541,4.079999923706055,8140
2024-06-04,4.199999809265137,4.670000076293945,4.090000152587891,4.480000019073486,37593
2024-06-05,4.480000019073486,4.590000152587891,4.360000133514404,4.5,3262
2024-06-06,4.480000019073486,4.510000228881836,4.320000171661377,4.480000019073486,7050
2024-06-07,4.480000019073486,4.480000019073486,4.28000020980835,4.420000076293945,975
2024-06-10,4.28000020980835,4.449999809265137,4.28000020980835,4.400000095367432,1074
2024-06-11,4.340000152587891,4.389999866485596,4.269999980926514,4.389999866485596,2635
2024-06-12,4.269999980926514,4.269999980926514,4.269999980926514,4.269999980926514,242
2024-06-13,4.269999980926514,4.349999904632568,4.269999980926514,4.349999904632568,13296
2024-06-14,4.380000114440918,4.380000114440918,4.230000019073486,4.25,1019
2024-06-17,4.199999809265137,4.300000190734863,4.199999809265137,4.300000190734863,2373
2024-06-18,4.179999828338623,4.300000190734863,4.179999828338623,4.289999961853027,346
2024-06-19,4.159999847412109,4.159999847412109,4.159999847412109,4.159999847412109,1
2024-06-20,4.300000190734863,4.300000190734863,4.159999847412109,4.300000190734863,503
2024-06-21,4.300000190734863,4.300000190734863,4.170000076293945,4.300000190734863,1164
2024-06-24,4.179999828338623,4.28000020980835,4.179999828338623,4.199999809265137,748
2024-06-25,4.179999828338623,4.289999961853027,4.130000114440918,4.289999961853027,2003
2024-06-26,4.170000076293945,4.289999961853027,4.170000076293945,4.289999961853027,401
2024-06-27,4.340000152587891,4.340000152587891,4.340000152587891,4.340000152587891,422
2024-06-28,4.170000076293945,4.300000190734863,4.170000076293945,4.300000190734863,114
2024-07-01,4.179999828338623,4.389999866485596,4.150000095367432,4.389999866485596,4612
2024-07-02,4.300000190734863,4.349999904632568,4.170000076293945,4.170000076293945,1265
2024-07-03,4.170000076293945,4.340000152587891,4.170000076293945,4.170000076293945,589
2024-07-04,4.179999828338623,4.289999961853027,4.179999828338623,4.25,72
2024-07-05,4.190000057220459,4.300000190734863,4.190000057220459,4.300000190734863,1046
2024-07-08,4.300000190734863,4.309999942779541,4.289999961853027,4.289999961853027,3018
2024-07-09,4.300000190734863,4.300000190734863,4.199999809265137,4.199999809265137,496
2024-07-10,4.210000038146973,4.289999961853027,4.170000076293945,4.190000057220459,1242
2024-07-11,4.28000020980835,4.28000020980835,4.199999809265137,4.28000020980835,71
2024-07-12,4.179999828338623,4.289999961853027,4.179999828338623,4.289999961853027,307
2024-07-15,4.28000020980835,4.320000171661377,4.179999828338623,4.320000171661377,5467
2024-07-16,4.320000171661377,4.320000171661377,4.199999809265137,4.199999809265137,1546
2024-07-17,4.210000038146973,4.289999961853027,4.199999809265137,4.28000020980835,2359
2024-07-18,4.289999961853027,4.289999961853027,4.210000038146973,4.230000019073486,759
2024-07-19,4.289999961853027,4.289999961853027,4.289999961853027,4.289999961853027,849
2024-07-22,4.230000019073486,4.320000171661377,4.230000019073486,4.320000171661377,3836
2024-07-23,4.320000171661377,4.320000171661377,4.230000019073486,4.269999980926514,2242
2024-07-24,4.269999980926514,4.309999942779541,4.25,4.300000190734863,1134
2024-07-25,4.28000020980835,4.28000020980835,4.179999828338623,4.199999809265137,5756
2024-07-26,4.260000228881836,4.260000228881836,4.150000095367432,4.25,1053
2024-07-29,4.25,4.25,4.159999847412109,4.159999847412109,4
2024-07-30,4.159999847412109,4.239999771118164,4.159999847412109,4.239999771118164,691
2024-07-31,4.150000095367432,4.150000095367432,4.150000095367432,4.150000095367432,5
2024-08-01,4.150000095367432,4.150000095367432,4.150000095367432,4.150000095367432,125
2024-08-02,4.150000095367432,4.179999828338623,4.119999885559082,4.170000076293945,6300
2024-08-05,4.170000076293945,4.199999809265137,3.9700000286102295,3.9700000286102295,2408
2024-08-06,4.039999961853027,4.190000057220459,4.039999961853027,4.179999828338623,5565
2024-08-07,4.050000190734863,4.179999828338623,4.050000190734863,4.179999828338623,516
2024-08-08,4.010000228881836,4.170000076293945,4.010000228881836,4.170000076293945,201
2024-08-09,4.050000190734863,4.170000076293945,4.050000190734863,4.170000076293945,61
2024-08-12,4.090000152587891,4.099999904632568,4.090000152587891,4.090000152587891,408
2024-08-13,4.010000228881836,4.159999847412109,4.010000228881836,4.150000095367432,59
2024-08-14,4.170000076293945,4.170000076293945,4.170000076293945,4.170000076293945,40
2024-08-16,4.170000076293945,4.170000076293945,4.03000020980835,4.03000020980835,11
2024-08-19,4.059999942779541,4.289999961853027,4.059999942779541,4.289999961853027,2148
2024-08-20,4.079999923706055,4.260000228881836,4.079999923706055,4.260000228881836,381
2024-08-21,4.119999885559082,4.260000228881836,4.119999885559082,4.260000228881836,48
2024-08-22,4.130000114440918,4.260000228881836,4.130000114440918,4.25,101
2024-08-23,4.239999771118164,4.289999961853027,4.150000095367432,4.289999961853027,1044
2024-08-26,4.289999961853027,4.289999961853027,4.110000133514404,4.119999885559082,2065
2024-08-27,4.119999885559082,4.28000020980835,4.119999885559082,4.28000020980835,171
2024-08-28,4.119999885559082,4.119999885559082,4.110000133514404,4.110000133514404,1021
2024-08-29,4.110000133514404,4.28000020980835,4.110000133514404,4.28000020980835,257
2024-08-30,4.119999885559082,4.28000020980835,4.119999885559082,4.269999980926514,441
2024-09-02,4.28000020980835,4.28000020980835,4.159999847412109,4.170000076293945,144
2024-09-03,4.28000020980835,4.28000020980835,4.170000076293945,4.28000020980835,1913
2024-09-04,4.289999961853027,4.289999961853027,4.150000095367432,4.269999980926514,1020
2024-09-05,4.119999885559082,4.239999771118164,4.119999885559082,4.239999771118164,35
2024-09-06,4.150000095367432,4.239999771118164,4.150000095367432,4.239999771118164,175
2024-09-09,4.139999866485596,4.230000019073486,4.099999904632568,4.230000019073486,2043
2024-09-10,4.03000020980835,4.050000190734863,4.010000228881836,4.010000228881836,1002
2024-09-11,4.21999979019165,4.21999979019165,4.150000095367432,4.199999809265137,476
2024-09-12,4.019999980926514,4.199999809265137,4.019999980926514,4.199999809265137,206
2024-09-13,4.190000057220459,4.190000057220459,4.019999980926514,4.190000057220459,65
2024-09-16,4.190000057220459,4.190000057220459,4.190000057220459,4.190000057220459,0
2024-09-17,4.03000020980835,4.190000057220459,4.03000020980835,4.190000057220459,264
2024-09-18,4.03000020980835,4.03000020980835,4.03000020980835,4.03000020980835,45
2024-09-19,4.03000020980835,4.03000020980835,4.03000020980835,4.03000020980835,1
2024-09-20,4.139999866485596,4.139999866485596,4.03000020980835,4.03000020980835,1002
2024-09-23,4.039999961853027,4.150000095367432,4.039999961853027,4.150000095367432,44
2024-09-24,4.039999961853027,4.139999866485596,4.03000020980835,4.139999866485596,681
2024-09-25,4.039999961853027,4.139999866485596,4.039999961853027,4.139999866485596,210
2024-09-26,4.039999961853027,4.139999866485596,4.039999961853027,4.130000114440918,741
2024-09-27,4.050000190734863,4.130000114440918,4.03000020980835,4.130000114440918,8477
2024-09-30,4.230000019073486,4.230000019073486,4.019999980926514,4.019999980926514,2613
2024-10-01,4.019999980926514,4.130000114440918,4.010000228881836,4.130000114440918,1065
2024-10-02,4.099999904632568,4.099999904632568,3.9000000953674316,4.079999923706055,2973
2024-10-03,3.8299999237060547,4.050000190734863,3.740000009536743,3.819999933242798,5676
2024-10-04,3.819999933242798,3.930000066757202,3.799999952316284,3.890000104904175,2971
2024-10-07,3.9200000762939453,4.019999980926514,3.809999942779541,4.0,3115
2024-10-08,4.0,4.039999961853027,3.8499999046325684,4.03000020980835,3806
2024-10-09,3.859999895095825,4.039999961853027,3.859999895095825,3.9600000381469727,764
2024-10-10,3.890000104904175,4.039999961853027,3.890000104904175,4.0,1229
2024-10-11,4.039999961853027,4.039999961853027,3.890000104904175,4.039999961853027,473
2024-10-14,4.039999961853027,4.039999961853027,3.940000057220459,3.940000057220459,2593
2024-10-15,4.019999980926514,4.019999980926514,4.019999980926514,4.019999980926514,20
2024-10-16,4.010000228881836,4.010000228881836,3.930000066757202,3.9800000190734863,623
2024-10-17,3.950000047683716,3.950000047683716,3.930000066757202,3.940000057220459,488
2024-10-18,3.8399999141693115,3.950000047683716,3.8399999141693115,3.950000047683716,28
2024-10-21,3.950000047683716,3.950000047683716,3.8499999046325684,3.8499999046325684,370
2024-10-22,3.8499999046325684,3.990000009536743,3.8499999046325684,3.990000009536743,512
2024-10-23,3.8399999141693115,3.9600000381469727,3.8399999141693115,3.9600000381469727,205
2024-10-24,3.9200000762939453,3.990000009536743,3.859999895095825,3.9700000286102295,347
2024-10-25,3.869999885559082,3.990000009536743,3.819999933242798,3.990000009536743,3359
2024-10-28,3.869999885559082,3.869999885559082,3.859999895095825,3.859999895095825,2
2024-10-29,3.859999895095825,3.990000009536743,3.859999895095825,3.990000009536743,4
2024-10-30,3.859999895095825,3.990000009536743,3.859999895095825,3.9600000381469727,380
2024-10-31,3.869999885559082,3.9700000286102295,3.869999885559082,3.9700000286102295,207
2024-11-04,3.9700000286102295,3.9700000286102295,3.869999885559082,3.880000114440918,125
2024-11-05,3.9600000381469727,3.9600000381469727,3.869999885559082,3.940000057220459,1448
2024-11-06,3.880000114440918,3.9200000762939453,3.809999942779541,3.9200000762939453,1049
2024-11-07,3.819999933242798,3.9100000858306885,3.819999933242798,3.9100000858306885,823
2024-11-08,3.9100000858306885,3.9100000858306885,3.8399999141693115,3.890000104904175,1849
2024-11-12,3.869999885559082,3.869999885559082,3.8399999141693115,3.8399999141693115,925
2024-11-13,3.8499999046325684,3.8499999046325684,3.809999942779541,3.809999942779541,687
2024-11-14,3.809999942779541,3.809999942779541,3.75,3.75,2215
2024-11-15,3.75,3.75,3.700000047683716,3.700000047683716,296
2024-11-18,3.700000047683716,3.700000047683716,3.619999885559082,3.690000057220459,2476
2024-11-19,3.630000114440918,3.690000057220459,3.609999895095825,3.690000057220459,2249
2024-11-20,3.609999895095825,3.690000057220459,3.609999895095825,3.690000057220459,407
2024-11-21,3.690000057220459,3.690000057220459,3.609999895095825,3.690000057220459,48
2024-11-22,3.609999895095825,3.700000047683716,3.609999895095825,3.700000047683716,748
2024-11-25,3.700000047683716,3.759999990463257,3.609999895095825,3.609999895095825,1541
2024-11-26,3.700000047683716,3.8499999046325684,3.619999885559082,3.8399999141693115,2690
2024-11-27,3.8299999237060547,3.8299999237060547,3.799999952316284,3.799999952316284,15
2024-11-28,3.819999933242798,3.819999933242798,3.7799999713897705,3.809999942779541,1978
2024-11-29,3.819999933242798,3.819999933242798,3.630000114440918,3.809999942779541,4291
2024-12-02,3.8299999237060547,3.8299999237060547,3.6600000858306885,3.799999952316284,13180
2024-12-03,3.799999952316284,3.799999952316284,3.7200000286102295,3.799999952316284,11250
2024-12-04,3.799999952316284,3.869999885559082,3.799999952316284,3.869999885559082,1538
2024-12-05,3.9000000953674316,3.9000000953674316,3.7300000190734863,3.759999990463257,7003
2024-12-06,3.759999990463257,3.890000104904175,3.740000009536743,3.809999942779541,3160
2024-12-09,3.809999942779541,3.809999942779541,3.799999952316284,3.809999942779541,1619
2024-12-10,3.8499999046325684,3.890000104904175,3.8499999046325684,3.859999895095825,3129
2024-12-11,3.859999895095825,3.869999885559082,3.740000009536743,3.8399999141693115,1256
2024-12-12,3.8299999237060547,3.859999895095825,3.740000009536743,3.8499999046325684,1247
2024-12-13,3.8499999046325684,3.8499999046325684,3.7200000286102295,3.75,4303
2024-12-16,3.6700000762939453,3.75,3.630000114440918,3.630000114440918,2042
2024-12-17,3.700000047683716,3.8399999141693115,3.619999885559082,3.799999952316284,2127
2024-12-18,3.7100000381469727,3.75,3.700000047683716,3.7200000286102295,5158
2024-12-19,3.700000047683716,3.8399999141693115,3.6500000953674316,3.6600000858306885,2646
2024-12-20,3.6500000953674316,3.8299999237060547,3.609999895095825,3.8299999237060547,10046
2024-12-23,3.549999952316284,3.6600000858306885,3.4200000762939453,3.6600000858306885,14977
2024-12-27,3.6500000953674316,3.799999952316284,3.6500000953674316,3.799999952316284,319
2024-12-30,3.7100000381469727,3.799999952316284,3.7100000381469727,3.7200000286102295,471
2025-01-02,3.6600000858306885,3.700000047683716,3.6600000858306885,3.700000047683716,5019
2025-01-03,3.700000047683716,3.8499999046325684,3.700000047683716,3.8499999046325684,5120
2025-01-07,3.7100000381469727,3.8399999141693115,3.569999933242798,3.809999942779541,7442
2025-01-08,3.809999942779541,4.150000095367432,3.809999942779541,4.150000095367432,18913
2025-01-09,4.389999866485596,4.53000020980835,4.010000228881836,4.53000020980835,17028
2025-01-10,4.53000020980835,4.690000057220459,4.480000019073486,4.679999828338623,9346
2025-01-13,4.53000020980835,4.699999809265137,4.53000020980835,4.690000057220459,1919
2025-01-14,4.599999904632568,4.78000020980835,4.599999904632568,4.71999979019165,4354
2025-01-15,4.670000076293945,4.71999979019165,4.610000133514404,4.71999979019165,14934
2025-01-16,4.730000019073486,5.0,4.730000019073486,4.96999979019165,20127
2025-01-17,4.96999979019165,5.099999904632568,4.96999979019165,5.099999904632568,9725
2025-01-20,4.840000152587891,5.079999923706055,4.829999923706055,4.940000057220459,2567
2025-01-21,5.059999942779541,5.400000095367432,5.019999980926514,5.400000095367432,15421
2025-01-22,5.179999828338623,5.440000057220459,5.139999866485596,5.340000152587891,3589
2025-01-23,5.340000152587891,5.420000076293945,5.199999809265137,5.420000076293945,4796
2025-01-24,5.380000114440918,5.420000076293945,5.199999809265137,5.300000190734863,3839
2025-01-27,5.340000152587891,5.400000095367432,5.239999771118164,5.380000114440918,2284
2025-01-28,5.400000095367432,5.420000076293945,5.400000095367432,5.420000076293945,985
2025-01-29,5.320000171661377,5.5,5.300000190734863,5.480000019073486,10111
2025-01-30,5.360000133514404,5.5,5.28000020980835,5.480000019073486,8383
2025-01-31,5.480000019073486,5.5,5.380000114440918,5.480000019073486,2357
2025-02-03,5.480000019073486,5.5,5.400000095367432,5.440000057220459,2391
2025-02-04,5.400000095367432,5.440000057220459,5.320000171661377,5.420000076293945,3458
2025-02-05,5.340000152587891,5.400000095367432,5.300000190734863,5.400000095367432,1664
2025-02-06,5.320000171661377,5.400000095367432,5.320000171661377,5.340000152587891,11593
2025-02-07,5.320000171661377,5.320000171661377,5.300000190734863,5.300000190734863,524
2025-02-10,5.260000228881836,5.28000020980835,5.179999828338623,5.179999828338623,2941
2025-02-11,5.119999885559082,5.300000190734863,5.099999904632568,5.300000190734863,3533
2025-02-12,5.300000190734863,5.300000190734863,5.28000020980835,5.300000190734863,472
2025-02-13,5.21999979019165,5.300000190734863,5.21999979019165,5.300000190734863,211
2025-02-14,5.28000020980835,5.300000190734863,5.239999771118164,5.300000190734863,5759
2025-02-17,5.28000020980835,5.400000095367432,5.28000020980835,5.360000133514404,2410
2025-02-18,5.380000114440918,5.440000057220459,5.360000133514404,5.360000133514404,7996
2025-02-19,5.360000133514404,5.440000057220459,5.360000133514404,5.440000057220459,126
2025-02-20,5.440000057220459,5.440000057220459,5.360000133514404,5.380000114440918,2448
2025-02-21,5.380000114440918,5.400000095367432,5.320000171661377,5.400000095367432,372
2025-02-24,5.360000133514404,5.380000114440918,5.360000133514404,5.380000114440918,751
2025-02-25,5.320000171661377,5.320000171661377,5.179999828338623,5.239999771118164,499
2025-02-26,5.300000190734863,5.380000114440918,5.300000190734863,5.300000190734863,2081
2025-02-27,5.300000190734863,5.380000114440918,5.300000190734863,5.380000114440918,523
2025-02-28,5.300000190734863,5.5,5.239999771118164,5.5,5653
2025-03-03,5.480000019073486,5.5,5.340000152587891,5.440000057220459,1547
2025-03-04,5.340000152587891,5.420000076293945,5.300000190734863,5.420000076293945,3567
2025-03-05,5.400000095367432,5.400000095367432,5.28000020980835,5.28000020980835,653
2025-03-06,5.380000114440918,5.420000076293945,5.380000114440918,5.420000076293945,513
2025-03-07,5.360000133514404,5.440000057220459,5.360000133514404,5.440000057220459,489
2025-03-10,5.400000095367432,5.440000057220459,5.340000152587891,5.440000057220459,390
2025-03-11,5.440000057220459,5.440000057220459,5.380000114440918,5.380000114440918,52
2025-03-12,5.400000095367432,5.400000095367432,5.340000152587891,5.400000095367432,1182
2025-03-13,5.420000076293945,5.420000076293945,5.380000114440918,5.380000114440918,765
2025-03-14,5.380000114440918,5.440000057220459,5.340000152587891,5.440000057220459,2283
2025-03-17,5.440000057220459,5.559999942779541,5.440000057220459,5.559999942779541,12255
2025-03-18,5.440000057220459,5.659999847412109,5.440000057220459,5.639999866485596,5721
2025-03-19,5.639999866485596,5.739999771118164,5.559999942779541,5.71999979019165,6992
2025-03-20,5.71999979019165,6.0,5.659999847412109,6.0,4962
2025-03-21,5.71999979019165,5.980000019073486,5.71999979019165,5.900000095367432,8069
2025-03-24,5.800000190734863,6.179999828338623,5.800000190734863,6.179999828338623,2444
2025-03-25,5.960000038146973,6.159999847412109,5.940000057220459,6.119999885559082,829
2025-03-26,6.119999885559082,6.179999828338623,5.880000114440918,6.179999828338623,1538
2025-03-27,5.980000019073486,6.119999885559082,5.900000095367432,5.900000095367432,1071
2025-03-28,6.039999961853027,6.039999961853027,5.900000095367432,5.980000019073486,1606
2025-03-31,5.800000190734863,5.900000095367432,5.599999904632568,5.800000190734863,2948
2025-04-01,5.400000095367432,5.900000095367432,5.400000095367432,5.900000095367432,1566
2025-04-02,5.900000095367432,5.900000095367432,5.75,5.900000095367432,537
2025-04-03,5.650000095367432,5.900000095367432,5.650000095367432,5.900000095367432,8
2025-04-04,5.650000095367432,5.75,5.400000095367432,5.75,1571
2025-04-07,5.400000095367432,5.800000190734863,5.400000095367432,5.400000095367432,758
2025-04-08,5.800000190734863,5.800000190734863,5.5,5.800000190734863,25
2025-04-09,5.650000095367432,5.699999809265137,5.150000095367432,5.599999904632568,3656
2025-04-10,5.650000095367432,5.650000095367432,5.400000095367432,5.650000095367432,690
2025-04-11,5.650000095367432,5.650000095367432,5.599999904632568,5.599999904632568,331
2025-04-14,5.550000190734863,5.699999809265137,5.449999809265137,5.599999904632568,465
2025-04-15,5.550000190734863,5.599999904632568,5.449999809265137,5.599999904632568,842
2025-04-16,5.449999809265137,5.550000190734863,5.199999809265137,5.550000190734863,1083
2025-04-17,5.550000190734863,5.550000190734863,5.349999904632568,5.550000190734863,896
2025-04-22,5.550000190734863,5.550000190734863,5.400000095367432,5.550000190734863,567
2025-04-23,5.5,5.650000095367432,5.449999809265137,5.449999809265137,1278
2025-04-24,5.449999809265137,5.449999809265137,5.449999809265137,5.449999809265137,1
2025-04-25,5.599999904632568,5.599999904632568,5.400000095367432,5.599999904632568,553
2025-04-28,5.300000190734863,5.5,5.300000190734863,5.5,1738
2025-04-29,5.349999904632568,5.550000190734863,5.349999904632568,5.349999904632568,1470
2025-04-30,5.349999904632568,5.449999809265137,5.349999904632568,5.449999809265137,127
2025-05-02,5.550000190734863,5.599999904632568,5.300000190734863,5.5,3290
2025-05-05,5.449999809265137,5.5,5.199999809265137,5.5,2001
2025-05-06,5.5,5.550000190734863,5.25,5.550000190734863,606
2025-05-07,5.25,5.400000095367432,5.25,5.349999904632568,250
2025-05-08,5.300000190734863,5.550000190734863,5.199999809265137,5.550000190734863,1062
2025-05-09,5.300000190734863,5.550000190734863,5.150000095367432,5.449999809265137,4085
2025-05-12,5.449999809265137,5.550000190734863,5.300000190734863,5.449999809265137,1598
2025-05-13,5.400000095367432,5.400000095367432,5.300000190734863,5.400000095367432,754
2025-05-14,5.349999904632568,5.349999904632568,5.199999809265137,5.25,1931
2025-05-15,5.25,5.349999904632568,5.199999809265137,5.199999809265137,1324
2025-05-16,5.199999809265137,5.300000190734863,5.150000095367432,5.199999809265137,345
2025-05-19,5.199999809265137,5.349999904632568,5.150000095367432,5.349999904632568,2227
2025-05-20,5.349999904632568,5.449999809265137,5.199999809265137,5.400000095367432,365
2025-05-21,5.199999809265137,5.25,5.099999904632568,5.199999809265137,2889
2025-05-22,5.199999809265137,5.25,5.050000190734863,5.199999809265137,128
2025-05-23,5.199999809265137,5.449999809265137,5.099999904632568,5.400000095367432,1632
2025-05-26,5.300000190734863,5.449999809265137,5.199999809265137,5.400000095367432,352
2025-05-27,5.199999809265137,5.349999904632568,5.099999904632568,5.349999904632568,1111
2025-05-28,5.300000190734863,5.300000190734863,5.199999809265137,5.199999809265137,1042
2025-05-29,5.349999904632568,5.349999904632568,5.099999904632568,5.349999904632568,304
2025-05-30,5.349999904632568,5.349999904632568,5.349999904632568,5.349999904632568,271
2025-06-02,5.150000095367432,5.349999904632568,5.099999904632568,5.349999904632568,1060
2025-06-03,5.349999904632568,5.400000095367432,5.349999904632568,5.400000095367432,206
2025-06-04,5.150000095367432,5.400000095367432,5.150000095367432,5.400000095367432,2
2025-06-05,5.199999809265137,5.5,5.199999809265137,5.5,1516
2025-06-06,5.400000095367432,5.5,5.400000095367432,5.5,1258
2025-06-09,5.5,5.550000190734863,5.449999809265137,5.550000190734863,2413
2025-06-10,5.550000190734863,5.550000190734863,5.400000095367432,5.5,780
2025-06-11,5.550000190734863,5.550000190734863,5.400000095367432,5.550000190734863,916
2025-06-12,5.400000095367432,5.400000095367432,5.25,5.349999904632568,2675
2025-06-13,5.449999809265137,5.550000190734863,5.300000190734863,5.550000190734863,798
2025-06-16,5.5,5.599999904632568,5.449999809265137,5.550000190734863,17775
2025-06-17,5.550000190734863,5.550000190734863,5.449999809265137,5.550000190734863,513
2025-06-18,5.449999809265137,5.449999809265137,5.25,5.400000095367432,904
2025-06-20,5.25,5.449999809265137,5.25,5.449999809265137,40
2025-06-23,5.349999904632568,5.400000095367432,5.25,5.400000095367432,1205
2025-06-24,5.449999809265137,5.449999809265137,5.25,5.300000190734863,1296
2025-06-25,5.449999809265137,5.449999809265137,5.25,5.25,1613
2025-06-26,5.199999809265137,5.199999809265137,5.199999809265137,5.199999809265137,2078
2025-06-27,5.099999904632568,5.300000190734863,5.099999904632568,5.300000190734863,596
2025-06-30,5.150000095367432,5.150000095367432,5.150000095367432,5.150000095367432,102
2025-07-01,5.199999809265137,5.300000190734863,5.150000095367432,5.150000095367432,1509
2025-07-02,5.199999809265137,5.449999809265137,5.199999809265137,5.449999809265137,1798
2025-07-03,5.25,5.449999809265137,5.25,5.449999809265137,2355
2025-07-04,5.449999809265137,5.449999809265137,5.400000095367432,5.400000095367432,686
2025-07-07,5.400000095367432,5.449999809265137,5.400000095367432,5.449999809265137,525
2025-07-08,5.449999809265137,5.5,5.25,5.25,2087
2025-07-09,5.199999809265137,5.300000190734863,5.099999904632568,5.300000190734863,3514
2025-07-10,5.300000190734863,5.300000190734863,5.300000190734863,5.300000190734863,1728
2025-07-11,5.099999904632568,5.199999809265137,5.099999904632568,5.199999809265137,4
2025-07-14,5.349999904632568,5.349999904632568,5.300000190734863,5.300000190734863,237
2025-07-15,5.400000095367432,5.400000095367432,5.300000190734863,5.300000190734863,1161
2025-07-16,5.349999904632568,5.349999904632568,5.25,5.300000190734863,1064
2025-07-17,5.25,5.550000190734863,5.25,5.5,7330
2025-07-18,5.5,5.550000190734863,5.5,5.550000190734863,1045
2025-07-21,5.449999809265137,5.449999809265137,5.300000190734863,5.449999809265137,955
2025-07-22,5.400000095367432,5.5,5.400000095367432,5.5,45
2025-07-23,5.5,5.5,5.449999809265137,5.449999809265137,28
2025-07-24,5.449999809265137,5.449999809265137,5.449999809265137,5.449999809265137,157
2025-07-25,5.5,5.550000190734863,5.349999904632568,5.550000190734863,528
2025-07-28,5.550000190734863,5.550000190734863,5.349999904632568,5.349999904632568,487
2025-07-29,5.349999904632568,5.5,5.349999904632568,5.5,1656
2025-07-30,5.349999904632568,5.5,5.349999904632568,5.5,532
2025-07-31,5.5,5.5,5.349999904632568,5.349999904632568,776
2025-08-01,5.349999904632568,5.349999904632568,5.300000190734863,5.300000190734863,1044
2025-08-04,5.199999809265137,5.400000095367432,5.199999809265137,5.400000095367432,118
2025-08-05,5.199999809265137,5.25,5.199999809265137,5.199999809265137,1002
2025-08-06,5.199999809265137,5.449999809265137,5.199999809265137,5.449999809265137,518
2025-08-07,5.449999809265137,5.449999809265137,5.300000190734863,5.449999809265137,1443
2025-08-08,5.349999904632568,5.449999809265137,5.300000190734863,5.449999809265137,748
2025-08-11,5.449999809265137,5.449999809265137,5.349999904632568,5.349999904632568,665
2025-08-12,5.349999904632568,5.400000095367432,5.349999904632568,5.400000095367432,160
2025-08-13,5.349999904632568,5.449999809265137,5.300000190734863,5.300000190734863,874
2025-08-14,5.25,5.400000095367432,5.25,5.400000095367432,300
2025-08-18,5.349999904632568,5.349999904632568,5.300000190734863,5.349999904632568,1225
2025-08-19,5.300000190734863,5.400000095367432,5.300000190734863,5.400000095367432,920
2025-08-20,5.400000095367432,5.400000095367432,5.25,5.25,1911
2025-08-21,5.25,5.349999904632568,5.25,5.349999904632568,410
2025-08-22,5.400000095367432,5.400000095367432,5.300000190734863,5.400000095367432,120
2025-08-25,5.400000095367432,5.400000095367432,5.25,5.25,52
2025-08-26,5.25,5.300000190734863,5.25,5.300000190734863,438
2025-08-27,5.300000190734863,5.300000190734863,5.300000190734863,5.300000190734863,171
2025-08-28,5.25,5.300000190734863,5.199999809265137,5.199999809265137,1602
2025-08-29,5.25,5.25,5.199999809265137,5.199999809265137,4
2025-09-01,5.199999809265137,5.199999809265137,5.199999809265137,5.199999809265137,3
2025-09-02,5.199999809265137,5.25,5.199999809265137,5.25,462
2025-09-03,5.199999809265137,5.349999904632568,5.199999809265137,5.349999904632568,21
2025-09-04,5.349999904632568,5.349999904632568,5.199999809265137,5.199999809265137,32
2025-09-05,5.300000190734863,5.300000190734863,5.199999809265137,5.199999809265137,80
2025-09-08,5.199999809265137,5.349999904632568,5.199999809265137,5.349999904632568,7
2025-09-09,5.25,5.25,5.199999809265137,5.199999809265137,2
2025-09-10,5.199999809265137,5.199999809265137,5.199999809265137,5.199999809265137,804
2025-09-11,5.25,5.25,5.199999809265137,5.199999809265137,2
2025-09-12,5.199999809265137,5.199999809265137,5.199999809265137,5.199999809265137,0
2025-09-15,5.199999809265137,5.349999904632568,5.199999809265137,5.199999809265137,228
2025-09-16,5.199999809265137,5.199999809265137,5.199999809265137,5.199999809265137,0
2025-09-17,5.25,5.25,5.150000095367432,5.150000095367432,51
2025-09-18,5.199999809265137,5.349999904632568,5.150000095367432,5.349999904632568,1536
2025-09-19,5.199999809265137,5.199999809265137,5.150000095367432,5.199999809265137,2980
2025-09-22,5.150000095367432,5.300000190734863,5.150000095367432,5.300000190734863,27
2025-09-23,5.25,5.300000190734863,5.150000095367432,5.300000190734863,312
2025-09-24,5.199999809265137,5.199999809265137,5.150000095367432,5.150000095367432,152
2025-09-25,5.150000095367432,5.25,5.150000095367432,5.25,314
2025-09-26,5.199999809265137,5.25,5.150000095367432,5.25,851
2025-09-29,5.150000095367432,5.25,5.150000095367432,5.199999809265137,392
2025-09-30,5.199999809265137,5.199999809265137,5.099999904632568,5.199999809265137,569
2025-10-01,5.099999904632568,5.150000095367432,5.099999904632568,5.150000095367432,802
2025-10-02,5.099999904632568,5.099999904632568,4.599999904632568,5.0,11532
2025-10-03,4.980000019073486,5.0,4.760000228881836,5.0,327
2025-10-06,4.820000171661377,4.820000171661377,4.800000190734863,4.800000190734863,234
2025-10-07,4.980000019073486,5.050000190734863,4.840000152587891,5.050000190734863,1366
2025-10-08,4.920000076293945,5.150000095367432,4.920000076293945,5.150000095367432,1753
2025-10-09,5.0,5.150000095367432,5.0,5.150000095367432,866
2025-10-10,5.050000190734863,5.199999809265137,5.050000190734863,5.050000190734863,1944
2025-10-13,5.099999904632568,5.099999904632568,5.0,5.050000190734863,2146
2025-10-14,4.940000057220459,5.150000095367432,4.940000057220459,4.960000038146973,579
2025-10-15,4.960000038146973,5.0,4.960000038146973,5.0,15
2025-10-16,5.099999904632568,5.099999904632568,4.920000076293945,5.0,1549
2025-10-17,5.0,5.099999904632568,5.0,5.099999904632568,166
2025-10-20,5.050000190734863,5.150000095367432,5.0,5.150000095367432,512
2025-10-21,5.150000095367432,5.150000095367432,5.050000190734863,5.150000095367432,2329
2025-10-22,5.050000190734863,5.099999904632568,5.0,5.099999904632568,265
2025-10-23,5.0,5.150000095367432,5.0,5.150000095367432,865
2025-10-24,5.050000190734863,5.150000095367432,5.0,5.150000095367432,27575
2025-10-27,5.050000190734863,5.099999904632568,5.0,5.099999904632568,28
2025-10-28,5.0,5.0,4.880000114440918,4.880000114440918,198
2025-10-29,5.0,5.199999809265137,5.0,5.199999809265137,834
2025-10-30,5.199999809265137,5.199999809265137,4.900000095367432,5.099999904632568,1305
2025-10-31,4.940000057220459,5.099999904632568,4.920000076293945,5.099999904632568,1372
2025-11-03,4.980000019073486,5.050000190734863,4.940000057220459,5.050000190734863,496
2025-11-04,4.960000038146973,4.960000038146973,4.940000057220459,4.940000057220459,4
2025-11-05,5.0,5.099999904632568,4.960000038146973,4.960000038146973,505
2025-11-06,4.980000019073486,5.449999809265137,4.960000038146973,5.400000095367432,17731
2025-11-07,5.400000095367432,5.599999904632568,5.400000095367432,5.599999904632568,9798
2025-11-10,5.699999809265137,5.800000190734863,5.400000095367432,5.75,11077
2025-11-12,5.599999904632568,5.75,5.550000190734863,5.699999809265137,484
2025-11-13,5.699999809265137,5.75,5.650000095367432,5.650000095367432,2297
2025-11-14,5.650000095367432,5.650000095367432,5.349999904632568,5.550000190734863,5406
2025-11-17,5.550000190734863,5.550000190734863,5.550000190734863,5.550000190734863,0
2025-11-18,5.5,5.550000190734863,5.349999904632568,5.349999904632568,820
2025-11-19,5.349999904632568,5.5,5.349999904632568,5.5,774
2025-11-20,5.349999904632568,5.5,5.349999904632568,5.5,5
2025-11-21,5.300000190734863,5.5,5.199999809265137,5.5,4452
2025-11-24,5.300000190734863,5.400000095367432,5.300000190734863,5.400000095367432,830
2025-11-25,5.400000095367432,5.449999809265137,5.300000190734863,5.400000095367432,720
2025-11-26,5.400000095367432,5.400000095367432,5.25,5.400000095367432,2483
2025-11-27,5.400000095367432,5.400000095367432,5.300000190734863,5.300000190734863,1602
2025-11-28,5.349999904632568,5.349999904632568,5.300000190734863,5.349999904632568,1354
2025-12-01,5.349999904632568,5.349999904632568,5.199999809265137,5.300000190734863,3923
2025-12-02,5.199999809265137,5.300000190734863,5.199999809265137,5.300000190734863,314
2025-12-03,5.25,5.300000190734863,5.199999809265137,5.300000190734863,2635
2025-12-04,5.199999809265137,5.199999809265137,4.920000076293945,5.050000190734863,11325
2025-12-05,5.050000190734863,5.349999904632568,5.0,5.300000190734863,558
2025-12-08,5.150000095367432,5.150000095367432,5.099999904632568,5.150000095367432,1087
2025-12-09,5.099999904632568,5.150000095367432,5.0,5.050000190734863,2602
2025-12-10,5.0,5.050000190734863,4.900000095367432,4.900000095367432,8743
2025-12-11,4.940000057220459,5.050000190734863,4.940000057220459,5.050000190734863,1232
2025-12-12,4.980000019073486,5.0,4.980000019073486,5.0,663
2025-12-15,5.0,5.099999904632568,4.960000038146973,5.099999904632568,5890
2025-12-16,5.099999904632568,5.199999809265137,4.980000019073486,5.199999809265137,1619
2025-12-17,5.099999904632568,5.300000190734863,5.099999904632568,5.099999904632568,2603
2025-12-18,5.099999904632568,5.300000190734863,5.099999904632568,5.300000190734863,1079
2025-12-19,5.300000190734863,5.349999904632568,5.199999809265137,5.349999904632568,3610
2025-12-22,5.349999904632568,5.449999809265137,5.0,5.400000095367432,12770
2025-12-23,5.300000190734863,5.400000095367432,5.199999809265137,5.400000095367432,3958
2025-12-29,5.199999809265137,5.199999809265137,5.150000095367432,5.199999809265137,8995
2025-12-30,5.099999904632568,5.400000095367432,5.099999904632568,5.349999904632568,13081
2026-01-02,5.300000190734863,5.349999904632568,5.199999809265137,5.349999904632568,2372
2026-01-05,5.400000095367432,5.449999809265137,5.199999809265137,5.400000095367432,10527
2026-01-07,5.400000095367432,5.400000095367432,5.349999904632568,5.349999904632568,1432
2026-01-08,5.400000095367432,5.400000095367432,5.25,5.400000095367432,3719
2026-01-09,5.400000095367432,5.400000095367432,5.25,5.400000095367432,310
2026-01-12,5.400000095367432,5.400000095367432,5.25,5.400000095367432,4783
2026-01-13,5.300000190734863,5.400000095367432,5.300000190734863,5.400000095367432,1395
2026-01-14,5.400000095367432,5.400000095367432,5.300000190734863,5.400000095367432,2131
2026-01-15,5.400000095367432,5.449999809265137,5.300000190734863,5.400000095367432,1559
2026-01-16,5.400000095367432,5.400000095367432,5.25,5.25,1658
2026-01-19,5.300000190734863,5.400000095367432,5.25,5.25,198
2026-01-20,5.150000095367432,5.300000190734863,5.150000095367432,5.300000190734863,1014
2026-01-21,5.300000190734863,5.300000190734863,5.25,5.300000190734863,990
2026-01-22,5.25,5.300000190734863,5.199999809265137,5.300000190734863,1771
2026-01-23,5.300000190734863,5.300000190734863,5.300000190734863,5.300000190734863,1116
2026-01-26,5.25,5.349999904632568,5.199999809265137,5.349999904632568,1515
2026-01-27,5.349999904632568,5.400000095367432,5.25,5.25,1327
2026-01-28,5.300000190734863,5.349999904632568,5.25,5.349999904632568,267
2026-01-29,5.349999904632568,5.400000095367432,5.199999809265137,5.400000095367432,1071
2026-01-30,5.400000095367432,5.400000095367432,5.199999809265137,5.400000095367432,669
2026-02-02,5.400000095367432,5.400000095367432,5.25,5.349999904632568,749
2026-02-03,5.349999904632568,5.400000095367432,5.349999904632568,5.400000095367432,1127
2026-02-04,5.400000095367432,5.849999904632568,5.349999904632568,5.599999904632568,24840
2026-02-05,5.599999904632568,5.599999904632568,5.5,5.599999904632568,4062
2026-02-06,5.599999904632568,5.599999904632568,5.449999809265137,5.5,1469
2026-02-09,5.449999809265137,5.550000190734863,5.400000095367432,5.550000190734863,12843
2026-02-10,5.400000095367432,5.550000190734863,5.400000095367432,5.550000190734863,283
2026-02-11,5.400000095367432,5.550000190734863,5.400000095367432,5.550000190734863,17
2026-02-12,5.5,5.550000190734863,5.400000095367432,5.400000095367432,1527
2026-02-13,5.449999809265137,5.550000190734863,5.400000095367432,5.550000190734863,74
2026-02-16,5.400000095367432,5.5,5.400000095367432,5.5,653
2026-02-17,5.449999809265137,5.550000190734863,5.400000095367432,5.550000190734863,1170
2026-02-18,5.550000190734863,5.550000190734863,5.400000095367432,5.5,1114
2026-02-19,5.5,5.550000190734863,5.449999809265137,5.550000190734863,880
2026-02-20,5.550000190734863,5.550000190734863,5.400000095367432,5.550000190734863,3545
2026-02-23,5.550000190734863,5.550000190734863,5.400000095367432,5.550000190734863,2818
2026-02-24,5.5,5.5,5.400000095367432,5.5,765
2026-02-25,5.5,5.5,5.5,5.5,1533
2026-02-26,5.449999809265137,5.5,5.449999809265137,5.5,780
2026-02-27,5.550000190734863,5.550000190734863,5.449999809265137,5.5,1464
2026-03-02,5.449999809265137,5.5,5.400000095367432,5.5,1454
2026-03-03,5.449999809265137,5.449999809265137,5.400000095367432,5.400000095367432,602
2026-03-04,5.400000095367432,5.449999809265137,5.349999904632568,5.349999904632568,1188
2026-03-05,5.349999904632568,5.449999809265137,5.349999904632568,5.449999809265137,1302
2026-03-06,5.400000095367432,5.5,5.300000190734863,5.5,1429
2026-03-09,5.300000190734863,5.550000190734863,5.25,5.550000190734863,2719
2026-03-10,5.550000190734863,5.550000190734863,5.400000095367432,5.5,1024
2026-03-11,5.5,5.5,5.5,5.5,0
2026-03-12,5.400000095367432,5.400000095367432,5.400000095367432,5.400000095367432,308
2026-03-13,5.400000095367432,5.400000095367432,5.300000190734863,5.349999904632568,707
2026-03-16,5.300000190734863,5.5,5.300000190734863,5.5,62
2026-03-17,5.349999904632568,5.5,5.349999904632568,5.5,254
2026-03-18,5.400000095367432,5.400000095367432,5.400000095367432,5.400000095367432,1
2026-03-19,5.349999904632568,5.5,5.349999904632568,5.5,289
2026-03-20,5.5,5.5,5.349999904632568,5.5,284
2026-03-23,5.5,5.5,5.25,5.449999809265137,7947
2026-03-24,5.449999809265137,5.5,5.349999904632568,5.5,1937
2026-03-25,5.349999904632568,5.5,5.349999904632568,5.5,1503
2026-03-26,5.5,5.5,5.349999904632568,5.449999809265137,317
2026-03-27,5.449999809265137,5.449999809265137,5.349999904632568,5.449999809265137,1838
2026-03-30,5.349999904632568,5.449999809265137,5.300000190734863,5.300000190734863,522
2026-03-31,5.449999809265137,5.449999809265137,5.449999809265137,5.449999809265137,1
2026-04-01,5.300000190734863,5.449999809265137,5.300000190734863,5.449999809265137,10
2026-04-02,5.449999809265137,5.449999809265137,5.349999904632568,5.449999809265137,2503
2026-04-07,5.320000171661377,5.840000152587891,5.239999771118164,5.639999866485596,2727
2026-04-08,5.559999942779541,5.559999942779541,5.360000133514404,5.480000019073486,267
2026-04-09,5.360000133514404,5.480000019073486,5.360000133514404,5.480000019073486,173
2026-04-10,5.360000133514404,5.440000057220459,5.360000133514404,5.440000057220459,2
2026-04-13,5.440000057220459,5.440000057220459,5.440000057220459,5.440000057220459,2
2026-04-14,5.360000133514404,5.360000133514404,5.360000133514404,5.360000133514404,5
2026-04-15,5.380000114440918,5.440000057220459,5.360000133514404,5.440000057220459,53
2026-04-16,5.360000133514404,5.440000057220459,5.360000133514404,5.440000057220459,9
2026-04-17,5.360000133514404,5.440000057220459,5.360000133514404,5.440000057220459,2
2026-04-20,5.360000133514404,5.440000057220459,5.360000133514404,5.440000057220459,31
2026-04-21,5.380000114440918,5.380000114440918,5.380000114440918,5.380000114440918,2
2026-04-22,5.360000133514404,5.360000133514404,5.360000133514404,5.360000133514404,506
2026-04-23,5.340000152587891,5.400000095367432,5.340000152587891,5.380000114440918,1372
2026-04-24,5.400000095367432,5.400000095367432,5.340000152587891,5.400000095367432,52
2026-04-27,5.360000133514404,5.400000095367432,5.320000171661377,5.400000095367432,1300
2026-04-28,5.320000171661377,5.400000095367432,5.320000171661377,5.400000095367432,19
2026-04-29,5.340000152587891,5.420000076293945,5.340000152587891,5.420000076293945,469
2026-04-30,5.340000152587891,5.420000076293945,5.340000152587891,5.420000076293945,2606
2026-05-04,5.420000076293945,5.519999980926514,5.420000076293945,5.519999980926514,168
2026-05-05,5.440000057220459,5.5,5.380000114440918,5.5,1111
2026-05-06,5.480000019073486,5.480000019073486,5.380000114440918,5.380000114440918,304
2026-05-07,5.400000095367432,5.480000019073486,5.380000114440918,5.400000095367432,962
2026-05-08,5.380000114440918,5.400000095367432,5.380000114440918,5.400000095367432,4
2026-05-11,5.460000038146973,5.460000038146973,5.420000076293945,5.440000057220459,2203
2026-05-12,5.480000019073486,5.480000019073486,5.420000076293945,5.420000076293945,201
2026-05-13,5.440000057220459,5.480000019073486,5.360000133514404,5.480000019073486,2753
2026-05-14,5.380000114440918,5.480000019073486,5.380000114440918,5.480000019073486,11
2026-05-15,5.380000114440918,5.480000019073486,5.360000133514404,5.480000019073486,1207
2026-05-18,5.380000114440918,5.480000019073486,5.340000152587891,5.480000019073486,738
2026-05-19,5.480000019073486,5.480000019073486,5.360000133514404,5.480000019073486,1207
2026-05-20,5.380000114440918,5.480000019073486,5.360000133514404,5.480000019073486,40
2026-05-21,5.360000133514404,5.360000133514404,5.360000133514404,5.360000133514404,2
2026-05-22,5.360000133514404,5.480000019073486,5.340000152587891,5.480000019073486,1112
2026-05-25,5.360000133514404,5.460000038146973,5.360000133514404,5.460000038146973,13
2026-05-26,5.380000114440918,5.440000057220459,5.380000114440918,5.440000057220459,1210
2026-05-27,5.360000133514404,5.420000076293945,5.360000133514404,5.420000076293945,210
2026-05-28,5.380000114440918,5.440000057220459,5.380000114440918,5.440000057220459,306
2026-05-29,5.400000095367432,5.400000095367432,5.400000095367432,5.400000095367432,900
2026-06-01,5.400000095367432,5.400000095367432,5.400000095367432,5.400000095367432,590
2026-06-02,5.400000095367432,5.400000095367432,5.380000114440918,5.380000114440918,1043
2026-06-03,5.380000114440918,5.380000114440918,5.380000114440918,5.380000114440918,3
2026-06-05,5.380000114440918,5.380000114440918,5.380000114440918,5.380000114440918,536
2026-06-08,5.380000114440918,5.380000114440918,5.320000171661377,5.360000133514404,2518
2026-06-09,5.360000133514404,5.420000076293945,5.300000190734863,5.420000076293945,3048
2026-06-10,5.340000152587891,5.400000095367432,5.320000171661377,5.400000095367432,2211
2026-06-11,5.400000095367432,5.420000076293945,5.300000190734863,5.420000076293945,733
2026-06-12,5.420000076293945,5.420000076293945,5.300000190734863,5.420000076293945,232
2026-06-15,5.400000095367432,5.400000095367432,5.400000095367432,5.400000095367432,226
2026-06-16,5.400000095367432,5.400000095367432,5.28000020980835,5.380000114440918,1117
2026-06-17,5.380000114440918,5.380000114440918,5.380000114440918,5.380000114440918,241
2026-06-18,5.380000114440918,5.400000095367432,5.340000152587891,5.340000152587891,1051
2026-06-19,5.340000152587891,5.380000114440918,5.340000152587891,5.380000114440918,259
2026-06-22,5.380000114440918,5.380000114440918,5.300000190734863,5.300000190734863,251
2026-06-23,5.360000133514404,5.380000114440918,5.360000133514404,5.380000114440918,713
2026-06-24,5.340000152587891,5.559999942779541,5.340000152587891,5.5,90292
2026-06-25,5.559999942779541,5.559999942779541,5.559999942779541,5.559999942779541,1233
2026-06-26,5.400000095367432,5.539999961853027,5.28000020980835,5.5,7007
2026-06-29,5.5,5.5,5.5,5.5,1427
2026-06-30,5.400000095367432,5.5,5.360000133514404,5.5,1557
2026-07-01,5.480000019073486,5.480000019073486,5.480000019073486,5.480000019073486,1446
2026-07-02,5.400000095367432,5.400000095367432,5.360000133514404,5.380000114440918,2065
2026-07-03,5.480000019073486,5.480000019073486,5.380000114440918,5.380000114440918,459
2026-07-06,5.480000019073486,5.480000019073486,5.380000114440918,5.380000114440918,128
2026-07-07,5.380000114440918,5.380000114440918,5.320000171661377,5.380000114440918,798
2026-07-08,5.340000152587891,5.480000019073486,5.320000171661377,5.320000171661377,2464
2026-07-09,5.340000152587891,5.340000152587891,5.340000152587891,5.340000152587891,385
2026-07-10,5.340000152587891,5.480000019073486,5.340000152587891,5.480000019073486,1438
2026-07-13,5.340000152587891,5.340000152587891,5.340000152587891,5.340000152587891,3
2026-07-14,5.380000114440918,5.5,5.340000152587891,5.340000152587891,7054
2026-07-15,5.340000152587891,5.480000019073486,5.340000152587891,5.340000152587891,20
2026-07-16,5.340000152587891,5.460000038146973,5.340000152587891,5.360000133514404,1610
2026-07-17,5.360000133514404,5.460000038146973,5.360000133514404,5.460000038146973,1302
2026-07-20,5.460000038146973,5.460000038146973,5.360000133514404,5.360000133514404,526
2026-07-21,5.380000114440918,5.380000114440918,5.380000114440918,5.380000114440918,2
2026-07-22,5.380000114440918,5.380000114440918,5.380000114440918,5.380000114440918,156
2026-07-23,5.400000095367432,5.400000095367432,5.360000133514404,5.360000133514404,2131
2026-07-24,5.360000133514404,5.360000133514404,5.360000133514404,5.360000133514404,573
2026-07-27,5.360000133514404,5.440000057220459,5.340000152587891,5.340000152587891,1861
2026-07-28,5.340000152587891,5.340000152587891,5.340000152587891,5.340000152587891,2
2026-07-29,5.360000133514404,5.360000133514404,5.340000152587891,5.340000152587891,1873
2026-07-30,5.360000133514404,5.360000133514404,5.340000152587891,5.360000133514404,10916
2026-07-31,5.360000133514404,5.400000095367432,5.340000152587891,5.340000152587891,3326
2026-08-03,5.340000152587891,5.340000152587891,5.340000152587891,5.340000152587891,219
2026-08-04,5.340000152587891,5.360000133514404,5.340000152587891,5.360000133514404,3963
2026-08-05,5.340000152587891,5.340000152587891,5.320000171661377,5.320000171661377,3
2026-08-06,5.400000095367432,5.400000095367432,5.400000095367432,5.400000095367432,1
2026-08-07,5.320000171661377,5.320000171661377,5.28000020980835,5.300000190734863,2501
2026-08-10,5.28000020980835,5.380000114440918,5.28000020980835,5.380000114440918,601
2026-08-11,5.340000152587891,5.340000152587891,5.28000020980835,5.28000020980835,117
2026-08-12,5.28000020980835,5.340000152587891,5.28000020980835,5.340000152587891,1127
2026-08-13,5.300000190734863,5.300000190734863,5.28000020980835,5.28000020980835,41
2026-08-14,5.28000020980835,5.320000171661377,5.28000020980835,5.320000171661377,61
2026-08-17,5.28000020980835,5.28000020980835,5.260000228881836,5.28000020980835,1035
2026-08-18,5.239999771118164,5.340000152587891,5.21999979019165,5.340000152587891,1676
2026-08-19,5.340000152587891,5.340000152587891,5.119999885559082,5.340000152587891,1214
2026-08-20,5.340000152587891,5.340000152587891,5.159999847412109,5.159999847412109,425
2026-08-21,5.199999809265137,5.199999809265137,5.199999809265137,5.199999809265137,2
2026-08-24,5.300000190734863,5.340000152587891,5.300000190734863,5.340000152587891,2668
2026-08-25,5.340000152587891,5.340000152587891,5.340000152587891,5.340000152587891,822
2026-08-26,5.340000152587891,5.340000152587891,5.239999771118164,5.340000152587891,283
2026-08-27,5.340000152587891,5.340000152587891,5.260000228881836,5.28000020980835,3035
2026-08-28,5.21999979019165,5.21999979019165,5.21999979019165,5.21999979019165,1
2026-08-31,5.340000152587891,5.340000152587891,5.179999828338623,5.179999828338623,1102
2026-09-01,5.199999809265137,5.199999809265137,5.179999828338623,5.179999828338623,456
2026-09-02,5.320000171661377,5.320000171661377,5.179999828338623,5.179999828338623,42
2026-09-03,5.199999809265137,5.300000190734863,5.199999809265137,5.199999809265137,160
2026-09-04,5.199999809265137,5.300000190734863,5.159999847412109,5.159999847412109,718
2026-09-08,5.28000020980835,5.28000020980835,5.179999828338623,5.179999828338623,2054
2026-09-09,5.199999809265137,5.28000020980835,5.179999828338623,5.179999828338623,1412
2026-09-10,5.28000020980835,5.28000020980835,5.199999809265137,5.260000228881836,1156
2026-09-11,5.179999828338623,5.179999828338623,5.179999828338623,5.179999828338623,1
2026-09-14,5.199999809265137,5.199999809265137,5.179999828338623,5.179999828338623,22
2026-09-15,5.28000020980835,5.28000020980835,5.159999847412109,5.28000020980835,861
2026-09-16,5.159999847412109,5.28000020980835,5.159999847412109,5.28000020980835,18
2026-09-18,5.159999847412109,5.159999847412109,5.159999847412109,5.159999847412109,2
