date,open,high,low,close,volume
2021-09-17,4.994999885559082,5.0,4.934999942779541,4.934999942779541,44848
2021-09-20,4.949999809265137,4.949999809265137,4.739999771118164,4.800000190734863,139850
2021-09-21,4.820000171661377,4.860000133514404,4.769999980926514,4.78000020980835,56122
2021-09-22,4.78000020980835,4.860000133514404,4.78000020980835,4.820000171661377,28179
2021-09-23,4.800000190734863,4.84499979019165,4.760000228881836,4.760000228881836,45991
2021-09-24,4.755000114440918,4.820000171661377,4.755000114440918,4.820000171661377,58023
2021-09-27,4.789999961853027,4.800000190734863,4.75,4.760000228881836,24308
2021-09-28,4.760000228881836,4.840000152587891,4.735000133514404,4.78000020980835,22184
2021-09-29,4.739999771118164,4.764999866485596,4.659999847412109,4.75,46902
2021-09-30,4.735000133514404,4.744999885559082,4.704999923706055,4.730000019073486,13404
2021-10-01,4.724999904632568,4.775000095367432,4.710000038146973,4.764999866485596,16861
2021-10-04,4.710000038146973,4.820000171661377,4.710000038146973,4.75,100573
2021-10-05,4.75,4.784999847412109,4.699999809265137,4.739999771118164,54837
2021-10-06,4.71999979019165,4.71999979019165,4.605000019073486,4.650000095367432,99120
2021-10-07,4.684999942779541,4.684999942779541,4.59499979019165,4.675000190734863,67603
2021-10-08,4.679999828338623,4.699999809265137,4.65500020980835,4.679999828338623,29920
2021-10-11,4.704999923706055,4.715000152587891,4.675000190734863,4.699999809265137,26239
2021-10-12,4.699999809265137,4.960000038146973,4.695000171661377,4.840000152587891,124151
2021-10-13,4.800000190734863,4.800000190734863,4.71999979019165,4.75,59866
2021-10-14,4.75,4.800000190734863,4.75,4.760000228881836,12629
2021-10-15,4.824999809265137,4.824999809265137,4.730000019073486,4.730000019073486,22868
2021-10-18,4.775000095367432,4.784999847412109,4.71999979019165,4.75,30387
2021-10-19,4.735000133514404,4.775000095367432,4.699999809265137,4.735000133514404,47227
2021-10-20,4.704999923706055,4.744999885559082,4.695000171661377,4.715000152587891,10357
2021-10-21,4.739999771118164,4.829999923706055,4.650000095367432,4.710000038146973,57301
2021-10-22,4.684999942779541,4.735000133514404,4.650000095367432,4.699999809265137,20643
2021-10-25,4.715000152587891,4.739999771118164,4.684999942779541,4.684999942779541,21097
2021-10-26,4.699999809265137,4.699999809265137,4.659999847412109,4.679999828338623,24614
2021-10-27,4.679999828338623,4.699999809265137,4.664999961853027,4.695000171661377,13025
2021-10-28,4.699999809265137,4.699999809265137,4.670000076293945,4.699999809265137,10927
2021-10-29,4.71999979019165,4.71999979019165,4.65500020980835,4.675000190734863,34181
2021-11-02,4.704999923706055,4.849999904632568,4.704999923706055,4.704999923706055,59377
2021-11-03,4.704999923706055,4.744999885559082,4.659999847412109,4.659999847412109,24019
2021-11-04,4.679999828338623,4.699999809265137,4.65500020980835,4.690000057220459,45509
2021-11-05,4.704999923706055,4.71999979019165,4.670000076293945,4.699999809265137,18538
2021-11-08,4.699999809265137,4.929999828338623,4.699999809265137,4.840000152587891,193525
2021-11-09,4.840000152587891,4.885000228881836,4.75,4.75,59164
2021-11-10,4.760000228881836,4.829999923706055,4.710000038146973,4.75,28995
2021-11-12,4.744999885559082,4.824999809265137,4.744999885559082,4.809999942779541,28524
2021-11-15,4.820000171661377,4.829999923706055,4.769999980926514,4.775000095367432,31919
2021-11-16,4.775000095367432,4.775000095367432,4.65500020980835,4.670000076293945,40006
2021-11-17,4.695000171661377,4.71999979019165,4.625,4.670000076293945,56635
2021-11-18,4.659999847412109,4.670000076293945,4.53000020980835,4.630000114440918,68354
2021-11-19,4.690000057220459,4.690000057220459,4.574999809265137,4.579999923706055,21620
2021-11-22,4.585000038146973,4.684999942779541,4.559999942779541,4.670000076293945,22576
2021-11-23,4.650000095367432,4.695000171661377,4.590000152587891,4.590000152587891,64654
2021-11-24,4.65500020980835,4.679999828338623,4.59499979019165,4.59499979019165,53125
2021-11-25,4.644999980926514,4.650000095367432,4.590000152587891,4.590000152587891,14555
2021-11-26,4.599999904632568,4.599999904632568,4.460000038146973,4.46999979019165,116304
2021-11-29,4.46999979019165,4.53000020980835,4.449999809265137,4.46999979019165,51252
2021-11-30,4.525000095367432,4.554999828338623,4.420000076293945,4.449999809265137,48938
2021-12-01,4.465000152587891,4.510000228881836,4.449999809265137,4.489999771118164,23454
2021-12-02,4.449999809265137,4.489999771118164,4.414999961853027,4.445000171661377,31241
2021-12-03,4.425000190734863,4.539999961853027,4.380000114440918,4.409999847412109,72032
2021-12-06,4.480000019073486,4.480000019073486,4.360000133514404,4.389999866485596,36450
2021-12-07,4.389999866485596,4.445000171661377,4.355000019073486,4.420000076293945,21782
2021-12-08,4.429999828338623,4.5,4.400000095367432,4.454999923706055,45900
2021-12-09,4.425000190734863,4.480000019073486,4.409999847412109,4.420000076293945,47356
2021-12-10,4.409999847412109,4.5,4.409999847412109,4.429999828338623,39570
2021-12-13,4.429999828338623,4.5,4.429999828338623,4.460000038146973,36962
2021-12-14,4.460000038146973,4.480000019073486,4.440000057220459,4.449999809265137,31592
2021-12-15,4.449999809265137,4.454999923706055,4.409999847412109,4.414999961853027,39049
2021-12-16,4.414999961853027,4.449999809265137,4.409999847412109,4.440000057220459,40694
2021-12-17,4.440000057220459,4.440000057220459,4.360000133514404,4.389999866485596,82876
2021-12-20,4.369999885559082,4.369999885559082,4.300000190734863,4.300000190734863,132207
2021-12-21,4.289999961853027,4.309999942779541,4.21999979019165,4.21999979019165,111388
2021-12-22,4.21999979019165,4.264999866485596,4.150000095367432,4.199999809265137,103586
2021-12-23,4.199999809265137,4.199999809265137,4.119999885559082,4.119999885559082,106633
2021-12-27,4.139999866485596,4.144999980926514,4.039999961853027,4.059999942779541,423628
2021-12-28,4.059999942779541,4.090000152587891,3.9600000381469727,3.9600000381469727,327063
2021-12-29,4.039999961853027,4.25,4.014999866485596,4.215000152587891,81713
2021-12-30,4.215000152587891,4.25,4.159999847412109,4.184999942779541,36458
2022-01-03,4.199999809265137,4.244999885559082,4.199999809265137,4.244999885559082,23100
2022-01-04,4.25,4.300000190734863,4.25,4.275000095367432,13775
2022-01-05,4.264999866485596,4.380000114440918,4.260000228881836,4.380000114440918,41541
2022-01-07,4.440000057220459,4.440000057220459,4.324999809265137,4.360000133514404,21539
2022-01-10,4.414999961853027,4.425000190734863,4.349999904632568,4.400000095367432,19960
2022-01-11,4.400000095367432,4.480000019073486,4.389999866485596,4.474999904632568,39609
2022-01-12,4.474999904632568,4.474999904632568,4.389999866485596,4.409999847412109,29364
2022-01-13,4.400000095367432,4.460000038146973,4.369999885559082,4.460000038146973,20079
2022-01-14,4.449999809265137,4.480000019073486,4.394999980926514,4.394999980926514,23818
2022-01-17,4.389999866485596,4.434999942779541,4.389999866485596,4.429999828338623,14792
2022-01-18,4.465000152587891,4.465000152587891,4.360000133514404,4.400000095367432,25751
2022-01-19,4.364999771118164,4.364999771118164,4.260000228881836,4.320000171661377,52085
2022-01-20,4.315000057220459,4.315000057220459,4.260000228881836,4.260000228881836,29210
2022-01-21,4.255000114440918,4.260000228881836,4.050000190734863,4.125,60971
2022-01-24,4.059999942779541,4.09499979019165,3.9000000953674316,3.944999933242798,139279
2022-01-25,3.9000000953674316,4.0,3.880000114440918,3.9600000381469727,63257
2022-01-26,3.9200000762939453,4.054999828338623,3.9200000762939453,4.03000020980835,35597
2022-01-27,4.010000228881836,4.09499979019165,3.9600000381469727,4.09499979019165,30857
2022-01-28,4.0,4.085000038146973,3.9700000286102295,4.0,46495
2022-01-31,4.0,4.074999809265137,4.0,4.050000190734863,11479
2022-02-01,4.074999809265137,4.105000019073486,4.039999961853027,4.059999942779541,41453
2022-02-02,4.099999904632568,4.135000228881836,4.065000057220459,4.090000152587891,7642
2022-02-03,4.070000171661377,4.119999885559082,4.059999942779541,4.114999771118164,8795
2022-02-04,4.070000171661377,4.119999885559082,4.039999961853027,4.090000152587891,23477
2022-02-07,4.090000152587891,4.119999885559082,4.014999866485596,4.059999942779541,11486
2022-02-08,4.025000095367432,4.085000038146973,4.019999980926514,4.085000038146973,20057
2022-02-09,4.085000038146973,4.085000038146973,4.050000190734863,4.050000190734863,9980
2022-02-10,4.050000190734863,4.079999923706055,4.025000095367432,4.03000020980835,7866
2022-02-11,4.070000171661377,4.074999809265137,4.019999980926514,4.074999809265137,12681
2022-02-14,4.0,4.0,3.8499999046325684,3.950000047683716,81850
2022-02-15,3.9100000858306885,4.050000190734863,3.9100000858306885,4.03000020980835,43804
2022-02-16,4.019999980926514,4.03000020980835,3.990000009536743,4.03000020980835,4029
2022-02-17,4.025000095367432,4.050000190734863,3.9100000858306885,3.9100000858306885,28684
2022-02-18,3.9749999046325684,3.9749999046325684,3.924999952316284,3.9749999046325684,24722
2022-02-21,3.950000047683716,4.0,3.9049999713897705,3.9049999713897705,66470
2022-02-22,3.9000000953674316,3.9649999141693115,3.8499999046325684,3.940000057220459,41980
2022-02-23,3.950000047683716,3.9549999237060547,3.9049999713897705,3.9049999713897705,8082
2022-02-24,3.759999990463257,3.759999990463257,3.2899999618530273,3.6700000762939453,222298
2022-02-25,3.509999990463257,3.7799999713897705,3.509999990463257,3.7699999809265137,55471
2022-02-28,3.615000009536743,3.7699999809265137,3.5999999046325684,3.7699999809265137,42903
2022-03-01,3.7699999809265137,3.9100000858306885,3.7699999809265137,3.819999933242798,102363
2022-03-02,3.819999933242798,4.010000228881836,3.7049999237060547,3.990000009536743,101446
2022-03-03,3.9800000190734863,3.9800000190734863,3.8499999046325684,3.940000057220459,42805
2022-03-04,3.940000057220459,3.944999933242798,3.8499999046325684,3.930000066757202,28030
2022-03-07,3.805000066757202,3.950000047683716,3.7750000953674316,3.950000047683716,76580
2022-03-08,3.9000000953674316,3.930000066757202,3.7850000858306885,3.799999952316284,27579
2022-03-09,3.799999952316284,3.9000000953674316,3.799999952316284,3.884999990463257,14445
2022-03-10,3.884999990463257,3.884999990463257,3.7850000858306885,3.880000114440918,17728
2022-03-11,3.7899999618530273,3.9100000858306885,3.7899999618530273,3.884999990463257,42552
2022-03-14,3.884999990463257,3.884999990463257,3.809999942779541,3.880000114440918,14305
2022-03-15,4.050000190734863,5.5,4.050000190734863,5.5,1818790
2022-03-16,5.289999961853027,5.360000133514404,4.800000190734863,4.940000057220459,1203728
2022-03-17,4.900000095367432,4.900000095367432,4.420000076293945,4.489999771118164,1287172
2022-03-18,4.485000133514404,4.574999809265137,4.360000133514404,4.5,217895
2022-03-21,4.5,4.610000133514404,4.414999961853027,4.429999828338623,161103
2022-03-22,4.489999771118164,4.514999866485596,4.380000114440918,4.429999828338623,112473
2022-03-23,4.389999866485596,4.460000038146973,4.380000114440918,4.420000076293945,67146
2022-03-24,4.5,4.5,4.380000114440918,4.429999828338623,61914
2022-03-25,4.445000171661377,4.445000171661377,4.300000190734863,4.309999942779541,103787
2022-03-28,4.300000190734863,4.380000114440918,4.244999885559082,4.284999847412109,118259
2022-03-29,4.244999885559082,4.320000171661377,4.244999885559082,4.260000228881836,70316
2022-03-30,4.300000190734863,4.489999771118164,4.25,4.460000038146973,127266
2022-03-31,4.5,4.5,4.300000190734863,4.340000152587891,91705
2022-04-01,4.28000020980835,4.28000020980835,4.119999885559082,4.170000076293945,223432
2022-04-04,4.199999809265137,4.284999847412109,4.159999847412109,4.210000038146973,56283
2022-04-05,4.210000038146973,4.210000038146973,4.15500020980835,4.184999942779541,37175
2022-04-06,4.159999847412109,4.264999866485596,4.139999866485596,4.25,89034
2022-04-07,4.25,4.25,4.184999942779541,4.21999979019165,11990
2022-04-08,4.210000038146973,4.21999979019165,4.159999847412109,4.215000152587891,18234
2022-04-11,4.210000038146973,4.210000038146973,4.150000095367432,4.190000057220459,22058
2022-04-12,4.159999847412109,4.195000171661377,4.119999885559082,4.119999885559082,22590
2022-04-13,4.125,4.195000171661377,4.125,4.170000076293945,21329
2022-04-14,4.170000076293945,4.179999828338623,4.119999885559082,4.119999885559082,31955
2022-04-19,4.125,4.190000057220459,4.110000133514404,4.150000095367432,38759
2022-04-20,4.139999866485596,4.179999828338623,4.130000114440918,4.135000228881836,10833
2022-04-21,4.170000076293945,4.175000190734863,4.099999904632568,4.099999904632568,26902
2022-04-22,4.164999961853027,4.164999961853027,4.074999809265137,4.099999904632568,12152
2022-04-25,4.099999904632568,4.099999904632568,4.010000228881836,4.059999942779541,67640
2022-04-26,4.070000171661377,4.119999885559082,4.059999942779541,4.090000152587891,14693
2022-04-27,4.039999961853027,4.099999904632568,4.03000020980835,4.079999923706055,27753
2022-04-28,4.045000076293945,4.099999904632568,4.014999866485596,4.03000020980835,25497
2022-04-29,4.025000095367432,4.079999923706055,4.010000228881836,4.059999942779541,8532
2022-05-02,4.010000228881836,4.054999828338623,4.0,4.03000020980835,13214
2022-05-04,4.0,4.054999828338623,3.990000009536743,4.050000190734863,34269
2022-05-05,4.054999828338623,4.130000114440918,3.990000009536743,4.039999961853027,39837
2022-05-06,4.0,4.025000095367432,4.0,4.019999980926514,15582
2022-05-09,4.005000114440918,4.03000020980835,3.984999895095825,4.03000020980835,24261
2022-05-10,4.0,4.0,3.9800000190734863,3.990000009536743,34075
2022-05-11,3.984999895095825,4.025000095367432,3.9800000190734863,3.9800000190734863,17809
2022-05-12,3.9700000286102295,3.9800000190734863,3.950000047683716,3.950000047683716,28649
2022-05-13,3.9549999237060547,4.03000020980835,3.950000047683716,4.03000020980835,22446
2022-05-16,4.0,4.014999866485596,3.9600000381469727,3.9600000381469727,5096
2022-05-17,4.0,4.014999866485596,3.9600000381469727,4.0,13776
2022-05-18,4.014999866485596,4.03000020980835,4.0,4.014999866485596,16347
2022-05-19,4.014999866485596,4.014999866485596,3.9700000286102295,3.990000009536743,22160
2022-05-20,3.990000009536743,4.0,3.9749999046325684,3.9800000190734863,9364
2022-05-23,3.9800000190734863,4.090000152587891,3.9800000190734863,4.070000171661377,25710
2022-05-24,4.045000076293945,4.065000057220459,3.9700000286102295,3.9700000286102295,22801
2022-05-25,3.9649999141693115,4.0,3.924999952316284,3.940000057220459,13554
2022-05-26,3.930000066757202,3.994999885559082,3.880000114440918,3.9649999141693115,21172
2022-05-27,3.9649999141693115,3.994999885559082,3.924999952316284,3.940000057220459,10705
2022-05-30,3.940000057220459,3.990000009536743,3.9200000762939453,3.9200000762939453,67930
2022-05-31,3.924999952316284,3.950000047683716,3.9000000953674316,3.9100000858306885,95055
2022-06-01,3.9100000858306885,3.9749999046325684,3.9100000858306885,3.9649999141693115,25232
2022-06-02,3.950000047683716,3.9700000286102295,3.9000000953674316,3.9649999141693115,19426
2022-06-03,3.9600000381469727,4.050000190734863,3.934999942779541,3.990000009536743,46235
2022-06-06,4.010000228881836,4.010000228881836,3.9000000953674316,3.950000047683716,11472
2022-06-07,3.950000047683716,4.150000095367432,3.950000047683716,4.099999904632568,86056
2022-06-08,4.025000095367432,4.099999904632568,3.880000114440918,3.880000114440918,67061
2022-06-09,3.940000057220459,3.9800000190734863,3.880000114440918,3.940000057220459,21827
2022-06-10,3.934999942779541,3.934999942779541,3.880000114440918,3.884999990463257,22071
2022-06-13,3.880000114440918,3.9049999713897705,3.7699999809265137,3.7699999809265137,33418
2022-06-14,3.759999990463257,3.8949999809265137,3.759999990463257,3.825000047683716,9212
2022-06-15,3.805000066757202,3.8450000286102295,3.805000066757202,3.809999942779541,1447
2022-06-17,3.825000047683716,3.9049999713897705,3.825000047683716,3.9000000953674316,4301
2022-06-20,3.8949999809265137,3.940000057220459,3.8949999809265137,3.9000000953674316,12893
2022-06-21,3.9000000953674316,3.940000057220459,3.8499999046325684,3.930000066757202,15087
2022-06-22,3.930000066757202,3.934999942779541,3.859999895095825,3.9000000953674316,9474
2022-06-23,3.924999952316284,3.924999952316284,3.799999952316284,3.809999942779541,14633
2022-06-24,3.809999942779541,3.9000000953674316,3.809999942779541,3.9000000953674316,14101
2022-06-27,3.9000000953674316,3.924999952316284,3.8550000190734863,3.924999952316284,19838
2022-06-28,3.809999942779541,3.934999942779541,3.809999942779541,3.9000000953674316,21912
2022-06-29,3.8399999141693115,3.990000009536743,3.8399999141693115,3.990000009536743,17814
2022-06-30,3.9800000190734863,3.9800000190734863,3.880000114440918,3.9100000858306885,6778
2022-07-01,3.9549999237060547,3.9549999237060547,3.8949999809265137,3.8949999809265137,12424
2022-07-04,3.934999942779541,4.0,3.859999895095825,3.9600000381469727,45595
2022-07-05,3.880000114440918,3.9800000190734863,3.819999933242798,3.8299999237060547,25799
2022-07-06,3.890000104904175,3.890000104904175,3.759999990463257,3.759999990463257,42790
2022-07-07,3.7699999809265137,3.8949999809265137,3.7699999809265137,3.890000104904175,28858
2022-07-08,3.8399999141693115,3.8949999809265137,3.8399999141693115,3.8949999809265137,11997
2022-07-11,3.8949999809265137,3.9700000286102295,3.8399999141693115,3.930000066757202,21333
2022-07-12,3.950000047683716,4.090000152587891,3.9100000858306885,3.994999885559082,60728
2022-07-13,3.994999885559082,3.994999885559082,3.859999895095825,3.859999895095825,22849
2022-07-14,3.859999895095825,3.884999990463257,3.759999990463257,3.819999933242798,53378
2022-07-15,3.819999933242798,3.819999933242798,3.75,3.75,22187
2022-07-18,3.7750000953674316,3.805000066757202,3.7699999809265137,3.805000066757202,18993
2022-07-19,3.755000114440918,3.819999933242798,3.75,3.815000057220459,9820
2022-07-20,3.815000057220459,3.950000047683716,3.805000066757202,3.950000047683716,83616
2022-07-21,3.9549999237060547,4.070000171661377,3.8550000190734863,3.9000000953674316,105501
2022-07-22,3.934999942779541,3.934999942779541,3.859999895095825,3.934999942779541,53264
2022-07-25,3.9000000953674316,4.179999828338623,3.859999895095825,4.150000095367432,176833
2022-07-26,4.175000190734863,4.309999942779541,3.9649999141693115,4.074999809265137,218246
2022-07-27,4.010000228881836,4.090000152587891,3.9000000953674316,3.9149999618530273,52206
2022-07-28,3.9749999046325684,4.019999980926514,3.884999990463257,3.984999895095825,33916
2022-07-29,3.934999942779541,4.059999942779541,3.934999942779541,4.039999961853027,49988
2022-08-01,4.070000171661377,4.244999885559082,4.0,4.039999961853027,111594
2022-08-02,4.019999980926514,4.135000228881836,4.014999866485596,4.074999809265137,45849
2022-08-03,4.110000133514404,4.135000228881836,4.039999961853027,4.054999828338623,28489
2022-08-04,4.114999771118164,4.139999866485596,4.03000020980835,4.059999942779541,46774
2022-08-05,4.039999961853027,4.085000038146973,4.019999980926514,4.059999942779541,20503
2022-08-08,4.059999942779541,4.119999885559082,4.019999980926514,4.039999961853027,33035
2022-08-09,4.045000076293945,4.099999904632568,4.019999980926514,4.050000190734863,39289
2022-08-10,4.039999961853027,4.079999923706055,4.019999980926514,4.034999847412109,47679
2022-08-11,4.019999980926514,4.090000152587891,4.010000228881836,4.050000190734863,32236
2022-08-12,4.019999980926514,4.099999904632568,4.019999980926514,4.09499979019165,38847
2022-08-16,4.090000152587891,4.090000152587891,3.9749999046325684,3.9800000190734863,61057
2022-08-17,3.9800000190734863,4.045000076293945,3.940000057220459,3.9800000190734863,35485
2022-08-18,4.0,4.0,3.930000066757202,3.940000057220459,21484
2022-08-19,3.9149999618530273,3.9600000381469727,3.884999990463257,3.890000104904175,38617
2022-08-22,3.890000104904175,3.944999933242798,3.869999885559082,3.869999885559082,34033
2022-08-23,3.869999885559082,3.9149999618530273,3.8299999237060547,3.8399999141693115,57134
2022-08-24,3.8499999046325684,3.890000104904175,3.799999952316284,3.865000009536743,37513
2022-08-25,3.869999885559082,4.085000038146973,3.859999895095825,4.050000190734863,81903
2022-08-26,4.059999942779541,4.059999942779541,3.9549999237060547,4.03000020980835,28772
2022-08-29,3.9549999237060547,3.9549999237060547,3.8350000381469727,3.944999933242798,16837
2022-08-30,3.984999895095825,3.984999895095825,3.890000104904175,3.890000104904175,16120
2022-08-31,3.859999895095825,3.940000057220459,3.7699999809265137,3.7950000762939453,67315
2022-09-01,3.799999952316284,3.8949999809265137,3.680000066757202,3.680000066757202,94506
2022-09-02,3.809999942779541,3.809999942779541,3.680000066757202,3.7699999809265137,35127
2022-09-05,3.7699999809265137,3.8499999046325684,3.765000104904175,3.799999952316284,31020
2022-09-06,3.75,3.8499999046325684,3.75,3.799999952316284,51995
2022-09-07,3.799999952316284,3.859999895095825,3.759999990463257,3.825000047683716,31571
2022-09-08,3.825000047683716,3.825000047683716,3.7799999713897705,3.7799999713897705,13465
2022-09-09,3.7850000858306885,3.825000047683716,3.75,3.825000047683716,15322
2022-09-12,3.825000047683716,3.825000047683716,3.690000057220459,3.7699999809265137,23794
2022-09-13,3.755000114440918,3.7699999809265137,3.700000047683716,3.755000114440918,15947
2022-09-14,3.75,3.7850000858306885,3.7100000381469727,3.744999885559082,10930
2022-09-15,3.7799999713897705,3.7899999618530273,3.75,3.7699999809265137,6029
2022-09-16,3.755000114440918,3.7850000858306885,3.700000047683716,3.75,35190
2022-09-19,3.7049999237060547,3.75,3.700000047683716,3.7300000190734863,18820
2022-09-20,3.7200000286102295,3.740000009536743,3.6600000858306885,3.7049999237060547,39192
2022-09-21,3.700000047683716,3.7200000286102295,3.5999999046325684,3.694999933242798,91612
2022-09-22,3.6649999618530273,3.694999933242798,3.609999895095825,3.609999895095825,49570
2022-09-23,3.6700000762939453,3.6700000762939453,3.549999952316284,3.549999952316284,76256
2022-09-26,3.5899999141693115,3.5899999141693115,3.4700000286102295,3.515000104904175,53792
2022-09-27,3.549999952316284,3.6500000953674316,3.509999990463257,3.630000114440918,39262
2022-09-28,3.640000104904175,3.6500000953674316,3.4700000286102295,3.569999933242798,36192
2022-09-29,3.5799999237060547,3.7300000190734863,3.515000104904175,3.515000104904175,71639
2022-09-30,3.5799999237060547,3.690000057220459,3.5450000762939453,3.6050000190734863,69084
2022-10-03,3.6700000762939453,3.674999952316284,3.5299999713897705,3.640000104904175,43889
2022-10-04,3.634999990463257,3.680000066757202,3.5350000858306885,3.5850000381469727,38237
2022-10-05,3.6700000762939453,3.6700000762939453,3.559999942779541,3.625,49996
2022-10-06,3.5999999046325684,3.6449999809265137,3.549999952316284,3.609999895095825,22233
2022-10-07,3.615000009536743,3.6549999713897705,3.569999933242798,3.5999999046325684,13208
2022-10-10,3.5999999046325684,3.5999999046325684,3.549999952316284,3.549999952316284,35464
2022-10-11,3.549999952316284,3.630000114440918,3.549999952316284,3.630000114440918,41334
2022-10-12,3.5799999237060547,3.684999942779541,3.5799999237060547,3.6449999809265137,44930
2022-10-13,3.5999999046325684,3.625,3.440000057220459,3.5,106688
2022-10-14,3.5199999809265137,3.5999999046325684,3.5199999809265137,3.5399999618530273,23268
2022-10-17,3.559999942779541,3.609999895095825,3.549999952316284,3.609999895095825,16693
2022-10-18,3.609999895095825,3.630000114440918,3.5399999618530273,3.5450000762939453,45531
2022-10-19,3.555000066757202,3.5899999141693115,3.4000000953674316,3.450000047683716,68295
2022-10-20,3.450000047683716,3.4549999237060547,3.259999990463257,3.430000066757202,127931
2022-10-21,3.4000000953674316,3.430000066757202,3.359999895095825,3.4000000953674316,7496
2022-10-24,3.4000000953674316,3.5,3.4000000953674316,3.4600000381469727,20620
2022-10-25,3.4600000381469727,3.549999952316284,3.444999933242798,3.549999952316284,20947
2022-10-26,3.569999933242798,3.569999933242798,3.494999885559082,3.515000104904175,7972
2022-10-27,3.505000114440918,3.5450000762939453,3.4749999046325684,3.509999990463257,19545
2022-10-28,3.5250000953674316,3.5999999046325684,3.490000009536743,3.5999999046325684,44466
2022-10-31,3.5999999046325684,3.6600000858306885,3.4000000953674316,3.5350000858306885,74223
2022-11-02,3.555000066757202,3.569999933242798,3.4000000953674316,3.430000066757202,73863
2022-11-03,3.4700000286102295,3.515000104904175,3.450000047683716,3.5,22049
2022-11-04,3.5,3.505000114440918,3.380000114440918,3.4100000858306885,106520
2022-11-07,3.490000009536743,3.490000009536743,3.299999952316284,3.4000000953674316,88823
2022-11-08,3.4100000858306885,3.430000066757202,3.369999885559082,3.4149999618530273,13845
2022-11-09,3.4200000762939453,3.440000057220459,3.299999952316284,3.380000114440918,75514
2022-11-10,3.309999942779541,3.380000114440918,3.2799999713897705,3.2799999713897705,136823
2022-11-14,3.3299999237060547,3.494999885559082,3.299999952316284,3.424999952316284,177173
2022-11-15,3.424999952316284,3.434999942779541,3.319999933242798,3.4000000953674316,47868
2022-11-16,3.380000114440918,3.4000000953674316,3.319999933242798,3.3350000381469727,48282
2022-11-17,3.3499999046325684,3.365000009536743,3.3499999046325684,3.359999895095825,15397
2022-11-18,3.359999895095825,3.4200000762939453,3.3550000190734863,3.4049999713897705,11323
2022-11-21,3.4049999713897705,3.4200000762939453,3.365000009536743,3.384999990463257,24546
2022-11-22,3.4200000762939453,3.4200000762939453,3.3350000381469727,3.3350000381469727,32827
2022-11-23,3.3299999237060547,3.4000000953674316,3.3299999237060547,3.390000104904175,31602
2022-11-24,3.359999895095825,3.450000047683716,3.359999895095825,3.444999933242798,32336
2022-11-25,3.4049999713897705,3.4800000190734863,3.4049999713897705,3.450000047683716,20085
2022-11-28,3.450000047683716,3.4700000286102295,3.4200000762939453,3.450000047683716,15272
2022-11-29,3.4200000762939453,3.5199999809265137,3.4200000762939453,3.490000009536743,40904
2022-11-30,3.5,3.5199999809265137,3.4649999141693115,3.5,31686
2022-12-01,3.5199999809265137,3.549999952316284,3.5,3.549999952316284,20383
2022-12-02,3.5299999713897705,3.5799999237060547,3.5250000953674316,3.559999942779541,18947
2022-12-05,3.575000047683716,3.575000047683716,3.4700000286102295,3.549999952316284,44657
2022-12-06,3.5,3.549999952316284,3.4800000190734863,3.549999952316284,44714
2022-12-07,3.509999990463257,3.5299999713897705,3.484999895095825,3.5,25932
2022-12-08,3.5,3.5299999713897705,3.490000009536743,3.5,32530
2022-12-09,3.5,3.569999933242798,3.5,3.555000066757202,56011
2022-12-12,3.515000104904175,3.559999942779541,3.4749999046325684,3.555000066757202,42331
2022-12-13,3.549999952316284,3.549999952316284,3.4000000953674316,3.4549999237060547,78284
2022-12-14,3.4800000190734863,3.5,3.4600000381469727,3.4700000286102295,27830
2022-12-15,3.4649999141693115,3.4700000286102295,3.380000114440918,3.430000066757202,113212
2022-12-16,3.4000000953674316,3.450000047683716,3.359999895095825,3.4149999618530273,37046
2022-12-19,3.4000000953674316,3.424999952316284,3.369999885559082,3.424999952316284,13372
2022-12-20,3.4049999713897705,3.4200000762939453,3.359999895095825,3.365000009536743,18765
2022-12-21,3.380000114440918,3.4000000953674316,3.369999885559082,3.384999990463257,51469
2022-12-22,3.4000000953674316,3.5,3.380000114440918,3.4000000953674316,47053
2022-12-23,3.4000000953674316,3.434999942779541,3.369999885559082,3.369999885559082,33110
2022-12-27,3.369999885559082,3.3949999809265137,3.299999952316284,3.3299999237060547,110799
2022-12-28,3.3299999237060547,3.3499999046325684,3.305000066757202,3.319999933242798,90705
2022-12-29,3.315000057220459,3.3550000190734863,3.315000057220459,3.325000047683716,25766
2022-12-30,3.325000047683716,3.434999942779541,3.325000047683716,3.369999885559082,21339
2023-01-02,3.375,3.4600000381469727,3.375,3.384999990463257,25237
2023-01-03,3.3949999809265137,3.4600000381469727,3.3949999809265137,3.430000066757202,61360
2023-01-04,3.4600000381469727,3.484999895095825,3.430000066757202,3.4600000381469727,53267
2023-01-05,3.4600000381469727,3.4600000381469727,3.384999990463257,3.434999942779541,80048
2023-01-09,3.434999942779541,3.450000047683716,3.3550000190734863,3.3550000190734863,89769
2023-01-10,3.3550000190734863,3.450000047683716,3.3550000190734863,3.440000057220459,36971
2023-01-11,3.450000047683716,3.4600000381469727,3.3499999046325684,3.4100000858306885,97309
2023-01-12,3.4000000953674316,3.440000057220459,3.390000104904175,3.4000000953674316,56947
2023-01-13,3.430000066757202,3.444999933242798,3.380000114440918,3.430000066757202,25808
2023-01-16,3.434999942779541,3.75,3.390000104904175,3.6500000953674316,290517
2023-01-17,3.700000047683716,3.880000114440918,3.549999952316284,3.630000114440918,202809
2023-01-18,3.640000104904175,3.640000104904175,3.549999952316284,3.5950000286102295,53748
2023-01-19,3.5899999141693115,3.619999885559082,3.5,3.5250000953674316,45506
2023-01-20,3.5250000953674316,3.5999999046325684,3.440000057220459,3.505000114440918,82545
2023-01-23,3.5299999713897705,3.5399999618530273,3.450000047683716,3.484999895095825,70064
2023-01-24,3.484999895095825,3.575000047683716,3.4700000286102295,3.5,52730
2023-01-25,3.5,3.5,3.440000057220459,3.444999933242798,29275
2023-01-26,3.450000047683716,3.494999885559082,3.4149999618530273,3.4149999618530273,75148
2023-01-27,3.434999942779541,3.509999990463257,3.434999942779541,3.509999990463257,30669
2023-01-30,3.4600000381469727,3.515000104904175,3.450000047683716,3.484999895095825,26487
2023-01-31,3.4800000190734863,3.5,3.4600000381469727,3.4649999141693115,20425
2023-02-01,3.5,3.5899999141693115,3.4600000381469727,3.5799999237060547,75758
2023-02-02,3.5799999237060547,3.619999885559082,3.5399999618530273,3.5799999237060547,19323
2023-02-03,3.559999942779541,3.5799999237060547,3.5250000953674316,3.5299999713897705,25438
2023-02-06,3.5299999713897705,3.559999942779541,3.380000114440918,3.484999895095825,66706
2023-02-07,3.4700000286102295,3.515000104904175,3.4000000953674316,3.430000066757202,62620
2023-02-08,3.434999942779541,3.4800000190734863,3.4100000858306885,3.4100000858306885,65828
2023-02-09,3.4100000858306885,3.5,3.3949999809265137,3.490000009536743,181268
2023-02-10,3.490000009536743,3.490000009536743,3.424999952316284,3.4549999237060547,16610
2023-02-13,3.430000066757202,3.4700000286102295,3.430000066757202,3.4649999141693115,24962
2023-02-14,3.450000047683716,3.4800000190734863,3.430000066757202,3.440000057220459,19563
2023-02-15,3.440000057220459,3.4800000190734863,3.430000066757202,3.4700000286102295,13753
2023-02-16,3.484999895095825,3.494999885559082,3.4700000286102295,3.484999895095825,16994
2023-02-17,3.4749999046325684,3.490000009536743,3.4100000858306885,3.4100000858306885,78154
2023-02-20,3.4149999618530273,3.4749999046325684,3.4149999618530273,3.430000066757202,10311
2023-02-21,3.430000066757202,3.4749999046325684,3.4200000762939453,3.4600000381469727,14212
2023-02-22,3.4600000381469727,3.4649999141693115,3.4149999618530273,3.4200000762939453,22590
2023-02-23,3.450000047683716,3.4649999141693115,3.4200000762939453,3.440000057220459,17302
2023-02-24,3.4200000762939453,3.4549999237060547,3.4149999618530273,3.4200000762939453,19426
2023-02-27,3.430000066757202,3.450000047683716,3.4200000762939453,3.430000066757202,10116
2023-02-28,3.430000066757202,3.450000047683716,3.4200000762939453,3.444999933242798,5798
2023-03-01,3.444999933242798,3.4649999141693115,3.430000066757202,3.4649999141693115,20735
2023-03-02,3.450000047683716,3.4800000190734863,3.424999952316284,3.4649999141693115,27397
2023-03-03,3.450000047683716,3.5,3.440000057220459,3.5,26246
2023-03-06,3.509999990463257,3.7300000190734863,3.509999990463257,3.6449999809265137,173597
2023-03-07,3.6449999809265137,3.7300000190734863,3.5999999046325684,3.615000009536743,81595
2023-03-08,3.6050000190734863,3.630000114440918,3.5199999809265137,3.559999942779541,50176
2023-03-09,3.559999942779541,3.5950000286102295,3.549999952316284,3.575000047683716,12250
2023-03-10,3.5850000381469727,3.5850000381469727,3.4700000286102295,3.5299999713897705,55586
2023-03-13,3.5199999809265137,3.5199999809265137,3.424999952316284,3.490000009536743,54678
2023-03-14,3.4800000190734863,3.549999952316284,3.4800000190734863,3.5,33766
2023-03-15,3.5,3.5199999809265137,3.430000066757202,3.430000066757202,35438
2023-03-16,3.434999942779541,3.4800000190734863,3.4100000858306885,3.434999942779541,16928
2023-03-17,3.444999933242798,3.4600000381469727,3.4200000762939453,3.4200000762939453,16031
2023-03-20,3.4149999618530273,3.4549999237060547,3.3450000286102295,3.4549999237060547,28887
2023-03-21,3.430000066757202,3.4700000286102295,3.4000000953674316,3.440000057220459,27979
2023-03-22,3.424999952316284,3.4600000381469727,3.380000114440918,3.384999990463257,32113
2023-03-23,3.4000000953674316,3.450000047683716,3.4000000953674316,3.4100000858306885,10440
2023-03-24,3.4100000858306885,3.430000066757202,3.380000114440918,3.380000114440918,17017
2023-03-27,3.4000000953674316,3.424999952316284,3.369999885559082,3.424999952316284,13609
2023-03-28,3.444999933242798,3.444999933242798,3.299999952316284,3.3299999237060547,45034
2023-03-29,3.359999895095825,3.4049999713897705,3.3499999046325684,3.390000104904175,15080
2023-03-30,3.3949999809265137,3.490000009536743,3.3949999809265137,3.4800000190734863,28522
2023-03-31,3.4700000286102295,3.494999885559082,3.299999952316284,3.4200000762939453,50421
2023-04-03,3.609999895095825,3.700000047683716,3.559999942779541,3.5999999046325684,140703
2023-04-04,3.5999999046325684,3.6449999809265137,3.444999933242798,3.5799999237060547,51574
2023-04-05,3.549999952316284,3.5850000381469727,3.5,3.515000104904175,13680
2023-04-06,3.559999942779541,3.559999942779541,3.4800000190734863,3.5,23748
2023-04-11,3.509999990463257,3.569999933242798,3.5,3.569999933242798,25577
2023-04-12,3.5250000953674316,3.640000104904175,3.5250000953674316,3.575000047683716,43558
2023-04-13,3.575000047683716,3.5999999046325684,3.5199999809265137,3.559999942779541,12070
2023-04-14,3.559999942779541,3.569999933242798,3.5199999809265137,3.5199999809265137,16175
2023-04-17,3.5199999809265137,3.5999999046325684,3.5199999809265137,3.549999952316284,18098
2023-04-18,3.5799999237060547,3.5999999046325684,3.5350000858306885,3.549999952316284,15136
2023-04-19,3.555000066757202,3.5950000286102295,3.5450000762939453,3.5799999237060547,23517
2023-04-20,3.5850000381469727,3.609999895095825,3.5350000858306885,3.5350000858306885,40771
2023-04-21,3.559999942779541,3.8399999141693115,3.559999942779541,3.8350000381469727,325273
2023-04-24,3.8350000381469727,3.9549999237060547,3.805000066757202,3.8949999809265137,139086
2023-04-25,3.880000114440918,3.890000104904175,3.7799999713897705,3.805000066757202,49477
2023-04-26,3.819999933242798,3.9000000953674316,3.7799999713897705,3.8350000381469727,39294
2023-04-27,3.8299999237060547,3.9700000286102295,3.799999952316284,3.9600000381469727,90455
2023-04-28,3.9700000286102295,3.9800000190734863,3.7200000286102295,3.950000047683716,111401
2023-05-02,3.884999990463257,3.884999990463257,3.7799999713897705,3.7799999713897705,65594
2023-05-04,3.7699999809265137,3.7699999809265137,3.6500000953674316,3.6700000762939453,122854
2023-05-05,3.694999933242798,3.7149999141693115,3.619999885559082,3.630000114440918,50650
2023-05-08,3.634999990463257,3.7300000190734863,3.5799999237060547,3.700000047683716,66880
2023-05-09,3.700000047683716,3.700000047683716,3.6600000858306885,3.684999942779541,15560
2023-05-10,3.684999942779541,3.684999942779541,3.5,3.640000104904175,73861
2023-05-11,3.5850000381469727,3.6600000858306885,3.5850000381469727,3.5999999046325684,18935
2023-05-12,3.5950000286102295,3.700000047683716,3.5850000381469727,3.630000114440918,35681
2023-05-15,3.630000114440918,3.690000057220459,3.5999999046325684,3.6700000762939453,113181
2023-05-16,3.674999952316284,3.674999952316284,3.5999999046325684,3.640000104904175,15035
2023-05-17,3.640000104904175,3.6500000953674316,3.549999952316284,3.630000114440918,31941
2023-05-18,3.630000114440918,3.6500000953674316,3.5899999141693115,3.619999885559082,27698
2023-05-19,3.5999999046325684,3.6500000953674316,3.575000047683716,3.609999895095825,13373
2023-05-22,3.609999895095825,3.690000057220459,3.549999952316284,3.690000057220459,76803
2023-05-23,3.690000057220459,3.75,3.630000114440918,3.6700000762939453,22824
2023-05-24,3.700000047683716,3.7100000381469727,3.549999952316284,3.700000047683716,32321
2023-05-25,3.6600000858306885,3.7100000381469727,3.6500000953674316,3.690000057220459,39734
2023-05-26,3.690000057220459,3.690000057220459,3.6500000953674316,3.684999942779541,21979
2023-05-29,3.609999895095825,3.684999942779541,3.609999895095825,3.680000066757202,21719
2023-05-30,3.690000057220459,3.690000057220459,3.609999895095825,3.6549999713897705,13460
2023-05-31,3.680000066757202,3.680000066757202,3.575000047683716,3.575000047683716,18802
2023-06-01,3.5799999237060547,3.630000114440918,3.5299999713897705,3.555000066757202,31161
2023-06-02,3.559999942779541,3.6500000953674316,3.559999942779541,3.630000114440918,20507
2023-06-05,3.640000104904175,3.690000057220459,3.619999885559082,3.6649999618530273,18445
2023-06-06,3.6649999618530273,3.6700000762939453,3.5999999046325684,3.5999999046325684,34811
2023-06-07,3.6050000190734863,3.6500000953674316,3.6050000190734863,3.640000104904175,12327
2023-06-09,3.640000104904175,3.6600000858306885,3.5999999046325684,3.6449999809265137,22138
2023-06-12,3.6449999809265137,3.6500000953674316,3.609999895095825,3.609999895095825,20192
2023-06-13,3.615000009536743,3.6500000953674316,3.609999895095825,3.630000114440918,12136
2023-06-14,3.619999885559082,3.634999990463257,3.549999952316284,3.5999999046325684,27219
2023-06-15,3.5899999141693115,3.6500000953674316,3.555000066757202,3.640000104904175,20234
2023-06-16,3.640000104904175,3.6449999809265137,3.5799999237060547,3.615000009536743,16108
2023-06-19,3.619999885559082,3.680000066757202,3.619999885559082,3.640000104904175,20465
2023-06-20,3.619999885559082,3.6500000953674316,3.5999999046325684,3.615000009536743,20679
2023-06-21,3.615000009536743,3.640000104904175,3.5999999046325684,3.619999885559082,18402
2023-06-22,3.640000104904175,3.640000104904175,3.575000047683716,3.5850000381469727,32189
2023-06-23,3.5950000286102295,3.619999885559082,3.5950000286102295,3.6050000190734863,4495
2023-06-26,3.615000009536743,3.6500000953674316,3.6050000190734863,3.6449999809265137,27414
2023-06-27,3.5999999046325684,3.640000104904175,3.5999999046325684,3.6050000190734863,6624
2023-06-28,3.625,3.630000114440918,3.6050000190734863,3.625,11622
2023-06-29,3.619999885559082,3.630000114440918,3.5799999237060547,3.619999885559082,8731
2023-06-30,3.619999885559082,3.6500000953674316,3.5850000381469727,3.630000114440918,26556
2023-07-03,3.6500000953674316,3.6500000953674316,3.630000114440918,3.630000114440918,21765
2023-07-04,3.630000114440918,3.6500000953674316,3.625,3.6500000953674316,16216
2023-07-05,3.630000114440918,3.6500000953674316,3.5850000381469727,3.615000009536743,24612
2023-07-06,3.609999895095825,3.6500000953674316,3.440000057220459,3.625,91043
2023-07-07,3.625,3.6500000953674316,3.5999999046325684,3.609999895095825,20916
2023-07-10,3.609999895095825,3.609999895095825,3.549999952316284,3.5799999237060547,15850
2023-07-11,3.575000047683716,3.6050000190734863,3.549999952316284,3.5850000381469727,33264
2023-07-12,3.6050000190734863,3.630000114440918,3.559999942779541,3.615000009536743,20184
2023-07-13,3.615000009536743,3.640000104904175,3.5999999046325684,3.634999990463257,13789
2023-07-14,3.640000104904175,3.7799999713897705,3.640000104904175,3.7100000381469727,165177
2023-07-17,3.75,3.7699999809265137,3.7049999237060547,3.759999990463257,54746
2023-07-18,3.7699999809265137,3.7699999809265137,3.690000057220459,3.759999990463257,19094
2023-07-19,3.759999990463257,3.859999895095825,3.7100000381469727,3.7899999618530273,99215
2023-07-20,3.7899999618530273,3.8299999237060547,3.740000009536743,3.799999952316284,18802
2023-07-21,3.799999952316284,3.809999942779541,3.700000047683716,3.805000066757202,17266
2023-07-24,3.799999952316284,3.809999942779541,3.7100000381469727,3.799999952316284,16363
2023-07-25,3.7899999618530273,3.7899999618530273,3.740000009536743,3.7699999809265137,21183
2023-07-26,3.7699999809265137,3.7899999618530273,3.75,3.75,6928
2023-07-27,3.7200000286102295,3.755000114440918,3.694999933242798,3.755000114440918,31832
2023-07-28,3.75,3.755000114440918,3.7049999237060547,3.755000114440918,13656
2023-07-31,3.700000047683716,3.75,3.700000047683716,3.75,23277
2023-08-01,3.7200000286102295,3.7200000286102295,3.694999933242798,3.7149999141693115,11781
2023-08-02,3.7100000381469727,3.740000009536743,3.6600000858306885,3.694999933242798,26875
2023-08-03,3.7200000286102295,3.7300000190734863,3.6600000858306885,3.7049999237060547,16795
2023-08-04,3.700000047683716,3.7300000190734863,3.690000057220459,3.700000047683716,14094
2023-08-07,3.7149999141693115,3.7300000190734863,3.6600000858306885,3.700000047683716,14352
2023-08-08,3.6649999618530273,3.7200000286102295,3.6649999618530273,3.674999952316284,24837
2023-08-09,3.6700000762939453,3.7049999237060547,3.6700000762939453,3.700000047683716,128741
2023-08-10,3.7100000381469727,3.7300000190734863,3.690000057220459,3.7200000286102295,30940
2023-08-11,3.700000047683716,3.734999895095825,3.694999933242798,3.734999895095825,17941
2023-08-14,3.740000009536743,3.940000057220459,3.7200000286102295,3.9149999618530273,178588
2023-08-16,3.9200000762939453,4.039999961853027,3.8399999141693115,3.944999933242798,192730
2023-08-17,4.099999904632568,4.099999904632568,3.9200000762939453,3.930000066757202,168254
2023-08-18,3.930000066757202,3.990000009536743,3.8499999046325684,3.9149999618530273,42700
2023-08-21,3.9000000953674316,4.0,3.759999990463257,3.9649999141693115,123500
2023-08-22,3.9649999141693115,3.990000009536743,3.9000000953674316,3.9600000381469727,47734
2023-08-23,3.950000047683716,3.9800000190734863,3.9000000953674316,3.950000047683716,40804
2023-08-24,3.9000000953674316,3.9800000190734863,3.859999895095825,3.930000066757202,31961
2023-08-25,3.9200000762939453,4.0,3.9200000762939453,3.9700000286102295,31720
2023-08-28,3.9700000286102295,3.9700000286102295,3.9100000858306885,3.9100000858306885,24824
2023-08-29,3.9049999713897705,3.944999933242798,3.9000000953674316,3.9000000953674316,19583
2023-08-30,3.9649999141693115,3.9700000286102295,3.859999895095825,3.930000066757202,32406
2023-08-31,3.9000000953674316,3.950000047683716,3.9000000953674316,3.9200000762939453,13667
2023-09-01,3.9000000953674316,3.944999933242798,3.7950000762939453,3.940000057220459,72554
2023-09-04,3.940000057220459,4.099999904632568,3.940000057220459,4.014999866485596,133631
2023-09-05,4.0,4.070000171661377,3.9800000190734863,4.0,50752
2023-09-06,4.0,4.0,3.890000104904175,3.9200000762939453,62125
2023-09-07,3.9200000762939453,4.0,3.859999895095825,3.880000114440918,70921
2023-09-08,3.944999933242798,3.950000047683716,3.880000114440918,3.9000000953674316,31496
2023-09-11,3.9000000953674316,4.0,3.884999990463257,3.944999933242798,25869
2023-09-12,3.950000047683716,3.950000047683716,3.819999933242798,3.869999885559082,33394
2023-09-13,3.890000104904175,3.9100000858306885,3.8499999046325684,3.8499999046325684,11443
2023-09-14,3.869999885559082,3.8949999809265137,3.819999933242798,3.890000104904175,30835
2023-09-15,3.9000000953674316,3.9200000762939453,3.8399999141693115,3.8499999046325684,28004
2023-09-18,3.8299999237060547,3.8499999046325684,3.819999933242798,3.8299999237060547,36693
2023-09-19,3.8399999141693115,3.9549999237060547,3.8299999237060547,3.940000057220459,35913
2023-09-20,3.950000047683716,3.950000047683716,3.9000000953674316,3.9100000858306885,29164
2023-09-21,3.9200000762939453,3.934999942779541,3.9000000953674316,3.9100000858306885,16438
2023-09-22,3.9049999713897705,3.9100000858306885,3.8499999046325684,3.890000104904175,19121
2023-09-25,3.890000104904175,3.940000057220459,3.890000104904175,3.8949999809265137,8839
2023-09-26,3.8949999809265137,3.8949999809265137,3.869999885559082,3.875,18232
2023-09-27,3.880000114440918,3.9000000953674316,3.8299999237060547,3.875,23164
2023-09-28,3.884999990463257,3.9000000953674316,3.8450000286102295,3.8450000286102295,8026
2023-09-29,3.8499999046325684,3.859999895095825,3.799999952316284,3.8550000190734863,18362
2023-10-02,3.809999942779541,3.859999895095825,3.809999942779541,3.859999895095825,8985
2023-10-03,3.8299999237060547,3.9000000953674316,3.799999952316284,3.809999942779541,7108
2023-10-04,3.809999942779541,3.8499999046325684,3.809999942779541,3.8399999141693115,1512
2023-10-05,3.859999895095825,3.859999895095825,3.799999952316284,3.809999942779541,19535
2023-10-06,3.809999942779541,3.8499999046325684,3.759999990463257,3.7699999809265137,36789
2023-10-09,3.755000114440918,3.815000057220459,3.7200000286102295,3.755000114440918,28885
2023-10-10,3.7200000286102295,3.8550000190734863,3.7200000286102295,3.8499999046325684,15187
2023-10-11,3.8499999046325684,3.8499999046325684,3.799999952316284,3.8450000286102295,11211
2023-10-12,3.809999942779541,3.8499999046325684,3.75,3.809999942779541,11401
2023-10-13,3.799999952316284,3.8399999141693115,3.75,3.7699999809265137,17871
2023-10-16,3.799999952316284,3.8399999141693115,3.7699999809265137,3.7950000762939453,16482
2023-10-17,3.7950000762939453,3.8350000381469727,3.700000047683716,3.8350000381469727,66554
2023-10-18,3.7699999809265137,3.819999933242798,3.7699999809265137,3.7799999713897705,19024
2023-10-19,3.7899999618530273,3.8399999141693115,3.7799999713897705,3.7799999713897705,15083
2023-10-20,3.7799999713897705,3.815000057220459,3.7300000190734863,3.7950000762939453,17095
2023-10-23,3.740000009536743,3.7799999713897705,3.7100000381469727,3.744999885559082,25443
2023-10-24,3.744999885559082,3.7699999809265137,3.740000009536743,3.7699999809265137,11214
2023-10-25,3.7750000953674316,3.7950000762939453,3.734999895095825,3.75,33608
2023-10-26,3.75,3.7950000762939453,3.744999885559082,3.744999885559082,4864
2023-10-27,3.740000009536743,3.799999952316284,3.7200000286102295,3.7799999713897705,20085
2023-10-30,3.7850000858306885,3.7899999618530273,3.734999895095825,3.7799999713897705,8431
2023-10-31,3.7249999046325684,3.7850000858306885,3.7200000286102295,3.7699999809265137,10429
2023-11-02,3.7200000286102295,3.765000104904175,3.700000047683716,3.759999990463257,20411
2023-11-03,3.765000104904175,3.7850000858306885,3.7300000190734863,3.765000104904175,8480
2023-11-06,3.75,3.809999942779541,3.75,3.7699999809265137,25634
2023-11-07,3.75,3.75,3.7249999046325684,3.7300000190734863,17989
2023-11-08,3.7200000286102295,3.75,3.700000047683716,3.740000009536743,29434
2023-11-09,3.7100000381469727,3.740000009536743,3.700000047683716,3.7100000381469727,8240
2023-11-10,3.7100000381469727,3.7300000190734863,3.700000047683716,3.700000047683716,25989
2023-11-13,3.700000047683716,3.700000047683716,3.5999999046325684,3.6549999713897705,54987
2023-11-14,3.6500000953674316,3.6700000762939453,3.5999999046325684,3.6500000953674316,32147
2023-11-15,3.6500000953674316,3.6600000858306885,3.5999999046325684,3.6500000953674316,50459
2023-11-16,3.630000114440918,3.6549999713897705,3.5950000286102295,3.640000104904175,17022
2023-11-17,3.5999999046325684,3.640000104904175,3.5899999141693115,3.640000104904175,16853
2023-11-20,3.640000104904175,3.6449999809265137,3.5399999618530273,3.559999942779541,71321
2023-11-21,3.5799999237060547,3.5799999237060547,3.515000104904175,3.5399999618530273,41306
2023-11-22,3.5399999618530273,3.5399999618530273,3.490000009536743,3.490000009536743,64715
2023-11-23,3.4700000286102295,3.565000057220459,3.4700000286102295,3.5,28185
2023-11-24,3.5,3.559999942779541,3.490000009536743,3.559999942779541,25227
2023-11-27,3.505000114440918,3.555000066757202,3.5,3.5450000762939453,19734
2023-11-28,3.5,3.5399999618530273,3.5,3.515000104904175,47492
2023-11-29,3.515000104904175,3.5299999713897705,3.4800000190734863,3.509999990463257,36746
2023-11-30,3.5,3.5199999809265137,3.4749999046325684,3.515000104904175,39377
2023-12-01,3.5,3.640000104904175,3.5,3.575000047683716,58159
2023-12-04,3.575000047683716,3.619999885559082,3.5399999618530273,3.575000047683716,16566
2023-12-05,3.5399999618530273,3.5799999237060547,3.5399999618530273,3.575000047683716,13268
2023-12-06,3.5399999618530273,3.5999999046325684,3.5399999618530273,3.5399999618530273,30148
2023-12-07,3.609999895095825,3.75,3.5899999141693115,3.6449999809265137,144404
2023-12-08,3.694999933242798,3.740000009536743,3.6600000858306885,3.680000066757202,67418
2023-12-11,3.680000066757202,3.7149999141693115,3.6600000858306885,3.684999942779541,60011
2023-12-12,3.700000047683716,3.700000047683716,3.5999999046325684,3.615000009536743,40689
2023-12-13,3.609999895095825,3.6500000953674316,3.5999999046325684,3.625,24599
2023-12-14,3.625,3.680000066757202,3.6050000190734863,3.640000104904175,54880
2023-12-15,3.6549999713897705,3.674999952316284,3.609999895095825,3.640000104904175,42715
2023-12-18,3.640000104904175,3.6649999618530273,3.609999895095825,3.6449999809265137,27330
2023-12-19,3.615000009536743,3.640000104904175,3.5999999046325684,3.630000114440918,99494
2023-12-20,3.630000114440918,3.634999990463257,3.5999999046325684,3.6050000190734863,61858
2023-12-21,3.6050000190734863,3.6050000190734863,3.559999942779541,3.5999999046325684,49014
2023-12-22,3.5999999046325684,3.5999999046325684,3.5299999713897705,3.5399999618530273,65473
2023-12-27,3.5399999618530273,3.5399999618530273,3.4649999141693115,3.4749999046325684,145312
2023-12-28,3.490000009536743,3.559999942779541,3.490000009536743,3.5299999713897705,16350
2023-12-29,3.5299999713897705,3.5850000381469727,3.505000114440918,3.569999933242798,34570
2024-01-02,3.569999933242798,3.640000104904175,3.569999933242798,3.6050000190734863,29054
2024-01-03,3.6050000190734863,3.630000114440918,3.5799999237060547,3.5799999237060547,21305
2024-01-04,3.5799999237060547,3.5999999046325684,3.5799999237060547,3.5850000381469727,9921
2024-01-05,3.5850000381469727,3.6449999809265137,3.5850000381469727,3.630000114440918,34129
2024-01-08,3.630000114440918,3.640000104904175,3.5999999046325684,3.619999885559082,7681
2024-01-09,3.630000114440918,3.630000114440918,3.5899999141693115,3.619999885559082,5846
2024-01-10,3.619999885559082,3.6600000858306885,3.5950000286102295,3.609999895095825,18159
2024-01-11,3.609999895095825,3.6600000858306885,3.5450000762939453,3.6600000858306885,29092
2024-01-12,3.609999895095825,3.6449999809265137,3.6050000190734863,3.630000114440918,10898
2024-01-15,3.6050000190734863,3.640000104904175,3.5399999618530273,3.569999933242798,8385
2024-01-16,3.565000057220459,3.5999999046325684,3.559999942779541,3.569999933242798,11567
2024-01-17,3.569999933242798,3.569999933242798,3.549999952316284,3.549999952316284,7789
2024-01-18,3.549999952316284,3.565000057220459,3.5299999713897705,3.5299999713897705,18762
2024-01-19,3.5399999618530273,3.555000066757202,3.5,3.515000104904175,8482
2024-01-22,3.515000104904175,3.5199999809265137,3.4800000190734863,3.490000009536743,25218
2024-01-23,3.5,3.5399999618530273,3.5,3.5199999809265137,15025
2024-01-24,3.505000114440918,3.6600000858306885,3.5,3.5850000381469727,49615
2024-01-25,3.575000047683716,3.7750000953674316,3.555000066757202,3.7100000381469727,156830
2024-01-26,3.700000047683716,3.7100000381469727,3.609999895095825,3.6649999618530273,27378
2024-01-29,3.700000047683716,3.700000047683716,3.619999885559082,3.630000114440918,8945
2024-01-30,3.674999952316284,3.674999952316284,3.5999999046325684,3.6500000953674316,23751
2024-01-31,3.619999885559082,3.6600000858306885,3.619999885559082,3.6449999809265137,15922
2024-02-01,3.6449999809265137,3.765000104904175,3.6449999809265137,3.7200000286102295,85255
2024-02-02,3.7249999046325684,3.7699999809265137,3.700000047683716,3.7200000286102295,47883
2024-02-05,3.7200000286102295,3.7200000286102295,3.690000057220459,3.690000057220459,40305
2024-02-06,3.700000047683716,3.7200000286102295,3.6600000858306885,3.6649999618530273,12694
2024-02-07,3.6649999618530273,3.7049999237060547,3.6649999618530273,3.680000066757202,4311
2024-02-08,3.6649999618530273,3.700000047683716,3.6500000953674316,3.6600000858306885,17854
2024-02-09,3.6600000858306885,3.6649999618530273,3.5999999046325684,3.5999999046325684,55227
2024-02-12,3.634999990463257,3.6600000858306885,3.630000114440918,3.640000104904175,7245
2024-02-13,3.6600000858306885,3.680000066757202,3.6050000190734863,3.630000114440918,11140
2024-02-14,3.609999895095825,3.630000114440918,3.6050000190734863,3.625,18460
2024-02-15,3.609999895095825,3.634999990463257,3.5999999046325684,3.619999885559082,22846
2024-02-16,3.6050000190734863,3.6500000953674316,3.5999999046325684,3.625,61009
2024-02-19,3.5999999046325684,3.630000114440918,3.5899999141693115,3.619999885559082,8778
2024-02-20,3.619999885559082,3.6700000762939453,3.615000009536743,3.640000104904175,5679
2024-02-21,3.630000114440918,3.640000104904175,3.5999999046325684,3.615000009536743,8919
2024-02-22,3.609999895095825,3.640000104904175,3.5999999046325684,3.609999895095825,38162
2024-02-23,3.5999999046325684,3.634999990463257,3.5999999046325684,3.630000114440918,11571
2024-02-26,3.634999990463257,3.634999990463257,3.6050000190734863,3.619999885559082,9337
2024-02-27,3.630000114440918,3.634999990463257,3.6050000190734863,3.625,20229
2024-02-28,3.625,3.640000104904175,3.5999999046325684,3.619999885559082,96163
2024-02-29,3.615000009536743,3.634999990463257,3.5999999046325684,3.630000114440918,11806
2024-03-01,3.630000114440918,3.630000114440918,3.5899999141693115,3.619999885559082,23327
2024-03-04,3.625,3.625,3.5899999141693115,3.5950000286102295,5452
2024-03-05,3.5999999046325684,3.609999895095825,3.5799999237060547,3.5850000381469727,33182
2024-03-06,3.5899999141693115,3.5950000286102295,3.565000057220459,3.5899999141693115,12168
2024-03-07,3.609999895095825,3.630000114440918,3.565000057220459,3.5999999046325684,9788
2024-03-08,3.5799999237060547,3.5999999046325684,3.5799999237060547,3.5999999046325684,2940
2024-03-11,3.5999999046325684,3.5999999046325684,3.559999942779541,3.5799999237060547,21382
2024-03-12,3.569999933242798,3.5999999046325684,3.5399999618530273,3.575000047683716,22471
2024-03-13,3.5950000286102295,3.5999999046325684,3.555000066757202,3.5950000286102295,7069
2024-03-14,3.5899999141693115,3.5999999046325684,3.559999942779541,3.5999999046325684,17048
2024-03-15,3.5999999046325684,3.5999999046325684,3.5450000762939453,3.575000047683716,13650
2024-03-18,3.5799999237060547,3.5950000286102295,3.555000066757202,3.5799999237060547,14623
2024-03-19,3.5950000286102295,3.5999999046325684,3.5399999618530273,3.5950000286102295,4324
2024-03-20,3.5950000286102295,3.5999999046325684,3.569999933242798,3.5799999237060547,5575
2024-03-21,3.569999933242798,3.5999999046325684,3.549999952316284,3.549999952316284,10761
2024-03-22,3.549999952316284,3.559999942779541,3.4749999046325684,3.549999952316284,81133
2024-03-25,3.549999952316284,3.5799999237060547,3.299999952316284,3.569999933242798,56685
2024-03-26,3.569999933242798,3.569999933242798,3.505000114440918,3.569999933242798,13635
2024-03-27,3.549999952316284,3.565000057220459,3.509999990463257,3.509999990463257,16594
2024-03-28,3.5299999713897705,3.5799999237060547,3.3499999046325684,3.569999933242798,50686
2024-04-02,3.5799999237060547,3.5799999237060547,3.5199999809265137,3.559999942779541,36992
2024-04-03,3.559999942779541,3.5799999237060547,3.5199999809265137,3.565000057220459,54155
2024-04-04,3.5399999618530273,3.5799999237060547,3.5199999809265137,3.565000057220459,36342
2024-04-05,3.559999942779541,3.5799999237060547,3.5250000953674316,3.549999952316284,22873
2024-04-08,3.549999952316284,3.5799999237060547,3.5250000953674316,3.5350000858306885,17042
2024-04-09,3.5350000858306885,3.549999952316284,3.5199999809265137,3.5399999618530273,40925
2024-04-10,3.5199999809265137,3.549999952316284,3.5,3.5299999713897705,20850
2024-04-11,3.509999990463257,3.5399999618530273,3.4800000190734863,3.5399999618530273,19334
2024-04-12,3.505000114440918,3.549999952316284,3.5,3.5,32031
2024-04-15,3.509999990463257,3.5299999713897705,3.490000009536743,3.5199999809265137,24341
2024-04-16,3.509999990463257,3.5199999809265137,3.4800000190734863,3.494999885559082,19093
2024-04-17,3.490000009536743,3.509999990463257,3.490000009536743,3.5,8911
2024-04-18,3.5,3.5450000762939453,3.4800000190734863,3.5,35814
2024-04-19,3.5,3.515000104904175,3.4800000190734863,3.5,33913
2024-04-22,3.5,3.5399999618530273,3.5,3.5199999809265137,22260
2024-04-23,3.505000114440918,3.5199999809265137,3.490000009536743,3.5,30000
2024-04-24,3.5,3.509999990463257,3.5,3.505000114440918,20128
2024-04-25,3.505000114440918,3.505000114440918,3.4600000381469727,3.5,48068
2024-04-26,3.490000009536743,3.5199999809265137,3.430000066757202,3.505000114440918,132689
2024-04-29,3.5,3.505000114440918,3.430000066757202,3.505000114440918,142711
2024-04-30,3.505000114440918,3.5399999618530273,3.505000114440918,3.5299999713897705,96180
2024-05-02,3.5299999713897705,3.5450000762939453,3.5,3.5,121271
2024-05-06,3.5,3.5450000762939453,3.494999885559082,3.5450000762939453,77754
2024-05-07,3.549999952316284,3.569999933242798,3.509999990463257,3.5450000762939453,59552
2024-05-08,3.549999952316284,3.549999952316284,3.509999990463257,3.5299999713897705,58380
2024-05-09,3.509999990463257,3.549999952316284,3.5,3.5450000762939453,36045
2024-05-10,3.5450000762939453,3.559999942779541,3.509999990463257,3.549999952316284,16386
2024-05-13,3.555000066757202,3.569999933242798,3.5399999618530273,3.559999942779541,15991
2024-05-14,3.559999942779541,3.569999933242798,3.5250000953674316,3.555000066757202,28373
2024-05-15,3.555000066757202,3.555000066757202,3.5,3.5399999618530273,34135
2024-05-16,3.5,3.549999952316284,3.5,3.5399999618530273,23667
2024-05-17,3.5299999713897705,3.549999952316284,3.5199999809265137,3.549999952316284,12684
2024-05-20,3.509999990463257,3.5250000953674316,3.430000066757202,3.505000114440918,95479
2024-05-21,3.490000009536743,3.549999952316284,3.490000009536743,3.5250000953674316,24780
2024-05-22,3.505000114440918,3.5299999713897705,3.450000047683716,3.5299999713897705,19550
2024-05-23,3.484999895095825,3.5299999713897705,3.4800000190734863,3.490000009536743,17306
2024-05-24,3.5,3.5299999713897705,3.484999895095825,3.5,65446
2024-05-27,3.5250000953674316,3.5250000953674316,3.440000057220459,3.505000114440918,30522
2024-05-28,3.509999990463257,3.5399999618530273,3.4549999237060547,3.490000009536743,19602
2024-05-29,3.490000009536743,3.5199999809265137,3.4749999046325684,3.509999990463257,6568
2024-05-31,3.5,3.5350000858306885,3.490000009536743,3.509999990463257,10922
2024-06-03,3.509999990463257,3.5399999618530273,3.5,3.509999990463257,9469
2024-06-04,3.5,3.5199999809265137,3.484999895095825,3.5199999809265137,31801
2024-06-05,3.5,3.5399999618530273,3.4749999046325684,3.5299999713897705,61618
2024-06-06,3.484999895095825,3.5399999618530273,3.484999895095825,3.490000009536743,71833
2024-06-07,3.490000009536743,3.5,3.4749999046325684,3.4749999046325684,24197
2024-06-10,3.4800000190734863,3.494999885559082,3.4749999046325684,3.494999885559082,3620
2024-06-11,3.4800000190734863,3.5,3.4700000286102295,3.5,6490
2024-06-12,3.484999895095825,3.5250000953674316,3.4749999046325684,3.5250000953674316,1732
2024-06-13,3.5199999809265137,3.5199999809265137,3.4700000286102295,3.484999895095825,692
2024-06-14,3.4800000190734863,3.5,3.4700000286102295,3.5,3203
2024-06-17,3.5,3.5,3.4700000286102295,3.4800000190734863,17628
2024-06-18,3.4800000190734863,3.5199999809265137,3.4649999141693115,3.494999885559082,11997
2024-06-19,3.5,3.5199999809265137,3.4700000286102295,3.484999895095825,11880
2024-06-20,3.484999895095825,3.484999895095825,3.450000047683716,3.4649999141693115,25246
2024-06-21,3.4749999046325684,3.5250000953674316,3.444999933242798,3.5250000953674316,51341
2024-06-24,3.5,3.509999990463257,3.4700000286102295,3.484999895095825,12235
2024-06-25,3.484999895095825,3.509999990463257,3.444999933242798,3.4700000286102295,25895
2024-06-26,3.4700000286102295,3.4700000286102295,3.440000057220459,3.450000047683716,15004
2024-06-27,3.450000047683716,3.4749999046325684,3.440000057220459,3.4600000381469727,4949
2024-06-28,3.440000057220459,3.5250000953674316,3.440000057220459,3.490000009536743,12996
2024-07-01,3.5,3.5,3.424999952316284,3.4749999046325684,15875
2024-07-02,3.490000009536743,3.490000009536743,3.3350000381469727,3.440000057220459,59283
2024-07-03,3.450000047683716,3.450000047683716,3.4000000953674316,3.440000057220459,26249
2024-07-04,3.444999933242798,3.444999933242798,3.4000000953674316,3.430000066757202,31931
2024-07-05,3.4100000858306885,3.424999952316284,3.4000000953674316,3.4100000858306885,47357
2024-07-08,3.4000000953674316,3.434999942779541,3.380000114440918,3.4000000953674316,70464
2024-07-09,3.3949999809265137,3.4000000953674316,3.375,3.4000000953674316,8892
2024-07-10,3.4000000953674316,3.430000066757202,3.4000000953674316,3.4200000762939453,8894
2024-07-11,3.4149999618530273,3.440000057220459,3.4000000953674316,3.4149999618530273,12084
2024-07-12,3.430000066757202,3.434999942779541,3.4100000858306885,3.424999952316284,8335
2024-07-15,3.430000066757202,3.4700000286102295,3.4000000953674316,3.4149999618530273,23427
2024-07-16,3.424999952316284,3.4800000190734863,3.4000000953674316,3.4000000953674316,11643
2024-07-17,3.4000000953674316,3.4200000762939453,3.390000104904175,3.4149999618530273,13551
2024-07-18,3.4000000953674316,3.4700000286102295,3.4000000953674316,3.430000066757202,32034
2024-07-19,3.430000066757202,3.4649999141693115,3.4100000858306885,3.430000066757202,3161
2024-07-22,3.430000066757202,3.4649999141693115,3.424999952316284,3.4649999141693115,11076
2024-07-23,3.4649999141693115,3.484999895095825,3.450000047683716,3.4600000381469727,30224
2024-07-24,3.4600000381469727,3.4749999046325684,3.440000057220459,3.4649999141693115,4739
2024-07-25,3.4700000286102295,3.4700000286102295,3.4000000953674316,3.4549999237060547,35740
2024-07-26,3.4600000381469727,3.6449999809265137,3.434999942779541,3.5299999713897705,173809
2024-07-29,3.549999952316284,3.5999999046325684,3.5,3.509999990463257,34484
2024-07-30,3.5399999618530273,3.5899999141693115,3.5,3.5,37749
2024-07-31,3.5,3.5,3.450000047683716,3.490000009536743,22637
2024-08-01,3.4549999237060547,3.559999942779541,3.450000047683716,3.4800000190734863,14102
2024-08-02,3.490000009536743,3.5,3.4200000762939453,3.5,36538
2024-08-05,3.4700000286102295,3.4749999046325684,3.359999895095825,3.384999990463257,57434
2024-08-06,3.384999990463257,3.4700000286102295,3.384999990463257,3.4600000381469727,7598
2024-08-07,3.424999952316284,3.5,3.4000000953674316,3.5,17653
2024-08-08,3.494999885559082,3.5,3.4549999237060547,3.490000009536743,27581
2024-08-09,3.490000009536743,3.5,3.4549999237060547,3.4800000190734863,11811
2024-08-12,3.5,3.5199999809265137,3.440000057220459,3.5199999809265137,12138
2024-08-13,3.5399999618530273,3.5399999618530273,3.4800000190734863,3.5199999809265137,16017
2024-08-14,3.490000009536743,3.5399999618530273,3.490000009536743,3.5399999618530273,18437
2024-08-16,3.5,3.5299999713897705,3.5,3.5299999713897705,7724
2024-08-19,3.5,3.5299999713897705,3.450000047683716,3.5299999713897705,36811
2024-08-20,3.5,3.5199999809265137,3.5,3.5199999809265137,8045
2024-08-21,3.4700000286102295,3.5199999809265137,3.4700000286102295,3.5,5570
2024-08-22,3.5,3.5199999809265137,3.484999895095825,3.5199999809265137,18592
2024-08-23,3.5,3.5250000953674316,3.490000009536743,3.5199999809265137,8556
2024-08-26,3.5,3.5299999713897705,3.490000009536743,3.5299999713897705,19437
2024-08-27,3.509999990463257,3.5250000953674316,3.5,3.5250000953674316,9382
2024-08-28,3.4800000190734863,3.5,3.4649999141693115,3.4700000286102295,57706
2024-08-29,3.4700000286102295,3.505000114440918,3.450000047683716,3.5,25002
2024-08-30,3.5,3.505000114440918,3.450000047683716,3.505000114440918,29915
2024-09-02,3.5,3.505000114440918,3.4600000381469727,3.5,14217
2024-09-03,3.490000009536743,3.5,3.4700000286102295,3.5,12677
2024-09-04,3.4800000190734863,3.490000009536743,3.450000047683716,3.4800000190734863,11148
2024-09-05,3.4800000190734863,3.4800000190734863,3.450000047683716,3.4700000286102295,9853
2024-09-06,3.4600000381469727,3.4600000381469727,3.390000104904175,3.444999933242798,31980
2024-09-09,3.4200000762939453,3.4749999046325684,3.4049999713897705,3.4600000381469727,26529
2024-09-10,3.4649999141693115,3.4749999046325684,3.4600000381469727,3.4749999046325684,1575
2024-09-11,3.4749999046325684,3.4749999046325684,3.390000104904175,3.434999942779541,21958
2024-09-12,3.434999942779541,3.434999942779541,3.369999885559082,3.4000000953674316,23522
2024-09-13,3.4000000953674316,3.424999952316284,3.380000114440918,3.424999952316284,31392
2024-09-16,3.430000066757202,3.430000066757202,3.380000114440918,3.4000000953674316,20409
2024-09-17,3.380000114440918,3.440000057220459,3.3299999237060547,3.430000066757202,35344
2024-09-18,3.4000000953674316,3.4149999618530273,3.359999895095825,3.3949999809265137,35659
2024-09-19,3.430000066757202,3.430000066757202,3.3499999046325684,3.4000000953674316,12646
2024-09-20,3.4000000953674316,3.4000000953674316,3.369999885559082,3.380000114440918,4628
2024-09-23,3.4000000953674316,3.4000000953674316,3.3499999046325684,3.369999885559082,8864
2024-09-24,3.380000114440918,3.4149999618530273,3.3499999046325684,3.359999895095825,37950
2024-09-25,3.4049999713897705,3.4049999713897705,3.3299999237060547,3.3499999046325684,17220
2024-09-26,3.3499999046325684,3.3499999046325684,3.299999952316284,3.3450000286102295,40774
2024-09-27,3.3450000286102295,3.4000000953674316,3.3299999237060547,3.3949999809265137,20821
2024-09-30,3.3949999809265137,3.4100000858306885,3.359999895095825,3.3949999809265137,6720
2024-10-01,3.3949999809265137,3.4000000953674316,3.380000114440918,3.4000000953674316,13021
2024-10-02,3.390000104904175,3.4000000953674316,3.3499999046325684,3.4000000953674316,7015
2024-10-03,3.4000000953674316,3.4000000953674316,3.3350000381469727,3.380000114440918,8126
2024-10-04,3.3399999141693115,3.380000114440918,3.3399999141693115,3.3399999141693115,2020
2024-10-07,3.3399999141693115,3.375,3.3399999141693115,3.3399999141693115,8098
2024-10-08,3.3399999141693115,3.359999895095825,3.309999942779541,3.3399999141693115,13729
2024-10-09,3.3399999141693115,3.3399999141693115,3.309999942779541,3.3399999141693115,9283
2024-10-10,3.3399999141693115,3.390000104904175,3.3299999237060547,3.3399999141693115,15702
2024-10-11,3.369999885559082,3.384999990463257,3.3299999237060547,3.3499999046325684,7172
2024-10-14,3.384999990463257,3.384999990463257,3.309999942779541,3.3550000190734863,11073
2024-10-15,3.375,3.375,3.319999933242798,3.3299999237060547,5540
2024-10-16,3.359999895095825,3.384999990463257,3.3299999237060547,3.384999990463257,52405
2024-10-17,3.380000114440918,3.380000114440918,3.3399999141693115,3.375,8860
2024-10-18,3.3399999141693115,3.375,3.3399999141693115,3.375,3750
2024-10-21,3.3450000286102295,3.375,3.240000009536743,3.3550000190734863,37603
2024-10-22,3.309999942779541,3.3550000190734863,3.309999942779541,3.3499999046325684,9784
2024-10-23,3.3299999237060547,3.3450000286102295,3.305000066757202,3.319999933242798,2307
2024-10-24,3.3399999141693115,3.3499999046325684,3.3399999141693115,3.3450000286102295,1631
2024-10-25,3.3399999141693115,3.3499999046325684,3.3350000381469727,3.3450000286102295,7386
2024-10-28,3.3399999141693115,3.3550000190734863,3.325000047683716,3.3550000190734863,21984
2024-10-29,3.3499999046325684,3.369999885559082,3.3499999046325684,3.365000009536743,16445
2024-10-30,3.325000047683716,3.365000009536743,3.319999933242798,3.365000009536743,9282
2024-10-31,3.3350000381469727,3.359999895095825,3.3350000381469727,3.359999895095825,2663
2024-11-04,3.359999895095825,3.359999895095825,3.315000057220459,3.359999895095825,8611
2024-11-05,3.359999895095825,3.359999895095825,3.3299999237060547,3.3550000190734863,4504
2024-11-06,3.3550000190734863,3.359999895095825,3.319999933242798,3.3499999046325684,7725
2024-11-07,3.319999933242798,3.359999895095825,3.319999933242798,3.3499999046325684,1854
2024-11-08,3.3550000190734863,3.359999895095825,3.0199999809265137,3.1500000953674316,345271
2024-11-12,3.180000066757202,3.194999933242798,3.130000114440918,3.134999990463257,79190
2024-11-13,3.140000104904175,3.180000066757202,3.130000114440918,3.1700000762939453,19506
2024-11-14,3.1700000762939453,3.174999952316284,3.1500000953674316,3.1549999713897705,16440
2024-11-15,3.1600000858306885,3.200000047683716,3.1500000953674316,3.194999933242798,31479
2024-11-18,3.194999933242798,3.2300000190734863,3.130000114440918,3.1449999809265137,16154
2024-11-19,3.1449999809265137,3.1700000762939453,3.055000066757202,3.1500000953674316,22072
2024-11-20,3.140000104904175,3.1449999809265137,3.065000057220459,3.0950000286102295,17108
2024-11-21,3.0999999046325684,3.1700000762939453,3.0799999237060547,3.0999999046325684,10880
2024-11-22,3.0999999046325684,3.140000104904175,3.069999933242798,3.140000104904175,68458
2024-11-25,3.140000104904175,3.184999942779541,3.140000104904175,3.184999942779541,12662
2024-11-26,3.1600000858306885,3.180000066757202,3.1500000953674316,3.180000066757202,21947
2024-11-27,3.180000066757202,3.184999942779541,3.1500000953674316,3.174999952316284,34689
2024-11-28,3.174999952316284,3.174999952316284,3.0999999046325684,3.1600000858306885,23226
2024-11-29,3.119999885559082,3.180000066757202,3.0999999046325684,3.180000066757202,20147
2024-12-02,3.180000066757202,3.184999942779541,3.134999990463257,3.1449999809265137,8408
2024-12-03,3.1449999809265137,3.184999942779541,3.140000104904175,3.1600000858306885,5532
2024-12-04,3.130000114440918,3.1600000858306885,3.125,3.1600000858306885,10588
2024-12-05,3.130000114440918,3.1600000858306885,3.115000009536743,3.1600000858306885,77808
2024-12-06,3.140000104904175,3.1600000858306885,3.109999895095825,3.1500000953674316,63954
2024-12-09,3.109999895095825,3.1500000953674316,3.109999895095825,3.119999885559082,12943
2024-12-10,3.109999895095825,3.1500000953674316,3.109999895095825,3.1500000953674316,14532
2024-12-11,3.130000114440918,3.130000114440918,3.069999933242798,3.0799999237060547,25575
2024-12-12,3.0799999237060547,3.0999999046325684,3.0299999713897705,3.0299999713897705,28918
2024-12-13,3.0299999713897705,3.059999942779541,3.0,3.059999942779541,32993
2024-12-16,3.059999942779541,3.059999942779541,2.880000114440918,3.0,331999
2024-12-17,2.990000009536743,3.0299999713897705,2.934999942779541,3.0,59308
2024-12-18,2.9649999141693115,3.0199999809265137,2.9600000381469727,2.9749999046325684,86342
2024-12-19,2.950000047683716,2.990000009536743,2.930000066757202,2.930000066757202,36597
2024-12-20,2.930000066757202,2.9649999141693115,2.859999895095825,2.9200000762939453,125520
2024-12-23,2.9000000953674316,2.940000057220459,2.809999942779541,2.809999942779541,82520
2024-12-27,2.809999942779541,2.930000066757202,2.7950000762939453,2.799999952316284,110048
2024-12-30,2.7950000762939453,2.884999990463257,2.7950000762939453,2.884999990463257,31898
2025-01-02,2.880000114440918,3.119999885559082,2.880000114440918,3.119999885559082,52977
2025-01-03,3.1500000953674316,3.1600000858306885,3.109999895095825,3.1600000858306885,62431
2025-01-07,3.1700000762939453,3.2249999046325684,3.1600000858306885,3.2249999046325684,30752
2025-01-08,3.234999895095825,3.234999895095825,3.119999885559082,3.2100000381469727,52622
2025-01-09,3.2100000381469727,3.2100000381469727,3.1500000953674316,3.2100000381469727,26136
2025-01-10,3.1700000762939453,3.180000066757202,3.1600000858306885,3.180000066757202,16954
2025-01-13,3.200000047683716,3.2100000381469727,3.140000104904175,3.194999933242798,15316
2025-01-14,3.194999933242798,3.194999933242798,3.1549999713897705,3.190000057220459,8110
2025-01-15,3.190000057220459,3.2300000190734863,3.1549999713897705,3.2300000190734863,42311
2025-01-16,3.2200000286102295,3.5,3.2200000286102295,3.490000009536743,244679
2025-01-17,3.484999895095825,3.549999952316284,3.450000047683716,3.5250000953674316,143516
2025-01-20,3.5250000953674316,3.609999895095825,3.509999990463257,3.5199999809265137,102699
2025-01-21,3.509999990463257,3.569999933242798,3.509999990463257,3.565000057220459,31896
2025-01-22,3.565000057220459,3.5799999237060547,3.505000114440918,3.565000057220459,24461
2025-01-23,3.5850000381469727,3.5850000381469727,3.509999990463257,3.575000047683716,26738
2025-01-24,3.575000047683716,3.575000047683716,3.5199999809265137,3.575000047683716,9985
2025-01-27,3.5950000286102295,3.5950000286102295,3.5299999713897705,3.575000047683716,18431
2025-01-28,3.575000047683716,3.640000104904175,3.559999942779541,3.640000104904175,78473
2025-01-29,3.6500000953674316,3.7249999046325684,3.640000104904175,3.690000057220459,103699
2025-01-30,3.680000066757202,3.700000047683716,3.640000104904175,3.6700000762939453,36538
2025-01-31,3.640000104904175,3.6500000953674316,3.559999942779541,3.6449999809265137,65503
2025-02-03,3.630000114440918,3.630000114440918,3.5450000762939453,3.549999952316284,25944
2025-02-04,3.549999952316284,3.6700000762939453,3.549999952316284,3.6500000953674316,18257
2025-02-05,3.690000057220459,3.690000057220459,3.6500000953674316,3.6700000762939453,24438
2025-02-06,3.6700000762939453,3.6700000762939453,3.5899999141693115,3.619999885559082,52697
2025-02-07,3.640000104904175,3.680000066757202,3.5799999237060547,3.674999952316284,76677
2025-02-10,3.674999952316284,3.75,3.615000009536743,3.75,117974
2025-02-11,3.75,3.75,3.6700000762939453,3.7300000190734863,66396
2025-02-12,3.674999952316284,3.7249999046325684,3.674999952316284,3.7200000286102295,15386
2025-02-13,3.700000047683716,3.799999952316284,3.6600000858306885,3.734999895095825,107075
2025-02-14,3.744999885559082,3.744999885559082,3.674999952316284,3.7100000381469727,48816
2025-02-17,3.7100000381469727,3.765000104904175,3.690000057220459,3.75,44601
2025-02-18,3.7699999809265137,3.7699999809265137,3.7049999237060547,3.7200000286102295,61139
2025-02-19,3.700000047683716,3.7100000381469727,3.680000066757202,3.700000047683716,21906
2025-02-20,3.700000047683716,3.740000009536743,3.680000066757202,3.734999895095825,13449
2025-02-21,3.744999885559082,3.75,3.700000047683716,3.734999895095825,15652
2025-02-24,3.7300000190734863,3.7300000190734863,3.690000057220459,3.7249999046325684,21579
2025-02-25,3.700000047683716,3.7300000190734863,3.6700000762939453,3.7300000190734863,12231
2025-02-26,3.734999895095825,3.740000009536743,3.694999933242798,3.740000009536743,44363
2025-02-27,3.7300000190734863,3.734999895095825,3.690000057220459,3.700000047683716,35444
2025-02-28,3.690000057220459,3.740000009536743,3.684999942779541,3.7200000286102295,28590
2025-03-03,3.7200000286102295,3.7249999046325684,3.690000057220459,3.7249999046325684,20263
2025-03-04,3.740000009536743,3.740000009536743,3.440000057220459,3.494999885559082,191001
2025-03-05,3.5,3.609999895095825,3.494999885559082,3.5399999618530273,41761
2025-03-06,3.5299999713897705,3.700000047683716,3.5,3.700000047683716,45757
2025-03-07,3.700000047683716,3.700000047683716,3.6500000953674316,3.690000057220459,36893
2025-03-10,3.684999942779541,3.684999942779541,3.640000104904175,3.680000066757202,20430
2025-03-11,3.680000066757202,3.684999942779541,3.5999999046325684,3.674999952316284,34688
2025-03-12,3.625,3.684999942779541,3.625,3.684999942779541,13119
2025-03-13,3.6500000953674316,3.690000057220459,3.6449999809265137,3.690000057220459,19632
2025-03-14,3.680000066757202,3.700000047683716,3.6500000953674316,3.680000066757202,15073
2025-03-17,3.619999885559082,3.700000047683716,3.619999885559082,3.700000047683716,34294
2025-03-18,3.694999933242798,3.700000047683716,3.6500000953674316,3.700000047683716,14100
2025-03-19,3.694999933242798,3.694999933242798,3.6500000953674316,3.690000057220459,8982
2025-03-20,3.680000066757202,3.694999933242798,3.6449999809265137,3.694999933242798,19316
2025-03-21,3.694999933242798,3.694999933242798,3.6500000953674316,3.680000066757202,18364
2025-03-24,3.680000066757202,3.694999933242798,3.6500000953674316,3.684999942779541,23674
2025-03-25,3.690000057220459,3.690000057220459,3.625,3.680000066757202,29858
2025-03-26,3.680000066757202,3.690000057220459,3.369999885559082,3.674999952316284,39613
2025-03-27,3.674999952316284,3.674999952316284,3.5,3.5850000381469727,28978
2025-03-28,3.5899999141693115,3.700000047683716,3.5899999141693115,3.680000066757202,69268
2025-03-31,3.640000104904175,3.6600000858306885,3.640000104904175,3.6600000858306885,8315
2025-04-01,3.559999942779541,3.680000066757202,3.559999942779541,3.6700000762939453,33669
2025-04-02,3.6500000953674316,3.680000066757202,3.6500000953674316,3.680000066757202,40898
2025-04-03,3.680000066757202,3.680000066757202,3.619999885559082,3.680000066757202,24738
2025-04-04,3.5999999046325684,3.6600000858306885,3.549999952316284,3.630000114440918,57287
2025-04-07,3.450000047683716,3.5999999046325684,3.4000000953674316,3.5999999046325684,51473
2025-04-08,3.5999999046325684,3.640000104904175,3.509999990463257,3.640000104904175,9009
2025-04-09,3.640000104904175,3.640000104904175,3.5799999237060547,3.640000104904175,17660
2025-04-10,3.640000104904175,3.6500000953674316,3.5999999046325684,3.640000104904175,35348
2025-04-11,3.619999885559082,3.640000104904175,3.5899999141693115,3.640000104904175,10477
2025-04-14,3.609999895095825,3.640000104904175,3.5899999141693115,3.630000114440918,11383
2025-04-15,3.630000114440918,3.640000104904175,3.5899999141693115,3.640000104904175,24589
2025-04-16,3.5899999141693115,3.640000104904175,3.5799999237060547,3.640000104904175,13827
2025-04-17,3.5899999141693115,3.6600000858306885,3.559999942779541,3.6600000858306885,74544
2025-04-22,3.5999999046325684,3.6600000858306885,3.5999999046325684,3.6500000953674316,8152
2025-04-23,3.6500000953674316,3.6700000762939453,3.5999999046325684,3.6700000762939453,47339
2025-04-24,3.6700000762939453,3.700000047683716,3.609999895095825,3.700000047683716,27594
2025-04-25,3.700000047683716,3.819999933242798,3.6500000953674316,3.75,139819
2025-04-28,3.799999952316284,3.8299999237060547,3.7899999618530273,3.799999952316284,91650
2025-04-29,3.819999933242798,3.8399999141693115,3.799999952316284,3.809999942779541,33302
2025-04-30,3.799999952316284,3.799999952316284,3.680000066757202,3.75,125808
2025-05-02,3.7799999713897705,3.7899999618530273,3.700000047683716,3.7699999809265137,47157
2025-05-05,3.7799999713897705,3.799999952316284,3.690000057220459,3.799999952316284,24663
2025-05-06,3.799999952316284,3.819999933242798,3.759999990463257,3.819999933242798,55384
2025-05-07,3.819999933242798,3.8299999237060547,3.7899999618530273,3.799999952316284,24850
2025-05-08,3.7899999618530273,3.8299999237060547,3.7799999713897705,3.799999952316284,13396
2025-05-09,3.7699999809265137,3.9000000953674316,3.7699999809265137,3.8499999046325684,619705
2025-05-12,3.819999933242798,3.930000066757202,3.819999933242798,3.9000000953674316,96975
2025-05-13,3.9000000953674316,4.0,3.9000000953674316,3.9600000381469727,108890
2025-05-14,3.9800000190734863,4.070000171661377,3.9600000381469727,4.059999942779541,234236
2025-05-15,4.059999942779541,4.179999828338623,3.9600000381469727,4.119999885559082,116164
2025-05-16,4.119999885559082,4.179999828338623,4.059999942779541,4.139999866485596,33585
2025-05-19,4.099999904632568,4.150000095367432,4.059999942779541,4.139999866485596,54402
2025-05-20,4.139999866485596,4.150000095367432,4.059999942779541,4.150000095367432,22192
2025-05-21,4.150000095367432,4.150000095367432,4.090000152587891,4.130000114440918,25277
2025-05-22,4.099999904632568,4.130000114440918,4.0,4.079999923706055,41663
2025-05-23,4.090000152587891,4.119999885559082,3.9800000190734863,4.099999904632568,19410
2025-05-26,4.050000190734863,4.130000114440918,4.0,4.130000114440918,36383
2025-05-27,4.130000114440918,4.150000095367432,4.070000171661377,4.150000095367432,46373
2025-05-28,4.150000095367432,4.150000095367432,4.070000171661377,4.150000095367432,45787
2025-05-29,4.150000095367432,4.199999809265137,4.119999885559082,4.179999828338623,70435
2025-05-30,4.190000057220459,4.199999809265137,4.119999885559082,4.199999809265137,23392
2025-06-02,4.199999809265137,4.199999809265137,4.119999885559082,4.170000076293945,9317
2025-06-03,4.199999809265137,4.199999809265137,4.130000114440918,4.199999809265137,15198
2025-06-04,4.199999809265137,4.199999809265137,4.159999847412109,4.190000057220459,37114
2025-06-05,4.190000057220459,4.239999771118164,4.190000057220459,4.239999771118164,55532
2025-06-06,4.239999771118164,4.239999771118164,4.199999809265137,4.239999771118164,15375
2025-06-09,4.239999771118164,4.239999771118164,4.170000076293945,4.230000019073486,25575
2025-06-10,4.230000019073486,4.25,4.170000076293945,4.239999771118164,33401
2025-06-11,4.239999771118164,4.239999771118164,3.990000009536743,4.070000171661377,187284
2025-06-12,4.050000190734863,4.119999885559082,3.799999952316284,4.099999904632568,104224
2025-06-13,4.010000228881836,4.150000095367432,4.0,4.150000095367432,25719
2025-06-16,4.079999923706055,4.119999885559082,3.9600000381469727,4.099999904632568,21353
2025-06-17,4.099999904632568,4.139999866485596,4.050000190734863,4.110000133514404,34866
2025-06-18,4.039999961853027,4.110000133514404,4.0,4.090000152587891,19544
2025-06-20,4.090000152587891,4.199999809265137,4.010000228881836,4.199999809265137,63396
2025-06-23,4.150000095367432,4.190000057220459,4.119999885559082,4.130000114440918,8183
2025-06-24,4.119999885559082,4.199999809265137,4.099999904632568,4.119999885559082,26326
2025-06-25,4.119999885559082,4.190000057220459,4.119999885559082,4.150000095367432,13622
2025-06-26,4.119999885559082,4.150000095367432,4.110000133514404,4.150000095367432,7470
2025-06-27,4.199999809265137,4.199999809265137,4.119999885559082,4.139999866485596,15110
2025-06-30,4.179999828338623,4.179999828338623,4.070000171661377,4.079999923706055,31515
2025-07-01,4.170000076293945,4.170000076293945,4.050000190734863,4.130000114440918,11618
2025-07-02,4.079999923706055,4.150000095367432,4.050000190734863,4.150000095367432,20620
2025-07-03,4.119999885559082,4.159999847412109,4.119999885559082,4.159999847412109,14955
2025-07-04,4.159999847412109,4.159999847412109,4.110000133514404,4.159999847412109,69606
2025-07-07,4.119999885559082,4.159999847412109,4.099999904632568,4.159999847412109,89619
2025-07-08,4.159999847412109,4.159999847412109,4.119999885559082,4.150000095367432,11137
2025-07-09,4.150000095367432,4.159999847412109,4.119999885559082,4.159999847412109,47678
2025-07-10,4.159999847412109,4.170000076293945,4.119999885559082,4.170000076293945,26363
2025-07-11,4.150000095367432,4.159999847412109,4.119999885559082,4.159999847412109,12043
2025-07-14,4.159999847412109,4.170000076293945,4.139999866485596,4.170000076293945,40752
2025-07-15,4.170000076293945,4.179999828338623,4.090000152587891,4.179999828338623,84407
2025-07-16,4.179999828338623,4.179999828338623,4.119999885559082,4.179999828338623,21444
2025-07-17,4.130000114440918,4.179999828338623,4.099999904632568,4.179999828338623,100796
2025-07-18,4.139999866485596,4.179999828338623,4.079999923706055,4.159999847412109,46779
2025-07-21,4.159999847412109,4.159999847412109,4.099999904632568,4.159999847412109,22104
2025-07-22,4.159999847412109,4.159999847412109,4.099999904632568,4.150000095367432,6277
2025-07-23,4.150000095367432,4.150000095367432,4.090000152587891,4.099999904632568,19918
2025-07-24,4.079999923706055,4.139999866485596,4.079999923706055,4.119999885559082,80321
2025-07-25,4.050000190734863,4.130000114440918,4.050000190734863,4.119999885559082,13911
2025-07-28,4.119999885559082,4.429999828338623,4.119999885559082,4.400000095367432,421519
2025-07-29,4.420000076293945,4.650000095367432,4.420000076293945,4.650000095367432,355017
2025-07-30,4.679999828338623,4.699999809265137,4.510000228881836,4.650000095367432,117610
2025-07-31,4.610000133514404,4.650000095367432,4.53000020980835,4.579999923706055,26824
2025-08-01,4.550000190734863,4.590000152587891,4.380000114440918,4.5,90778
2025-08-04,4.550000190734863,4.590000152587891,4.159999847412109,4.429999828338623,196311
2025-08-05,4.409999847412109,4.440000057220459,4.309999942779541,4.440000057220459,9791
2025-08-06,4.440000057220459,4.440000057220459,4.349999904632568,4.420000076293945,12386
2025-08-07,4.400000095367432,4.539999961853027,4.400000095367432,4.480000019073486,23925
2025-08-08,4.480000019073486,4.489999771118164,4.400000095367432,4.409999847412109,13128
2025-08-11,4.420000076293945,4.489999771118164,4.420000076293945,4.480000019073486,13537
2025-08-12,4.409999847412109,4.480000019073486,4.409999847412109,4.480000019073486,26687
2025-08-13,4.46999979019165,4.46999979019165,4.300000190734863,4.449999809265137,25124
2025-08-14,4.369999885559082,4.449999809265137,4.179999828338623,4.289999961853027,50658
2025-08-18,4.25,4.28000020980835,3.940000057220459,4.119999885559082,144770
2025-08-19,4.119999885559082,4.179999828338623,4.039999961853027,4.159999847412109,18730
2025-08-20,4.159999847412109,4.159999847412109,4.059999942779541,4.159999847412109,9415
2025-08-21,4.099999904632568,4.159999847412109,4.099999904632568,4.159999847412109,10710
2025-08-22,4.159999847412109,4.179999828338623,4.099999904632568,4.179999828338623,8550
2025-08-25,4.199999809265137,4.199999809265137,4.139999866485596,4.190000057220459,11549
2025-08-26,4.190000057220459,4.239999771118164,4.110000133514404,4.230000019073486,27381
2025-08-27,4.199999809265137,4.199999809265137,4.150000095367432,4.179999828338623,12003
2025-08-28,4.130000114440918,4.170000076293945,4.110000133514404,4.170000076293945,9109
2025-08-29,4.110000133514404,4.150000095367432,4.110000133514404,4.150000095367432,18461
2025-09-01,4.170000076293945,4.170000076293945,4.059999942779541,4.170000076293945,29753
2025-09-02,4.150000095367432,4.179999828338623,4.099999904632568,4.170000076293945,13901
2025-09-03,4.110000133514404,4.170000076293945,4.099999904632568,4.159999847412109,13595
2025-09-04,4.159999847412109,4.170000076293945,4.110000133514404,4.170000076293945,9927
2025-09-05,4.170000076293945,4.190000057220459,4.130000114440918,4.190000057220459,12432
2025-09-08,4.170000076293945,4.170000076293945,4.099999904632568,4.130000114440918,31328
2025-09-09,4.110000133514404,4.170000076293945,4.110000133514404,4.170000076293945,27581
2025-09-10,4.190000057220459,4.190000057220459,4.099999904632568,4.159999847412109,16475
2025-09-11,4.110000133514404,4.170000076293945,4.110000133514404,4.170000076293945,20024
2025-09-12,4.110000133514404,4.170000076293945,4.110000133514404,4.170000076293945,21607
2025-09-15,4.170000076293945,4.340000152587891,4.170000076293945,4.340000152587891,96408
2025-09-16,4.340000152587891,4.380000114440918,4.28000020980835,4.380000114440918,123027
2025-09-17,4.400000095367432,4.599999904632568,4.329999923706055,4.489999771118164,91071
2025-09-18,4.400000095367432,4.550000190734863,4.389999866485596,4.5,96697
2025-09-19,4.5,4.5,4.429999828338623,4.5,37585
2025-09-22,4.539999961853027,4.539999961853027,4.429999828338623,4.489999771118164,15000
2025-09-23,4.46999979019165,4.5,4.440000057220459,4.5,9442
2025-09-24,4.440000057220459,4.550000190734863,4.440000057220459,4.550000190734863,25460
2025-09-25,4.550000190734863,4.579999923706055,4.460000038146973,4.550000190734863,28697
2025-09-26,4.5,4.5,4.449999809265137,4.5,7116
2025-09-29,4.5,4.5,4.389999866485596,4.480000019073486,34468
2025-09-30,4.489999771118164,4.489999771118164,4.300000190734863,4.429999828338623,28733
2025-10-01,4.400000095367432,4.400000095367432,4.360000133514404,4.400000095367432,30863
2025-10-02,4.420000076293945,4.460000038146973,4.380000114440918,4.460000038146973,12462
2025-10-03,4.380000114440918,4.420000076293945,4.349999904632568,4.409999847412109,27576
2025-10-06,4.409999847412109,4.420000076293945,4.349999904632568,4.400000095367432,8239
2025-10-07,4.349999904632568,4.400000095367432,4.300000190734863,4.389999866485596,36629
2025-10-08,4.349999904632568,4.400000095367432,4.349999904632568,4.380000114440918,36987
2025-10-09,4.380000114440918,4.380000114440918,4.260000228881836,4.320000171661377,18888
2025-10-10,4.28000020980835,4.300000190734863,4.260000228881836,4.300000190734863,11682
2025-10-13,4.260000228881836,4.300000190734863,4.159999847412109,4.300000190734863,36709
2025-10-14,4.300000190734863,4.300000190734863,4.210000038146973,4.300000190734863,9942
2025-10-15,4.25,4.300000190734863,4.210000038146973,4.25,33578
2025-10-16,4.21999979019165,4.25,4.199999809265137,4.239999771118164,23420
2025-10-17,4.239999771118164,4.25,4.179999828338623,4.25,10880
2025-10-20,4.190000057220459,4.25,4.190000057220459,4.199999809265137,52063
2025-10-21,4.190000057220459,4.21999979019165,4.150000095367432,4.21999979019165,55090
2025-10-22,4.21999979019165,4.300000190734863,4.170000076293945,4.300000190734863,29442
2025-10-23,4.260000228881836,4.300000190734863,4.260000228881836,4.289999961853027,5359
2025-10-24,4.289999961853027,4.300000190734863,4.25,4.300000190734863,13677
2025-10-27,4.300000190734863,4.340000152587891,4.179999828338623,4.269999980926514,37458
2025-10-28,4.260000228881836,4.260000228881836,4.170000076293945,4.230000019073486,38186
2025-10-29,4.179999828338623,4.28000020980835,4.170000076293945,4.25,22369
2025-10-30,4.260000228881836,4.269999980926514,4.199999809265137,4.25,10560
2025-10-31,4.320000171661377,4.349999904632568,4.190000057220459,4.28000020980835,43994
2025-11-03,4.230000019073486,4.289999961853027,4.210000038146973,4.28000020980835,14682
2025-11-04,4.28000020980835,4.28000020980835,4.21999979019165,4.269999980926514,11897
2025-11-05,4.230000019073486,4.260000228881836,4.21999979019165,4.260000228881836,4143
2025-11-06,4.21999979019165,4.260000228881836,4.190000057220459,4.260000228881836,11697
2025-11-07,4.21999979019165,4.25,4.150000095367432,4.170000076293945,38245
2025-11-10,4.150000095367432,4.21999979019165,4.150000095367432,4.210000038146973,8919
2025-11-12,4.210000038146973,4.21999979019165,4.159999847412109,4.199999809265137,8962
2025-11-13,4.139999866485596,4.199999809265137,4.110000133514404,4.190000057220459,38598
2025-11-14,4.119999885559082,4.190000057220459,4.099999904632568,4.150000095367432,15258
2025-11-17,4.150000095367432,4.150000095367432,4.079999923706055,4.150000095367432,28419
2025-11-18,4.099999904632568,4.119999885559082,3.9600000381469727,4.010000228881836,37443
2025-11-19,4.010000228881836,4.050000190734863,3.9600000381469727,3.990000009536743,52576
2025-11-20,3.950000047683716,4.03000020980835,3.8399999141693115,3.9200000762939453,78614
2025-11-21,3.9200000762939453,3.940000057220459,3.7699999809265137,3.9000000953674316,75063
2025-11-24,3.819999933242798,3.9000000953674316,3.809999942779541,3.880000114440918,17414
2025-11-25,3.940000057220459,3.940000057220459,3.880000114440918,3.930000066757202,10054
2025-11-26,3.940000057220459,3.9700000286102295,3.880000114440918,3.880000114440918,27571
2025-11-27,3.880000114440918,3.950000047683716,3.880000114440918,3.930000066757202,10870
2025-11-28,3.950000047683716,3.9600000381469727,3.9100000858306885,3.9600000381469727,14778
2025-12-01,3.9100000858306885,4.0,3.9100000858306885,4.0,35436
2025-12-02,4.0,4.019999980926514,3.950000047683716,4.019999980926514,31090
2025-12-03,4.019999980926514,4.019999980926514,3.930000066757202,4.0,8514
2025-12-04,3.9700000286102295,3.9700000286102295,3.9100000858306885,3.930000066757202,16362
2025-12-05,3.9000000953674316,4.0,3.9000000953674316,4.0,48946
2025-12-08,3.930000066757202,4.050000190734863,3.930000066757202,4.039999961853027,39128
2025-12-09,4.0,4.070000171661377,3.9800000190734863,4.0,38434
2025-12-10,4.0,4.0,3.9800000190734863,4.0,20371
2025-12-11,4.0,4.010000228881836,3.930000066757202,4.0,39183
2025-12-12,4.0,4.010000228881836,3.940000057220459,3.9800000190734863,22522
2025-12-15,3.9000000953674316,3.950000047683716,3.799999952316284,3.950000047683716,44442
2025-12-16,3.859999895095825,3.950000047683716,3.859999895095825,3.940000057220459,40092
2025-12-17,3.890000104904175,3.940000057220459,3.7899999618530273,3.890000104904175,48577
2025-12-18,3.8499999046325684,3.880000114440918,3.809999942779541,3.880000114440918,5995
2025-12-19,3.8499999046325684,3.9100000858306885,3.7799999713897705,3.7799999713897705,52818
2025-12-22,3.7899999618530273,3.799999952316284,3.680000066757202,3.740000009536743,82421
2025-12-23,3.700000047683716,3.7799999713897705,3.6500000953674316,3.759999990463257,50572
2025-12-29,3.759999990463257,3.9100000858306885,3.759999990463257,3.890000104904175,89967
2025-12-30,3.890000104904175,3.950000047683716,3.809999942779541,3.859999895095825,38247
2026-01-02,3.859999895095825,3.950000047683716,3.859999895095825,3.950000047683716,29124
2026-01-05,3.950000047683716,4.0,3.890000104904175,4.0,39648
2026-01-07,4.03000020980835,4.079999923706055,3.9800000190734863,4.079999923706055,74092
2026-01-08,4.079999923706055,4.099999904632568,3.9700000286102295,4.070000171661377,21066
2026-01-09,4.059999942779541,4.070000171661377,4.0,4.070000171661377,17730
2026-01-12,3.9700000286102295,4.059999942779541,3.9700000286102295,4.0,18480
2026-01-13,4.03000020980835,4.090000152587891,3.9800000190734863,4.079999923706055,31720
2026-01-14,4.079999923706055,4.079999923706055,3.950000047683716,4.0,39928
2026-01-15,3.9600000381469727,4.070000171661377,3.9600000381469727,4.070000171661377,10450
2026-01-16,4.070000171661377,4.070000171661377,4.010000228881836,4.070000171661377,17407
2026-01-19,4.010000228881836,4.070000171661377,4.0,4.050000190734863,3683
2026-01-20,4.050000190734863,4.059999942779541,3.9800000190734863,4.050000190734863,16064
2026-01-21,4.050000190734863,4.139999866485596,4.010000228881836,4.050000190734863,47935
2026-01-22,4.070000171661377,4.079999923706055,4.019999980926514,4.070000171661377,23781
2026-01-23,3.950000047683716,4.039999961853027,3.950000047683716,4.0,52465
2026-01-26,3.9600000381469727,4.019999980926514,3.950000047683716,4.019999980926514,14181
2026-01-27,4.010000228881836,4.050000190734863,3.990000009536743,4.050000190734863,56913
2026-01-28,4.050000190734863,4.050000190734863,4.0,4.019999980926514,15456
2026-01-29,4.0,4.019999980926514,3.950000047683716,4.0,18147
2026-01-30,3.990000009536743,3.990000009536743,3.9100000858306885,3.9700000286102295,19478
2026-02-02,3.950000047683716,3.9700000286102295,3.819999933242798,3.950000047683716,120697
2026-02-03,3.9700000286102295,3.990000009536743,3.930000066757202,3.990000009536743,23919
2026-02-04,3.990000009536743,3.990000009536743,3.880000114440918,3.9600000381469727,27552
2026-02-05,3.9600000381469727,3.9800000190734863,3.880000114440918,3.950000047683716,24965
2026-02-06,3.859999895095825,3.940000057220459,3.8299999237060547,3.930000066757202,23363
2026-02-09,3.9100000858306885,3.950000047683716,3.890000104904175,3.950000047683716,156907
2026-02-10,3.950000047683716,3.9700000286102295,3.930000066757202,3.950000047683716,28739
2026-02-11,3.940000057220459,4.019999980926514,3.940000057220459,4.019999980926514,32386
2026-02-12,4.019999980926514,4.039999961853027,4.0,4.039999961853027,26638
2026-02-13,4.039999961853027,4.110000133514404,4.0,4.099999904632568,33682
2026-02-16,4.099999904632568,4.119999885559082,4.050000190734863,4.070000171661377,43740
2026-02-17,4.099999904632568,4.170000076293945,4.050000190734863,4.170000076293945,55441
2026-02-18,4.130000114440918,4.21999979019165,4.090000152587891,4.159999847412109,40123
2026-02-19,4.159999847412109,4.179999828338623,4.070000171661377,4.179999828338623,26433
2026-02-20,4.179999828338623,4.239999771118164,4.099999904632568,4.230000019073486,16566
2026-02-23,4.230000019073486,4.400000095367432,4.159999847412109,4.380000114440918,60201
2026-02-24,4.349999904632568,4.400000095367432,4.199999809265137,4.21999979019165,32484
2026-02-25,4.21999979019165,4.349999904632568,4.21999979019165,4.320000171661377,18388
2026-02-26,4.329999923706055,4.380000114440918,4.269999980926514,4.349999904632568,17101
2026-02-27,4.260000228881836,4.349999904632568,4.210000038146973,4.349999904632568,19076
2026-03-02,4.230000019073486,4.300000190734863,4.199999809265137,4.289999961853027,32648
2026-03-03,4.230000019073486,4.239999771118164,3.990000009536743,4.139999866485596,95546
2026-03-04,4.059999942779541,4.179999828338623,4.050000190734863,4.179999828338623,26787
2026-03-05,4.150000095367432,4.170000076293945,4.090000152587891,4.099999904632568,9181
2026-03-06,4.119999885559082,4.159999847412109,4.099999904632568,4.139999866485596,17151
2026-03-09,4.119999885559082,4.119999885559082,3.9800000190734863,4.090000152587891,43125
2026-03-10,4.090000152587891,4.150000095367432,4.019999980926514,4.150000095367432,14210
2026-03-11,4.150000095367432,4.159999847412109,4.010000228881836,4.119999885559082,14149
2026-03-12,4.099999904632568,4.110000133514404,4.010000228881836,4.110000133514404,4846
2026-03-13,4.039999961853027,4.119999885559082,4.019999980926514,4.119999885559082,9832
2026-03-16,4.099999904632568,4.099999904632568,4.03000020980835,4.099999904632568,10109
2026-03-17,4.099999904632568,4.110000133514404,4.039999961853027,4.090000152587891,25444
2026-03-18,4.090000152587891,4.21999979019165,4.039999961853027,4.179999828338623,176825
2026-03-19,4.230000019073486,4.230000019073486,4.110000133514404,4.150000095367432,28959
2026-03-20,4.199999809265137,4.329999923706055,4.110000133514404,4.239999771118164,71244
2026-03-23,4.239999771118164,4.260000228881836,4.010000228881836,4.239999771118164,54511
2026-03-24,4.260000228881836,4.260000228881836,4.139999866485596,4.170000076293945,6750
2026-03-25,4.239999771118164,4.260000228881836,4.159999847412109,4.230000019073486,26518
2026-03-26,4.230000019073486,4.269999980926514,4.150000095367432,4.199999809265137,38028
2026-03-27,4.260000228881836,4.329999923706055,4.170000076293945,4.300000190734863,66282
2026-03-30,4.329999923706055,4.329999923706055,4.199999809265137,4.300000190734863,12823
2026-03-31,4.300000190734863,4.349999904632568,4.21999979019165,4.320000171661377,32390
2026-04-01,4.320000171661377,4.340000152587891,4.230000019073486,4.289999961853027,31268
2026-04-02,4.289999961853027,4.329999923706055,4.25,4.300000190734863,5630
2026-04-07,4.289999961853027,4.289999961853027,4.190000057220459,4.260000228881836,26571
2026-04-08,4.195000171661377,4.260000228881836,4.050000190734863,4.15500020980835,56733
2026-04-09,4.159999847412109,4.195000171661377,4.119999885559082,4.190000057220459,9608
2026-04-10,4.190000057220459,4.190000057220459,4.125,4.190000057220459,15611
2026-04-13,4.179999828338623,4.190000057220459,4.130000114440918,4.190000057220459,9158
2026-04-14,4.139999866485596,4.190000057220459,4.135000228881836,4.190000057220459,17130
2026-04-15,4.190000057220459,4.199999809265137,4.150000095367432,4.150000095367432,9843
2026-04-16,4.199999809265137,4.21999979019165,4.170000076293945,4.21999979019165,23703
2026-04-17,4.150000095367432,4.210000038146973,4.150000095367432,4.199999809265137,16887
2026-04-20,4.199999809265137,4.210000038146973,4.130000114440918,4.159999847412109,16857
2026-04-21,4.159999847412109,4.159999847412109,4.119999885559082,4.150000095367432,7786
2026-04-22,4.130000114440918,4.199999809265137,4.110000133514404,4.199999809265137,23303
2026-04-23,4.199999809265137,4.199999809265137,4.125,4.184999942779541,10019
2026-04-24,4.119999885559082,4.184999942779541,4.119999885559082,4.184999942779541,4019
2026-04-27,4.184999942779541,4.184999942779541,4.099999904632568,4.179999828338623,11810
2026-04-28,4.179999828338623,4.179999828338623,4.099999904632568,4.170000076293945,22702
2026-04-29,4.110000133514404,4.179999828338623,4.090000152587891,4.170000076293945,20746
2026-04-30,4.110000133514404,4.170000076293945,4.099999904632568,4.170000076293945,6412
2026-05-04,4.170000076293945,4.175000190734863,4.125,4.130000114440918,8958
2026-05-05,4.170000076293945,4.175000190734863,4.130000114440918,4.150000095367432,6046
2026-05-06,4.175000190734863,4.199999809265137,4.099999904632568,4.190000057220459,37322
2026-05-07,4.210000038146973,4.269999980926514,4.170000076293945,4.199999809265137,28830
2026-05-08,4.139999866485596,4.255000114440918,4.139999866485596,4.179999828338623,15957
2026-05-11,4.184999942779541,4.195000171661377,4.139999866485596,4.190000057220459,11403
2026-05-12,4.190000057220459,4.25,4.139999866485596,4.199999809265137,51762
2026-05-13,4.230000019073486,4.300000190734863,4.159999847412109,4.289999961853027,63353
2026-05-14,4.300000190734863,4.510000228881836,4.289999961853027,4.389999866485596,299410
2026-05-15,4.409999847412109,4.409999847412109,4.150000095367432,4.360000133514404,73933
2026-05-18,4.269999980926514,4.375,4.199999809265137,4.309999942779541,42868
2026-05-19,4.320000171661377,4.349999904632568,4.235000133514404,4.309999942779541,26026
2026-05-20,4.309999942779541,4.340000152587891,4.21999979019165,4.340000152587891,12773
2026-05-21,4.289999961853027,4.340000152587891,4.269999980926514,4.320000171661377,54385
2026-05-22,4.300000190734863,4.340000152587891,4.260000228881836,4.320000171661377,41147
2026-05-25,4.349999904632568,4.349999904632568,4.25,4.340000152587891,38839
2026-05-26,4.28000020980835,4.364999771118164,4.28000020980835,4.324999809265137,23317
2026-05-27,4.159999847412109,4.159999847412109,3.990000009536743,4.150000095367432,318936
2026-05-28,4.150000095367432,4.195000171661377,4.079999923706055,4.195000171661377,35781
2026-05-29,4.090000152587891,4.179999828338623,4.010000228881836,4.179999828338623,105623
2026-06-01,4.170000076293945,4.170000076293945,4.019999980926514,4.099999904632568,163531
2026-06-02,4.034999847412109,4.099999904632568,4.025000095367432,4.034999847412109,7512
2026-06-03,4.019999980926514,4.079999923706055,4.019999980926514,4.034999847412109,8414
2026-06-05,4.039999961853027,4.070000171661377,4.010000228881836,4.059999942779541,10716
2026-06-08,4.059999942779541,4.059999942779541,3.9800000190734863,4.010000228881836,124953
2026-06-09,4.059999942779541,4.059999942779541,3.990000009536743,4.050000190734863,56501
2026-06-10,4.050000190734863,4.050000190734863,3.9649999141693115,3.994999885559082,40355
2026-06-11,3.994999885559082,4.010000228881836,3.930000066757202,4.0,46900
2026-06-12,4.005000114440918,4.005000114440918,3.9100000858306885,3.990000009536743,64838
2026-06-15,3.950000047683716,4.0,3.9200000762939453,3.9800000190734863,32944
2026-06-16,3.9800000190734863,3.984999895095825,3.9200000762939453,3.9700000286102295,40188
2026-06-17,3.9700000286102295,3.984999895095825,3.924999952316284,3.984999895095825,14566
2026-06-18,4.0,4.005000114440918,3.934999942779541,3.9800000190734863,40894
2026-06-19,3.984999895095825,3.994999885559082,3.934999942779541,3.994999885559082,16485
2026-06-22,4.0,4.005000114440918,3.890000104904175,3.9200000762939453,43021
2026-06-23,3.940000057220459,3.950000047683716,3.805000066757202,3.8450000286102295,51359
2026-06-24,3.8299999237060547,3.880000114440918,3.7899999618530273,3.8350000381469727,83267
2026-06-25,3.859999895095825,3.9000000953674316,3.8399999141693115,3.9000000953674316,8942
2026-06-26,3.9000000953674316,4.010000228881836,3.9000000953674316,3.9700000286102295,49065
2026-06-29,3.9700000286102295,3.9700000286102295,3.9100000858306885,3.9700000286102295,14099
2026-06-30,3.9700000286102295,3.9700000286102295,3.9200000762939453,3.9600000381469727,5285
2026-07-01,3.930000066757202,3.9649999141693115,3.924999952316284,3.9649999141693115,2883
2026-07-02,3.9649999141693115,3.9700000286102295,3.9149999618530273,3.9700000286102295,16130
2026-07-03,3.9600000381469727,3.9700000286102295,3.9100000858306885,3.9700000286102295,13088
2026-07-06,3.950000047683716,3.950000047683716,3.9049999713897705,3.950000047683716,18506
2026-07-07,3.944999933242798,3.950000047683716,3.884999990463257,3.9100000858306885,18354
2026-07-08,3.8949999809265137,3.944999933242798,3.8299999237060547,3.8499999046325684,20125
2026-07-09,3.8949999809265137,3.950000047683716,3.819999933242798,3.8450000286102295,14595
2026-07-10,3.8499999046325684,3.8499999046325684,3.815000057220459,3.8299999237060547,17791
2026-07-13,3.819999933242798,3.8550000190734863,3.819999933242798,3.819999933242798,11235
2026-07-14,3.819999933242798,3.8499999046325684,3.7899999618530273,3.8399999141693115,28824
2026-07-15,3.8499999046325684,3.8499999046325684,3.7799999713897705,3.8299999237060547,24689
2026-07-16,3.7799999713897705,3.8499999046325684,3.75,3.8350000381469727,26658
2026-07-17,3.75,3.819999933242798,3.75,3.815000057220459,7967
2026-07-20,3.815000057220459,3.865000009536743,3.799999952316284,3.865000009536743,64690
2026-07-21,3.819999933242798,3.8550000190734863,3.819999933242798,3.8550000190734863,31373
2026-07-22,3.819999933242798,3.859999895095825,3.799999952316284,3.799999952316284,41599
2026-07-23,3.8399999141693115,3.8499999046325684,3.7899999618530273,3.8450000286102295,59813
2026-07-24,3.8450000286102295,3.8450000286102295,3.815000057220459,3.8450000286102295,7207
2026-07-27,3.8450000286102295,3.8450000286102295,3.799999952316284,3.819999933242798,14810
2026-07-28,3.819999933242798,3.8450000286102295,3.7899999618530273,3.8450000286102295,12483
2026-07-29,3.8450000286102295,3.884999990463257,3.799999952316284,3.869999885559082,21695
2026-07-30,3.859999895095825,3.859999895095825,3.825000047683716,3.8299999237060547,5837
2026-07-31,3.8550000190734863,3.8550000190734863,3.805000066757202,3.809999942779541,35919
2026-08-03,3.799999952316284,3.8499999046325684,3.7899999618530273,3.8499999046325684,18082
2026-08-04,3.8499999046325684,3.8499999046325684,3.805000066757202,3.8299999237060547,8218
2026-08-05,3.8499999046325684,3.884999990463257,3.809999942779541,3.8450000286102295,8816
2026-08-06,3.8399999141693115,3.869999885559082,3.8299999237060547,3.8299999237060547,5750
2026-08-07,3.880000114440918,3.884999990463257,3.8350000381469727,3.8499999046325684,48324
2026-08-10,3.884999990463257,3.944999933242798,3.869999885559082,3.890000104904175,26312
2026-08-11,3.9000000953674316,3.940000057220459,3.884999990463257,3.9049999713897705,26098
2026-08-12,3.940000057220459,3.940000057220459,3.8949999809265137,3.9000000953674316,25480
2026-08-13,3.9000000953674316,3.9000000953674316,3.7750000953674316,3.8399999141693115,151778
2026-08-14,3.7899999618530273,3.8499999046325684,3.7899999618530273,3.819999933242798,7813
2026-08-17,3.819999933242798,3.8450000286102295,3.799999952316284,3.805000066757202,11677
2026-08-18,3.819999933242798,3.8450000286102295,3.799999952316284,3.799999952316284,18290
2026-08-19,3.8399999141693115,3.8399999141693115,3.7699999809265137,3.809999942779541,44333
2026-08-20,3.809999942779541,3.8299999237060547,3.7699999809265137,3.815000057220459,23822
2026-08-21,3.8350000381469727,3.8350000381469727,3.680000066757202,3.7699999809265137,30341
2026-08-24,3.7699999809265137,3.7899999618530273,3.759999990463257,3.759999990463257,34050
2026-08-25,3.75,3.805000066757202,3.7149999141693115,3.759999990463257,52260
2026-08-26,3.765000104904175,3.799999952316284,3.75,3.7799999713897705,30854
2026-08-27,3.7950000762939453,3.819999933242798,3.7799999713897705,3.799999952316284,11812
2026-08-28,3.799999952316284,3.805000066757202,3.7699999809265137,3.799999952316284,6814
2026-08-31,3.7850000858306885,3.819999933242798,3.765000104904175,3.7799999713897705,14412
2026-09-01,3.7799999713897705,3.815000057220459,3.609999895095825,3.740000009536743,57602
2026-09-02,3.740000009536743,3.7899999618530273,3.7100000381469727,3.7699999809265137,10094
2026-09-03,3.75,3.7850000858306885,3.7100000381469727,3.7699999809265137,8401
2026-09-04,3.7850000858306885,3.8350000381469727,3.7850000858306885,3.799999952316284,11845
2026-09-08,3.7799999713897705,3.799999952316284,3.75,3.7899999618530273,31472
2026-09-09,3.7850000858306885,3.8350000381469727,3.7699999809265137,3.809999942779541,7816
2026-09-10,3.809999942779541,3.809999942779541,3.690000057220459,3.7750000953674316,24415
2026-09-11,3.7200000286102295,3.755000114440918,3.7049999237060547,3.740000009536743,16883
2026-09-14,3.765000104904175,3.765000104904175,3.7049999237060547,3.7100000381469727,8137
2026-09-15,3.7100000381469727,3.740000009536743,3.6700000762939453,3.700000047683716,16293
2026-09-17,3.5,3.5,3.4800000190734863,3.5,16991
2026-09-18,3.450000047683716,3.5,3.444999933242798,3.490000009536743,69275
