date,open,high,low,close,volume
2021-09-17,19.3799991607666,19.579999923706055,19.059999465942383,19.420000076293945,31816
2021-09-20,19.899999618530273,20.200000762939453,18.020000457763672,19.559999465942383,46431
2021-09-21,19.5,19.959999084472656,19.0,19.459999084472656,8862
2021-09-22,19.959999084472656,19.959999084472656,19.139999389648438,19.959999084472656,18140
2021-09-23,20.0,21.5,20.0,20.399999618530273,158034
2021-09-24,20.299999237060547,20.399999618530273,19.579999923706055,20.399999618530273,22398
2021-09-27,20.399999618530273,21.450000762939453,19.600000381469727,20.899999618530273,39325
2021-09-28,20.899999618530273,21.0,20.0,20.0,16279
2021-09-29,20.350000381469727,20.799999237060547,19.040000915527344,19.299999237060547,51907
2021-09-30,20.5,20.899999618530273,19.700000762939453,20.100000381469727,104230
2021-10-01,20.25,20.25,19.540000915527344,20.25,33746
2021-10-04,20.399999618530273,20.450000762939453,19.5,19.899999618530273,17245
2021-10-05,19.799999237060547,20.149999618530273,19.520000457763672,20.100000381469727,11608
2021-10-06,20.100000381469727,20.950000762939453,19.5,20.850000381469727,59746
2021-10-07,20.850000381469727,21.450000762939453,20.5,21.25,58172
2021-10-08,21.25,24.0,20.850000381469727,23.700000762939453,623475
2021-10-11,23.899999618530273,24.350000381469727,22.299999237060547,22.950000762939453,178482
2021-10-12,22.950000762939453,22.950000762939453,20.549999237060547,20.950000762939453,140617
2021-10-13,21.25,21.75,20.200000762939453,20.399999618530273,82443
2021-10-14,20.5,21.600000381469727,20.25,21.100000381469727,33147
2021-10-15,21.100000381469727,21.399999618530273,20.5,21.049999237060547,10752
2021-10-18,21.0,21.0,19.65999984741211,20.0,108665
2021-10-19,19.979999542236328,20.450000762939453,19.5,20.149999618530273,21900
2021-10-20,20.200000762939453,20.450000762939453,19.579999923706055,20.100000381469727,21045
2021-10-21,19.979999542236328,19.979999542236328,19.0,19.479999542236328,27196
2021-10-22,19.5,19.559999465942383,19.0,19.31999969482422,18908
2021-10-25,19.440000534057617,19.5,18.1200008392334,18.299999237060547,143910
2021-10-26,18.31999969482422,19.5,18.15999984741211,19.059999465942383,49756
2021-10-27,18.719999313354492,19.15999984741211,18.360000610351562,18.6200008392334,12054
2021-10-28,18.799999237060547,19.479999542236328,18.799999237060547,19.420000076293945,9985
2021-10-29,19.459999084472656,19.479999542236328,19.100000381469727,19.239999771118164,11553
2021-11-02,19.299999237060547,19.5,18.100000381469727,18.459999084472656,28809
2021-11-03,18.5,18.5,18.15999984741211,18.479999542236328,4182
2021-11-04,18.600000381469727,18.780000686645508,18.299999237060547,18.600000381469727,7005
2021-11-05,18.700000762939453,18.899999618530273,18.299999237060547,18.799999237060547,9921
2021-11-08,19.200000762939453,19.280000686645508,18.559999465942383,18.8799991607666,11977
2021-11-09,18.8799991607666,18.8799991607666,18.3799991607666,18.600000381469727,6198
2021-11-10,18.520000457763672,18.68000030517578,18.100000381469727,18.479999542236328,7639
2021-11-12,18.5,18.5,18.219999313354492,18.34000015258789,9704
2021-11-15,18.540000915527344,19.200000762939453,18.5,19.0,16852
2021-11-16,18.979999542236328,18.979999542236328,18.0,18.399999618530273,23855
2021-11-17,18.799999237060547,18.799999237060547,18.0,18.020000457763672,7295
2021-11-18,18.200000762939453,18.299999237060547,17.5,18.0,15665
2021-11-19,17.780000686645508,18.5,17.65999984741211,18.100000381469727,22146
2021-11-22,18.100000381469727,18.260000228881836,17.6200008392334,18.0,8115
2021-11-23,17.719999313354492,17.979999542236328,17.5,17.700000762939453,17628
2021-11-24,17.5,18.0,17.299999237060547,18.0,9135
2021-11-25,18.0,18.260000228881836,17.5,17.700000762939453,15480
2021-11-26,17.68000030517578,17.68000030517578,17.200000762939453,17.540000915527344,11643
2021-11-29,17.34000015258789,17.5,16.760000228881836,17.219999313354492,21263
2021-11-30,17.34000015258789,17.479999542236328,16.940000534057617,17.299999237060547,6279
2021-12-01,17.299999237060547,17.920000076293945,17.299999237060547,17.540000915527344,6647
2021-12-02,17.780000686645508,17.780000686645508,17.200000762939453,17.31999969482422,8003
2021-12-03,17.540000915527344,17.719999313354492,17.0,17.219999313354492,24832
2021-12-06,17.299999237060547,17.299999237060547,16.940000534057617,17.0,12140
2021-12-07,17.0,17.5,16.68000030517578,17.459999084472656,6375
2021-12-08,17.639999389648438,17.639999389648438,16.899999618530273,17.079999923706055,13650
2021-12-09,16.920000076293945,17.079999923706055,16.700000762939453,16.959999084472656,16236
2021-12-10,16.959999084472656,16.979999542236328,16.31999969482422,16.700000762939453,11925
2021-12-13,16.68000030517578,16.68000030517578,16.059999465942383,16.239999771118164,23146
2021-12-14,16.0,16.100000381469727,14.800000190734863,15.119999885559082,124385
2021-12-15,15.119999885559082,15.699999809265137,14.5,14.5,52312
2021-12-16,15.0,15.399999618530273,15.0,15.300000190734863,13823
2021-12-17,15.300000190734863,15.399999618530273,15.0,15.380000114440918,8461
2021-12-20,15.399999618530273,15.399999618530273,15.0,15.359999656677246,20477
2021-12-21,15.199999809265137,15.399999618530273,14.899999618530273,15.15999984741211,40517
2021-12-22,15.239999771118164,15.239999771118164,14.699999809265137,14.979999542236328,13500
2021-12-23,14.979999542236328,14.979999542236328,14.539999961853027,14.5600004196167,62336
2021-12-27,14.920000076293945,14.9399995803833,14.220000267028809,14.779999732971191,25728
2021-12-28,14.699999809265137,15.880000114440918,14.699999809265137,15.399999618530273,44342
2021-12-29,15.760000228881836,16.920000076293945,15.739999771118164,16.700000762939453,17001
2021-12-30,16.700000762939453,17.100000381469727,16.200000762939453,16.600000381469727,7827
2022-01-03,16.700000762939453,17.18000030517578,16.600000381469727,17.100000381469727,9614
2022-01-04,17.100000381469727,17.559999465942383,17.100000381469727,17.299999237060547,5342
2022-01-05,17.399999618530273,17.399999618530273,17.0,17.200000762939453,5235
2022-01-07,17.399999618530273,17.860000610351562,17.18000030517578,17.579999923706055,29079
2022-01-10,17.559999465942383,17.559999465942383,16.899999618530273,16.920000076293945,7304
2022-01-11,17.239999771118164,17.239999771118164,16.920000076293945,17.059999465942383,3434
2022-01-12,17.420000076293945,17.420000076293945,16.700000762939453,17.280000686645508,7817
2022-01-13,17.3799991607666,17.440000534057617,17.0,17.440000534057617,3661
2022-01-14,17.399999618530273,17.420000076293945,17.040000915527344,17.260000228881836,8800
2022-01-17,17.0,17.239999771118164,16.6200008392334,17.239999771118164,4547
2022-01-18,16.719999313354492,17.280000686645508,16.719999313354492,17.079999923706055,426
2022-01-19,16.799999237060547,17.079999923706055,15.84000015258789,16.15999984741211,20052
2022-01-20,16.399999618530273,16.639999389648438,15.359999656677246,16.260000228881836,7166
2022-01-21,16.0,16.0,15.199999809265137,15.800000190734863,21170
2022-01-24,15.800000190734863,15.800000190734863,14.0,14.699999809265137,45242
2022-01-25,14.5,15.479999542236328,14.119999885559082,14.699999809265137,16891
2022-01-26,14.800000190734863,15.399999618530273,14.699999809265137,15.300000190734863,17767
2022-01-27,15.020000457763672,15.699999809265137,14.9399995803833,15.699999809265137,16308
2022-01-28,15.5,15.680000305175781,15.020000457763672,15.359999656677246,5746
2022-01-31,15.359999656677246,15.979999542236328,15.119999885559082,15.899999618530273,6164
2022-02-01,15.880000114440918,16.479999542236328,15.520000457763672,16.440000534057617,8642
2022-02-02,16.440000534057617,16.5,16.0,16.280000686645508,5702
2022-02-03,16.34000015258789,16.459999084472656,16.040000915527344,16.1200008392334,16470
2022-02-04,16.360000610351562,16.399999618530273,16.059999465942383,16.399999618530273,1606
2022-02-07,16.360000610351562,16.3799991607666,16.059999465942383,16.239999771118164,1637
2022-02-08,16.239999771118164,16.559999465942383,16.059999465942383,16.100000381469727,7906
2022-02-09,16.100000381469727,16.440000534057617,16.100000381469727,16.399999618530273,5008
2022-02-10,16.420000076293945,16.600000381469727,16.219999313354492,16.540000915527344,6156
2022-02-11,16.479999542236328,16.639999389648438,16.299999237060547,16.639999389648438,9747
2022-02-14,16.540000915527344,16.540000915527344,15.859999656677246,16.200000762939453,22697
2022-02-15,16.0,16.579999923706055,16.0,16.239999771118164,7646
2022-02-16,16.559999465942383,16.639999389648438,16.299999237060547,16.399999618530273,713
2022-02-17,16.579999923706055,16.6200008392334,16.219999313354492,16.299999237060547,26811
2022-02-18,16.520000457763672,16.579999923706055,16.15999984741211,16.34000015258789,14764
2022-02-21,16.440000534057617,16.459999084472656,16.1200008392334,16.399999618530273,20940
2022-02-22,15.84000015258789,16.399999618530273,15.800000190734863,16.399999618530273,17030
2022-02-23,16.360000610351562,18.299999237060547,16.15999984741211,17.0,29645
2022-02-24,15.539999961853027,16.100000381469727,13.119999885559082,14.579999923706055,125849
2022-02-25,14.319999694824219,15.680000305175781,14.319999694824219,15.4399995803833,29843
2022-02-28,15.039999961853027,15.859999656677246,14.699999809265137,15.199999809265137,18846
2022-03-01,14.920000076293945,15.300000190734863,14.119999885559082,14.479999542236328,47077
2022-03-02,14.479999542236328,14.479999542236328,13.899999618530273,14.260000228881836,25967
2022-03-03,14.15999984741211,14.680000305175781,13.600000381469727,14.619999885559082,16403
2022-03-04,14.0,14.600000381469727,14.0,14.119999885559082,17698
2022-03-07,14.100000381469727,14.880000114440918,13.680000305175781,14.84000015258789,19358
2022-03-08,14.859999656677246,15.5,14.5,15.399999618530273,4943
2022-03-09,15.399999618530273,16.0,15.239999771118164,16.0,8534
2022-03-10,16.100000381469727,16.479999542236328,15.699999809265137,16.280000686645508,3508
2022-03-11,16.100000381469727,16.399999618530273,15.739999771118164,16.0,9154
2022-03-14,16.0,16.479999542236328,16.0,16.3799991607666,8017
2022-03-15,16.3799991607666,16.3799991607666,15.800000190734863,16.299999237060547,11447
2022-03-16,16.3799991607666,17.0,16.100000381469727,17.0,23575
2022-03-17,16.979999542236328,17.600000381469727,16.600000381469727,17.479999542236328,13565
2022-03-18,17.520000457763672,18.0,17.059999465942383,17.799999237060547,14272
2022-03-21,18.200000762939453,18.479999542236328,17.520000457763672,17.959999084472656,19169
2022-03-22,17.520000457763672,18.0,17.520000457763672,17.899999618530273,5817
2022-03-23,17.979999542236328,18.0,17.3799991607666,17.81999969482422,2452
2022-03-24,17.5,17.799999237060547,16.280000686645508,17.0,14420
2022-03-25,17.200000762939453,17.200000762939453,16.5,16.700000762939453,15829
2022-03-28,17.18000030517578,17.18000030517578,16.200000762939453,16.34000015258789,15285
2022-03-29,16.459999084472656,16.65999984741211,16.0,16.100000381469727,10299
2022-03-30,16.299999237060547,16.540000915527344,16.299999237060547,16.34000015258789,5222
2022-03-31,16.5,16.579999923706055,15.579999923706055,15.619999885559082,12673
2022-04-01,16.280000686645508,16.360000610351562,16.020000457763672,16.18000030517578,3290
2022-04-04,16.299999237060547,16.399999618530273,15.880000114440918,15.880000114440918,6531
2022-04-05,16.0,16.15999984741211,15.699999809265137,15.800000190734863,7011
2022-04-06,15.699999809265137,16.360000610351562,15.520000457763672,15.899999618530273,10900
2022-04-07,16.299999237060547,16.299999237060547,15.5600004196167,15.960000038146973,4946
2022-04-08,16.059999465942383,16.219999313354492,15.739999771118164,16.0,3669
2022-04-11,15.979999542236328,15.979999542236328,15.600000381469727,15.979999542236328,3206
2022-04-12,15.640000343322754,16.0,15.319999694824219,15.34000015258789,8918
2022-04-13,15.300000190734863,15.760000228881836,14.819999694824219,15.079999923706055,21548
2022-04-14,15.460000038146973,15.460000038146973,15.0,15.300000190734863,8369
2022-04-19,15.359999656677246,15.739999771118164,15.359999656677246,15.5,4883
2022-04-20,15.5,15.739999771118164,15.0,15.0,4439
2022-04-21,15.0,15.380000114440918,14.800000190734863,15.039999961853027,4378
2022-04-22,15.319999694824219,15.319999694824219,14.600000381469727,14.600000381469727,6776
2022-04-25,14.460000038146973,14.899999618530273,14.0,14.739999771118164,10229
2022-04-26,14.720000267028809,14.720000267028809,14.140000343322754,14.600000381469727,8704
2022-04-27,14.600000381469727,14.600000381469727,13.9399995803833,14.380000114440918,26475
2022-04-28,14.479999542236328,15.140000343322754,14.0,14.5600004196167,6793
2022-04-29,14.15999984741211,14.600000381469727,14.039999961853027,14.100000381469727,11943
2022-05-02,14.399999618530273,14.579999923706055,14.020000457763672,14.5600004196167,3605
2022-05-04,14.779999732971191,14.779999732971191,14.399999618530273,14.720000267028809,4824
2022-05-05,14.760000228881836,15.199999809265137,14.539999961853027,15.0,8605
2022-05-06,15.180000305175781,15.180000305175781,14.5,15.0,4461
2022-05-09,15.079999923706055,15.180000305175781,14.5,15.079999923706055,12496
2022-05-10,15.0,15.460000038146973,14.84000015258789,15.300000190734863,3180
2022-05-11,15.300000190734863,15.359999656677246,14.800000190734863,15.279999732971191,2893
2022-05-12,15.199999809265137,15.199999809265137,14.5,14.979999542236328,3808
2022-05-13,15.0,15.300000190734863,14.539999961853027,15.0,3356
2022-05-16,15.100000381469727,15.680000305175781,15.100000381469727,15.680000305175781,4706
2022-05-17,15.680000305175781,16.059999465942383,15.680000305175781,16.0,16776
2022-05-18,16.0,16.5,16.0,16.0,9049
2022-05-19,16.0,16.0,15.65999984741211,15.800000190734863,13041
2022-05-20,15.800000190734863,15.9399995803833,15.119999885559082,15.779999732971191,7347
2022-05-23,15.699999809265137,16.0,15.5,16.0,3578
2022-05-24,15.979999542236328,15.979999542236328,15.539999961853027,15.960000038146973,3816
2022-05-25,15.979999542236328,16.0,15.640000343322754,15.800000190734863,8119
2022-05-26,15.800000190734863,16.0,15.5600004196167,15.899999618530273,11088
2022-05-27,15.880000114440918,15.880000114440918,15.5,15.800000190734863,6252
2022-05-30,15.800000190734863,16.0,15.600000381469727,15.800000190734863,6045
2022-05-31,15.979999542236328,15.979999542236328,15.619999885559082,15.899999618530273,2029
2022-06-01,15.899999618530273,16.399999618530273,15.800000190734863,16.200000762939453,13212
2022-06-02,16.299999237060547,16.31999969482422,16.100000381469727,16.260000228881836,2935
2022-06-03,16.399999618530273,16.399999618530273,16.0,16.200000762939453,3617
2022-06-06,16.299999237060547,16.299999237060547,15.300000190734863,16.040000915527344,10673
2022-06-07,16.0,16.81999969482422,15.699999809265137,16.739999771118164,7603
2022-06-08,16.700000762939453,16.860000610351562,16.0,16.700000762939453,11235
2022-06-09,16.700000762939453,16.899999618530273,16.239999771118164,16.600000381469727,3652
2022-06-10,16.139999389648438,16.280000686645508,15.899999618530273,16.15999984741211,14288
2022-06-13,16.059999465942383,16.059999465942383,15.359999656677246,15.359999656677246,7763
2022-06-14,15.199999809265137,15.199999809265137,15.0,15.15999984741211,10267
2022-06-15,15.5,15.960000038146973,15.119999885559082,15.859999656677246,6315
2022-06-17,15.800000190734863,15.800000190734863,15.300000190734863,15.300000190734863,3028
2022-06-20,15.300000190734863,15.680000305175781,15.100000381469727,15.680000305175781,3637
2022-06-21,15.680000305175781,15.800000190734863,15.279999732971191,15.800000190734863,3092
2022-06-22,15.600000381469727,15.800000190734863,15.399999618530273,15.779999732971191,2507
2022-06-23,15.5,15.760000228881836,15.5,15.760000228881836,1347
2022-06-24,15.800000190734863,15.859999656677246,15.4399995803833,15.859999656677246,6643
2022-06-27,15.880000114440918,15.880000114440918,15.4399995803833,15.4399995803833,2735
2022-06-28,15.4399995803833,15.4399995803833,15.220000267028809,15.380000114440918,4189
2022-06-29,15.380000114440918,15.800000190734863,15.0,15.779999732971191,23454
2022-06-30,15.760000228881836,15.779999732971191,15.0,15.779999732971191,22495
2022-07-01,15.699999809265137,15.699999809265137,15.199999809265137,15.5,4457
2022-07-04,15.5,15.5,15.079999923706055,15.380000114440918,16598
2022-07-05,15.380000114440918,15.4399995803833,14.800000190734863,15.140000343322754,5810
2022-07-06,15.0,15.140000343322754,14.739999771118164,15.0,11000
2022-07-07,15.380000114440918,15.380000114440918,14.720000267028809,15.34000015258789,4600
2022-07-08,15.359999656677246,15.359999656677246,15.0,15.300000190734863,602
2022-07-11,15.300000190734863,15.5,14.800000190734863,15.5,5332
2022-07-12,15.420000076293945,15.420000076293945,14.800000190734863,15.239999771118164,4515
2022-07-13,14.979999542236328,15.180000305175781,14.199999809265137,14.199999809265137,13516
2022-07-14,14.399999618530273,14.979999542236328,14.399999618530273,14.880000114440918,3536
2022-07-15,14.880000114440918,14.899999618530273,14.5,14.800000190734863,3677
2022-07-18,14.699999809265137,15.0,14.5,14.899999618530273,3262
2022-07-19,14.800000190734863,14.800000190734863,14.260000228881836,14.600000381469727,7409
2022-07-20,14.399999618530273,14.600000381469727,14.239999771118164,14.600000381469727,9741
2022-07-21,14.600000381469727,14.699999809265137,14.199999809265137,14.380000114440918,4965
2022-07-22,14.399999618530273,14.979999542236328,14.199999809265137,14.960000038146973,5222
2022-07-25,14.600000381469727,14.960000038146973,14.300000190734863,14.359999656677246,7600
2022-07-26,14.5600004196167,14.5600004196167,14.279999732971191,14.520000457763672,1742
2022-07-27,14.739999771118164,14.739999771118164,14.220000267028809,14.4399995803833,2346
2022-07-28,14.300000190734863,14.600000381469727,14.260000228881836,14.579999923706055,2440
2022-07-29,14.279999732971191,14.899999618530273,14.199999809265137,14.880000114440918,5842
2022-08-01,14.380000114440918,14.880000114440918,14.100000381469727,14.300000190734863,10402
2022-08-02,14.380000114440918,14.380000114440918,13.800000190734863,13.819999694824219,18498
2022-08-03,13.979999542236328,14.84000015258789,13.800000190734863,14.4399995803833,13394
2022-08-04,14.84000015258789,15.640000343322754,14.600000381469727,15.0,30695
2022-08-05,15.34000015258789,15.34000015258789,14.319999694824219,15.0,5239
2022-08-08,15.100000381469727,15.100000381469727,14.720000267028809,15.0,694
2022-08-09,14.5,15.100000381469727,14.5,15.0,6185
2022-08-10,15.079999923706055,15.300000190734863,14.920000076293945,15.079999923706055,36137
2022-08-11,15.079999923706055,15.279999732971191,14.920000076293945,14.979999542236328,22935
2022-08-12,15.0,15.5600004196167,14.84000015258789,15.100000381469727,19191
2022-08-16,15.0,15.199999809265137,14.600000381469727,14.920000076293945,10803
2022-08-17,14.800000190734863,15.180000305175781,14.600000381469727,14.979999542236328,10638
2022-08-18,14.979999542236328,14.979999542236328,14.619999885559082,14.880000114440918,1050
2022-08-19,14.880000114440918,15.5,14.5,15.5,15660
2022-08-22,15.680000305175781,16.34000015258789,15.520000457763672,16.15999984741211,10892
2022-08-23,16.18000030517578,16.299999237060547,15.399999618530273,16.299999237060547,22401
2022-08-24,16.139999389648438,16.200000762939453,15.539999961853027,16.139999389648438,31119
2022-08-25,16.139999389648438,16.139999389648438,15.0,15.819999694824219,35827
2022-08-26,15.800000190734863,15.800000190734863,15.180000305175781,15.65999984741211,5350
2022-08-29,15.020000457763672,15.600000381469727,14.960000038146973,15.600000381469727,10920
2022-08-30,15.5600004196167,16.100000381469727,15.539999961853027,15.899999618530273,13363
2022-08-31,16.059999465942383,17.600000381469727,15.640000343322754,16.5,39697
2022-09-01,16.84000015258789,17.100000381469727,16.100000381469727,16.299999237060547,30868
2022-09-02,16.600000381469727,16.899999618530273,16.299999237060547,16.899999618530273,7636
2022-09-05,16.899999618530273,17.700000762939453,16.799999237060547,16.799999237060547,39765
2022-09-06,16.899999618530273,17.059999465942383,16.440000534057617,17.040000915527344,4638
2022-09-07,17.040000915527344,17.040000915527344,16.5,16.760000228881836,4706
2022-09-08,16.940000534057617,16.940000534057617,15.800000190734863,16.280000686645508,15100
2022-09-09,16.280000686645508,16.84000015258789,16.100000381469727,16.84000015258789,3180
2022-09-12,16.600000381469727,16.959999084472656,16.219999313354492,16.899999618530273,5524
2022-09-13,16.899999618530273,17.0,16.579999923706055,16.899999618530273,4964
2022-09-14,16.700000762939453,16.959999084472656,16.5,16.959999084472656,4537
2022-09-15,16.799999237060547,16.920000076293945,16.260000228881836,16.299999237060547,11211
2022-09-16,16.559999465942383,16.700000762939453,15.65999984741211,15.819999694824219,10213
2022-09-19,16.3799991607666,16.3799991607666,15.079999923706055,15.100000381469727,39053
2022-09-20,15.039999961853027,15.579999923706055,15.0,15.039999961853027,27024
2022-09-21,15.300000190734863,15.65999984741211,14.5,15.399999618530273,30899
2022-09-22,15.399999618530273,15.699999809265137,15.0,15.319999694824219,16145
2022-09-23,15.079999923706055,15.5,14.779999732971191,15.260000228881836,20513
2022-09-26,15.180000305175781,15.180000305175781,14.5,14.760000228881836,32301
2022-09-27,14.760000228881836,15.300000190734863,14.5,15.279999732971191,25536
2022-09-28,15.279999732971191,15.899999618530273,14.800000190734863,15.899999618530273,17874
2022-09-29,15.899999618530273,15.960000038146973,15.079999923706055,15.079999923706055,27699
2022-09-30,15.479999542236328,15.479999542236328,14.800000190734863,15.239999771118164,6336
2022-10-03,15.5,15.65999984741211,15.199999809265137,15.420000076293945,33185
2022-10-04,15.300000190734863,17.0,15.239999771118164,16.600000381469727,29980
2022-10-05,16.399999618530273,16.399999618530273,15.899999618530273,16.260000228881836,6447
2022-10-06,16.200000762939453,16.65999984741211,16.0,16.65999984741211,16363
2022-10-07,16.639999389648438,16.979999542236328,16.399999618530273,16.600000381469727,2791
2022-10-10,16.780000686645508,17.139999389648438,16.5,16.5,18673
2022-10-11,16.399999618530273,17.639999389648438,16.399999618530273,17.639999389648438,34599
2022-10-12,17.899999618530273,18.899999618530273,17.520000457763672,18.360000610351562,58272
2022-10-13,17.899999618530273,18.479999542236328,17.540000915527344,18.31999969482422,27663
2022-10-14,18.3799991607666,18.399999618530273,17.719999313354492,18.399999618530273,12620
2022-10-17,18.420000076293945,20.75,18.420000076293945,20.5,123302
2022-10-18,20.049999237060547,20.5,19.81999969482422,20.0,85284
2022-10-19,19.920000076293945,20.5,19.84000015258789,20.399999618530273,52024
2022-10-20,20.450000762939453,20.850000381469727,18.5,20.049999237060547,189591
2022-10-21,20.049999237060547,20.049999237060547,19.1200008392334,19.200000762939453,14694
2022-10-24,19.600000381469727,19.65999984741211,18.579999923706055,18.600000381469727,23538
2022-10-25,18.600000381469727,18.959999084472656,17.940000534057617,17.940000534057617,32606
2022-10-26,18.399999618530273,18.399999618530273,18.0,18.200000762939453,10505
2022-10-27,18.799999237060547,18.799999237060547,18.139999389648438,18.31999969482422,12466
2022-10-28,18.31999969482422,19.100000381469727,18.100000381469727,19.0,63141
2022-10-31,19.399999618530273,19.399999618530273,18.639999389648438,19.059999465942383,16616
2022-11-02,19.0,19.0,18.31999969482422,18.459999084472656,14745
2022-11-03,18.459999084472656,18.65999984741211,18.0,18.299999237060547,17300
2022-11-04,18.15999984741211,18.399999618530273,17.920000076293945,18.360000610351562,11728
2022-11-07,18.719999313354492,18.719999313354492,18.1200008392334,18.65999984741211,8040
2022-11-08,18.479999542236328,18.639999389648438,18.200000762939453,18.420000076293945,17572
2022-11-09,18.239999771118164,18.5,18.100000381469727,18.459999084472656,7876
2022-11-10,18.459999084472656,18.479999542236328,18.18000030517578,18.399999618530273,7092
2022-11-14,18.440000534057617,18.459999084472656,17.979999542236328,18.260000228881836,29301
2022-11-15,18.5,19.100000381469727,18.5,18.8799991607666,96687
2022-11-16,18.940000534057617,18.979999542236328,18.360000610351562,18.639999389648438,10044
2022-11-17,18.920000076293945,18.920000076293945,18.520000457763672,18.899999618530273,2970
2022-11-18,18.959999084472656,18.959999084472656,18.600000381469727,18.860000610351562,4920
2022-11-21,18.84000015258789,18.84000015258789,18.420000076293945,18.700000762939453,7844
2022-11-22,18.700000762939453,18.940000534057617,18.479999542236328,18.799999237060547,14586
2022-11-23,18.780000686645508,18.780000686645508,18.440000534057617,18.68000030517578,9422
2022-11-24,18.600000381469727,18.780000686645508,18.219999313354492,18.440000534057617,9258
2022-11-25,18.399999618530273,18.540000915527344,18.260000228881836,18.540000915527344,9162
2022-11-28,18.760000228881836,18.760000228881836,18.360000610351562,18.579999923706055,9658
2022-11-29,18.559999465942383,18.8799991607666,18.200000762939453,18.600000381469727,27210
2022-11-30,18.700000762939453,18.700000762939453,18.399999618530273,18.65999984741211,34062
2022-12-01,18.68000030517578,18.68000030517578,18.399999618530273,18.579999923706055,12674
2022-12-02,18.6200008392334,18.65999984741211,18.299999237060547,18.65999984741211,11401
2022-12-05,18.65999984741211,18.8799991607666,18.399999618530273,18.600000381469727,8048
2022-12-06,18.639999389648438,18.780000686645508,18.440000534057617,18.65999984741211,7488
2022-12-07,18.65999984741211,18.65999984741211,18.34000015258789,18.520000457763672,6060
2022-12-08,18.559999465942383,18.65999984741211,18.260000228881836,18.65999984741211,11856
2022-12-09,18.31999969482422,18.700000762939453,18.31999969482422,18.65999984741211,4471
2022-12-12,18.65999984741211,18.84000015258789,18.299999237060547,18.440000534057617,9867
2022-12-13,18.600000381469727,18.600000381469727,18.31999969482422,18.5,7465
2022-12-14,18.5,18.600000381469727,18.299999237060547,18.5,11001
2022-12-15,18.5,18.5,18.239999771118164,18.5,5025
2022-12-16,18.5,18.559999465942383,18.15999984741211,18.399999618530273,3581
2022-12-19,18.399999618530273,18.399999618530273,18.059999465942383,18.399999618530273,4052
2022-12-20,18.399999618530273,18.399999618530273,18.260000228881836,18.3799991607666,3928
2022-12-21,18.3799991607666,18.3799991607666,18.18000030517578,18.360000610351562,2616
2022-12-22,18.5,18.940000534057617,18.440000534057617,18.600000381469727,35640
2022-12-23,18.600000381469727,18.799999237060547,18.479999542236328,18.579999923706055,25819
2022-12-27,18.540000915527344,18.600000381469727,18.280000686645508,18.420000076293945,9315
2022-12-28,18.31999969482422,18.399999618530273,18.0,18.139999389648438,12058
2022-12-29,18.3799991607666,18.459999084472656,18.100000381469727,18.360000610351562,5082
2022-12-30,18.5,18.600000381469727,18.31999969482422,18.5,20425
2023-01-02,18.5,18.799999237060547,18.239999771118164,18.5,6056
2023-01-03,18.5,19.780000686645508,18.5,19.65999984741211,99719
2023-01-04,19.84000015258789,21.299999237060547,19.600000381469727,20.25,95381
2023-01-05,20.299999237060547,20.600000381469727,19.920000076293945,20.100000381469727,31602
2023-01-09,20.299999237060547,20.850000381469727,20.100000381469727,20.649999618530273,11847
2023-01-10,20.649999618530273,20.75,20.0,20.149999618530273,9305
2023-01-11,20.200000762939453,20.399999618530273,19.899999618530273,20.25,18898
2023-01-12,20.299999237060547,20.5,19.6200008392334,20.0,10510
2023-01-13,19.719999313354492,20.0,19.700000762939453,19.700000762939453,13436
2023-01-16,19.739999771118164,20.0,19.700000762939453,19.979999542236328,30767
2023-01-17,19.979999542236328,19.979999542236328,19.639999389648438,19.799999237060547,13809
2023-01-18,20.0,20.350000381469727,19.799999237060547,20.25,47312
2023-01-19,20.25,20.5,19.899999618530273,20.299999237060547,40853
2023-01-20,20.299999237060547,20.450000762939453,20.100000381469727,20.350000381469727,17652
2023-01-23,20.5,21.799999237060547,20.399999618530273,21.799999237060547,135135
2023-01-24,21.850000381469727,21.850000381469727,21.299999237060547,21.549999237060547,37022
2023-01-25,21.549999237060547,21.799999237060547,21.049999237060547,21.299999237060547,15446
2023-01-26,21.5,21.600000381469727,21.149999618530273,21.450000762939453,23090
2023-01-27,21.549999237060547,22.350000381469727,21.5,22.299999237060547,69167
2023-01-30,22.299999237060547,22.700000762939453,21.75,22.700000762939453,24744
2023-01-31,22.700000762939453,22.700000762939453,22.299999237060547,22.399999618530273,33693
2023-02-01,22.649999618530273,22.700000762939453,22.399999618530273,22.700000762939453,17777
2023-02-02,22.700000762939453,22.700000762939453,22.200000762939453,22.399999618530273,13831
2023-02-03,22.399999618530273,22.899999618530273,22.200000762939453,22.850000381469727,18412
2023-02-06,23.100000381469727,23.25,22.899999618530273,23.100000381469727,34937
2023-02-07,23.200000762939453,23.200000762939453,22.399999618530273,23.0,15392
2023-02-08,23.0,23.100000381469727,22.700000762939453,23.100000381469727,6502
2023-02-09,23.0,23.100000381469727,22.5,23.100000381469727,14395
2023-02-10,23.100000381469727,23.100000381469727,22.049999237060547,22.100000381469727,43677
2023-02-13,22.200000762939453,22.700000762939453,21.5,21.950000762939453,23410
2023-02-14,21.950000762939453,22.549999237060547,21.75,22.25,17934
2023-02-15,22.399999618530273,22.5,21.899999618530273,22.5,3714
2023-02-16,22.5,22.649999618530273,21.700000762939453,22.549999237060547,9139
2023-02-17,22.5,24.549999237060547,22.5,23.799999237060547,92991
2023-02-20,23.600000381469727,24.299999237060547,23.350000381469727,24.100000381469727,44301
2023-02-21,24.049999237060547,24.100000381469727,23.700000762939453,24.0,19800
2023-02-22,23.75,24.0,23.200000762939453,24.0,6193
2023-02-23,24.100000381469727,24.100000381469727,23.350000381469727,23.950000762939453,3583
2023-02-24,23.799999237060547,24.0,23.350000381469727,23.75,4582
2023-02-27,23.799999237060547,24.0,23.350000381469727,23.850000381469727,8354
2023-02-28,23.899999618530273,23.950000762939453,23.5,23.899999618530273,10199
2023-03-01,23.899999618530273,24.899999618530273,23.549999237060547,24.399999618530273,32468
2023-03-02,24.5,24.850000381469727,23.649999618530273,24.049999237060547,9905
2023-03-03,24.149999618530273,24.399999618530273,24.049999237060547,24.399999618530273,20686
2023-03-06,24.299999237060547,25.0,24.200000762939453,24.75,60863
2023-03-07,24.700000762939453,24.850000381469727,23.75,23.899999618530273,45172
2023-03-08,23.899999618530273,24.0,23.200000762939453,23.850000381469727,23622
2023-03-09,23.850000381469727,24.299999237060547,23.700000762939453,24.049999237060547,7660
2023-03-10,24.049999237060547,24.049999237060547,23.5,23.899999618530273,11867
2023-03-13,23.850000381469727,23.899999618530273,22.600000381469727,23.100000381469727,63209
2023-03-14,23.100000381469727,24.100000381469727,22.899999618530273,24.100000381469727,36008
2023-03-15,24.0,24.100000381469727,23.299999237060547,23.549999237060547,13989
2023-03-16,23.399999618530273,23.799999237060547,23.0,23.450000762939453,21241
2023-03-17,23.5,23.649999618530273,22.899999618530273,23.0,7349
2023-03-20,22.600000381469727,22.649999618530273,21.5,22.5,28998
2023-03-21,22.799999237060547,22.799999237060547,22.149999618530273,22.299999237060547,13194
2023-03-22,22.600000381469727,23.0,22.399999618530273,22.850000381469727,12702
2023-03-23,22.950000762939453,23.100000381469727,22.299999237060547,22.950000762939453,13246
2023-03-24,23.100000381469727,23.100000381469727,22.350000381469727,22.5,17936
2023-03-27,22.5,22.799999237060547,22.100000381469727,22.700000762939453,12196
2023-03-28,22.700000762939453,22.700000762939453,18.219999313354492,22.049999237060547,55965
2023-03-29,22.0,22.149999618530273,21.299999237060547,21.899999618530273,36274
2023-03-30,21.899999618530273,22.5,21.600000381469727,22.5,10922
2023-03-31,22.299999237060547,22.5,22.049999237060547,22.100000381469727,6196
2023-04-03,22.0,22.5,21.700000762939453,22.200000762939453,9660
2023-04-04,22.200000762939453,22.200000762939453,21.299999237060547,21.600000381469727,20467
2023-04-05,21.600000381469727,22.0,21.5,22.0,8910
2023-04-06,22.0,22.0,20.5,21.100000381469727,25837
2023-04-11,21.200000762939453,21.950000762939453,20.899999618530273,21.5,13690
2023-04-12,21.5,21.899999618530273,21.299999237060547,21.299999237060547,6348
2023-04-13,21.600000381469727,21.600000381469727,20.149999618530273,21.149999618530273,24818
2023-04-14,21.299999237060547,21.299999237060547,20.700000762939453,21.25,8498
2023-04-17,21.299999237060547,21.350000381469727,20.5,20.899999618530273,10067
2023-04-18,20.799999237060547,21.0,20.5,20.649999618530273,29536
2023-04-19,20.850000381469727,20.850000381469727,19.959999084472656,20.350000381469727,36362
2023-04-20,20.350000381469727,20.700000762939453,19.6200008392334,20.149999618530273,85377
2023-04-21,20.5,20.700000762939453,20.049999237060547,20.700000762939453,7083
2023-04-24,21.0,21.0,20.399999618530273,20.649999618530273,22057
2023-04-25,21.0,21.649999618530273,20.950000762939453,21.25,20628
2023-04-26,21.0,21.0,20.5,21.0,4693
2023-04-27,21.299999237060547,21.299999237060547,20.899999618530273,21.149999618530273,862
2023-04-28,21.149999618530273,21.25,21.0,21.200000762939453,2726
2023-05-02,21.25,21.799999237060547,21.25,21.549999237060547,7820
2023-05-04,21.549999237060547,21.549999237060547,21.100000381469727,21.399999618530273,5940
2023-05-05,21.399999618530273,21.600000381469727,20.799999237060547,21.399999618530273,20070
2023-05-08,21.5,21.5,20.399999618530273,20.649999618530273,21941
2023-05-09,20.649999618530273,20.799999237060547,20.100000381469727,20.299999237060547,18395
2023-05-10,20.399999618530273,21.0,20.399999618530273,20.950000762939453,5998
2023-05-11,20.950000762939453,21.299999237060547,20.649999618530273,20.799999237060547,8848
2023-05-12,20.899999618530273,21.5,20.899999618530273,21.049999237060547,8844
2023-05-15,21.049999237060547,21.5,21.049999237060547,21.350000381469727,10083
2023-05-16,21.600000381469727,24.25,21.5,22.899999618530273,141269
2023-05-17,23.200000762939453,23.5,22.200000762939453,22.450000762939453,26254
2023-05-18,22.799999237060547,23.100000381469727,22.350000381469727,22.700000762939453,7440
2023-05-19,22.600000381469727,23.299999237060547,22.5,23.100000381469727,19758
2023-05-22,23.200000762939453,23.299999237060547,22.5,22.799999237060547,20200
2023-05-23,22.950000762939453,23.200000762939453,22.5,23.0,13566
2023-05-24,23.0,23.0,22.600000381469727,22.950000762939453,56012
2023-05-25,22.700000762939453,22.700000762939453,21.950000762939453,22.299999237060547,22853
2023-05-26,22.299999237060547,22.649999618530273,21.700000762939453,22.649999618530273,3616
2023-05-29,23.0,23.0,22.450000762939453,22.600000381469727,23674
2023-05-30,22.549999237060547,22.850000381469727,22.450000762939453,22.649999618530273,15542
2023-05-31,22.850000381469727,22.850000381469727,22.0,22.100000381469727,7718
2023-06-01,22.549999237060547,22.549999237060547,21.899999618530273,22.350000381469727,3642
2023-06-02,22.450000762939453,22.5,22.0,22.25,12561
2023-06-05,22.649999618530273,22.75,22.149999618530273,22.549999237060547,9137
2023-06-06,22.549999237060547,22.799999237060547,22.450000762939453,22.549999237060547,10630
2023-06-07,22.75,22.850000381469727,22.5,22.5,10951
2023-06-09,22.600000381469727,22.700000762939453,22.049999237060547,22.049999237060547,11556
2023-06-12,22.149999618530273,22.649999618530273,22.149999618530273,22.399999618530273,6884
2023-06-13,22.200000762939453,22.549999237060547,21.899999618530273,22.450000762939453,8570
2023-06-14,22.450000762939453,22.600000381469727,21.899999618530273,22.450000762939453,13477
2023-06-15,22.450000762939453,22.450000762939453,21.700000762939453,22.350000381469727,13794
2023-06-16,21.799999237060547,22.299999237060547,21.5,21.899999618530273,15253
2023-06-19,21.850000381469727,22.0,21.0,21.299999237060547,21846
2023-06-20,21.299999237060547,22.799999237060547,21.149999618530273,22.5,21784
2023-06-21,22.399999618530273,22.600000381469727,21.899999618530273,22.600000381469727,6488
2023-06-22,22.600000381469727,22.899999618530273,22.350000381469727,22.899999618530273,10521
2023-06-23,22.799999237060547,22.899999618530273,22.299999237060547,22.700000762939453,12419
2023-06-26,22.75,22.75,21.899999618530273,22.200000762939453,7143
2023-06-27,21.950000762939453,22.700000762939453,21.950000762939453,22.700000762939453,7075
2023-06-28,22.700000762939453,23.200000762939453,22.5,23.149999618530273,69208
2023-06-29,22.700000762939453,24.0,22.700000762939453,23.950000762939453,28954
2023-06-30,24.0,25.0,23.549999237060547,24.399999618530273,62613
2023-07-03,24.399999618530273,24.850000381469727,23.649999618530273,24.5,14074
2023-07-04,24.5,24.5,23.700000762939453,24.049999237060547,5178
2023-07-05,24.0,24.399999618530273,22.850000381469727,23.049999237060547,20311
2023-07-06,22.899999618530273,23.399999618530273,22.799999237060547,23.399999618530273,4429
2023-07-07,23.399999618530273,23.600000381469727,22.799999237060547,23.200000762939453,9143
2023-07-10,23.200000762939453,23.200000762939453,22.600000381469727,22.799999237060547,4082
2023-07-11,22.899999618530273,23.200000762939453,22.700000762939453,23.100000381469727,3735
2023-07-12,23.100000381469727,23.149999618530273,22.600000381469727,22.700000762939453,4660
2023-07-13,22.649999618530273,22.950000762939453,22.299999237060547,22.950000762939453,10560
2023-07-14,22.950000762939453,23.0,22.149999618530273,22.700000762939453,20312
2023-07-17,22.700000762939453,22.899999618530273,22.350000381469727,22.75,5636
2023-07-18,22.75,22.799999237060547,22.5,22.799999237060547,3158
2023-07-19,22.799999237060547,22.799999237060547,22.299999237060547,22.700000762939453,11002
2023-07-20,22.700000762939453,22.700000762939453,22.450000762939453,22.649999618530273,1750
2023-07-21,22.700000762939453,22.700000762939453,22.25,22.5,6792
2023-07-24,22.5,24.649999618530273,22.299999237060547,22.899999618530273,33431
2023-07-25,22.899999618530273,23.399999618530273,22.700000762939453,23.100000381469727,12138
2023-07-26,23.100000381469727,23.100000381469727,22.799999237060547,22.799999237060547,7355
2023-07-27,22.700000762939453,23.0,22.649999618530273,22.75,16499
2023-07-28,22.75,22.75,22.5,22.75,29652
2023-07-31,22.700000762939453,22.950000762939453,22.600000381469727,22.950000762939453,5105
2023-08-01,22.950000762939453,23.200000762939453,22.649999618530273,23.200000762939453,7749
2023-08-02,23.0,23.149999618530273,22.649999618530273,23.100000381469727,6475
2023-08-03,23.149999618530273,23.399999618530273,22.899999618530273,23.299999237060547,10614
2023-08-04,23.5,23.5,23.049999237060547,23.350000381469727,2084
2023-08-07,23.5,23.700000762939453,23.25,23.299999237060547,9934
2023-08-08,23.299999237060547,23.299999237060547,22.850000381469727,23.25,8574
2023-08-09,23.299999237060547,23.649999618530273,23.0,23.649999618530273,30892
2023-08-10,23.75,24.850000381469727,23.75,24.100000381469727,53277
2023-08-11,23.850000381469727,24.399999618530273,23.700000762939453,24.0,14219
2023-08-14,24.049999237060547,24.049999237060547,22.799999237060547,23.600000381469727,67546
2023-08-16,23.950000762939453,23.950000762939453,22.799999237060547,23.149999618530273,29414
2023-08-17,23.0,23.149999618530273,22.5,22.850000381469727,9592
2023-08-18,23.0,23.0,22.549999237060547,23.0,9167
2023-08-21,22.600000381469727,23.0,22.600000381469727,23.0,7307
2023-08-22,22.899999618530273,23.299999237060547,22.600000381469727,22.75,4316
2023-08-23,22.75,23.299999237060547,22.75,23.0,2838
2023-08-24,22.799999237060547,23.200000762939453,22.700000762939453,23.0,6040
2023-08-25,23.0,23.299999237060547,22.799999237060547,23.299999237060547,4359
2023-08-28,23.399999618530273,23.399999618530273,22.799999237060547,23.100000381469727,2568
2023-08-29,23.149999618530273,23.450000762939453,22.899999618530273,23.299999237060547,1826
2023-08-30,23.299999237060547,23.299999237060547,22.850000381469727,23.049999237060547,2181
2023-08-31,23.0,23.100000381469727,22.799999237060547,23.100000381469727,3777
2023-09-01,23.100000381469727,23.100000381469727,22.799999237060547,23.0,1078
2023-09-04,22.950000762939453,23.299999237060547,22.600000381469727,23.100000381469727,14652
2023-09-05,23.200000762939453,23.200000762939453,22.75,23.0,1185
2023-09-06,23.0,23.0,22.649999618530273,22.850000381469727,5495
2023-09-07,22.799999237060547,23.049999237060547,22.649999618530273,23.0,6407
2023-09-08,23.100000381469727,23.75,22.649999618530273,22.700000762939453,35396
2023-09-11,22.700000762939453,23.0,22.549999237060547,22.899999618530273,6817
2023-09-12,22.899999618530273,22.950000762939453,22.700000762939453,22.899999618530273,2122
2023-09-13,22.950000762939453,23.100000381469727,22.799999237060547,23.049999237060547,4892
2023-09-14,23.200000762939453,23.200000762939453,22.799999237060547,23.149999618530273,2128
2023-09-15,23.25,24.649999618530273,22.850000381469727,24.649999618530273,32746
2023-09-18,24.5,24.649999618530273,23.950000762939453,24.649999618530273,118475
2023-09-19,24.799999237060547,24.950000762939453,24.25,24.649999618530273,35384
2023-09-20,24.649999618530273,25.950000762939453,24.299999237060547,25.950000762939453,63197
2023-09-21,25.5,26.149999618530273,25.25,25.399999618530273,12597
2023-09-22,25.200000762939453,25.5,24.799999237060547,25.200000762939453,15545
2023-09-25,24.649999618530273,25.0,24.049999237060547,24.399999618530273,19055
2023-09-26,24.100000381469727,24.600000381469727,24.0,24.299999237060547,6781
2023-09-27,24.5,24.5,23.799999237060547,24.25,15061
2023-09-28,24.399999618530273,24.399999618530273,23.399999618530273,23.649999618530273,10229
2023-09-29,24.0,24.149999618530273,23.700000762939453,24.100000381469727,11453
2023-10-02,24.100000381469727,24.149999618530273,23.600000381469727,24.100000381469727,7560
2023-10-03,24.0,24.899999618530273,24.0,24.75,9040
2023-10-04,24.049999237060547,24.350000381469727,23.850000381469727,24.200000762939453,14809
2023-10-05,24.450000762939453,24.450000762939453,23.950000762939453,24.149999618530273,6904
2023-10-06,24.299999237060547,24.299999237060547,23.799999237060547,24.100000381469727,8035
2023-10-09,24.0,24.399999618530273,23.5,24.399999618530273,6299
2023-10-10,24.100000381469727,24.399999618530273,23.799999237060547,24.25,3497
2023-10-11,24.25,25.950000762939453,24.149999618530273,25.450000762939453,9709
2023-10-12,25.0,25.450000762939453,24.549999237060547,25.0,5984
2023-10-13,25.299999237060547,25.299999237060547,24.399999618530273,24.899999618530273,8375
2023-10-16,24.899999618530273,25.0,24.399999618530273,25.0,3951
2023-10-17,25.0,25.5,24.299999237060547,25.5,10373
2023-10-18,25.450000762939453,25.5,24.600000381469727,25.25,5359
2023-10-19,25.0,25.0,23.899999618530273,24.450000762939453,13729
2023-10-20,24.75,24.799999237060547,24.200000762939453,24.299999237060547,4660
2023-10-23,24.5,24.5,23.600000381469727,24.350000381469727,5461
2023-10-24,24.399999618530273,25.799999237060547,24.100000381469727,25.600000381469727,30602
2023-10-25,25.649999618530273,26.700000762939453,24.950000762939453,26.5,32800
2023-10-26,26.700000762939453,27.600000381469727,26.100000381469727,27.600000381469727,45270
2023-10-27,27.700000762939453,27.700000762939453,26.75,27.149999618530273,9097
2023-10-30,27.049999237060547,27.5,26.549999237060547,27.5,18404
2023-10-31,27.450000762939453,27.5,26.799999237060547,27.350000381469727,6285
2023-11-02,27.450000762939453,27.700000762939453,26.450000762939453,27.5,18458
2023-11-03,27.450000762939453,27.5,26.649999618530273,27.299999237060547,7660
2023-11-06,27.0,27.5,26.799999237060547,27.100000381469727,9236
2023-11-07,27.100000381469727,27.100000381469727,25.700000762939453,27.049999237060547,23018
2023-11-08,26.5,27.0,26.0,26.75,11665
2023-11-09,26.649999618530273,27.25,26.049999237060547,27.25,7831
2023-11-10,27.5,28.0,27.0,28.0,17785
2023-11-13,27.899999618530273,27.899999618530273,27.200000762939453,27.450000762939453,3839
2023-11-14,27.049999237060547,28.0,26.75,28.0,9805
2023-11-15,27.75,27.799999237060547,27.0,27.799999237060547,11551
2023-11-16,27.5,27.5,26.799999237060547,27.399999618530273,8357
2023-11-17,27.5,27.5,26.75,27.299999237060547,7869
2023-11-20,27.299999237060547,27.299999237060547,26.649999618530273,26.850000381469727,4281
2023-11-21,26.799999237060547,26.850000381469727,26.5,26.799999237060547,1191
2023-11-22,26.799999237060547,27.399999618530273,26.799999237060547,27.399999618530273,13919
2023-11-23,27.200000762939453,27.350000381469727,26.799999237060547,27.350000381469727,8749
2023-11-24,27.350000381469727,27.950000762939453,26.950000762939453,27.799999237060547,17860
2023-11-27,27.299999237060547,27.75,26.850000381469727,27.5,27217
2023-11-28,27.5,27.5,26.799999237060547,27.399999618530273,17280
2023-11-29,27.399999618530273,27.399999618530273,26.700000762939453,27.0,23436
2023-11-30,26.950000762939453,27.0,26.149999618530273,26.850000381469727,10237
2023-12-01,26.899999618530273,27.399999618530273,26.399999618530273,26.5,21228
2023-12-04,26.5,26.5,25.100000381469727,26.0,38863
2023-12-05,26.0,26.649999618530273,25.700000762939453,26.0,9666
2023-12-06,26.399999618530273,26.899999618530273,25.950000762939453,26.0,36604
2023-12-07,26.25,26.399999618530273,25.850000381469727,26.200000762939453,8255
2023-12-08,26.100000381469727,26.450000762939453,25.700000762939453,26.200000762939453,11647
2023-12-11,26.25,27.049999237060547,25.799999237060547,26.450000762939453,9206
2023-12-12,26.450000762939453,26.450000762939453,25.649999618530273,26.299999237060547,20495
2023-12-13,26.149999618530273,26.299999237060547,25.649999618530273,26.200000762939453,9761
2023-12-14,26.350000381469727,26.350000381469727,26.0,26.200000762939453,4942
2023-12-15,26.0,26.200000762939453,25.5,25.75,17417
2023-12-18,25.399999618530273,25.549999237060547,25.25,25.399999618530273,11470
2023-12-19,25.200000762939453,25.299999237060547,24.799999237060547,24.899999618530273,18054
2023-12-20,25.0,25.450000762939453,24.799999237060547,25.299999237060547,35333
2023-12-21,25.399999618530273,25.600000381469727,25.049999237060547,25.399999618530273,14204
2023-12-22,25.5,26.100000381469727,25.5,25.700000762939453,43866
2023-12-27,26.200000762939453,26.5,25.799999237060547,25.950000762939453,37313
2023-12-28,26.0,27.799999237060547,25.899999618530273,27.149999618530273,35721
2023-12-29,27.0,27.649999618530273,26.600000381469727,27.600000381469727,26852
2024-01-02,27.899999618530273,28.399999618530273,26.700000762939453,27.399999618530273,20503
2024-01-03,27.399999618530273,27.700000762939453,26.75,27.700000762939453,27046
2024-01-04,27.649999618530273,27.700000762939453,27.399999618530273,27.700000762939453,8989
2024-01-05,27.700000762939453,28.149999618530273,27.299999237060547,27.899999618530273,23775
2024-01-08,27.899999618530273,28.0,27.549999237060547,27.75,13472
2024-01-09,27.700000762939453,27.799999237060547,26.600000381469727,27.200000762939453,19495
2024-01-10,27.5,27.5,26.899999618530273,27.399999618530273,8075
2024-01-11,27.399999618530273,27.5,26.899999618530273,27.049999237060547,10303
2024-01-12,27.25,27.25,26.700000762939453,27.100000381469727,6724
2024-01-15,26.950000762939453,26.950000762939453,26.299999237060547,26.450000762939453,12206
2024-01-16,26.25,26.5,25.799999237060547,26.0,10181
2024-01-17,26.350000381469727,26.350000381469727,25.399999618530273,25.549999237060547,9015
2024-01-18,25.549999237060547,26.399999618530273,25.5,26.0,9059
2024-01-19,26.0,26.399999618530273,25.950000762939453,26.149999618530273,3805
2024-01-22,26.799999237060547,26.899999618530273,26.100000381469727,26.149999618530273,15889
2024-01-23,26.5,26.5,25.700000762939453,25.899999618530273,17187
2024-01-24,25.899999618530273,26.350000381469727,25.899999618530273,26.200000762939453,5068
2024-01-25,26.0,26.700000762939453,25.600000381469727,26.5,2305
2024-01-26,26.5,26.600000381469727,26.0,26.200000762939453,1291
2024-01-29,26.200000762939453,26.850000381469727,26.200000762939453,26.75,10256
2024-01-30,26.799999237060547,26.899999618530273,26.25,26.899999618530273,2105
2024-01-31,26.850000381469727,28.899999618530273,26.850000381469727,28.299999237060547,44137
2024-02-01,26.5,26.799999237060547,21.600000381469727,24.950000762939453,330617
2024-02-02,24.799999237060547,24.799999237060547,23.399999618530273,24.600000381469727,26524
2024-02-05,24.0,24.5,23.700000762939453,24.25,10325
2024-02-06,24.299999237060547,24.299999237060547,23.850000381469727,24.200000762939453,3495
2024-02-07,24.200000762939453,24.200000762939453,24.0,24.100000381469727,5872
2024-02-08,24.100000381469727,24.5,24.0,24.0,8582
2024-02-09,24.0,24.399999618530273,24.0,24.049999237060547,7824
2024-02-12,24.25,24.25,21.950000762939453,23.5,36193
2024-02-13,23.5,24.049999237060547,23.5,23.799999237060547,7342
2024-02-14,23.600000381469727,23.799999237060547,23.0,23.25,2758
2024-02-15,23.649999618530273,23.649999618530273,22.549999237060547,23.0,14003
2024-02-16,23.0,23.399999618530273,22.75,23.0,5833
2024-02-19,22.600000381469727,23.350000381469727,22.600000381469727,23.25,9059
2024-02-20,23.25,23.25,22.700000762939453,23.0,5210
2024-02-21,23.0,23.0,22.600000381469727,22.700000762939453,19144
2024-02-22,22.700000762939453,23.100000381469727,22.5,22.799999237060547,11603
2024-02-23,22.75,22.75,21.75,22.0,38365
2024-02-26,21.799999237060547,21.850000381469727,20.950000762939453,21.600000381469727,30485
2024-02-27,21.549999237060547,23.450000762939453,21.299999237060547,23.450000762939453,14705
2024-02-28,24.0,24.299999237060547,23.0,24.25,15265
2024-02-29,24.399999618530273,25.399999618530273,23.899999618530273,24.5,36662
2024-03-01,24.5,25.200000762939453,23.5,25.200000762939453,23265
2024-03-04,25.200000762939453,25.200000762939453,24.200000762939453,25.100000381469727,9554
2024-03-05,25.149999618530273,25.799999237060547,24.5,25.0,7623
2024-03-06,25.0,25.5,24.5,25.0,14066
2024-03-07,24.850000381469727,24.899999618530273,24.5,24.899999618530273,4048
2024-03-08,24.950000762939453,25.200000762939453,24.549999237060547,24.899999618530273,8055
2024-03-11,24.899999618530273,24.899999618530273,23.75,23.75,2620
2024-03-12,23.899999618530273,25.25,23.75,25.25,31079
2024-03-13,25.25,26.0,24.25,25.149999618530273,15921
2024-03-14,25.200000762939453,26.0,24.549999237060547,25.75,19168
2024-03-15,25.75,26.0,24.850000381469727,26.0,13268
2024-03-18,26.0,26.0,24.799999237060547,24.950000762939453,6887
2024-03-19,24.950000762939453,26.200000762939453,24.950000762939453,26.100000381469727,25828
2024-03-20,26.100000381469727,26.100000381469727,25.5,25.5,3522
2024-03-21,25.950000762939453,25.950000762939453,25.299999237060547,25.299999237060547,2914
2024-03-22,25.350000381469727,25.799999237060547,25.0,25.149999618530273,2462
2024-03-25,25.299999237060547,25.600000381469727,25.0,25.200000762939453,4735
2024-03-26,25.200000762939453,25.200000762939453,24.75,25.0,2067
2024-03-27,25.0,25.0,24.100000381469727,24.450000762939453,2960
2024-03-28,24.450000762939453,24.950000762939453,24.100000381469727,24.700000762939453,4730
2024-04-02,24.600000381469727,24.600000381469727,23.899999618530273,23.899999618530273,15996
2024-04-03,23.899999618530273,24.25,23.799999237060547,24.0,4162
2024-04-04,24.0,24.399999618530273,23.649999618530273,23.950000762939453,2479
2024-04-05,23.799999237060547,24.399999618530273,23.799999237060547,24.100000381469727,4066
2024-04-08,24.399999618530273,24.649999618530273,24.200000762939453,24.200000762939453,2909
2024-04-09,24.200000762939453,24.200000762939453,23.899999618530273,24.200000762939453,796
2024-04-10,24.200000762939453,24.799999237060547,23.799999237060547,23.850000381469727,18123
2024-04-11,23.899999618530273,24.5,23.700000762939453,23.850000381469727,4420
2024-04-12,24.0,24.149999618530273,23.700000762939453,23.899999618530273,4503
2024-04-15,23.700000762939453,24.350000381469727,21.850000381469727,24.149999618530273,16572
2024-04-16,24.049999237060547,24.049999237060547,23.399999618530273,24.049999237060547,13002
2024-04-17,24.049999237060547,24.049999237060547,23.549999237060547,23.950000762939453,2886
2024-04-18,23.950000762939453,23.950000762939453,23.100000381469727,23.299999237060547,7542
2024-04-19,23.299999237060547,23.399999618530273,22.950000762939453,23.350000381469727,9319
2024-04-22,23.0,23.350000381469727,22.299999237060547,22.649999618530273,6689
2024-04-23,22.799999237060547,22.799999237060547,22.0,22.25,6575
2024-04-24,22.25,23.0,22.200000762939453,22.5,7552
2024-04-25,22.149999618530273,22.549999237060547,22.100000381469727,22.5,9090
2024-04-26,22.549999237060547,23.0,22.299999237060547,23.0,6782
2024-04-29,23.0,25.399999618530273,22.649999618530273,25.399999618530273,20180
2024-04-30,25.299999237060547,25.5,24.75,25.100000381469727,14112
2024-05-02,25.0,25.0,24.5,24.549999237060547,1934
2024-05-06,24.5,24.899999618530273,24.149999618530273,24.149999618530273,7530
2024-05-07,24.149999618530273,24.899999618530273,24.149999618530273,24.450000762939453,2283
2024-05-08,24.450000762939453,24.799999237060547,24.25,24.5,2372
2024-05-09,24.5,25.549999237060547,24.5,24.799999237060547,20565
2024-05-10,24.799999237060547,25.350000381469727,24.700000762939453,24.950000762939453,4529
2024-05-13,24.950000762939453,24.950000762939453,24.600000381469727,24.600000381469727,5283
2024-05-14,24.850000381469727,25.200000762939453,24.600000381469727,24.950000762939453,4516
2024-05-15,24.950000762939453,25.0,24.25,24.649999618530273,7509
2024-05-16,24.600000381469727,25.149999618530273,24.399999618530273,25.100000381469727,8589
2024-05-17,25.100000381469727,25.5,25.100000381469727,25.399999618530273,4723
2024-05-20,25.5,25.5,24.850000381469727,25.0,3391
2024-05-21,25.0,25.5,25.0,25.399999618530273,4628
2024-05-22,25.049999237060547,25.299999237060547,25.0,25.200000762939453,2908
2024-05-23,25.200000762939453,25.299999237060547,25.0,25.0,4212
2024-05-24,25.0,25.299999237060547,24.899999618530273,25.100000381469727,5418
2024-05-27,25.100000381469727,25.100000381469727,24.600000381469727,24.899999618530273,463
2024-05-28,25.399999618530273,25.950000762939453,25.049999237060547,25.899999618530273,23317
2024-05-29,26.0,26.700000762939453,25.899999618530273,25.950000762939453,22058
2024-05-31,25.0,26.0,24.0,25.25,32102
2024-06-03,25.049999237060547,25.25,24.100000381469727,24.549999237060547,7635
2024-06-04,24.899999618530273,24.950000762939453,23.100000381469727,23.100000381469727,12787
2024-06-05,22.950000762939453,23.600000381469727,22.950000762939453,23.350000381469727,7214
2024-06-06,23.549999237060547,24.200000762939453,23.350000381469727,24.200000762939453,4319
2024-06-07,24.399999618530273,24.5,23.5,24.049999237060547,337880
2024-06-10,23.950000762939453,24.0,22.700000762939453,23.399999618530273,9314
2024-06-11,23.399999618530273,23.700000762939453,23.0,23.5,7882
2024-06-12,23.399999618530273,23.850000381469727,22.799999237060547,23.850000381469727,6574
2024-06-13,23.850000381469727,24.0,23.200000762939453,23.850000381469727,4837
2024-06-14,23.850000381469727,23.850000381469727,23.299999237060547,23.850000381469727,1817
2024-06-17,23.700000762939453,23.899999618530273,23.0,23.5,4666
2024-06-18,23.5,23.700000762939453,23.149999618530273,23.450000762939453,1755
2024-06-19,23.700000762939453,23.700000762939453,23.0,23.450000762939453,3930
2024-06-20,23.350000381469727,23.399999618530273,23.200000762939453,23.399999618530273,7356
2024-06-21,23.399999618530273,23.399999618530273,23.0,23.100000381469727,7354
2024-06-24,23.100000381469727,23.350000381469727,22.600000381469727,23.0,5525
2024-06-25,23.0,23.0,22.5,22.850000381469727,4084
2024-06-26,22.850000381469727,23.0,22.299999237060547,22.799999237060547,7528
2024-06-27,22.799999237060547,22.950000762939453,22.5,22.950000762939453,3771
2024-06-28,22.549999237060547,22.899999618530273,22.200000762939453,22.200000762939453,7550
2024-07-01,22.200000762939453,22.600000381469727,22.149999618530273,22.350000381469727,3938
2024-07-02,22.149999618530273,22.299999237060547,21.799999237060547,22.100000381469727,6903
2024-07-03,22.100000381469727,22.450000762939453,21.799999237060547,22.399999618530273,3923
2024-07-04,22.350000381469727,22.399999618530273,21.950000762939453,22.299999237060547,1811
2024-07-05,22.299999237060547,23.450000762939453,22.299999237060547,23.450000762939453,15613
2024-07-08,23.5,24.350000381469727,23.0,24.100000381469727,32961
2024-07-09,24.100000381469727,24.100000381469727,23.299999237060547,23.549999237060547,4693
2024-07-10,23.25,23.549999237060547,22.600000381469727,23.200000762939453,3111
2024-07-11,23.200000762939453,24.149999618530273,23.200000762939453,23.450000762939453,6308
2024-07-12,23.450000762939453,23.450000762939453,23.350000381469727,23.450000762939453,3598
2024-07-15,23.100000381469727,23.799999237060547,23.049999237060547,23.299999237060547,2722
2024-07-16,23.5,23.75,22.25,23.25,10105
2024-07-17,23.25,23.25,22.350000381469727,22.799999237060547,1999
2024-07-18,22.799999237060547,22.799999237060547,22.299999237060547,22.600000381469727,6380
2024-07-19,22.850000381469727,22.899999618530273,22.5,22.799999237060547,1147
2024-07-22,22.799999237060547,22.799999237060547,22.299999237060547,22.649999618530273,4260
2024-07-23,22.649999618530273,23.25,22.5,22.899999618530273,4751
2024-07-24,22.950000762939453,22.950000762939453,22.600000381469727,22.899999618530273,673
2024-07-25,23.0,23.0,22.299999237060547,23.0,9034
2024-07-26,23.0,23.0,22.5,22.850000381469727,916
2024-07-29,22.950000762939453,23.149999618530273,22.450000762939453,22.950000762939453,772
2024-07-30,22.899999618530273,23.5,22.899999618530273,23.25,9050
2024-07-31,22.799999237060547,23.0,22.799999237060547,23.0,2207
2024-08-01,23.0,23.0,22.5,22.950000762939453,2310
2024-08-02,22.950000762939453,22.950000762939453,22.100000381469727,22.399999618530273,10067
2024-08-05,21.899999618530273,22.0,21.149999618530273,21.549999237060547,24336
2024-08-06,21.75,22.299999237060547,21.5,21.5,3819
2024-08-07,22.0,22.049999237060547,21.25,21.5,3669
2024-08-08,21.700000762939453,21.700000762939453,21.200000762939453,21.5,3359
2024-08-09,21.5,21.5,21.299999237060547,21.5,7130
2024-08-12,21.700000762939453,22.0,21.5,21.899999618530273,1919
2024-08-13,22.049999237060547,22.049999237060547,21.5,21.899999618530273,2232
2024-08-14,21.899999618530273,21.899999618530273,21.700000762939453,21.899999618530273,8438
2024-08-16,21.899999618530273,22.399999618530273,21.899999618530273,22.299999237060547,8005
2024-08-19,22.299999237060547,23.899999618530273,22.299999237060547,23.25,31804
2024-08-20,23.5,23.899999618530273,23.0,23.600000381469727,8230
2024-08-21,23.600000381469727,23.700000762939453,23.5,23.700000762939453,7873
2024-08-22,23.799999237060547,23.899999618530273,23.049999237060547,23.149999618530273,11695
2024-08-23,23.149999618530273,23.600000381469727,22.700000762939453,23.600000381469727,3802
2024-08-26,23.700000762939453,23.899999618530273,23.549999237060547,23.600000381469727,6037
2024-08-27,23.799999237060547,23.899999618530273,23.700000762939453,23.850000381469727,5392
2024-08-28,23.899999618530273,24.100000381469727,23.700000762939453,23.799999237060547,11682
2024-08-29,23.899999618530273,24.0,23.600000381469727,23.899999618530273,1731
2024-08-30,23.850000381469727,23.850000381469727,23.549999237060547,23.75,3221
2024-09-02,23.75,23.899999618530273,23.25,23.850000381469727,3869
2024-09-03,23.649999618530273,23.850000381469727,23.600000381469727,23.850000381469727,2310
2024-09-04,23.700000762939453,23.850000381469727,23.100000381469727,23.700000762939453,2417
2024-09-05,23.700000762939453,23.700000762939453,23.549999237060547,23.700000762939453,2018
2024-09-06,23.799999237060547,23.799999237060547,23.549999237060547,23.700000762939453,5111
2024-09-09,23.700000762939453,23.700000762939453,23.100000381469727,23.700000762939453,2653
2024-09-10,23.600000381469727,23.600000381469727,23.200000762939453,23.200000762939453,5417
2024-09-11,23.200000762939453,23.600000381469727,22.850000381469727,23.0,4523
2024-09-12,23.549999237060547,23.600000381469727,22.799999237060547,23.450000762939453,6667
2024-09-13,23.399999618530273,23.399999618530273,23.049999237060547,23.200000762939453,9264
2024-09-16,23.200000762939453,23.299999237060547,22.700000762939453,22.950000762939453,2708
2024-09-17,22.399999618530273,23.299999237060547,22.399999618530273,23.299999237060547,3695
2024-09-18,23.350000381469727,23.350000381469727,22.600000381469727,23.350000381469727,19705
2024-09-19,23.299999237060547,23.299999237060547,22.549999237060547,23.100000381469727,7815
2024-09-20,23.049999237060547,23.350000381469727,23.049999237060547,23.350000381469727,32657
2024-09-23,23.25,23.25,21.149999618530273,22.100000381469727,19604
2024-09-24,22.100000381469727,22.100000381469727,20.700000762939453,21.950000762939453,16010
2024-09-25,21.950000762939453,21.950000762939453,20.200000762939453,20.899999618530273,34022
2024-09-26,20.899999618530273,21.149999618530273,20.200000762939453,21.0,11103
2024-09-27,21.0,21.5,20.649999618530273,21.5,21893
2024-09-30,20.799999237060547,22.149999618530273,20.75,22.149999618530273,11014
2024-10-01,22.049999237060547,23.399999618530273,22.0,23.200000762939453,18473
2024-10-02,23.399999618530273,23.850000381469727,23.350000381469727,23.5,14147
2024-10-03,23.5,24.399999618530273,23.200000762939453,24.0,26751
2024-10-04,24.0,24.700000762939453,21.850000381469727,22.799999237060547,54581
2024-10-07,26.0,28.0,25.049999237060547,26.0,268393
2024-10-08,26.0,26.200000762939453,24.25,24.5,111060
2024-10-09,24.100000381469727,25.100000381469727,23.399999618530273,25.0,54053
2024-10-10,24.399999618530273,25.0,24.25,24.899999618530273,9371
2024-10-11,25.0,25.899999618530273,24.5,25.399999618530273,40394
2024-10-14,25.0,25.100000381469727,24.549999237060547,24.950000762939453,22549
2024-10-15,24.950000762939453,25.25,24.75,24.899999618530273,40299
2024-10-16,24.950000762939453,24.950000762939453,24.700000762939453,24.799999237060547,14314
2024-10-17,24.700000762939453,25.899999618530273,24.399999618530273,25.700000762939453,69651
2024-10-18,25.899999618530273,27.5,25.299999237060547,25.299999237060547,145632
2024-10-21,26.0,26.0,25.049999237060547,25.5,23172
2024-10-22,25.5,25.799999237060547,25.100000381469727,25.399999618530273,5500
2024-10-23,25.350000381469727,25.399999618530273,24.5,24.899999618530273,26576
2024-10-24,24.649999618530273,24.950000762939453,24.450000762939453,24.899999618530273,7515
2024-10-25,24.700000762939453,24.899999618530273,24.350000381469727,24.899999618530273,12891
2024-10-28,24.899999618530273,24.950000762939453,24.5,24.899999618530273,5111
2024-10-29,24.799999237060547,24.950000762939453,24.75,24.950000762939453,11123
2024-10-30,24.899999618530273,24.950000762939453,23.799999237060547,24.25,28394
2024-10-31,24.399999618530273,24.399999618530273,23.600000381469727,24.0,7113
2024-11-04,23.75,24.450000762939453,22.700000762939453,24.399999618530273,19221
2024-11-05,24.399999618530273,24.600000381469727,23.5,24.350000381469727,4938
2024-11-06,24.350000381469727,24.450000762939453,23.700000762939453,24.200000762939453,4552
2024-11-07,24.0,24.5,23.799999237060547,24.450000762939453,8565
2024-11-08,24.399999618530273,24.399999618530273,23.25,23.700000762939453,12059
2024-11-12,23.700000762939453,24.299999237060547,23.600000381469727,23.850000381469727,6668
2024-11-13,23.799999237060547,24.0,23.450000762939453,23.649999618530273,15050
2024-11-14,23.5,23.850000381469727,23.049999237060547,23.450000762939453,4326
2024-11-15,23.600000381469727,23.649999618530273,22.850000381469727,23.299999237060547,5623
2024-11-18,23.200000762939453,23.399999618530273,22.5,23.0,26072
2024-11-19,23.0,23.0,21.25,22.450000762939453,29146
2024-11-20,22.450000762939453,22.899999618530273,22.200000762939453,22.600000381469727,6298
2024-11-21,22.399999618530273,22.600000381469727,21.649999618530273,22.5,6021
2024-11-22,22.100000381469727,23.0,22.100000381469727,23.0,5225
2024-11-25,23.0,23.149999618530273,22.649999618530273,22.950000762939453,5944
2024-11-26,23.149999618530273,23.399999618530273,22.950000762939453,23.25,9561
2024-11-27,23.299999237060547,23.299999237060547,22.600000381469727,23.100000381469727,3538
2024-11-28,23.100000381469727,23.25,22.600000381469727,22.600000381469727,3460
2024-11-29,22.899999618530273,23.299999237060547,22.75,23.0,5835
2024-12-02,23.0,24.0,23.0,23.600000381469727,9938
2024-12-03,23.5,23.5,22.549999237060547,22.899999618530273,18790
2024-12-04,22.950000762939453,24.299999237060547,22.5,23.899999618530273,26584
2024-12-05,23.649999618530273,23.649999618530273,22.799999237060547,23.049999237060547,18452
2024-12-06,23.25,23.299999237060547,22.75,23.149999618530273,12902
2024-12-09,23.149999618530273,23.149999618530273,22.700000762939453,23.100000381469727,7378
2024-12-10,23.049999237060547,23.049999237060547,22.700000762939453,23.0,4880
2024-12-11,23.0,23.200000762939453,22.5,23.200000762939453,8842
2024-12-12,23.0,23.200000762939453,22.850000381469727,23.049999237060547,28279
2024-12-13,23.049999237060547,23.100000381469727,22.600000381469727,23.0,7491
2024-12-16,23.0,23.100000381469727,22.600000381469727,22.950000762939453,13310
2024-12-17,22.75,23.0,22.600000381469727,22.799999237060547,11595
2024-12-18,22.75,22.850000381469727,22.600000381469727,22.850000381469727,4535
2024-12-19,22.549999237060547,22.850000381469727,22.200000762939453,22.850000381469727,9548
2024-12-20,22.850000381469727,23.200000762939453,22.299999237060547,23.200000762939453,21418
2024-12-23,23.200000762939453,24.0,22.899999618530273,23.899999618530273,42715
2024-12-27,23.600000381469727,25.0,23.600000381469727,24.799999237060547,44070
2024-12-30,24.799999237060547,25.700000762939453,24.649999618530273,25.399999618530273,98352
2025-01-02,25.0,25.399999618530273,24.700000762939453,25.0,21922
2025-01-03,25.100000381469727,25.5,24.799999237060547,25.25,11226
2025-01-07,25.100000381469727,25.299999237060547,24.700000762939453,24.700000762939453,15891
2025-01-08,24.700000762939453,24.799999237060547,24.5,24.75,3551
2025-01-09,24.75,24.75,24.200000762939453,24.700000762939453,4717
2025-01-10,24.5,24.899999618530273,24.25,24.850000381469727,5461
2025-01-13,24.899999618530273,25.0,24.25,25.0,5158
2025-01-14,24.950000762939453,25.0,24.350000381469727,24.899999618530273,6732
2025-01-15,24.649999618530273,25.0,24.600000381469727,24.950000762939453,4300
2025-01-16,24.950000762939453,24.950000762939453,24.649999618530273,24.950000762939453,5803
2025-01-17,24.950000762939453,24.950000762939453,24.549999237060547,24.899999618530273,7323
2025-01-20,24.899999618530273,24.950000762939453,24.0,24.450000762939453,21254
2025-01-21,24.450000762939453,24.75,24.049999237060547,24.700000762939453,4889
2025-01-22,24.850000381469727,25.0,24.399999618530273,24.700000762939453,7154
2025-01-23,24.75,24.799999237060547,24.299999237060547,24.649999618530273,9392
2025-01-24,24.799999237060547,24.850000381469727,24.450000762939453,24.850000381469727,12514
2025-01-27,24.799999237060547,24.799999237060547,23.899999618530273,24.450000762939453,11590
2025-01-28,24.600000381469727,24.700000762939453,24.100000381469727,24.700000762939453,12319
2025-01-29,24.799999237060547,26.0,24.700000762939453,25.350000381469727,64619
2025-01-30,25.350000381469727,25.600000381469727,25.25,25.399999618530273,13008
2025-01-31,25.399999618530273,25.5,25.0,25.399999618530273,8681
2025-02-03,25.0,25.450000762939453,24.799999237060547,25.299999237060547,39618
2025-02-04,25.5,26.850000381469727,25.299999237060547,25.649999618530273,39474
2025-02-05,25.649999618530273,26.700000762939453,25.649999618530273,26.450000762939453,55154
2025-02-06,26.5,27.5,26.399999618530273,27.450000762939453,45987
2025-02-07,27.450000762939453,29.0,26.799999237060547,28.649999618530273,42977
2025-02-10,28.700000762939453,29.399999618530273,28.0,28.049999237060547,55899
2025-02-11,28.0,29.0,28.0,29.0,32830
2025-02-12,29.0,29.950000762939453,29.0,29.799999237060547,39429
2025-02-13,29.700000762939453,29.700000762939453,28.899999618530273,29.200000762939453,25851
2025-02-14,29.450000762939453,29.799999237060547,29.100000381469727,29.799999237060547,28361
2025-02-17,29.600000381469727,29.799999237060547,29.299999237060547,29.799999237060547,9959
2025-02-18,29.75,29.75,28.950000762939453,29.600000381469727,31613
2025-02-19,29.200000762939453,29.649999618530273,29.049999237060547,29.149999618530273,22890
2025-02-20,29.100000381469727,29.799999237060547,29.100000381469727,29.75,17594
2025-02-21,29.200000762939453,29.799999237060547,29.200000762939453,29.700000762939453,15500
2025-02-24,29.549999237060547,29.600000381469727,29.200000762939453,29.5,9338
2025-02-25,29.0,30.799999237060547,29.0,30.5,103728
2025-02-26,30.799999237060547,31.0,30.350000381469727,30.549999237060547,26045
2025-02-27,30.399999618530273,30.5,30.25,30.399999618530273,15387
2025-02-28,30.399999618530273,30.600000381469727,30.0,30.600000381469727,9030
2025-03-03,30.5,30.5,29.200000762939453,29.950000762939453,24816
2025-03-04,29.5,29.850000381469727,29.299999237060547,29.700000762939453,11377
2025-03-05,29.700000762939453,30.100000381469727,29.450000762939453,29.950000762939453,18539
2025-03-06,30.100000381469727,30.200000762939453,29.25,30.200000762939453,6140
2025-03-07,30.100000381469727,30.200000762939453,29.549999237060547,30.100000381469727,13712
2025-03-10,30.700000762939453,31.350000381469727,30.049999237060547,30.5,37507
2025-03-11,30.450000762939453,30.450000762939453,29.75,30.0,11517
2025-03-12,30.0,30.149999618530273,29.549999237060547,29.950000762939453,5304
2025-03-13,29.950000762939453,30.0,29.149999618530273,29.899999618530273,14440
2025-03-14,30.0,30.5,29.899999618530273,30.0,41242
2025-03-17,30.0,30.0,29.549999237060547,30.0,4125
2025-03-18,30.0,30.100000381469727,29.600000381469727,29.600000381469727,7315
2025-03-19,29.649999618530273,30.049999237060547,29.5,30.0,30873
2025-03-20,30.0,30.899999618530273,30.0,30.799999237060547,32230
2025-03-21,30.899999618530273,31.0,29.600000381469727,30.100000381469727,22408
2025-03-24,30.100000381469727,30.399999618530273,29.799999237060547,30.149999618530273,7985
2025-03-25,30.149999618530273,30.149999618530273,29.649999618530273,29.950000762939453,5479
2025-03-26,29.950000762939453,29.950000762939453,29.700000762939453,29.899999618530273,5514
2025-03-27,29.799999237060547,30.0,29.649999618530273,29.950000762939453,16224
2025-03-28,29.950000762939453,30.0,29.649999618530273,29.649999618530273,7117
2025-03-31,29.799999237060547,30.0,29.049999237060547,29.450000762939453,15419
2025-04-01,28.700000762939453,29.399999618530273,28.200000762939453,28.5,34396
2025-04-02,28.5,28.950000762939453,28.450000762939453,28.700000762939453,13223
2025-04-03,28.5,28.700000762939453,27.700000762939453,28.649999618530273,23578
2025-04-04,28.049999237060547,28.600000381469727,26.450000762939453,27.200000762939453,35805
2025-04-07,25.75,26.799999237060547,25.200000762939453,26.700000762939453,33507
2025-04-08,26.799999237060547,28.0,26.600000381469727,27.399999618530273,22157
2025-04-09,26.799999237060547,26.950000762939453,25.700000762939453,26.700000762939453,12742
2025-04-10,27.899999618530273,28.700000762939453,26.549999237060547,27.399999618530273,19958
2025-04-11,27.899999618530273,29.0,27.149999618530273,28.450000762939453,27485
2025-04-14,28.200000762939453,29.0,28.049999237060547,28.950000762939453,15660
2025-04-15,29.0,29.5,27.399999618530273,28.649999618530273,19641
2025-04-16,29.049999237060547,29.200000762939453,27.649999618530273,28.399999618530273,4977
2025-04-17,29.0,29.700000762939453,28.299999237060547,29.700000762939453,17949
2025-04-22,29.700000762939453,29.899999618530273,29.450000762939453,29.899999618530273,14864
2025-04-23,29.899999618530273,30.0,29.700000762939453,30.0,11805
2025-04-24,30.0,30.0,29.200000762939453,29.950000762939453,12297
2025-04-25,29.549999237060547,30.5,29.549999237060547,30.399999618530273,38052
2025-04-28,30.200000762939453,31.049999237060547,30.200000762939453,31.0,54098
2025-04-29,31.049999237060547,31.100000381469727,30.399999618530273,31.0,13928
2025-04-30,30.950000762939453,31.799999237060547,30.0,31.299999237060547,92614
2025-05-02,31.200000762939453,31.5,30.5,30.850000381469727,5787
2025-05-05,30.700000762939453,31.0,30.049999237060547,31.0,10120
2025-05-06,31.25,31.25,30.5,30.899999618530273,4744
2025-05-07,30.75,30.75,30.100000381469727,30.25,35259
2025-05-08,30.5,30.5,30.0,30.299999237060547,13660
2025-05-09,30.149999618530273,30.450000762939453,29.549999237060547,30.25,20536
2025-05-12,30.0,30.25,29.799999237060547,29.950000762939453,6053
2025-05-13,29.950000762939453,30.700000762939453,29.600000381469727,30.600000381469727,6327
2025-05-14,30.200000762939453,30.549999237060547,29.649999618530273,30.200000762939453,11014
2025-05-15,30.200000762939453,30.200000762939453,29.5,29.75,5852
2025-05-16,29.700000762939453,29.950000762939453,29.25,29.799999237060547,3957
2025-05-19,29.399999618530273,29.75,29.299999237060547,29.5,4152
2025-05-20,29.350000381469727,29.850000381469727,29.299999237060547,29.850000381469727,2086
2025-05-21,29.600000381469727,29.950000762939453,29.399999618530273,29.600000381469727,2159
2025-05-22,29.5,29.850000381469727,29.399999618530273,29.450000762939453,1940
2025-05-23,29.5,29.75,29.0,29.450000762939453,4237
2025-05-26,29.200000762939453,30.0,29.0,29.950000762939453,8422
2025-05-27,29.850000381469727,30.0,29.600000381469727,29.950000762939453,7959
2025-05-28,30.0,30.0,29.149999618530273,29.549999237060547,8887
2025-05-29,29.549999237060547,29.899999618530273,29.25,29.75,4739
2025-05-30,29.0,29.450000762939453,28.100000381469727,29.299999237060547,21166
2025-06-02,29.0,29.299999237060547,28.700000762939453,28.950000762939453,5715
2025-06-03,28.700000762939453,29.549999237060547,28.200000762939453,29.399999618530273,13095
2025-06-04,28.799999237060547,29.299999237060547,28.0,29.100000381469727,12504
2025-06-05,29.100000381469727,29.5,28.5,29.299999237060547,5453
2025-06-06,29.299999237060547,29.399999618530273,28.600000381469727,29.299999237060547,10708
2025-06-09,29.5,29.899999618530273,29.0,29.049999237060547,11800
2025-06-10,29.049999237060547,29.100000381469727,28.549999237060547,29.0,6304
2025-06-11,28.600000381469727,29.100000381469727,28.600000381469727,29.0,8063
2025-06-12,29.0,29.950000762939453,28.700000762939453,29.799999237060547,21050
2025-06-13,29.799999237060547,29.850000381469727,29.149999618530273,29.649999618530273,21195
2025-06-16,29.799999237060547,29.850000381469727,29.350000381469727,29.600000381469727,2483
2025-06-17,29.700000762939453,29.799999237060547,28.600000381469727,29.149999618530273,13211
2025-06-18,29.200000762939453,29.200000762939453,28.600000381469727,28.850000381469727,2824
2025-06-20,28.850000381469727,29.399999618530273,28.75,29.399999618530273,8879
2025-06-23,28.799999237060547,29.649999618530273,28.799999237060547,29.399999618530273,7148
2025-06-24,29.5,29.649999618530273,28.700000762939453,29.25,9010
2025-06-25,29.399999618530273,29.399999618530273,29.0,29.149999618530273,2288
2025-06-26,29.149999618530273,29.5,28.799999237060547,28.799999237060547,5749
2025-06-27,29.149999618530273,29.25,28.700000762939453,29.25,4914
2025-06-30,29.399999618530273,29.399999618530273,27.75,28.549999237060547,23046
2025-07-01,28.5,28.799999237060547,27.850000381469727,27.850000381469727,8785
2025-07-02,27.850000381469727,29.299999237060547,27.75,28.600000381469727,14616
2025-07-03,28.600000381469727,29.0,28.5,28.899999618530273,9116
2025-07-04,28.950000762939453,29.399999618530273,28.649999618530273,29.350000381469727,13521
2025-07-07,29.299999237060547,29.899999618530273,29.149999618530273,29.899999618530273,17172
2025-07-08,29.899999618530273,30.200000762939453,29.649999618530273,30.049999237060547,11973
2025-07-09,29.799999237060547,30.0,29.25,30.0,8597
2025-07-10,30.0,31.950000762939453,29.950000762939453,31.649999618530273,93736
2025-07-11,31.75,33.5,31.75,32.599998474121094,34250
2025-07-14,32.349998474121094,33.95000076293945,31.799999237060547,33.0,49047
2025-07-15,33.54999923706055,33.54999923706055,32.5,32.75,8103
2025-07-16,32.900001525878906,33.349998474121094,32.5,33.150001525878906,9165
2025-07-17,33.150001525878906,33.5,32.5,33.5,21663
2025-07-18,33.29999923706055,33.599998474121094,32.650001525878906,33.150001525878906,7402
2025-07-21,33.150001525878906,33.20000076293945,32.0,32.45000076293945,30352
2025-07-22,32.45000076293945,32.5,31.350000381469727,31.850000381469727,25199
2025-07-23,32.25,32.70000076293945,31.899999618530273,32.599998474121094,18615
2025-07-24,32.20000076293945,32.75,31.899999618530273,32.349998474121094,9435
2025-07-25,32.20000076293945,32.599998474121094,31.799999237060547,32.54999923706055,7112
2025-07-28,32.25,32.70000076293945,31.950000762939453,32.0,15759
2025-07-29,32.0,32.0,29.5,29.799999237060547,60982
2025-07-30,29.799999237060547,30.649999618530273,29.399999618530273,29.399999618530273,22631
2025-07-31,29.600000381469727,31.399999618530273,29.549999237060547,31.299999237060547,28917
2025-08-01,31.75,31.850000381469727,30.600000381469727,30.899999618530273,20896
2025-08-04,30.700000762939453,30.700000762939453,29.399999618530273,30.0,30121
2025-08-05,30.049999237060547,30.299999237060547,29.5,29.5,25319
2025-08-06,29.649999618530273,31.5,29.450000762939453,30.850000381469727,16946
2025-08-07,31.299999237060547,31.299999237060547,30.200000762939453,30.649999618530273,5546
2025-08-08,30.450000762939453,31.0,29.75,30.649999618530273,8330
2025-08-11,30.649999618530273,30.649999618530273,29.5,29.850000381469727,12110
2025-08-12,29.700000762939453,29.850000381469727,28.799999237060547,29.100000381469727,16104
2025-08-13,29.100000381469727,29.350000381469727,28.25,28.950000762939453,14055
2025-08-14,28.950000762939453,29.450000762939453,28.399999618530273,29.0,12435
2025-08-18,29.200000762939453,29.5,28.75,29.299999237060547,11007
2025-08-19,29.5,29.600000381469727,27.75,28.549999237060547,22865
2025-08-20,28.299999237060547,29.899999618530273,28.149999618530273,29.0,22738
2025-08-21,29.399999618530273,29.700000762939453,29.049999237060547,29.299999237060547,5416
2025-08-22,29.399999618530273,29.399999618530273,28.200000762939453,28.799999237060547,13439
2025-08-25,28.799999237060547,28.799999237060547,27.450000762939453,27.850000381469727,15572
2025-08-26,27.899999618530273,28.549999237060547,26.049999237060547,26.700000762939453,40460
2025-08-27,26.799999237060547,27.700000762939453,26.5,27.25,45829
2025-08-28,27.25,27.950000762939453,26.950000762939453,27.0,18820
2025-08-29,27.200000762939453,27.5,26.799999237060547,26.899999618530273,16997
2025-09-01,27.0,27.850000381469727,26.700000762939453,27.75,38760
2025-09-02,27.799999237060547,28.399999618530273,27.450000762939453,27.450000762939453,20570
2025-09-03,27.850000381469727,29.549999237060547,26.049999237060547,26.700000762939453,107630
2025-09-04,27.200000762939453,28.200000762939453,27.149999618530273,27.799999237060547,41133
2025-09-05,27.799999237060547,27.799999237060547,26.25,26.600000381469727,30702
2025-09-08,25.0,26.299999237060547,24.0,24.799999237060547,86407
2025-09-09,24.950000762939453,25.600000381469727,23.899999618530273,25.5,66838
2025-09-10,25.299999237060547,25.299999237060547,24.149999618530273,25.0,28617
2025-09-11,25.0,26.0,24.600000381469727,25.899999618530273,24289
2025-09-12,25.649999618530273,25.799999237060547,25.149999618530273,25.350000381469727,13321
2025-09-15,25.450000762939453,25.649999618530273,24.200000762939453,24.649999618530273,38005
2025-09-16,24.649999618530273,25.0,24.100000381469727,24.799999237060547,13475
2025-09-17,24.799999237060547,24.799999237060547,24.299999237060547,24.399999618530273,6794
2025-09-18,24.299999237060547,24.700000762939453,24.200000762939453,24.600000381469727,8632
2025-09-19,24.549999237060547,25.799999237060547,24.399999618530273,25.799999237060547,16703
2025-09-22,25.549999237060547,25.799999237060547,24.950000762939453,24.950000762939453,15270
2025-09-23,25.0,25.5,24.5,25.0,10130
2025-09-24,24.5,25.0,24.5,24.799999237060547,7448
2025-09-25,24.799999237060547,24.799999237060547,24.100000381469727,24.450000762939453,7704
2025-09-26,24.5,24.799999237060547,23.600000381469727,24.75,14041
2025-09-29,24.75,24.850000381469727,23.899999618530273,24.700000762939453,10767
2025-09-30,24.850000381469727,25.5,24.5,24.899999618530273,17058
2025-10-01,24.950000762939453,26.299999237060547,24.850000381469727,26.0,26225
2025-10-02,26.200000762939453,26.200000762939453,25.5,25.899999618530273,7264
2025-10-03,25.899999618530273,25.899999618530273,25.399999618530273,25.899999618530273,5196
2025-10-06,25.350000381469727,25.899999618530273,24.799999237060547,25.0,29914
2025-10-07,25.299999237060547,25.600000381469727,24.75,24.950000762939453,14355
2025-10-08,25.149999618530273,25.799999237060547,24.899999618530273,25.399999618530273,5617
2025-10-09,25.950000762939453,26.25,25.5,26.0,19631
2025-10-10,26.149999618530273,26.5,25.450000762939453,26.399999618530273,12952
2025-10-13,25.700000762939453,26.5,25.100000381469727,25.950000762939453,19406
2025-10-14,25.5,25.899999618530273,24.799999237060547,25.649999618530273,12911
2025-10-15,25.600000381469727,25.799999237060547,25.149999618530273,25.799999237060547,9009
2025-10-16,25.799999237060547,26.100000381469727,25.0,25.75,10108
2025-10-17,25.75,25.75,25.049999237060547,25.600000381469727,5337
2025-10-20,25.100000381469727,25.549999237060547,25.100000381469727,25.549999237060547,3149
2025-10-21,26.100000381469727,26.350000381469727,25.25,25.799999237060547,12729
2025-10-22,25.700000762939453,25.899999618530273,25.299999237060547,25.799999237060547,5859
2025-10-23,25.799999237060547,26.100000381469727,25.450000762939453,25.75,13894
2025-10-24,26.350000381469727,26.450000762939453,25.299999237060547,25.649999618530273,17154
2025-10-27,25.649999618530273,25.899999618530273,25.200000762939453,25.700000762939453,9535
2025-10-28,25.950000762939453,25.950000762939453,25.399999618530273,25.75,5165
2025-10-29,26.0,26.0,25.350000381469727,25.649999618530273,6126
2025-10-30,25.200000762939453,25.799999237060547,25.200000762939453,25.600000381469727,7887
2025-10-31,25.850000381469727,25.850000381469727,25.600000381469727,25.799999237060547,12671
2025-11-03,26.25,26.25,25.399999618530273,25.799999237060547,9069
2025-11-04,25.899999618530273,25.950000762939453,25.25,25.600000381469727,5123
2025-11-05,25.600000381469727,25.700000762939453,25.299999237060547,25.700000762939453,5286
2025-11-06,25.75,25.75,25.350000381469727,25.700000762939453,6354
2025-11-07,25.700000762939453,25.700000762939453,25.0,25.600000381469727,9459
2025-11-10,25.600000381469727,25.799999237060547,25.350000381469727,25.5,5082
2025-11-12,25.399999618530273,25.700000762939453,25.0,25.399999618530273,11009
2025-11-13,25.25,25.549999237060547,25.0,25.299999237060547,6685
2025-11-14,25.0,25.350000381469727,24.649999618530273,25.200000762939453,5130
2025-11-17,25.200000762939453,25.200000762939453,24.700000762939453,25.0,4109
2025-11-18,24.700000762939453,24.899999618530273,23.700000762939453,24.600000381469727,10495
2025-11-19,24.149999618530273,24.700000762939453,23.850000381469727,23.850000381469727,8141
2025-11-20,23.899999618530273,24.200000762939453,23.799999237060547,24.100000381469727,7880
2025-11-21,24.100000381469727,24.100000381469727,23.100000381469727,23.350000381469727,16724
2025-11-24,23.299999237060547,23.700000762939453,22.600000381469727,23.25,15210
2025-11-25,23.25,23.75,22.899999618530273,23.700000762939453,5143
2025-11-26,23.75,24.700000762939453,23.149999618530273,24.700000762939453,8483
2025-11-27,24.899999618530273,24.899999618530273,24.299999237060547,24.899999618530273,12825
2025-11-28,25.399999618530273,25.850000381469727,24.100000381469727,24.950000762939453,53725
2025-12-01,25.049999237060547,25.149999618530273,24.700000762939453,25.100000381469727,8130
2025-12-02,25.0,26.0,24.899999618530273,26.0,15075
2025-12-03,26.100000381469727,27.5,26.049999237060547,27.399999618530273,39317
2025-12-04,27.399999618530273,28.25,26.799999237060547,27.950000762939453,45413
2025-12-05,28.100000381469727,28.5,27.25,27.600000381469727,17846
2025-12-08,27.600000381469727,27.649999618530273,27.0,27.049999237060547,13577
2025-12-09,27.299999237060547,27.299999237060547,25.350000381469727,26.049999237060547,31718
2025-12-10,26.049999237060547,26.299999237060547,25.149999618530273,25.5,11898
2025-12-11,25.600000381469727,25.799999237060547,25.049999237060547,25.399999618530273,12721
2025-12-12,25.399999618530273,25.399999618530273,24.450000762939453,24.799999237060547,19780
2025-12-15,25.0,25.0,23.549999237060547,24.450000762939453,44535
2025-12-16,24.200000762939453,24.200000762939453,23.299999237060547,23.399999618530273,29711
2025-12-17,23.600000381469727,24.149999618530273,23.450000762939453,23.899999618530273,14499
2025-12-18,24.299999237060547,24.399999618530273,23.600000381469727,23.799999237060547,13457
2025-12-19,24.049999237060547,24.100000381469727,23.299999237060547,23.299999237060547,10693
2025-12-22,23.5,23.600000381469727,23.0,23.5,27705
2025-12-23,23.5,25.0,23.149999618530273,24.75,39235
2025-12-29,24.5,25.0,23.799999237060547,24.700000762939453,13659
2025-12-30,24.899999618530273,24.899999618530273,23.950000762939453,24.350000381469727,11843
2026-01-02,24.350000381469727,24.75,23.5,24.600000381469727,19835
2026-01-05,24.950000762939453,25.149999618530273,24.350000381469727,24.950000762939453,12857
2026-01-07,24.950000762939453,25.5,24.0,25.299999237060547,25397
2026-01-08,25.399999618530273,25.700000762939453,24.299999237060547,25.0,14168
2026-01-09,25.0,25.200000762939453,24.649999618530273,25.200000762939453,13690
2026-01-12,25.200000762939453,25.600000381469727,25.0,25.299999237060547,27519
2026-01-13,25.299999237060547,25.299999237060547,24.649999618530273,24.899999618530273,18913
2026-01-14,24.950000762939453,25.0,24.5,24.700000762939453,8950
2026-01-15,24.799999237060547,25.299999237060547,24.549999237060547,24.75,17221
2026-01-16,24.75,25.299999237060547,24.5,24.799999237060547,15142
2026-01-19,24.600000381469727,24.950000762939453,24.25,24.850000381469727,5399
2026-01-20,24.850000381469727,25.0,24.399999618530273,24.549999237060547,22937
2026-01-21,24.899999618530273,24.950000762939453,24.5,24.799999237060547,12219
2026-01-22,24.850000381469727,24.950000762939453,24.600000381469727,24.799999237060547,12549
2026-01-23,24.799999237060547,24.950000762939453,24.649999618530273,24.899999618530273,6034
2026-01-26,25.0,25.450000762939453,24.75,24.799999237060547,11989
2026-01-27,24.899999618530273,24.899999618530273,24.5,24.700000762939453,14445
2026-01-28,25.549999237060547,25.549999237060547,24.649999618530273,24.950000762939453,18267
2026-01-29,24.950000762939453,25.299999237060547,24.799999237060547,25.100000381469727,32073
2026-01-30,25.100000381469727,25.399999618530273,24.5,25.0,17970
2026-02-02,24.649999618530273,25.350000381469727,24.100000381469727,24.850000381469727,16460
2026-02-03,24.850000381469727,25.0,24.299999237060547,24.75,16933
2026-02-04,24.75,24.850000381469727,24.5,24.600000381469727,3565
2026-02-05,24.649999618530273,24.700000762939453,23.950000762939453,24.399999618530273,13293
2026-02-06,24.5,24.600000381469727,23.950000762939453,24.5,5648
2026-02-09,24.5,24.700000762939453,24.049999237060547,24.049999237060547,15400
2026-02-10,24.149999618530273,24.350000381469727,23.799999237060547,23.950000762939453,17579
2026-02-11,24.0,24.25,23.850000381469727,24.049999237060547,25560
2026-02-12,24.0,24.299999237060547,23.899999618530273,24.049999237060547,7353
2026-02-13,24.100000381469727,24.25,23.799999237060547,23.899999618530273,17914
2026-02-16,23.299999237060547,23.899999618530273,23.25,23.399999618530273,18322
2026-02-17,23.399999618530273,23.399999618530273,23.0,23.149999618530273,18304
2026-02-18,23.149999618530273,23.399999618530273,22.799999237060547,23.049999237060547,15121
2026-02-19,23.100000381469727,23.399999618530273,23.0,23.399999618530273,14343
2026-02-20,23.399999618530273,23.399999618530273,23.0,23.200000762939453,6820
2026-02-23,23.0,23.299999237060547,22.799999237060547,23.100000381469727,6053
2026-02-24,23.100000381469727,23.149999618530273,22.299999237060547,22.799999237060547,10198
2026-02-25,22.799999237060547,23.149999618530273,22.649999618530273,22.899999618530273,2557
2026-02-26,23.100000381469727,23.100000381469727,22.5,22.899999618530273,4265
2026-02-27,22.899999618530273,23.049999237060547,22.600000381469727,23.0,2614
2026-03-02,22.899999618530273,24.399999618530273,22.899999618530273,23.899999618530273,42009
2026-03-03,23.950000762939453,24.0,23.049999237060547,23.5,16711
2026-03-04,23.5,24.399999618530273,23.5,24.350000381469727,18663
2026-03-05,24.399999618530273,24.450000762939453,23.700000762939453,24.399999618530273,13870
2026-03-06,24.149999618530273,24.75,24.0,24.549999237060547,13942
2026-03-09,24.200000762939453,24.549999237060547,23.899999618530273,24.5,9881
2026-03-10,24.75,25.450000762939453,24.350000381469727,25.450000762939453,33715
2026-03-11,25.5,25.899999618530273,25.149999618530273,25.5,21708
2026-03-12,25.549999237060547,25.600000381469727,25.0,25.25,8860
2026-03-13,25.25,25.700000762939453,25.0,25.5,5216
2026-03-16,25.5,25.5,24.799999237060547,25.0,6546
2026-03-17,25.0,25.0,24.149999618530273,24.850000381469727,15773
2026-03-18,24.899999618530273,25.0,23.850000381469727,24.200000762939453,19436
2026-03-19,24.600000381469727,24.600000381469727,23.75,24.200000762939453,9302
2026-03-20,24.049999237060547,24.700000762939453,23.75,24.25,9094
2026-03-23,23.899999618530273,24.149999618530273,22.649999618530273,24.149999618530273,15428
2026-03-24,24.350000381469727,24.350000381469727,23.399999618530273,24.25,6413
2026-03-25,23.799999237060547,24.549999237060547,23.799999237060547,24.5,7145
2026-03-26,24.600000381469727,24.700000762939453,24.0,24.450000762939453,3584
2026-03-27,24.399999618530273,24.399999618530273,23.200000762939453,23.899999618530273,12244
2026-03-30,23.899999618530273,23.899999618530273,23.25,23.75,3081
2026-03-31,23.700000762939453,23.950000762939453,23.299999237060547,23.799999237060547,4230
2026-04-01,23.799999237060547,24.350000381469727,23.549999237060547,24.100000381469727,3399
2026-04-02,24.100000381469727,24.100000381469727,23.600000381469727,23.799999237060547,3353
2026-04-07,23.299999237060547,23.799999237060547,23.299999237060547,23.649999618530273,5202
2026-04-08,23.75,24.200000762939453,23.600000381469727,24.149999618530273,10664
2026-04-09,24.149999618530273,24.149999618530273,23.600000381469727,24.0,11489
2026-04-10,24.0,24.5,23.75,24.299999237060547,3926
2026-04-13,24.200000762939453,24.350000381469727,23.799999237060547,24.350000381469727,9652
2026-04-14,24.350000381469727,24.850000381469727,24.200000762939453,24.75,10195
2026-04-15,24.649999618530273,25.600000381469727,24.450000762939453,25.600000381469727,26396
2026-04-16,25.600000381469727,25.799999237060547,25.049999237060547,25.700000762939453,10920
2026-04-17,25.799999237060547,26.0,25.5,25.75,14872
2026-04-20,25.799999237060547,25.899999618530273,24.899999618530273,25.399999618530273,11086
2026-04-21,25.399999618530273,25.700000762939453,25.0,25.700000762939453,12238
2026-04-22,26.049999237060547,27.0,25.25,26.799999237060547,88342
2026-04-23,27.049999237060547,27.399999618530273,26.5,27.350000381469727,39003
2026-04-24,27.299999237060547,27.5,26.899999618530273,27.200000762939453,23152
2026-04-27,27.200000762939453,27.200000762939453,26.549999237060547,26.799999237060547,20404
2026-04-28,26.5,26.75,25.549999237060547,26.200000762939453,20293
2026-04-29,26.700000762939453,26.700000762939453,25.75,26.450000762939453,7866
2026-04-30,26.549999237060547,26.850000381469727,25.799999237060547,26.100000381469727,7692
2026-05-04,26.100000381469727,26.600000381469727,25.649999618530273,26.0,14497
2026-05-05,25.799999237060547,26.0,25.399999618530273,25.649999618530273,10990
2026-05-06,25.649999618530273,25.75,25.299999237060547,25.299999237060547,10726
2026-05-07,25.299999237060547,25.700000762939453,25.25,25.600000381469727,10856
2026-05-08,25.600000381469727,26.200000762939453,25.5,26.0,9616
2026-05-11,26.0,26.200000762939453,25.350000381469727,25.5,7113
2026-05-12,25.649999618530273,25.649999618530273,24.850000381469727,25.25,9910
2026-05-13,25.200000762939453,25.25,24.899999618530273,25.149999618530273,3336
2026-05-14,25.100000381469727,26.149999618530273,24.899999618530273,25.100000381469727,10770
2026-05-15,26.049999237060547,26.049999237060547,25.100000381469727,25.100000381469727,3424
2026-05-18,25.75,25.75,25.149999618530273,25.299999237060547,6187
2026-05-19,25.25,25.549999237060547,24.649999618530273,25.149999618530273,13330
2026-05-20,25.399999618530273,25.700000762939453,24.899999618530273,25.450000762939453,6757
2026-05-21,25.5,25.549999237060547,25.100000381469727,25.149999618530273,7113
2026-05-22,25.149999618530273,25.450000762939453,24.649999618530273,24.75,24918
2026-05-25,24.649999618530273,25.600000381469727,24.600000381469727,25.450000762939453,16841
2026-05-26,25.549999237060547,26.350000381469727,25.200000762939453,26.149999618530273,9743
2026-05-27,25.450000762939453,26.5,24.5,26.5,73788
2026-05-28,26.5,26.5,25.399999618530273,25.950000762939453,17441
2026-05-29,25.950000762939453,25.950000762939453,25.450000762939453,25.899999618530273,7790
2026-06-01,26.100000381469727,26.25,25.649999618530273,25.950000762939453,10584
2026-06-02,25.549999237060547,26.549999237060547,25.549999237060547,26.149999618530273,20930
2026-06-03,25.899999618530273,26.350000381469727,25.5,26.049999237060547,9858
2026-06-05,26.399999618530273,26.399999618530273,25.75,26.200000762939453,7918
2026-06-08,26.899999618530273,27.100000381469727,25.950000762939453,26.5,35981
2026-06-09,26.600000381469727,27.0,26.0,26.0,20677
2026-06-10,26.149999618530273,26.149999618530273,25.049999237060547,25.350000381469727,15369
2026-06-11,25.25,25.600000381469727,25.100000381469727,25.25,17117
2026-06-12,25.5,25.649999618530273,24.75,25.200000762939453,13475
2026-06-15,25.0,25.25,24.700000762939453,24.799999237060547,8037
2026-06-16,25.25,26.0,25.049999237060547,25.799999237060547,27413
2026-06-17,25.899999618530273,25.899999618530273,25.049999237060547,25.049999237060547,10595
2026-06-18,25.049999237060547,25.399999618530273,24.75,25.0,12313
2026-06-19,25.200000762939453,25.25,24.75,24.799999237060547,7266
2026-06-22,25.25,25.25,23.75,23.899999618530273,45331
2026-06-23,24.0,24.700000762939453,23.75,24.0,24594
2026-06-24,24.0,24.450000762939453,23.549999237060547,23.799999237060547,14924
2026-06-25,24.200000762939453,24.25,23.700000762939453,24.200000762939453,11042
2026-06-26,24.200000762939453,24.200000762939453,23.700000762939453,24.0,3369
2026-06-29,24.25,24.399999618530273,23.75,23.75,7705
2026-06-30,24.200000762939453,24.25,23.700000762939453,24.25,7047
2026-07-01,24.25,24.399999618530273,24.0,24.399999618530273,4566
2026-07-02,24.450000762939453,24.600000381469727,24.0,24.450000762939453,7460
2026-07-03,24.450000762939453,24.5,24.100000381469727,24.5,3481
2026-07-06,24.649999618530273,24.799999237060547,24.25,24.75,5106
2026-07-07,24.75,24.799999237060547,24.25,24.75,6561
2026-07-08,24.649999618530273,24.649999618530273,23.850000381469727,24.149999618530273,15393
2026-07-09,24.149999618530273,24.299999237060547,23.799999237060547,24.25,7841
2026-07-10,24.25,24.450000762939453,23.850000381469727,24.25,8812
2026-07-13,24.200000762939453,24.200000762939453,23.5,23.950000762939453,10053
2026-07-14,23.950000762939453,23.950000762939453,23.5,23.5,10241
2026-07-15,23.899999618530273,23.899999618530273,23.5,23.549999237060547,4262
2026-07-16,23.850000381469727,23.899999618530273,23.299999237060547,23.600000381469727,4426
2026-07-17,23.600000381469727,23.799999237060547,23.149999618530273,23.75,4988
2026-07-20,23.700000762939453,23.950000762939453,23.299999237060547,23.950000762939453,6687
2026-07-21,23.950000762939453,23.950000762939453,23.149999618530273,23.649999618530273,4488
2026-07-22,23.350000381469727,24.5,23.149999618530273,23.799999237060547,11385
2026-07-23,23.700000762939453,23.950000762939453,23.399999618530273,23.899999618530273,7867
2026-07-24,23.899999618530273,24.0,23.649999618530273,24.0,6211
2026-07-27,24.0,24.649999618530273,23.899999618530273,24.600000381469727,8098
2026-07-28,24.600000381469727,24.600000381469727,23.549999237060547,23.899999618530273,23542
2026-07-29,23.899999618530273,24.350000381469727,23.649999618530273,24.350000381469727,10560
2026-07-30,24.350000381469727,24.450000762939453,24.0,24.100000381469727,15313
2026-07-31,24.299999237060547,24.299999237060547,23.850000381469727,24.200000762939453,6349
2026-08-03,24.399999618530273,24.399999618530273,23.899999618530273,23.899999618530273,26385
2026-08-04,23.950000762939453,24.350000381469727,23.799999237060547,23.799999237060547,15127
2026-08-05,24.0,24.100000381469727,23.799999237060547,24.100000381469727,9602
2026-08-06,24.100000381469727,24.100000381469727,23.649999618530273,23.75,10668
2026-08-07,23.75,24.049999237060547,23.649999618530273,24.0,10489
2026-08-10,24.0,24.049999237060547,23.75,24.049999237060547,8184
2026-08-11,24.100000381469727,24.299999237060547,24.0,24.299999237060547,13121
2026-08-12,24.200000762939453,24.299999237060547,23.899999618530273,24.100000381469727,9460
2026-08-13,24.100000381469727,24.25,23.950000762939453,24.25,7885
2026-08-14,24.200000762939453,24.200000762939453,23.850000381469727,24.0,4035
2026-08-17,24.0,24.25,23.700000762939453,24.0,15173
2026-08-18,23.799999237060547,24.149999618530273,23.799999237060547,23.899999618530273,3386
2026-08-19,23.799999237060547,24.0,23.700000762939453,23.950000762939453,3621
2026-08-20,24.0,24.049999237060547,23.600000381469727,24.0,5597
2026-08-21,24.0,24.049999237060547,23.799999237060547,24.049999237060547,2755
2026-08-24,24.0,24.25,23.649999618530273,24.200000762939453,9861
2026-08-25,24.200000762939453,24.399999618530273,23.799999237060547,24.399999618530273,17269
2026-08-26,24.399999618530273,24.399999618530273,24.0,24.350000381469727,4477
2026-08-27,24.350000381469727,24.350000381469727,23.5,23.600000381469727,13595
2026-08-28,23.600000381469727,24.0,23.600000381469727,23.799999237060547,5384
2026-08-31,24.0,24.0,23.399999618530273,23.600000381469727,12900
2026-09-01,23.399999618530273,23.75,23.350000381469727,23.5,4087
2026-09-02,23.549999237060547,23.850000381469727,23.049999237060547,23.700000762939453,8649
2026-09-03,23.700000762939453,23.75,23.100000381469727,23.5,3387
2026-09-04,23.25,23.75,23.200000762939453,23.75,5042
2026-09-08,23.799999237060547,23.799999237060547,23.350000381469727,23.350000381469727,5563
2026-09-09,23.399999618530273,23.700000762939453,23.049999237060547,23.600000381469727,8209
2026-09-10,23.200000762939453,23.5,22.799999237060547,23.299999237060547,17863
2026-09-11,23.100000381469727,23.399999618530273,22.850000381469727,23.200000762939453,5415
2026-09-14,23.299999237060547,23.299999237060547,22.75,23.0,7434
2026-09-15,22.850000381469727,23.100000381469727,22.549999237060547,22.899999618530273,9570
2026-09-17,22.950000762939453,23.0,22.950000762939453,23.0,429
