date,open,high,low,close,volume
2021-09-17,1.2300000190734863,1.2300000190734863,1.1799999475479126,1.2000000476837158,13797
2021-09-20,1.1200000047683716,1.1399999856948853,1.1200000047683716,1.1200000047683716,25241
2021-09-21,1.1200000047683716,1.1299999952316284,1.1200000047683716,1.1299999952316284,12846
2021-09-22,1.1100000143051147,1.1399999856948853,1.1100000143051147,1.1100000143051147,12130
2021-09-23,1.1200000047683716,1.2300000190734863,1.1100000143051147,1.1100000143051147,19921
2021-09-24,1.149999976158142,1.2000000476837158,1.1399999856948853,1.1399999856948853,12164
2021-09-27,1.149999976158142,1.149999976158142,1.100000023841858,1.100000023841858,3366
2021-09-28,1.1200000047683716,1.1200000047683716,1.100000023841858,1.100000023841858,2700
2021-09-29,1.0800000429153442,1.2100000381469727,1.0800000429153442,1.1799999475479126,42349
2021-09-30,1.2000000476837158,1.4700000286102295,1.1799999475479126,1.3799999952316284,499419
2021-10-01,1.340000033378601,1.4600000381469727,1.2200000286102295,1.2200000286102295,294422
2021-10-04,1.2300000190734863,1.649999976158142,1.2300000190734863,1.649999976158142,663243
2021-10-05,1.7300000190734863,1.8700000047683716,1.5,1.5299999713897705,736336
2021-10-06,1.600000023841858,1.6699999570846558,1.440000057220459,1.4600000381469727,164313
2021-10-07,1.4900000095367432,1.4900000095367432,1.350000023841858,1.409999966621399,126449
2021-10-08,1.409999966621399,1.5399999618530273,1.399999976158142,1.4299999475479126,76633
2021-10-11,1.409999966621399,1.4800000190734863,1.3700000047683716,1.4800000190734863,61936
2021-10-12,1.4900000095367432,1.5,1.3799999952316284,1.4500000476837158,40568
2021-10-13,1.4199999570846558,1.440000057220459,1.350000023841858,1.4299999475479126,47059
2021-10-14,1.399999976158142,1.399999976158142,1.350000023841858,1.3899999856948853,17645
2021-10-15,1.3799999952316284,1.409999966621399,1.3300000429153442,1.399999976158142,29770
2021-10-18,1.399999976158142,1.399999976158142,1.2799999713897705,1.3600000143051147,17127
2021-10-19,1.2999999523162842,1.3300000429153442,1.2799999713897705,1.3300000429153442,20522
2021-10-20,1.2699999809265137,1.2699999809265137,1.2400000095367432,1.2699999809265137,12648
2021-10-21,1.2400000095367432,1.2699999809265137,1.2400000095367432,1.2699999809265137,5918
2021-10-22,1.3200000524520874,1.3700000047683716,1.2699999809265137,1.3700000047683716,16633
2021-10-25,1.3799999952316284,1.3799999952316284,1.2999999523162842,1.3600000143051147,13822
2021-10-26,1.350000023841858,1.350000023841858,1.2699999809265137,1.2699999809265137,21056
2021-10-27,1.2799999713897705,1.340000033378601,1.2799999713897705,1.3200000524520874,10692
2021-10-28,1.3600000143051147,1.3600000143051147,1.2300000190734863,1.309999942779541,17841
2021-10-29,1.25,1.3200000524520874,1.25,1.3200000524520874,14409
2021-11-02,1.3200000524520874,1.3200000524520874,1.2999999523162842,1.2999999523162842,22696
2021-11-03,1.2799999713897705,1.309999942779541,1.2400000095367432,1.309999942779541,10226
2021-11-04,1.25,1.350000023841858,1.25,1.2699999809265137,8251
2021-11-05,1.340000033378601,1.340000033378601,1.2699999809265137,1.3200000524520874,6181
2021-11-08,1.3200000524520874,1.3200000524520874,1.25,1.309999942779541,2767
2021-11-09,1.25,1.309999942779541,1.25,1.309999942779541,1100
2021-11-10,1.2300000190734863,1.2899999618530273,1.2300000190734863,1.2899999618530273,18615
2021-11-12,1.2899999618530273,1.309999942779541,1.2899999618530273,1.2899999618530273,5940
2021-11-15,1.2899999618530273,1.3200000524520874,1.2699999809265137,1.2699999809265137,4076
2021-11-16,1.2899999618530273,1.2899999618530273,1.2200000286102295,1.2799999713897705,19964
2021-11-17,1.2899999618530273,1.2899999618530273,1.25,1.2799999713897705,1236
2021-11-18,1.2400000095367432,1.2799999713897705,1.159999966621399,1.2100000381469727,83805
2021-11-19,1.2100000381469727,1.2100000381469727,1.0800000429153442,1.1200000047683716,46154
2021-11-22,1.0800000429153442,1.1200000047683716,1.0700000524520874,1.1100000143051147,13078
2021-11-23,1.090000033378601,1.1200000047683716,1.0700000524520874,1.100000023841858,26479
2021-11-24,1.1399999856948853,1.1399999856948853,1.1200000047683716,1.1200000047683716,1533
2021-11-25,1.1399999856948853,1.1399999856948853,1.1200000047683716,1.1299999952316284,1593
2021-11-26,1.1299999952316284,1.1299999952316284,1.0499999523162842,1.1299999952316284,11775
2021-11-29,1.059999942779541,1.1100000143051147,1.059999942779541,1.1100000143051147,9847
2021-11-30,1.1200000047683716,1.1299999952316284,1.059999942779541,1.1299999952316284,7163
2021-12-01,1.090000033378601,1.090000033378601,1.0399999618530273,1.090000033378601,5396
2021-12-02,1.090000033378601,1.090000033378601,1.0099999904632568,1.090000033378601,26442
2021-12-03,1.0499999523162842,1.0499999523162842,1.0299999713897705,1.0499999523162842,1185
2021-12-06,1.0499999523162842,1.0499999523162842,1.0199999809265137,1.0399999618530273,3276
2021-12-07,1.0399999618530273,1.090000033378601,1.0399999618530273,1.0800000429153442,10190
2021-12-08,1.090000033378601,1.090000033378601,1.0199999809265137,1.0700000524520874,5600
2021-12-09,1.0700000524520874,1.090000033378601,1.0700000524520874,1.0700000524520874,1969
2021-12-10,1.090000033378601,1.090000033378601,1.0,1.0299999713897705,16294
2021-12-13,1.059999942779541,1.059999942779541,1.0099999904632568,1.059999942779541,4100
2021-12-14,1.0099999904632568,1.0399999618530273,1.0,1.0399999618530273,8200
2021-12-15,1.0,1.0399999618530273,0.9900000095367432,1.0399999618530273,5221
2021-12-16,1.0399999618530273,1.0399999618530273,1.0,1.0399999618530273,500
2021-12-17,0.9900000095367432,1.0399999618530273,0.9900000095367432,1.0199999809265137,1500
2021-12-20,1.0199999809265137,1.0199999809265137,0.949999988079071,0.9800000190734863,10144
2021-12-21,0.9750000238418579,0.9800000190734863,0.949999988079071,0.9800000190734863,1554
2021-12-22,0.9549999833106995,0.9800000190734863,0.9049999713897705,0.9549999833106995,9139
2021-12-23,0.9549999833106995,0.9800000190734863,0.9100000262260437,0.949999988079071,7357
2021-12-27,0.949999988079071,0.9800000190734863,0.9200000166893005,0.949999988079071,7056
2021-12-28,0.9150000214576721,0.9399999976158142,0.8799999952316284,0.8799999952316284,25082
2021-12-29,0.8949999809265137,0.9350000023841858,0.8799999952316284,0.8999999761581421,35739
2021-12-30,0.9350000023841858,0.9350000023841858,0.8999999761581421,0.9300000071525574,10850
2022-01-03,0.8999999761581421,0.9649999737739563,0.8999999761581421,0.9549999833106995,3469
2022-01-04,0.9549999833106995,0.9599999785423279,0.9100000262260437,0.9399999976158142,4667
2022-01-05,0.9399999976158142,0.9449999928474426,0.9049999713897705,0.9449999928474426,11944
2022-01-07,0.9449999928474426,0.9449999928474426,0.9449999928474426,0.9449999928474426,3400
2022-01-10,0.9549999833106995,0.9549999833106995,0.9049999713897705,0.949999988079071,4625
2022-01-11,0.9150000214576721,0.949999988079071,0.8799999952316284,0.949999988079071,47819
2022-01-12,0.9449999928474426,0.9449999928474426,0.9200000166893005,0.9399999976158142,2492
2022-01-13,0.9399999976158142,0.949999988079071,0.9399999976158142,0.9449999928474426,6921
2022-01-14,0.9449999928474426,0.9549999833106995,0.9449999928474426,0.9549999833106995,7992
2022-01-17,0.9599999785423279,0.9900000095367432,0.9599999785423279,0.9900000095367432,9247
2022-01-18,0.9150000214576721,0.9900000095367432,0.8899999856948853,0.8899999856948853,8210
2022-01-19,0.9700000286102295,0.9700000286102295,0.8999999761581421,0.9549999833106995,3723
2022-01-20,0.9649999737739563,0.9700000286102295,0.8999999761581421,0.9700000286102295,5037
2022-01-21,0.9649999737739563,0.9649999737739563,0.9049999713897705,0.9599999785423279,1971
2022-01-24,0.9599999785423279,0.9599999785423279,0.9200000166893005,0.949999988079071,2014
2022-01-25,0.949999988079071,0.9599999785423279,0.9100000262260437,0.9599999785423279,5220
2022-01-26,0.9599999785423279,0.9599999785423279,0.9150000214576721,0.9599999785423279,807
2022-01-27,0.9150000214576721,0.9549999833106995,0.9100000262260437,0.9549999833106995,3369
2022-01-28,0.9200000166893005,0.9700000286102295,0.9200000166893005,0.9700000286102295,13764
2022-01-31,0.9599999785423279,0.9599999785423279,0.8999999761581421,0.9599999785423279,3110
2022-02-01,0.9599999785423279,0.9900000095367432,0.9599999785423279,0.9599999785423279,1444
2022-02-02,0.9599999785423279,0.9599999785423279,0.8999999761581421,0.9399999976158142,12872
2022-02-03,0.8999999761581421,0.9700000286102295,0.8999999761581421,0.9399999976158142,11522
2022-02-04,0.8999999761581421,0.9399999976158142,0.8799999952316284,0.9399999976158142,3124
2022-02-07,0.9399999976158142,0.9399999976158142,0.9399999976158142,0.9399999976158142,112
2022-02-08,0.9599999785423279,0.9599999785423279,0.9599999785423279,0.9599999785423279,111
2022-02-09,0.949999988079071,0.9599999785423279,0.949999988079071,0.9549999833106995,3118
2022-02-10,0.8899999856948853,0.949999988079071,0.8899999856948853,0.949999988079071,1083
2022-02-11,0.949999988079071,0.949999988079071,0.949999988079071,0.949999988079071,873
2022-02-14,0.8799999952316284,0.9549999833106995,0.8799999952316284,0.9549999833106995,11279
2022-02-15,0.949999988079071,0.9549999833106995,0.8700000047683716,0.949999988079071,8833
2022-02-16,0.9350000023841858,0.9350000023841858,0.8700000047683716,0.9350000023841858,3125
2022-02-17,0.9300000071525574,0.9300000071525574,0.7950000166893005,0.8999999761581421,19537
2022-02-18,0.8999999761581421,0.9200000166893005,0.8999999761581421,0.9200000166893005,1972
2022-02-21,0.9200000166893005,0.9200000166893005,0.8149999976158142,0.8999999761581421,17598
2022-02-22,0.8949999809265137,0.8949999809265137,0.8899999856948853,0.8899999856948853,3810
2022-02-23,0.8050000071525574,0.8899999856948853,0.800000011920929,0.8500000238418579,15176
2022-02-24,0.800000011920929,0.800000011920929,0.7200000286102295,0.7400000095367432,38126
2022-02-25,0.7400000095367432,0.7799999713897705,0.7400000095367432,0.7799999713897705,18486
2022-02-28,0.7799999713897705,0.8199999928474426,0.7099999785423279,0.8199999928474426,24657
2022-03-01,0.8199999928474426,0.8799999952316284,0.75,0.8550000190734863,20879
2022-03-02,0.8500000238418579,0.8600000143051147,0.7850000262260437,0.800000011920929,21831
2022-03-03,0.8399999737739563,0.8399999737739563,0.7850000262260437,0.824999988079071,8674
2022-03-04,0.8199999928474426,0.824999988079071,0.7850000262260437,0.7900000214576721,16010
2022-03-07,0.7900000214576721,0.824999988079071,0.7799999713897705,0.8050000071525574,10420
2022-03-08,0.8050000071525574,0.8050000071525574,0.8050000071525574,0.8050000071525574,0
2022-03-09,0.7900000214576721,0.8299999833106995,0.7799999713897705,0.8299999833106995,4338
2022-03-10,0.8299999833106995,0.8399999737739563,0.8299999833106995,0.8399999737739563,8295
2022-03-11,0.800000011920929,0.8399999737739563,0.800000011920929,0.8399999737739563,2875
2022-03-14,0.8399999737739563,0.8399999737739563,0.8399999737739563,0.8399999737739563,0
2022-03-15,0.800000011920929,0.8399999737739563,0.800000011920929,0.8399999737739563,2300
2022-03-16,0.8399999737739563,0.8399999737739563,0.8399999737739563,0.8399999737739563,0
2022-03-17,0.7699999809265137,0.8650000095367432,0.7699999809265137,0.8349999785423279,14512
2022-03-18,0.8500000238418579,0.8650000095367432,0.8500000238418579,0.8500000238418579,3745
2022-03-21,0.800000011920929,0.8399999737739563,0.7950000166893005,0.8399999737739563,1710
2022-03-22,0.8399999737739563,0.8399999737739563,0.7950000166893005,0.7950000166893005,1278
2022-03-23,0.824999988079071,0.8500000238418579,0.800000011920929,0.8450000286102295,4914
2022-03-24,0.8399999737739563,0.8700000047683716,0.8050000071525574,0.8450000286102295,7416
2022-03-25,0.8450000286102295,0.8450000286102295,0.8100000023841858,0.824999988079071,7350
2022-03-28,0.8100000023841858,0.824999988079071,0.8100000023841858,0.8199999928474426,8280
2022-03-29,0.8050000071525574,0.8149999976158142,0.7950000166893005,0.8149999976158142,3903
2022-03-30,0.8100000023841858,0.8450000286102295,0.8100000023841858,0.8450000286102295,29940
2022-03-31,0.800000011920929,0.8500000238418579,0.800000011920929,0.8450000286102295,6958
2022-04-01,0.8100000023841858,0.8100000023841858,0.800000011920929,0.8100000023841858,6833
2022-04-04,0.800000011920929,0.8299999833106995,0.7900000214576721,0.8299999833106995,3812
2022-04-05,0.8299999833106995,0.8299999833106995,0.8299999833106995,0.8299999833106995,335
2022-04-06,0.7900000214576721,0.8299999833106995,0.7699999809265137,0.7900000214576721,11699
2022-04-07,0.824999988079071,0.824999988079071,0.7699999809265137,0.824999988079071,3207
2022-04-08,0.824999988079071,0.824999988079071,0.824999988079071,0.824999988079071,0
2022-04-11,0.824999988079071,0.824999988079071,0.824999988079071,0.824999988079071,480
2022-04-12,0.7799999713897705,0.8399999737739563,0.7799999713897705,0.8399999737739563,17467
2022-04-13,0.8500000238418579,0.8500000238418579,0.7960000038146973,0.8479999899864197,3102
2022-04-14,0.8479999899864197,0.8479999899864197,0.8479999899864197,0.8479999899864197,0
2022-04-19,0.8460000157356262,0.8460000157356262,0.7900000214576721,0.8420000076293945,5234
2022-04-20,0.7820000052452087,0.8379999995231628,0.7820000052452087,0.8379999995231628,961
2022-04-21,0.8379999995231628,0.8379999995231628,0.8379999995231628,0.8379999995231628,0
2022-04-22,0.7699999809265137,0.8299999833106995,0.7699999809265137,0.8199999928474426,3019
2022-04-25,0.7599999904632568,0.8180000185966492,0.7300000190734863,0.800000011920929,2670
2022-04-26,0.800000011920929,0.800000011920929,0.800000011920929,0.800000011920929,0
2022-04-27,0.7699999809265137,0.800000011920929,0.7699999809265137,0.800000011920929,1250
2022-04-28,0.800000011920929,0.800000011920929,0.7900000214576721,0.7900000214576721,215
2022-04-29,0.800000011920929,0.800000011920929,0.800000011920929,0.800000011920929,150
2022-05-02,0.734000027179718,0.8140000104904175,0.734000027179718,0.8100000023841858,6142
2022-05-04,0.8100000023841858,0.8100000023841858,0.8100000023841858,0.8100000023841858,0
2022-05-05,0.75,0.8080000281333923,0.75,0.8059999942779541,3065
2022-05-06,0.7799999713897705,0.7799999713897705,0.7799999713897705,0.7799999713897705,100
2022-05-09,0.7979999780654907,0.7979999780654907,0.7979999780654907,0.7979999780654907,200
2022-05-10,0.7960000038146973,0.7960000038146973,0.7960000038146973,0.7960000038146973,20
2022-05-11,0.7940000295639038,0.7979999780654907,0.7940000295639038,0.7979999780654907,1936
2022-05-12,0.7979999780654907,0.7979999780654907,0.7979999780654907,0.7979999780654907,0
2022-05-13,0.7979999780654907,0.7979999780654907,0.7979999780654907,0.7979999780654907,100
2022-05-16,0.75,0.7979999780654907,0.7099999785423279,0.7400000095367432,23547
2022-05-17,0.7099999785423279,0.7799999713897705,0.7099999785423279,0.7799999713897705,3562
2022-05-18,0.75,0.7699999809265137,0.699999988079071,0.7099999785423279,8159
2022-05-19,0.7099999785423279,0.7680000066757202,0.699999988079071,0.7680000066757202,1355
2022-05-20,0.777999997138977,0.777999997138977,0.777999997138977,0.777999997138977,444
2022-05-23,0.7200000286102295,0.7680000066757202,0.7200000286102295,0.7680000066757202,1522
2022-05-24,0.699999988079071,0.7699999809265137,0.699999988079071,0.699999988079071,4452
2022-05-25,0.699999988079071,0.699999988079071,0.6800000071525574,0.699999988079071,1724
2022-05-26,0.6380000114440918,0.7540000081062317,0.6380000114440918,0.7540000081062317,740
2022-05-27,0.7519999742507935,0.7580000162124634,0.699999988079071,0.7580000162124634,2603
2022-05-30,0.7580000162124634,0.7580000162124634,0.7580000162124634,0.7580000162124634,0
2022-05-31,0.6800000071525574,0.6919999718666077,0.6800000071525574,0.6899999976158142,1699
2022-06-01,0.6899999976158142,0.7480000257492065,0.6800000071525574,0.7400000095367432,2427
2022-06-02,0.7400000095367432,0.7400000095367432,0.7400000095367432,0.7400000095367432,0
2022-06-03,0.7480000257492065,0.7480000257492065,0.7400000095367432,0.7400000095367432,521
2022-06-06,0.6919999718666077,0.75,0.6899999976158142,0.75,3262
2022-06-07,0.7360000014305115,0.7459999918937683,0.6819999814033508,0.7459999918937683,317
2022-06-08,0.7459999918937683,0.7459999918937683,0.7459999918937683,0.7459999918937683,0
2022-06-09,0.7459999918937683,0.7459999918937683,0.7459999918937683,0.7459999918937683,0
2022-06-10,0.6919999718666077,0.6919999718666077,0.621999979019165,0.6919999718666077,14958
2022-06-13,0.6399999856948853,0.6460000276565552,0.6399999856948853,0.6460000276565552,2169
2022-06-14,0.6399999856948853,0.6399999856948853,0.6399999856948853,0.6399999856948853,100
2022-06-15,0.6899999976158142,0.6899999976158142,0.6899999976158142,0.6899999976158142,222
2022-06-17,0.6779999732971191,0.6899999976158142,0.6399999856948853,0.6899999976158142,1994
2022-06-20,0.6859999895095825,0.6859999895095825,0.6840000152587891,0.6840000152587891,45
2022-06-21,0.6840000152587891,0.6840000152587891,0.6840000152587891,0.6840000152587891,0
2022-06-22,0.6840000152587891,0.6840000152587891,0.6840000152587891,0.6840000152587891,0
2022-06-23,0.6840000152587891,0.6840000152587891,0.6840000152587891,0.6840000152587891,0
2022-06-24,0.6840000152587891,0.6840000152587891,0.6840000152587891,0.6840000152587891,0
2022-06-27,0.6840000152587891,0.6840000152587891,0.6840000152587891,0.6840000152587891,0
2022-06-28,0.6800000071525574,0.6840000152587891,0.6800000071525574,0.6840000152587891,1508
2022-06-29,0.6840000152587891,0.6840000152587891,0.6840000152587891,0.6840000152587891,0
2022-06-30,0.6840000152587891,0.6840000152587891,0.6840000152587891,0.6840000152587891,0
2022-07-01,0.6800000071525574,0.6800000071525574,0.6320000290870667,0.6320000290870667,5000
2022-07-04,0.6320000290870667,0.6320000290870667,0.6320000290870667,0.6320000290870667,1000
2022-07-05,0.6759999990463257,0.6759999990463257,0.6759999990463257,0.6759999990463257,150
2022-07-06,0.6759999990463257,0.6759999990463257,0.6759999990463257,0.6759999990463257,0
2022-07-07,0.6759999990463257,0.6759999990463257,0.6759999990463257,0.6759999990463257,0
2022-07-08,0.6299999952316284,0.6299999952316284,0.6100000143051147,0.6100000143051147,5724
2022-07-11,0.6499999761581421,0.6499999761581421,0.6119999885559082,0.6119999885559082,485
2022-07-12,0.6100000143051147,0.6100000143051147,0.6100000143051147,0.6100000143051147,5000
2022-07-13,0.6100000143051147,0.6679999828338623,0.6100000143051147,0.6679999828338623,1502
2022-07-14,0.6679999828338623,0.6679999828338623,0.6679999828338623,0.6679999828338623,0
2022-07-15,0.6399999856948853,0.6399999856948853,0.6399999856948853,0.6399999856948853,6
2022-07-18,0.6399999856948853,0.6399999856948853,0.6399999856948853,0.6399999856948853,0
2022-07-19,0.6100000143051147,0.6100000143051147,0.6100000143051147,0.6100000143051147,60
2022-07-20,0.6000000238418579,0.6000000238418579,0.6000000238418579,0.6000000238418579,2974
2022-07-21,0.5600000023841858,0.6460000276565552,0.5600000023841858,0.6460000276565552,2470
2022-07-22,0.6399999856948853,0.6399999856948853,0.628000020980835,0.628000020980835,4665
2022-07-25,0.6019999980926514,0.6359999775886536,0.6019999980926514,0.6359999775886536,7423
2022-07-26,0.6359999775886536,0.6359999775886536,0.6359999775886536,0.6359999775886536,0
2022-07-27,0.6299999952316284,0.6299999952316284,0.6000000238418579,0.6000000238418579,5365
2022-07-28,0.6000000238418579,0.6000000238418579,0.6000000238418579,0.6000000238418579,2488
2022-07-29,0.6000000238418579,0.6000000238418579,0.6000000238418579,0.6000000238418579,1296
2022-08-01,0.6000000238418579,0.6000000238418579,0.6000000238418579,0.6000000238418579,9635
2022-08-02,0.6000000238418579,0.6000000238418579,0.6000000238418579,0.6000000238418579,433
2022-08-03,0.5799999833106995,0.5799999833106995,0.5799999833106995,0.5799999833106995,640
2022-08-04,0.5799999833106995,0.5799999833106995,0.5799999833106995,0.5799999833106995,0
2022-08-05,0.5600000023841858,0.5600000023841858,0.5400000214576721,0.5400000214576721,21616
2022-08-08,0.5400000214576721,0.5400000214576721,0.5040000081062317,0.5040000081062317,5884
2022-08-09,0.5059999823570251,0.5759999752044678,0.5059999823570251,0.5759999752044678,1540
2022-08-10,0.593999981880188,0.593999981880188,0.5899999737739563,0.5899999737739563,6319
2022-08-11,0.5899999737739563,0.5899999737739563,0.5899999737739563,0.5899999737739563,2200
2022-08-12,0.5860000252723694,0.6000000238418579,0.5860000252723694,0.6000000238418579,8334
2022-08-16,0.6000000238418579,0.6000000238418579,0.6000000238418579,0.6000000238418579,400
2022-08-17,0.6000000238418579,0.6000000238418579,0.6000000238418579,0.6000000238418579,0
2022-08-18,0.6000000238418579,0.6000000238418579,0.6000000238418579,0.6000000238418579,0
2022-08-19,0.6000000238418579,0.6000000238418579,0.6000000238418579,0.6000000238418579,0
2022-08-22,0.5120000243186951,0.5699999928474426,0.5120000243186951,0.5699999928474426,2265
2022-08-23,0.5699999928474426,0.5699999928474426,0.5699999928474426,0.5699999928474426,2194
2022-08-24,0.550000011920929,0.550000011920929,0.550000011920929,0.550000011920929,60
2022-08-25,0.5099999904632568,0.5099999904632568,0.5099999904632568,0.5099999904632568,7390
2022-08-26,0.5699999928474426,0.5699999928474426,0.5699999928474426,0.5699999928474426,5
2022-08-29,0.5400000214576721,0.5400000214576721,0.5120000243186951,0.5120000243186951,2191
2022-08-30,0.5199999809265137,0.5699999928474426,0.5199999809265137,0.5699999928474426,3000
2022-08-31,0.5699999928474426,0.5699999928474426,0.5699999928474426,0.5699999928474426,4149
2022-09-01,0.5220000147819519,0.5220000147819519,0.5220000147819519,0.5220000147819519,1773
2022-09-02,0.5099999904632568,0.5099999904632568,0.5099999904632568,0.5099999904632568,500
2022-09-05,0.5099999904632568,0.5099999904632568,0.5099999904632568,0.5099999904632568,1080
2022-09-06,0.5120000243186951,0.5600000023841858,0.5120000243186951,0.5600000023841858,405
2022-09-07,0.5540000200271606,0.5540000200271606,0.5540000200271606,0.5540000200271606,169
2022-09-08,0.5540000200271606,0.5540000200271606,0.5540000200271606,0.5540000200271606,0
2022-09-09,0.5099999904632568,0.5099999904632568,0.5099999904632568,0.5099999904632568,1208
2022-09-12,0.5099999904632568,0.5099999904632568,0.5099999904632568,0.5099999904632568,1657
2022-09-13,0.5580000281333923,0.5580000281333923,0.5580000281333923,0.5580000281333923,6
2022-09-14,0.5479999780654907,0.5479999780654907,0.5040000081062317,0.5040000081062317,5092
2022-09-15,0.550000011920929,0.550000011920929,0.550000011920929,0.550000011920929,203
2022-09-16,0.550000011920929,0.550000011920929,0.550000011920929,0.550000011920929,0
2022-09-19,0.5120000243186951,0.5479999780654907,0.5120000243186951,0.5479999780654907,499
2022-09-20,0.5479999780654907,0.5479999780654907,0.5479999780654907,0.5479999780654907,0
2022-09-21,0.5479999780654907,0.5479999780654907,0.5479999780654907,0.5479999780654907,0
2022-09-22,0.5479999780654907,0.5479999780654907,0.5479999780654907,0.5479999780654907,0
2022-09-23,0.5099999904632568,0.5099999904632568,0.5099999904632568,0.5099999904632568,2000
2022-09-26,0.5460000038146973,0.5460000038146973,0.5460000038146973,0.5460000038146973,2
2022-09-27,0.47200000286102295,0.47200000286102295,0.47200000286102295,0.47200000286102295,300
2022-09-28,0.4729999899864197,0.49000000953674316,0.4729999899864197,0.49000000953674316,1200
2022-09-29,0.49000000953674316,0.49000000953674316,0.49000000953674316,0.49000000953674316,0
2022-09-30,0.5,0.5,0.460999995470047,0.460999995470047,7619
2022-10-03,0.38999998569488525,0.38999998569488525,0.38999998569488525,0.38999998569488525,6338
2022-10-04,0.38999998569488525,0.38999998569488525,0.38999998569488525,0.38999998569488525,0
2022-10-05,0.38999998569488525,0.38999998569488525,0.38999998569488525,0.38999998569488525,1000
2022-10-06,0.38999998569488525,0.38999998569488525,0.38999998569488525,0.38999998569488525,0
2022-10-07,0.38999998569488525,0.38999998569488525,0.38999998569488525,0.38999998569488525,0
2022-10-10,0.38999998569488525,0.38999998569488525,0.38999998569488525,0.38999998569488525,0
2022-10-11,0.39100000262260437,0.39100000262260437,0.39100000262260437,0.39100000262260437,400
2022-10-12,0.39399999380111694,0.39399999380111694,0.39399999380111694,0.39399999380111694,1151
2022-10-13,0.4009999930858612,0.4009999930858612,0.4009999930858612,0.4009999930858612,169
2022-10-14,0.4009999930858612,0.4009999930858612,0.4009999930858612,0.4009999930858612,0
2022-10-17,0.39399999380111694,0.39399999380111694,0.39399999380111694,0.39399999380111694,2500
2022-10-18,0.42500001192092896,0.4740000069141388,0.42500001192092896,0.4740000069141388,8700
2022-10-19,0.4699999988079071,0.4699999988079071,0.4699999988079071,0.4699999988079071,1069
2022-10-20,0.42500001192092896,0.42500001192092896,0.42500001192092896,0.42500001192092896,1160
2022-10-21,0.42500001192092896,0.42500001192092896,0.42500001192092896,0.42500001192092896,0
2022-10-24,0.42500001192092896,0.42500001192092896,0.42500001192092896,0.42500001192092896,0
2022-10-25,0.42500001192092896,0.42500001192092896,0.42500001192092896,0.42500001192092896,0
2022-10-26,0.4300000071525574,0.4300000071525574,0.4300000071525574,0.4300000071525574,1
2022-10-27,0.4620000123977661,0.4620000123977661,0.4620000123977661,0.4620000123977661,150
2022-10-28,0.4620000123977661,0.4620000123977661,0.4620000123977661,0.4620000123977661,0
2022-10-31,0.46000000834465027,0.46000000834465027,0.46000000834465027,0.46000000834465027,1628
2022-11-02,0.46000000834465027,0.46000000834465027,0.46000000834465027,0.46000000834465027,1999
2022-11-03,0.42500001192092896,0.42500001192092896,0.42500001192092896,0.42500001192092896,1750
2022-11-04,0.46000000834465027,0.46000000834465027,0.46000000834465027,0.46000000834465027,2763
2022-11-07,0.4659999907016754,0.4659999907016754,0.4659999907016754,0.4659999907016754,3150
2022-11-08,0.42399999499320984,0.42399999499320984,0.42399999499320984,0.42399999499320984,2000
2022-11-09,0.41600000858306885,0.41600000858306885,0.41600000858306885,0.41600000858306885,70
2022-11-10,0.4099999964237213,0.41999998688697815,0.4099999964237213,0.41999998688697815,3000
2022-11-14,0.44999998807907104,0.44999998807907104,0.44999998807907104,0.44999998807907104,3
2022-11-15,0.4480000138282776,0.4480000138282776,0.4480000138282776,0.4480000138282776,444
2022-11-16,0.4000000059604645,0.4000000059604645,0.4000000059604645,0.4000000059604645,128
2022-11-17,0.4580000042915344,0.4580000042915344,0.4580000042915344,0.4580000042915344,1175
2022-11-18,0.4560000002384186,0.4560000002384186,0.4560000002384186,0.4560000002384186,100
2022-11-21,0.44999998807907104,0.44999998807907104,0.44999998807907104,0.44999998807907104,6500
2022-11-22,0.45399999618530273,0.45399999618530273,0.45399999618530273,0.45399999618530273,777
2022-11-23,0.4699999988079071,0.4699999988079071,0.4699999988079071,0.4699999988079071,14000
2022-11-24,0.4699999988079071,0.4699999988079071,0.4699999988079071,0.4699999988079071,0
2022-11-25,0.4699999988079071,0.4699999988079071,0.4699999988079071,0.4699999988079071,444
2022-11-28,0.4699999988079071,0.4699999988079071,0.4699999988079071,0.4699999988079071,0
2022-11-29,0.4699999988079071,0.4699999988079071,0.4699999988079071,0.4699999988079071,0
2022-11-30,0.4230000078678131,0.4230000078678131,0.4230000078678131,0.4230000078678131,949
2022-12-01,0.41999998688697815,0.4620000123977661,0.41999998688697815,0.4620000123977661,3448
2022-12-02,0.46700000762939453,0.46700000762939453,0.46700000762939453,0.46700000762939453,1922
2022-12-05,0.46700000762939453,0.46700000762939453,0.46700000762939453,0.46700000762939453,0
2022-12-06,0.46799999475479126,0.46799999475479126,0.4230000078678131,0.4230000078678131,5135
2022-12-07,0.4699999988079071,0.4699999988079071,0.4699999988079071,0.4699999988079071,464
2022-12-08,0.44999998807907104,0.44999998807907104,0.44999998807907104,0.44999998807907104,240
2022-12-09,0.44999998807907104,0.44999998807907104,0.44999998807907104,0.44999998807907104,4865
2022-12-12,0.42100000381469727,0.42100000381469727,0.41999998688697815,0.41999998688697815,5260
2022-12-13,0.41999998688697815,0.41999998688697815,0.4099999964237213,0.4099999964237213,3400
2022-12-14,0.4099999964237213,0.4099999964237213,0.4099999964237213,0.4099999964237213,23
2022-12-15,0.4490000009536743,0.4490000009536743,0.4490000009536743,0.4490000009536743,1321
2022-12-16,0.4490000009536743,0.4490000009536743,0.4490000009536743,0.4490000009536743,0
2022-12-19,0.41100001335144043,0.41100001335144043,0.41100001335144043,0.41100001335144043,2504
2022-12-20,0.41100001335144043,0.41100001335144043,0.41100001335144043,0.41100001335144043,1210
2022-12-21,0.41100001335144043,0.41100001335144043,0.41100001335144043,0.41100001335144043,807
2022-12-22,0.41100001335144043,0.41100001335144043,0.4050000011920929,0.4050000011920929,5698
2022-12-23,0.4050000011920929,0.4099999964237213,0.4050000011920929,0.4099999964237213,4785
2022-12-27,0.39500001072883606,0.39500001072883606,0.39500001072883606,0.39500001072883606,5000
2022-12-28,0.39500001072883606,0.39500001072883606,0.39500001072883606,0.39500001072883606,2862
2022-12-29,0.39500001072883606,0.39500001072883606,0.39500001072883606,0.39500001072883606,0
2022-12-30,0.39500001072883606,0.4000000059604645,0.39500001072883606,0.4000000059604645,1072
2023-01-02,0.4000000059604645,0.4000000059604645,0.4000000059604645,0.4000000059604645,893
2023-01-03,0.4699999988079071,0.4699999988079071,0.4699999988079071,0.4699999988079071,1433
2023-01-04,0.46000000834465027,0.46000000834465027,0.46000000834465027,0.46000000834465027,7634
2023-01-05,0.47999998927116394,0.47999998927116394,0.47999998927116394,0.47999998927116394,2000
2023-01-09,0.47999998927116394,0.47999998927116394,0.47999998927116394,0.47999998927116394,1805
2023-01-10,0.47999998927116394,0.47999998927116394,0.47999998927116394,0.47999998927116394,198
2023-01-11,0.46000000834465027,0.47999998927116394,0.46000000834465027,0.47999998927116394,174
2023-01-12,0.49000000953674316,0.49000000953674316,0.49000000953674316,0.49000000953674316,222
2023-01-13,0.49000000953674316,0.49000000953674316,0.49000000953674316,0.49000000953674316,0
2023-01-16,0.49000000953674316,0.49000000953674316,0.49000000953674316,0.49000000953674316,2469
2023-01-17,0.4320000112056732,0.4320000112056732,0.4320000112056732,0.4320000112056732,2400
2023-01-18,0.4320000112056732,0.4320000112056732,0.4320000112056732,0.4320000112056732,120
2023-01-19,0.4320000112056732,0.4320000112056732,0.4320000112056732,0.4320000112056732,0
2023-01-20,0.4320000112056732,0.46799999475479126,0.4320000112056732,0.46799999475479126,1946
2023-01-23,0.46399998664855957,0.46399998664855957,0.46399998664855957,0.46399998664855957,230
2023-01-24,0.4320000112056732,0.4320000112056732,0.4320000112056732,0.4320000112056732,2348
2023-01-25,0.4320000112056732,0.4320000112056732,0.4320000112056732,0.4320000112056732,2722
2023-01-26,0.4300000071525574,0.4300000071525574,0.4300000071525574,0.4300000071525574,2010
2023-01-27,0.4300000071525574,0.4300000071525574,0.4300000071525574,0.4300000071525574,0
2023-01-30,0.41999998688697815,0.41999998688697815,0.4000000059604645,0.4000000059604645,4106
2023-01-31,0.4000000059604645,0.41999998688697815,0.4000000059604645,0.41999998688697815,10599
2023-02-01,0.41999998688697815,0.4320000112056732,0.41999998688697815,0.4320000112056732,7855
2023-02-02,0.4309999942779541,0.4309999942779541,0.4309999942779541,0.4309999942779541,3483
2023-02-03,0.4320000112056732,0.4320000112056732,0.4320000112056732,0.4320000112056732,4778
2023-02-06,0.4320000112056732,0.4320000112056732,0.4320000112056732,0.4320000112056732,0
2023-02-07,0.4320000112056732,0.4320000112056732,0.4320000112056732,0.4320000112056732,0
2023-02-08,0.4320000112056732,0.4320000112056732,0.4320000112056732,0.4320000112056732,0
2023-02-09,0.4320000112056732,0.4320000112056732,0.4320000112056732,0.4320000112056732,0
2023-02-10,0.4320000112056732,0.4320000112056732,0.4320000112056732,0.4320000112056732,0
2023-02-13,0.43700000643730164,0.43700000643730164,0.43700000643730164,0.43700000643730164,350
2023-02-14,0.43700000643730164,0.43700000643730164,0.43700000643730164,0.43700000643730164,0
2023-02-15,0.4300000071525574,0.4300000071525574,0.4300000071525574,0.4300000071525574,927
2023-02-16,0.4300000071525574,0.4300000071525574,0.4300000071525574,0.4300000071525574,450
2023-02-17,0.42500001192092896,0.42500001192092896,0.42500001192092896,0.42500001192092896,2000
2023-02-20,0.3959999978542328,0.3959999978542328,0.3959999978542328,0.3959999978542328,3023
2023-02-21,0.42899999022483826,0.42899999022483826,0.42899999022483826,0.42899999022483826,444
2023-02-22,0.42899999022483826,0.42899999022483826,0.4099999964237213,0.4099999964237213,4272
2023-02-23,0.4099999964237213,0.4099999964237213,0.4099999964237213,0.4099999964237213,0
2023-02-24,0.4099999964237213,0.4099999964237213,0.4099999964237213,0.4099999964237213,0
2023-02-27,0.4099999964237213,0.4099999964237213,0.4099999964237213,0.4099999964237213,0
2023-02-28,0.4009999930858612,0.4009999930858612,0.4009999930858612,0.4009999930858612,1000
2023-03-01,0.42800000309944153,0.42800000309944153,0.42800000309944153,0.42800000309944153,90
2023-03-02,0.42899999022483826,0.42899999022483826,0.42899999022483826,0.42899999022483826,100
2023-03-03,0.4009999930858612,0.42899999022483826,0.4009999930858612,0.42899999022483826,643
2023-03-06,0.4020000100135803,0.4020000100135803,0.4020000100135803,0.4020000100135803,2000
2023-03-07,0.42800000309944153,0.42800000309944153,0.42800000309944153,0.42800000309944153,300
2023-03-08,0.42800000309944153,0.42800000309944153,0.42800000309944153,0.42800000309944153,0
2023-03-09,0.42800000309944153,0.42800000309944153,0.42800000309944153,0.42800000309944153,0
2023-03-10,0.39500001072883606,0.39500001072883606,0.39500001072883606,0.39500001072883606,5000
2023-03-13,0.3919999897480011,0.42899999022483826,0.3919999897480011,0.42899999022483826,14
2023-03-14,0.4259999990463257,0.4259999990463257,0.4259999990463257,0.4259999990463257,114
2023-03-15,0.4259999990463257,0.4259999990463257,0.4259999990463257,0.4259999990463257,0
2023-03-16,0.4259999990463257,0.4259999990463257,0.4259999990463257,0.4259999990463257,0
2023-03-17,0.4259999990463257,0.4259999990463257,0.4259999990463257,0.4259999990463257,0
2023-03-20,0.39100000262260437,0.4090000092983246,0.39100000262260437,0.4090000092983246,102
2023-03-21,0.4090000092983246,0.4090000092983246,0.38999998569488525,0.38999998569488525,2520
2023-03-22,0.38999998569488525,0.38999998569488525,0.38999998569488525,0.38999998569488525,200
2023-03-23,0.38999998569488525,0.38999998569488525,0.38999998569488525,0.38999998569488525,0
2023-03-24,0.39899998903274536,0.39899998903274536,0.39899998903274536,0.39899998903274536,2500
2023-03-27,0.39500001072883606,0.39500001072883606,0.38999998569488525,0.38999998569488525,2878
2023-03-28,0.38999998569488525,0.38999998569488525,0.38999998569488525,0.38999998569488525,0
2023-03-29,0.38999998569488525,0.38999998569488525,0.38999998569488525,0.38999998569488525,16
2023-03-30,0.38999998569488525,0.38999998569488525,0.38999998569488525,0.38999998569488525,0
2023-03-31,0.38999998569488525,0.38999998569488525,0.38999998569488525,0.38999998569488525,0
2023-04-03,0.38999998569488525,0.38999998569488525,0.38999998569488525,0.38999998569488525,0
2023-04-04,0.4000000059604645,0.4000000059604645,0.4000000059604645,0.4000000059604645,3000
2023-04-05,0.38999998569488525,0.38999998569488525,0.38999998569488525,0.38999998569488525,500
2023-04-06,0.38999998569488525,0.38999998569488525,0.38999998569488525,0.38999998569488525,0
2023-04-11,0.38999998569488525,0.38999998569488525,0.38999998569488525,0.38999998569488525,0
2023-04-12,0.38999998569488525,0.38999998569488525,0.38999998569488525,0.38999998569488525,0
2023-04-13,0.38999998569488525,0.38999998569488525,0.38999998569488525,0.38999998569488525,0
2023-04-14,0.38999998569488525,0.38999998569488525,0.38999998569488525,0.38999998569488525,9300
2023-04-17,0.38499999046325684,0.38499999046325684,0.38499999046325684,0.38499999046325684,1248
2023-04-18,0.4000000059604645,0.4000000059604645,0.4000000059604645,0.4000000059604645,14118
2023-04-19,0.4099999964237213,0.4189999997615814,0.4099999964237213,0.4189999997615814,700
2023-04-20,0.4180000126361847,0.4180000126361847,0.4180000126361847,0.4180000126361847,1000
2023-04-21,0.4099999964237213,0.4099999964237213,0.4099999964237213,0.4099999964237213,483
2023-04-24,0.3799999952316284,0.3799999952316284,0.3799999952316284,0.3799999952316284,133
2023-04-25,0.3799999952316284,0.3799999952316284,0.3799999952316284,0.3799999952316284,0
2023-04-26,0.3799999952316284,0.3799999952316284,0.3799999952316284,0.3799999952316284,867
2023-04-27,0.3799999952316284,0.3799999952316284,0.3799999952316284,0.3799999952316284,4382
2023-04-28,0.3799999952316284,0.414000004529953,0.3799999952316284,0.414000004529953,1989
2023-05-02,0.414000004529953,0.414000004529953,0.414000004529953,0.414000004529953,0
2023-05-04,0.414000004529953,0.414000004529953,0.414000004529953,0.414000004529953,0
2023-05-05,0.414000004529953,0.414000004529953,0.414000004529953,0.414000004529953,1800
2023-05-08,0.3840000033378601,0.3840000033378601,0.3840000033378601,0.3840000033378601,580
2023-05-09,0.38199999928474426,0.4099999964237213,0.38199999928474426,0.4099999964237213,2310
2023-05-10,0.41600000858306885,0.41600000858306885,0.41600000858306885,0.41600000858306885,2893
2023-05-11,0.41600000858306885,0.41600000858306885,0.41600000858306885,0.41600000858306885,0
2023-05-12,0.41600000858306885,0.41600000858306885,0.41600000858306885,0.41600000858306885,0
2023-05-15,0.38999998569488525,0.38999998569488525,0.38999998569488525,0.38999998569488525,4622
2023-05-16,0.38999998569488525,0.414000004529953,0.38999998569488525,0.414000004529953,612
2023-05-17,0.414000004529953,0.414000004529953,0.414000004529953,0.414000004529953,0
2023-05-18,0.3880000114440918,0.4099999964237213,0.3880000114440918,0.4099999964237213,224
2023-05-19,0.3880000114440918,0.4000000059604645,0.3880000114440918,0.4000000059604645,708
2023-05-22,0.4000000059604645,0.4000000059604645,0.4000000059604645,0.4000000059604645,0
2023-05-23,0.4000000059604645,0.4000000059604645,0.4000000059604645,0.4000000059604645,0
2023-05-24,0.40799999237060547,0.40799999237060547,0.40799999237060547,0.40799999237060547,333
2023-05-25,0.40799999237060547,0.40799999237060547,0.40799999237060547,0.40799999237060547,0
2023-05-26,0.40799999237060547,0.40799999237060547,0.40799999237060547,0.40799999237060547,0
2023-05-29,0.40799999237060547,0.40799999237060547,0.40799999237060547,0.40799999237060547,0
2023-05-30,0.40799999237060547,0.40799999237060547,0.40799999237060547,0.40799999237060547,0
2023-05-31,0.38600000739097595,0.4000000059604645,0.38600000739097595,0.4000000059604645,2066
2023-06-01,0.4000000059604645,0.4000000059604645,0.4000000059604645,0.4000000059604645,2000
2023-06-02,0.4000000059604645,0.4000000059604645,0.4000000059604645,0.4000000059604645,0
2023-06-05,0.4000000059604645,0.4000000059604645,0.4000000059604645,0.4000000059604645,0
2023-06-06,0.4000000059604645,0.4000000059604645,0.4000000059604645,0.4000000059604645,0
2023-06-07,0.4000000059604645,0.4000000059604645,0.4000000059604645,0.4000000059604645,0
2023-06-09,0.25600001215934753,0.25600001215934753,0.25600001215934753,0.25600001215934753,15084
2023-06-12,0.30000001192092896,0.30000001192092896,0.30000001192092896,0.30000001192092896,14614
2023-06-13,0.33000001311302185,0.33000001311302185,0.33000001311302185,0.33000001311302185,4693
2023-06-14,0.33000001311302185,0.33000001311302185,0.33000001311302185,0.33000001311302185,30
2023-06-15,0.2879999876022339,0.3100000023841858,0.2879999876022339,0.3100000023841858,410
2023-06-16,0.30799999833106995,0.30799999833106995,0.30799999833106995,0.30799999833106995,3398
2023-06-19,0.3100000023841858,0.3100000023841858,0.3100000023841858,0.3100000023841858,4695
2023-06-20,0.3100000023841858,0.3100000023841858,0.3100000023841858,0.3100000023841858,0
2023-06-21,0.30000001192092896,0.3100000023841858,0.30000001192092896,0.3100000023841858,613
2023-06-22,0.3100000023841858,0.3100000023841858,0.3100000023841858,0.3100000023841858,0
2023-06-23,0.3100000023841858,0.3100000023841858,0.3100000023841858,0.3100000023841858,0
2023-06-26,0.3100000023841858,0.3100000023841858,0.3100000023841858,0.3100000023841858,0
2023-06-27,0.3479999899864197,0.3479999899864197,0.33399999141693115,0.33399999141693115,1434
2023-06-28,0.3400000035762787,0.3400000035762787,0.3400000035762787,0.3400000035762787,3179
2023-06-29,0.3400000035762787,0.3400000035762787,0.3400000035762787,0.3400000035762787,0
2023-06-30,0.33000001311302185,0.33000001311302185,0.33000001311302185,0.33000001311302185,200
2023-07-03,0.33000001311302185,0.33000001311302185,0.3100000023841858,0.3100000023841858,212
2023-07-04,0.3100000023841858,0.3100000023841858,0.3100000023841858,0.3100000023841858,0
2023-07-05,0.3100000023841858,0.3100000023841858,0.3100000023841858,0.3100000023841858,21
2023-07-06,0.3100000023841858,0.3100000023841858,0.3100000023841858,0.3100000023841858,0
2023-07-07,0.3100000023841858,0.3100000023841858,0.3100000023841858,0.3100000023841858,0
2023-07-10,0.3479999899864197,0.3479999899864197,0.3479999899864197,0.3479999899864197,840
2023-07-11,0.3499999940395355,0.3840000033378601,0.3499999940395355,0.3840000033378601,9211
2023-07-12,0.3799999952316284,0.3799999952316284,0.3799999952316284,0.3799999952316284,2841
2023-07-13,0.3799999952316284,0.3799999952316284,0.3799999952316284,0.3799999952316284,0
2023-07-14,0.4000000059604645,0.4000000059604645,0.4000000059604645,0.4000000059604645,3542
2023-07-17,0.4099999964237213,0.4099999964237213,0.4099999964237213,0.4099999964237213,2134
2023-07-18,0.4399999976158142,0.4399999976158142,0.4399999976158142,0.4399999976158142,14677
2023-07-19,0.4399999976158142,0.4399999976158142,0.4399999976158142,0.4399999976158142,0
2023-07-20,0.4300000071525574,0.4300000071525574,0.4300000071525574,0.4300000071525574,1300
2023-07-21,0.3799999952316284,0.3799999952316284,0.3799999952316284,0.3799999952316284,597
2023-07-24,0.3799999952316284,0.3799999952316284,0.3799999952316284,0.3799999952316284,0
2023-07-25,0.3799999952316284,0.3799999952316284,0.3799999952316284,0.3799999952316284,1
2023-07-26,0.4300000071525574,0.4300000071525574,0.4300000071525574,0.4300000071525574,500
2023-07-27,0.4399999976158142,0.4399999976158142,0.4399999976158142,0.4399999976158142,2416
2023-07-28,0.4300000071525574,0.4300000071525574,0.4300000071525574,0.4300000071525574,1500
2023-07-31,0.4300000071525574,0.4300000071525574,0.4300000071525574,0.4300000071525574,0
2023-08-01,0.4000000059604645,0.4000000059604645,0.4000000059604645,0.4000000059604645,750
2023-08-02,0.4000000059604645,0.4000000059604645,0.4000000059604645,0.4000000059604645,1251
2023-08-03,0.3700000047683716,0.3700000047683716,0.3700000047683716,0.3700000047683716,100
2023-08-04,0.4000000059604645,0.4000000059604645,0.4000000059604645,0.4000000059604645,3205
2023-08-07,0.4000000059604645,0.4000000059604645,0.4000000059604645,0.4000000059604645,140
2023-08-08,0.4000000059604645,0.4000000059604645,0.4000000059604645,0.4000000059604645,0
2023-08-09,0.3700000047683716,0.3799999952316284,0.3700000047683716,0.3799999952316284,708
2023-08-10,0.3700000047683716,0.3700000047683716,0.3700000047683716,0.3700000047683716,40
2023-08-11,0.3700000047683716,0.3700000047683716,0.3700000047683716,0.3700000047683716,0
2023-08-14,0.38999998569488525,0.41999998688697815,0.38999998569488525,0.41999998688697815,5000
2023-08-16,0.4399999976158142,0.4399999976158142,0.4300000071525574,0.4300000071525574,16377
2023-08-17,0.4300000071525574,0.4300000071525574,0.4300000071525574,0.4300000071525574,0
2023-08-18,0.4300000071525574,0.4300000071525574,0.4300000071525574,0.4300000071525574,0
2023-08-21,0.4300000071525574,0.4300000071525574,0.4300000071525574,0.4300000071525574,4192
2023-08-22,0.4300000071525574,0.4300000071525574,0.4300000071525574,0.4300000071525574,0
2023-08-23,0.4300000071525574,0.4300000071525574,0.4300000071525574,0.4300000071525574,0
2023-08-24,0.4000000059604645,0.4020000100135803,0.4000000059604645,0.4020000100135803,2421
2023-08-25,0.43799999356269836,0.43799999356269836,0.4339999854564667,0.4339999854564667,520
2023-08-28,0.4300000071525574,0.4300000071525574,0.4300000071525574,0.4300000071525574,1500
2023-08-29,0.4300000071525574,0.4300000071525574,0.4300000071525574,0.4300000071525574,0
2023-08-30,0.4300000071525574,0.4300000071525574,0.4300000071525574,0.4300000071525574,0
2023-08-31,0.4300000071525574,0.4300000071525574,0.4300000071525574,0.4300000071525574,0
2023-09-01,0.4099999964237213,0.4099999964237213,0.4099999964237213,0.4099999964237213,100
2023-09-04,0.4020000100135803,0.4020000100135803,0.4000000059604645,0.4000000059604645,6398
2023-09-05,0.4000000059604645,0.4000000059604645,0.4000000059604645,0.4000000059604645,0
2023-09-06,0.38999998569488525,0.38999998569488525,0.38999998569488525,0.38999998569488525,900
2023-09-07,0.38999998569488525,0.38999998569488525,0.38999998569488525,0.38999998569488525,0
2023-09-08,0.38999998569488525,0.38999998569488525,0.38999998569488525,0.38999998569488525,0
2023-09-11,0.38999998569488525,0.38999998569488525,0.38999998569488525,0.38999998569488525,0
2023-09-12,0.4339999854564667,0.4339999854564667,0.4339999854564667,0.4339999854564667,2256
2023-09-13,0.4339999854564667,0.4339999854564667,0.4339999854564667,0.4339999854564667,216
2023-09-14,0.4339999854564667,0.4339999854564667,0.4339999854564667,0.4339999854564667,0
2023-09-15,0.4339999854564667,0.4339999854564667,0.4339999854564667,0.4339999854564667,0
2023-09-18,0.4339999854564667,0.4339999854564667,0.4339999854564667,0.4339999854564667,0
2023-09-19,0.38199999928474426,0.38199999928474426,0.38199999928474426,0.38199999928474426,173
2023-09-20,0.38199999928474426,0.38199999928474426,0.38199999928474426,0.38199999928474426,236
2023-09-21,0.38199999928474426,0.38199999928474426,0.38199999928474426,0.38199999928474426,0
2023-09-22,0.38199999928474426,0.38199999928474426,0.38199999928474426,0.38199999928474426,0
2023-09-25,0.4300000071525574,0.4300000071525574,0.4300000071525574,0.4300000071525574,1050
2023-09-26,0.3799999952316284,0.42800000309944153,0.3799999952316284,0.42800000309944153,2989
2023-09-27,0.42800000309944153,0.42800000309944153,0.42800000309944153,0.42800000309944153,0
2023-09-28,0.42800000309944153,0.42800000309944153,0.42800000309944153,0.42800000309944153,0
2023-09-29,0.42800000309944153,0.42800000309944153,0.42800000309944153,0.42800000309944153,0
2023-10-02,0.42800000309944153,0.42800000309944153,0.42800000309944153,0.42800000309944153,0
2023-10-03,0.42800000309944153,0.42800000309944153,0.42800000309944153,0.42800000309944153,0
2023-10-04,0.42800000309944153,0.42800000309944153,0.42800000309944153,0.42800000309944153,0
2023-10-05,0.42800000309944153,0.42800000309944153,0.42800000309944153,0.42800000309944153,0
2023-10-06,0.42800000309944153,0.42800000309944153,0.42800000309944153,0.42800000309944153,0
2023-10-09,0.4259999990463257,0.4259999990463257,0.4259999990463257,0.4259999990463257,100
2023-10-10,0.4259999990463257,0.4259999990463257,0.4259999990463257,0.4259999990463257,0
2023-10-11,0.4259999990463257,0.4259999990463257,0.4259999990463257,0.4259999990463257,0
2023-10-12,0.4259999990463257,0.4259999990463257,0.4259999990463257,0.4259999990463257,0
2023-10-13,0.38999998569488525,0.4099999964237213,0.38999998569488525,0.4099999964237213,1229
2023-10-16,0.4000000059604645,0.4000000059604645,0.4000000059604645,0.4000000059604645,1001
2023-10-17,0.42800000309944153,0.42800000309944153,0.42800000309944153,0.42800000309944153,10
2023-10-18,0.42800000309944153,0.42800000309944153,0.42800000309944153,0.42800000309944153,1000
2023-10-19,0.3799999952316284,0.3799999952316284,0.3799999952316284,0.3799999952316284,4422
2023-10-20,0.41999998688697815,0.41999998688697815,0.41999998688697815,0.41999998688697815,5
2023-10-23,0.41999998688697815,0.41999998688697815,0.41999998688697815,0.41999998688697815,1700
2023-10-24,0.41999998688697815,0.41999998688697815,0.41999998688697815,0.41999998688697815,0
2023-10-25,0.41999998688697815,0.41999998688697815,0.41999998688697815,0.41999998688697815,0
2023-10-26,0.41999998688697815,0.41999998688697815,0.41999998688697815,0.41999998688697815,0
2023-10-27,0.41999998688697815,0.41999998688697815,0.41999998688697815,0.41999998688697815,0
2023-10-30,0.41999998688697815,0.41999998688697815,0.41999998688697815,0.41999998688697815,0
2023-10-31,0.41999998688697815,0.41999998688697815,0.41999998688697815,0.41999998688697815,0
2023-11-02,0.3799999952316284,0.3799999952316284,0.3799999952316284,0.3799999952316284,5149
2023-11-03,0.38199999928474426,0.4099999964237213,0.38199999928474426,0.4099999964237213,472
2023-11-06,0.4000000059604645,0.4000000059604645,0.4000000059604645,0.4000000059604645,2370
2023-11-07,0.4000000059604645,0.4000000059604645,0.4000000059604645,0.4000000059604645,0
2023-11-08,0.4000000059604645,0.4000000059604645,0.4000000059604645,0.4000000059604645,100
2023-11-09,0.3100000023841858,0.3880000114440918,0.3100000023841858,0.3880000114440918,28010
2023-11-10,0.3880000114440918,0.3880000114440918,0.3880000114440918,0.3880000114440918,0
2023-11-13,0.33000001311302185,0.33000001311302185,0.33000001311302185,0.33000001311302185,240
2023-11-14,0.33000001311302185,0.33000001311302185,0.33000001311302185,0.33000001311302185,0
2023-11-15,0.3799999952316284,0.3799999952316284,0.3799999952316284,0.3799999952316284,11
2023-11-16,0.3799999952316284,0.3799999952316284,0.3799999952316284,0.3799999952316284,0
2023-11-17,0.3700000047683716,0.3700000047683716,0.3700000047683716,0.3700000047683716,586
2023-11-20,0.36000001430511475,0.36000001430511475,0.3499999940395355,0.3499999940395355,4839
2023-11-21,0.3479999899864197,0.3479999899864197,0.3479999899864197,0.3479999899864197,3630
2023-11-22,0.33000001311302185,0.33000001311302185,0.32199999690055847,0.32199999690055847,13860
2023-11-23,0.32199999690055847,0.32199999690055847,0.32199999690055847,0.32199999690055847,120
2023-11-24,0.32199999690055847,0.32199999690055847,0.32199999690055847,0.32199999690055847,0
2023-11-27,0.32199999690055847,0.35199999809265137,0.32199999690055847,0.35199999809265137,2799
2023-11-28,0.3199999928474426,0.3499999940395355,0.3199999928474426,0.3499999940395355,2199
2023-11-29,0.32199999690055847,0.3499999940395355,0.32199999690055847,0.3499999940395355,37
2023-11-30,0.3199999928474426,0.3499999940395355,0.3199999928474426,0.3499999940395355,2766
2023-12-01,0.3199999928474426,0.32199999690055847,0.3199999928474426,0.32199999690055847,3522
2023-12-04,0.32199999690055847,0.3499999940395355,0.32199999690055847,0.3499999940395355,283
2023-12-05,0.3499999940395355,0.3499999940395355,0.3499999940395355,0.3499999940395355,2650
2023-12-06,0.3100000023841858,0.31200000643730164,0.3100000023841858,0.31200000643730164,14897
2023-12-07,0.31200000643730164,0.3140000104904175,0.31200000643730164,0.3140000104904175,620
2023-12-08,0.31200000643730164,0.3140000104904175,0.31200000643730164,0.3140000104904175,12534
2023-12-11,0.3140000104904175,0.3140000104904175,0.3140000104904175,0.3140000104904175,283
2023-12-12,0.31200000643730164,0.31200000643730164,0.31200000643730164,0.31200000643730164,6975
2023-12-13,0.31200000643730164,0.31200000643730164,0.31200000643730164,0.31200000643730164,260
2023-12-14,0.31200000643730164,0.31200000643730164,0.31200000643730164,0.31200000643730164,725
2023-12-15,0.3199999928474426,0.3199999928474426,0.3199999928474426,0.3199999928474426,2322
2023-12-18,0.34599998593330383,0.34599998593330383,0.3400000035762787,0.3400000035762787,2250
2023-12-19,0.3140000104904175,0.3140000104904175,0.3140000104904175,0.3140000104904175,200
2023-12-20,0.31200000643730164,0.31200000643730164,0.31200000643730164,0.31200000643730164,9540
2023-12-21,0.31200000643730164,0.31200000643730164,0.31200000643730164,0.31200000643730164,0
2023-12-22,0.30399999022483826,0.3059999942779541,0.30399999022483826,0.3059999942779541,2698
2023-12-27,0.30399999022483826,0.30399999022483826,0.30399999022483826,0.30399999022483826,5462
2023-12-28,0.30399999022483826,0.30399999022483826,0.30399999022483826,0.30399999022483826,1586
2023-12-29,0.3100000023841858,0.3100000023841858,0.3100000023841858,0.3100000023841858,1659
2024-01-02,0.30799999833106995,0.30799999833106995,0.30799999833106995,0.30799999833106995,1000
2024-01-03,0.30799999833106995,0.30799999833106995,0.30799999833106995,0.30799999833106995,0
2024-01-04,0.3019999861717224,0.3019999861717224,0.3019999861717224,0.3019999861717224,2000
2024-01-05,0.3100000023841858,0.328000009059906,0.3100000023841858,0.328000009059906,867
2024-01-08,0.328000009059906,0.328000009059906,0.328000009059906,0.328000009059906,3115
2024-01-09,0.328000009059906,0.328000009059906,0.328000009059906,0.328000009059906,0
2024-01-10,0.328000009059906,0.328000009059906,0.328000009059906,0.328000009059906,0
2024-01-11,0.328000009059906,0.328000009059906,0.328000009059906,0.328000009059906,0
2024-01-12,0.328000009059906,0.335999995470047,0.328000009059906,0.335999995470047,3441
2024-01-15,0.33799999952316284,0.33799999952316284,0.33799999952316284,0.33799999952316284,1450
2024-01-16,0.328000009059906,0.328000009059906,0.328000009059906,0.328000009059906,193
2024-01-17,0.328000009059906,0.328000009059906,0.328000009059906,0.328000009059906,40
2024-01-18,0.328000009059906,0.328000009059906,0.328000009059906,0.328000009059906,0
2024-01-19,0.328000009059906,0.328000009059906,0.328000009059906,0.328000009059906,70
2024-01-22,0.33799999952316284,0.33799999952316284,0.328000009059906,0.328000009059906,500
2024-01-23,0.33799999952316284,0.33799999952316284,0.33799999952316284,0.33799999952316284,60
2024-01-24,0.33799999952316284,0.33799999952316284,0.33799999952316284,0.33799999952316284,1000
2024-01-25,0.33799999952316284,0.33799999952316284,0.33799999952316284,0.33799999952316284,0
2024-01-26,0.33799999952316284,0.33799999952316284,0.33799999952316284,0.33799999952316284,100
2024-01-29,0.33799999952316284,0.33799999952316284,0.33799999952316284,0.33799999952316284,0
2024-01-30,0.33799999952316284,0.33799999952316284,0.33799999952316284,0.33799999952316284,669
2024-01-31,0.33799999952316284,0.33799999952316284,0.33799999952316284,0.33799999952316284,400
2024-02-01,0.33799999952316284,0.33799999952316284,0.33799999952316284,0.33799999952316284,389
2024-02-02,0.33799999952316284,0.33799999952316284,0.33799999952316284,0.33799999952316284,0
2024-02-05,0.33799999952316284,0.33799999952316284,0.33799999952316284,0.33799999952316284,700
2024-02-06,0.3140000104904175,0.3140000104904175,0.3140000104904175,0.3140000104904175,2820
2024-02-07,0.3179999887943268,0.3179999887943268,0.3179999887943268,0.3179999887943268,1793
2024-02-08,0.3179999887943268,0.3179999887943268,0.3179999887943268,0.3179999887943268,0
2024-02-09,0.3179999887943268,0.3179999887943268,0.3179999887943268,0.3179999887943268,0
2024-02-12,0.335999995470047,0.335999995470047,0.335999995470047,0.335999995470047,333
2024-02-13,0.34599998593330383,0.34599998593330383,0.34599998593330383,0.34599998593330383,1100
2024-02-14,0.37599998712539673,0.37599998712539673,0.37599998712539673,0.37599998712539673,6058
2024-02-15,0.39399999380111694,0.39399999380111694,0.39399999380111694,0.39399999380111694,8233
2024-02-16,0.3959999978542328,0.3959999978542328,0.39399999380111694,0.39399999380111694,691
2024-02-19,0.3499999940395355,0.3499999940395355,0.3499999940395355,0.3499999940395355,425
2024-02-20,0.32600000500679016,0.335999995470047,0.32600000500679016,0.335999995470047,5358
2024-02-21,0.335999995470047,0.335999995470047,0.335999995470047,0.335999995470047,0
2024-02-22,0.32600000500679016,0.32600000500679016,0.32600000500679016,0.32600000500679016,1100
2024-02-23,0.3240000009536743,0.35600000619888306,0.3240000009536743,0.35600000619888306,7498
2024-02-26,0.33000001311302185,0.3499999940395355,0.33000001311302185,0.3499999940395355,9116
2024-02-27,0.3540000021457672,0.3540000021457672,0.35199999809265137,0.35199999809265137,6178
2024-02-28,0.35199999809265137,0.35199999809265137,0.35199999809265137,0.35199999809265137,0
2024-02-29,0.35199999809265137,0.35199999809265137,0.35199999809265137,0.35199999809265137,0
2024-03-01,0.35199999809265137,0.35199999809265137,0.35199999809265137,0.35199999809265137,7
2024-03-04,0.36800000071525574,0.36800000071525574,0.36800000071525574,0.36800000071525574,1100
2024-03-05,0.35199999809265137,0.3700000047683716,0.35199999809265137,0.3700000047683716,2270
2024-03-06,0.3700000047683716,0.3700000047683716,0.3700000047683716,0.3700000047683716,0
2024-03-07,0.3700000047683716,0.3700000047683716,0.3700000047683716,0.3700000047683716,100
2024-03-08,0.3700000047683716,0.3700000047683716,0.3700000047683716,0.3700000047683716,0
2024-03-11,0.3700000047683716,0.3700000047683716,0.3700000047683716,0.3700000047683716,0
2024-03-12,0.36000001430511475,0.36000001430511475,0.36000001430511475,0.36000001430511475,700
2024-03-13,0.36800000071525574,0.36800000071525574,0.36800000071525574,0.36800000071525574,5184
2024-03-14,0.36800000071525574,0.3700000047683716,0.36800000071525574,0.3700000047683716,1891
2024-03-15,0.3799999952316284,0.3799999952316284,0.3799999952316284,0.3799999952316284,569
2024-03-18,0.39800000190734863,0.39800000190734863,0.39800000190734863,0.39800000190734863,2908
2024-03-19,0.39800000190734863,0.39800000190734863,0.39800000190734863,0.39800000190734863,50
2024-03-20,0.3799999952316284,0.3799999952316284,0.3799999952316284,0.3799999952316284,1400
2024-03-21,0.3799999952316284,0.3799999952316284,0.3799999952316284,0.3799999952316284,155
2024-03-22,0.36000001430511475,0.36000001430511475,0.36000001430511475,0.36000001430511475,1834
2024-03-25,0.36000001430511475,0.36000001430511475,0.36000001430511475,0.36000001430511475,776
2024-03-26,0.4000000059604645,0.4000000059604645,0.4000000059604645,0.4000000059604645,615
2024-03-27,0.3160000145435333,0.3319999873638153,0.3160000145435333,0.3319999873638153,24729
2024-03-28,0.3319999873638153,0.3319999873638153,0.3319999873638153,0.3319999873638153,0
2024-04-02,0.335999995470047,0.3799999952316284,0.335999995470047,0.3799999952316284,1309
2024-04-03,0.3199999928474426,0.3199999928474426,0.3199999928474426,0.3199999928474426,420
2024-04-04,0.3400000035762787,0.3400000035762787,0.3140000104904175,0.3140000104904175,3299
2024-04-05,0.3440000116825104,0.3440000116825104,0.3440000116825104,0.3440000116825104,6
2024-04-08,0.34200000762939453,0.34200000762939453,0.34200000762939453,0.34200000762939453,1891
2024-04-09,0.3499999940395355,0.3700000047683716,0.3499999940395355,0.3700000047683716,9907
2024-04-10,0.3700000047683716,0.3700000047683716,0.3700000047683716,0.3700000047683716,0
2024-04-11,0.3799999952316284,0.3799999952316284,0.3799999952316284,0.3799999952316284,3400
2024-04-12,0.3799999952316284,0.3959999978542328,0.3799999952316284,0.3959999978542328,2768
2024-04-15,0.3799999952316284,0.3799999952316284,0.3799999952316284,0.3799999952316284,325
2024-04-16,0.3799999952316284,0.3799999952316284,0.3799999952316284,0.3799999952316284,0
2024-04-17,0.3799999952316284,0.3799999952316284,0.3799999952316284,0.3799999952316284,0
2024-04-18,0.3799999952316284,0.3799999952316284,0.3799999952316284,0.3799999952316284,0
2024-04-19,0.4099999964237213,0.4099999964237213,0.38999998569488525,0.38999998569488525,23566
2024-04-22,0.4000000059604645,0.4000000059604645,0.4000000059604645,0.4000000059604645,2334
2024-04-23,0.4099999964237213,0.4099999964237213,0.4099999964237213,0.4099999964237213,4700
2024-04-24,0.4000000059604645,0.4000000059604645,0.4000000059604645,0.4000000059604645,166
2024-04-25,0.3959999978542328,0.3959999978542328,0.3959999978542328,0.3959999978542328,760
2024-04-26,0.3499999940395355,0.3499999940395355,0.3499999940395355,0.3499999940395355,1836
2024-04-29,0.3499999940395355,0.3499999940395355,0.3499999940395355,0.3499999940395355,0
2024-04-30,0.3959999978542328,0.3959999978542328,0.3959999978542328,0.3959999978542328,1000
2024-05-02,0.35199999809265137,0.3959999978542328,0.35199999809265137,0.3959999978542328,2168
2024-05-06,0.4000000059604645,0.41999998688697815,0.4000000059604645,0.41999998688697815,16928
2024-05-07,0.41999998688697815,0.41999998688697815,0.41999998688697815,0.41999998688697815,7217
2024-05-08,0.41200000047683716,0.41200000047683716,0.41200000047683716,0.41200000047683716,155
2024-05-09,0.41200000047683716,0.41200000047683716,0.41200000047683716,0.41200000047683716,0
2024-05-10,0.41200000047683716,0.41200000047683716,0.41200000047683716,0.41200000047683716,0
2024-05-13,0.41200000047683716,0.41200000047683716,0.41200000047683716,0.41200000047683716,0
2024-05-14,0.36000001430511475,0.36000001430511475,0.36000001430511475,0.36000001430511475,1200
2024-05-15,0.36000001430511475,0.36000001430511475,0.36000001430511475,0.36000001430511475,0
2024-05-16,0.36000001430511475,0.36000001430511475,0.36000001430511475,0.36000001430511475,0
2024-05-17,0.36000001430511475,0.36000001430511475,0.36000001430511475,0.36000001430511475,0
2024-05-20,0.36000001430511475,0.36000001430511475,0.36000001430511475,0.36000001430511475,0
2024-05-21,0.421999990940094,0.42399999499320984,0.421999990940094,0.42399999499320984,3800
2024-05-22,0.42800000309944153,0.42800000309944153,0.42800000309944153,0.42800000309944153,1500
2024-05-23,0.42800000309944153,0.42800000309944153,0.42800000309944153,0.42800000309944153,0
2024-05-24,0.42800000309944153,0.42800000309944153,0.42800000309944153,0.42800000309944153,0
2024-05-27,0.42800000309944153,0.42800000309944153,0.42800000309944153,0.42800000309944153,0
2024-05-28,0.3700000047683716,0.4259999990463257,0.3700000047683716,0.4259999990463257,800
2024-05-29,0.4259999990463257,0.4259999990463257,0.4259999990463257,0.4259999990463257,0
2024-05-31,0.4259999990463257,0.4259999990463257,0.4259999990463257,0.4259999990463257,0
2024-06-03,0.4259999990463257,0.4259999990463257,0.4259999990463257,0.4259999990463257,0
2024-06-04,0.4259999990463257,0.4259999990463257,0.4259999990463257,0.4259999990463257,0
2024-06-05,0.4259999990463257,0.4259999990463257,0.4259999990463257,0.4259999990463257,100
2024-06-06,0.4259999990463257,0.4259999990463257,0.4259999990463257,0.4259999990463257,0
2024-06-07,0.4259999990463257,0.4259999990463257,0.4259999990463257,0.4259999990463257,0
2024-06-10,0.4259999990463257,0.4259999990463257,0.4259999990463257,0.4259999990463257,0
2024-06-11,0.4259999990463257,0.4259999990463257,0.4259999990463257,0.4259999990463257,1388
2024-06-12,0.4259999990463257,0.4259999990463257,0.4259999990463257,0.4259999990463257,0
2024-06-13,0.4259999990463257,0.4259999990463257,0.4259999990463257,0.4259999990463257,0
2024-06-14,0.4300000071525574,0.4300000071525574,0.4300000071525574,0.4300000071525574,4000
2024-06-17,0.4300000071525574,0.4300000071525574,0.4300000071525574,0.4300000071525574,0
2024-06-18,0.4300000071525574,0.4300000071525574,0.4300000071525574,0.4300000071525574,0
2024-06-19,0.4300000071525574,0.4300000071525574,0.4300000071525574,0.4300000071525574,0
2024-06-20,0.3619999885559082,0.3619999885559082,0.3619999885559082,0.3619999885559082,80
2024-06-21,0.4300000071525574,0.4300000071525574,0.4300000071525574,0.4300000071525574,2000
2024-06-24,0.4300000071525574,0.4300000071525574,0.4300000071525574,0.4300000071525574,1
2024-06-25,0.4300000071525574,0.4300000071525574,0.4300000071525574,0.4300000071525574,0
2024-06-26,0.4300000071525574,0.4300000071525574,0.4300000071525574,0.4300000071525574,1200
2024-06-27,0.4300000071525574,0.4300000071525574,0.4300000071525574,0.4300000071525574,0
2024-06-28,0.4300000071525574,0.4300000071525574,0.4300000071525574,0.4300000071525574,0
2024-07-01,0.3540000021457672,0.3619999885559082,0.3540000021457672,0.3619999885559082,2956
2024-07-02,0.3619999885559082,0.36399999260902405,0.3619999885559082,0.36399999260902405,3167
2024-07-03,0.36000001430511475,0.36000001430511475,0.36000001430511475,0.36000001430511475,169
2024-07-04,0.36000001430511475,0.36000001430511475,0.36000001430511475,0.36000001430511475,616
2024-07-05,0.3700000047683716,0.3700000047683716,0.3700000047683716,0.3700000047683716,200
2024-07-08,0.3700000047683716,0.3700000047683716,0.3700000047683716,0.3700000047683716,0
2024-07-09,0.35600000619888306,0.3799999952316284,0.35600000619888306,0.3799999952316284,1005
2024-07-10,0.3799999952316284,0.3799999952316284,0.3799999952316284,0.3799999952316284,0
2024-07-11,0.3799999952316284,0.3799999952316284,0.3799999952316284,0.3799999952316284,0
2024-07-12,0.3540000021457672,0.3540000021457672,0.3540000021457672,0.3540000021457672,1000
2024-07-15,0.3799999952316284,0.3799999952316284,0.3540000021457672,0.3540000021457672,4694
2024-07-16,0.3799999952316284,0.3799999952316284,0.3799999952316284,0.3799999952316284,3299
2024-07-17,0.3799999952316284,0.3799999952316284,0.3799999952316284,0.3799999952316284,0
2024-07-18,0.3799999952316284,0.3799999952316284,0.3799999952316284,0.3799999952316284,750
2024-07-19,0.3799999952316284,0.3799999952316284,0.3799999952316284,0.3799999952316284,0
2024-07-22,0.3540000021457672,0.3540000021457672,0.3540000021457672,0.3540000021457672,200
2024-07-23,0.3540000021457672,0.3540000021457672,0.3540000021457672,0.3540000021457672,0
2024-07-24,0.39800000190734863,0.39800000190734863,0.39800000190734863,0.39800000190734863,10
2024-07-25,0.39800000190734863,0.39800000190734863,0.39800000190734863,0.39800000190734863,0
2024-07-26,0.3540000021457672,0.3540000021457672,0.3540000021457672,0.3540000021457672,5000
2024-07-29,0.3540000021457672,0.3540000021457672,0.3499999940395355,0.3499999940395355,2943
2024-07-30,0.3499999940395355,0.3499999940395355,0.3499999940395355,0.3499999940395355,0
2024-07-31,0.3779999911785126,0.3779999911785126,0.3779999911785126,0.3779999911785126,1200
2024-08-01,0.4099999964237213,0.4099999964237213,0.4099999964237213,0.4099999964237213,7
2024-08-02,0.3919999897480011,0.3919999897480011,0.3919999897480011,0.3919999897480011,750
2024-08-05,0.3700000047683716,0.3700000047683716,0.3700000047683716,0.3700000047683716,534
2024-08-06,0.3700000047683716,0.3700000047683716,0.3700000047683716,0.3700000047683716,276
2024-08-07,0.3700000047683716,0.3700000047683716,0.3700000047683716,0.3700000047683716,0
2024-08-08,0.3499999940395355,0.3700000047683716,0.3499999940395355,0.3700000047683716,2502
2024-08-09,0.3700000047683716,0.3700000047683716,0.3700000047683716,0.3700000047683716,0
2024-08-12,0.3700000047683716,0.3700000047683716,0.3700000047683716,0.3700000047683716,0
2024-08-13,0.3700000047683716,0.3700000047683716,0.3700000047683716,0.3700000047683716,0
2024-08-14,0.3499999940395355,0.3499999940395355,0.3499999940395355,0.3499999940395355,1197
2024-08-16,0.3499999940395355,0.3499999940395355,0.3499999940395355,0.3499999940395355,0
2024-08-19,0.3240000009536743,0.32600000500679016,0.3240000009536743,0.32600000500679016,751
2024-08-20,0.3319999873638153,0.3700000047683716,0.3319999873638153,0.3700000047683716,409
2024-08-21,0.3700000047683716,0.3700000047683716,0.3700000047683716,0.3700000047683716,580
2024-08-22,0.3499999940395355,0.3700000047683716,0.3499999940395355,0.3700000047683716,2275
2024-08-23,0.3700000047683716,0.3700000047683716,0.3700000047683716,0.3700000047683716,0
2024-08-26,0.33399999141693115,0.33399999141693115,0.33399999141693115,0.33399999141693115,400
2024-08-27,0.33399999141693115,0.3700000047683716,0.33399999141693115,0.3700000047683716,340
2024-08-28,0.37599998712539673,0.37599998712539673,0.37599998712539673,0.37599998712539673,115
2024-08-29,0.37599998712539673,0.37599998712539673,0.37599998712539673,0.37599998712539673,0
2024-08-30,0.33799999952316284,0.33799999952316284,0.33799999952316284,0.33799999952316284,400
2024-09-02,0.3400000035762787,0.3400000035762787,0.3400000035762787,0.3400000035762787,1811
2024-09-03,0.32199999690055847,0.3240000009536743,0.32199999690055847,0.3240000009536743,2107
2024-09-04,0.3240000009536743,0.3240000009536743,0.3240000009536743,0.3240000009536743,0
2024-09-05,0.32600000500679016,0.32600000500679016,0.32600000500679016,0.32600000500679016,2509
2024-09-06,0.3499999940395355,0.3499999940395355,0.3499999940395355,0.3499999940395355,6
2024-09-09,0.3499999940395355,0.3779999911785126,0.3499999940395355,0.3779999911785126,235
2024-09-10,0.3779999911785126,0.3779999911785126,0.3779999911785126,0.3779999911785126,0
2024-09-11,0.3779999911785126,0.3779999911785126,0.3779999911785126,0.3779999911785126,0
2024-09-12,0.3779999911785126,0.3779999911785126,0.3779999911785126,0.3779999911785126,100
2024-09-13,0.3779999911785126,0.3779999911785126,0.3779999911785126,0.3779999911785126,0
2024-09-16,0.33000001311302185,0.33000001311302185,0.33000001311302185,0.33000001311302185,1795
2024-09-17,0.33000001311302185,0.3779999911785126,0.33000001311302185,0.3779999911785126,1869
2024-09-18,0.3779999911785126,0.3779999911785126,0.3779999911785126,0.3779999911785126,0
2024-09-19,0.3779999911785126,0.3779999911785126,0.3779999911785126,0.3779999911785126,0
2024-09-20,0.3779999911785126,0.3779999911785126,0.3779999911785126,0.3779999911785126,0
2024-09-23,0.36000001430511475,0.36000001430511475,0.36000001430511475,0.36000001430511475,7393
2024-09-24,0.36000001430511475,0.36000001430511475,0.36000001430511475,0.36000001430511475,0
2024-09-25,0.36000001430511475,0.36000001430511475,0.36000001430511475,0.36000001430511475,0
2024-09-26,0.36000001430511475,0.36000001430511475,0.36000001430511475,0.36000001430511475,0
2024-09-27,0.36000001430511475,0.36000001430511475,0.36000001430511475,0.36000001430511475,0
2024-09-30,0.36000001430511475,0.36000001430511475,0.36000001430511475,0.36000001430511475,0
2024-10-01,0.36000001430511475,0.36000001430511475,0.36000001430511475,0.36000001430511475,0
2024-10-02,0.3199999928474426,0.3199999928474426,0.3199999928474426,0.3199999928474426,1172
2024-10-03,0.3199999928474426,0.3199999928474426,0.3199999928474426,0.3199999928474426,0
2024-10-04,0.3199999928474426,0.3199999928474426,0.3199999928474426,0.3199999928474426,2229
2024-10-07,0.3199999928474426,0.3199999928474426,0.3199999928474426,0.3199999928474426,775
2024-10-08,0.32199999690055847,0.32199999690055847,0.32199999690055847,0.32199999690055847,63
2024-10-09,0.32199999690055847,0.32199999690055847,0.32199999690055847,0.32199999690055847,0
2024-10-10,0.32199999690055847,0.32199999690055847,0.32199999690055847,0.32199999690055847,0
2024-10-11,0.32199999690055847,0.32199999690055847,0.32199999690055847,0.32199999690055847,0
2024-10-14,0.32199999690055847,0.32199999690055847,0.32199999690055847,0.32199999690055847,0
2024-10-15,0.32199999690055847,0.32199999690055847,0.32199999690055847,0.32199999690055847,0
2024-10-16,0.32199999690055847,0.32199999690055847,0.32199999690055847,0.32199999690055847,0
2024-10-17,0.32199999690055847,0.32199999690055847,0.32199999690055847,0.32199999690055847,0
2024-10-18,0.32199999690055847,0.32199999690055847,0.32199999690055847,0.32199999690055847,0
2024-10-21,0.30000001192092896,0.30000001192092896,0.30000001192092896,0.30000001192092896,724
2024-10-22,0.30000001192092896,0.30000001192092896,0.30000001192092896,0.30000001192092896,0
2024-10-23,0.30000001192092896,0.30000001192092896,0.30000001192092896,0.30000001192092896,0
2024-10-24,0.30000001192092896,0.30000001192092896,0.28200000524520874,0.28200000524520874,3294
2024-10-25,0.28200000524520874,0.28200000524520874,0.28200000524520874,0.28200000524520874,0
2024-10-28,0.28200000524520874,0.28200000524520874,0.28200000524520874,0.28200000524520874,3700
2024-10-29,0.30000001192092896,0.30000001192092896,0.30000001192092896,0.30000001192092896,115
2024-10-30,0.33000001311302185,0.33000001311302185,0.33000001311302185,0.33000001311302185,10
2024-10-31,0.2800000011920929,0.30000001192092896,0.2800000011920929,0.30000001192092896,718
2024-11-04,0.33000001311302185,0.3499999940395355,0.33000001311302185,0.3499999940395355,3016
2024-11-05,0.33000001311302185,0.33000001311302185,0.33000001311302185,0.33000001311302185,410
2024-11-06,0.3199999928474426,0.3199999928474426,0.3199999928474426,0.3199999928474426,410
2024-11-07,0.2919999957084656,0.3179999887943268,0.2919999957084656,0.3179999887943268,95
2024-11-08,0.3179999887943268,0.3179999887943268,0.3179999887943268,0.3179999887943268,1350
2024-11-12,0.3179999887943268,0.3179999887943268,0.3179999887943268,0.3179999887943268,0
2024-11-13,0.3179999887943268,0.3179999887943268,0.3179999887943268,0.3179999887943268,0
2024-11-14,0.2939999997615814,0.2939999997615814,0.2939999997615814,0.2939999997615814,400
2024-11-15,0.2939999997615814,0.3160000145435333,0.2939999997615814,0.3160000145435333,2995
2024-11-18,0.28999999165534973,0.3140000104904175,0.28999999165534973,0.3140000104904175,2005
2024-11-19,0.3140000104904175,0.3140000104904175,0.3140000104904175,0.3140000104904175,0
2024-11-20,0.2840000092983246,0.2840000092983246,0.2840000092983246,0.2840000092983246,3463
2024-11-21,0.2840000092983246,0.2840000092983246,0.2800000011920929,0.2800000011920929,2953
2024-11-22,0.3100000023841858,0.3100000023841858,0.3100000023841858,0.3100000023841858,10
2024-11-25,0.28200000524520874,0.28999999165534973,0.28200000524520874,0.28999999165534973,649
2024-11-26,0.28999999165534973,0.28999999165534973,0.28999999165534973,0.28999999165534973,258
2024-11-27,0.2800000011920929,0.2800000011920929,0.2639999985694885,0.2639999985694885,2002
2024-11-28,0.25999999046325684,0.25999999046325684,0.25999999046325684,0.25999999046325684,2101
2024-11-29,0.2980000078678131,0.2980000078678131,0.2980000078678131,0.2980000078678131,1011
2024-12-02,0.2939999997615814,0.2939999997615814,0.2939999997615814,0.2939999997615814,351
2024-12-03,0.2939999997615814,0.2939999997615814,0.2939999997615814,0.2939999997615814,200
2024-12-04,0.2939999997615814,0.2939999997615814,0.2939999997615814,0.2939999997615814,0
2024-12-05,0.2800000011920929,0.2800000011920929,0.27799999713897705,0.27799999713897705,5400
2024-12-06,0.27799999713897705,0.27799999713897705,0.27799999713897705,0.27799999713897705,0
2024-12-09,0.27799999713897705,0.27799999713897705,0.27799999713897705,0.27799999713897705,0
2024-12-10,0.25600001215934753,0.25600001215934753,0.25600001215934753,0.25600001215934753,300
2024-12-11,0.2540000081062317,0.25600001215934753,0.2540000081062317,0.25600001215934753,1391
2024-12-12,0.25200000405311584,0.25200000405311584,0.25200000405311584,0.25200000405311584,550
2024-12-13,0.25200000405311584,0.25200000405311584,0.25200000405311584,0.25200000405311584,2440
2024-12-16,0.25200000405311584,0.27799999713897705,0.25200000405311584,0.27799999713897705,3054
2024-12-17,0.25200000405311584,0.25200000405311584,0.25200000405311584,0.25200000405311584,120
2024-12-18,0.25200000405311584,0.25200000405311584,0.25,0.25,10851
2024-12-19,0.27399998903274536,0.27399998903274536,0.27399998903274536,0.27399998903274536,10
2024-12-20,0.25,0.25,0.25,0.25,30599
2024-12-23,0.25,0.25,0.25,0.25,6628
2024-12-27,0.25,0.25,0.25,0.25,0
2024-12-30,0.25,0.25,0.25,0.25,7557
2025-01-02,0.23999999463558197,0.23999999463558197,0.23999999463558197,0.23999999463558197,300
2025-01-03,0.2639999985694885,0.2639999985694885,0.2639999985694885,0.2639999985694885,4010
2025-01-07,0.23999999463558197,0.23999999463558197,0.23999999463558197,0.23999999463558197,2200
2025-01-08,0.2639999985694885,0.2639999985694885,0.2639999985694885,0.2639999985694885,10
2025-01-09,0.24400000274181366,0.24400000274181366,0.24400000274181366,0.24400000274181366,1262
2025-01-10,0.24400000274181366,0.24400000274181366,0.24400000274181366,0.24400000274181366,0
2025-01-13,0.24400000274181366,0.24400000274181366,0.24400000274181366,0.24400000274181366,0
2025-01-14,0.24400000274181366,0.24400000274181366,0.24400000274181366,0.24400000274181366,0
2025-01-15,0.24400000274181366,0.24400000274181366,0.24400000274181366,0.24400000274181366,0
2025-01-16,0.24400000274181366,0.24400000274181366,0.24400000274181366,0.24400000274181366,0
2025-01-17,0.2680000066757202,0.2680000066757202,0.2680000066757202,0.2680000066757202,11
2025-01-20,0.28999999165534973,0.28999999165534973,0.28999999165534973,0.28999999165534973,6
2025-01-21,0.28999999165534973,0.28999999165534973,0.28999999165534973,0.28999999165534973,0
2025-01-22,0.3160000145435333,0.3160000145435333,0.3140000104904175,0.3140000104904175,940
2025-01-23,0.3100000023841858,0.3100000023841858,0.3100000023841858,0.3100000023841858,3400
2025-01-24,0.3100000023841858,0.3100000023841858,0.3100000023841858,0.3100000023841858,1077
2025-01-27,0.24400000274181366,0.4000000059604645,0.24400000274181366,0.4000000059604645,10376
2025-01-28,0.3959999978542328,0.3959999978542328,0.3959999978542328,0.3959999978542328,3220
2025-01-29,0.3959999978542328,0.3959999978542328,0.3959999978542328,0.3959999978542328,0
2025-01-30,0.3959999978542328,0.3959999978542328,0.3959999978542328,0.3959999978542328,0
2025-01-31,0.3959999978542328,0.3959999978542328,0.3959999978542328,0.3959999978542328,0
2025-02-03,0.2720000147819519,0.2720000147819519,0.2720000147819519,0.2720000147819519,987
2025-02-04,0.2720000147819519,0.2720000147819519,0.2720000147819519,0.2720000147819519,0
2025-02-05,0.2720000147819519,0.2720000147819519,0.2720000147819519,0.2720000147819519,0
2025-02-06,0.2919999957084656,0.3019999861717224,0.2919999957084656,0.3019999861717224,2022
2025-02-07,0.28999999165534973,0.28999999165534973,0.28999999165534973,0.28999999165534973,510
2025-02-10,0.30399999022483826,0.30399999022483826,0.30399999022483826,0.30399999022483826,300
2025-02-11,0.33399999141693115,0.33399999141693115,0.33399999141693115,0.33399999141693115,1405
2025-02-12,0.3659999966621399,0.3659999966621399,0.3659999966621399,0.3659999966621399,4429
2025-02-13,0.3659999966621399,0.3659999966621399,0.3659999966621399,0.3659999966621399,2907
2025-02-14,0.30000001192092896,0.37599998712539673,0.30000001192092896,0.37599998712539673,10300
2025-02-17,0.37599998712539673,0.37599998712539673,0.37599998712539673,0.37599998712539673,0
2025-02-18,0.3400000035762787,0.3400000035762787,0.3400000035762787,0.3400000035762787,495
2025-02-19,0.3400000035762787,0.3400000035762787,0.3400000035762787,0.3400000035762787,3000
2025-02-20,0.3400000035762787,0.3400000035762787,0.3400000035762787,0.3400000035762787,0
2025-02-21,0.3400000035762787,0.3400000035762787,0.3400000035762787,0.3400000035762787,0
2025-02-24,0.33000001311302185,0.33000001311302185,0.33000001311302185,0.33000001311302185,1000
2025-02-25,0.33000001311302185,0.33000001311302185,0.33000001311302185,0.33000001311302185,0
2025-02-26,0.33000001311302185,0.33000001311302185,0.33000001311302185,0.33000001311302185,0
2025-02-27,0.33000001311302185,0.33000001311302185,0.33000001311302185,0.33000001311302185,0
2025-02-28,0.33000001311302185,0.33000001311302185,0.33000001311302185,0.33000001311302185,0
2025-03-03,0.33000001311302185,0.33000001311302185,0.33000001311302185,0.33000001311302185,490
2025-03-04,0.33000001311302185,0.33000001311302185,0.33000001311302185,0.33000001311302185,0
2025-03-05,0.33000001311302185,0.33000001311302185,0.33000001311302185,0.33000001311302185,0
2025-03-06,0.2980000078678131,0.2980000078678131,0.2980000078678131,0.2980000078678131,510
2025-03-07,0.28200000524520874,0.28200000524520874,0.28200000524520874,0.28200000524520874,1700
2025-03-10,0.28200000524520874,0.28200000524520874,0.28200000524520874,0.28200000524520874,0
2025-03-11,0.28200000524520874,0.28200000524520874,0.28200000524520874,0.28200000524520874,38
2025-03-12,0.28200000524520874,0.28200000524520874,0.28200000524520874,0.28200000524520874,200
2025-03-13,0.28600001335144043,0.28600001335144043,0.28600001335144043,0.28600001335144043,499
2025-03-14,0.28600001335144043,0.28600001335144043,0.28600001335144043,0.28600001335144043,0
2025-03-17,0.28200000524520874,0.3100000023841858,0.28200000524520874,0.3100000023841858,4607
2025-03-18,0.3100000023841858,0.3100000023841858,0.3100000023841858,0.3100000023841858,19993
2025-03-19,0.3100000023841858,0.3100000023841858,0.3100000023841858,0.3100000023841858,0
2025-03-20,0.3100000023841858,0.3100000023841858,0.3100000023841858,0.3100000023841858,0
2025-03-21,0.3100000023841858,0.3100000023841858,0.3100000023841858,0.3100000023841858,0
2025-03-24,0.3100000023841858,0.3100000023841858,0.3100000023841858,0.3100000023841858,0
2025-03-25,0.3100000023841858,0.3100000023841858,0.3100000023841858,0.3100000023841858,1600
2025-03-26,0.3100000023841858,0.3100000023841858,0.3100000023841858,0.3100000023841858,0
2025-03-27,0.3100000023841858,0.3100000023841858,0.3100000023841858,0.3100000023841858,452
2025-03-28,0.3100000023841858,0.3100000023841858,0.3100000023841858,0.3100000023841858,0
2025-03-31,0.3100000023841858,0.3100000023841858,0.3100000023841858,0.3100000023841858,0
2025-04-01,0.3100000023841858,0.3100000023841858,0.3100000023841858,0.3100000023841858,0
2025-04-02,0.3100000023841858,0.3100000023841858,0.3100000023841858,0.3100000023841858,0
2025-04-03,0.3100000023841858,0.3100000023841858,0.3100000023841858,0.3100000023841858,0
2025-04-04,0.3100000023841858,0.3100000023841858,0.3100000023841858,0.3100000023841858,0
2025-04-07,0.3100000023841858,0.3100000023841858,0.3100000023841858,0.3100000023841858,0
2025-04-08,0.3100000023841858,0.3100000023841858,0.3100000023841858,0.3100000023841858,0
2025-04-09,0.3100000023841858,0.3100000023841858,0.3100000023841858,0.3100000023841858,0
2025-04-10,0.3100000023841858,0.3100000023841858,0.3100000023841858,0.3100000023841858,405
2025-04-11,0.3100000023841858,0.3100000023841858,0.3100000023841858,0.3100000023841858,0
2025-04-14,0.3100000023841858,0.3100000023841858,0.3100000023841858,0.3100000023841858,130
2025-04-15,0.3100000023841858,0.3100000023841858,0.3100000023841858,0.3100000023841858,2420
2025-04-16,0.3100000023841858,0.3100000023841858,0.3100000023841858,0.3100000023841858,0
2025-04-17,0.25200000405311584,0.25200000405311584,0.25200000405311584,0.25200000405311584,600
2025-04-22,0.27000001072883606,0.27000001072883606,0.27000001072883606,0.27000001072883606,1928
2025-04-23,0.27000001072883606,0.27000001072883606,0.27000001072883606,0.27000001072883606,0
2025-04-24,0.27000001072883606,0.27000001072883606,0.27000001072883606,0.27000001072883606,181
2025-04-25,0.27000001072883606,0.27000001072883606,0.27000001072883606,0.27000001072883606,0
2025-04-28,0.27799999713897705,0.27799999713897705,0.27799999713897705,0.27799999713897705,11100
2025-04-29,0.2800000011920929,0.2800000011920929,0.2800000011920929,0.2800000011920929,1207
2025-04-30,0.2800000011920929,0.2800000011920929,0.2800000011920929,0.2800000011920929,0
2025-05-02,0.2800000011920929,0.2800000011920929,0.2800000011920929,0.2800000011920929,1479
2025-05-05,0.2800000011920929,0.30799999833106995,0.2800000011920929,0.30799999833106995,4059
2025-05-06,0.30799999833106995,0.33799999952316284,0.30799999833106995,0.33799999952316284,1001
2025-05-07,0.34599998593330383,0.34599998593330383,0.33799999952316284,0.33799999952316284,2890
2025-05-08,0.3100000023841858,0.33799999952316284,0.3100000023841858,0.33799999952316284,610
2025-05-09,0.33799999952316284,0.33799999952316284,0.33799999952316284,0.33799999952316284,0
2025-05-12,0.33799999952316284,0.33799999952316284,0.33799999952316284,0.33799999952316284,275
2025-05-13,0.33799999952316284,0.33799999952316284,0.33799999952316284,0.33799999952316284,5000
2025-05-14,0.33799999952316284,0.33799999952316284,0.33799999952316284,0.33799999952316284,0
2025-05-15,0.33799999952316284,0.33799999952316284,0.33799999952316284,0.33799999952316284,0
2025-05-16,0.33799999952316284,0.33799999952316284,0.33799999952316284,0.33799999952316284,0
2025-05-19,0.33799999952316284,0.33799999952316284,0.33799999952316284,0.33799999952316284,0
2025-05-20,0.33799999952316284,0.33799999952316284,0.33799999952316284,0.33799999952316284,0
2025-05-21,0.3140000104904175,0.3140000104904175,0.3140000104904175,0.3140000104904175,1500
2025-05-22,0.31200000643730164,0.31200000643730164,0.3100000023841858,0.3100000023841858,1100
2025-05-23,0.3100000023841858,0.3100000023841858,0.3100000023841858,0.3100000023841858,740
2025-05-26,0.3100000023841858,0.3100000023841858,0.3100000023841858,0.3100000023841858,0
2025-05-27,0.27799999713897705,0.27799999713897705,0.27799999713897705,0.27799999713897705,1810
2025-05-28,0.27799999713897705,0.27799999713897705,0.27799999713897705,0.27799999713897705,0
2025-05-29,0.27799999713897705,0.27799999713897705,0.27799999713897705,0.27799999713897705,0
2025-05-30,0.28200000524520874,0.28200000524520874,0.28200000524520874,0.28200000524520874,100
2025-06-02,0.28200000524520874,0.28200000524520874,0.28200000524520874,0.28200000524520874,79
2025-06-03,0.2800000011920929,0.28200000524520874,0.2800000011920929,0.28200000524520874,2396
2025-06-04,0.28200000524520874,0.28200000524520874,0.28200000524520874,0.28200000524520874,450
2025-06-05,0.28200000524520874,0.28200000524520874,0.28200000524520874,0.28200000524520874,220
2025-06-06,0.2800000011920929,0.30000001192092896,0.2800000011920929,0.30000001192092896,948
2025-06-09,0.30000001192092896,0.30000001192092896,0.30000001192092896,0.30000001192092896,720
2025-06-10,0.30000001192092896,0.30000001192092896,0.30000001192092896,0.30000001192092896,0
2025-06-11,0.30000001192092896,0.30000001192092896,0.30000001192092896,0.30000001192092896,0
2025-06-12,0.2800000011920929,0.2800000011920929,0.2800000011920929,0.2800000011920929,1480
2025-06-13,0.2800000011920929,0.2800000011920929,0.2800000011920929,0.2800000011920929,7000
2025-06-16,0.3019999861717224,0.3019999861717224,0.3019999861717224,0.3019999861717224,150
2025-06-17,0.3019999861717224,0.3019999861717224,0.3019999861717224,0.3019999861717224,0
2025-06-18,0.33000001311302185,0.33000001311302185,0.33000001311302185,0.33000001311302185,10
2025-06-20,0.328000009059906,0.328000009059906,0.328000009059906,0.328000009059906,195
2025-06-23,0.328000009059906,0.328000009059906,0.328000009059906,0.328000009059906,0
2025-06-24,0.328000009059906,0.328000009059906,0.328000009059906,0.328000009059906,0
2025-06-25,0.2800000011920929,0.30000001192092896,0.2800000011920929,0.30000001192092896,1860
2025-06-26,0.30000001192092896,0.30000001192092896,0.30000001192092896,0.30000001192092896,10
2025-06-27,0.33000001311302185,0.33000001311302185,0.33000001311302185,0.33000001311302185,19
2025-06-30,0.2800000011920929,0.2800000011920929,0.2800000011920929,0.2800000011920929,2000
2025-07-01,0.30000001192092896,0.33000001311302185,0.30000001192092896,0.33000001311302185,202
2025-07-02,0.33000001311302185,0.33000001311302185,0.33000001311302185,0.33000001311302185,0
2025-07-03,0.33000001311302185,0.33000001311302185,0.33000001311302185,0.33000001311302185,0
2025-07-04,0.328000009059906,0.328000009059906,0.328000009059906,0.328000009059906,300
2025-07-07,0.3199999928474426,0.3199999928474426,0.3199999928474426,0.3199999928474426,500
2025-07-08,0.3199999928474426,0.3199999928474426,0.3199999928474426,0.3199999928474426,0
2025-07-09,0.3199999928474426,0.3199999928474426,0.3199999928474426,0.3199999928474426,0
2025-07-10,0.3199999928474426,0.3199999928474426,0.3199999928474426,0.3199999928474426,0
2025-07-11,0.3199999928474426,0.3199999928474426,0.3199999928474426,0.3199999928474426,0
2025-07-14,0.3199999928474426,0.3199999928474426,0.3199999928474426,0.3199999928474426,0
2025-07-15,0.3199999928474426,0.3199999928474426,0.3199999928474426,0.3199999928474426,0
2025-07-16,0.3199999928474426,0.3199999928474426,0.3199999928474426,0.3199999928474426,0
2025-07-17,0.3199999928474426,0.3199999928474426,0.3199999928474426,0.3199999928474426,0
2025-07-18,0.28999999165534973,0.28999999165534973,0.28999999165534973,0.28999999165534973,59
2025-07-21,0.28999999165534973,0.28999999165534973,0.28999999165534973,0.28999999165534973,0
2025-07-22,0.28999999165534973,0.28999999165534973,0.28999999165534973,0.28999999165534973,0
2025-07-23,0.28999999165534973,0.28999999165534973,0.28999999165534973,0.28999999165534973,0
2025-07-24,0.2800000011920929,0.2800000011920929,0.2800000011920929,0.2800000011920929,1200
2025-07-25,0.30799999833106995,0.30799999833106995,0.30799999833106995,0.30799999833106995,500
2025-07-28,0.3199999928474426,0.3199999928474426,0.3199999928474426,0.3199999928474426,10
2025-07-29,0.3179999887943268,0.3179999887943268,0.3179999887943268,0.3179999887943268,1683
2025-07-30,0.30000001192092896,0.30000001192092896,0.30000001192092896,0.30000001192092896,2800
2025-07-31,0.3179999887943268,0.3179999887943268,0.3179999887943268,0.3179999887943268,6
2025-08-01,0.3179999887943268,0.3179999887943268,0.3179999887943268,0.3179999887943268,0
2025-08-04,0.3179999887943268,0.3179999887943268,0.3179999887943268,0.3179999887943268,0
2025-08-05,0.3179999887943268,0.3179999887943268,0.28999999165534973,0.28999999165534973,633
2025-08-06,0.3179999887943268,0.3179999887943268,0.3179999887943268,0.3179999887943268,1795
2025-08-07,0.3179999887943268,0.3179999887943268,0.2879999876022339,0.2879999876022339,1934
2025-08-08,0.3160000145435333,0.3160000145435333,0.3160000145435333,0.3160000145435333,6
2025-08-11,0.3160000145435333,0.3160000145435333,0.3160000145435333,0.3160000145435333,1083
2025-08-12,0.3160000145435333,0.3160000145435333,0.3160000145435333,0.3160000145435333,0
2025-08-13,0.2800000011920929,0.3019999861717224,0.2800000011920929,0.3019999861717224,4010
2025-08-14,0.28200000524520874,0.3059999942779541,0.28200000524520874,0.3059999942779541,1018
2025-08-18,0.3059999942779541,0.3059999942779541,0.3059999942779541,0.3059999942779541,0
2025-08-19,0.2980000078678131,0.2980000078678131,0.2980000078678131,0.2980000078678131,139
2025-08-20,0.2980000078678131,0.2980000078678131,0.2980000078678131,0.2980000078678131,0
2025-08-21,0.2800000011920929,0.2800000011920929,0.2800000011920929,0.2800000011920929,10
2025-08-22,0.2939999997615814,0.2939999997615814,0.2939999997615814,0.2939999997615814,3
2025-08-25,0.2939999997615814,0.2939999997615814,0.2939999997615814,0.2939999997615814,0
2025-08-26,0.3059999942779541,0.3059999942779541,0.30000001192092896,0.30000001192092896,10500
2025-08-27,0.30000001192092896,0.30000001192092896,0.30000001192092896,0.30000001192092896,0
2025-08-28,0.28600001335144043,0.28600001335144043,0.28600001335144043,0.28600001335144043,1500
2025-08-29,0.28600001335144043,0.28600001335144043,0.28600001335144043,0.28600001335144043,0
2025-09-01,0.28600001335144043,0.28600001335144043,0.28600001335144043,0.28600001335144043,0
2025-09-02,0.28600001335144043,0.28600001335144043,0.28600001335144043,0.28600001335144043,0
2025-09-03,0.27399998903274536,0.27399998903274536,0.27399998903274536,0.27399998903274536,2635
2025-09-04,0.2800000011920929,0.29600000381469727,0.2800000011920929,0.29600000381469727,600
2025-09-05,0.3179999887943268,0.3179999887943268,0.28999999165534973,0.28999999165534973,14002
2025-09-08,0.28999999165534973,0.3160000145435333,0.28999999165534973,0.3160000145435333,9510
2025-09-09,0.28999999165534973,0.31200000643730164,0.28999999165534973,0.31200000643730164,6804
2025-09-10,0.31200000643730164,0.31200000643730164,0.31200000643730164,0.31200000643730164,0
2025-09-11,0.31200000643730164,0.31200000643730164,0.31200000643730164,0.31200000643730164,0
2025-09-12,0.2919999957084656,0.30799999833106995,0.2919999957084656,0.30799999833106995,433
2025-09-15,0.30799999833106995,0.30799999833106995,0.30799999833106995,0.30799999833106995,0
2025-09-16,0.30799999833106995,0.30799999833106995,0.30799999833106995,0.30799999833106995,4200
2025-09-17,0.30799999833106995,0.30799999833106995,0.30799999833106995,0.30799999833106995,0
2025-09-18,0.3160000145435333,0.3160000145435333,0.3160000145435333,0.3160000145435333,600
2025-09-19,0.2919999957084656,0.2919999957084656,0.2919999957084656,0.2919999957084656,8200
2025-09-22,0.3160000145435333,0.3160000145435333,0.3160000145435333,0.3160000145435333,1300
2025-09-23,0.3160000145435333,0.3160000145435333,0.3160000145435333,0.3160000145435333,1400
2025-09-24,0.3160000145435333,0.3160000145435333,0.3160000145435333,0.3160000145435333,0
2025-09-25,0.3160000145435333,0.3160000145435333,0.3160000145435333,0.3160000145435333,0
2025-09-26,0.3160000145435333,0.3160000145435333,0.3160000145435333,0.3160000145435333,0
2025-09-29,0.3160000145435333,0.3160000145435333,0.3160000145435333,0.3160000145435333,0
2025-09-30,0.3160000145435333,0.3160000145435333,0.3160000145435333,0.3160000145435333,0
2025-10-01,0.3160000145435333,0.3160000145435333,0.3160000145435333,0.3160000145435333,0
2025-10-02,0.3160000145435333,0.3160000145435333,0.3160000145435333,0.3160000145435333,0
2025-10-03,0.3160000145435333,0.3160000145435333,0.3160000145435333,0.3160000145435333,0
2025-10-06,0.2939999997615814,0.31200000643730164,0.2939999997615814,0.31200000643730164,6008
2025-10-07,0.31200000643730164,0.31200000643730164,0.31200000643730164,0.31200000643730164,0
2025-10-08,0.31200000643730164,0.31200000643730164,0.31200000643730164,0.31200000643730164,0
2025-10-09,0.31200000643730164,0.31200000643730164,0.31200000643730164,0.31200000643730164,0
2025-10-10,0.2919999957084656,0.29600000381469727,0.2919999957084656,0.29600000381469727,7624
2025-10-13,0.29600000381469727,0.29600000381469727,0.29600000381469727,0.29600000381469727,6248
2025-10-14,0.2939999997615814,0.2939999997615814,0.2939999997615814,0.2939999997615814,100
2025-10-15,0.2939999997615814,0.2939999997615814,0.2939999997615814,0.2939999997615814,140
2025-10-16,0.28999999165534973,0.28999999165534973,0.26600000262260437,0.26600000262260437,6613
2025-10-17,0.26600000262260437,0.27000001072883606,0.26600000262260437,0.27000001072883606,4020
2025-10-20,0.2800000011920929,0.2800000011920929,0.2800000011920929,0.2800000011920929,2646
2025-10-21,0.28999999165534973,0.28999999165534973,0.28999999165534973,0.28999999165534973,782
2025-10-22,0.28999999165534973,0.28999999165534973,0.28999999165534973,0.28999999165534973,0
2025-10-23,0.27000001072883606,0.27000001072883606,0.27000001072883606,0.27000001072883606,2520
2025-10-24,0.30000001192092896,0.30000001192092896,0.30000001192092896,0.30000001192092896,2728
2025-10-27,0.2800000011920929,0.2800000011920929,0.2800000011920929,0.2800000011920929,2100
2025-10-28,0.2619999945163727,0.2619999945163727,0.2619999945163727,0.2619999945163727,365
2025-10-29,0.2619999945163727,0.2619999945163727,0.2619999945163727,0.2619999945163727,213
2025-10-30,0.2619999945163727,0.2619999945163727,0.2619999945163727,0.2619999945163727,0
2025-10-31,0.2619999945163727,0.2619999945163727,0.2619999945163727,0.2619999945163727,0
2025-11-03,0.2720000147819519,0.2980000078678131,0.2720000147819519,0.2980000078678131,216
2025-11-04,0.28999999165534973,0.28999999165534973,0.2759999930858612,0.2759999930858612,2490
2025-11-05,0.2759999930858612,0.2759999930858612,0.2759999930858612,0.2759999930858612,0
2025-11-06,0.28600001335144043,0.28600001335144043,0.28600001335144043,0.28600001335144043,1171
2025-11-07,0.27000001072883606,0.27000001072883606,0.27000001072883606,0.27000001072883606,1000
2025-11-10,0.25999999046325684,0.25999999046325684,0.25999999046325684,0.25999999046325684,988
2025-11-12,0.27000001072883606,0.27000001072883606,0.27000001072883606,0.27000001072883606,1828
2025-11-13,0.28999999165534973,0.28999999165534973,0.28999999165534973,0.28999999165534973,5500
2025-11-14,0.28999999165534973,0.28999999165534973,0.28999999165534973,0.28999999165534973,200
2025-11-17,0.28999999165534973,0.28999999165534973,0.28999999165534973,0.28999999165534973,980
2025-11-18,0.28999999165534973,0.28999999165534973,0.28999999165534973,0.28999999165534973,0
2025-11-19,0.28999999165534973,0.28999999165534973,0.28999999165534973,0.28999999165534973,0
2025-11-20,0.27000001072883606,0.27000001072883606,0.2619999945163727,0.2619999945163727,1070
2025-11-21,0.2619999945163727,0.2619999945163727,0.2619999945163727,0.2619999945163727,1200
2025-11-24,0.25999999046325684,0.2800000011920929,0.25999999046325684,0.2800000011920929,12400
2025-11-25,0.25999999046325684,0.25999999046325684,0.25999999046325684,0.25999999046325684,40040
2025-11-26,0.25999999046325684,0.25999999046325684,0.25999999046325684,0.25999999046325684,1200
2025-11-27,0.25999999046325684,0.25999999046325684,0.25999999046325684,0.25999999046325684,2282
2025-11-28,0.25999999046325684,0.25999999046325684,0.25999999046325684,0.25999999046325684,611
2025-12-01,0.25999999046325684,0.25999999046325684,0.25999999046325684,0.25999999046325684,0
2025-12-02,0.25999999046325684,0.25999999046325684,0.25,0.25,205
2025-12-03,0.25,0.25200000405311584,0.25,0.25200000405311584,4470
2025-12-04,0.25200000405311584,0.25200000405311584,0.25200000405311584,0.25200000405311584,90
2025-12-05,0.25999999046325684,0.25999999046325684,0.25999999046325684,0.25999999046325684,3090
2025-12-08,0.23199999332427979,0.23199999332427979,0.23199999332427979,0.23199999332427979,15490
2025-12-09,0.23800000548362732,0.25999999046325684,0.23800000548362732,0.25999999046325684,3995
2025-12-10,0.27000001072883606,0.27000001072883606,0.27000001072883606,0.27000001072883606,1420
2025-12-11,0.27000001072883606,0.27000001072883606,0.27000001072883606,0.27000001072883606,0
2025-12-12,0.27000001072883606,0.27000001072883606,0.27000001072883606,0.27000001072883606,0
2025-12-15,0.28999999165534973,0.28999999165534973,0.25200000405311584,0.25200000405311584,167
2025-12-16,0.2540000081062317,0.2800000011920929,0.2540000081062317,0.2800000011920929,333
2025-12-17,0.2840000092983246,0.28999999165534973,0.2840000092983246,0.28999999165534973,17429
2025-12-18,0.28999999165534973,0.3059999942779541,0.28999999165534973,0.3059999942779541,7078
2025-12-19,0.30399999022483826,0.30399999022483826,0.30399999022483826,0.30399999022483826,550
2025-12-22,0.30399999022483826,0.30399999022483826,0.30399999022483826,0.30399999022483826,0
2025-12-23,0.2540000081062317,0.2639999985694885,0.2540000081062317,0.2639999985694885,4300
2025-12-29,0.2540000081062317,0.2540000081062317,0.2540000081062317,0.2540000081062317,8837
2025-12-30,0.2540000081062317,0.2540000081062317,0.2540000081062317,0.2540000081062317,226
2026-01-02,0.2540000081062317,0.2540000081062317,0.2540000081062317,0.2540000081062317,19000
2026-01-05,0.25600001215934753,0.25600001215934753,0.25600001215934753,0.25600001215934753,4549
2026-01-07,0.25,0.25,0.25,0.25,200
2026-01-08,0.25,0.25,0.25,0.25,0
2026-01-09,0.25,0.25,0.25,0.25,0
2026-01-12,0.25,0.25,0.25,0.25,0
2026-01-13,0.25,0.25,0.25,0.25,0
2026-01-14,0.25,0.25,0.25,0.25,0
2026-01-15,0.2619999945163727,0.2879999876022339,0.2619999945163727,0.2879999876022339,2844
2026-01-16,0.27000001072883606,0.27000001072883606,0.27000001072883606,0.27000001072883606,3040
2026-01-19,0.2680000066757202,0.2680000066757202,0.2680000066757202,0.2680000066757202,100
2026-01-20,0.2680000066757202,0.2680000066757202,0.2680000066757202,0.2680000066757202,0
2026-01-21,0.2680000066757202,0.2680000066757202,0.2680000066757202,0.2680000066757202,0
2026-01-22,0.2680000066757202,0.2680000066757202,0.2680000066757202,0.2680000066757202,0
2026-01-23,0.2680000066757202,0.2680000066757202,0.2680000066757202,0.2680000066757202,0
2026-01-26,0.2680000066757202,0.2680000066757202,0.2680000066757202,0.2680000066757202,0
2026-01-27,0.25999999046325684,0.28600001335144043,0.25999999046325684,0.28600001335144043,1011
2026-01-28,0.25,0.25,0.25,0.25,19049
2026-01-29,0.27399998903274536,0.27399998903274536,0.27000001072883606,0.27000001072883606,1413
2026-01-30,0.25999999046325684,0.25999999046325684,0.25999999046325684,0.25999999046325684,3250
2026-02-02,0.25999999046325684,0.25999999046325684,0.25999999046325684,0.25999999046325684,0
2026-02-03,0.25999999046325684,0.25999999046325684,0.25999999046325684,0.25999999046325684,0
2026-02-04,0.25,0.25,0.25,0.25,3947
2026-02-05,0.25,0.25,0.25,0.25,0
2026-02-06,0.23999999463558197,0.23999999463558197,0.23999999463558197,0.23999999463558197,1055
2026-02-09,0.24400000274181366,0.24400000274181366,0.24400000274181366,0.24400000274181366,290
2026-02-10,0.24799999594688416,0.27000001072883606,0.24799999594688416,0.27000001072883606,1015
2026-02-11,0.27000001072883606,0.27000001072883606,0.27000001072883606,0.27000001072883606,214
2026-02-12,0.27000001072883606,0.27000001072883606,0.27000001072883606,0.27000001072883606,5336
2026-02-13,0.2680000066757202,0.2680000066757202,0.2680000066757202,0.2680000066757202,400
2026-02-16,0.2680000066757202,0.2680000066757202,0.2680000066757202,0.2680000066757202,0
2026-02-17,0.22599999606609344,0.22599999606609344,0.22599999606609344,0.22599999606609344,10000
2026-02-18,0.23000000417232513,0.2460000067949295,0.23000000417232513,0.2460000067949295,1111
2026-02-19,0.2460000067949295,0.2460000067949295,0.2460000067949295,0.2460000067949295,2725
2026-02-20,0.2460000067949295,0.2460000067949295,0.2460000067949295,0.2460000067949295,0
2026-02-23,0.2680000066757202,0.2680000066757202,0.2680000066757202,0.2680000066757202,8
2026-02-24,0.2680000066757202,0.2680000066757202,0.2680000066757202,0.2680000066757202,0
2026-02-25,0.2680000066757202,0.2680000066757202,0.2680000066757202,0.2680000066757202,0
2026-02-26,0.2639999985694885,0.2639999985694885,0.2639999985694885,0.2639999985694885,34
2026-02-27,0.25999999046325684,0.25999999046325684,0.25999999046325684,0.25999999046325684,500
2026-03-02,0.25999999046325684,0.25999999046325684,0.25999999046325684,0.25999999046325684,0
2026-03-03,0.25999999046325684,0.25999999046325684,0.25999999046325684,0.25999999046325684,0
2026-03-04,0.25999999046325684,0.25999999046325684,0.25999999046325684,0.25999999046325684,0
2026-03-05,0.25999999046325684,0.25999999046325684,0.25999999046325684,0.25999999046325684,0
2026-03-06,0.2240000069141388,0.27000001072883606,0.2240000069141388,0.27000001072883606,8162
2026-03-09,0.27000001072883606,0.27000001072883606,0.27000001072883606,0.27000001072883606,9000
2026-03-10,0.27000001072883606,0.27000001072883606,0.27000001072883606,0.27000001072883606,2200
2026-03-11,0.27000001072883606,0.27000001072883606,0.27000001072883606,0.27000001072883606,100
2026-03-12,0.2680000066757202,0.2680000066757202,0.2680000066757202,0.2680000066757202,1363
2026-03-13,0.2879999876022339,0.28999999165534973,0.2879999876022339,0.28999999165534973,6204
2026-03-16,0.28999999165534973,0.28999999165534973,0.28999999165534973,0.28999999165534973,387
2026-03-17,0.2619999945163727,0.2619999945163727,0.2619999945163727,0.2619999945163727,800
2026-03-18,0.2619999945163727,0.2619999945163727,0.2619999945163727,0.2619999945163727,100
2026-03-19,0.27799999713897705,0.27799999713897705,0.27799999713897705,0.27799999713897705,2200
2026-03-20,0.27799999713897705,0.27799999713897705,0.27799999713897705,0.27799999713897705,0
2026-03-23,0.27799999713897705,0.27799999713897705,0.27799999713897705,0.27799999713897705,0
2026-03-24,0.27799999713897705,0.27799999713897705,0.27799999713897705,0.27799999713897705,117
2026-03-25,0.27799999713897705,0.27799999713897705,0.27799999713897705,0.27799999713897705,0
2026-03-26,0.2619999945163727,0.2619999945163727,0.2619999945163727,0.2619999945163727,600
2026-03-27,0.2619999945163727,0.2619999945163727,0.2619999945163727,0.2619999945163727,0
2026-03-30,0.2619999945163727,0.2619999945163727,0.2619999945163727,0.2619999945163727,1200
2026-03-31,0.2619999945163727,0.2619999945163727,0.2619999945163727,0.2619999945163727,27
2026-04-01,0.25999999046325684,0.25999999046325684,0.25999999046325684,0.25999999046325684,1000
2026-04-02,0.27799999713897705,0.27799999713897705,0.27799999713897705,0.27799999713897705,732
2026-04-07,0.27799999713897705,0.27799999713897705,0.27799999713897705,0.27799999713897705,2228
2026-04-08,0.23399999737739563,0.23399999737739563,0.23399999737739563,0.23399999737739563,1000
2026-04-09,0.23600000143051147,0.25,0.23600000143051147,0.25,5554
2026-04-10,0.257999986410141,0.27799999713897705,0.257999986410141,0.27799999713897705,13
2026-04-13,0.2800000011920929,0.2800000011920929,0.2800000011920929,0.2800000011920929,10840
2026-04-14,0.2800000011920929,0.2800000011920929,0.2800000011920929,0.2800000011920929,14985
2026-04-15,0.2800000011920929,0.2800000011920929,0.2800000011920929,0.2800000011920929,0
2026-04-16,0.28999999165534973,0.28999999165534973,0.28999999165534973,0.28999999165534973,2621
2026-04-17,0.3179999887943268,0.3179999887943268,0.3179999887943268,0.3179999887943268,25355
2026-04-20,0.3179999887943268,0.3179999887943268,0.3179999887943268,0.3179999887943268,1518
2026-04-21,0.3179999887943268,0.3179999887943268,0.3179999887943268,0.3179999887943268,0
2026-04-22,0.3179999887943268,0.32199999690055847,0.3179999887943268,0.32199999690055847,1000
2026-04-23,0.3319999873638153,0.3319999873638153,0.3319999873638153,0.3319999873638153,14445
2026-04-24,0.3319999873638153,0.3400000035762787,0.3319999873638153,0.3400000035762787,8960
2026-04-27,0.3400000035762787,0.3400000035762787,0.3400000035762787,0.3400000035762787,0
2026-04-28,0.32199999690055847,0.32199999690055847,0.32199999690055847,0.32199999690055847,2696
2026-04-29,0.32199999690055847,0.32199999690055847,0.32199999690055847,0.32199999690055847,44
2026-04-30,0.32199999690055847,0.32199999690055847,0.32199999690055847,0.32199999690055847,0
2026-05-04,0.3400000035762787,0.3400000035762787,0.3400000035762787,0.3400000035762787,980
2026-05-05,0.3400000035762787,0.3400000035762787,0.2759999930858612,0.2759999930858612,4100
2026-05-06,0.2759999930858612,0.2759999930858612,0.2759999930858612,0.2759999930858612,2004
2026-05-07,0.2759999930858612,0.2759999930858612,0.2759999930858612,0.2759999930858612,0
2026-05-08,0.30000001192092896,0.30000001192092896,0.30000001192092896,0.30000001192092896,1500
2026-05-11,0.30000001192092896,0.33000001311302185,0.30000001192092896,0.33000001311302185,1694
2026-05-12,0.33000001311302185,0.33000001311302185,0.33000001311302185,0.33000001311302185,0
2026-05-13,0.33000001311302185,0.33000001311302185,0.33000001311302185,0.33000001311302185,0
2026-05-14,0.2980000078678131,0.2980000078678131,0.2980000078678131,0.2980000078678131,62
2026-05-15,0.2980000078678131,0.2980000078678131,0.2980000078678131,0.2980000078678131,590
2026-05-18,0.2980000078678131,0.2980000078678131,0.2980000078678131,0.2980000078678131,40
2026-05-19,0.2980000078678131,0.2980000078678131,0.2980000078678131,0.2980000078678131,0
2026-05-20,0.2980000078678131,0.2980000078678131,0.2980000078678131,0.2980000078678131,249
2026-05-21,0.2980000078678131,0.2980000078678131,0.2980000078678131,0.2980000078678131,0
2026-05-22,0.2980000078678131,0.2980000078678131,0.2980000078678131,0.2980000078678131,0
2026-05-25,0.2980000078678131,0.2980000078678131,0.2980000078678131,0.2980000078678131,0
2026-05-26,0.28999999165534973,0.28999999165534973,0.28999999165534973,0.28999999165534973,3700
2026-05-27,0.28999999165534973,0.28999999165534973,0.28999999165534973,0.28999999165534973,0
2026-05-28,0.28999999165534973,0.28999999165534973,0.28999999165534973,0.28999999165534973,0
2026-05-29,0.28999999165534973,0.28999999165534973,0.28999999165534973,0.28999999165534973,0
2026-06-01,0.28999999165534973,0.28999999165534973,0.28999999165534973,0.28999999165534973,0
2026-06-02,0.25200000405311584,0.25200000405311584,0.25200000405311584,0.25200000405311584,200
2026-06-03,0.25200000405311584,0.25200000405311584,0.25200000405311584,0.25200000405311584,0
2026-06-05,0.25200000405311584,0.25200000405311584,0.25200000405311584,0.25200000405311584,0
2026-06-08,0.2540000081062317,0.2540000081062317,0.2540000081062317,0.2540000081062317,1727
2026-06-09,0.328000009059906,0.328000009059906,0.32199999690055847,0.32199999690055847,2828
2026-06-10,0.32199999690055847,0.32199999690055847,0.32199999690055847,0.32199999690055847,0
2026-06-11,0.32199999690055847,0.32199999690055847,0.32199999690055847,0.32199999690055847,0
2026-06-12,0.32199999690055847,0.32199999690055847,0.32199999690055847,0.32199999690055847,0
2026-06-15,0.32199999690055847,0.32199999690055847,0.32199999690055847,0.32199999690055847,0
2026-06-16,0.32199999690055847,0.32199999690055847,0.32199999690055847,0.32199999690055847,0
2026-06-17,0.32199999690055847,0.32199999690055847,0.32199999690055847,0.32199999690055847,0
2026-06-18,0.32199999690055847,0.32199999690055847,0.32199999690055847,0.32199999690055847,0
2026-06-19,0.32199999690055847,0.32199999690055847,0.32199999690055847,0.32199999690055847,896
2026-06-22,0.32199999690055847,0.32199999690055847,0.32199999690055847,0.32199999690055847,0
2026-06-23,0.32199999690055847,0.32199999690055847,0.32199999690055847,0.32199999690055847,0
2026-06-24,0.32199999690055847,0.32199999690055847,0.32199999690055847,0.32199999690055847,0
2026-06-25,0.32199999690055847,0.32199999690055847,0.32199999690055847,0.32199999690055847,0
2026-06-26,0.32199999690055847,0.32199999690055847,0.32199999690055847,0.32199999690055847,0
2026-06-29,0.3199999928474426,0.3199999928474426,0.3199999928474426,0.3199999928474426,45
2026-06-30,0.3199999928474426,0.3199999928474426,0.3199999928474426,0.3199999928474426,0
2026-07-01,0.3199999928474426,0.3199999928474426,0.3199999928474426,0.3199999928474426,0
2026-07-02,0.3199999928474426,0.3199999928474426,0.3199999928474426,0.3199999928474426,0
2026-07-03,0.27000001072883606,0.29600000381469727,0.27000001072883606,0.29600000381469727,4200
2026-07-06,0.29600000381469727,0.32199999690055847,0.29600000381469727,0.32199999690055847,73
2026-07-07,0.2919999957084656,0.2919999957084656,0.2919999957084656,0.2919999957084656,1000
2026-07-08,0.2919999957084656,0.2919999957084656,0.2919999957084656,0.2919999957084656,200
2026-07-09,0.2919999957084656,0.3179999887943268,0.2919999957084656,0.3179999887943268,811
2026-07-10,0.3179999887943268,0.3179999887943268,0.3179999887943268,0.3179999887943268,0
2026-07-13,0.3179999887943268,0.3179999887943268,0.3179999887943268,0.3179999887943268,2000
2026-07-14,0.3179999887943268,0.3179999887943268,0.3179999887943268,0.3179999887943268,0
2026-07-15,0.27000001072883606,0.27000001072883606,0.27000001072883606,0.27000001072883606,60
2026-07-16,0.3179999887943268,0.3179999887943268,0.3100000023841858,0.3100000023841858,3653
2026-07-17,0.3100000023841858,0.3100000023841858,0.3100000023841858,0.3100000023841858,0
2026-07-20,0.3319999873638153,0.3319999873638153,0.3319999873638153,0.3319999873638153,6000
2026-07-21,0.27799999713897705,0.2800000011920929,0.27799999713897705,0.2800000011920929,1324
2026-07-22,0.2800000011920929,0.2800000011920929,0.2800000011920929,0.2800000011920929,4056
2026-07-23,0.2800000011920929,0.2800000011920929,0.2800000011920929,0.2800000011920929,0
2026-07-24,0.2800000011920929,0.2800000011920929,0.2800000011920929,0.2800000011920929,0
2026-07-27,0.2800000011920929,0.2800000011920929,0.2800000011920929,0.2800000011920929,0
2026-07-28,0.29600000381469727,0.3179999887943268,0.29600000381469727,0.3179999887943268,2698
2026-07-29,0.3160000145435333,0.3160000145435333,0.3160000145435333,0.3160000145435333,3491
2026-07-30,0.3160000145435333,0.3160000145435333,0.3160000145435333,0.3160000145435333,194
2026-07-31,0.3160000145435333,0.3160000145435333,0.3160000145435333,0.3160000145435333,0
2026-08-03,0.3160000145435333,0.3160000145435333,0.3160000145435333,0.3160000145435333,0
2026-08-04,0.3160000145435333,0.3160000145435333,0.3160000145435333,0.3160000145435333,0
2026-08-05,0.3160000145435333,0.3160000145435333,0.3160000145435333,0.3160000145435333,0
2026-08-06,0.3160000145435333,0.3160000145435333,0.3160000145435333,0.3160000145435333,0
2026-08-07,0.3160000145435333,0.3160000145435333,0.3160000145435333,0.3160000145435333,0
2026-08-10,0.28600001335144043,0.28600001335144043,0.28600001335144043,0.28600001335144043,61
2026-08-11,0.2759999930858612,0.2759999930858612,0.2759999930858612,0.2759999930858612,8000
2026-08-12,0.27000001072883606,0.2720000147819519,0.27000001072883606,0.2720000147819519,14100
2026-08-13,0.27000001072883606,0.27000001072883606,0.27000001072883606,0.27000001072883606,5000
2026-08-14,0.2619999945163727,0.2619999945163727,0.2619999945163727,0.2619999945163727,577
2026-08-17,0.27000001072883606,0.27000001072883606,0.27000001072883606,0.27000001072883606,5440
2026-08-18,0.27000001072883606,0.27000001072883606,0.27000001072883606,0.27000001072883606,0
2026-08-19,0.25999999046325684,0.25999999046325684,0.25999999046325684,0.25999999046325684,5000
2026-08-20,0.25999999046325684,0.25999999046325684,0.25999999046325684,0.25999999046325684,635
2026-08-21,0.25999999046325684,0.25999999046325684,0.25999999046325684,0.25999999046325684,1520
2026-08-24,0.25999999046325684,0.25999999046325684,0.25999999046325684,0.25999999046325684,0
2026-08-25,0.2639999985694885,0.2639999985694885,0.2639999985694885,0.2639999985694885,18
2026-08-26,0.2639999985694885,0.2639999985694885,0.2639999985694885,0.2639999985694885,0
2026-08-27,0.2639999985694885,0.2639999985694885,0.2619999945163727,0.2619999945163727,1210
2026-08-28,0.2619999945163727,0.2619999945163727,0.2619999945163727,0.2619999945163727,0
2026-08-31,0.2619999945163727,0.2619999945163727,0.2619999945163727,0.2619999945163727,0
2026-09-01,0.25600001215934753,0.25600001215934753,0.25600001215934753,0.25600001215934753,1800
2026-09-02,0.25600001215934753,0.25600001215934753,0.25600001215934753,0.25600001215934753,1100
2026-09-03,0.25600001215934753,0.25600001215934753,0.25600001215934753,0.25600001215934753,2999
2026-09-04,0.2840000092983246,0.2840000092983246,0.2840000092983246,0.2840000092983246,20
2026-09-08,0.2840000092983246,0.2840000092983246,0.2840000092983246,0.2840000092983246,0
2026-09-09,0.2840000092983246,0.2840000092983246,0.2840000092983246,0.2840000092983246,0
2026-09-10,0.2840000092983246,0.2840000092983246,0.2840000092983246,0.2840000092983246,0
2026-09-11,0.28999999165534973,0.28999999165534973,0.28999999165534973,0.28999999165534973,3333
2026-09-14,0.28999999165534973,0.28999999165534973,0.2540000081062317,0.2540000081062317,5806
2026-09-15,0.2619999945163727,0.2619999945163727,0.2619999945163727,0.2619999945163727,1160
