date,open,high,low,close,volume
2021-09-17,12.399999618530273,12.4399995803833,12.079999923706055,12.239999771118164,27605
2021-09-20,12.199999809265137,12.199999809265137,11.880000114440918,11.880000114440918,69455
2021-09-21,11.920000076293945,12.0,11.920000076293945,12.0,4445
2021-09-22,11.960000038146973,12.0,11.920000076293945,12.0,4520
2021-09-23,12.0,12.119999885559082,11.920000076293945,12.119999885559082,4135
2021-09-24,12.119999885559082,12.199999809265137,12.039999961853027,12.199999809265137,2785
2021-09-27,12.0,12.199999809265137,12.0,12.119999885559082,8625
2021-09-28,12.119999885559082,12.119999885559082,11.920000076293945,12.0,28990
2021-09-29,11.960000038146973,12.0,11.880000114440918,12.0,44785
2021-09-30,12.0,12.0,11.920000076293945,11.960000038146973,9065
2021-10-01,11.920000076293945,12.0,11.880000114440918,12.0,1495
2021-10-04,12.0,12.0,11.880000114440918,12.0,6955
2021-10-05,11.880000114440918,11.960000038146973,11.84000015258789,11.880000114440918,5845
2021-10-06,11.880000114440918,11.880000114440918,11.84000015258789,11.880000114440918,147865
2021-10-07,11.880000114440918,11.880000114440918,11.0,11.520000457763672,191975
2021-10-08,11.5600004196167,11.760000228881836,11.279999732971191,11.720000267028809,21280
2021-10-11,11.680000305175781,11.680000305175781,11.359999656677246,11.399999618530273,38540
2021-10-12,11.399999618530273,11.720000267028809,11.279999732971191,11.600000381469727,28980
2021-10-13,11.5600004196167,11.600000381469727,11.399999618530273,11.479999542236328,7200
2021-10-14,11.479999542236328,11.520000457763672,11.359999656677246,11.520000457763672,13930
2021-10-15,11.479999542236328,11.520000457763672,11.4399995803833,11.520000457763672,3885
2021-10-18,11.4399995803833,11.520000457763672,11.4399995803833,11.520000457763672,3505
2021-10-19,11.520000457763672,11.760000228881836,11.479999542236328,11.720000267028809,22735
2021-10-20,11.720000267028809,11.720000267028809,11.640000343322754,11.680000305175781,4655
2021-10-21,11.640000343322754,11.640000343322754,11.4399995803833,11.5600004196167,3865
2021-10-22,11.5600004196167,11.600000381469727,11.4399995803833,11.520000457763672,10130
2021-10-25,11.5600004196167,11.5600004196167,11.359999656677246,11.399999618530273,12380
2021-10-26,11.359999656677246,11.479999542236328,11.359999656677246,11.399999618530273,3360
2021-10-27,11.479999542236328,11.479999542236328,11.399999618530273,11.479999542236328,3745
2021-10-28,11.399999618530273,11.479999542236328,11.319999694824219,11.4399995803833,3830
2021-10-29,11.4399995803833,11.4399995803833,11.279999732971191,11.4399995803833,900
2021-11-02,11.399999618530273,11.4399995803833,11.279999732971191,11.399999618530273,6860
2021-11-03,11.399999618530273,11.4399995803833,11.359999656677246,11.399999618530273,13640
2021-11-04,11.399999618530273,11.479999542236328,11.359999656677246,11.479999542236328,19380
2021-11-05,11.479999542236328,11.479999542236328,11.359999656677246,11.4399995803833,3455
2021-11-08,11.4399995803833,11.680000305175781,11.399999618530273,11.5600004196167,20475
2021-11-09,11.600000381469727,11.84000015258789,11.600000381469727,11.760000228881836,29565
2021-11-10,11.800000190734863,11.800000190734863,11.640000343322754,11.680000305175781,4305
2021-11-12,11.720000267028809,12.0,11.680000305175781,11.960000038146973,34085
2021-11-15,11.960000038146973,11.960000038146973,11.760000228881836,11.84000015258789,9540
2021-11-16,11.880000114440918,11.880000114440918,11.760000228881836,11.84000015258789,5440
2021-11-17,11.680000305175781,11.680000305175781,11.520000457763672,11.680000305175781,18815
2021-11-18,11.680000305175781,11.760000228881836,11.479999542236328,11.760000228881836,4035
2021-11-19,11.760000228881836,11.760000228881836,11.0,11.359999656677246,27485
2021-11-22,11.359999656677246,11.359999656677246,10.680000305175781,10.880000114440918,48045
2021-11-23,10.84000015258789,10.960000038146973,10.720000267028809,10.960000038146973,8905
2021-11-24,10.920000076293945,10.960000038146973,10.640000343322754,10.960000038146973,17405
2021-11-25,10.880000114440918,10.880000114440918,10.720000267028809,10.720000267028809,8415
2021-11-26,10.720000267028809,10.760000228881836,10.399999618530273,10.5600004196167,24255
2021-11-29,10.520000457763672,10.600000381469727,10.4399995803833,10.520000457763672,55730
2021-11-30,10.5600004196167,10.600000381469727,10.520000457763672,10.5600004196167,5450
2021-12-01,10.600000381469727,10.760000228881836,10.520000457763672,10.600000381469727,6940
2021-12-02,10.5600004196167,10.5600004196167,10.479999542236328,10.520000457763672,11400
2021-12-03,10.5600004196167,10.720000267028809,10.479999542236328,10.5600004196167,8420
2021-12-06,10.600000381469727,10.600000381469727,10.399999618530273,10.4399995803833,18390
2021-12-07,10.399999618530273,10.520000457763672,10.399999618530273,10.479999542236328,8365
2021-12-08,10.520000457763672,10.520000457763672,10.199999809265137,10.399999618530273,11005
2021-12-09,10.399999618530273,10.600000381469727,10.399999618530273,10.5600004196167,21085
2021-12-10,10.5600004196167,10.640000343322754,10.479999542236328,10.5600004196167,10460
2021-12-13,10.5600004196167,10.5600004196167,10.399999618530273,10.399999618530273,15915
2021-12-14,10.520000457763672,10.5600004196167,10.399999618530273,10.399999618530273,4360
2021-12-15,10.399999618530273,10.479999542236328,10.199999809265137,10.279999732971191,3795
2021-12-16,10.279999732971191,10.319999694824219,10.199999809265137,10.279999732971191,9310
2021-12-17,10.279999732971191,10.359999656677246,10.199999809265137,10.279999732971191,9185
2021-12-20,10.15999984741211,10.199999809265137,10.0,10.119999885559082,25040
2021-12-21,10.039999961853027,10.279999732971191,10.0,10.199999809265137,13240
2021-12-22,10.15999984741211,10.319999694824219,10.15999984741211,10.199999809265137,4505
2021-12-23,10.199999809265137,10.319999694824219,10.0,10.15999984741211,16540
2021-12-27,10.15999984741211,10.15999984741211,9.84000015258789,10.079999923706055,20085
2021-12-28,10.0,10.119999885559082,9.920000076293945,10.079999923706055,43110
2021-12-29,10.079999923706055,10.520000457763672,10.079999923706055,10.399999618530273,7715
2021-12-30,10.399999618530273,10.399999618530273,10.319999694824219,10.399999618530273,4555
2022-01-03,10.399999618530273,10.600000381469727,10.399999618530273,10.5600004196167,3925
2022-01-04,10.600000381469727,10.600000381469727,10.359999656677246,10.399999618530273,51000
2022-01-05,10.4399995803833,10.4399995803833,10.359999656677246,10.399999618530273,4835
2022-01-07,10.520000457763672,10.5600004196167,10.319999694824219,10.399999618530273,5170
2022-01-10,10.399999618530273,10.399999618530273,10.319999694824219,10.399999618530273,12210
2022-01-11,10.479999542236328,10.520000457763672,10.399999618530273,10.4399995803833,12280
2022-01-12,10.399999618530273,10.399999618530273,10.359999656677246,10.399999618530273,68135
2022-01-13,10.4399995803833,10.520000457763672,10.359999656677246,10.399999618530273,4745
2022-01-14,10.359999656677246,10.479999542236328,10.359999656677246,10.479999542236328,3095
2022-01-17,10.479999542236328,10.520000457763672,10.359999656677246,10.479999542236328,10045
2022-01-18,10.319999694824219,10.479999542236328,10.0,10.359999656677246,26255
2022-01-19,10.239999771118164,10.239999771118164,10.0,10.199999809265137,25310
2022-01-20,10.199999809265137,10.279999732971191,9.979999542236328,10.119999885559082,20695
2022-01-21,9.979999542236328,10.15999984741211,9.9399995803833,10.119999885559082,6450
2022-01-24,10.119999885559082,10.119999885559082,9.760000228881836,9.859999656677246,35855
2022-01-25,9.800000190734863,9.880000114440918,9.800000190734863,9.880000114440918,10245
2022-01-26,9.920000076293945,10.0,9.779999732971191,9.800000190734863,23170
2022-01-27,9.800000190734863,9.859999656677246,9.640000343322754,9.640000343322754,15280
2022-01-28,9.699999809265137,9.760000228881836,9.520000457763672,9.640000343322754,12315
2022-01-31,9.640000343322754,9.760000228881836,9.5600004196167,9.680000305175781,13895
2022-02-01,9.680000305175781,9.680000305175781,9.520000457763672,9.680000305175781,10495
2022-02-02,9.600000381469727,9.680000305175781,9.539999961853027,9.65999984741211,20750
2022-02-03,9.680000305175781,9.680000305175781,9.600000381469727,9.600000381469727,9885
2022-02-04,9.600000381469727,9.600000381469727,9.5600004196167,9.600000381469727,12820
2022-02-07,9.680000305175781,9.739999771118164,9.619999885559082,9.739999771118164,11095
2022-02-08,9.739999771118164,9.739999771118164,9.619999885559082,9.680000305175781,56865
2022-02-09,9.739999771118164,9.84000015258789,9.619999885559082,9.779999732971191,12370
2022-02-10,9.84000015258789,9.859999656677246,9.779999732971191,9.859999656677246,8185
2022-02-11,9.760000228881836,9.859999656677246,9.65999984741211,9.739999771118164,4875
2022-02-14,9.640000343322754,9.739999771118164,9.4399995803833,9.600000381469727,19800
2022-02-15,9.600000381469727,9.739999771118164,9.600000381469727,9.739999771118164,10110
2022-02-16,9.739999771118164,9.739999771118164,9.600000381469727,9.600000381469727,5840
2022-02-17,9.600000381469727,9.699999809265137,9.5600004196167,9.579999923706055,17605
2022-02-18,9.579999923706055,9.600000381469727,9.4399995803833,9.600000381469727,4580
2022-02-21,9.5600004196167,9.640000343322754,9.119999885559082,9.600000381469727,13255
2022-02-22,9.399999618530273,9.600000381469727,9.260000228881836,9.520000457763672,29980
2022-02-23,9.579999923706055,9.579999923706055,9.359999656677246,9.479999542236328,10680
2022-02-24,9.0,9.359999656677246,8.239999771118164,8.739999771118164,56830
2022-02-25,8.739999771118164,8.979999542236328,8.600000381469727,8.899999618530273,60065
2022-02-28,8.779999732971191,9.5,8.640000343322754,9.199999809265137,11125
2022-03-01,9.199999809265137,9.380000114440918,9.0,9.140000343322754,12340
2022-03-02,9.100000381469727,9.100000381469727,8.899999618530273,9.100000381469727,2745
2022-03-03,9.100000381469727,9.399999618530273,8.819999694824219,9.359999656677246,62965
2022-03-04,9.15999984741211,9.199999809265137,8.920000076293945,9.100000381469727,6225
2022-03-07,9.0600004196167,9.0600004196167,8.65999984741211,9.0,12720
2022-03-08,9.0,9.380000114440918,9.0,9.380000114440918,14175
2022-03-09,9.359999656677246,9.600000381469727,9.260000228881836,9.5,17020
2022-03-10,9.520000457763672,9.5600004196167,9.220000267028809,9.34000015258789,9140
2022-03-11,9.399999618530273,9.399999618530273,9.260000228881836,9.399999618530273,13050
2022-03-14,9.399999618530273,9.399999618530273,9.239999771118164,9.380000114440918,2375
2022-03-15,9.239999771118164,9.399999618530273,9.239999771118164,9.399999618530273,5545
2022-03-16,9.399999618530273,9.399999618530273,9.279999732971191,9.399999618530273,4745
2022-03-17,9.399999618530273,9.5,9.300000190734863,9.399999618530273,6670
2022-03-18,9.399999618530273,9.399999618530273,9.300000190734863,9.399999618530273,3855
2022-03-21,9.380000114440918,9.5600004196167,9.380000114440918,9.539999961853027,9310
2022-03-22,9.539999961853027,9.539999961853027,9.479999542236328,9.539999961853027,1645
2022-03-23,9.5,9.539999961853027,9.4399995803833,9.539999961853027,5010
2022-03-24,9.539999961853027,9.920000076293945,9.539999961853027,9.920000076293945,9690
2022-03-25,9.960000038146973,10.0,9.880000114440918,9.920000076293945,11400
2022-03-28,9.960000038146973,9.960000038146973,9.960000038146973,9.960000038146973,565
2022-03-29,9.84000015258789,9.960000038146973,9.699999809265137,9.699999809265137,3830
2022-03-30,9.880000114440918,9.920000076293945,9.699999809265137,9.920000076293945,1335
2022-03-31,9.9399995803833,9.960000038146973,9.84000015258789,9.960000038146973,3520
2022-04-01,9.84000015258789,10.0,9.84000015258789,10.0,6485
2022-04-04,10.0,10.199999809265137,10.0,10.199999809265137,17790
2022-04-05,10.199999809265137,10.319999694824219,10.15999984741211,10.15999984741211,15525
2022-04-06,10.199999809265137,10.199999809265137,9.5600004196167,9.9399995803833,16300
2022-04-07,9.859999656677246,9.920000076293945,9.819999694824219,9.899999618530273,3140
2022-04-08,9.9399995803833,10.15999984741211,9.680000305175781,9.880000114440918,29115
2022-04-11,9.880000114440918,9.960000038146973,9.640000343322754,9.880000114440918,14820
2022-04-12,9.84000015258789,9.899999618530273,9.699999809265137,9.899999618530273,8905
2022-04-13,9.920000076293945,10.0,9.899999618530273,10.0,14140
2022-04-14,10.039999961853027,10.199999809265137,9.979999542236328,10.0,29780
2022-04-19,10.039999961853027,10.15999984741211,9.920000076293945,10.0,7200
2022-04-20,10.039999961853027,10.039999961853027,9.960000038146973,10.0,24700
2022-04-21,10.0,10.119999885559082,9.800000190734863,9.880000114440918,26205
2022-04-22,9.800000190734863,9.800000190734863,9.520000457763672,9.699999809265137,31580
2022-04-25,9.699999809265137,9.779999732971191,9.420000076293945,9.680000305175781,7610
2022-04-26,9.600000381469727,9.760000228881836,9.600000381469727,9.680000305175781,2630
2022-04-27,9.579999923706055,9.720000267028809,9.579999923706055,9.65999984741211,2240
2022-04-28,9.699999809265137,9.720000267028809,9.579999923706055,9.720000267028809,4605
2022-04-29,9.720000267028809,9.720000267028809,9.479999542236328,9.699999809265137,2360
2022-05-02,9.4399995803833,9.760000228881836,9.4399995803833,9.760000228881836,2520
2022-05-04,9.779999732971191,9.779999732971191,9.520000457763672,9.779999732971191,1375
2022-05-05,9.5600004196167,9.779999732971191,9.5600004196167,9.600000381469727,2325
2022-05-06,9.399999618530273,9.760000228881836,9.079999923706055,9.300000190734863,25190
2022-05-09,9.300000190734863,9.300000190734863,8.819999694824219,9.15999984741211,7820
2022-05-10,9.199999809265137,9.279999732971191,9.0,9.180000305175781,14700
2022-05-11,9.180000305175781,9.5600004196167,9.020000457763672,9.359999656677246,7350
2022-05-12,9.359999656677246,9.359999656677246,9.039999961853027,9.199999809265137,19480
2022-05-13,9.199999809265137,9.359999656677246,9.199999809265137,9.199999809265137,33290
2022-05-16,9.220000267028809,9.359999656677246,9.0600004196167,9.279999732971191,18045
2022-05-17,9.279999732971191,9.300000190734863,9.199999809265137,9.300000190734863,12780
2022-05-18,9.260000228881836,9.300000190734863,9.199999809265137,9.300000190734863,16635
2022-05-19,9.220000267028809,9.300000190734863,9.199999809265137,9.300000190734863,7500
2022-05-20,9.300000190734863,9.300000190734863,9.199999809265137,9.300000190734863,5460
2022-05-23,9.0,9.0,8.420000076293945,8.640000343322754,44485
2022-05-24,8.699999809265137,8.760000228881836,8.640000343322754,8.699999809265137,13870
2022-05-25,8.640000343322754,8.739999771118164,8.579999923706055,8.600000381469727,9615
2022-05-26,8.600000381469727,8.699999809265137,8.600000381469727,8.600000381469727,15265
2022-05-27,8.5600004196167,8.760000228881836,8.5,8.760000228881836,38355
2022-05-30,8.760000228881836,8.979999542236328,8.760000228881836,8.800000190734863,19065
2022-05-31,8.920000076293945,8.920000076293945,8.699999809265137,8.800000190734863,7915
2022-06-01,8.819999694824219,8.819999694824219,8.720000267028809,8.800000190734863,13380
2022-06-02,8.800000190734863,9.15999984741211,8.760000228881836,9.15999984741211,868455
2022-06-03,9.15999984741211,9.15999984741211,9.0,9.15999984741211,60035
2022-06-06,9.15999984741211,9.399999618530273,9.15999984741211,9.359999656677246,29740
2022-06-07,9.359999656677246,9.399999618530273,9.199999809265137,9.300000190734863,31460
2022-06-08,9.300000190734863,9.319999694824219,9.220000267028809,9.220000267028809,78220
2022-06-09,9.199999809265137,9.359999656677246,9.199999809265137,9.34000015258789,5950
2022-06-10,9.34000015258789,9.399999618530273,9.239999771118164,9.399999618530273,1310
2022-06-13,9.380000114440918,9.380000114440918,9.15999984741211,9.239999771118164,4500
2022-06-14,9.199999809265137,9.300000190734863,9.15999984741211,9.239999771118164,3020
2022-06-15,9.239999771118164,9.239999771118164,9.0600004196167,9.180000305175781,4500
2022-06-17,9.180000305175781,9.279999732971191,9.0600004196167,9.279999732971191,2550
2022-06-20,9.100000381469727,9.300000190734863,9.100000381469727,9.279999732971191,205990
2022-06-21,9.260000228881836,9.279999732971191,9.140000343322754,9.279999732971191,780
2022-06-22,9.199999809265137,9.380000114440918,9.199999809265137,9.380000114440918,56835
2022-06-23,9.359999656677246,9.359999656677246,9.300000190734863,9.300000190734863,1445
2022-06-24,9.300000190734863,9.300000190734863,9.239999771118164,9.239999771118164,2635
2022-06-27,9.239999771118164,9.239999771118164,9.239999771118164,9.239999771118164,680
2022-06-28,9.34000015258789,9.399999618530273,9.239999771118164,9.399999618530273,6460
2022-06-29,9.300000190734863,9.600000381469727,9.300000190734863,9.600000381469727,10140
2022-06-30,9.859999656677246,9.899999618530273,9.600000381469727,9.680000305175781,29050
2022-07-01,9.800000190734863,9.800000190734863,9.619999885559082,9.800000190734863,6870
2022-07-04,9.619999885559082,9.800000190734863,9.600000381469727,9.760000228881836,1490
2022-07-05,9.739999771118164,9.739999771118164,9.479999542236328,9.739999771118164,3500
2022-07-06,9.720000267028809,9.760000228881836,9.479999542236328,9.479999542236328,11055
2022-07-07,9.600000381469727,9.600000381469727,9.399999618530273,9.5,23400
2022-07-08,9.4399995803833,9.859999656677246,9.119999885559082,9.859999656677246,63185
2022-07-11,9.859999656677246,10.079999923706055,9.800000190734863,10.0,142150
2022-07-12,9.880000114440918,9.979999542236328,9.819999694824219,9.979999542236328,4705
2022-07-13,9.960000038146973,10.0,9.960000038146973,10.0,60060
2022-07-14,9.979999542236328,10.0,9.84000015258789,9.899999618530273,18305
2022-07-15,9.859999656677246,9.960000038146973,9.84000015258789,9.960000038146973,6940
2022-07-18,9.960000038146973,10.0,9.84000015258789,9.960000038146973,6755
2022-07-19,9.859999656677246,9.960000038146973,9.859999656677246,9.960000038146973,115
2022-07-20,9.899999618530273,9.979999542236328,9.84000015258789,9.960000038146973,1300
2022-07-21,9.960000038146973,9.960000038146973,9.960000038146973,9.960000038146973,350
2022-07-22,9.920000076293945,9.960000038146973,9.880000114440918,9.960000038146973,510
2022-07-25,9.960000038146973,9.960000038146973,9.800000190734863,9.960000038146973,4345
2022-07-26,9.960000038146973,9.979999542236328,9.819999694824219,9.960000038146973,1880
2022-07-27,9.979999542236328,9.979999542236328,9.720000267028809,9.84000015258789,9565
2022-07-28,9.84000015258789,9.979999542236328,9.819999694824219,9.979999542236328,51750
2022-07-29,9.979999542236328,10.0,9.859999656677246,10.0,2585
2022-08-01,10.0,10.199999809265137,10.0,10.119999885559082,65440
2022-08-02,10.15999984741211,10.15999984741211,10.0,10.079999923706055,6400
2022-08-03,10.0,10.079999923706055,9.899999618530273,10.039999961853027,3435
2022-08-04,10.039999961853027,10.039999961853027,9.920000076293945,10.039999961853027,2895
2022-08-05,10.039999961853027,10.079999923706055,9.979999542236328,10.079999923706055,11165
2022-08-08,10.15999984741211,10.15999984741211,10.079999923706055,10.119999885559082,5435
2022-08-09,10.119999885559082,10.119999885559082,10.039999961853027,10.079999923706055,4395
2022-08-10,10.119999885559082,10.119999885559082,10.039999961853027,10.079999923706055,3705
2022-08-11,10.039999961853027,10.079999923706055,10.0,10.079999923706055,4595
2022-08-12,10.0,10.079999923706055,10.0,10.0,1665
2022-08-16,10.079999923706055,10.079999923706055,9.800000190734863,10.039999961853027,3860
2022-08-17,10.039999961853027,10.039999961853027,9.84000015258789,9.979999542236328,1820
2022-08-18,9.899999618530273,10.0,9.800000190734863,10.0,11450
2022-08-19,9.899999618530273,10.0,9.800000190734863,9.899999618530273,7375
2022-08-22,9.899999618530273,9.899999618530273,9.039999961853027,9.680000305175781,9875
2022-08-23,9.680000305175781,9.739999771118164,9.600000381469727,9.739999771118164,1570
2022-08-24,9.680000305175781,9.739999771118164,9.680000305175781,9.739999771118164,510
2022-08-25,9.680000305175781,9.800000190734863,9.680000305175781,9.800000190734863,1790
2022-08-26,9.800000190734863,9.800000190734863,9.699999809265137,9.800000190734863,4250
2022-08-29,9.800000190734863,9.880000114440918,9.640000343322754,9.800000190734863,19485
2022-08-30,9.380000114440918,9.4399995803833,9.260000228881836,9.260000228881836,3900
2022-08-31,9.199999809265137,9.34000015258789,9.020000457763672,9.199999809265137,4970
2022-09-01,8.819999694824219,8.920000076293945,8.579999923706055,8.739999771118164,30515
2022-09-02,8.720000267028809,8.720000267028809,8.5,8.600000381469727,2500
2022-09-05,8.600000381469727,8.600000381469727,8.399999618530273,8.600000381469727,3290
2022-09-06,8.5,8.739999771118164,8.399999618530273,8.399999618530273,4190
2022-09-07,8.359999656677246,8.399999618530273,8.199999809265137,8.399999618530273,4450
2022-09-08,8.300000190734863,8.399999618530273,8.260000228881836,8.399999618530273,2250
2022-09-09,8.399999618530273,8.579999923706055,8.399999618530273,8.399999618530273,4655
2022-09-12,8.399999618530273,8.539999961853027,8.399999618530273,8.5,1600
2022-09-13,8.5,8.579999923706055,8.420000076293945,8.460000038146973,2830
2022-09-14,8.399999618530273,8.539999961853027,8.220000267028809,8.539999961853027,8715
2022-09-15,8.539999961853027,9.15999984741211,8.520000457763672,9.15999984741211,11110
2022-09-16,9.0,9.0600004196167,8.800000190734863,8.880000114440918,1065
2022-09-19,9.039999961853027,9.0600004196167,8.800000190734863,9.0600004196167,2815
2022-09-20,8.819999694824219,9.039999961853027,8.819999694824219,8.920000076293945,350
2022-09-21,9.039999961853027,9.039999961853027,8.859999656677246,8.859999656677246,580
2022-09-22,9.039999961853027,9.039999961853027,9.039999961853027,9.039999961853027,10
2022-09-23,8.859999656677246,8.979999542236328,8.800000190734863,8.800000190734863,1510
2022-09-26,8.800000190734863,8.800000190734863,8.399999618530273,8.779999732971191,2260
2022-09-27,8.479999542236328,8.800000190734863,8.479999542236328,8.800000190734863,515
2022-09-28,8.800000190734863,8.800000190734863,8.539999961853027,8.800000190734863,500
2022-09-29,8.800000190734863,8.800000190734863,8.399999618530273,8.460000038146973,4350
2022-09-30,8.319999694824219,8.399999618530273,7.800000190734863,8.359999656677246,13540
2022-10-03,8.359999656677246,8.359999656677246,8.020000457763672,8.359999656677246,2565
2022-10-04,8.359999656677246,8.619999885559082,8.140000343322754,8.5600004196167,3100
2022-10-05,8.479999542236328,8.5600004196167,8.460000038146973,8.539999961853027,770
2022-10-06,8.539999961853027,8.539999961853027,8.460000038146973,8.539999961853027,285
2022-10-07,8.4399995803833,8.520000457763672,8.399999618530273,8.4399995803833,1155
2022-10-10,8.420000076293945,8.520000457763672,8.399999618530273,8.399999618530273,3495
2022-10-11,8.399999618530273,8.399999618530273,8.0600004196167,8.399999618530273,2855
2022-10-12,8.239999771118164,8.380000114440918,8.239999771118164,8.380000114440918,545
2022-10-13,8.220000267028809,8.300000190734863,8.100000381469727,8.300000190734863,7470
2022-10-14,8.359999656677246,8.359999656677246,8.180000305175781,8.180000305175781,1140
2022-10-17,8.119999885559082,8.260000228881836,8.100000381469727,8.260000228881836,1405
2022-10-18,8.260000228881836,8.260000228881836,8.199999809265137,8.199999809265137,440
2022-10-19,8.199999809265137,8.319999694824219,8.199999809265137,8.319999694824219,820
2022-10-20,8.260000228881836,8.260000228881836,8.260000228881836,8.260000228881836,865
2022-10-21,8.300000190734863,8.300000190734863,8.300000190734863,8.300000190734863,135
2022-10-24,8.119999885559082,8.380000114440918,8.100000381469727,8.300000190734863,2570
2022-10-25,8.199999809265137,8.279999732971191,8.079999923706055,8.279999732971191,1990
2022-10-26,8.279999732971191,8.279999732971191,8.199999809265137,8.260000228881836,985
2022-10-27,8.260000228881836,8.260000228881836,8.239999771118164,8.239999771118164,470
2022-10-28,8.239999771118164,8.239999771118164,8.220000267028809,8.239999771118164,2310
2022-10-31,8.199999809265137,8.220000267028809,8.079999923706055,8.199999809265137,2260
2022-11-02,8.15999984741211,8.15999984741211,8.140000343322754,8.15999984741211,5355
2022-11-03,8.100000381469727,8.15999984741211,7.980000019073486,8.100000381469727,8700
2022-11-04,8.100000381469727,8.100000381469727,7.980000019073486,8.100000381469727,3510
2022-11-07,8.100000381469727,8.15999984741211,8.020000457763672,8.100000381469727,3875
2022-11-08,8.100000381469727,8.100000381469727,8.039999961853027,8.100000381469727,5020
2022-11-09,8.079999923706055,8.079999923706055,8.0,8.079999923706055,4380
2022-11-10,8.079999923706055,8.079999923706055,7.960000038146973,8.079999923706055,13965
2022-11-14,8.079999923706055,8.15999984741211,8.0,8.140000343322754,8330
2022-11-15,8.079999923706055,8.119999885559082,7.980000019073486,7.980000019073486,4630
2022-11-16,8.0,8.079999923706055,7.980000019073486,8.0,4410
2022-11-17,8.0,8.039999961853027,7.980000019073486,8.020000457763672,1425
2022-11-18,8.020000457763672,8.020000457763672,7.980000019073486,8.020000457763672,8365
2022-11-21,8.100000381469727,8.100000381469727,8.0,8.079999923706055,7650
2022-11-22,8.079999923706055,8.079999923706055,7.840000152587891,7.920000076293945,4220
2022-11-23,7.920000076293945,7.920000076293945,7.880000114440918,7.920000076293945,2275
2022-11-24,7.860000133514404,8.0,7.820000171661377,7.960000038146973,11250
2022-11-25,7.960000038146973,8.15999984741211,7.860000133514404,8.15999984741211,27270
2022-11-28,8.15999984741211,8.399999618530273,8.140000343322754,8.399999618530273,16255
2022-11-29,8.380000114440918,8.779999732971191,8.279999732971191,8.699999809265137,22095
2022-11-30,8.699999809265137,8.699999809265137,8.520000457763672,8.680000305175781,8190
2022-12-01,8.699999809265137,8.800000190734863,8.600000381469727,8.619999885559082,20865
2022-12-02,8.760000228881836,8.9399995803833,8.760000228881836,8.9399995803833,18940
2022-12-05,9.0,9.359999656677246,8.859999656677246,9.180000305175781,28630
2022-12-06,9.180000305175781,9.180000305175781,8.640000343322754,8.979999542236328,63810
2022-12-07,8.979999542236328,9.0,8.640000343322754,8.65999984741211,5600
2022-12-08,8.800000190734863,8.960000038146973,8.65999984741211,8.800000190734863,38315
2022-12-09,8.800000190734863,8.9399995803833,8.65999984741211,8.9399995803833,13955
2022-12-12,8.9399995803833,9.020000457763672,8.920000076293945,8.979999542236328,15865
2022-12-13,8.979999542236328,8.979999542236328,8.9399995803833,8.979999542236328,8670
2022-12-14,8.979999542236328,8.979999542236328,8.899999618530273,8.960000038146973,3485
2022-12-15,8.920000076293945,8.979999542236328,8.899999618530273,8.979999542236328,3405
2022-12-16,8.880000114440918,8.960000038146973,8.680000305175781,8.899999618530273,8025
2022-12-19,8.640000343322754,8.920000076293945,8.640000343322754,8.899999618530273,7295
2022-12-20,8.920000076293945,8.979999542236328,8.699999809265137,8.859999656677246,20730
2022-12-21,8.84000015258789,8.84000015258789,8.300000190734863,8.84000015258789,43260
2022-12-22,8.600000381469727,8.84000015258789,8.600000381469727,8.720000267028809,16700
2022-12-23,8.739999771118164,8.779999732971191,8.399999618530273,8.760000228881836,17335
2022-12-27,8.600000381469727,8.600000381469727,8.4399995803833,8.579999923706055,6350
2022-12-28,8.479999542236328,8.5,8.119999885559082,8.140000343322754,121550
2022-12-29,8.119999885559082,8.119999885559082,7.980000019073486,8.0,88625
2022-12-30,7.800000190734863,8.579999923706055,7.800000190734863,8.359999656677246,70085
2023-01-02,8.359999656677246,8.5,8.34000015258789,8.34000015258789,9310
2023-01-03,8.319999694824219,8.399999618530273,8.199999809265137,8.239999771118164,6380
2023-01-04,8.380000114440918,8.4399995803833,8.199999809265137,8.300000190734863,41390
2023-01-05,8.399999618530273,8.84000015258789,8.300000190734863,8.84000015258789,35760
2023-01-09,8.800000190734863,9.0,8.65999984741211,8.920000076293945,11340
2023-01-10,8.720000267028809,8.720000267028809,8.579999923706055,8.600000381469727,69085
2023-01-11,8.600000381469727,8.779999732971191,8.600000381469727,8.779999732971191,17130
2023-01-12,8.779999732971191,8.779999732971191,8.619999885559082,8.720000267028809,14130
2023-01-13,8.720000267028809,8.819999694824219,8.619999885559082,8.819999694824219,11095
2023-01-16,8.819999694824219,8.920000076293945,8.819999694824219,8.920000076293945,21890
2023-01-17,8.9399995803833,8.960000038146973,8.800000190734863,8.9399995803833,2490
2023-01-18,8.84000015258789,8.899999618530273,8.84000015258789,8.880000114440918,465
2023-01-19,8.880000114440918,8.880000114440918,8.680000305175781,8.800000190734863,8975
2023-01-20,8.800000190734863,8.819999694824219,8.800000190734863,8.819999694824219,3220
2023-01-23,8.819999694824219,8.880000114440918,8.680000305175781,8.800000190734863,6875
2023-01-24,8.880000114440918,8.920000076293945,8.800000190734863,8.920000076293945,7910
2023-01-25,8.920000076293945,9.180000305175781,8.920000076293945,8.920000076293945,78480
2023-01-26,9.0,9.0,8.9399995803833,9.0,4090
2023-01-27,8.920000076293945,9.140000343322754,8.899999618530273,9.140000343322754,52910
2023-01-30,9.140000343322754,9.199999809265137,9.100000381469727,9.199999809265137,5415
2023-01-31,9.0600004196167,9.199999809265137,9.020000457763672,9.15999984741211,2125
2023-02-01,9.15999984741211,9.199999809265137,9.0600004196167,9.15999984741211,2250
2023-02-02,9.039999961853027,9.15999984741211,9.039999961853027,9.0600004196167,3310
2023-02-03,9.15999984741211,9.180000305175781,9.020000457763672,9.140000343322754,655
2023-02-06,9.15999984741211,9.180000305175781,8.899999618530273,8.979999542236328,39585
2023-02-07,8.979999542236328,9.0,8.800000190734863,8.979999542236328,12380
2023-02-08,8.979999542236328,8.979999542236328,8.819999694824219,8.979999542236328,530
2023-02-09,8.979999542236328,9.100000381469727,8.880000114440918,8.979999542236328,11480
2023-02-10,9.0,9.0,8.720000267028809,8.899999618530273,3840
2023-02-13,8.899999618530273,8.979999542236328,8.899999618530273,8.979999542236328,1675
2023-02-14,8.979999542236328,9.0,8.899999618530273,9.0,1170
2023-02-15,8.800000190734863,8.899999618530273,8.600000381469727,8.899999618530273,3155
2023-02-16,8.800000190734863,8.880000114440918,8.760000228881836,8.84000015258789,2545
2023-02-17,8.800000190734863,8.899999618530273,8.779999732971191,8.899999618530273,3485
2023-02-20,8.899999618530273,8.920000076293945,8.779999732971191,8.899999618530273,3680
2023-02-21,8.800000190734863,8.899999618530273,8.760000228881836,8.899999618530273,1235
2023-02-22,8.760000228881836,8.9399995803833,8.760000228881836,8.9399995803833,1430
2023-02-23,8.920000076293945,8.920000076293945,8.800000190734863,8.920000076293945,5530
2023-02-24,8.760000228881836,8.899999618530273,8.760000228881836,8.899999618530273,370
2023-02-27,8.699999809265137,8.899999618530273,8.699999809265137,8.720000267028809,140
2023-02-28,8.720000267028809,8.880000114440918,8.699999809265137,8.800000190734863,1450
2023-03-01,8.800000190734863,8.880000114440918,8.600000381469727,8.880000114440918,7860
2023-03-02,8.880000114440918,8.880000114440918,8.619999885559082,8.859999656677246,840
2023-03-03,8.800000190734863,9.119999885559082,8.619999885559082,9.0,121860
2023-03-06,9.0,9.079999923706055,8.899999618530273,9.0,84730
2023-03-07,9.0,9.100000381469727,9.0,9.0,5405
2023-03-08,9.079999923706055,9.180000305175781,9.039999961853027,9.180000305175781,25445
2023-03-09,9.180000305175781,9.300000190734863,9.0,9.199999809265137,5510
2023-03-10,9.180000305175781,9.180000305175781,8.880000114440918,8.979999542236328,6665
2023-03-13,9.0,9.0,8.800000190734863,8.880000114440918,8885
2023-03-14,8.84000015258789,8.960000038146973,8.800000190734863,8.960000038146973,22565
2023-03-15,8.800000190734863,8.979999542236328,8.760000228881836,8.979999542236328,39265
2023-03-16,9.0,9.15999984741211,8.84000015258789,9.15999984741211,110260
2023-03-17,9.119999885559082,9.140000343322754,9.119999885559082,9.140000343322754,865
2023-03-20,9.0,9.039999961853027,8.859999656677246,9.039999961853027,14535
2023-03-21,9.0,9.279999732971191,9.0,9.279999732971191,7095
2023-03-22,9.300000190734863,9.619999885559082,9.300000190734863,9.600000381469727,15045
2023-03-23,9.699999809265137,9.779999732971191,9.579999923706055,9.739999771118164,29375
2023-03-24,9.680000305175781,9.680000305175781,9.479999542236328,9.600000381469727,10570
2023-03-27,9.619999885559082,9.920000076293945,9.600000381469727,9.920000076293945,20700
2023-03-28,9.9399995803833,10.119999885559082,9.800000190734863,9.899999618530273,122530
2023-03-29,10.0,10.039999961853027,9.899999618530273,9.920000076293945,9460
2023-03-30,9.899999618530273,9.920000076293945,9.899999618530273,9.920000076293945,12440
2023-03-31,9.800000190734863,9.979999542236328,9.720000267028809,9.739999771118164,19340
2023-04-03,9.859999656677246,9.899999618530273,9.800000190734863,9.880000114440918,10910
2023-04-04,9.880000114440918,9.880000114440918,9.739999771118164,9.859999656677246,380
2023-04-05,9.699999809265137,9.779999732971191,9.699999809265137,9.779999732971191,3810
2023-04-06,9.779999732971191,9.960000038146973,9.65999984741211,9.779999732971191,2565
2023-04-11,9.779999732971191,10.199999809265137,9.640000343322754,10.199999809265137,23105
2023-04-12,10.199999809265137,10.239999771118164,10.079999923706055,10.239999771118164,9280
2023-04-13,10.199999809265137,10.199999809265137,10.0,10.119999885559082,7835
2023-04-14,10.079999923706055,10.15999984741211,10.0,10.15999984741211,2265
2023-04-17,10.039999961853027,10.479999542236328,9.979999542236328,10.479999542236328,30770
2023-04-18,10.4399995803833,10.520000457763672,10.399999618530273,10.479999542236328,13980
2023-04-19,10.479999542236328,10.800000190734863,10.399999618530273,10.800000190734863,110295
2023-04-20,10.800000190734863,10.84000015258789,10.640000343322754,10.760000228881836,5555
2023-04-21,10.760000228881836,10.760000228881836,10.600000381469727,10.600000381469727,518810
2023-04-24,10.600000381469727,10.680000305175781,10.600000381469727,10.680000305175781,9990
2023-04-25,10.600000381469727,10.680000305175781,10.600000381469727,10.640000343322754,9730
2023-04-26,10.600000381469727,10.680000305175781,10.600000381469727,10.680000305175781,16720
2023-04-27,10.640000343322754,10.680000305175781,10.399999618530273,10.600000381469727,11780
2023-04-28,10.4399995803833,10.680000305175781,10.399999618530273,10.680000305175781,6810
2023-05-02,10.680000305175781,10.680000305175781,10.600000381469727,10.680000305175781,6580
2023-05-04,10.600000381469727,10.680000305175781,10.600000381469727,10.600000381469727,12885
2023-05-05,10.600000381469727,10.800000190734863,10.600000381469727,10.680000305175781,11540
2023-05-08,10.640000343322754,10.760000228881836,10.640000343322754,10.760000228881836,7715
2023-05-09,10.720000267028809,10.960000038146973,10.720000267028809,10.920000076293945,25140
2023-05-10,10.84000015258789,10.960000038146973,10.800000190734863,10.960000038146973,3900
2023-05-11,10.800000190734863,10.920000076293945,10.800000190734863,10.920000076293945,2995
2023-05-12,10.920000076293945,10.920000076293945,10.800000190734863,10.880000114440918,7510
2023-05-15,11.0,11.600000381469727,11.0,11.279999732971191,82915
2023-05-16,11.199999809265137,11.399999618530273,11.199999809265137,11.359999656677246,61645
2023-05-17,11.359999656677246,11.399999618530273,11.199999809265137,11.399999618530273,31095
2023-05-18,11.319999694824219,11.399999618530273,11.079999923706055,11.15999984741211,40635
2023-05-19,11.15999984741211,11.399999618530273,11.15999984741211,11.399999618530273,10890
2023-05-22,11.399999618530273,11.600000381469727,11.319999694824219,11.5600004196167,625930
2023-05-23,11.600000381469727,11.600000381469727,11.5600004196167,11.5600004196167,32965
2023-05-24,11.600000381469727,11.800000190734863,11.520000457763672,11.800000190734863,96475
2023-05-25,11.800000190734863,11.800000190734863,11.600000381469727,11.760000228881836,23945
2023-05-26,11.680000305175781,11.800000190734863,11.640000343322754,11.760000228881836,12410
2023-05-29,11.760000228881836,11.800000190734863,11.600000381469727,11.800000190734863,6435
2023-05-30,11.760000228881836,11.800000190734863,11.600000381469727,11.760000228881836,8030
2023-05-31,11.600000381469727,11.720000267028809,11.199999809265137,11.600000381469727,29355
2023-06-01,11.600000381469727,11.720000267028809,11.399999618530273,11.720000267028809,26670
2023-06-02,11.720000267028809,11.720000267028809,11.600000381469727,11.640000343322754,15845
2023-06-05,11.680000305175781,11.680000305175781,11.4399995803833,11.5600004196167,6245
2023-06-06,11.520000457763672,11.5600004196167,11.319999694824219,11.5600004196167,10360
2023-06-07,11.4399995803833,11.5600004196167,11.399999618530273,11.5600004196167,1855
2023-06-09,11.479999542236328,11.600000381469727,11.479999542236328,11.600000381469727,3275
2023-06-12,11.479999542236328,11.640000343322754,11.479999542236328,11.640000343322754,4845
2023-06-13,11.600000381469727,11.600000381469727,11.4399995803833,11.600000381469727,5220
2023-06-14,11.479999542236328,11.520000457763672,11.399999618530273,11.4399995803833,9815
2023-06-15,11.4399995803833,11.4399995803833,11.199999809265137,11.399999618530273,4455
2023-06-16,11.399999618530273,11.5600004196167,11.119999885559082,11.399999618530273,8320
2023-06-19,11.199999809265137,11.399999618530273,11.119999885559082,11.399999618530273,1440
2023-06-20,11.199999809265137,11.319999694824219,10.399999618530273,11.199999809265137,17385
2023-06-21,11.199999809265137,11.5600004196167,11.199999809265137,11.5600004196167,11200
2023-06-22,11.520000457763672,11.5600004196167,11.279999732971191,11.479999542236328,12380
2023-06-23,11.399999618530273,11.520000457763672,11.399999618530273,11.4399995803833,22585
2023-06-26,11.399999618530273,11.479999542236328,11.199999809265137,11.359999656677246,2300
2023-06-27,11.15999984741211,11.239999771118164,11.119999885559082,11.239999771118164,3580
2023-06-28,11.15999984741211,11.199999809265137,11.039999961853027,11.15999984741211,3965
2023-06-29,11.039999961853027,11.5600004196167,10.960000038146973,11.520000457763672,39225
2023-06-30,11.520000457763672,11.520000457763672,11.399999618530273,11.399999618530273,19830
2023-07-03,11.399999618530273,11.479999542236328,11.199999809265137,11.359999656677246,3445
2023-07-04,11.359999656677246,11.359999656677246,11.15999984741211,11.239999771118164,820
2023-07-05,11.079999923706055,11.15999984741211,11.0,11.0,3405
2023-07-06,11.079999923706055,11.119999885559082,11.079999923706055,11.119999885559082,5450
2023-07-07,11.119999885559082,11.119999885559082,11.0,11.119999885559082,1940
2023-07-10,11.0,11.119999885559082,11.0,11.119999885559082,10475
2023-07-11,11.0,11.279999732971191,11.0,11.279999732971191,6650
2023-07-12,11.279999732971191,11.399999618530273,11.199999809265137,11.399999618530273,4855
2023-07-13,11.399999618530273,11.399999618530273,11.199999809265137,11.399999618530273,7260
2023-07-14,11.399999618530273,11.399999618530273,11.15999984741211,11.359999656677246,445
2023-07-17,11.399999618530273,11.479999542236328,11.359999656677246,11.479999542236328,21690
2023-07-18,11.479999542236328,11.5600004196167,11.4399995803833,11.479999542236328,29440
2023-07-19,11.520000457763672,11.5600004196167,11.479999542236328,11.5600004196167,3100
2023-07-20,11.5600004196167,11.880000114440918,11.479999542236328,11.880000114440918,42885
2023-07-21,11.84000015258789,12.15999984741211,11.640000343322754,12.15999984741211,44250
2023-07-24,12.199999809265137,12.720000267028809,12.119999885559082,12.680000305175781,80680
2023-07-25,12.600000381469727,12.760000228881836,12.479999542236328,12.720000267028809,11030
2023-07-26,12.640000343322754,12.760000228881836,12.640000343322754,12.720000267028809,9775
2023-07-27,12.600000381469727,12.920000076293945,12.600000381469727,12.84000015258789,35145
2023-07-28,12.760000228881836,12.84000015258789,12.640000343322754,12.84000015258789,12750
2023-07-31,12.84000015258789,12.84000015258789,12.520000457763672,12.680000305175781,13545
2023-08-01,12.640000343322754,12.84000015258789,12.600000381469727,12.84000015258789,5180
2023-08-02,12.600000381469727,12.760000228881836,12.279999732971191,12.600000381469727,5555
2023-08-03,12.479999542236328,12.520000457763672,12.319999694824219,12.4399995803833,8155
2023-08-04,12.479999542236328,12.479999542236328,12.199999809265137,12.319999694824219,15550
2023-08-07,12.319999694824219,12.359999656677246,12.15999984741211,12.359999656677246,26960
2023-08-08,12.359999656677246,12.359999656677246,12.15999984741211,12.319999694824219,31760
2023-08-09,12.319999694824219,12.319999694824219,12.15999984741211,12.319999694824219,1470
2023-08-10,12.15999984741211,12.239999771118164,12.119999885559082,12.199999809265137,1260
2023-08-11,12.15999984741211,12.319999694824219,12.15999984741211,12.319999694824219,19325
2023-08-14,12.199999809265137,12.199999809265137,12.119999885559082,12.199999809265137,15500
2023-08-16,12.199999809265137,12.199999809265137,12.0,12.0,10150
2023-08-17,12.0,12.0,11.920000076293945,12.0,34920
2023-08-18,11.920000076293945,12.0,11.880000114440918,12.0,15165
2023-08-21,12.0,12.199999809265137,11.880000114440918,11.880000114440918,42910
2023-08-22,11.880000114440918,12.0,11.880000114440918,11.960000038146973,9080
2023-08-23,11.920000076293945,12.0,11.920000076293945,12.0,5815
2023-08-24,12.0,12.0,11.960000038146973,12.0,19955
2023-08-25,11.84000015258789,12.0,11.84000015258789,12.0,5305
2023-08-28,11.960000038146973,11.960000038146973,11.84000015258789,11.960000038146973,7495
2023-08-29,11.800000190734863,11.960000038146973,11.800000190734863,11.960000038146973,6170
2023-08-30,11.960000038146973,11.960000038146973,11.800000190734863,11.960000038146973,9125
2023-08-31,11.920000076293945,12.119999885559082,11.800000190734863,12.119999885559082,18270
2023-09-01,12.399999618530273,12.720000267028809,12.239999771118164,12.640000343322754,25055
2023-09-04,12.800000190734863,12.84000015258789,12.600000381469727,12.640000343322754,30770
2023-09-05,12.600000381469727,12.760000228881836,12.5600004196167,12.640000343322754,11925
2023-09-06,12.680000305175781,12.84000015258789,12.640000343322754,12.800000190734863,55965
2023-09-07,12.640000343322754,12.800000190734863,12.600000381469727,12.760000228881836,1715
2023-09-08,12.600000381469727,12.720000267028809,12.5600004196167,12.680000305175781,2150
2023-09-11,12.680000305175781,12.720000267028809,12.520000457763672,12.720000267028809,1640
2023-09-12,12.5600004196167,12.720000267028809,12.5600004196167,12.720000267028809,9300
2023-09-13,12.640000343322754,12.720000267028809,12.5600004196167,12.600000381469727,1675
2023-09-14,12.600000381469727,12.640000343322754,12.520000457763672,12.640000343322754,1585
2023-09-15,12.600000381469727,12.720000267028809,12.4399995803833,12.600000381469727,1605
2023-09-18,12.600000381469727,12.600000381469727,12.5600004196167,12.600000381469727,1305
2023-09-19,12.479999542236328,12.600000381469727,12.479999542236328,12.5600004196167,1265
2023-09-20,12.520000457763672,12.520000457763672,12.359999656677246,12.399999618530273,3375
2023-09-21,12.359999656677246,12.359999656677246,12.119999885559082,12.319999694824219,10045
2023-09-22,12.319999694824219,12.399999618530273,12.199999809265137,12.359999656677246,3805
2023-09-25,12.199999809265137,12.359999656677246,12.0,12.199999809265137,7395
2023-09-26,12.039999961853027,12.039999961853027,11.720000267028809,11.920000076293945,12450
2023-09-27,11.960000038146973,12.0,11.84000015258789,11.960000038146973,2270
2023-09-28,11.880000114440918,11.880000114440918,11.720000267028809,11.880000114440918,3750
2023-09-29,12.0,12.720000267028809,12.0,12.720000267028809,17620
2023-10-02,12.720000267028809,12.720000267028809,12.399999618530273,12.640000343322754,9435
2023-10-03,12.479999542236328,12.600000381469727,12.399999618530273,12.399999618530273,8160
2023-10-04,12.399999618530273,12.600000381469727,12.359999656677246,12.399999618530273,6520
2023-10-05,12.399999618530273,12.399999618530273,12.239999771118164,12.359999656677246,1560
2023-10-06,12.359999656677246,12.399999618530273,12.319999694824219,12.359999656677246,5770
2023-10-09,12.319999694824219,12.359999656677246,12.199999809265137,12.359999656677246,1065
2023-10-10,12.359999656677246,12.359999656677246,12.359999656677246,12.359999656677246,35
2023-10-11,12.399999618530273,12.5600004196167,12.239999771118164,12.5600004196167,11175
2023-10-12,12.399999618530273,12.600000381469727,12.279999732971191,12.399999618530273,5220
2023-10-13,12.399999618530273,12.5600004196167,12.399999618530273,12.399999618530273,6985
2023-10-16,12.319999694824219,12.600000381469727,12.319999694824219,12.5600004196167,13800
2023-10-17,12.5600004196167,12.800000190734863,12.479999542236328,12.760000228881836,19275
2023-10-18,12.760000228881836,12.760000228881836,12.520000457763672,12.680000305175781,4500
2023-10-19,12.640000343322754,12.680000305175781,12.399999618530273,12.520000457763672,17695
2023-10-20,12.520000457763672,12.5600004196167,12.399999618530273,12.5600004196167,1990
2023-10-23,12.5600004196167,12.5600004196167,12.399999618530273,12.399999618530273,8470
2023-10-24,12.520000457763672,12.5600004196167,12.399999618530273,12.5600004196167,4850
2023-10-25,12.399999618530273,12.520000457763672,12.359999656677246,12.520000457763672,3640
2023-10-26,12.520000457763672,12.720000267028809,12.479999542236328,12.720000267028809,17520
2023-10-27,12.720000267028809,12.800000190734863,12.5600004196167,12.800000190734863,7595
2023-10-30,12.800000190734863,13.479999542236328,12.760000228881836,13.479999542236328,33515
2023-10-31,13.479999542236328,13.880000114440918,13.279999732971191,13.600000381469727,30130
2023-11-02,13.479999542236328,13.600000381469727,13.239999771118164,13.359999656677246,8185
2023-11-03,13.279999732971191,13.479999542236328,13.279999732971191,13.4399995803833,9985
2023-11-06,13.5600004196167,13.920000076293945,13.5600004196167,13.920000076293945,36050
2023-11-07,13.84000015258789,13.920000076293945,13.680000305175781,13.800000190734863,17590
2023-11-08,13.880000114440918,13.960000038146973,13.720000267028809,13.880000114440918,14860
2023-11-09,13.800000190734863,13.880000114440918,13.760000228881836,13.880000114440918,8370
2023-11-10,13.880000114440918,14.0,13.800000190734863,14.0,10690
2023-11-13,13.960000038146973,13.960000038146973,13.680000305175781,13.800000190734863,2465
2023-11-14,13.800000190734863,13.800000190734863,12.84000015258789,13.800000190734863,30375
2023-11-15,13.600000381469727,13.800000190734863,13.600000381469727,13.600000381469727,13780
2023-11-16,13.600000381469727,13.600000381469727,13.399999618530273,13.600000381469727,6480
2023-11-17,13.600000381469727,13.720000267028809,13.399999618530273,13.4399995803833,4675
2023-11-20,13.399999618530273,13.399999618530273,13.119999885559082,13.359999656677246,10200
2023-11-21,13.399999618530273,13.5600004196167,13.15999984741211,13.319999694824219,15285
2023-11-22,13.319999694824219,13.520000457763672,13.199999809265137,13.399999618530273,2640
2023-11-23,13.399999618530273,13.600000381469727,13.399999618530273,13.600000381469727,74310
2023-11-24,13.479999542236328,13.920000076293945,13.479999542236328,13.920000076293945,98195
2023-11-27,13.920000076293945,14.279999732971191,13.600000381469727,14.239999771118164,33865
2023-11-28,14.239999771118164,14.359999656677246,14.0,14.239999771118164,19505
2023-11-29,14.15999984741211,14.279999732971191,14.079999923706055,14.15999984741211,1755
2023-11-30,14.0,14.0,13.880000114440918,14.0,9330
2023-12-01,14.0,14.0,13.5600004196167,14.0,15160
2023-12-04,14.0,14.0,13.399999618530273,13.760000228881836,18950
2023-12-05,13.640000343322754,13.920000076293945,13.479999542236328,13.920000076293945,23385
2023-12-06,13.640000343322754,13.800000190734863,13.640000343322754,13.800000190734863,23385
2023-12-07,13.640000343322754,13.760000228881836,13.640000343322754,13.760000228881836,1675
2023-12-08,13.800000190734863,13.960000038146973,13.800000190734863,13.920000076293945,32520
2023-12-11,13.960000038146973,13.960000038146973,13.680000305175781,13.880000114440918,6605
2023-12-12,13.880000114440918,13.880000114440918,13.680000305175781,13.680000305175781,5725
2023-12-13,13.800000190734863,13.880000114440918,13.640000343322754,13.800000190734863,8930
2023-12-14,13.800000190734863,13.960000038146973,13.800000190734863,13.960000038146973,45575
2023-12-15,14.0,14.0,13.800000190734863,14.0,8905
2023-12-18,14.0,14.800000190734863,14.0,14.720000267028809,31065
2023-12-19,14.880000114440918,14.880000114440918,14.199999809265137,14.760000228881836,10390
2023-12-20,14.4399995803833,15.119999885559082,14.4399995803833,15.0,11075
2023-12-21,14.84000015258789,14.960000038146973,14.640000343322754,14.760000228881836,6990
2023-12-22,14.720000267028809,14.760000228881836,14.520000457763672,14.640000343322754,14630
2023-12-27,14.640000343322754,14.960000038146973,14.520000457763672,14.800000190734863,34610
2023-12-28,14.640000343322754,14.880000114440918,14.399999618530273,14.600000381469727,23670
2023-12-29,14.600000381469727,14.920000076293945,14.600000381469727,14.920000076293945,17670
2024-01-02,14.680000305175781,15.0,14.680000305175781,14.960000038146973,28500
2024-01-03,14.760000228881836,14.920000076293945,14.640000343322754,14.720000267028809,21085
2024-01-04,14.760000228881836,14.800000190734863,14.479999542236328,14.640000343322754,23235
2024-01-05,14.800000190734863,14.800000190734863,14.520000457763672,14.800000190734863,14305
2024-01-08,14.720000267028809,15.600000381469727,14.720000267028809,15.600000381469727,29065
2024-01-09,15.600000381469727,16.520000457763672,15.359999656677246,16.479999542236328,68690
2024-01-10,16.479999542236328,17.15999984741211,16.479999542236328,16.920000076293945,78710
2024-01-11,16.8799991607666,16.8799991607666,16.440000534057617,16.799999237060547,24030
2024-01-12,16.799999237060547,16.959999084472656,16.639999389648438,16.760000228881836,1690
2024-01-15,16.799999237060547,16.959999084472656,16.639999389648438,16.8799991607666,3340
2024-01-16,16.920000076293945,16.920000076293945,16.600000381469727,16.600000381469727,6865
2024-01-17,16.559999465942383,16.559999465942383,16.079999923706055,16.1200008392334,13565
2024-01-18,15.920000076293945,16.0,15.4399995803833,15.600000381469727,35380
2024-01-19,15.600000381469727,15.880000114440918,15.600000381469727,15.880000114440918,15555
2024-01-22,15.960000038146973,16.1200008392334,15.960000038146973,16.1200008392334,3380
2024-01-23,15.880000114440918,16.079999923706055,15.880000114440918,16.0,1230
2024-01-24,15.920000076293945,16.559999465942383,15.760000228881836,16.559999465942383,6240
2024-01-25,16.440000534057617,16.440000534057617,16.1200008392334,16.360000610351562,2820
2024-01-26,16.360000610351562,16.360000610351562,15.920000076293945,16.0,16235
2024-01-29,15.84000015258789,16.0,15.84000015258789,16.0,9720
2024-01-30,16.0,16.0,15.680000305175781,15.720000267028809,6705
2024-01-31,15.600000381469727,15.880000114440918,15.600000381469727,15.800000190734863,2390
2024-02-01,16.0,16.0,15.399999618530273,15.800000190734863,12835
2024-02-02,15.4399995803833,15.920000076293945,15.399999618530273,15.399999618530273,49105
2024-02-05,15.199999809265137,15.600000381469727,15.199999809265137,15.319999694824219,17800
2024-02-06,15.399999618530273,16.399999618530273,15.199999809265137,16.239999771118164,63885
2024-02-07,15.880000114440918,16.0,15.279999732971191,15.359999656677246,45965
2024-02-08,15.319999694824219,15.5600004196167,15.079999923706055,15.5600004196167,21150
2024-02-09,15.520000457763672,15.800000190734863,15.520000457763672,15.760000228881836,3560
2024-02-12,15.760000228881836,15.960000038146973,15.520000457763672,15.880000114440918,31045
2024-02-13,15.600000381469727,15.84000015258789,15.239999771118164,15.5600004196167,3825
2024-02-14,15.640000343322754,15.640000343322754,15.199999809265137,15.319999694824219,17385
2024-02-15,15.239999771118164,15.399999618530273,15.239999771118164,15.399999618530273,1380
2024-02-16,15.359999656677246,15.880000114440918,15.359999656677246,15.800000190734863,9190
2024-02-19,15.800000190734863,15.84000015258789,15.5600004196167,15.760000228881836,3860
2024-02-20,15.600000381469727,15.760000228881836,15.5600004196167,15.680000305175781,2745
2024-02-21,15.680000305175781,15.920000076293945,15.640000343322754,15.880000114440918,28095
2024-02-22,15.720000267028809,16.040000915527344,15.720000267028809,15.960000038146973,31860
2024-02-23,15.960000038146973,15.960000038146973,15.319999694824219,15.800000190734863,19745
2024-02-26,15.800000190734863,15.960000038146973,15.600000381469727,15.680000305175781,6970
2024-02-27,15.600000381469727,15.920000076293945,15.479999542236328,15.920000076293945,10100
2024-02-28,15.880000114440918,16.0,15.4399995803833,16.0,13860
2024-02-29,15.84000015258789,16.239999771118164,15.800000190734863,16.239999771118164,8520
2024-03-01,16.280000686645508,16.360000610351562,16.0,16.31999969482422,15150
2024-03-04,16.31999969482422,16.440000534057617,16.239999771118164,16.440000534057617,9275
2024-03-05,16.479999542236328,16.559999465942383,16.200000762939453,16.440000534057617,3485
2024-03-06,16.200000762939453,16.399999618530273,16.079999923706055,16.15999984741211,8710
2024-03-07,16.15999984741211,16.15999984741211,16.040000915527344,16.1200008392334,3115
2024-03-08,16.1200008392334,16.280000686645508,16.040000915527344,16.280000686645508,100
2024-03-11,16.200000762939453,16.200000762939453,16.0,16.200000762939453,1635
2024-03-12,15.880000114440918,15.880000114440918,15.600000381469727,15.800000190734863,4395
2024-03-13,15.800000190734863,15.84000015258789,15.800000190734863,15.84000015258789,5240
2024-03-14,15.800000190734863,15.880000114440918,15.600000381469727,15.880000114440918,8410
2024-03-15,15.880000114440918,15.960000038146973,15.800000190734863,15.960000038146973,11980
2024-03-18,15.84000015258789,16.079999923706055,15.600000381469727,15.800000190734863,21940
2024-03-19,15.680000305175781,15.680000305175781,15.039999961853027,15.5600004196167,15815
2024-03-20,15.520000457763672,15.600000381469727,15.199999809265137,15.600000381469727,8120
2024-03-21,15.5600004196167,15.880000114440918,15.5600004196167,15.800000190734863,42085
2024-03-22,15.800000190734863,15.920000076293945,15.640000343322754,15.800000190734863,3900
2024-03-25,15.760000228881836,15.760000228881836,15.15999984741211,15.279999732971191,7795
2024-03-26,15.279999732971191,15.5600004196167,15.199999809265137,15.319999694824219,13705
2024-03-27,15.319999694824219,15.520000457763672,15.199999809265137,15.399999618530273,8275
2024-03-28,15.399999618530273,15.399999618530273,15.039999961853027,15.399999618530273,16740
2024-04-02,15.239999771118164,15.319999694824219,15.079999923706055,15.15999984741211,16250
2024-04-03,15.15999984741211,15.319999694824219,15.079999923706055,15.319999694824219,6105
2024-04-04,15.079999923706055,15.319999694824219,15.079999923706055,15.15999984741211,5985
2024-04-05,15.079999923706055,15.199999809265137,14.960000038146973,15.199999809265137,2035
2024-04-08,15.199999809265137,15.520000457763672,15.199999809265137,15.399999618530273,4805
2024-04-09,15.399999618530273,15.720000267028809,15.399999618530273,15.600000381469727,6380
2024-04-10,15.479999542236328,15.920000076293945,15.399999618530273,15.84000015258789,11370
2024-04-11,15.800000190734863,15.920000076293945,15.680000305175781,15.880000114440918,3965
2024-04-12,15.84000015258789,15.880000114440918,15.680000305175781,15.84000015258789,1525
2024-04-15,15.84000015258789,16.399999618530273,15.760000228881836,16.399999618530273,25390
2024-04-16,16.360000610351562,16.360000610351562,15.600000381469727,16.0,17485
2024-04-17,15.640000343322754,16.0,15.640000343322754,16.0,3620
2024-04-18,15.720000267028809,15.920000076293945,15.680000305175781,15.920000076293945,6260
2024-04-19,15.600000381469727,16.15999984741211,15.4399995803833,16.0,37410
2024-04-22,16.1200008392334,16.15999984741211,15.960000038146973,16.15999984741211,21265
2024-04-23,16.15999984741211,16.15999984741211,15.920000076293945,16.15999984741211,11320
2024-04-24,16.0,16.239999771118164,15.920000076293945,16.0,93725
2024-04-25,15.920000076293945,16.0,15.399999618530273,15.920000076293945,36680
2024-04-26,15.880000114440918,15.880000114440918,15.4399995803833,15.880000114440918,16935
2024-04-29,15.880000114440918,15.920000076293945,15.600000381469727,15.800000190734863,6055
2024-04-30,15.600000381469727,15.760000228881836,15.4399995803833,15.760000228881836,1505
2024-05-02,15.760000228881836,15.760000228881836,15.520000457763672,15.760000228881836,2305
2024-05-06,15.760000228881836,15.760000228881836,15.199999809265137,15.399999618530273,30535
2024-05-07,15.5600004196167,15.880000114440918,15.399999618530273,15.880000114440918,27900
2024-05-08,15.880000114440918,16.15999984741211,15.880000114440918,16.0,72945
2024-05-09,16.1200008392334,16.280000686645508,15.720000267028809,16.200000762939453,274480
2024-05-10,16.360000610351562,16.399999618530273,15.800000190734863,16.31999969482422,96310
2024-05-13,16.31999969482422,16.399999618530273,16.040000915527344,16.280000686645508,29590
2024-05-14,16.280000686645508,16.399999618530273,16.15999984741211,16.399999618530273,49955
2024-05-15,16.479999542236328,16.760000228881836,16.399999618530273,16.719999313354492,38625
2024-05-16,16.520000457763672,18.1200008392334,16.520000457763672,17.600000381469727,141010
2024-05-17,18.399999618530273,19.559999465942383,18.399999618530273,19.239999771118164,136660
2024-05-20,19.200000762939453,19.600000381469727,18.84000015258789,19.520000457763672,12015
2024-05-21,19.520000457763672,20.600000381469727,18.84000015258789,20.600000381469727,48330
2024-05-22,21.0,22.200000762939453,20.399999618530273,21.799999237060547,105145
2024-05-23,21.600000381469727,22.0,21.0,22.0,16340
2024-05-24,21.899999618530273,21.899999618530273,20.799999237060547,20.799999237060547,67285
2024-05-27,20.799999237060547,21.5,19.84000015258789,21.399999618530273,266310
2024-05-28,21.399999618530273,21.399999618530273,21.100000381469727,21.299999237060547,2010
2024-05-29,21.299999237060547,21.299999237060547,20.600000381469727,20.899999618530273,10795
2024-05-31,20.399999618530273,21.0,20.0,21.0,17700
2024-06-03,20.700000762939453,20.899999618530273,20.5,20.700000762939453,18125
2024-06-04,20.700000762939453,20.799999237060547,19.600000381469727,20.600000381469727,12575
2024-06-05,20.0,21.399999618530273,19.84000015258789,21.299999237060547,47935
2024-06-06,21.299999237060547,21.600000381469727,20.600000381469727,20.600000381469727,13435
2024-06-07,20.600000381469727,21.0,20.399999618530273,20.799999237060547,9890
2024-06-10,20.399999618530273,20.700000762939453,20.200000762939453,20.600000381469727,4400
2024-06-11,20.299999237060547,20.700000762939453,19.799999237060547,19.799999237060547,41245
2024-06-12,19.600000381469727,19.959999084472656,19.200000762939453,19.239999771118164,60105
2024-06-13,19.200000762939453,19.360000610351562,19.0,19.200000762939453,4755
2024-06-14,19.0,19.280000686645508,19.0,19.239999771118164,5580
2024-06-17,19.079999923706055,19.15999984741211,18.559999465942383,18.760000228881836,20865
2024-06-18,18.760000228881836,19.15999984741211,18.760000228881836,19.15999984741211,6860
2024-06-19,19.15999984741211,19.200000762939453,18.959999084472656,19.200000762939453,2305
2024-06-20,19.200000762939453,19.479999542236328,19.0,19.399999618530273,2740
2024-06-21,19.479999542236328,19.760000228881836,19.399999618530273,19.639999389648438,17945
2024-06-24,19.639999389648438,19.959999084472656,19.239999771118164,19.959999084472656,7135
2024-06-25,20.0,20.100000381469727,19.799999237060547,20.100000381469727,8885
2024-06-26,20.200000762939453,20.399999618530273,20.0,20.399999618530273,2900
2024-06-27,20.600000381469727,20.799999237060547,20.200000762939453,20.799999237060547,5255
2024-06-28,20.600000381469727,20.700000762939453,20.299999237060547,20.5,2490
2024-07-01,20.799999237060547,21.799999237060547,20.299999237060547,21.0,15840
2024-07-02,20.5,21.399999618530273,20.5,20.899999618530273,506320
2024-07-03,20.899999618530273,21.200000762939453,20.700000762939453,21.0,7610
2024-07-04,21.5,21.5,20.700000762939453,21.0,11995
2024-07-05,21.0,21.0,20.299999237060547,20.799999237060547,6925
2024-07-08,20.700000762939453,20.899999618530273,20.5,20.899999618530273,6075
2024-07-09,20.799999237060547,22.0,20.700000762939453,22.0,25210
2024-07-10,22.0,22.0,21.600000381469727,22.0,3140
2024-07-11,22.0,22.399999618530273,22.0,22.399999618530273,24770
2024-07-12,22.399999618530273,22.399999618530273,21.700000762939453,22.299999237060547,4325
2024-07-15,22.200000762939453,22.399999618530273,21.799999237060547,22.0,14245
2024-07-16,22.0,22.0,21.0,21.799999237060547,12240
2024-07-17,21.799999237060547,22.600000381469727,21.5,22.299999237060547,13030
2024-07-18,22.399999618530273,22.799999237060547,21.899999618530273,22.799999237060547,10330
2024-07-19,22.399999618530273,22.799999237060547,22.0,22.399999618530273,6735
2024-07-22,22.399999618530273,22.799999237060547,22.200000762939453,22.799999237060547,3840
2024-07-23,22.700000762939453,22.700000762939453,21.799999237060547,22.0,9960
2024-07-24,21.799999237060547,21.899999618530273,20.600000381469727,21.5,45270
2024-07-25,21.0,21.0,20.5,21.0,12770
2024-07-26,21.0,21.5,20.899999618530273,21.200000762939453,17545
2024-07-29,21.0,21.600000381469727,21.0,21.600000381469727,3740
2024-07-30,21.700000762939453,22.0,21.399999618530273,21.799999237060547,9740
2024-07-31,21.399999618530273,21.700000762939453,21.200000762939453,21.700000762939453,5325
2024-08-01,21.799999237060547,21.799999237060547,21.399999618530273,21.5,7570
2024-08-02,21.600000381469727,21.799999237060547,20.600000381469727,21.399999618530273,41300
2024-08-05,20.600000381469727,20.799999237060547,18.799999237060547,20.799999237060547,219380
2024-08-06,20.799999237060547,22.0,20.600000381469727,20.799999237060547,7510
2024-08-07,20.799999237060547,21.0,19.600000381469727,20.399999618530273,207425
2024-08-08,20.399999618530273,20.600000381469727,20.299999237060547,20.399999618530273,16920
2024-08-09,20.600000381469727,20.799999237060547,20.399999618530273,20.799999237060547,8065
2024-08-12,20.799999237060547,21.200000762939453,20.700000762939453,21.0,9900
2024-08-13,21.0,21.899999618530273,21.0,21.600000381469727,14505
2024-08-14,21.399999618530273,21.399999618530273,21.100000381469727,21.399999618530273,9975
2024-08-16,21.600000381469727,21.899999618530273,21.600000381469727,21.899999618530273,4050
2024-08-19,21.899999618530273,22.799999237060547,21.899999618530273,22.799999237060547,24340
2024-08-20,22.700000762939453,22.700000762939453,21.799999237060547,22.200000762939453,17915
2024-08-21,22.200000762939453,22.299999237060547,21.700000762939453,22.200000762939453,22690
2024-08-22,22.0,22.600000381469727,22.0,22.399999618530273,26990
2024-08-23,22.100000381469727,22.399999618530273,22.0,22.399999618530273,2540
2024-08-26,22.5,22.600000381469727,22.0,22.299999237060547,14040
2024-08-27,22.0,22.100000381469727,21.700000762939453,22.0,7545
2024-08-28,21.700000762939453,21.799999237060547,21.100000381469727,21.700000762939453,11620
2024-08-29,21.5,22.5,21.5,22.5,10455
2024-08-30,22.299999237060547,22.799999237060547,22.299999237060547,22.799999237060547,17755
2024-09-02,23.0,23.700000762939453,22.600000381469727,23.5,31495
2024-09-03,23.600000381469727,24.399999618530273,23.299999237060547,23.600000381469727,33915
2024-09-04,23.200000762939453,23.799999237060547,22.799999237060547,23.700000762939453,15580
2024-09-05,23.700000762939453,23.700000762939453,23.0,23.600000381469727,14090
2024-09-06,23.600000381469727,23.600000381469727,23.200000762939453,23.600000381469727,1100
2024-09-09,23.200000762939453,23.600000381469727,22.899999618530273,23.5,4355
2024-09-10,23.5,23.5,22.700000762939453,23.0,5245
2024-09-11,22.600000381469727,22.799999237060547,22.0,22.799999237060547,6995
2024-09-12,22.799999237060547,23.299999237060547,22.799999237060547,23.200000762939453,5455
2024-09-13,23.0,23.0,22.600000381469727,23.0,4750
2024-09-16,23.0,23.5,22.5,22.799999237060547,7685
2024-09-17,22.799999237060547,23.299999237060547,22.5,23.200000762939453,18330
2024-09-18,23.299999237060547,23.799999237060547,23.299999237060547,23.799999237060547,9620
2024-09-19,23.600000381469727,24.399999618530273,23.5,23.799999237060547,27640
2024-09-20,23.399999618530273,23.700000762939453,23.100000381469727,23.399999618530273,3585
2024-09-23,23.0,23.700000762939453,22.5,22.700000762939453,6475
2024-09-24,22.799999237060547,23.0,22.399999618530273,23.0,6110
2024-09-25,22.700000762939453,23.399999618530273,22.100000381469727,22.600000381469727,20970
2024-09-26,22.600000381469727,22.700000762939453,21.799999237060547,22.700000762939453,34600
2024-09-27,22.700000762939453,23.0,22.700000762939453,23.0,10510
2024-09-30,23.299999237060547,23.399999618530273,22.600000381469727,23.299999237060547,36885
2024-10-01,22.899999618530273,23.0,22.399999618530273,22.600000381469727,9240
2024-10-02,22.700000762939453,23.0,22.399999618530273,22.399999618530273,5690
2024-10-03,22.5,22.600000381469727,22.0,22.399999618530273,17580
2024-10-04,22.200000762939453,22.5,22.0,22.299999237060547,11780
2024-10-07,22.0,22.0,21.200000762939453,21.700000762939453,26935
2024-10-08,21.399999618530273,22.0,21.100000381469727,22.0,13135
2024-10-09,22.0,22.0,21.399999618530273,21.700000762939453,8665
2024-10-10,21.399999618530273,21.700000762939453,21.399999618530273,21.700000762939453,5840
2024-10-11,21.600000381469727,21.700000762939453,21.399999618530273,21.600000381469727,2590
2024-10-14,21.299999237060547,21.399999618530273,20.700000762939453,21.0,26675
2024-10-15,20.899999618530273,21.200000762939453,20.700000762939453,20.799999237060547,25970
2024-10-16,20.899999618530273,21.0,20.799999237060547,20.799999237060547,14430
2024-10-17,20.700000762939453,21.0,20.600000381469727,20.799999237060547,37770
2024-10-18,20.700000762939453,21.600000381469727,20.700000762939453,21.299999237060547,9985
2024-10-21,21.299999237060547,22.0,21.0,21.600000381469727,10745
2024-10-22,21.299999237060547,21.600000381469727,21.100000381469727,21.600000381469727,30820
2024-10-23,21.299999237060547,21.899999618530273,21.299999237060547,21.899999618530273,43525
2024-10-24,21.899999618530273,22.0,21.5,22.0,6175
2024-10-25,22.0,22.0,21.5,21.799999237060547,10740
2024-10-28,21.799999237060547,21.899999618530273,21.5,21.899999618530273,8115
2024-10-29,21.899999618530273,23.100000381469727,21.899999618530273,22.899999618530273,23645
2024-10-30,22.899999618530273,22.899999618530273,22.399999618530273,22.5,1275
2024-10-31,22.299999237060547,22.700000762939453,22.0,22.5,8485
2024-11-04,22.200000762939453,22.5,21.700000762939453,22.399999618530273,13830
2024-11-05,22.200000762939453,23.0,21.700000762939453,23.0,28030
2024-11-06,23.200000762939453,23.200000762939453,22.5,22.700000762939453,2520
2024-11-07,22.5,22.899999618530273,22.5,22.899999618530273,3025
2024-11-08,22.899999618530273,23.299999237060547,22.600000381469727,23.100000381469727,11300
2024-11-12,22.899999618530273,23.5,22.799999237060547,23.0,39330
2024-11-13,23.0,23.399999618530273,22.700000762939453,23.0,2980
2024-11-14,22.700000762939453,22.799999237060547,22.600000381469727,22.799999237060547,1655
2024-11-15,22.600000381469727,22.700000762939453,22.0,22.5,21705
2024-11-18,22.5,22.700000762939453,22.299999237060547,22.600000381469727,4045
2024-11-19,22.299999237060547,22.5,21.799999237060547,22.200000762939453,27275
2024-11-20,22.0,22.5,22.0,22.5,9440
2024-11-21,22.5,22.600000381469727,22.200000762939453,22.600000381469727,18685
2024-11-22,22.600000381469727,23.0,22.399999618530273,22.600000381469727,15730
2024-11-25,22.799999237060547,23.399999618530273,22.600000381469727,23.200000762939453,29075
2024-11-26,23.299999237060547,23.399999618530273,22.799999237060547,23.399999618530273,56325
2024-11-27,23.200000762939453,23.200000762939453,22.799999237060547,23.200000762939453,12995
2024-11-28,23.200000762939453,23.399999618530273,22.799999237060547,23.399999618530273,11305
2024-11-29,23.399999618530273,23.799999237060547,23.100000381469727,23.700000762939453,14745
2024-12-02,23.799999237060547,25.600000381469727,23.700000762939453,25.5,69040
2024-12-03,25.5,25.600000381469727,24.799999237060547,25.399999618530273,43995
2024-12-04,25.5,26.299999237060547,25.0,26.299999237060547,51055
2024-12-05,26.5,27.700000762939453,26.200000762939453,27.5,125630
2024-12-06,27.700000762939453,27.700000762939453,26.5,26.600000381469727,35375
2024-12-09,26.600000381469727,26.899999618530273,25.799999237060547,26.5,29475
2024-12-10,26.399999618530273,26.5,26.0,26.200000762939453,15445
2024-12-11,26.200000762939453,26.5,26.200000762939453,26.5,3550
2024-12-12,26.399999618530273,26.799999237060547,26.399999618530273,26.799999237060547,8015
2024-12-13,26.799999237060547,27.799999237060547,26.700000762939453,27.799999237060547,13080
2024-12-16,27.799999237060547,29.0,27.600000381469727,28.700000762939453,15120
2024-12-17,28.600000381469727,28.799999237060547,27.700000762939453,28.399999618530273,176020
2024-12-18,27.799999237060547,28.200000762939453,27.600000381469727,27.700000762939453,16145
2024-12-19,27.399999618530273,27.600000381469727,27.100000381469727,27.5,11320
2024-12-20,27.5,27.5,26.700000762939453,27.299999237060547,15935
2024-12-23,27.799999237060547,27.799999237060547,26.700000762939453,26.899999618530273,9520
2024-12-27,26.799999237060547,27.399999618530273,26.799999237060547,27.399999618530273,13725
2024-12-30,27.399999618530273,27.600000381469727,26.700000762939453,27.600000381469727,24355
2025-01-02,28.0,28.0,27.299999237060547,27.5,10250
2025-01-03,27.600000381469727,27.600000381469727,27.0,27.100000381469727,17745
2025-01-07,27.0,27.399999618530273,26.899999618530273,27.200000762939453,17265
2025-01-08,27.600000381469727,29.299999237060547,27.100000381469727,28.600000381469727,80525
2025-01-09,28.5,29.0,28.200000762939453,29.0,26745
2025-01-10,28.799999237060547,29.0,28.299999237060547,28.600000381469727,9315
2025-01-13,28.399999618530273,28.399999618530273,27.5,28.0,23215
2025-01-14,28.0,28.200000762939453,27.799999237060547,28.200000762939453,19115
2025-01-15,28.600000381469727,28.799999237060547,28.200000762939453,28.200000762939453,3505
2025-01-16,28.299999237060547,28.600000381469727,28.200000762939453,28.600000381469727,2195
2025-01-17,28.600000381469727,29.0,28.200000762939453,28.399999618530273,9590
2025-01-20,28.5,28.899999618530273,28.299999237060547,28.799999237060547,13315
2025-01-21,28.799999237060547,28.799999237060547,28.5,28.799999237060547,4575
2025-01-22,29.0,29.0,28.200000762939453,28.299999237060547,11540
2025-01-23,28.200000762939453,28.200000762939453,27.600000381469727,27.799999237060547,5850
2025-01-24,27.600000381469727,27.700000762939453,27.299999237060547,27.600000381469727,12560
2025-01-27,27.600000381469727,27.700000762939453,27.399999618530273,27.600000381469727,45280
2025-01-28,27.600000381469727,27.899999618530273,27.600000381469727,27.899999618530273,15010
2025-01-29,27.799999237060547,27.899999618530273,27.299999237060547,27.600000381469727,17270
2025-01-30,27.700000762939453,28.200000762939453,27.399999618530273,28.200000762939453,12680
2025-01-31,28.0,28.200000762939453,27.799999237060547,28.200000762939453,20455
2025-02-03,28.0,30.0,28.0,29.799999237060547,52445
2025-02-04,30.0,30.700000762939453,29.700000762939453,30.0,18440
2025-02-05,29.600000381469727,29.899999618530273,29.5,29.700000762939453,27170
2025-02-06,29.799999237060547,29.899999618530273,29.600000381469727,29.899999618530273,5135
2025-02-07,29.600000381469727,30.600000381469727,29.600000381469727,30.399999618530273,17295
2025-02-10,30.5,30.700000762939453,29.899999618530273,30.0,7690
2025-02-11,30.0,30.399999618530273,29.799999237060547,30.399999618530273,7420
2025-02-12,30.600000381469727,30.700000762939453,30.200000762939453,30.600000381469727,14880
2025-02-13,30.600000381469727,31.0,30.600000381469727,30.899999618530273,10560
2025-02-14,30.899999618530273,31.0,30.299999237060547,30.600000381469727,35520
2025-02-17,30.399999618530273,30.399999618530273,29.899999618530273,30.200000762939453,27275
2025-02-18,30.200000762939453,31.399999618530273,30.200000762939453,31.200000762939453,91565
2025-02-19,31.399999618530273,34.29999923706055,31.399999618530273,31.600000381469727,58750
2025-02-20,32.0,32.400001525878906,31.799999237060547,32.0,18975
2025-02-21,32.0,32.5,31.799999237060547,32.400001525878906,21125
2025-02-24,32.5,32.5,31.600000381469727,31.700000762939453,6165
2025-02-25,31.600000381469727,32.20000076293945,31.600000381469727,32.20000076293945,40950
2025-02-26,32.0,32.099998474121094,32.0,32.0,11755
2025-02-27,32.0,32.20000076293945,31.899999618530273,32.0,4210
2025-02-28,31.799999237060547,31.899999618530273,31.200000762939453,31.700000762939453,10800
2025-03-03,31.700000762939453,32.400001525878906,31.600000381469727,32.400001525878906,20225
2025-03-04,32.20000076293945,33.0,32.0,32.79999923706055,6010
2025-03-05,33.0,34.5,32.70000076293945,34.20000076293945,11610
2025-03-06,34.400001525878906,34.400001525878906,34.0,34.20000076293945,2570
2025-03-07,34.400001525878906,35.0,33.79999923706055,34.599998474121094,122565
2025-03-10,34.599998474121094,34.599998474121094,33.900001525878906,34.0,27490
2025-03-11,34.20000076293945,34.20000076293945,33.599998474121094,34.0,13925
2025-03-12,34.099998474121094,34.29999923706055,34.0,34.29999923706055,5640
2025-03-13,34.400001525878906,34.79999923706055,34.20000076293945,34.79999923706055,14115
2025-03-14,34.900001525878906,36.0,34.79999923706055,35.5,10355
2025-03-17,36.20000076293945,38.0,36.20000076293945,36.599998474121094,16485
2025-03-18,36.599998474121094,36.599998474121094,35.5,36.400001525878906,92360
2025-03-19,36.400001525878906,37.599998474121094,35.79999923706055,37.599998474121094,38820
2025-03-20,37.900001525878906,37.900001525878906,37.099998474121094,37.400001525878906,31735
2025-03-21,37.599998474121094,37.900001525878906,37.20000076293945,37.70000076293945,13030
2025-03-24,38.0,38.400001525878906,37.599998474121094,37.79999923706055,9850
2025-03-25,37.79999923706055,38.400001525878906,37.79999923706055,38.0,9945
2025-03-26,39.0,39.900001525878906,38.79999923706055,39.5,55035
2025-03-27,39.400001525878906,39.400001525878906,38.599998474121094,38.79999923706055,17910
2025-03-28,38.599998474121094,38.79999923706055,37.29999923706055,38.70000076293945,25530
2025-03-31,38.70000076293945,38.70000076293945,37.0,37.0,14910
2025-04-01,36.79999923706055,38.20000076293945,36.400001525878906,38.20000076293945,14260
2025-04-02,38.400001525878906,38.599998474121094,38.0,38.400001525878906,3270
2025-04-03,38.0,38.0,36.5,37.20000076293945,11140
2025-04-04,36.900001525878906,36.900001525878906,34.79999923706055,35.20000076293945,27295
2025-04-07,33.5,36.0,32.400001525878906,35.599998474121094,26990
2025-04-08,36.0,36.0,35.0,35.599998474121094,4320
2025-04-09,34.79999923706055,35.29999923706055,33.599998474121094,34.599998474121094,14035
2025-04-10,35.70000076293945,36.0,35.5,36.0,6280
2025-04-11,36.5,38.79999923706055,36.0,38.79999923706055,29420
2025-04-14,38.70000076293945,39.20000076293945,38.400001525878906,39.20000076293945,6155
2025-04-15,39.20000076293945,39.70000076293945,38.599998474121094,39.29999923706055,9845
2025-04-16,39.599998474121094,42.20000076293945,39.29999923706055,41.599998474121094,26705
2025-04-17,42.0,43.0,42.0,42.400001525878906,5430
2025-04-22,42.79999923706055,42.79999923706055,41.400001525878906,42.599998474121094,6820
2025-04-23,42.599998474121094,43.400001525878906,42.599998474121094,43.0,10345
2025-04-24,43.20000076293945,43.400001525878906,42.79999923706055,42.79999923706055,2560
2025-04-25,42.79999923706055,43.20000076293945,42.400001525878906,42.599998474121094,8285
2025-04-28,42.79999923706055,43.400001525878906,42.79999923706055,43.20000076293945,5350
2025-04-29,43.20000076293945,43.20000076293945,41.599998474121094,42.20000076293945,3925
2025-04-30,41.599998474121094,41.599998474121094,40.400001525878906,40.400001525878906,4915
2025-05-02,40.79999923706055,42.400001525878906,40.0,42.400001525878906,11135
2025-05-05,41.400001525878906,42.599998474121094,41.20000076293945,42.400001525878906,5960
2025-05-06,42.20000076293945,44.79999923706055,41.400001525878906,44.79999923706055,31355
2025-05-07,44.400001525878906,45.400001525878906,44.0,44.400001525878906,54700
2025-05-08,44.0,46.20000076293945,43.400001525878906,46.0,58015
2025-05-09,46.0,46.599998474121094,44.400001525878906,46.599998474121094,9020
2025-05-12,46.20000076293945,48.0,46.20000076293945,47.79999923706055,12205
2025-05-13,47.20000076293945,48.0,46.79999923706055,47.400001525878906,3560
2025-05-14,47.400001525878906,47.79999923706055,46.0,47.599998474121094,43950
2025-05-15,47.0,47.20000076293945,46.20000076293945,47.20000076293945,4755
2025-05-16,46.79999923706055,46.79999923706055,46.400001525878906,46.79999923706055,2405
2025-05-19,46.400001525878906,46.79999923706055,46.0,46.0,3995
2025-05-20,45.599998474121094,46.400001525878906,45.599998474121094,46.400001525878906,9465
2025-05-21,46.0,47.599998474121094,46.0,47.599998474121094,2670
2025-05-22,47.20000076293945,47.599998474121094,46.400001525878906,47.0,2745
2025-05-23,46.599998474121094,47.0,46.400001525878906,46.79999923706055,1080
2025-05-26,46.400001525878906,46.79999923706055,46.20000076293945,46.79999923706055,1760
2025-05-27,46.79999923706055,47.0,46.400001525878906,46.79999923706055,4580
2025-05-28,46.79999923706055,47.20000076293945,46.400001525878906,47.0,1750
2025-05-29,46.0,46.400001525878906,45.599998474121094,46.0,104910
2025-05-30,46.0,47.0,45.599998474121094,46.599998474121094,21205
2025-06-02,46.20000076293945,46.79999923706055,46.0,46.599998474121094,6385
2025-06-03,46.20000076293945,47.20000076293945,46.0,47.20000076293945,6215
2025-06-04,47.20000076293945,48.0,46.79999923706055,48.0,8115
2025-06-05,48.0,48.0,47.599998474121094,48.0,4635
2025-06-06,47.79999923706055,47.79999923706055,44.79999923706055,46.20000076293945,43920
2025-06-09,46.20000076293945,46.79999923706055,46.20000076293945,46.79999923706055,2740
2025-06-10,46.599998474121094,47.0,46.400001525878906,47.0,4240
2025-06-11,47.0,47.400001525878906,46.79999923706055,47.400001525878906,2025
2025-06-12,47.79999923706055,48.400001525878906,47.20000076293945,48.400001525878906,4730
2025-06-13,48.0,48.20000076293945,47.400001525878906,48.20000076293945,6500
2025-06-16,48.20000076293945,48.400001525878906,47.599998474121094,48.20000076293945,4050
2025-06-17,48.0,48.0,46.0,47.20000076293945,5935
2025-06-18,46.599998474121094,46.599998474121094,45.0,46.599998474121094,42820
2025-06-20,46.599998474121094,48.400001525878906,46.400001525878906,48.400001525878906,5440
2025-06-23,48.0,48.599998474121094,47.0,47.20000076293945,1765
2025-06-24,47.20000076293945,48.79999923706055,47.0,48.0,8615
2025-06-25,48.0,48.0,46.79999923706055,47.20000076293945,2735
2025-06-26,47.20000076293945,47.400001525878906,46.79999923706055,47.20000076293945,81450
2025-06-27,47.20000076293945,47.79999923706055,46.20000076293945,47.79999923706055,15280
2025-06-30,47.20000076293945,48.20000076293945,46.400001525878906,48.20000076293945,11520
2025-07-01,48.400001525878906,48.400001525878906,48.0,48.20000076293945,5415
2025-07-02,48.0,48.0,47.79999923706055,47.79999923706055,2335
2025-07-03,48.0,48.0,46.599998474121094,46.79999923706055,9675
2025-07-04,46.79999923706055,47.0,46.400001525878906,47.0,3695
2025-07-07,47.0,47.20000076293945,46.0,46.599998474121094,14025
2025-07-08,46.0,47.79999923706055,46.0,47.79999923706055,4795
2025-07-09,47.20000076293945,47.400001525878906,47.0,47.20000076293945,1490
2025-07-10,47.20000076293945,47.79999923706055,47.0,47.599998474121094,1085
2025-07-11,47.20000076293945,47.400001525878906,46.599998474121094,46.599998474121094,4010
2025-07-14,46.599998474121094,47.400001525878906,46.400001525878906,46.599998474121094,9170
2025-07-15,46.400001525878906,47.20000076293945,46.400001525878906,47.20000076293945,9305
2025-07-16,47.20000076293945,47.599998474121094,47.20000076293945,47.400001525878906,2610
2025-07-17,47.400001525878906,48.0,47.400001525878906,47.79999923706055,3015
2025-07-18,48.0,48.400001525878906,48.0,48.400001525878906,19065
2025-07-21,48.599998474121094,51.0,48.599998474121094,50.400001525878906,33705
2025-07-22,50.400001525878906,53.20000076293945,50.20000076293945,53.20000076293945,14695
2025-07-23,52.79999923706055,52.79999923706055,50.0,51.20000076293945,52815
2025-07-24,51.0,51.599998474121094,49.400001525878906,51.599998474121094,15305
2025-07-25,51.599998474121094,55.0,51.20000076293945,55.0,10235
2025-07-28,55.0,55.400001525878906,52.599998474121094,53.79999923706055,50440
2025-07-29,53.599998474121094,54.0,53.0,54.0,2975
2025-07-30,54.0,54.0,52.400001525878906,52.599998474121094,1590
2025-07-31,52.400001525878906,53.0,51.0,51.0,4360
2025-08-01,50.599998474121094,51.599998474121094,50.20000076293945,50.20000076293945,6270
2025-08-04,50.20000076293945,51.400001525878906,50.20000076293945,51.20000076293945,2330
2025-08-05,51.599998474121094,51.599998474121094,49.20000076293945,49.400001525878906,9250
2025-08-06,49.400001525878906,49.400001525878906,48.400001525878906,49.20000076293945,2005
2025-08-07,49.0,49.79999923706055,49.0,49.79999923706055,2170
2025-08-08,49.79999923706055,49.79999923706055,49.20000076293945,49.400001525878906,1015
2025-08-11,49.599998474121094,49.599998474121094,48.79999923706055,49.400001525878906,4580
2025-08-12,49.0,51.20000076293945,49.0,51.0,11480
2025-08-13,51.0,51.400001525878906,51.0,51.0,1985
2025-08-14,51.0,51.79999923706055,50.20000076293945,51.0,2685
2025-08-18,51.0,51.0,49.599998474121094,50.20000076293945,6100
2025-08-19,50.20000076293945,50.79999923706055,49.79999923706055,50.400001525878906,4530
2025-08-20,50.599998474121094,50.79999923706055,50.0,50.400001525878906,3800
2025-08-21,50.400001525878906,50.79999923706055,50.0,50.599998474121094,1535
2025-08-22,50.0,50.79999923706055,50.0,50.79999923706055,7875
2025-08-25,50.79999923706055,52.20000076293945,50.599998474121094,51.20000076293945,4825
2025-08-26,51.20000076293945,52.79999923706055,51.20000076293945,52.599998474121094,8335
2025-08-27,52.79999923706055,53.400001525878906,52.400001525878906,53.0,1775
2025-08-28,53.0,53.400001525878906,52.400001525878906,52.79999923706055,1425
2025-08-29,52.599998474121094,53.400001525878906,52.400001525878906,52.79999923706055,1680
2025-09-01,53.79999923706055,54.400001525878906,53.599998474121094,54.400001525878906,90095
2025-09-02,54.79999923706055,56.0,54.400001525878906,55.0,161930
2025-09-03,55.400001525878906,59.400001525878906,55.0,55.79999923706055,8375
2025-09-04,54.20000076293945,55.0,54.20000076293945,55.0,16520
2025-09-05,55.0,55.400001525878906,54.79999923706055,55.20000076293945,10850
2025-09-08,55.20000076293945,55.400001525878906,54.79999923706055,55.0,2830
2025-09-09,55.0,55.599998474121094,55.0,55.599998474121094,1880
2025-09-10,55.0,55.79999923706055,55.0,55.79999923706055,54410
2025-09-11,55.599998474121094,57.0,55.400001525878906,57.0,7620
2025-09-12,57.0,59.79999923706055,55.599998474121094,59.79999923706055,29710
2025-09-15,58.400001525878906,59.79999923706055,58.400001525878906,59.599998474121094,4475
2025-09-16,59.79999923706055,59.79999923706055,58.599998474121094,59.599998474121094,1770
2025-09-17,59.599998474121094,59.599998474121094,57.400001525878906,57.79999923706055,5430
2025-09-18,57.400001525878906,57.400001525878906,56.0,56.599998474121094,7100
2025-09-19,56.79999923706055,59.79999923706055,56.79999923706055,59.79999923706055,29725
2025-09-22,59.79999923706055,59.79999923706055,58.79999923706055,59.599998474121094,1690
2025-09-23,59.79999923706055,59.79999923706055,59.20000076293945,59.400001525878906,1570
2025-09-24,59.400001525878906,60.0,58.79999923706055,60.0,3840
2025-09-25,60.599998474121094,60.599998474121094,60.0,60.0,3640
2025-09-26,59.79999923706055,60.400001525878906,59.599998474121094,60.20000076293945,1430
2025-09-29,60.0,60.400001525878906,59.400001525878906,59.79999923706055,1795
2025-09-30,59.400001525878906,60.0,59.0,59.0,2675
2025-10-01,59.0,60.79999923706055,59.0,60.79999923706055,3780
2025-10-02,60.79999923706055,60.79999923706055,60.0,60.0,3575
2025-10-03,60.0,60.0,59.599998474121094,59.599998474121094,2230
2025-10-06,59.79999923706055,60.400001525878906,59.400001525878906,60.0,4420
2025-10-07,62.400001525878906,62.400001525878906,60.0,61.0,4452
2025-10-08,61.79999923706055,61.79999923706055,60.0,61.599998474121094,3746
2025-10-09,61.20000076293945,61.599998474121094,58.20000076293945,59.79999923706055,7597
2025-10-10,60.0,60.0,58.599998474121094,59.0,3983
2025-10-13,59.0,59.20000076293945,56.599998474121094,56.599998474121094,7404
2025-10-14,57.0,57.599998474121094,54.20000076293945,54.400001525878906,11581
2025-10-15,54.0,56.0,52.79999923706055,55.599998474121094,11304
2025-10-16,55.599998474121094,55.599998474121094,54.599998474121094,55.20000076293945,2691
2025-10-17,55.20000076293945,56.599998474121094,54.400001525878906,55.79999923706055,22795
2025-10-20,55.79999923706055,58.599998474121094,55.0,58.0,8595
2025-10-21,58.0,59.79999923706055,56.0,56.79999923706055,4371
2025-10-22,56.79999923706055,57.0,56.20000076293945,57.0,1736
2025-10-23,57.0,57.599998474121094,56.20000076293945,57.0,1596
2025-10-24,56.79999923706055,57.20000076293945,56.0,56.599998474121094,1702
2025-10-27,56.599998474121094,58.0,56.20000076293945,58.0,5232
2025-10-28,57.400001525878906,60.0,57.400001525878906,59.599998474121094,5497
2025-10-29,59.79999923706055,59.79999923706055,57.79999923706055,58.20000076293945,6975
2025-10-30,57.599998474121094,58.599998474121094,57.400001525878906,58.0,2042
2025-10-31,58.0,58.599998474121094,57.599998474121094,57.599998474121094,1977
2025-11-03,57.599998474121094,57.599998474121094,57.0,57.400001525878906,5460
2025-11-04,57.0,58.0,57.0,58.0,8724
2025-11-05,57.79999923706055,58.0,57.20000076293945,58.0,1772
2025-11-06,58.0,59.0,57.400001525878906,58.400001525878906,3001
2025-11-07,59.400001525878906,59.599998474121094,57.599998474121094,58.599998474121094,1945
2025-11-10,58.400001525878906,58.599998474121094,57.400001525878906,57.79999923706055,3168
2025-11-12,58.0,58.79999923706055,58.0,58.599998474121094,2486
2025-11-13,58.599998474121094,58.599998474121094,57.20000076293945,58.0,7558
2025-11-14,57.599998474121094,57.599998474121094,56.0,57.0,7069
2025-11-17,56.20000076293945,56.400001525878906,54.400001525878906,55.0,6924
2025-11-18,54.599998474121094,54.79999923706055,53.20000076293945,54.79999923706055,5870
2025-11-19,54.79999923706055,54.79999923706055,54.0,54.79999923706055,4314
2025-11-20,54.79999923706055,55.79999923706055,54.79999923706055,55.400001525878906,1671
2025-11-21,55.400001525878906,56.0,53.20000076293945,53.79999923706055,3416
2025-11-24,53.0,53.0,50.20000076293945,51.79999923706055,10234
2025-11-25,51.400001525878906,52.599998474121094,50.20000076293945,52.400001525878906,8851
2025-11-26,52.79999923706055,56.0,52.599998474121094,54.20000076293945,4686
2025-11-27,54.0,58.20000076293945,53.400001525878906,56.400001525878906,102667
2025-11-28,56.79999923706055,58.0,55.400001525878906,57.0,95853
2025-12-01,56.20000076293945,56.20000076293945,54.400001525878906,55.79999923706055,9134
2025-12-02,54.79999923706055,54.79999923706055,53.400001525878906,53.599998474121094,8477
2025-12-03,54.0,54.599998474121094,52.599998474121094,52.79999923706055,5737
2025-12-04,52.400001525878906,54.0,52.0,53.400001525878906,9020
2025-12-05,54.0,57.0,54.0,56.599998474121094,9644
2025-12-08,56.599998474121094,56.79999923706055,55.400001525878906,56.599998474121094,6824
2025-12-09,56.79999923706055,57.599998474121094,54.400001525878906,56.79999923706055,17663
2025-12-10,56.79999923706055,57.599998474121094,56.20000076293945,57.20000076293945,6456
2025-12-11,57.400001525878906,59.0,57.20000076293945,59.0,8225
2025-12-12,58.599998474121094,61.79999923706055,58.400001525878906,60.79999923706055,10507
2025-12-15,60.79999923706055,61.400001525878906,59.0,59.79999923706055,13081
2025-12-16,59.0,59.599998474121094,57.400001525878906,59.20000076293945,22266
2025-12-17,58.400001525878906,59.0,57.400001525878906,57.400001525878906,3742
2025-12-18,57.400001525878906,57.79999923706055,55.20000076293945,55.20000076293945,14966
2025-12-19,55.20000076293945,60.79999923706055,54.400001525878906,60.79999923706055,15819
2025-12-22,59.79999923706055,60.400001525878906,58.599998474121094,58.599998474121094,25705
2025-12-23,58.599998474121094,58.599998474121094,57.400001525878906,58.20000076293945,21381
2025-12-29,58.20000076293945,58.599998474121094,58.0,58.400001525878906,14351
2025-12-30,58.400001525878906,59.0,57.79999923706055,59.0,20660
2026-01-02,58.599998474121094,58.79999923706055,57.599998474121094,58.400001525878906,12267
2026-01-05,58.400001525878906,58.79999923706055,57.79999923706055,58.400001525878906,82393
2026-01-07,58.400001525878906,60.0,57.0,60.0,277481
2026-01-08,59.599998474121094,59.599998474121094,57.20000076293945,58.0,14990
2026-01-09,57.79999923706055,58.599998474121094,57.400001525878906,58.599998474121094,15172
2026-01-12,58.599998474121094,58.79999923706055,57.79999923706055,58.599998474121094,7073
2026-01-13,58.599998474121094,59.0,58.20000076293945,59.0,4814
2026-01-14,58.79999923706055,59.0,58.20000076293945,59.0,3912
2026-01-15,58.599998474121094,59.0,57.400001525878906,58.0,5196
2026-01-16,58.0,58.20000076293945,57.20000076293945,58.0,4962
2026-01-19,58.0,58.0,56.20000076293945,57.599998474121094,8330
2026-01-20,57.0,57.0,55.20000076293945,55.20000076293945,6696
2026-01-21,55.20000076293945,56.0,55.20000076293945,55.599998474121094,5549
2026-01-22,55.79999923706055,56.400001525878906,55.20000076293945,56.0,14116
2026-01-23,56.0,56.0,55.20000076293945,55.599998474121094,2176
2026-01-26,55.79999923706055,55.79999923706055,53.20000076293945,55.0,18335
2026-01-27,55.0,56.400001525878906,54.0,56.400001525878906,11237
2026-01-28,56.79999923706055,58.20000076293945,56.20000076293945,57.400001525878906,6910
2026-01-29,57.599998474121094,59.79999923706055,57.0,59.0,11220
2026-01-30,58.79999923706055,61.599998474121094,58.400001525878906,60.0,42210
2026-02-02,60.0,60.79999923706055,59.0,60.0,5334
2026-02-03,60.0,61.400001525878906,59.79999923706055,60.400001525878906,23963
2026-02-04,60.400001525878906,60.599998474121094,58.0,58.599998474121094,44781
2026-02-05,58.400001525878906,58.79999923706055,57.400001525878906,57.79999923706055,8996
2026-02-06,57.0,58.0,56.599998474121094,57.0,3578
2026-02-09,57.20000076293945,57.79999923706055,56.79999923706055,57.20000076293945,3078
2026-02-10,57.20000076293945,57.599998474121094,56.599998474121094,56.599998474121094,2961
2026-02-11,56.599998474121094,58.0,56.0,56.599998474121094,6406
2026-02-12,56.20000076293945,56.599998474121094,55.20000076293945,56.0,3505
2026-02-13,55.0,56.0,54.79999923706055,56.0,4693
2026-02-16,55.599998474121094,57.79999923706055,54.79999923706055,56.0,14644
2026-02-17,56.0,56.0,54.79999923706055,55.20000076293945,2951
2026-02-18,55.20000076293945,55.20000076293945,54.400001525878906,54.79999923706055,2567
2026-02-19,54.20000076293945,55.20000076293945,54.0,55.0,8048
2026-02-20,54.400001525878906,59.0,54.0,59.0,29359
2026-02-23,59.0,59.20000076293945,55.79999923706055,56.400001525878906,5140
2026-02-24,56.0,56.20000076293945,53.599998474121094,54.0,16770
2026-02-25,54.0,55.400001525878906,53.0,55.0,4714
2026-02-26,55.400001525878906,56.400001525878906,55.0,55.400001525878906,2886
2026-02-27,54.599998474121094,56.0,54.20000076293945,56.0,2047
2026-03-02,56.0,58.79999923706055,54.400001525878906,56.79999923706055,10767
2026-03-03,58.0,58.79999923706055,55.20000076293945,55.599998474121094,8227
2026-03-04,56.0,58.79999923706055,56.0,57.0,4136
2026-03-05,56.79999923706055,58.0,55.79999923706055,58.0,5380
2026-03-06,58.0,58.0,56.79999923706055,57.20000076293945,3077
2026-03-09,56.79999923706055,56.79999923706055,55.20000076293945,55.79999923706055,7511
2026-03-10,55.79999923706055,57.599998474121094,55.79999923706055,56.79999923706055,6345
2026-03-11,56.79999923706055,57.599998474121094,56.0,56.20000076293945,4424
2026-03-12,56.20000076293945,57.0,55.79999923706055,56.400001525878906,2781
2026-03-13,56.400001525878906,57.599998474121094,55.79999923706055,57.599998474121094,4142
2026-03-16,57.599998474121094,57.79999923706055,56.400001525878906,57.20000076293945,2532
2026-03-17,56.599998474121094,57.0,55.400001525878906,56.0,7713
2026-03-18,55.599998474121094,55.599998474121094,54.599998474121094,54.599998474121094,6443
2026-03-19,54.79999923706055,55.599998474121094,54.400001525878906,54.79999923706055,705
2026-03-20,55.0,56.599998474121094,54.0,56.599998474121094,5219
2026-03-23,55.79999923706055,57.0,53.0,54.0,13235
2026-03-24,54.0,54.0,53.0,53.400001525878906,4753
2026-03-25,53.0,53.400001525878906,53.0,53.400001525878906,3683
2026-03-26,53.400001525878906,53.400001525878906,52.79999923706055,52.79999923706055,2812
2026-03-27,52.79999923706055,53.20000076293945,52.400001525878906,53.0,2500
2026-03-30,52.79999923706055,53.20000076293945,52.20000076293945,53.0,1266
2026-03-31,53.0,54.79999923706055,52.79999923706055,53.599998474121094,20378
2026-04-01,53.400001525878906,55.79999923706055,53.20000076293945,54.0,4312
2026-04-02,53.79999923706055,54.0,52.79999923706055,53.0,3801
2026-04-07,53.400001525878906,54.0,51.599998474121094,52.400001525878906,5720
2026-04-08,52.400001525878906,54.900001525878906,52.400001525878906,53.599998474121094,14266
2026-04-09,54.5,54.5,53.0,53.79999923706055,4842
2026-04-10,53.79999923706055,54.20000076293945,53.0,53.400001525878906,9728
2026-04-13,53.400001525878906,53.400001525878906,51.20000076293945,51.79999923706055,19006
2026-04-14,51.70000076293945,56.79999923706055,51.5,55.0,35353
2026-04-15,55.20000076293945,57.70000076293945,55.0,56.900001525878906,18252
2026-04-16,57.0,57.20000076293945,56.0,56.599998474121094,9497
2026-04-17,56.900001525878906,57.599998474121094,56.0,57.5,10442
2026-04-20,56.29999923706055,56.79999923706055,56.0,56.70000076293945,4737
2026-04-21,56.70000076293945,56.79999923706055,56.0,56.79999923706055,5952
2026-04-22,56.70000076293945,56.79999923706055,54.0,56.79999923706055,11426
2026-04-23,56.599998474121094,56.599998474121094,55.29999923706055,56.5,1830
2026-04-24,56.099998474121094,58.79999923706055,56.0,58.0,8068
2026-04-27,58.0,58.20000076293945,56.29999923706055,57.20000076293945,5900
2026-04-28,57.20000076293945,57.70000076293945,56.599998474121094,56.900001525878906,2891
2026-04-29,56.599998474121094,58.5,56.599998474121094,57.70000076293945,8302
2026-04-30,57.900001525878906,57.900001525878906,56.5,56.599998474121094,5840
2026-05-04,56.599998474121094,57.900001525878906,56.20000076293945,57.70000076293945,19985
2026-05-05,57.0,57.5,56.79999923706055,57.5,65396
2026-05-06,57.5,59.29999923706055,57.20000076293945,58.099998474121094,10515
2026-05-07,58.099998474121094,59.0,57.20000076293945,57.599998474121094,4100
2026-05-08,57.599998474121094,58.0,57.400001525878906,58.0,3885
2026-05-11,58.20000076293945,58.70000076293945,57.5,58.099998474121094,4182
2026-05-12,58.400001525878906,58.79999923706055,57.900001525878906,58.29999923706055,1662
2026-05-13,58.5,58.5,57.79999923706055,58.0,1733
2026-05-14,57.79999923706055,58.0,57.099998474121094,57.70000076293945,3212
2026-05-15,57.70000076293945,58.70000076293945,57.400001525878906,58.5,7364
2026-05-18,58.599998474121094,58.599998474121094,57.0,57.900001525878906,7242
2026-05-19,57.900001525878906,59.5,57.900001525878906,59.20000076293945,58272
2026-05-20,59.400001525878906,61.79999923706055,59.29999923706055,61.79999923706055,9711
2026-05-21,63.0,64.80000305175781,63.0,64.0,13332
2026-05-22,64.80000305175781,65.0,61.5,64.0,21130
2026-05-25,65.0,65.4000015258789,63.599998474121094,63.79999923706055,5127
2026-05-26,65.19999694824219,65.5,63.20000076293945,63.5,8312
2026-05-27,63.5,65.19999694824219,63.20000076293945,64.5,5645
2026-05-28,65.19999694824219,69.0,64.4000015258789,69.0,10951
2026-05-29,75.0,82.5,72.30000305175781,79.0,54861
2026-06-01,87.69999694824219,97.9000015258789,87.69999694824219,96.0,152514
2026-06-02,97.9000015258789,98.0,88.19999694824219,90.19999694824219,99126
2026-06-03,91.0,94.0,88.19999694824219,94.0,14961
2026-06-05,92.5,95.5,88.80000305175781,89.5999984741211,17520
2026-06-08,88.30000305175781,89.5999984741211,86.0,88.19999694824219,26215
2026-06-09,89.69999694824219,95.30000305175781,89.5,94.5999984741211,32633
2026-06-10,94.69999694824219,95.0,92.30000305175781,93.9000015258789,4138
2026-06-11,93.0,93.0,89.69999694824219,90.0,9071
2026-06-12,91.69999694824219,94.0,88.19999694824219,93.80000305175781,9248
2026-06-15,93.5,94.4000015258789,92.80000305175781,93.4000015258789,24191
2026-06-16,92.69999694824219,93.80000305175781,91.69999694824219,93.5,8735
2026-06-17,93.30000305175781,93.80000305175781,91.69999694824219,92.5999984741211,23070
2026-06-18,92.5999984741211,92.5999984741211,88.19999694824219,89.0999984741211,11040
2026-06-19,89.0999984741211,90.4000015258789,85.5999984741211,89.0,12124
2026-06-22,89.0,92.9000015258789,86.5999984741211,92.69999694824219,5602
2026-06-23,91.19999694824219,92.9000015258789,90.0,92.5,2886
2026-06-24,92.69999694824219,94.0,90.5999984741211,92.5,5964
2026-06-25,91.19999694824219,93.0,90.0,91.9000015258789,3624
2026-06-26,91.9000015258789,92.30000305175781,90.0,92.0,2536
2026-06-29,92.30000305175781,93.80000305175781,91.0,93.0,10448
2026-06-30,92.30000305175781,93.80000305175781,92.30000305175781,93.0,10445
2026-07-01,93.4000015258789,93.4000015258789,92.4000015258789,93.0,12366
2026-07-02,92.5,93.0,90.5999984741211,91.4000015258789,8474
2026-07-03,91.69999694824219,92.19999694824219,88.0,88.80000305175781,9889
2026-07-06,86.0,87.80000305175781,84.5,86.30000305175781,41113
2026-07-07,86.5,86.5999984741211,85.0,85.9000015258789,7846
2026-07-08,86.0,87.0,82.5999984741211,86.0,12454
2026-07-09,86.0,87.0,85.0,85.0999984741211,4651
2026-07-10,86.0,89.19999694824219,85.0999984741211,86.4000015258789,49100
2026-07-13,88.0,90.80000305175781,86.4000015258789,90.0,11590
2026-07-14,89.80000305175781,92.30000305175781,88.4000015258789,91.5,9613
2026-07-15,91.5,91.5,88.5,89.30000305175781,6733
2026-07-16,89.30000305175781,91.9000015258789,88.4000015258789,89.4000015258789,5503
2026-07-17,88.5999984741211,88.69999694824219,87.0,88.5999984741211,3461
2026-07-20,88.4000015258789,90.9000015258789,87.4000015258789,90.5999984741211,3106
2026-07-21,91.0,92.30000305175781,89.0,90.4000015258789,14238
2026-07-22,90.4000015258789,91.0,89.0999984741211,90.69999694824219,2174
2026-07-23,91.0,91.0,89.4000015258789,90.5,42958
2026-07-24,90.0,90.69999694824219,89.5999984741211,90.5,7928
2026-07-27,91.0,91.69999694824219,90.30000305175781,90.80000305175781,3206
2026-07-28,90.0999984741211,91.0,88.5,90.0,12927
2026-07-29,88.80000305175781,91.69999694824219,88.80000305175781,90.5,16254
2026-07-30,90.0,91.5999984741211,89.0999984741211,90.0,7430
2026-07-31,89.9000015258789,90.0,89.0,90.0,2363
2026-08-03,89.5999984741211,91.5,89.0,91.0999984741211,16053
2026-08-04,91.5,101.0,90.4000015258789,101.0,110317
2026-08-05,99.5999984741211,102.5999984741211,98.19999694824219,101.19999694824219,10202
2026-08-06,101.0,103.5999984741211,98.30000305175781,102.0,13887
2026-08-07,102.0,103.19999694824219,96.0,99.19999694824219,47866
2026-08-10,99.19999694824219,100.80000305175781,96.9000015258789,99.69999694824219,2693
2026-08-11,99.19999694824219,100.5999984741211,98.0999984741211,99.5999984741211,5184
2026-08-12,99.5999984741211,99.80000305175781,96.0,97.9000015258789,6775
2026-08-13,97.9000015258789,98.5,96.80000305175781,98.4000015258789,7223
2026-08-14,97.4000015258789,99.69999694824219,97.4000015258789,99.0,7027
2026-08-17,98.4000015258789,100.5999984741211,97.19999694824219,98.9000015258789,115201
2026-08-18,99.0,99.5999984741211,97.4000015258789,99.0,7467
2026-08-19,100.0,100.0,97.9000015258789,99.5,2042
2026-08-20,99.9000015258789,99.9000015258789,98.19999694824219,99.19999694824219,1554
2026-08-21,99.80000305175781,99.80000305175781,97.5,98.0,2519
2026-08-24,96.80000305175781,99.0999984741211,95.0,99.0999984741211,7329
2026-08-25,98.0,99.4000015258789,97.0,98.0,4305
2026-08-26,99.0,99.0,96.0999984741211,98.0,2451
2026-08-27,98.0,98.19999694824219,94.19999694824219,96.0,8878
2026-08-28,94.80000305175781,95.5999984741211,94.0,95.0,3656
2026-08-31,95.0,95.0,93.30000305175781,94.80000305175781,3510
2026-09-01,93.5,95.0,93.0999984741211,95.0,5924
2026-09-02,95.0,96.0,93.9000015258789,95.0,22874
2026-09-03,95.80000305175781,95.80000305175781,93.5,94.4000015258789,2090
2026-09-04,94.5,95.0,92.69999694824219,94.30000305175781,10176
2026-09-08,92.5999984741211,98.19999694824219,92.0999984741211,98.0999984741211,32452
2026-09-09,98.19999694824219,98.5999984741211,95.0,97.0,7107
2026-09-10,97.80000305175781,97.80000305175781,96.0,96.0999984741211,112784
2026-09-11,96.19999694824219,96.69999694824219,93.19999694824219,95.30000305175781,99542
2026-09-14,96.0,96.0,93.0,93.5999984741211,6269
2026-09-15,93.0,94.4000015258789,92.5,92.5,19163
2026-09-17,93.9000015258789,95.0,92.9000015258789,94.30000305175781,540
