date,open,high,low,close,volume
2021-09-17,33.459999084472656,33.58000183105469,33.150001525878906,33.20000076293945,5281930
2021-09-20,33.20000076293945,34.7400016784668,33.15999984741211,34.709999084472656,2112200
2021-09-21,34.70000076293945,34.790000915527344,34.0,34.36000061035156,1681000
2021-09-22,34.36000061035156,34.720001220703125,34.22999954223633,34.70000076293945,682040
2021-09-23,34.86000061035156,34.900001525878906,34.349998474121094,34.880001068115234,1110230
2021-09-24,34.599998474121094,34.900001525878906,33.0099983215332,33.36000061035156,2235470
2021-09-27,33.650001525878906,33.68000030517578,32.70000076293945,32.90999984741211,847950
2021-09-28,32.68000030517578,33.0,32.16999816894531,32.33000183105469,1215020
2021-09-29,32.29999923706055,33.47999954223633,32.209999084472656,33.02000045776367,602980
2021-09-30,33.45000076293945,33.45000076293945,32.369998931884766,33.220001220703125,2907900
2021-10-01,33.08000183105469,33.560001373291016,32.529998779296875,33.29999923706055,2081580
2021-10-04,33.209999084472656,33.459999084472656,32.90999984741211,33.189998626708984,1527810
2021-10-05,33.189998626708984,34.13999938964844,32.91999816894531,34.0,909890
2021-10-06,34.09000015258789,34.849998474121094,33.97999954223633,34.790000915527344,2343910
2021-10-07,34.459999084472656,35.20000076293945,34.459999084472656,35.150001525878906,1765200
2021-10-08,35.29999923706055,35.59000015258789,34.790000915527344,34.88999938964844,2035770
2021-10-11,35.04999923706055,35.66999816894531,34.41999816894531,35.47999954223633,1342080
2021-10-12,35.5,36.290000915527344,35.20000076293945,36.279998779296875,1741280
2021-10-13,36.5,37.029998779296875,35.65999984741211,37.029998779296875,1952510
2021-10-14,36.849998474121094,36.849998474121094,34.310001373291016,34.970001220703125,4140020
2021-10-15,34.900001525878906,36.130001068115234,34.54999923706055,36.0,2552960
2021-10-18,36.0,36.13999938964844,35.529998779296875,36.130001068115234,1660000
2021-10-19,36.16999816894531,36.959999084472656,36.0,36.959999084472656,1540920
2021-10-20,36.970001220703125,37.0,36.400001525878906,36.79999923706055,2338520
2021-10-21,36.9900016784668,37.630001068115234,36.75,37.400001525878906,1633210
2021-10-22,36.97999954223633,37.349998474121094,36.540000915527344,36.81999969482422,1324210
2021-10-25,36.939998626708984,37.47999954223633,36.93000030517578,37.47999954223633,832890
2021-10-26,37.5,37.68000030517578,36.13999938964844,36.5,3468330
2021-10-27,36.45000076293945,36.5,35.040000915527344,35.70000076293945,4706460
2021-10-28,35.619998931884766,36.20000076293945,35.2400016784668,35.79999923706055,1346390
2021-10-29,35.630001068115234,35.72999954223633,35.099998474121094,35.63999938964844,1108630
2021-11-02,35.95000076293945,36.40999984741211,35.650001525878906,36.279998779296875,1721430
2021-11-03,36.400001525878906,36.5,35.83000183105469,35.880001068115234,961970
2021-11-04,35.93000030517578,36.20000076293945,35.68000030517578,36.0,2283970
2021-11-05,32.540000915527344,36.40999984741211,30.600000381469727,35.380001068115234,5049820
2021-11-08,35.22999954223633,36.20000076293945,35.209999084472656,35.5,2573840
2021-11-09,35.689998626708984,35.70000076293945,34.529998779296875,34.70000076293945,1871970
2021-11-10,34.970001220703125,34.970001220703125,34.0,34.130001068115234,1653260
2021-11-12,34.20000076293945,34.20000076293945,33.439998626708984,33.599998474121094,2430660
2021-11-15,33.5,34.58000183105469,33.31999969482422,33.540000915527344,1501040
2021-11-16,33.7400016784668,33.81999969482422,33.31999969482422,33.5,1698050
2021-11-17,33.68000030517578,33.68000030517578,33.15999984741211,33.5,2736950
2021-11-18,33.599998474121094,33.65999984741211,33.060001373291016,33.58000183105469,1062290
2021-11-19,33.70000076293945,33.84000015258789,33.15999984741211,33.63999938964844,1360370
2021-11-22,33.790000915527344,33.790000915527344,33.4900016784668,33.5099983215332,448870
2021-11-23,33.599998474121094,33.790000915527344,33.220001220703125,33.220001220703125,970320
2021-11-24,33.20000076293945,33.66999816894531,33.04999923706055,33.47999954223633,842670
2021-11-25,33.560001373291016,33.779998779296875,33.400001525878906,33.59000015258789,747800
2021-11-26,33.5,34.20000076293945,33.38999938964844,33.470001220703125,2268020
2021-11-29,33.7599983215332,34.06999969482422,33.2400016784668,33.560001373291016,991480
2021-11-30,33.95000076293945,34.4900016784668,33.439998626708984,34.02000045776367,4602190
2021-12-01,34.0,34.13999938964844,33.400001525878906,33.79999923706055,1184800
2021-12-02,33.75,34.04999923706055,33.459999084472656,33.79999923706055,841200
2021-12-03,33.790000915527344,34.380001068115234,33.36000061035156,33.56999969482422,855050
2021-12-06,33.709999084472656,33.810001373291016,33.130001068115234,33.70000076293945,818070
2021-12-07,33.529998779296875,34.099998474121094,33.4900016784668,33.619998931884766,1832740
2021-12-08,33.79999923706055,34.72999954223633,33.63999938964844,34.400001525878906,2048900
2021-12-09,34.220001220703125,34.5,33.630001068115234,33.81999969482422,743480
2021-12-10,34.20000076293945,34.20000076293945,33.41999816894531,33.5,800140
2021-12-13,33.5,34.59000015258789,33.5,33.880001068115234,1892460
2021-12-14,34.400001525878906,34.86000061035156,34.04999923706055,34.630001068115234,2100240
2021-12-15,34.79999923706055,34.869998931884766,34.310001373291016,34.869998931884766,1037860
2021-12-16,34.900001525878906,35.22999954223633,34.400001525878906,34.86000061035156,955960
2021-12-17,34.75,34.880001068115234,34.099998474121094,34.75,3497010
2021-12-20,34.400001525878906,35.15999984741211,33.630001068115234,34.90999984741211,892920
2021-12-21,35.29999923706055,35.29999923706055,34.599998474121094,34.65999984741211,457570
2021-12-22,34.72999954223633,35.77000045776367,34.72999954223633,35.66999816894531,730560
2021-12-23,35.77000045776367,35.79999923706055,35.310001373291016,35.560001373291016,310190
2021-12-27,35.54999923706055,35.959999084472656,35.29999923706055,35.540000915527344,260370
2021-12-28,35.220001220703125,35.90999984741211,35.15999984741211,35.900001525878906,432800
2021-12-29,35.75,36.150001525878906,35.720001220703125,35.88999938964844,363320
2021-12-30,35.900001525878906,36.75,35.66999816894531,36.72999954223633,811030
2022-01-03,36.79999923706055,36.79999923706055,35.90999984741211,36.22999954223633,791380
2022-01-04,36.369998931884766,36.58000183105469,35.41999816894531,36.04999923706055,1634230
2022-01-05,36.0,36.29999923706055,35.52000045776367,35.70000076293945,1550640
2022-01-07,36.130001068115234,36.18000030517578,34.5,34.70000076293945,2000140
2022-01-10,34.63999938964844,34.86000061035156,34.099998474121094,34.630001068115234,1212470
2022-01-11,34.630001068115234,35.880001068115234,34.31999969482422,35.369998931884766,1725310
2022-01-12,35.75,36.220001220703125,34.86000061035156,35.2599983215332,1992110
2022-01-13,35.04999923706055,36.06999969482422,34.90999984741211,35.88999938964844,1346960
2022-01-14,35.93000030517578,35.93000030517578,35.119998931884766,35.43000030517578,1517230
2022-01-17,35.13999938964844,35.349998474121094,34.689998626708984,34.689998626708984,1284370
2022-01-18,34.599998474121094,34.7599983215332,33.70000076293945,33.79999923706055,850060
2022-01-19,33.79999923706055,34.7400016784668,33.79999923706055,34.25,849290
2022-01-20,34.349998474121094,34.45000076293945,33.5,33.529998779296875,673190
2022-01-21,33.5,35.040000915527344,33.5,34.720001220703125,2454710
2022-01-24,34.70000076293945,35.380001068115234,34.2400016784668,34.400001525878906,3288410
2022-01-25,34.79999923706055,34.90999984741211,33.90999984741211,34.20000076293945,1622900
2022-01-26,34.20000076293945,34.68000030517578,34.0,34.04999923706055,1333910
2022-01-27,33.93000030517578,33.93000030517578,31.510000228881836,31.770000457763672,2597610
2022-01-28,31.6200008392334,32.209999084472656,30.459999084472656,30.510000228881836,2737110
2022-01-31,30.65999984741211,31.549999237060547,30.219999313354492,31.399999618530273,2816880
2022-02-01,31.5,32.0,31.059999465942383,31.25,1836450
2022-02-02,31.25,32.56999969482422,31.25,32.290000915527344,2639370
2022-02-03,32.290000915527344,32.36000061035156,30.84000015258789,31.18000030517578,1256350
2022-02-04,31.010000228881836,31.5,30.219999313354492,30.299999237060547,1664640
2022-02-07,30.5,31.049999237060547,30.139999389648438,30.209999084472656,868970
2022-02-08,30.229999542236328,31.43000030517578,30.139999389648438,30.5,1970090
2022-02-09,30.739999771118164,30.780000686645508,29.34000015258789,29.940000534057617,2296220
2022-02-10,29.979999542236328,30.15999984741211,29.010000228881836,29.350000381469727,2652880
2022-02-11,29.25,29.25,28.139999389648438,28.239999771118164,2352470
2022-02-14,27.5,28.93000030517578,27.219999313354492,28.149999618530273,2156850
2022-02-15,28.5,29.790000915527344,28.459999084472656,29.600000381469727,1431730
2022-02-16,29.729999542236328,29.799999237060547,29.059999465942383,29.299999237060547,1275220
2022-02-17,29.43000030517578,29.600000381469727,29.100000381469727,29.600000381469727,821120
2022-02-18,29.600000381469727,29.600000381469727,29.0,29.010000228881836,804710
2022-02-21,29.100000381469727,29.399999618530273,28.600000381469727,28.899999618530273,859650
2022-02-22,28.6299991607666,29.290000915527344,28.06999969482422,28.5,1504500
2022-02-23,28.729999542236328,29.469999313354492,28.190000534057617,28.549999237060547,3061220
2022-02-24,25.549999237060547,28.040000915527344,24.0,26.899999618530273,5920030
2022-02-25,27.200000762939453,29.8799991607666,27.030000686645508,28.5,4569530
2022-02-28,27.93000030517578,29.860000610351562,27.56999969482422,29.520000457763672,3124490
2022-03-01,29.799999237060547,30.889999389648438,29.469999313354492,29.90999984741211,2107670
2022-03-02,29.950000762939453,30.469999313354492,29.299999237060547,29.799999237060547,2235520
2022-03-03,29.75,30.100000381469727,28.59000015258789,29.0,3242290
2022-03-04,29.010000228881836,29.030000686645508,27.030000686645508,27.059999465942383,2847390
2022-03-07,26.790000915527344,27.850000381469727,25.770000457763672,27.350000381469727,4964860
2022-03-08,26.920000076293945,27.65999984741211,26.170000076293945,26.360000610351562,3696570
2022-03-09,26.6200008392334,27.399999618530273,25.649999618530273,26.739999771118164,3464070
2022-03-10,27.209999084472656,27.760000228881836,25.559999465942383,26.610000610351562,5415110
2022-03-11,26.5,29.149999618530273,26.079999923706055,29.030000686645508,2942140
2022-03-14,28.920000076293945,28.920000076293945,27.299999237060547,27.360000610351562,3477850
2022-03-15,27.489999771118164,27.989999771118164,27.030000686645508,27.510000228881836,3882550
2022-03-16,28.399999618530273,30.170000076293945,27.940000534057617,29.670000076293945,4357920
2022-03-17,30.399999618530273,31.649999618530273,29.639999389648438,31.5,4824270
2022-03-18,31.799999237060547,31.799999237060547,30.989999771118164,31.329999923706055,4672980
2022-03-21,31.239999771118164,31.979999542236328,31.059999465942383,31.600000381469727,1689910
2022-03-22,31.799999237060547,31.979999542236328,31.469999313354492,31.760000228881836,1916400
2022-03-23,31.579999923706055,31.959999084472656,31.530000686645508,31.809999465942383,1577150
2022-03-24,31.8799991607666,33.29999923706055,31.81999969482422,32.959999084472656,2074680
2022-03-25,33.0,34.029998779296875,33.0,33.38999938964844,2404390
2022-03-28,33.459999084472656,34.599998474121094,33.279998779296875,34.09000015258789,1992600
2022-03-29,34.2599983215332,34.869998931884766,33.439998626708984,34.52000045776367,2046910
2022-03-30,34.06999969482422,34.68000030517578,33.88999938964844,34.54999923706055,1441100
2022-03-31,34.0099983215332,35.04999923706055,34.0,34.04999923706055,3052630
2022-04-01,34.0,34.4900016784668,33.83000183105469,34.4900016784668,1482170
2022-04-04,34.599998474121094,34.599998474121094,33.86000061035156,34.099998474121094,853060
2022-04-05,34.38999938964844,34.72999954223633,33.04999923706055,33.29999923706055,1447800
2022-04-06,33.130001068115234,34.349998474121094,32.630001068115234,34.119998931884766,2468950
2022-04-07,34.540000915527344,34.560001373291016,33.40999984741211,33.41999816894531,2466980
2022-04-08,33.66999816894531,33.97999954223633,32.81999969482422,33.400001525878906,1465900
2022-04-11,33.38999938964844,33.880001068115234,32.88999938964844,32.970001220703125,1669530
2022-04-12,33.130001068115234,33.599998474121094,32.5,33.38999938964844,1643790
2022-04-13,33.630001068115234,34.119998931884766,33.31999969482422,34.119998931884766,1184960
2022-04-14,34.2400016784668,34.400001525878906,33.540000915527344,33.779998779296875,1449660
2022-04-19,33.79999923706055,33.79999923706055,31.709999084472656,32.20000076293945,3022680
2022-04-20,32.599998474121094,33.40999984741211,32.45000076293945,32.70000076293945,1020720
2022-04-21,33.189998626708984,33.20000076293945,31.889999389648438,31.889999389648438,1704840
2022-04-22,32.0,32.47999954223633,31.489999771118164,31.649999618530273,1558780
2022-04-25,31.020000457763672,31.979999542236328,30.850000381469727,31.559999465942383,1667930
2022-04-26,31.579999923706055,32.189998626708984,31.309999465942383,31.479999542236328,1627700
2022-04-27,31.649999618530273,31.649999618530273,30.729999542236328,31.389999389648438,2029350
2022-04-28,31.389999389648438,31.56999969482422,30.059999465942383,30.260000228881836,2126140
2022-04-29,30.600000381469727,30.68000030517578,28.700000762939453,28.809999465942383,3891670
2022-05-02,28.809999465942383,29.6299991607666,28.290000915527344,28.68000030517578,1452170
2022-05-04,28.709999084472656,29.40999984741211,27.6299991607666,28.110000610351562,4764610
2022-05-05,28.850000381469727,29.149999618530273,27.829999923706055,27.829999923706055,3633770
2022-05-06,27.600000381469727,28.969999313354492,26.670000076293945,27.700000762939453,4109110
2022-05-09,28.239999771118164,28.239999771118164,26.600000381469727,26.729999542236328,3118800
2022-05-10,27.790000915527344,28.940000534057617,27.549999237060547,28.3700008392334,6127830
2022-05-11,28.600000381469727,29.709999084472656,28.43000030517578,29.200000762939453,4505420
2022-05-12,28.600000381469727,29.559999465942383,28.139999389648438,29.520000457763672,5535070
2022-05-13,29.969999313354492,30.399999618530273,29.700000762939453,30.170000076293945,2675720
2022-05-16,29.920000076293945,30.469999313354492,28.75,28.969999313354492,2576750
2022-05-17,29.469999313354492,30.190000534057617,29.010000228881836,30.020000457763672,2226200
2022-05-18,30.09000015258789,30.100000381469727,29.270000457763672,29.690000534057617,2258790
2022-05-19,29.25,29.700000762939453,28.459999084472656,29.469999313354492,4215380
2022-05-20,29.600000381469727,30.239999771118164,29.040000915527344,30.09000015258789,3519490
2022-05-23,30.600000381469727,30.940000534057617,29.799999237060547,30.25,2171660
2022-05-24,30.0,30.68000030517578,29.360000610351562,29.360000610351562,2560670
2022-05-25,29.950000762939453,29.950000762939453,28.049999237060547,28.209999084472656,2295800
2022-05-26,28.510000228881836,29.469999313354492,28.18000030517578,29.31999969482422,1208740
2022-05-27,29.1200008392334,29.760000228881836,28.770000457763672,29.06999969482422,1359710
2022-05-30,29.190000534057617,29.729999542236328,28.709999084472656,29.729999542236328,1069680
2022-05-31,29.649999618530273,30.0,29.200000762939453,29.90999984741211,5171970
2022-06-01,29.600000381469727,30.030000686645508,29.18000030517578,29.709999084472656,1200010
2022-06-02,29.979999542236328,30.790000915527344,29.559999465942383,30.6299991607666,2053800
2022-06-03,30.670000076293945,31.860000610351562,30.6299991607666,31.40999984741211,2094580
2022-06-06,31.5,31.559999465942383,31.100000381469727,31.239999771118164,559050
2022-06-07,31.280000686645508,31.280000686645508,29.809999465942383,30.559999465942383,2318980
2022-06-08,30.25,31.0,30.059999465942383,30.65999984741211,1260180
2022-06-09,30.93000030517578,31.0,30.3700008392334,30.649999618530273,1253030
2022-06-10,30.329999923706055,30.790000915527344,30.15999984741211,30.3799991607666,3769710
2022-06-13,30.0,30.399999618530273,29.899999618530273,30.399999618530273,1923770
2022-06-14,30.559999465942383,30.899999618530273,30.040000915527344,30.709999084472656,2646660
2022-06-15,30.799999237060547,30.799999237060547,28.81999969482422,29.65999984741211,2288530
2022-06-17,29.1200008392334,29.450000762939453,28.649999618530273,28.940000534057617,3233080
2022-06-20,29.520000457763672,29.920000076293945,29.200000762939453,29.489999771118164,1077740
2022-06-21,29.8799991607666,29.8799991607666,29.170000076293945,29.520000457763672,722420
2022-06-22,29.209999084472656,29.81999969482422,29.139999389648438,29.739999771118164,1186730
2022-06-23,29.100000381469727,30.559999465942383,28.90999984741211,29.850000381469727,2199330
2022-06-24,30.020000457763672,31.139999389648438,30.020000457763672,30.920000076293945,1312710
2022-06-27,30.93000030517578,31.799999237060547,30.81999969482422,31.479999542236328,2495260
2022-06-28,32.060001373291016,32.52000045776367,31.639999389648438,32.0,3155050
2022-06-29,31.719999313354492,32.099998474121094,31.360000610351562,31.940000534057617,1259500
2022-06-30,31.860000610351562,32.189998626708984,31.56999969482422,31.899999618530273,2119910
2022-07-01,31.8700008392334,32.54999923706055,31.81999969482422,32.5099983215332,2082180
2022-07-04,32.599998474121094,33.58000183105469,32.58000183105469,33.540000915527344,2334560
2022-07-05,33.790000915527344,34.119998931884766,33.130001068115234,33.56999969482422,2654250
2022-07-06,33.70000076293945,33.720001220703125,31.670000076293945,33.15999984741211,2940180
2022-07-07,33.400001525878906,33.95000076293945,33.0099983215332,33.70000076293945,2550180
2022-07-08,33.959999084472656,34.25,33.0099983215332,33.63999938964844,3033300
2022-07-11,33.20000076293945,34.81999969482422,33.20000076293945,34.59000015258789,1498480
2022-07-12,34.5,34.68000030517578,33.18000030517578,33.41999816894531,2676200
2022-07-13,33.5,34.36000061035156,32.619998931884766,33.0,1277600
2022-07-14,32.54999923706055,32.88999938964844,31.8700008392334,32.36000061035156,1678610
2022-07-15,32.38999938964844,33.220001220703125,32.29999923706055,32.70000076293945,1732620
2022-07-18,32.95000076293945,33.09000015258789,32.209999084472656,32.5,1129920
2022-07-19,32.33000183105469,32.90999984741211,32.33000183105469,32.75,1327790
2022-07-20,33.29999923706055,33.349998474121094,32.650001525878906,32.880001068115234,1022530
2022-07-21,33.20000076293945,33.41999816894531,32.540000915527344,33.040000915527344,1312940
2022-07-22,33.36000061035156,33.54999923706055,33.150001525878906,33.349998474121094,878510
2022-07-25,33.29999923706055,33.40999984741211,32.86000061035156,33.119998931884766,1167430
2022-07-26,32.900001525878906,33.599998474121094,32.83000183105469,33.540000915527344,944300
2022-07-27,33.79999923706055,35.189998626708984,33.7599983215332,35.06999969482422,3624360
2022-07-28,35.04999923706055,35.959999084472656,34.7400016784668,35.810001373291016,1568390
2022-07-29,35.560001373291016,36.15999984741211,35.52000045776367,36.150001525878906,1612570
2022-08-01,36.20000076293945,36.689998626708984,36.119998931884766,36.599998474121094,1340110
2022-08-02,36.599998474121094,37.25,36.41999816894531,36.790000915527344,1501180
2022-08-03,36.540000915527344,37.0,36.11000061035156,36.77000045776367,1678350
2022-08-04,36.77000045776367,37.20000076293945,36.40999984741211,36.720001220703125,1131750
2022-08-05,36.86000061035156,37.43000030517578,36.61000061035156,36.66999816894531,1183070
2022-08-08,36.5,36.599998474121094,35.52000045776367,35.59000015258789,2140610
2022-08-09,35.83000183105469,35.939998626708984,34.470001220703125,35.0,3127500
2022-08-10,34.86000061035156,35.63999938964844,34.470001220703125,35.150001525878906,1877090
2022-08-11,35.689998626708984,35.720001220703125,34.95000076293945,35.459999084472656,966150
2022-08-12,35.400001525878906,36.45000076293945,35.2599983215332,36.45000076293945,2008920
2022-08-16,36.650001525878906,38.439998626708984,36.060001373291016,38.20000076293945,4269610
2022-08-17,38.0099983215332,38.29999923706055,37.04999923706055,37.310001373291016,3562470
2022-08-18,37.290000915527344,37.79999923706055,36.63999938964844,37.099998474121094,1769420
2022-08-19,37.0,37.0,35.400001525878906,35.400001525878906,3064880
2022-08-22,35.5,35.900001525878906,34.5,35.54999923706055,4402470
2022-08-23,35.599998474121094,37.0,35.349998474121094,36.52000045776367,2623920
2022-08-24,36.91999816894531,36.91999816894531,36.130001068115234,36.619998931884766,2039870
2022-08-25,37.0,37.79999923706055,36.83000183105469,37.61000061035156,1275080
2022-08-26,37.59000015258789,38.66999816894531,37.58000183105469,38.2599983215332,1230180
2022-08-29,37.79999923706055,37.86000061035156,36.869998931884766,37.43000030517578,1101260
2022-08-30,37.400001525878906,37.43000030517578,35.880001068115234,35.939998626708984,1454070
2022-08-31,35.709999084472656,35.79999923706055,34.349998474121094,34.369998931884766,3614100
2022-09-01,34.0,34.560001373291016,32.849998474121094,33.54999923706055,3061010
2022-09-02,33.709999084472656,34.349998474121094,32.79999923706055,34.279998779296875,1925060
2022-09-05,34.08000183105469,34.25,33.529998779296875,33.93000030517578,1008170
2022-09-06,33.93000030517578,34.04999923706055,32.70000076293945,32.970001220703125,1424590
2022-09-07,32.5,34.25,32.20000076293945,34.04999923706055,1319540
2022-09-08,33.93000030517578,34.150001525878906,33.709999084472656,33.900001525878906,901190
2022-09-09,34.279998779296875,34.54999923706055,32.95000076293945,34.5099983215332,2796640
2022-09-12,34.29999923706055,35.310001373291016,33.95000076293945,35.189998626708984,1943300
2022-09-13,35.20000076293945,35.2400016784668,34.029998779296875,34.220001220703125,974210
2022-09-14,34.2599983215332,34.84000015258789,34.04999923706055,34.41999816894531,1844220
2022-09-15,34.20000076293945,35.7599983215332,33.900001525878906,35.15999984741211,2325900
2022-09-16,34.81999969482422,36.04999923706055,34.70000076293945,35.029998779296875,6692900
2022-09-19,34.81999969482422,35.0,34.0099983215332,34.52000045776367,3182010
2022-09-20,34.689998626708984,35.06999969482422,33.79999923706055,34.31999969482422,1279930
2022-09-21,34.5,34.95000076293945,33.43000030517578,34.65999984741211,1333120
2022-09-22,34.08000183105469,34.5,33.619998931884766,34.310001373291016,1387820
2022-09-23,33.939998626708984,33.95000076293945,31.68000030517578,32.0,2574060
2022-09-26,31.75,32.5,31.0,32.150001525878906,3603740
2022-09-27,32.540000915527344,32.63999938964844,31.670000076293945,32.540000915527344,2662630
2022-09-28,32.349998474121094,32.36000061035156,31.309999465942383,31.809999465942383,2545750
2022-09-29,32.0,32.349998474121094,29.709999084472656,30.299999237060547,4353920
2022-09-30,30.5,30.6299991607666,29.459999084472656,30.200000762939453,4300140
2022-10-03,29.809999465942383,30.15999984741211,29.110000610351562,30.0,2342500
2022-10-04,30.5,30.799999237060547,30.100000381469727,30.75,3910110
2022-10-05,30.770000457763672,31.34000015258789,30.75,31.0,3268570
2022-10-06,31.010000228881836,31.3700008392334,30.3799991607666,30.600000381469727,1300030
2022-10-07,30.719999313354492,30.850000381469727,30.149999618530273,30.219999313354492,1573240
2022-10-10,29.81999969482422,30.079999923706055,28.889999389648438,29.190000534057617,1612500
2022-10-11,29.0,29.229999542236328,28.329999923706055,28.6200008392334,2099790
2022-10-12,28.600000381469727,28.989999771118164,28.15999984741211,28.850000381469727,2935880
2022-10-13,28.899999618530273,28.899999618530273,28.299999237060547,28.700000762939453,2763830
2022-10-14,29.270000457763672,29.739999771118164,29.100000381469727,29.639999389648438,2281960
2022-10-17,29.5,29.5,28.5,28.899999618530273,3597160
2022-10-18,29.0,30.200000762939453,28.540000915527344,29.920000076293945,2838270
2022-10-19,30.049999237060547,30.09000015258789,29.309999465942383,29.440000534057617,839410
2022-10-20,29.649999618530273,30.190000534057617,29.25,30.09000015258789,1800250
2022-10-21,29.739999771118164,29.850000381469727,28.940000534057617,29.739999771118164,1543130
2022-10-24,29.790000915527344,31.06999969482422,29.600000381469727,30.610000610351562,2143510
2022-10-25,30.969999313354492,31.3799991607666,30.530000686645508,30.84000015258789,1238550
2022-10-26,30.899999618530273,32.08000183105469,30.899999618530273,31.90999984741211,1425460
2022-10-27,32.0,32.0099983215332,31.25,31.690000534057617,1856320
2022-10-28,31.299999237060547,31.299999237060547,29.90999984741211,30.219999313354492,1673740
2022-10-31,30.299999237060547,31.270000457763672,30.100000381469727,31.219999313354492,2268200
2022-11-02,31.5,32.52000045776367,31.43000030517578,31.829999923706055,2107070
2022-11-03,31.549999237060547,31.639999389648438,30.68000030517578,31.06999969482422,1070550
2022-11-04,32.310001373291016,33.560001373291016,32.0,33.310001373291016,3890770
2022-11-07,32.9900016784668,33.86000061035156,32.63999938964844,33.0,2199940
2022-11-08,33.18000030517578,34.09000015258789,32.7599983215332,34.0099983215332,1796230
2022-11-09,34.0,34.470001220703125,33.40999984741211,33.52000045776367,1989070
2022-11-10,33.52000045776367,34.29999923706055,33.2599983215332,34.29999923706055,2386110
2022-11-14,34.310001373291016,36.130001068115234,33.91999816894531,35.59000015258789,2283590
2022-11-15,35.5099983215332,36.5,35.31999969482422,35.58000183105469,1658020
2022-11-16,35.5,35.75,34.75,35.2400016784668,2164650
2022-11-17,35.54999923706055,35.54999923706055,34.90999984741211,35.18000030517578,1180550
2022-11-18,35.47999954223633,36.18000030517578,34.970001220703125,35.70000076293945,1241080
2022-11-21,35.869998931884766,36.04999923706055,35.119998931884766,35.900001525878906,1929470
2022-11-22,35.90999984741211,37.18000030517578,35.90999984741211,36.79999923706055,3805480
2022-11-23,37.0,37.040000915527344,36.189998626708984,36.880001068115234,1806980
2022-11-24,37.20000076293945,37.560001373291016,36.619998931884766,37.31999969482422,2136090
2022-11-25,37.380001068115234,37.380001068115234,36.369998931884766,37.099998474121094,1272390
2022-11-28,36.97999954223633,37.2599983215332,36.75,36.900001525878906,1520920
2022-11-29,37.0,37.290000915527344,36.70000076293945,37.0,1601740
2022-11-30,37.130001068115234,37.130001068115234,36.0099983215332,36.380001068115234,7709490
2022-12-01,36.7599983215332,36.79999923706055,35.88999938964844,36.5099983215332,1521030
2022-12-02,36.209999084472656,36.400001525878906,34.900001525878906,35.45000076293945,5023860
2022-12-05,35.45000076293945,35.56999969482422,34.869998931884766,35.0,1074430
2022-12-06,35.22999954223633,35.47999954223633,34.470001220703125,35.13999938964844,1150810
2022-12-07,34.93000030517578,35.33000183105469,34.45000076293945,35.119998931884766,1116180
2022-12-08,35.16999816894531,35.900001525878906,35.16999816894531,35.7400016784668,1651150
2022-12-09,35.939998626708984,37.06999969482422,35.869998931884766,36.90999984741211,2141740
2022-12-12,37.099998474121094,37.95000076293945,36.31999969482422,37.79999923706055,2308380
2022-12-13,37.58000183105469,38.33000183105469,37.150001525878906,37.75,3423360
2022-12-14,37.93000030517578,38.59000015258789,37.5099983215332,38.06999969482422,1495310
2022-12-15,38.0,38.31999969482422,37.619998931884766,37.81999969482422,2218050
2022-12-16,37.79999923706055,37.849998474121094,37.099998474121094,37.619998931884766,3975420
2022-12-19,37.599998474121094,38.2599983215332,37.29999923706055,38.029998779296875,1392740
2022-12-20,38.0,38.599998474121094,37.66999816894531,38.5099983215332,1174590
2022-12-21,38.5,38.84000015258789,38.27000045776367,38.72999954223633,1264400
2022-12-22,38.72999954223633,39.029998779296875,38.099998474121094,38.20000076293945,1101710
2022-12-23,38.189998626708984,38.400001525878906,37.90999984741211,38.209999084472656,497960
2022-12-27,38.72999954223633,38.72999954223633,37.540000915527344,37.68000030517578,429120
2022-12-28,37.68000030517578,37.709999084472656,37.119998931884766,37.5,696980
2022-12-29,37.310001373291016,37.79999923706055,37.060001373291016,37.66999816894531,673620
2022-12-30,37.56999969482422,37.7400016784668,37.15999984741211,37.529998779296875,931960
2023-01-02,37.529998779296875,37.81999969482422,36.81999969482422,36.91999816894531,548740
2023-01-03,37.0,37.02000045776367,35.70000076293945,35.939998626708984,2703770
2023-01-04,36.290000915527344,36.72999954223633,35.41999816894531,36.0,3398270
2023-01-05,36.0,36.349998474121094,35.13999938964844,35.279998779296875,2335490
2023-01-09,35.220001220703125,36.58000183105469,35.11000061035156,36.529998779296875,1957540
2023-01-10,36.4900016784668,36.7599983215332,36.02000045776367,36.5,2375110
2023-01-11,36.459999084472656,36.970001220703125,36.13999938964844,36.52000045776367,1034100
2023-01-12,36.720001220703125,37.369998931884766,36.33000183105469,36.61000061035156,1167890
2023-01-13,36.66999816894531,37.099998474121094,36.29999923706055,36.349998474121094,1067760
2023-01-16,36.689998626708984,36.9900016784668,35.79999923706055,36.86000061035156,846650
2023-01-17,36.79999923706055,37.060001373291016,36.16999816894531,36.29999923706055,1019070
2023-01-18,36.29999923706055,37.0,36.150001525878906,36.189998626708984,1838520
2023-01-19,36.400001525878906,36.400001525878906,35.15999984741211,35.470001220703125,1781740
2023-01-20,35.689998626708984,36.400001525878906,35.189998626708984,36.38999938964844,1525690
2023-01-23,36.439998626708984,37.15999984741211,36.41999816894531,37.029998779296875,1116860
2023-01-24,37.29999923706055,37.790000915527344,37.220001220703125,37.40999984741211,1101550
2023-01-25,37.470001220703125,38.029998779296875,37.13999938964844,37.540000915527344,2574570
2023-01-26,37.9900016784668,39.11000061035156,37.959999084472656,38.63999938964844,2697010
2023-01-27,38.66999816894531,39.02000045776367,38.40999984741211,38.720001220703125,1031040
2023-01-30,38.84000015258789,39.310001373291016,38.290000915527344,39.2599983215332,2056550
2023-01-31,39.27000045776367,39.459999084472656,38.38999938964844,39.11000061035156,2630790
2023-02-01,39.20000076293945,39.38999938964844,37.9900016784668,38.040000915527344,3329790
2023-02-02,38.58000183105469,38.79999923706055,37.77000045776367,38.0,2172140
2023-02-03,38.79999923706055,39.290000915527344,37.91999816894531,38.59000015258789,1954070
2023-02-06,38.77000045776367,38.77000045776367,37.95000076293945,37.95000076293945,1832300
2023-02-07,38.52000045776367,38.79999923706055,38.11000061035156,38.2400016784668,1234780
2023-02-08,38.41999816894531,38.59000015258789,37.59000015258789,37.689998626708984,1214140
2023-02-09,38.0,38.290000915527344,37.349998474121094,37.599998474121094,1438880
2023-02-10,37.65999984741211,37.689998626708984,36.25,36.54999923706055,2243900
2023-02-13,36.83000183105469,37.06999969482422,36.13999938964844,36.400001525878906,1008590
2023-02-14,36.959999084472656,37.08000183105469,35.709999084472656,35.93000030517578,1530700
2023-02-15,35.720001220703125,37.189998626708984,35.720001220703125,37.0,2471020
2023-02-16,37.20000076293945,37.29999923706055,36.5099983215332,36.79999923706055,852050
2023-02-17,36.77000045776367,37.22999954223633,36.439998626708984,37.13999938964844,1589510
2023-02-20,37.18000030517578,37.25,36.47999954223633,37.0,740240
2023-02-21,37.02000045776367,37.18000030517578,36.720001220703125,37.150001525878906,3936340
2023-02-22,37.25,37.25,35.939998626708984,36.380001068115234,3519680
2023-02-23,36.540000915527344,37.40999984741211,36.38999938964844,37.25,2214100
2023-02-24,37.40999984741211,37.40999984741211,36.65999984741211,37.0,946660
2023-02-27,37.20000076293945,37.20000076293945,36.720001220703125,37.08000183105469,1053630
2023-02-28,37.13999938964844,37.59000015258789,36.66999816894531,37.15999984741211,2599730
2023-03-01,37.400001525878906,37.65999984741211,37.040000915527344,37.34000015258789,1434180
2023-03-02,37.349998474121094,37.66999816894531,37.06999969482422,37.619998931884766,1408280
2023-03-03,37.689998626708984,38.31999969482422,37.58000183105469,38.27000045776367,1494730
2023-03-06,38.54999923706055,39.0,38.2599983215332,38.90999984741211,1251750
2023-03-07,39.060001373291016,40.04999923706055,38.95000076293945,39.43000030517578,3051660
2023-03-08,39.599998474121094,40.38999938964844,39.20000076293945,40.349998474121094,2694170
2023-03-09,39.959999084472656,40.81999969482422,39.959999084472656,40.7400016784668,3583450
2023-03-10,40.400001525878906,41.5,40.060001373291016,41.459999084472656,4144530
2023-03-13,41.54999923706055,41.79999923706055,40.31999969482422,40.5099983215332,5734150
2023-03-14,40.599998474121094,41.529998779296875,40.060001373291016,41.2599983215332,2629230
2023-03-15,41.290000915527344,41.36000061035156,40.349998474121094,40.5,2180380
2023-03-16,40.560001373291016,41.0,39.7400016784668,40.93000030517578,2396140
2023-03-17,40.91999816894531,41.31999969482422,40.5,41.150001525878906,4092190
2023-03-20,40.95000076293945,41.279998779296875,39.84000015258789,41.029998779296875,2647470
2023-03-21,40.93000030517578,42.119998931884766,40.79999923706055,41.40999984741211,3705640
2023-03-22,41.709999084472656,42.06999969482422,41.29999923706055,41.470001220703125,3340620
2023-03-23,41.79999923706055,41.810001373291016,40.20000076293945,40.33000183105469,2504760
2023-03-24,39.099998474121094,39.630001068115234,37.70000076293945,38.720001220703125,9618760
2023-03-27,38.7400016784668,39.5,38.630001068115234,39.11000061035156,3555970
2023-03-28,39.119998931884766,40.29999923706055,39.119998931884766,40.040000915527344,3128300
2023-03-29,40.040000915527344,40.040000915527344,38.45000076293945,38.529998779296875,3313900
2023-03-30,38.599998474121094,38.91999816894531,38.06999969482422,38.290000915527344,3580600
2023-03-31,38.54999923706055,39.11000061035156,38.11000061035156,39.11000061035156,4499920
2023-04-03,39.11000061035156,39.790000915527344,38.689998626708984,38.75,1778960
2023-04-04,39.279998779296875,39.36000061035156,38.52000045776367,38.939998626708984,1383240
2023-04-05,39.13999938964844,39.13999938964844,38.130001068115234,38.34000015258789,2098340
2023-04-06,38.59000015258789,38.619998931884766,37.77000045776367,37.970001220703125,2490240
2023-04-11,37.970001220703125,38.36000061035156,37.310001373291016,37.400001525878906,4380080
2023-04-12,37.400001525878906,37.77000045776367,36.970001220703125,37.349998474121094,4281030
2023-04-13,37.4900016784668,38.869998931884766,37.220001220703125,38.79999923706055,2498210
2023-04-14,39.599998474121094,39.599998474121094,38.619998931884766,39.290000915527344,1974640
2023-04-17,39.540000915527344,39.54999923706055,38.650001525878906,39.349998474121094,1746780
2023-04-18,39.400001525878906,39.900001525878906,38.9900016784668,39.5,1863150
2023-04-19,39.650001525878906,39.900001525878906,39.20000076293945,39.709999084472656,2459980
2023-04-20,39.619998931884766,40.04999923706055,39.0,39.970001220703125,1331250
2023-04-21,39.400001525878906,39.65999984741211,39.02000045776367,39.529998779296875,1850450
2023-04-24,39.529998779296875,39.95000076293945,39.2599983215332,39.95000076293945,945550
2023-04-25,39.810001373291016,40.470001220703125,39.779998779296875,40.119998931884766,1057700
2023-04-26,40.130001068115234,40.439998626708984,39.61000061035156,40.43000030517578,1539220
2023-04-27,40.529998779296875,43.099998474121094,40.5,42.81999969482422,3178350
2023-04-28,43.0,43.06999969482422,41.97999954223633,42.34000015258789,2667930
2023-05-02,42.119998931884766,43.18000030517578,42.119998931884766,42.849998474121094,2514560
2023-05-04,42.41999816894531,42.65999984741211,41.34000015258789,41.4900016784668,2621320
2023-05-05,41.599998474121094,42.15999984741211,40.400001525878906,40.66999816894531,1794840
2023-05-08,40.54999923706055,40.65999984741211,39.810001373291016,40.20000076293945,1652430
2023-05-09,40.20000076293945,40.849998474121094,40.060001373291016,40.81999969482422,1015480
2023-05-10,41.0,41.459999084472656,40.459999084472656,40.959999084472656,1469120
2023-05-11,41.2400016784668,41.2400016784668,40.400001525878906,40.560001373291016,1324000
2023-05-12,40.79999923706055,42.09000015258789,40.599998474121094,41.77000045776367,1973820
2023-05-15,42.0,42.5,41.68000030517578,42.0,3780690
2023-05-16,42.0,42.459999084472656,41.79999923706055,42.41999816894531,3100020
2023-05-17,42.20000076293945,42.54999923706055,42.04999923706055,42.099998474121094,2482340
2023-05-18,42.47999954223633,42.70000076293945,41.25,41.439998626708984,2034220
2023-05-19,41.93000030517578,42.5099983215332,41.25,42.349998474121094,2121270
2023-05-22,42.52000045776367,42.9900016784668,42.04999923706055,42.59000015258789,1304100
2023-05-23,42.400001525878906,43.15999984741211,42.099998474121094,42.25,1384580
2023-05-24,42.0,42.459999084472656,41.59000015258789,42.06999969482422,1389990
2023-05-25,42.25,42.779998779296875,41.599998474121094,42.52000045776367,1129170
2023-05-26,42.560001373291016,43.099998474121094,41.900001525878906,42.95000076293945,2225750
2023-05-29,43.02000045776367,43.119998931884766,42.380001068115234,42.43000030517578,270170
2023-05-30,42.310001373291016,42.400001525878906,41.91999816894531,42.20000076293945,2130900
2023-05-31,41.93000030517578,42.27000045776367,41.529998779296875,41.61000061035156,4242650
2023-06-01,42.27000045776367,44.349998474121094,41.90999984741211,44.20000076293945,2523520
2023-06-02,44.66999816894531,46.06999969482422,44.63999938964844,45.900001525878906,3729700
2023-06-05,46.099998474121094,46.7400016784668,45.36000061035156,45.56999969482422,3375070
2023-06-06,45.5,46.40999984741211,45.290000915527344,46.040000915527344,2690070
2023-06-07,45.81999969482422,46.369998931884766,45.54999923706055,45.79999923706055,2471820
2023-06-09,45.45000076293945,46.470001220703125,45.06999969482422,46.029998779296875,1959280
2023-06-12,46.040000915527344,47.31999969482422,46.040000915527344,46.9900016784668,3329830
2023-06-13,47.5099983215332,47.970001220703125,47.06999969482422,47.650001525878906,1821860
2023-06-14,47.77000045776367,47.83000183105469,47.02000045776367,47.349998474121094,2086770
2023-06-15,47.470001220703125,49.18000030517578,47.029998779296875,48.40999984741211,2505720
2023-06-16,48.5,49.119998931884766,47.40999984741211,47.709999084472656,5154280
2023-06-19,47.65999984741211,47.70000076293945,46.599998474121094,46.790000915527344,986540
2023-06-20,46.79999923706055,47.08000183105469,46.20000076293945,46.97999954223633,1902960
2023-06-21,47.380001068115234,47.38999938964844,46.599998474121094,46.709999084472656,705680
2023-06-22,47.11000061035156,47.11000061035156,46.130001068115234,46.20000076293945,1402540
2023-06-23,46.0,46.72999954223633,45.95000076293945,46.279998779296875,2285360
2023-06-26,46.59000015258789,46.70000076293945,45.970001220703125,46.63999938964844,2511010
2023-06-27,46.54999923706055,46.810001373291016,45.709999084472656,45.95000076293945,1914210
2023-06-28,46.0,46.7599983215332,45.75,46.58000183105469,2618890
2023-06-29,46.77000045776367,47.13999938964844,46.59000015258789,47.0,1093750
2023-06-30,46.900001525878906,47.47999954223633,46.40999984741211,47.47999954223633,2171230
2023-07-03,47.54999923706055,47.79999923706055,47.119998931884766,47.619998931884766,2131020
2023-07-04,47.41999816894531,47.75,46.70000076293945,47.060001373291016,1272460
2023-07-05,46.900001525878906,46.900001525878906,46.04999923706055,46.20000076293945,1581750
2023-07-06,46.0,46.5,45.619998931884766,46.25,1070360
2023-07-07,46.29999923706055,46.29999923706055,45.380001068115234,45.619998931884766,1161430
2023-07-10,45.619998931884766,46.70000076293945,45.599998474121094,46.58000183105469,684700
2023-07-11,46.70000076293945,47.08000183105469,46.5,46.65999984741211,796620
2023-07-12,46.720001220703125,46.810001373291016,45.97999954223633,46.599998474121094,1023300
2023-07-13,46.33000183105469,47.04999923706055,46.06999969482422,46.119998931884766,961620
2023-07-14,46.040000915527344,47.099998474121094,46.040000915527344,46.779998779296875,652750
2023-07-17,46.810001373291016,47.400001525878906,46.7599983215332,47.13999938964844,892510
2023-07-18,47.439998626708984,47.439998626708984,46.790000915527344,47.189998626708984,539790
2023-07-19,47.439998626708984,47.66999816894531,47.029998779296875,47.400001525878906,1025780
2023-07-20,47.040000915527344,47.5,46.900001525878906,47.2400016784668,769450
2023-07-21,47.45000076293945,47.7400016784668,47.2400016784668,47.5,910840
2023-07-24,47.5,48.0,47.45000076293945,48.0,1040170
2023-07-25,48.0,48.08000183105469,47.5,47.599998474121094,947970
2023-07-26,47.58000183105469,47.599998474121094,46.900001525878906,47.5,848900
2023-07-27,47.619998931884766,47.81999969482422,46.0099983215332,46.0099983215332,1775510
2023-07-28,46.18000030517578,46.2599983215332,45.65999984741211,45.91999816894531,1594820
2023-07-31,45.970001220703125,46.33000183105469,44.41999816894531,44.630001068115234,2615800
2023-08-01,44.93000030517578,45.31999969482422,44.630001068115234,44.90999984741211,2084210
2023-08-02,44.95000076293945,44.95000076293945,44.18000030517578,44.400001525878906,1243460
2023-08-03,44.099998474121094,44.81999969482422,43.75,44.7400016784668,1585690
2023-08-04,44.959999084472656,45.630001068115234,44.20000076293945,45.119998931884766,1518620
2023-08-07,45.04999923706055,45.04999923706055,43.560001373291016,43.77000045776367,1445740
2023-08-08,43.61000061035156,43.88999938964844,42.849998474121094,43.290000915527344,1831650
2023-08-09,43.290000915527344,43.959999084472656,42.83000183105469,43.02000045776367,915130
2023-08-10,43.040000915527344,43.95000076293945,42.65999984741211,43.459999084472656,944850
2023-08-11,43.130001068115234,43.66999816894531,43.0099983215332,43.150001525878906,452170
2023-08-14,43.150001525878906,43.7599983215332,43.150001525878906,43.33000183105469,1179070
2023-08-16,43.20000076293945,43.470001220703125,42.68000030517578,43.22999954223633,793210
2023-08-17,43.209999084472656,44.349998474121094,42.779998779296875,43.22999954223633,1318740
2023-08-18,41.0,41.880001068115234,39.529998779296875,39.619998931884766,6419270
2023-08-21,39.90999984741211,40.16999816894531,38.060001373291016,38.470001220703125,4569490
2023-08-22,38.70000076293945,38.9900016784668,38.15999984741211,38.439998626708984,3477870
2023-08-23,38.54999923706055,38.66999816894531,37.209999084472656,37.29999923706055,5002510
2023-08-24,37.5,38.0099983215332,37.040000915527344,37.4900016784668,2398600
2023-08-25,37.119998931884766,38.0099983215332,37.0099983215332,37.72999954223633,3918750
2023-08-28,38.06999969482422,39.11000061035156,37.939998626708984,38.959999084472656,1720120
2023-08-29,39.04999923706055,39.75,38.41999816894531,39.5,2373340
2023-08-30,39.560001373291016,39.61000061035156,38.099998474121094,38.18000030517578,1358550
2023-08-31,38.18000030517578,38.459999084472656,37.709999084472656,37.88999938964844,2739240
2023-09-01,37.540000915527344,38.33000183105469,37.150001525878906,37.77000045776367,2118820
2023-09-04,37.650001525878906,37.9900016784668,37.2400016784668,37.5,2479300
2023-09-05,37.59000015258789,39.20000076293945,37.220001220703125,37.58000183105469,6366020
2023-09-06,37.709999084472656,38.5,36.95000076293945,38.27000045776367,2041880
2023-09-07,38.380001068115234,39.22999954223633,37.880001068115234,38.650001525878906,4286870
2023-09-08,38.65999984741211,38.88999938964844,37.77000045776367,38.380001068115234,2063950
2023-09-11,38.400001525878906,39.5,38.16999816894531,38.22999954223633,1453570
2023-09-12,38.29999923706055,38.38999938964844,37.54999923706055,37.7400016784668,1432900
2023-09-13,37.7400016784668,37.84000015258789,36.939998626708984,37.20000076293945,2212050
2023-09-14,37.20000076293945,37.59000015258789,36.599998474121094,37.5,1674710
2023-09-15,37.70000076293945,38.47999954223633,37.5,38.290000915527344,5060770
2023-09-18,38.290000915527344,39.099998474121094,37.75,38.869998931884766,2958780
2023-09-19,39.20000076293945,39.310001373291016,36.709999084472656,37.0,8579510
2023-09-20,36.84000015258789,37.849998474121094,36.29999923706055,37.630001068115234,3425200
2023-09-21,37.11000061035156,37.61000061035156,36.72999954223633,37.310001373291016,1674960
2023-09-22,37.29999923706055,37.470001220703125,36.810001373291016,37.380001068115234,1206010
2023-09-25,37.04999923706055,37.56999969482422,36.849998474121094,37.540000915527344,1700270
2023-09-26,37.09000015258789,37.36000061035156,35.7599983215332,36.13999938964844,2305270
2023-09-27,36.13999938964844,36.790000915527344,35.599998474121094,36.02000045776367,2016670
2023-09-28,36.0,36.0,34.459999084472656,34.779998779296875,3213580
2023-09-29,34.91999816894531,35.90999984741211,34.79999923706055,35.5,4216390
2023-10-02,35.529998779296875,35.630001068115234,34.310001373291016,34.4900016784668,1432190
2023-10-03,34.63999938964844,35.2400016784668,33.90999984741211,34.369998931884766,1908930
2023-10-04,34.25,35.40999984741211,33.97999954223633,34.58000183105469,2417090
2023-10-05,35.400001525878906,35.41999816894531,34.16999816894531,34.88999938964844,1711500
2023-10-06,34.900001525878906,35.5099983215332,34.369998931884766,35.08000183105469,1923600
2023-10-09,34.900001525878906,36.209999084472656,34.77000045776367,35.90999984741211,1968150
2023-10-10,36.25,36.59000015258789,35.59000015258789,36.59000015258789,2227190
2023-10-11,36.689998626708984,37.11000061035156,35.439998626708984,35.959999084472656,3868320
2023-10-12,35.959999084472656,35.959999084472656,34.5,34.5,3685400
2023-10-13,34.400001525878906,36.0,33.95000076293945,35.86000061035156,5561770
2023-10-16,36.970001220703125,37.540000915527344,35.68000030517578,36.599998474121094,6189280
2023-10-17,36.83000183105469,38.59000015258789,36.36000061035156,38.349998474121094,4572130
2023-10-18,38.36000061035156,39.13999938964844,38.060001373291016,38.630001068115234,3566550
2023-10-19,38.5,38.5,37.369998931884766,37.5,2684570
2023-10-20,37.20000076293945,38.16999816894531,37.099998474121094,37.79999923706055,1834960
2023-10-23,37.79999923706055,37.95000076293945,37.11000061035156,37.400001525878906,1706730
2023-10-24,37.5099983215332,38.5,37.31999969482422,37.38999938964844,1906700
2023-10-25,37.43000030517578,38.33000183105469,36.97999954223633,38.0099983215332,2006240
2023-10-26,37.689998626708984,39.93000030517578,37.439998626708984,39.83000183105469,2498840
2023-10-27,39.97999954223633,40.369998931884766,39.43000030517578,39.540000915527344,3386560
2023-10-30,39.599998474121094,39.70000076293945,38.84000015258789,39.02000045776367,2074620
2023-10-31,39.04999923706055,40.560001373291016,38.72999954223633,39.849998474121094,4000860
2023-11-02,39.0,40.61000061035156,38.970001220703125,39.599998474121094,3751280
2023-11-03,40.279998779296875,43.5,40.060001373291016,42.349998474121094,5430090
2023-11-06,42.97999954223633,44.33000183105469,42.79999923706055,43.38999938964844,3929750
2023-11-07,43.29999923706055,43.970001220703125,42.88999938964844,43.349998474121094,2577350
2023-11-08,43.11000061035156,43.970001220703125,43.099998474121094,43.439998626708984,1988800
2023-11-09,43.25,43.439998626708984,42.220001220703125,43.0,2536270
2023-11-10,43.0,43.58000183105469,42.7400016784668,43.439998626708984,1537550
2023-11-13,43.59000015258789,44.5099983215332,43.459999084472656,43.939998626708984,1703790
2023-11-14,44.0,44.95000076293945,43.369998931884766,44.77000045776367,1484340
2023-11-15,44.939998626708984,45.349998474121094,43.52000045776367,43.849998474121094,1795570
2023-11-16,43.849998474121094,44.650001525878906,43.77000045776367,44.08000183105469,1311370
2023-11-17,43.83000183105469,44.290000915527344,43.310001373291016,44.15999984741211,1696980
2023-11-20,44.15999984741211,45.16999816894531,43.810001373291016,44.209999084472656,1582150
2023-11-21,44.27000045776367,44.70000076293945,43.7599983215332,44.29999923706055,1184080
2023-11-22,44.099998474121094,44.970001220703125,44.099998474121094,44.65999984741211,912300
2023-11-23,44.4900016784668,44.630001068115234,44.189998626708984,44.189998626708984,407740
2023-11-24,44.130001068115234,44.45000076293945,43.95000076293945,44.209999084472656,783910
2023-11-27,44.0,44.25,43.65999984741211,44.040000915527344,851940
2023-11-28,43.939998626708984,45.13999938964844,43.810001373291016,44.400001525878906,1948990
2023-11-29,44.5,45.33000183105469,44.20000076293945,45.0,1689730
2023-11-30,44.95000076293945,45.2400016784668,44.060001373291016,44.58000183105469,5880950
2023-12-01,44.599998474121094,45.810001373291016,44.130001068115234,45.650001525878906,1448120
2023-12-04,45.650001525878906,46.7400016784668,45.400001525878906,46.47999954223633,1299300
2023-12-05,46.16999816894531,47.150001525878906,46.09000015258789,46.599998474121094,1597850
2023-12-06,46.619998931884766,47.29999923706055,46.61000061035156,46.849998474121094,948990
2023-12-07,46.70000076293945,46.84000015258789,45.40999984741211,45.599998474121094,1779780
2023-12-08,45.900001525878906,46.2400016784668,45.2599983215332,45.43000030517578,888250
2023-12-11,45.43000030517578,46.22999954223633,45.099998474121094,46.11000061035156,878790
2023-12-12,45.86000061035156,46.25,45.33000183105469,45.720001220703125,1041710
2023-12-13,45.54999923706055,46.540000915527344,44.810001373291016,45.09000015258789,1389950
2023-12-14,46.20000076293945,46.529998779296875,45.70000076293945,45.70000076293945,3575320
2023-12-15,46.08000183105469,46.79999923706055,45.310001373291016,45.84000015258789,3908760
2023-12-18,45.599998474121094,46.20000076293945,45.099998474121094,45.9900016784668,1115370
2023-12-19,46.06999969482422,47.709999084472656,45.4900016784668,46.369998931884766,1647180
2023-12-20,46.380001068115234,47.099998474121094,45.720001220703125,45.900001525878906,985100
2023-12-21,45.70000076293945,46.41999816894531,45.599998474121094,46.060001373291016,1416090
2023-12-22,46.04999923706055,46.18000030517578,45.29999923706055,45.70000076293945,881670
2023-12-27,45.709999084472656,46.47999954223633,45.2400016784668,46.20000076293945,1340780
2023-12-28,46.5099983215332,46.900001525878906,46.0,46.130001068115234,615510
2023-12-29,46.279998779296875,46.619998931884766,45.5,46.06999969482422,1693410
2024-01-02,46.13999938964844,46.58000183105469,45.47999954223633,45.77000045776367,1059640
2024-01-03,45.77000045776367,46.20000076293945,45.0,45.630001068115234,1662350
2024-01-04,45.560001373291016,45.70000076293945,44.970001220703125,45.34000015258789,1620760
2024-01-05,45.099998474121094,45.47999954223633,44.630001068115234,45.150001525878906,2067080
2024-01-08,45.119998931884766,45.2400016784668,44.0,45.06999969482422,1503900
2024-01-09,45.08000183105469,45.650001525878906,44.88999938964844,45.099998474121094,2003070
2024-01-10,45.099998474121094,46.0099983215332,45.099998474121094,45.9900016784668,1675990
2024-01-11,45.939998626708984,46.790000915527344,45.900001525878906,46.380001068115234,1189620
2024-01-12,46.150001525878906,46.150001525878906,40.91999816894531,40.91999816894531,9535460
2024-01-15,41.29999923706055,42.060001373291016,40.849998474121094,41.4900016784668,3154620
2024-01-16,41.36000061035156,42.36000061035156,41.11000061035156,41.9900016784668,2044070
2024-01-17,41.7599983215332,42.029998779296875,40.52000045776367,40.810001373291016,1740420
2024-01-18,40.810001373291016,41.599998474121094,40.5099983215332,41.13999938964844,2072840
2024-01-19,41.08000183105469,41.939998626708984,40.720001220703125,41.41999816894531,1644770
2024-01-22,41.709999084472656,41.970001220703125,40.619998931884766,41.0,2069570
2024-01-23,41.0,41.72999954223633,40.849998474121094,41.59000015258789,1547710
2024-01-24,41.63999938964844,42.20000076293945,41.38999938964844,41.900001525878906,1753660
2024-01-25,41.63999938964844,42.380001068115234,41.5099983215332,42.310001373291016,1298410
2024-01-26,42.5,42.72999954223633,41.93000030517578,42.540000915527344,1272300
2024-01-29,42.5,42.689998626708984,42.290000915527344,42.560001373291016,613960
2024-01-30,42.599998474121094,42.869998931884766,41.95000076293945,42.65999984741211,678190
2024-01-31,42.619998931884766,43.619998931884766,42.400001525878906,43.38999938964844,1698710
2024-02-01,43.38999938964844,44.900001525878906,43.20000076293945,44.709999084472656,2391040
2024-02-02,44.720001220703125,46.5,44.720001220703125,46.400001525878906,3249290
2024-02-05,46.400001525878906,47.220001220703125,45.619998931884766,45.900001525878906,2619800
2024-02-06,46.0,46.189998626708984,44.45000076293945,45.0,2010940
2024-02-07,44.630001068115234,45.47999954223633,44.54999923706055,45.25,1427060
2024-02-08,45.25,45.599998474121094,43.79999923706055,44.060001373291016,2160390
2024-02-09,44.0,44.34000015258789,43.560001373291016,43.7400016784668,1902260
2024-02-12,43.95000076293945,45.04999923706055,43.61000061035156,44.79999923706055,1131580
2024-02-13,44.79999923706055,45.20000076293945,42.869998931884766,43.13999938964844,1361610
2024-02-14,43.04999923706055,44.11000061035156,43.0,43.95000076293945,1075600
2024-02-15,44.02000045776367,45.29999923706055,43.540000915527344,44.9900016784668,1224340
2024-02-16,45.119998931884766,45.400001525878906,44.439998626708984,44.540000915527344,1180780
2024-02-19,44.869998931884766,45.65999984741211,44.61000061035156,45.2599983215332,525560
2024-02-20,45.16999816894531,45.970001220703125,44.91999816894531,45.70000076293945,1137870
2024-02-21,45.79999923706055,46.2400016784668,45.20000076293945,45.400001525878906,1751850
2024-02-22,45.86000061035156,46.36000061035156,45.2400016784668,46.04999923706055,2132150
2024-02-23,46.20000076293945,48.209999084472656,45.869998931884766,47.9900016784668,3063630
2024-02-26,48.0,48.119998931884766,46.880001068115234,47.20000076293945,1056050
2024-02-27,47.29999923706055,47.540000915527344,46.2599983215332,46.560001373291016,1510420
2024-02-28,46.61000061035156,46.61000061035156,45.65999984741211,46.0,1129910
2024-02-29,46.220001220703125,47.40999984741211,45.90999984741211,46.470001220703125,2329770
2024-03-01,46.470001220703125,46.70000076293945,45.83000183105469,46.16999816894531,1592900
2024-03-04,46.290000915527344,47.209999084472656,46.0,46.4900016784668,1577180
2024-03-05,46.279998779296875,46.34000015258789,45.279998779296875,45.5099983215332,1347230
2024-03-06,45.599998474121094,46.33000183105469,45.310001373291016,45.66999816894531,1514220
2024-03-07,44.0,44.400001525878906,41.20000076293945,41.939998626708984,6521390
2024-03-08,42.099998474121094,42.470001220703125,41.310001373291016,41.939998626708984,2312990
2024-03-11,42.5,42.599998474121094,41.560001373291016,41.939998626708984,1926450
2024-03-12,42.279998779296875,43.369998931884766,41.709999084472656,43.029998779296875,3100410
2024-03-13,43.029998779296875,43.29999923706055,41.5,41.59000015258789,1870720
2024-03-14,41.95000076293945,42.099998474121094,41.5,41.86000061035156,1974770
2024-03-15,41.81999969482422,42.709999084472656,40.709999084472656,41.66999816894531,6812030
2024-03-18,42.20000076293945,42.43000030517578,40.4900016784668,40.959999084472656,2257270
2024-03-19,40.720001220703125,41.59000015258789,40.5099983215332,41.20000076293945,2327320
2024-03-20,41.25,41.41999816894531,40.40999984741211,40.599998474121094,2209810
2024-03-21,41.0,41.54999923706055,40.2400016784668,41.5,3745270
2024-03-22,38.59000015258789,39.20000076293945,36.599998474121094,36.97999954223633,14865920
2024-03-25,37.099998474121094,37.77000045776367,36.709999084472656,36.9900016784668,5351000
2024-03-26,37.130001068115234,37.34000015258789,36.119998931884766,37.18000030517578,4202800
2024-03-27,37.689998626708984,37.900001525878906,37.290000915527344,37.75,3735940
2024-03-28,37.90999984741211,38.939998626708984,37.7400016784668,38.77000045776367,3667550
2024-04-02,38.79999923706055,39.38999938964844,38.130001068115234,38.90999984741211,3663430
2024-04-03,38.779998779296875,38.83000183105469,37.0,37.06999969482422,3995640
2024-04-04,37.15999984741211,37.689998626708984,36.599998474121094,37.54999923706055,4137230
2024-04-05,37.47999954223633,37.47999954223633,36.77000045776367,36.970001220703125,3188370
2024-04-08,36.970001220703125,37.439998626708984,36.66999816894531,36.97999954223633,2790020
2024-04-09,37.099998474121094,37.27000045776367,36.43000030517578,36.5,3055790
2024-04-10,36.72999954223633,37.5099983215332,36.40999984741211,36.97999954223633,2998550
2024-04-11,37.029998779296875,37.7400016784668,37.02000045776367,37.5,2373310
2024-04-12,37.58000183105469,37.95000076293945,36.38999938964844,36.560001373291016,2122900
2024-04-15,36.560001373291016,37.0,36.41999816894531,36.599998474121094,1033900
2024-04-16,36.5,36.779998779296875,36.150001525878906,36.58000183105469,1666970
2024-04-17,36.599998474121094,36.689998626708984,35.650001525878906,35.79999923706055,2968900
2024-04-18,35.79999923706055,36.150001525878906,35.5,36.029998779296875,2833430
2024-04-19,35.77000045776367,36.79999923706055,35.63999938964844,36.79999923706055,1982090
2024-04-22,37.0,37.59000015258789,36.709999084472656,37.529998779296875,1747630
2024-04-23,37.599998474121094,38.79999923706055,37.220001220703125,38.45000076293945,4094450
2024-04-24,38.59000015258789,39.2599983215332,38.0,38.220001220703125,4448910
2024-04-25,37.91999816894531,38.45000076293945,36.400001525878906,36.61000061035156,3795920
2024-04-26,37.310001373291016,39.220001220703125,37.279998779296875,38.5099983215332,6866650
2024-04-29,38.5,39.09000015258789,38.220001220703125,38.91999816894531,3074380
2024-04-30,39.18000030517578,39.2599983215332,38.59000015258789,38.9900016784668,2725700
2024-05-02,39.08000183105469,39.150001525878906,38.439998626708984,38.66999816894531,3186550
2024-05-06,38.66999816894531,39.79999923706055,38.400001525878906,39.61000061035156,2535690
2024-05-07,39.79999923706055,40.38999938964844,39.13999938964844,39.63999938964844,3708580
2024-05-08,39.70000076293945,40.38999938964844,39.65999984741211,39.93000030517578,4464380
2024-05-09,39.900001525878906,40.119998931884766,39.13999938964844,39.599998474121094,4558160
2024-05-10,39.0,39.54999923706055,37.84000015258789,39.16999816894531,4783310
2024-05-13,38.86000061035156,39.150001525878906,38.5,39.0,3388840
2024-05-14,39.150001525878906,39.41999816894531,38.470001220703125,38.779998779296875,2817960
2024-05-15,38.7599983215332,39.58000183105469,38.36000061035156,39.400001525878906,1812650
2024-05-16,39.79999923706055,40.790000915527344,39.40999984741211,40.65999984741211,2522770
2024-05-17,40.65999984741211,40.9900016784668,40.290000915527344,40.630001068115234,1653000
2024-05-20,40.75,41.20000076293945,40.65999984741211,41.02000045776367,1075420
2024-05-21,40.849998474121094,41.189998626708984,40.400001525878906,40.779998779296875,1413990
2024-05-22,40.709999084472656,41.02000045776367,40.209999084472656,40.65999984741211,1579880
2024-05-23,40.599998474121094,41.400001525878906,40.400001525878906,40.88999938964844,1200710
2024-05-24,40.43000030517578,40.93000030517578,40.400001525878906,40.70000076293945,1598040
2024-05-27,40.70000076293945,40.939998626708984,39.83000183105469,40.029998779296875,909920
2024-05-28,40.029998779296875,40.349998474121094,39.560001373291016,39.619998931884766,1222820
2024-05-29,39.5,39.779998779296875,38.83000183105469,39.209999084472656,1499160
2024-05-31,39.25,40.040000915527344,38.81999969482422,39.209999084472656,5038040
2024-06-03,39.560001373291016,40.2599983215332,39.5099983215332,39.65999984741211,978820
2024-06-04,39.7599983215332,40.029998779296875,39.099998474121094,39.150001525878906,1654630
2024-06-05,39.130001068115234,39.27000045776367,38.349998474121094,38.83000183105469,2117730
2024-06-06,39.0,39.47999954223633,38.790000915527344,39.08000183105469,1100790
2024-06-07,39.369998931884766,39.58000183105469,38.599998474121094,38.7400016784668,1193400
2024-06-10,38.7400016784668,39.619998931884766,38.689998626708984,39.599998474121094,1816530
2024-06-11,39.599998474121094,39.689998626708984,38.56999969482422,38.95000076293945,1177980
2024-06-12,38.849998474121094,39.40999984741211,38.16999816894531,39.189998626708984,3280360
2024-06-13,39.18000030517578,39.63999938964844,38.70000076293945,39.27000045776367,2770410
2024-06-14,39.27000045776367,39.90999984741211,38.959999084472656,39.810001373291016,1930370
2024-06-17,39.869998931884766,40.869998931884766,39.689998626708984,40.61000061035156,1476770
2024-06-18,40.63999938964844,41.0,39.959999084472656,39.959999084472656,1304340
2024-06-19,40.0,40.52000045776367,39.959999084472656,40.209999084472656,729780
2024-06-20,40.34000015258789,40.880001068115234,40.04999923706055,40.68000030517578,1273740
2024-06-21,40.779998779296875,41.720001220703125,40.63999938964844,41.2400016784668,4066040
2024-06-24,41.2400016784668,41.689998626708984,40.970001220703125,41.43000030517578,2292320
2024-06-25,41.40999984741211,41.790000915527344,40.959999084472656,41.61000061035156,1865440
2024-06-26,41.5,42.08000183105469,41.5,41.630001068115234,1968120
2024-06-27,40.709999084472656,41.599998474121094,40.15999984741211,40.15999984741211,2613010
2024-06-28,40.869998931884766,41.25,40.20000076293945,40.619998931884766,2054790
2024-07-01,40.65999984741211,40.93000030517578,39.54999923706055,39.81999969482422,2340760
2024-07-02,39.81999969482422,39.9900016784668,39.25,39.349998474121094,1263170
2024-07-03,39.349998474121094,40.119998931884766,39.349998474121094,39.66999816894531,815850
2024-07-04,39.599998474121094,39.91999816894531,39.13999938964844,39.20000076293945,894440
2024-07-05,39.18000030517578,39.63999938964844,38.130001068115234,38.5,1541420
2024-07-08,38.599998474121094,39.04999923706055,38.599998474121094,38.779998779296875,1250580
2024-07-09,38.95000076293945,39.099998474121094,38.63999938964844,38.849998474121094,1261620
2024-07-10,39.16999816894531,39.77000045776367,38.849998474121094,39.349998474121094,2773140
2024-07-11,39.20000076293945,40.189998626708984,39.189998626708984,39.95000076293945,1325600
2024-07-12,40.0,40.939998626708984,40.0,40.400001525878906,1271730
2024-07-15,40.5099983215332,40.790000915527344,40.29999923706055,40.75,1037930
2024-07-16,40.75,40.83000183105469,39.5,39.5099983215332,1346390
2024-07-17,39.810001373291016,40.400001525878906,38.720001220703125,39.689998626708984,1515750
2024-07-18,39.689998626708984,40.79999923706055,39.22999954223633,40.72999954223633,1401990
2024-07-19,40.72999954223633,40.72999954223633,39.97999954223633,40.279998779296875,957860
2024-07-22,40.65999984741211,40.97999954223633,39.77000045776367,39.83000183105469,1190790
2024-07-23,39.79999923706055,39.84000015258789,38.77000045776367,38.77000045776367,1163450
2024-07-24,38.849998474121094,39.0,38.400001525878906,38.689998626708984,1666530
2024-07-25,36.0,36.08000183105469,33.02000045776367,35.13999938964844,14638030
2024-07-26,35.369998931884766,35.79999923706055,33.689998626708984,34.38999938964844,6872250
2024-07-29,34.38999938964844,34.91999816894531,33.970001220703125,34.650001525878906,2540300
2024-07-30,34.650001525878906,34.88999938964844,33.70000076293945,33.86000061035156,1976000
2024-07-31,34.0,35.20000076293945,33.58000183105469,35.20000076293945,2764750
2024-08-01,34.97999954223633,35.349998474121094,34.22999954223633,34.439998626708984,1427080
2024-08-02,34.369998931884766,34.40999984741211,33.849998474121094,34.09000015258789,1610780
2024-08-05,33.400001525878906,33.650001525878906,32.31999969482422,32.959999084472656,3483170
2024-08-06,33.0,33.56999969482422,32.79999923706055,33.09000015258789,2039390
2024-08-07,33.369998931884766,33.77000045776367,33.27000045776367,33.709999084472656,1474180
2024-08-08,33.43000030517578,34.38999938964844,33.25,34.310001373291016,1501880
2024-08-09,34.66999816894531,34.70000076293945,33.040000915527344,33.27000045776367,1718240
2024-08-12,33.5,34.349998474121094,33.290000915527344,34.310001373291016,1531900
2024-08-13,34.5,34.790000915527344,33.97999954223633,34.220001220703125,1155210
2024-08-14,34.43000030517578,34.65999984741211,34.16999816894531,34.279998779296875,1465840
2024-08-16,34.70000076293945,35.099998474121094,34.349998474121094,34.56999969482422,1772760
2024-08-19,34.720001220703125,34.95000076293945,34.29999923706055,34.52000045776367,1630690
2024-08-20,34.599998474121094,34.70000076293945,34.060001373291016,34.060001373291016,1560600
2024-08-21,34.099998474121094,34.20000076293945,33.63999938964844,34.0,5043990
2024-08-22,34.29999923706055,34.7400016784668,33.93000030517578,34.650001525878906,2148280
2024-08-23,30.510000228881836,32.099998474121094,29.68000030517578,31.25,17301710
2024-08-26,31.399999618530273,32.02000045776367,31.1200008392334,31.8700008392334,2918780
2024-08-27,32.0,33.04999923706055,31.649999618530273,33.0,1654040
2024-08-28,33.099998474121094,33.279998779296875,32.16999816894531,32.689998626708984,1124460
2024-08-29,32.66999816894531,32.900001525878906,31.920000076293945,32.45000076293945,1763190
2024-08-30,32.5,32.779998779296875,32.189998626708984,32.25,3810910
2024-09-02,32.25,32.59000015258789,31.59000015258789,32.25,2073690
2024-09-03,31.959999084472656,32.25,31.510000228881836,31.670000076293945,2804300
2024-09-04,31.5,31.600000381469727,30.90999984741211,31.399999618530273,2467580
2024-09-05,31.399999618530273,31.649999618530273,30.690000534057617,30.850000381469727,2022480
2024-09-06,30.850000381469727,31.56999969482422,30.600000381469727,30.84000015258789,3722950
2024-09-09,31.149999618530273,31.260000228881836,30.600000381469727,31.1299991607666,1592950
2024-09-10,31.239999771118164,31.860000610351562,31.100000381469727,31.3700008392334,2200160
2024-09-11,31.3700008392334,31.729999542236328,31.049999237060547,31.09000015258789,1969130
2024-09-12,31.31999969482422,31.5,30.579999923706055,30.579999923706055,2355580
2024-09-13,30.510000228881836,31.079999923706055,29.899999618530273,30.899999618530273,1917430
2024-09-16,30.899999618530273,31.0,30.229999542236328,30.329999923706055,1601860
2024-09-17,30.40999984741211,31.540000915527344,30.40999984741211,31.5,3707990
2024-09-18,31.5,31.700000762939453,30.889999389648438,31.229999542236328,4551150
2024-09-19,31.799999237060547,33.31999969482422,31.770000457763672,33.209999084472656,7350270
2024-09-20,33.220001220703125,33.43000030517578,31.299999237060547,31.530000686645508,10089960
2024-09-23,31.790000915527344,33.279998779296875,31.450000762939453,32.869998931884766,5882470
2024-09-24,33.22999954223633,34.130001068115234,32.869998931884766,33.79999923706055,3934780
2024-09-25,34.20000076293945,35.54999923706055,34.040000915527344,35.5,5088300
2024-09-26,35.599998474121094,36.27000045776367,35.34000015258789,36.0,4634400
2024-09-27,36.29999923706055,36.56999969482422,35.91999816894531,35.9900016784668,4326350
2024-09-30,36.29999923706055,36.790000915527344,34.84000015258789,35.06999969482422,2731820
2024-10-01,35.0,35.0,34.11000061035156,34.20000076293945,2747830
2024-10-02,34.0,34.77000045776367,33.630001068115234,34.15999984741211,1529990
2024-10-03,34.2400016784668,34.400001525878906,33.619998931884766,33.81999969482422,2990910
2024-10-04,34.189998626708984,34.400001525878906,33.58000183105469,34.0,3166610
2024-10-07,34.0,36.2400016784668,34.0,35.9900016784668,6988300
2024-10-08,35.900001525878906,36.459999084472656,35.619998931884766,35.70000076293945,7020740
2024-10-09,35.70000076293945,36.43000030517578,35.459999084472656,35.61000061035156,2356180
2024-10-10,35.59000015258789,36.13999938964844,34.90999984741211,35.68000030517578,3218720
2024-10-11,36.0,36.08000183105469,34.959999084472656,34.959999084472656,2762260
2024-10-14,34.97999954223633,35.56999969482422,34.43000030517578,35.040000915527344,4700640
2024-10-15,35.400001525878906,35.77000045776367,34.20000076293945,34.400001525878906,2771510
2024-10-16,34.45000076293945,34.959999084472656,34.02000045776367,34.59000015258789,5491740
2024-10-17,34.52000045776367,34.650001525878906,33.13999938964844,33.290000915527344,3034490
2024-10-18,33.70000076293945,33.70000076293945,33.22999954223633,33.38999938964844,1928150
2024-10-21,33.400001525878906,33.970001220703125,33.0099983215332,33.369998931884766,1752940
2024-10-22,33.349998474121094,33.54999923706055,33.0099983215332,33.22999954223633,4111800
2024-10-23,33.0,33.459999084472656,32.529998779296875,33.0099983215332,2728370
2024-10-24,33.0,33.65999984741211,32.349998474121094,32.349998474121094,4255130
2024-10-25,32.29999923706055,32.540000915527344,31.93000030517578,32.22999954223633,1887590
2024-10-28,32.4900016784668,33.27000045776367,32.27000045776367,33.27000045776367,1734110
2024-10-29,33.27000045776367,33.619998931884766,33.0099983215332,33.5,1752060
2024-10-30,33.369998931884766,33.41999816894531,32.33000183105469,32.59000015258789,2464410
2024-10-31,32.54999923706055,34.709999084472656,32.54999923706055,33.16999816894531,5553150
2024-11-04,33.56999969482422,34.619998931884766,32.86000061035156,34.38999938964844,2741530
2024-11-05,34.5,34.58000183105469,33.619998931884766,33.88999938964844,2595960
2024-11-06,33.900001525878906,34.7599983215332,33.88999938964844,34.400001525878906,2312420
2024-11-07,34.20000076293945,34.97999954223633,34.20000076293945,34.5,1635240
2024-11-08,36.5,39.81999969482422,36.5,39.400001525878906,10153040
2024-11-12,39.400001525878906,41.5,38.779998779296875,40.439998626708984,6546120
2024-11-13,40.599998474121094,40.7400016784668,39.04999923706055,39.31999969482422,4709560
2024-11-14,39.29999923706055,40.150001525878906,38.7400016784668,39.95000076293945,3992240
2024-11-15,39.93000030517578,40.16999816894531,38.849998474121094,38.91999816894531,4339830
2024-11-18,39.099998474121094,39.560001373291016,38.650001525878906,39.040000915527344,1221160
2024-11-19,39.040000915527344,39.27000045776367,38.119998931884766,38.380001068115234,4139810
2024-11-20,39.0099983215332,39.869998931884766,38.619998931884766,39.27000045776367,2054650
2024-11-21,38.88999938964844,39.9900016784668,38.88999938964844,39.75,2133310
2024-11-22,39.75,40.04999923706055,39.31999969482422,39.630001068115234,2488630
2024-11-25,40.0,40.16999816894531,39.130001068115234,39.130001068115234,4032190
2024-11-26,39.130001068115234,40.540000915527344,39.0099983215332,39.709999084472656,1504360
2024-11-27,39.63999938964844,39.93000030517578,39.029998779296875,39.29999923706055,1179780
2024-11-28,39.25,39.5,38.349998474121094,38.70000076293945,854270
2024-11-29,38.599998474121094,39.27000045776367,38.5,38.59000015258789,1528010
2024-12-02,38.88999938964844,39.380001068115234,38.66999816894531,39.119998931884766,1410500
2024-12-03,39.119998931884766,40.150001525878906,39.09000015258789,39.40999984741211,1406090
2024-12-04,39.5099983215332,40.27000045776367,39.33000183105469,39.880001068115234,1520330
2024-12-05,39.88999938964844,41.290000915527344,39.880001068115234,41.20000076293945,2160310
2024-12-06,41.11000061035156,41.36000061035156,40.5,40.77000045776367,1710140
2024-12-09,40.939998626708984,41.18000030517578,40.54999923706055,40.54999923706055,1381160
2024-12-10,40.13999938964844,40.900001525878906,40.029998779296875,40.56999969482422,1565990
2024-12-11,41.029998779296875,41.29999923706055,40.5,41.22999954223633,1812970
2024-12-12,41.20000076293945,41.5,40.59000015258789,40.880001068115234,1818120
2024-12-13,40.9900016784668,41.150001525878906,40.439998626708984,40.439998626708984,1699370
2024-12-16,40.27000045776367,40.5,39.79999923706055,40.22999954223633,1322100
2024-12-17,40.220001220703125,40.349998474121094,40.0,40.20000076293945,1569800
2024-12-18,40.20000076293945,40.869998931884766,39.869998931884766,40.0,1080810
2024-12-19,40.04999923706055,40.150001525878906,39.59000015258789,39.81999969482422,1462250
2024-12-20,39.84000015258789,40.0,38.7599983215332,39.560001373291016,2298250
2024-12-23,39.43000030517578,39.79999923706055,39.15999984741211,39.290000915527344,813570
2024-12-27,39.290000915527344,39.779998779296875,38.5,39.4900016784668,803330
2024-12-30,39.5,39.91999816894531,38.939998626708984,38.97999954223633,864450
2025-01-02,39.150001525878906,40.2599983215332,39.099998474121094,40.11000061035156,1534280
2025-01-03,40.09000015258789,40.630001068115234,39.720001220703125,40.29999923706055,985720
2025-01-07,40.5,40.810001373291016,39.70000076293945,39.70000076293945,1759200
2025-01-08,39.70000076293945,39.70000076293945,38.900001525878906,39.13999938964844,2452140
2025-01-09,39.0,40.470001220703125,38.810001373291016,40.29999923706055,2398560
2025-01-10,40.29999923706055,40.779998779296875,40.0099983215332,40.70000076293945,1344490
2025-01-13,40.630001068115234,40.630001068115234,39.75,39.75,2227000
2025-01-14,39.70000076293945,41.16999816894531,39.08000183105469,41.0,2472910
2025-01-15,41.04999923706055,44.20000076293945,41.0,43.36000061035156,7455250
2025-01-16,43.36000061035156,43.790000915527344,43.13999938964844,43.540000915527344,2102310
2025-01-17,43.540000915527344,44.18000030517578,42.97999954223633,43.58000183105469,2382810
2025-01-20,43.25,44.13999938964844,43.2400016784668,44.11000061035156,998890
2025-01-21,44.0,44.0,43.400001525878906,43.79999923706055,1587640
2025-01-22,43.900001525878906,45.16999816894531,43.79999923706055,44.790000915527344,1688350
2025-01-23,44.83000183105469,45.349998474121094,44.529998779296875,45.099998474121094,2842800
2025-01-24,45.04999923706055,45.16999816894531,44.20000076293945,44.79999923706055,3398060
2025-01-27,44.119998931884766,45.599998474121094,44.11000061035156,45.5099983215332,2095610
2025-01-28,45.5,46.810001373291016,45.380001068115234,46.56999969482422,3458210
2025-01-29,46.5,46.77000045776367,45.75,45.75,10787280
2025-01-30,45.599998474121094,45.79999923706055,43.90999984741211,44.599998474121094,5309920
2025-01-31,44.599998474121094,45.400001525878906,44.56999969482422,45.029998779296875,2608940
2025-02-03,43.83000183105469,44.9900016784668,42.540000915527344,44.880001068115234,2065950
2025-02-04,45.0,45.75,44.31999969482422,44.9900016784668,927230
2025-02-05,45.11000061035156,45.79999923706055,44.90999984741211,45.66999816894531,1582890
2025-02-06,46.0,46.13999938964844,45.099998474121094,45.459999084472656,1493650
2025-02-07,45.52000045776367,46.0,45.29999923706055,45.93000030517578,1184460
2025-02-10,45.79999923706055,46.290000915527344,45.41999816894531,46.09000015258789,1251680
2025-02-11,46.0,46.529998779296875,45.84000015258789,46.5,1870230
2025-02-12,46.58000183105469,47.11000061035156,46.25,46.900001525878906,1652570
2025-02-13,46.79999923706055,47.33000183105469,46.439998626708984,47.33000183105469,1686980
2025-02-14,47.29999923706055,48.34000015258789,47.0,47.290000915527344,2904210
2025-02-17,47.290000915527344,47.810001373291016,46.81999969482422,47.599998474121094,1551220
2025-02-18,47.36000061035156,49.79999923706055,47.36000061035156,49.439998626708984,2767940
2025-02-19,49.400001525878906,49.529998779296875,48.04999923706055,48.400001525878906,5619640
2025-02-20,48.5,48.70000076293945,47.709999084472656,48.11000061035156,6597470
2025-02-21,48.11000061035156,48.7400016784668,48.11000061035156,48.5099983215332,2028390
2025-02-24,48.36000061035156,48.470001220703125,47.099998474121094,47.5,2723110
2025-02-25,47.5,48.099998474121094,47.11000061035156,47.630001068115234,1322750
2025-02-26,48.11000061035156,48.5,47.79999923706055,48.06999969482422,2315290
2025-02-27,47.79999923706055,48.0,47.13999938964844,47.279998779296875,2093850
2025-02-28,47.279998779296875,50.34000015258789,47.27000045776367,49.560001373291016,11051400
2025-03-03,49.040000915527344,50.060001373291016,48.40999984741211,50.0,3579860
2025-03-04,49.849998474121094,49.849998474121094,48.619998931884766,48.810001373291016,1964720
2025-03-05,48.900001525878906,49.08000183105469,48.2400016784668,48.81999969482422,2668090
2025-03-06,48.630001068115234,48.95000076293945,48.38999938964844,48.5099983215332,2354610
2025-03-07,48.4900016784668,48.75,47.650001525878906,48.380001068115234,1628020
2025-03-10,47.689998626708984,48.38999938964844,46.47999954223633,46.900001525878906,3297850
2025-03-11,46.650001525878906,47.38999938964844,46.36000061035156,46.720001220703125,1961930
2025-03-12,46.630001068115234,47.650001525878906,46.599998474121094,47.5,1372880
2025-03-13,47.5,48.06999969482422,47.5,47.880001068115234,1901530
2025-03-14,47.790000915527344,48.4900016784668,47.599998474121094,48.29999923706055,1891610
2025-03-17,48.29999923706055,48.619998931884766,48.119998931884766,48.560001373291016,1526740
2025-03-18,48.619998931884766,49.5,48.5,49.11000061035156,1819130
2025-03-19,48.869998931884766,49.220001220703125,48.56999969482422,48.81999969482422,1466890
2025-03-20,49.0,49.11000061035156,46.25,46.61000061035156,5277950
2025-03-21,46.61000061035156,46.689998626708984,45.43000030517578,45.88999938964844,7931590
2025-03-24,45.939998626708984,46.2599983215332,45.560001373291016,46.130001068115234,2676000
2025-03-25,45.599998474121094,46.0,44.86000061035156,45.58000183105469,2656240
2025-03-26,45.310001373291016,45.5,44.25,44.52000045776367,3344160
2025-03-27,44.099998474121094,45.970001220703125,44.06999969482422,45.720001220703125,4747960
2025-03-28,44.900001525878906,46.38999938964844,44.880001068115234,45.599998474121094,1580980
2025-03-31,45.20000076293945,45.84000015258789,44.66999816894531,45.13999938964844,2914580
2025-04-01,45.29999923706055,46.060001373291016,45.119998931884766,45.5099983215332,1126900
2025-04-02,45.5,46.33000183105469,45.29999923706055,46.15999984741211,2223280
2025-04-03,45.599998474121094,46.13999938964844,44.52000045776367,45.439998626708984,3057340
2025-04-04,45.099998474121094,47.22999954223633,44.290000915527344,44.77000045776367,6050420
2025-04-07,43.13999938964844,44.959999084472656,41.959999084472656,43.970001220703125,3836700
2025-04-08,43.90999984741211,45.36000061035156,43.06999969482422,45.20000076293945,2658220
2025-04-09,44.20000076293945,45.93000030517578,44.18000030517578,45.34000015258789,3488310
2025-04-10,47.5,47.70000076293945,46.150001525878906,46.790000915527344,3157680
2025-04-11,46.70000076293945,47.189998626708984,46.119998931884766,46.599998474121094,1430760
2025-04-14,47.16999816894531,48.77000045776367,46.599998474121094,48.68000030517578,3055800
2025-04-15,48.790000915527344,49.2400016784668,48.18000030517578,48.79999923706055,2195980
2025-04-16,48.79999923706055,49.45000076293945,48.59000015258789,49.25,2599300
2025-04-17,49.25,51.13999938964844,49.25,50.81999969482422,3133060
2025-04-22,50.81999969482422,52.779998779296875,50.79999923706055,51.97999954223633,3205380
2025-04-23,52.5,52.880001068115234,51.720001220703125,52.0,3594830
2025-04-24,51.79999923706055,52.279998779296875,50.7400016784668,52.2599983215332,2869530
2025-04-25,52.0,53.08000183105469,52.0,53.060001373291016,2064640
2025-04-28,53.20000076293945,54.220001220703125,53.119998931884766,53.34000015258789,2510760
2025-04-29,53.34000015258789,54.31999969482422,53.34000015258789,53.63999938964844,2714000
2025-04-30,53.34000015258789,54.18000030517578,52.439998626708984,52.880001068115234,3114630
2025-05-02,53.47999954223633,54.119998931884766,52.959999084472656,53.720001220703125,3358980
2025-05-05,53.70000076293945,53.900001525878906,52.7400016784668,53.720001220703125,1380310
2025-05-06,53.70000076293945,53.70000076293945,52.720001220703125,53.47999954223633,1829130
2025-05-07,53.70000076293945,54.400001525878906,53.31999969482422,53.779998779296875,2014160
2025-05-08,54.540000915527344,56.0,54.29999923706055,55.619998931884766,5427630
2025-05-09,55.720001220703125,56.08000183105469,54.7400016784668,54.91999816894531,1735810
2025-05-12,55.5,56.20000076293945,54.97999954223633,54.97999954223633,1110840
2025-05-13,55.0,55.400001525878906,54.439998626708984,54.97999954223633,1015510
2025-05-14,55.400001525878906,55.880001068115234,54.20000076293945,55.08000183105469,1730400
2025-05-15,55.040000915527344,55.599998474121094,54.560001373291016,55.560001373291016,1896070
2025-05-16,55.5,55.540000915527344,51.400001525878906,52.02000045776367,6263270
2025-05-19,52.380001068115234,53.439998626708984,51.400001525878906,53.2400016784668,2801370
2025-05-20,53.29999923706055,53.70000076293945,52.81999969482422,53.380001068115234,1579000
2025-05-21,53.5,53.7599983215332,52.279998779296875,52.720001220703125,1195330
2025-05-22,52.58000183105469,52.7400016784668,52.0,52.7400016784668,1309630
2025-05-23,52.47999954223633,53.220001220703125,51.5,52.720001220703125,827620
2025-05-26,52.720001220703125,54.599998474121094,52.5,54.47999954223633,1100530
2025-05-27,54.099998474121094,55.34000015258789,53.84000015258789,55.099998474121094,1099990
2025-05-28,55.47999954223633,55.79999923706055,54.97999954223633,55.29999923706055,1896710
2025-05-29,55.560001373291016,55.79999923706055,54.2599983215332,54.599998474121094,1910300
2025-05-30,54.2599983215332,55.15999984741211,53.34000015258789,54.959999084472656,3182050
2025-06-02,53.13999938964844,54.79999923706055,53.13999938964844,54.099998474121094,2830320
2025-06-03,54.439998626708984,54.619998931884766,53.08000183105469,54.220001220703125,1655470
2025-06-04,54.2400016784668,54.5,53.63999938964844,53.880001068115234,1367580
2025-06-05,53.86000061035156,55.02000045776367,52.02000045776367,52.41999816894531,2805590
2025-06-06,52.5,52.560001373291016,50.880001068115234,51.79999923706055,2426210
2025-06-09,52.02000045776367,52.79999923706055,51.36000061035156,52.08000183105469,891710
2025-06-10,52.34000015258789,53.5,52.18000030517578,53.13999938964844,2403790
2025-06-11,53.29999923706055,53.29999923706055,51.220001220703125,52.459999084472656,1574570
2025-06-12,52.70000076293945,52.70000076293945,51.02000045776367,51.380001068115234,1695970
2025-06-13,50.20000076293945,51.040000915527344,50.02000045776367,50.7599983215332,1913660
2025-06-16,50.7599983215332,51.84000015258789,50.29999923706055,51.5,1029550
2025-06-17,51.599998474121094,51.619998931884766,50.060001373291016,50.63999938964844,1618500
2025-06-18,50.97999954223633,51.279998779296875,50.31999969482422,50.79999923706055,1096310
2025-06-20,51.099998474121094,51.20000076293945,50.52000045776367,51.0,2147830
2025-06-23,50.720001220703125,50.900001525878906,49.77000045776367,50.2599983215332,873570
2025-06-24,50.65999984741211,51.119998931884766,50.459999084472656,50.560001373291016,1396050
2025-06-25,50.86000061035156,51.599998474121094,50.84000015258789,51.279998779296875,1608020
2025-06-26,51.20000076293945,51.939998626708984,51.0,51.560001373291016,1097920
2025-06-27,51.560001373291016,52.18000030517578,51.380001068115234,52.18000030517578,1592290
2025-06-30,52.5,53.0,52.13999938964844,52.599998474121094,1476120
2025-07-01,52.81999969482422,53.060001373291016,51.97999954223633,52.20000076293945,1496190
2025-07-02,51.619998931884766,51.79999923706055,50.459999084472656,50.58000183105469,1663000
2025-07-03,51.0,52.20000076293945,50.959999084472656,52.15999984741211,5166610
2025-07-04,51.939998626708984,52.36000061035156,51.2400016784668,52.20000076293945,1211370
2025-07-07,52.29999923706055,52.560001373291016,52.060001373291016,52.439998626708984,1958490
2025-07-08,52.400001525878906,53.02000045776367,52.34000015258789,52.70000076293945,5189120
2025-07-09,52.720001220703125,54.599998474121094,52.47999954223633,54.400001525878906,2521120
2025-07-10,54.459999084472656,54.540000915527344,52.70000076293945,52.70000076293945,1510210
2025-07-11,53.0,53.58000183105469,52.58000183105469,52.79999923706055,737360
2025-07-14,52.81999969482422,53.36000061035156,52.220001220703125,53.099998474121094,831790
2025-07-15,53.220001220703125,53.720001220703125,51.81999969482422,52.29999923706055,1738650
2025-07-16,52.439998626708984,52.86000061035156,50.41999816894531,50.41999816894531,1670950
2025-07-17,50.47999954223633,51.380001068115234,50.47999954223633,51.119998931884766,921710
2025-07-18,51.41999816894531,52.29999923706055,50.7599983215332,50.900001525878906,1929380
2025-07-21,51.220001220703125,51.5,50.7400016784668,51.040000915527344,1089620
2025-07-22,51.20000076293945,51.2400016784668,50.02000045776367,50.20000076293945,1101610
2025-07-23,50.5,50.79999923706055,49.70000076293945,50.060001373291016,1392120
2025-07-24,50.060001373291016,50.47999954223633,49.650001525878906,49.9900016784668,2412460
2025-07-25,50.0,51.41999816894531,49.70000076293945,51.20000076293945,2452120
2025-07-28,51.34000015258789,52.060001373291016,49.33000183105469,49.33000183105469,3483940
2025-07-29,49.5,50.900001525878906,49.400001525878906,50.79999923706055,1646870
2025-07-30,50.400001525878906,50.439998626708984,49.72999954223633,50.20000076293945,1361320
2025-07-31,50.70000076293945,51.20000076293945,48.900001525878906,49.61000061035156,1678592
2025-08-01,49.9900016784668,50.099998474121094,47.099998474121094,47.5099983215332,2734862
2025-08-04,47.66999816894531,48.41999816894531,47.15999984741211,47.79999923706055,1721330
2025-08-05,48.0,48.61000061035156,47.150001525878906,48.470001220703125,2045351
2025-08-06,48.470001220703125,49.040000915527344,47.900001525878906,48.54999923706055,2140610
2025-08-07,48.83000183105469,49.099998474121094,48.0,48.16999816894531,2232305
2025-08-08,48.220001220703125,48.34000015258789,47.31999969482422,47.75,1695440
2025-08-11,47.959999084472656,48.11000061035156,47.119998931884766,47.54999923706055,1743619
2025-08-12,47.75,47.81999969482422,46.63999938964844,47.27000045776367,2023021
2025-08-13,47.29999923706055,47.939998626708984,47.0,47.5,2720255
2025-08-14,47.0,47.43000030517578,46.2599983215332,47.220001220703125,1887861
2025-08-18,47.959999084472656,48.779998779296875,47.61000061035156,48.380001068115234,1988069
2025-08-19,48.70000076293945,49.0,47.52000045776367,48.970001220703125,1620830
2025-08-20,48.599998474121094,50.36000061035156,48.31999969482422,49.630001068115234,1932183
2025-08-21,49.880001068115234,50.68000030517578,49.369998931884766,49.63999938964844,2506751
2025-08-22,46.849998474121094,47.900001525878906,44.900001525878906,46.0,10579082
2025-08-25,46.20000076293945,46.63999938964844,45.54999923706055,45.70000076293945,2453896
2025-08-26,45.84000015258789,46.93000030517578,45.54999923706055,46.060001373291016,4174008
2025-08-27,46.099998474121094,46.470001220703125,45.29999923706055,45.380001068115234,1300062
2025-08-28,45.599998474121094,45.79999923706055,44.84000015258789,45.099998474121094,1432210
2025-08-29,45.33000183105469,45.81999969482422,44.95000076293945,45.43000030517578,1820081
2025-09-01,45.459999084472656,45.83000183105469,45.150001525878906,45.61000061035156,1138871
2025-09-02,45.61000061035156,46.0,45.02000045776367,45.400001525878906,1949581
2025-09-03,45.5,46.79999923706055,45.290000915527344,46.15999984741211,1487614
2025-09-04,46.29999923706055,48.08000183105469,46.15999984741211,47.560001373291016,2048349
2025-09-05,47.880001068115234,48.209999084472656,47.310001373291016,47.41999816894531,1290639
2025-09-08,47.79999923706055,48.029998779296875,47.459999084472656,47.709999084472656,1105772
2025-09-09,47.709999084472656,48.0,46.7599983215332,47.0,1236355
2025-09-10,46.599998474121094,47.130001068115234,45.880001068115234,46.61000061035156,2121650
2025-09-11,46.630001068115234,47.0,46.45000076293945,46.959999084472656,1363816
2025-09-12,46.959999084472656,47.25,46.45000076293945,46.70000076293945,900766
2025-09-15,46.709999084472656,47.16999816894531,46.5099983215332,47.0,1378374
2025-09-16,47.130001068115234,47.27000045776367,45.70000076293945,45.79999923706055,1130709
2025-09-17,46.029998779296875,46.4900016784668,45.869998931884766,46.220001220703125,1004219
2025-09-18,46.18000030517578,47.0,45.86000061035156,46.310001373291016,1346677
2025-09-19,46.380001068115234,46.65999984741211,45.630001068115234,45.77000045776367,1946917
2025-09-22,45.75,46.380001068115234,45.099998474121094,46.380001068115234,2117002
2025-09-23,46.400001525878906,46.779998779296875,46.02000045776367,46.029998779296875,956608
2025-09-24,45.97999954223633,46.02000045776367,45.290000915527344,45.369998931884766,1474351
2025-09-25,45.29999923706055,45.31999969482422,44.369998931884766,44.5,2121906
2025-09-26,43.93000030517578,44.349998474121094,42.66999816894531,43.029998779296875,4951138
2025-09-29,43.310001373291016,43.619998931884766,42.75,42.939998626708984,1872985
2025-09-30,42.040000915527344,43.779998779296875,41.43000030517578,43.75,2858574
2025-10-01,43.529998779296875,43.70000076293945,42.650001525878906,43.209999084472656,2078873
2025-10-02,43.630001068115234,43.65999984741211,43.029998779296875,43.33000183105469,1715109
2025-10-03,43.5,43.650001525878906,42.22999954223633,42.84000015258789,1954350
2025-10-06,43.08000183105469,44.11000061035156,42.619998931884766,43.02000045776367,2392813
2025-10-07,43.099998474121094,43.650001525878906,42.79999923706055,43.22999954223633,2055376
2025-10-08,43.20000076293945,43.70000076293945,42.939998626708984,43.70000076293945,1532342
2025-10-09,43.70000076293945,43.790000915527344,43.0,43.63999938964844,1614146
2025-10-10,43.20000076293945,43.7599983215332,43.15999984741211,43.720001220703125,1218187
2025-10-13,43.599998474121094,44.290000915527344,43.22999954223633,44.27000045776367,1258288
2025-10-14,44.2599983215332,44.29999923706055,43.2400016784668,43.66999816894531,1357991
2025-10-15,43.900001525878906,44.619998931884766,43.79999923706055,44.380001068115234,2079657
2025-10-16,44.619998931884766,45.08000183105469,44.220001220703125,44.52000045776367,960763
2025-10-17,44.400001525878906,45.15999984741211,43.540000915527344,44.970001220703125,1697611
2025-10-20,45.20000076293945,45.63999938964844,45.0,45.41999816894531,1060647
2025-10-21,45.599998474121094,45.79999923706055,45.20000076293945,45.43000030517578,756147
2025-10-22,45.45000076293945,45.68000030517578,44.93000030517578,45.5,1920886
2025-10-23,45.650001525878906,45.650001525878906,44.790000915527344,45.0099983215332,2264037
2025-10-24,45.0099983215332,45.4900016784668,44.619998931884766,44.75,1490218
2025-10-27,44.75,45.029998779296875,44.40999984741211,44.7400016784668,1265449
2025-10-28,45.0,45.560001373291016,44.68000030517578,44.880001068115234,2079306
2025-10-29,45.20000076293945,45.25,43.70000076293945,43.959999084472656,2160085
2025-10-30,44.2400016784668,46.599998474121094,44.15999984741211,45.08000183105469,4221314
2025-10-31,45.29999923706055,45.380001068115234,43.91999816894531,44.06999969482422,2905399
2025-11-03,44.5,44.95000076293945,44.0,44.33000183105469,1991107
2025-11-04,44.34000015258789,44.41999816894531,43.75,43.75,1925695
2025-11-05,44.0,44.31999969482422,43.619998931884766,44.150001525878906,1627994
2025-11-06,44.599998474121094,45.689998626708984,44.20000076293945,44.779998779296875,3141721
2025-11-07,43.54999923706055,43.66999816894531,40.52000045776367,41.5,11417703
2025-11-10,41.70000076293945,43.0,41.56999969482422,42.97999954223633,2358648
2025-11-12,41.68000030517578,42.65999984741211,41.560001373291016,41.65999984741211,2788499
2025-11-13,41.7599983215332,42.31999969482422,41.7599983215332,42.0099983215332,2136518
2025-11-14,41.79999923706055,41.88999938964844,40.900001525878906,40.93000030517578,1650149
2025-11-17,40.93000030517578,41.45000076293945,40.56999969482422,40.869998931884766,2317946
2025-11-18,40.66999816894531,40.959999084472656,40.0,40.290000915527344,2305738
2025-11-19,40.36000061035156,41.880001068115234,40.02000045776367,41.790000915527344,2817513
2025-11-20,42.25,42.380001068115234,41.650001525878906,41.93000030517578,3114958
2025-11-21,41.38999938964844,42.4900016784668,41.060001373291016,42.29999923706055,4151814
2025-11-24,42.5,42.5,41.22999954223633,41.959999084472656,3685687
2025-11-25,42.150001525878906,42.56999969482422,41.31999969482422,41.9900016784668,2696603
2025-11-26,42.400001525878906,42.400001525878906,41.619998931884766,41.810001373291016,1515139
2025-11-27,41.900001525878906,41.9900016784668,40.93000030517578,41.029998779296875,1662071
2025-11-28,41.119998931884766,41.279998779296875,40.599998474121094,40.83000183105469,3870285
2025-12-01,40.95000076293945,40.9900016784668,40.5,40.790000915527344,1565747
2025-12-02,40.900001525878906,41.0,40.130001068115234,40.560001373291016,1258883
2025-12-03,40.650001525878906,40.779998779296875,39.220001220703125,39.400001525878906,2794983
2025-12-04,39.4900016784668,39.72999954223633,38.36000061035156,38.630001068115234,3673615
2025-12-05,38.75,39.09000015258789,38.130001068115234,38.380001068115234,3227925
2025-12-08,38.400001525878906,38.40999984741211,37.95000076293945,38.13999938964844,1850678
2025-12-09,38.400001525878906,39.779998779296875,38.189998626708984,39.5,3729734
2025-12-10,39.7400016784668,40.31999969482422,38.900001525878906,40.25,4080841
2025-12-11,40.5,40.560001373291016,39.52000045776367,39.65999984741211,1859395
2025-12-12,39.900001525878906,40.189998626708984,39.5,40.099998474121094,1473828
2025-12-15,39.95000076293945,41.20000076293945,39.869998931884766,40.90999984741211,2721465
2025-12-16,41.09000015258789,41.09000015258789,40.20000076293945,40.36000061035156,1469775
2025-12-17,40.400001525878906,40.79999923706055,40.130001068115234,40.5,1438179
2025-12-18,40.650001525878906,40.97999954223633,40.27000045776367,40.790000915527344,1713285
2025-12-19,40.790000915527344,41.29999923706055,40.52000045776367,40.54999923706055,4459864
2025-12-22,40.810001373291016,41.310001373291016,40.20000076293945,40.790000915527344,1953687
2025-12-23,40.939998626708984,41.099998474121094,40.5,40.95000076293945,1457378
2025-12-29,40.959999084472656,41.5,40.68000030517578,41.349998474121094,1331228
2025-12-30,41.5,41.75,40.97999954223633,41.349998474121094,1312696
2026-01-02,41.630001068115234,42.099998474121094,40.70000076293945,41.0,2614967
2026-01-05,41.380001068115234,41.40999984741211,40.779998779296875,41.09000015258789,3176439
2026-01-07,41.09000015258789,42.52000045776367,40.959999084472656,42.369998931884766,3505339
2026-01-08,42.65999984741211,42.66999816894531,40.36000061035156,41.439998626708984,6583648
2026-01-09,41.459999084472656,42.220001220703125,41.060001373291016,42.20000076293945,2825857
2026-01-12,42.20000076293945,42.34000015258789,41.45000076293945,41.9900016784668,1651572
2026-01-13,41.9900016784668,42.36000061035156,41.83000183105469,42.18000030517578,2636635
2026-01-14,42.0,42.16999816894531,39.400001525878906,40.099998474121094,8277283
2026-01-15,40.310001373291016,40.91999816894531,40.099998474121094,40.59000015258789,3469957
2026-01-16,40.790000915527344,41.060001373291016,40.20000076293945,40.529998779296875,3855111
2026-01-19,40.349998474121094,40.59000015258789,40.150001525878906,40.459999084472656,2530962
2026-01-20,40.5,40.650001525878906,40.0,40.11000061035156,2416494
2026-01-21,40.20000076293945,40.290000915527344,39.29999923706055,39.689998626708984,3668855
2026-01-22,39.86000061035156,40.29999923706055,39.70000076293945,40.25,2488634
2026-01-23,40.0,40.119998931884766,38.400001525878906,38.59000015258789,6021057
2026-01-26,38.900001525878906,39.25,38.459999084472656,38.900001525878906,3638178
2026-01-27,39.0,39.0099983215332,37.95000076293945,38.189998626708984,3637413
2026-01-28,38.20000076293945,38.79999923706055,38.060001373291016,38.72999954223633,1833227
2026-01-29,38.83000183105469,38.83000183105469,37.81999969482422,37.81999969482422,2172417
2026-01-30,37.84000015258789,38.20000076293945,37.5,37.56999969482422,3340377
2026-02-02,37.54999923706055,37.70000076293945,37.099998474121094,37.619998931884766,3084262
2026-02-03,37.81999969482422,38.040000915527344,37.5,37.9900016784668,4457662
2026-02-04,38.709999084472656,39.810001373291016,38.41999816894531,39.810001373291016,5437425
2026-02-05,39.79999923706055,39.81999969482422,38.27000045776367,38.54999923706055,3174187
2026-02-06,38.599998474121094,39.189998626708984,38.2599983215332,39.189998626708984,1868831
2026-02-09,39.4900016784668,39.59000015258789,39.0,39.220001220703125,1243329
2026-02-10,39.31999969482422,39.41999816894531,37.900001525878906,38.5,2140770
2026-02-11,38.5,39.099998474121094,37.900001525878906,38.70000076293945,1776771
2026-02-12,38.70000076293945,38.7400016784668,37.880001068115234,38.150001525878906,2212501
2026-02-13,38.13999938964844,39.5,37.900001525878906,39.5,3155256
2026-02-16,39.5,39.91999816894531,39.13999938964844,39.81999969482422,1691858
2026-02-17,39.099998474121094,40.15999984741211,39.02000045776367,39.77000045776367,3085511
2026-02-18,39.779998779296875,40.06999969482422,39.31999969482422,39.84000015258789,998899
2026-02-19,39.84000015258789,39.849998474121094,39.150001525878906,39.310001373291016,1301460
2026-02-20,39.400001525878906,40.0099983215332,39.20000076293945,39.790000915527344,2109693
2026-02-23,39.88999938964844,41.47999954223633,39.709999084472656,41.41999816894531,4030527
2026-02-24,41.5,41.529998779296875,40.540000915527344,41.33000183105469,2846843
2026-02-25,41.33000183105469,41.369998931884766,40.27000045776367,40.470001220703125,1896571
2026-02-26,40.45000076293945,40.470001220703125,39.880001068115234,40.2599983215332,1639918
2026-02-27,40.400001525878906,40.95000076293945,40.130001068115234,40.20000076293945,3734731
2026-03-02,40.0,40.20000076293945,39.099998474121094,40.20000076293945,2199864
2026-03-03,40.209999084472656,40.27000045776367,39.060001373291016,39.34000015258789,2249260
2026-03-04,39.599998474121094,40.06999969482422,39.5099983215332,39.75,1621433
2026-03-05,39.7599983215332,40.47999954223633,39.599998474121094,39.599998474121094,3588939
2026-03-06,39.79999923706055,40.400001525878906,39.61000061035156,39.869998931884766,3480522
2026-03-09,39.5,41.36000061035156,39.2599983215332,41.20000076293945,4105045
2026-03-10,41.310001373291016,41.900001525878906,41.18000030517578,41.27000045776367,2733520
2026-03-11,41.27000045776367,41.279998779296875,40.06999969482422,40.150001525878906,2051376
2026-03-12,40.150001525878906,41.47999954223633,39.869998931884766,41.41999816894531,2762983
2026-03-13,41.400001525878906,41.849998474121094,40.9900016784668,41.189998626708984,2544053
2026-03-16,41.18000030517578,42.0,41.06999969482422,41.459999084472656,3262406
2026-03-17,41.459999084472656,41.779998779296875,41.209999084472656,41.41999816894531,2752949
2026-03-18,41.41999816894531,41.790000915527344,40.90999984741211,41.099998474121094,2808060
2026-03-19,41.0,41.08000183105469,38.08000183105469,38.5,7497825
2026-03-20,38.900001525878906,39.43000030517578,38.599998474121094,38.849998474121094,4848983
2026-03-23,38.5,39.650001525878906,37.9900016784668,39.0,3909877
2026-03-24,39.5,39.70000076293945,38.90999984741211,38.90999984741211,3748582
2026-03-25,38.900001525878906,39.54999923706055,38.720001220703125,39.54999923706055,3040586
2026-03-26,39.599998474121094,40.47999954223633,39.40999984741211,40.25,3930369
2026-03-27,35.0,35.0,32.77000045776367,32.77000045776367,25067661
2026-03-30,32.59000015258789,33.36000061035156,30.760000228881836,33.06999969482422,9103006
2026-03-31,33.0,33.5,32.029998779296875,33.380001068115234,6958879
2026-04-01,33.70000076293945,34.150001525878906,33.400001525878906,33.400001525878906,4567607
2026-04-02,33.20000076293945,33.68000030517578,32.790000915527344,33.599998474121094,4010883
2026-04-07,33.95000076293945,34.29999923706055,33.439998626708984,33.5,5292408
2026-04-08,34.400001525878906,34.880001068115234,33.97999954223633,34.040000915527344,5295509
2026-04-09,34.040000915527344,34.04999923706055,33.34000015258789,33.689998626708984,1790741
2026-04-10,34.290000915527344,34.400001525878906,33.7400016784668,34.400001525878906,4407039
2026-04-13,34.22999954223633,34.72999954223633,33.95000076293945,34.72999954223633,3947116
2026-04-14,34.790000915527344,35.400001525878906,34.5099983215332,34.810001373291016,3703542
2026-04-15,34.77000045776367,35.0,34.099998474121094,35.0,3084539
2026-04-16,35.150001525878906,35.369998931884766,34.72999954223633,34.9900016784668,2121758
2026-04-17,34.9900016784668,35.650001525878906,34.83000183105469,35.650001525878906,3622549
2026-04-20,35.599998474121094,35.599998474121094,35.040000915527344,35.040000915527344,2414037
2026-04-21,35.130001068115234,35.380001068115234,34.54999923706055,34.650001525878906,1497953
2026-04-22,34.650001525878906,34.650001525878906,33.9900016784668,34.0099983215332,2531940
2026-04-23,34.0099983215332,34.08000183105469,33.220001220703125,33.2599983215332,4079886
2026-04-24,33.5,33.849998474121094,33.29999923706055,33.47999954223633,1283300
2026-04-27,33.560001373291016,33.95000076293945,33.43000030517578,33.5,1216878
2026-04-28,33.599998474121094,33.70000076293945,32.25,32.25,2660996
2026-04-29,32.2599983215332,32.61000061035156,31.459999084472656,31.459999084472656,3297912
2026-04-30,31.639999389648438,32.27000045776367,31.229999542236328,32.060001373291016,2263716
2026-05-04,32.099998474121094,32.41999816894531,31.860000610351562,32.060001373291016,2548859
2026-05-05,32.04999923706055,32.619998931884766,31.899999618530273,32.02000045776367,3371366
2026-05-06,32.20000076293945,32.75,32.0099983215332,32.54999923706055,3889113
2026-05-07,32.650001525878906,32.7599983215332,30.84000015258789,31.020000457763672,6201317
2026-05-08,30.8799991607666,31.1299991607666,29.899999618530273,30.389999389648438,7161356
2026-05-11,30.600000381469727,30.68000030517578,29.510000228881836,29.600000381469727,3780605
2026-05-12,29.649999618530273,29.809999465942383,28.959999084472656,28.959999084472656,6629922
2026-05-13,29.15999984741211,29.200000762939453,28.239999771118164,28.5,6575247
2026-05-14,28.739999771118164,29.350000381469727,28.40999984741211,29.170000076293945,5182043
2026-05-15,33.5,34.4900016784668,31.399999618530273,32.08000183105469,14045348
2026-05-18,32.08000183105469,32.790000915527344,31.510000228881836,32.33000183105469,3140676
2026-05-19,32.630001068115234,32.75,31.899999618530273,32.29999923706055,4834683
2026-05-20,32.5,32.70000076293945,32.119998931884766,32.47999954223633,3745914
2026-05-21,32.599998474121094,32.689998626708984,31.510000228881836,31.56999969482422,3888108
2026-05-22,31.700000762939453,32.16999816894531,31.700000762939453,31.81999969482422,1504281
2026-05-25,31.829999923706055,32.29999923706055,31.81999969482422,31.8700008392334,1795739
2026-05-26,32.0,32.33000183105469,31.579999923706055,31.75,1803699
2026-05-27,31.760000228881836,32.15999984741211,31.540000915527344,31.989999771118164,2228164
2026-05-28,32.0,32.04999923706055,31.030000686645508,31.030000686645508,2443925
2026-05-29,31.290000915527344,31.920000076293945,30.649999618530273,30.799999237060547,5144914
2026-06-01,30.829999923706055,30.8700008392334,29.809999465942383,29.84000015258789,2418124
2026-06-02,30.0,30.559999465942383,29.93000030517578,29.969999313354492,2399916
2026-06-03,30.100000381469727,30.360000610351562,29.719999313354492,30.0,2265863
2026-06-05,29.200000762939453,29.75,28.700000762939453,29.549999237060547,5156908
2026-06-08,29.719999313354492,29.959999084472656,29.139999389648438,29.5,2714742
2026-06-09,29.850000381469727,30.200000762939453,29.399999618530273,30.079999923706055,2020390
2026-06-10,30.079999923706055,30.1200008392334,29.219999313354492,29.600000381469727,1740868
2026-06-11,29.600000381469727,29.790000915527344,29.290000915527344,29.6299991607666,1705753
2026-06-12,30.0,30.350000381469727,29.40999984741211,29.540000915527344,1758745
2026-06-15,30.0,30.290000915527344,29.149999618530273,29.229999542236328,2220219
2026-06-16,29.229999542236328,29.690000534057617,29.110000610351562,29.5,2377531
2026-06-17,29.860000610351562,29.860000610351562,29.200000762939453,29.459999084472656,1907778
2026-06-18,29.3799991607666,29.40999984741211,28.760000228881836,29.100000381469727,2684085
2026-06-19,29.260000228881836,29.270000457763672,28.8799991607666,29.219999313354492,3078906
2026-06-22,29.219999313354492,29.329999923706055,28.709999084472656,29.010000228881836,2028199
2026-06-23,29.149999618530273,29.299999237060547,28.549999237060547,29.100000381469727,1940812
2026-06-24,29.360000610351562,29.360000610351562,28.5,29.010000228881836,2199556
2026-06-25,29.1200008392334,29.68000030517578,28.989999771118164,29.299999237060547,2386272
2026-06-26,29.3799991607666,29.389999389648438,28.520000457763672,28.979999542236328,1899377
2026-06-29,29.110000610351562,29.280000686645508,28.559999465942383,29.280000686645508,1886680
2026-06-30,29.280000686645508,29.34000015258789,28.290000915527344,28.399999618530273,4205801
2026-07-01,28.399999618530273,29.190000534057617,28.31999969482422,29.0,2527294
2026-07-02,29.0,29.040000915527344,28.209999084472656,28.690000534057617,3468228
2026-07-03,28.65999984741211,28.829999923706055,27.309999465942383,27.700000762939453,6259809
2026-07-06,28.0,28.229999542236328,27.6299991607666,27.760000228881836,2759483
2026-07-07,27.950000762939453,27.950000762939453,27.239999771118164,27.579999923706055,5064790
2026-07-08,27.579999923706055,27.920000076293945,26.889999389648438,27.799999237060547,4729705
2026-07-09,27.940000534057617,28.40999984741211,27.700000762939453,27.75,2131696
2026-07-10,28.0,28.3799991607666,27.850000381469727,28.219999313354492,1915620
2026-07-13,28.229999542236328,28.270000457763672,27.700000762939453,27.959999084472656,2209161
2026-07-14,27.959999084472656,28.3799991607666,27.420000076293945,28.200000762939453,3813601
2026-07-15,28.149999618530273,28.899999618530273,28.020000457763672,28.549999237060547,4458158
2026-07-16,28.6200008392334,30.200000762939453,28.329999923706055,29.43000030517578,9762401
2026-07-17,29.469999313354492,29.579999923706055,28.84000015258789,29.149999618530273,4833219
2026-07-20,29.18000030517578,29.899999618530273,29.040000915527344,29.899999618530273,3491065
2026-07-21,30.0,30.1299991607666,29.549999237060547,29.780000686645508,3625743
2026-07-22,29.790000915527344,30.670000076293945,29.5,30.260000228881836,4343521
2026-07-23,30.260000228881836,30.290000915527344,28.860000610351562,28.860000610351562,4729658
2026-07-24,28.959999084472656,29.200000762939453,28.68000030517578,28.780000686645508,3895024
2026-07-27,29.100000381469727,29.969999313354492,28.84000015258789,29.969999313354492,3230518
2026-07-28,30.200000762939453,31.690000534057617,30.100000381469727,31.65999984741211,8248490
2026-07-29,31.65999984741211,31.809999465942383,31.389999389648438,31.799999237060547,2919149
2026-07-30,31.799999237060547,33.4900016784668,31.5,31.829999923706055,10035139
2026-07-31,32.27000045776367,32.27000045776367,31.610000610351562,31.989999771118164,9217329
2026-08-03,32.11000061035156,32.939998626708984,31.850000381469727,32.459999084472656,4372861
2026-08-04,32.63999938964844,32.86000061035156,32.0,32.0,5210032
2026-08-05,32.20000076293945,32.25,31.700000762939453,31.850000381469727,3503584
2026-08-06,31.989999771118164,32.599998474121094,31.959999084472656,32.029998779296875,3228906
2026-08-07,32.13999938964844,32.59000015258789,32.02000045776367,32.439998626708984,2503354
2026-08-10,32.529998779296875,33.75,32.459999084472656,33.560001373291016,5564353
2026-08-11,33.70000076293945,34.029998779296875,33.25,33.43000030517578,8200795
2026-08-12,33.56999969482422,33.91999816894531,33.33000183105469,33.380001068115234,5805185
2026-08-13,33.5,33.72999954223633,32.709999084472656,32.709999084472656,5261954
2026-08-14,32.79999923706055,32.97999954223633,32.36000061035156,32.40999984741211,3124540
2026-08-17,32.56999969482422,32.75,31.68000030517578,31.68000030517578,3227429
2026-08-18,31.65999984741211,32.75,31.6200008392334,32.470001220703125,2985005
2026-08-19,32.599998474121094,32.97999954223633,32.380001068115234,32.4900016784668,3830664
2026-08-20,32.79999923706055,32.79999923706055,32.040000915527344,32.290000915527344,3820644
2026-08-21,32.61000061035156,35.189998626708984,32.560001373291016,34.779998779296875,12798625
2026-08-24,34.7599983215332,35.5,34.380001068115234,35.04999923706055,4620556
2026-08-25,35.04999923706055,36.45000076293945,34.52000045776367,36.18000030517578,5864181
2026-08-26,36.20000076293945,36.91999816894531,35.900001525878906,36.09000015258789,4867917
2026-08-27,36.0,36.15999984741211,35.439998626708984,35.439998626708984,4152786
2026-08-28,35.45000076293945,35.88999938964844,35.0,35.560001373291016,5613447
2026-08-31,35.599998474121094,36.560001373291016,35.439998626708984,35.97999954223633,5553806
2026-09-01,35.849998474121094,36.54999923706055,35.630001068115234,36.20000076293945,4281933
2026-09-02,36.29999923706055,36.63999938964844,35.41999816894531,35.56999969482422,8681896
2026-09-03,35.400001525878906,36.18000030517578,35.099998474121094,35.84000015258789,3927864
2026-09-04,36.0,36.59000015258789,35.959999084472656,35.97999954223633,3187449
2026-09-08,36.36000061035156,37.72999954223633,36.220001220703125,37.369998931884766,6068024
2026-09-09,37.27000045776367,37.529998779296875,35.709999084472656,35.79999923706055,11113324
2026-09-10,36.0,36.0,34.86000061035156,35.0,6444097
2026-09-11,35.0,35.5099983215332,34.849998474121094,35.400001525878906,1751829
2026-09-14,35.31999969482422,35.470001220703125,34.81999969482422,35.0,2452882
2026-09-15,35.02000045776367,35.650001525878906,34.52000045776367,35.5,4561381
2026-09-17,36.0,36.150001525878906,35.81999969482422,35.97999954223633,405790
