date,open,high,low,close,volume
2021-09-17,2.5399999618530273,2.5399999618530273,2.4700000286102295,2.5299999713897705,10291
2021-09-20,2.5299999713897705,2.5299999713897705,2.4549999237060547,2.5199999809265137,12316
2021-09-21,2.509999990463257,2.549999952316284,2.4549999237060547,2.5399999618530273,7395
2021-09-22,2.5399999618530273,2.619999885559082,2.4600000381469727,2.5799999237060547,26644
2021-09-23,2.5799999237060547,2.5799999237060547,2.4800000190734863,2.4800000190734863,9364
2021-09-24,2.5399999618530273,2.5399999618530273,2.4600000381469727,2.5199999809265137,6029
2021-09-27,2.5199999809265137,2.690000057220459,2.4600000381469727,2.549999952316284,60672
2021-09-28,2.569999933242798,2.680000066757202,2.5199999809265137,2.559999942779541,15238
2021-09-29,2.5399999618530273,2.640000104904175,2.5199999809265137,2.559999942779541,4143
2021-09-30,2.5899999141693115,2.5899999141693115,2.4700000286102295,2.5799999237060547,64548
2021-10-01,2.6500000953674316,2.680000066757202,2.509999990463257,2.549999952316284,27454
2021-10-04,2.5299999713897705,2.5799999237060547,2.509999990463257,2.569999933242798,5976
2021-10-05,2.5799999237060547,2.5799999237060547,2.509999990463257,2.569999933242798,5440
2021-10-06,2.509999990463257,2.509999990463257,2.4749999046325684,2.4800000190734863,16400
2021-10-07,2.549999952316284,2.5899999141693115,2.4800000190734863,2.509999990463257,40030
2021-10-08,2.559999942779541,2.559999942779541,2.509999990463257,2.549999952316284,24588
2021-10-11,2.5,2.549999952316284,2.4800000190734863,2.549999952316284,13708
2021-10-12,2.490000009536743,2.549999952316284,2.490000009536743,2.549999952316284,13142
2021-10-13,2.549999952316284,2.549999952316284,2.4700000286102295,2.5,8935
2021-10-14,2.4600000381469727,2.549999952316284,2.450000047683716,2.5,13664
2021-10-15,2.5,2.5,2.450000047683716,2.450000047683716,1298
2021-10-18,2.484999895095825,2.5299999713897705,2.450000047683716,2.509999990463257,9229
2021-10-19,2.509999990463257,2.509999990463257,2.450000047683716,2.490000009536743,26509
2021-10-20,2.490000009536743,2.490000009536743,2.4000000953674316,2.430000066757202,15889
2021-10-21,2.4000000953674316,2.440000057220459,2.3499999046325684,2.430000066757202,17924
2021-10-22,2.424999952316284,2.484999895095825,2.359999895095825,2.440000057220459,16788
2021-10-25,2.365000009536743,2.450000047683716,2.3499999046325684,2.4000000953674316,21992
2021-10-26,2.3499999046325684,2.3499999046325684,2.0,2.299999952316284,185585
2021-10-27,2.2950000762939453,2.3499999046325684,2.200000047683716,2.325000047683716,7012
2021-10-28,2.200000047683716,2.315000057220459,2.200000047683716,2.2950000762939453,10933
2021-10-29,2.2100000381469727,2.319999933242798,2.1500000953674316,2.244999885559082,10338
2021-11-02,2.180000066757202,2.299999952316284,2.180000066757202,2.2950000762939453,5503
2021-11-03,2.1649999618530273,2.2249999046325684,2.109999895095825,2.200000047683716,16625
2021-11-04,2.194999933242798,2.380000114440918,2.134999990463257,2.325000047683716,44031
2021-11-05,2.325000047683716,2.380000114440918,2.190000057220459,2.3499999046325684,27168
2021-11-08,2.3450000286102295,2.380000114440918,2.190000057220459,2.325000047683716,22707
2021-11-09,2.2249999046325684,2.299999952316284,2.200000047683716,2.2950000762939453,9064
2021-11-10,2.2049999237060547,2.2950000762939453,2.2049999237060547,2.2899999618530273,5949
2021-11-12,2.25,2.299999952316284,2.200000047683716,2.25,11162
2021-11-15,2.2899999618530273,2.2899999618530273,2.194999933242798,2.2750000953674316,5837
2021-11-16,2.265000104904175,2.2899999618530273,2.200000047683716,2.244999885559082,6007
2021-11-17,2.200000047683716,2.244999885559082,2.194999933242798,2.240000009536743,23900
2021-11-18,2.2049999237060547,2.2899999618530273,2.194999933242798,2.2899999618530273,11288
2021-11-19,2.200000047683716,2.2750000953674316,2.190000057220459,2.25,16164
2021-11-22,2.190000057220459,2.2750000953674316,2.119999885559082,2.194999933242798,27778
2021-11-23,2.244999885559082,2.244999885559082,2.115000009536743,2.1500000953674316,30956
2021-11-24,2.119999885559082,2.2149999141693115,2.0999999046325684,2.180000066757202,17199
2021-11-25,2.180000066757202,2.200000047683716,2.069999933242798,2.190000057220459,21647
2021-11-26,2.190000057220459,2.190000057220459,2.0,2.0899999141693115,28955
2021-11-29,2.0899999141693115,2.180000066757202,1.9500000476837158,2.140000104904175,5676
2021-11-30,2.0,2.140000104904175,2.0,2.130000114440918,6011
2021-12-01,2.130000114440918,2.1649999618530273,2.059999942779541,2.1500000953674316,15317
2021-12-02,2.0999999046325684,2.2149999141693115,2.0999999046325684,2.2149999141693115,33134
2021-12-03,2.2149999141693115,2.25,2.0999999046325684,2.0999999046325684,7133
2021-12-06,2.0999999046325684,2.2300000190734863,2.059999942779541,2.1500000953674316,7252
2021-12-07,2.1500000953674316,2.2100000381469727,2.0799999237060547,2.1600000858306885,5155
2021-12-08,2.0950000286102295,2.1700000762939453,2.0950000286102295,2.1700000762939453,3772
2021-12-09,2.115000009536743,2.1700000762939453,2.075000047683716,2.1500000953674316,1832
2021-12-10,2.075000047683716,2.1700000762939453,2.075000047683716,2.140000104904175,1027
2021-12-13,2.1050000190734863,2.140000104904175,2.069999933242798,2.0999999046325684,6203
2021-12-14,2.140000104904175,2.140000104904175,2.0,2.0999999046325684,25151
2021-12-15,2.0999999046325684,2.125,2.075000047683716,2.0999999046325684,15458
2021-12-16,2.0999999046325684,2.125,2.075000047683716,2.125,3528
2021-12-17,2.125,2.125,2.075000047683716,2.119999885559082,13063
2021-12-20,2.0999999046325684,2.0999999046325684,2.009999990463257,2.0899999141693115,27634
2021-12-21,2.015000104904175,2.0999999046325684,2.009999990463257,2.0999999046325684,152976
2021-12-22,2.0299999713897705,2.0999999046325684,2.0250000953674316,2.0299999713897705,41108
2021-12-23,2.0350000858306885,2.0899999141693115,2.0,2.065000057220459,65397
2021-12-27,2.065000057220459,2.065000057220459,2.0,2.0299999713897705,55567
2021-12-28,2.0,2.190000057220459,1.9500000476837158,2.0999999046325684,60107
2021-12-29,2.180000066757202,2.184999942779541,2.059999942779541,2.184999942779541,7820
2021-12-30,2.1500000953674316,2.184999942779541,2.0899999141693115,2.180000066757202,10318
2022-01-03,2.2100000381469727,2.3399999141693115,2.109999895095825,2.2249999046325684,24719
2022-01-04,2.299999952316284,2.319999933242798,2.134999990463257,2.2799999713897705,12217
2022-01-05,2.25,2.25,2.1549999713897705,2.25,6894
2022-01-07,2.174999952316284,2.244999885559082,2.140000104904175,2.1549999713897705,9644
2022-01-10,2.1549999713897705,2.2249999046325684,2.140000104904175,2.2149999141693115,9424
2022-01-11,2.2249999046325684,2.2249999046325684,2.140000104904175,2.2200000286102295,3
2022-01-12,2.200000047683716,2.25,2.140000104904175,2.25,3376
2022-01-13,2.25,2.25,2.1600000858306885,2.200000047683716,5832
2022-01-14,2.1700000762939453,2.240000009536743,2.140000104904175,2.1449999809265137,3860
2022-01-17,2.1449999809265137,2.2300000190734863,2.109999895095825,2.130000114440918,1917
2022-01-18,2.184999942779541,2.240000009536743,2.130000114440918,2.130000114440918,3318
2022-01-19,2.1500000953674316,2.2100000381469727,2.0999999046325684,2.1649999618530273,7148
2022-01-20,2.0999999046325684,2.200000047683716,2.0999999046325684,2.115000009536743,472
2022-01-21,2.1050000190734863,2.130000114440918,2.0199999809265137,2.0199999809265137,14207
2022-01-24,2.0199999809265137,2.059999942779541,1.8899999856948853,1.9800000190734863,43253
2022-01-25,2.0199999809265137,2.0350000858306885,1.9500000476837158,2.0250000953674316,5502
2022-01-26,1.9500000476837158,2.0999999046325684,1.9500000476837158,2.055000066757202,14190
2022-01-27,2.0899999141693115,2.0999999046325684,2.0,2.0950000286102295,4310
2022-01-28,2.0999999046325684,2.0999999046325684,2.009999990463257,2.0850000381469727,2492
2022-01-31,2.015000104904175,2.140000104904175,2.015000104904175,2.134999990463257,9677
2022-02-01,2.140000104904175,2.2200000286102295,2.0799999237060547,2.190000057220459,35381
2022-02-02,2.0999999046325684,2.2049999237060547,2.0999999046325684,2.184999942779541,12533
2022-02-03,2.134999990463257,2.2049999237060547,2.134999990463257,2.194999933242798,13826
2022-02-04,2.130000114440918,2.190000057220459,2.0999999046325684,2.184999942779541,7442
2022-02-07,2.0850000381469727,2.200000047683716,2.0850000381469727,2.190000057220459,2110
2022-02-08,2.0999999046325684,2.200000047683716,2.0999999046325684,2.190000057220459,2422
2022-02-09,2.109999895095825,2.194999933242798,2.059999942779541,2.174999952316284,6247
2022-02-10,2.069999933242798,2.174999952316284,2.069999933242798,2.1700000762939453,3747
2022-02-11,2.0899999141693115,2.184999942779541,2.075000047683716,2.109999895095825,3952
2022-02-14,2.184999942779541,2.194999933242798,2.0350000858306885,2.1050000190734863,14486
2022-02-15,2.115000009536743,2.184999942779541,2.0350000858306885,2.1600000858306885,19547
2022-02-16,2.065000057220459,2.1649999618530273,2.065000057220459,2.1449999809265137,4357
2022-02-17,2.055000066757202,2.1500000953674316,2.0450000762939453,2.1050000190734863,9013
2022-02-18,2.0399999618530273,2.0850000381469727,2.0350000858306885,2.069999933242798,8116
2022-02-21,2.069999933242798,2.0799999237060547,2.015000104904175,2.059999942779541,11237
2022-02-22,2.065000057220459,2.134999990463257,2.009999990463257,2.134999990463257,5129
2022-02-23,2.015000104904175,2.0999999046325684,2.015000104904175,2.0899999141693115,3635
2022-02-24,2.0,2.0850000381469727,1.75,1.8350000381469727,49126
2022-02-25,1.850000023841858,1.934999942779541,1.850000023841858,1.9249999523162842,16497
2022-02-28,1.9249999523162842,1.940000057220459,1.850000023841858,1.934999942779541,2818
2022-03-01,1.8700000047683716,1.940000057220459,1.850000023841858,1.9249999523162842,7361
2022-03-02,1.9249999523162842,1.9249999523162842,1.815000057220459,1.9149999618530273,12235
2022-03-03,1.850000023841858,1.899999976158142,1.8350000381469727,1.8949999809265137,2573
2022-03-04,1.8350000381469727,1.934999942779541,1.7999999523162842,1.8849999904632568,19019
2022-03-07,1.8049999475479126,1.9149999618530273,1.8049999475479126,1.8849999904632568,10176
2022-03-08,1.8899999856948853,1.8899999856948853,1.8049999475479126,1.8799999952316284,5409
2022-03-09,1.8849999904632568,1.8899999856948853,1.7699999809265137,1.8899999856948853,7358
2022-03-10,1.8949999809265137,1.9249999523162842,1.840000033378601,1.9249999523162842,9452
2022-03-11,1.9249999523162842,1.9800000190734863,1.875,1.965000033378601,24078
2022-03-14,1.8200000524520874,1.9600000381469727,1.8200000524520874,1.9500000476837158,2523
2022-03-15,1.965000033378601,1.965000033378601,1.8650000095367432,1.934999942779541,2653
2022-03-16,1.8849999904632568,1.965000033378601,1.8849999904632568,1.965000033378601,9262
2022-03-17,1.9700000286102295,2.0950000286102295,1.8650000095367432,2.0799999237060547,34870
2022-03-18,2.0799999237060547,2.0899999141693115,1.9700000286102295,2.0450000762939453,27343
2022-03-21,2.0399999618530273,2.059999942779541,1.9199999570846558,2.059999942779541,18078
2022-03-22,2.059999942779541,2.059999942779541,1.9700000286102295,2.055000066757202,19022
2022-03-23,2.055000066757202,2.059999942779541,1.9500000476837158,2.049999952316284,4576
2022-03-24,1.9700000286102295,2.055000066757202,1.9700000286102295,2.055000066757202,5947
2022-03-25,1.9900000095367432,2.055000066757202,1.9900000095367432,2.049999952316284,2063
2022-03-28,2.059999942779541,2.0850000381469727,2.005000114440918,2.0850000381469727,14910
2022-03-29,2.0850000381469727,2.0850000381469727,2.0299999713897705,2.0850000381469727,15555
2022-03-30,2.0299999713897705,2.0850000381469727,2.0299999713897705,2.0799999237060547,2439
2022-03-31,2.0299999713897705,2.075000047683716,2.0250000953674316,2.069999933242798,5346
2022-04-01,2.0250000953674316,2.0799999237060547,2.005000114440918,2.0350000858306885,3079
2022-04-04,2.009999990463257,2.069999933242798,2.009999990463257,2.069999933242798,17259
2022-04-05,2.015000104904175,2.0799999237060547,2.005000114440918,2.049999952316284,13030
2022-04-06,2.009999990463257,2.049999952316284,2.0,2.049999952316284,8971
2022-04-07,2.009999990463257,2.049999952316284,2.009999990463257,2.049999952316284,0
2022-04-08,2.009999990463257,2.075000047683716,1.975000023841858,2.069999933242798,18506
2022-04-11,2.015000104904175,2.049999952316284,2.015000104904175,2.049999952316284,5567
2022-04-12,2.015000104904175,2.075000047683716,2.0,2.075000047683716,5520
2022-04-13,2.0899999141693115,2.0899999141693115,2.0250000953674316,2.069999933242798,8224
2022-04-14,2.059999942779541,2.059999942779541,2.0250000953674316,2.0399999618530273,2679
2022-04-19,2.0399999618530273,2.059999942779541,2.0,2.059999942779541,16129
2022-04-20,2.049999952316284,2.049999952316284,2.005000114440918,2.049999952316284,4268
2022-04-21,2.0399999618530273,2.049999952316284,2.009999990463257,2.049999952316284,5508
2022-04-22,2.009999990463257,2.0450000762939453,2.0,2.0450000762939453,15278
2022-04-25,2.0350000858306885,2.049999952316284,1.899999976158142,2.0,23257
2022-04-26,1.9149999618530273,2.049999952316284,1.909999966621399,2.0,16601
2022-04-27,1.909999966621399,1.9924999475479126,1.899999976158142,1.9500000476837158,9777
2022-04-28,1.899999976158142,1.9500000476837158,1.8550000190734863,1.9500000476837158,3376
2022-04-29,1.9924999475479126,1.9924999475479126,1.909999966621399,1.9850000143051147,11391
2022-05-02,1.909999966621399,1.975000023841858,1.909999966621399,1.975000023841858,8001
2022-05-04,1.9500000476837158,1.9924999475479126,1.9500000476837158,1.9924999475479126,2067
2022-05-05,1.9500000476837158,1.9924999475479126,1.909999966621399,1.9924999475479126,4461
2022-05-06,1.9500000476837158,1.9900000095367432,1.909999966621399,1.9700000286102295,22275
2022-05-09,1.9149999618530273,1.9700000286102295,1.909999966621399,1.9500000476837158,6925
2022-05-10,1.9700000286102295,1.9700000286102295,1.909999966621399,1.9149999618530273,3907
2022-05-11,1.9500000476837158,1.9700000286102295,1.9149999618530273,1.9700000286102295,11807
2022-05-12,1.9700000286102295,1.9700000286102295,1.899999976158142,1.9500000476837158,12960
2022-05-13,1.9700000286102295,1.9700000286102295,1.899999976158142,1.9249999523162842,11209
2022-05-16,1.9700000286102295,1.9700000286102295,1.774999976158142,1.9500000476837158,12189
2022-05-17,1.9500000476837158,1.9924999475479126,1.899999976158142,1.9924999475479126,8452
2022-05-18,1.9249999523162842,1.9924999475479126,1.9249999523162842,1.9924999475479126,155
2022-05-19,1.9500000476837158,1.9924999475479126,1.9500000476837158,1.9924999475479126,2300
2022-05-20,1.9500000476837158,1.9900000095367432,1.9500000476837158,1.9900000095367432,106
2022-05-23,1.9500000476837158,1.9924999475479126,1.9500000476837158,1.9924999475479126,6525
2022-05-24,1.9500000476837158,1.9924999475479126,1.9500000476837158,1.9924999475479126,1002
2022-05-25,1.9500000476837158,1.9900000095367432,1.9500000476837158,1.9900000095367432,734
2022-05-26,1.9900000095367432,2.0399999618530273,1.9500000476837158,2.0399999618530273,8426
2022-05-27,2.0,2.0399999618530273,1.9550000429153442,2.0,2575
2022-05-30,1.965000033378601,2.0,1.965000033378601,2.0,986
2022-05-31,1.997499942779541,1.997499942779541,1.9700000286102295,1.9700000286102295,406
2022-06-01,1.850000023841858,1.975000023841858,1.8200000524520874,1.975000023841858,13771
2022-06-02,1.840000033378601,1.9500000476837158,1.840000033378601,1.9500000476837158,430
2022-06-03,1.8550000190734863,1.9500000476837158,1.8550000190734863,1.9450000524520874,2890
2022-06-06,1.9450000524520874,1.9450000524520874,1.8949999809265137,1.9450000524520874,521
2022-06-07,1.9500000476837158,1.975000023841858,1.8650000095367432,1.9450000524520874,5002
2022-06-08,1.9049999713897705,1.975000023841858,1.8700000047683716,1.975000023841858,255
2022-06-09,1.9474999904632568,1.972499966621399,1.9474999904632568,1.972499966621399,167
2022-06-10,1.877500057220459,1.972499966621399,1.877500057220459,1.972499966621399,134
2022-06-13,1.975000023841858,1.9900000095367432,1.940000057220459,1.9500000476837158,5342
2022-06-14,1.9850000143051147,1.9850000143051147,1.8899999856948853,1.940000057220459,1655
2022-06-15,1.9800000190734863,1.9800000190734863,1.9800000190734863,1.9800000190734863,0
2022-06-17,1.8899999856948853,1.9800000190734863,1.8899999856948853,1.9800000190734863,1798
2022-06-20,1.9500000476837158,1.9500000476837158,1.9500000476837158,1.9500000476837158,138
2022-06-21,1.8975000381469727,1.9800000190734863,1.8975000381469727,1.9774999618530273,893
2022-06-22,1.902500033378601,1.972499966621399,1.902500033378601,1.972499966621399,308
2022-06-23,1.972499966621399,1.972499966621399,1.972499966621399,1.972499966621399,0
2022-06-24,1.972499966621399,1.972499966621399,1.972499966621399,1.972499966621399,0
2022-06-27,1.899999976158142,1.975000023841858,1.8049999475479126,1.975000023841858,9459
2022-06-28,1.8224999904632568,1.972499966621399,1.8224999904632568,1.9500000476837158,1106
2022-06-29,1.875,1.9524999856948853,1.850000023841858,1.9500000476837158,889
2022-06-30,1.975000023841858,1.975000023841858,1.850000023841858,1.9500000476837158,1532
2022-07-01,1.850000023841858,1.940000057220459,1.850000023841858,1.9299999475479126,4732
2022-07-04,1.8600000143051147,1.9299999475479126,1.8600000143051147,1.9299999475479126,34
2022-07-05,1.8600000143051147,1.9574999809265137,1.815000057220459,1.9574999809265137,9157
2022-07-06,1.8125,1.9474999904632568,1.8125,1.9474999904632568,96
2022-07-07,1.8174999952316284,1.9450000524520874,1.815000057220459,1.940000057220459,8663
2022-07-08,1.850000023841858,1.9299999475479126,1.850000023841858,1.9299999475479126,726
2022-07-11,1.8600000143051147,1.9450000524520874,1.8600000143051147,1.940000057220459,1546
2022-07-12,1.875,1.9450000524520874,1.875,1.9450000524520874,1568
2022-07-13,1.8799999952316284,1.9424999952316284,1.8799999952316284,1.8799999952316284,1010
2022-07-14,1.899999976158142,1.9474999904632568,1.8524999618530273,1.9474999904632568,6295
2022-07-15,1.899999976158142,1.899999976158142,1.8574999570846558,1.899999976158142,327
2022-07-18,1.8650000095367432,1.9474999904632568,1.8650000095367432,1.940000057220459,5460
2022-07-19,1.9500000476837158,1.9500000476837158,1.850000023841858,1.9199999570846558,7334
2022-07-20,1.9199999570846558,1.934999942779541,1.875,1.9199999570846558,4344
2022-07-21,1.899999976158142,1.9375,1.875,1.8849999904632568,702
2022-07-22,1.899999976158142,1.9474999904632568,1.8600000143051147,1.909999966621399,14140
2022-07-25,1.9199999570846558,1.9199999570846558,1.850000023841858,1.9049999713897705,8316
2022-07-26,1.9049999713897705,1.909999966621399,1.8300000429153442,1.875,15278
2022-07-27,1.8524999618530273,1.9049999713897705,1.8524999618530273,1.9049999713897705,365
2022-07-28,1.875,1.899999976158142,1.8650000095367432,1.8925000429153442,1293
2022-07-29,1.8949999809265137,1.899999976158142,1.8650000095367432,1.899999976158142,1534
2022-08-01,1.899999976158142,1.899999976158142,1.8650000095367432,1.8975000381469727,6391
2022-08-02,1.8524999618530273,1.899999976158142,1.809999942779541,1.899999976158142,5002
2022-08-03,1.875,1.899999976158142,1.8250000476837158,1.8574999570846558,8795
2022-08-04,1.875,1.899999976158142,1.875,1.899999976158142,7111
2022-08-05,1.8550000190734863,1.899999976158142,1.8550000190734863,1.8949999809265137,49
2022-08-08,1.8949999809265137,1.8949999809265137,1.8600000143051147,1.8949999809265137,489
2022-08-09,1.8650000095367432,1.8949999809265137,1.8650000095367432,1.8949999809265137,1031
2022-08-10,1.8650000095367432,1.8949999809265137,1.8650000095367432,1.8949999809265137,1171
2022-08-11,1.8650000095367432,1.8949999809265137,1.8600000143051147,1.8949999809265137,6000
2022-08-12,1.8600000143051147,1.8949999809265137,1.8600000143051147,1.8949999809265137,45
2022-08-16,1.875,1.8949999809265137,1.8600000143051147,1.8949999809265137,759
2022-08-17,1.8624999523162842,1.8949999809265137,1.8624999523162842,1.8949999809265137,27
2022-08-18,1.8600000143051147,1.8949999809265137,1.8600000143051147,1.8949999809265137,33
2022-08-19,1.8949999809265137,1.8949999809265137,1.8600000143051147,1.8899999856948853,2574
2022-08-22,1.8550000190734863,1.875,1.8274999856948853,1.8700000047683716,11848
2022-08-23,1.850000023841858,1.8849999904632568,1.850000023841858,1.8849999904632568,3225
2022-08-24,1.850000023841858,1.8825000524520874,1.850000023841858,1.8825000524520874,16674
2022-08-25,1.850000023841858,1.8825000524520874,1.850000023841858,1.8799999952316284,1823
2022-08-26,1.8799999952316284,1.8799999952316284,1.8250000476837158,1.8700000047683716,1554
2022-08-29,1.8250000476837158,1.8825000524520874,1.8250000476837158,1.8700000047683716,874
2022-08-30,1.8250000476837158,1.8700000047683716,1.8200000524520874,1.8674999475479126,1782
2022-08-31,1.7999999523162842,1.8650000095367432,1.7999999523162842,1.8600000143051147,878
2022-09-01,1.8025000095367432,1.8650000095367432,1.8025000095367432,1.850000023841858,464
2022-09-02,1.850000023841858,1.850000023841858,1.8025000095367432,1.850000023841858,1638
2022-09-05,1.8025000095367432,1.847499966621399,1.7999999523162842,1.847499966621399,826
2022-09-06,1.8025000095367432,1.850000023841858,1.7999999523162842,1.850000023841858,3052
2022-09-07,1.850000023841858,1.850000023841858,1.8075000047683716,1.850000023841858,24
2022-09-08,1.809999942779541,1.850000023841858,1.809999942779541,1.840000033378601,390
2022-09-09,1.8200000524520874,1.9199999570846558,1.8049999475479126,1.8450000286102295,70217
2022-09-12,1.8049999475479126,1.8450000286102295,1.8049999475479126,1.8125,7741
2022-09-13,1.809999942779541,1.8450000286102295,1.8025000095367432,1.8350000381469727,3552
2022-09-14,1.8075000047683716,1.8424999713897705,1.8049999475479126,1.840000033378601,2
2022-09-15,1.809999942779541,1.8424999713897705,1.809999942779541,1.8424999713897705,1
2022-09-16,1.840000033378601,1.9199999570846558,1.809999942779541,1.9149999618530273,10496
2022-09-19,1.8250000476837158,1.9199999570846558,1.8250000476837158,1.9199999570846558,2177
2022-09-20,1.840000033378601,1.9424999952316284,1.840000033378601,1.9424999952316284,22329
2022-09-21,1.8799999952316284,2.0999999046325684,1.875,2.049999952316284,8092
2022-09-22,2.0924999713897705,2.190000057220459,1.8849999904632568,2.130000114440918,20168
2022-09-23,2.130000114440918,2.130000114440918,1.9700000286102295,2.055000066757202,2994
2022-09-26,2.055000066757202,2.112499952316284,1.9700000286102295,2.0875000953674316,1363
2022-09-27,2.0875000953674316,2.0875000953674316,2.059999942779541,2.059999942779541,802
2022-09-28,2.059999942779541,2.0850000381469727,1.9700000286102295,2.049999952316284,954
2022-09-29,2.0850000381469727,2.0850000381469727,2.0,2.0850000381469727,2640
2022-09-30,2.0,2.0625,1.9500000476837158,2.055000066757202,7571
2022-10-03,1.940000057220459,2.057499885559082,1.940000057220459,2.055000066757202,617
2022-10-04,2.057499885559082,2.057499885559082,1.965000033378601,2.047499895095825,377
2022-10-05,2.047499895095825,2.047499895095825,1.965000033378601,2.047499895095825,321
2022-10-06,1.965000033378601,2.047499895095825,1.965000033378601,2.0425000190734863,195
2022-10-07,1.9700000286102295,2.0425000190734863,1.9700000286102295,2.0425000190734863,119
2022-10-10,1.9824999570846558,2.0374999046325684,1.9550000429153442,2.0299999713897705,2069
2022-10-11,1.9550000429153442,2.0450000762939453,1.8350000381469727,2.0225000381469727,11937
2022-10-12,1.9574999809265137,2.0225000381469727,1.9574999809265137,2.0225000381469727,475
2022-10-13,2.0225000381469727,2.0225000381469727,2.0225000381469727,2.0225000381469727,53
2022-10-14,1.9550000429153442,2.015000104904175,1.9500000476837158,2.015000104904175,3635
2022-10-17,2.015000104904175,2.015000104904175,1.9500000476837158,2.015000104904175,589
2022-10-18,2.005000114440918,2.009999990463257,1.9500000476837158,2.0,8761
2022-10-19,2.0,2.0,1.9550000429153442,1.9950000047683716,1269
2022-10-20,1.9950000047683716,1.9950000047683716,1.9500000476837158,1.9500000476837158,2120
2022-10-21,1.9950000047683716,1.9950000047683716,1.940000057220459,1.9900000095367432,1531
2022-10-24,1.9900000095367432,1.9900000095367432,1.940000057220459,1.9824999570846558,1069
2022-10-25,1.9500000476837158,2.015000104904175,1.9500000476837158,2.015000104904175,829
2022-10-26,2.009999990463257,2.0450000762939453,1.9299999475479126,2.0450000762939453,5735
2022-10-27,2.0450000762939453,2.0450000762939453,2.0450000762939453,2.0450000762939453,77
2022-10-28,2.0450000762939453,2.049999952316284,1.9550000429153442,2.0250000953674316,1869
2022-10-31,2.049999952316284,2.069999933242798,2.049999952316284,2.049999952316284,4306
2022-11-02,2.049999952316284,2.069999933242798,1.9600000381469727,2.069999933242798,7559
2022-11-03,2.069999933242798,2.069999933242798,1.9700000286102295,2.049999952316284,2183
2022-11-04,2.065000057220459,2.065000057220459,2.0450000762939453,2.0450000762939453,61
2022-11-07,1.975000023841858,2.069999933242798,1.9700000286102295,2.0399999618530273,9796
2022-11-08,2.0399999618530273,2.069999933242798,1.940000057220459,2.0450000762939453,10210
2022-11-09,1.9524999856948853,2.067500114440918,1.9524999856948853,2.0625,109
2022-11-10,2.0625,2.0625,1.9524999856948853,2.0250000953674316,1132
2022-11-14,2.049999952316284,2.049999952316284,1.9600000381469727,2.049999952316284,1885
2022-11-15,2.049999952316284,2.049999952316284,1.9674999713897705,2.0,2105
2022-11-16,2.0,2.0,1.9550000429153442,1.9950000047683716,64
2022-11-17,2.0,2.0,2.0,2.0,63
2022-11-18,2.0,2.0,1.9049999713897705,1.9950000047683716,12375
2022-11-21,1.9950000047683716,1.9950000047683716,1.9299999475479126,1.9850000143051147,11156
2022-11-22,1.9900000095367432,2.0,1.9900000095367432,2.0,388
2022-11-23,1.9524999856948853,2.0199999809265137,1.9500000476837158,2.0199999809265137,3381
2022-11-24,1.9500000476837158,2.015000104904175,1.9500000476837158,2.015000104904175,289
2022-11-25,1.9550000429153442,2.015000104904175,1.9550000429153442,2.015000104904175,1068
2022-11-28,2.009999990463257,2.009999990463257,1.9550000429153442,1.9950000047683716,2620
2022-11-29,1.9500000476837158,1.9950000047683716,1.9500000476837158,1.9900000095367432,670
2022-11-30,1.9900000095367432,1.9900000095367432,1.9500000476837158,1.9900000095367432,2614
2022-12-01,1.9550000429153442,1.9950000047683716,1.9500000476837158,1.9924999475479126,11030
2022-12-02,1.9924999475479126,1.9924999475479126,1.9500000476837158,1.9900000095367432,401
2022-12-05,1.9924999475479126,1.9924999475479126,1.9424999952316284,1.9824999570846558,3718
2022-12-06,1.9424999952316284,1.9824999570846558,1.9424999952316284,1.9824999570846558,77
2022-12-07,1.9824999570846558,1.9850000143051147,1.9424999952316284,1.9774999618530273,398
2022-12-08,1.9800000190734863,1.9800000190734863,1.9325000047683716,1.9424999952316284,6814
2022-12-09,1.9774999618530273,1.9774999618530273,1.940000057220459,1.9774999618530273,307
2022-12-12,1.9774999618530273,1.9774999618530273,1.9774999618530273,1.9774999618530273,55
2022-12-13,1.940000057220459,1.9774999618530273,1.940000057220459,1.975000023841858,193
2022-12-14,1.9424999952316284,1.975000023841858,1.9424999952316284,1.975000023841858,2105
2022-12-15,1.975000023841858,2.0,1.940000057220459,1.9900000095367432,4604
2022-12-16,1.940000057220459,1.9874999523162842,1.9299999475479126,1.9500000476837158,3382
2022-12-19,1.9874999523162842,1.9874999523162842,1.8300000429153442,1.9500000476837158,17483
2022-12-20,1.9049999713897705,1.975000023841858,1.9049999713897705,1.9424999952316284,1405
2022-12-21,1.972499966621399,1.972499966621399,1.899999976158142,1.9574999809265137,8577
2022-12-22,1.9199999570846558,1.962499976158142,1.909999966621399,1.9600000381469727,3558
2022-12-23,1.965000033378601,1.965000033378601,1.9199999570846558,1.9524999856948853,6232
2022-12-27,1.9275000095367432,1.965000033378601,1.909999966621399,1.909999966621399,6899
2022-12-28,1.9249999523162842,1.9550000429153442,1.8949999809265137,1.9249999523162842,6746
2022-12-29,1.9249999523162842,1.9450000524520874,1.8799999952316284,1.8949999809265137,23184
2022-12-30,1.8949999809265137,1.940000057220459,1.8600000143051147,1.934999942779541,7434
2023-01-02,1.934999942779541,1.9700000286102295,1.8624999523162842,1.962499976158142,3617
2023-01-03,1.9674999713897705,1.9674999713897705,1.899999976158142,1.9500000476837158,2911
2023-01-04,1.9500000476837158,1.9574999809265137,1.9075000286102295,1.9075000286102295,3818
2023-01-05,1.9500000476837158,1.9500000476837158,1.902500033378601,1.940000057220459,11740
2023-01-09,1.9049999713897705,1.9424999952316284,1.9049999713897705,1.9299999475479126,68739
2023-01-10,1.9299999475479126,1.9299999475479126,1.899999976158142,1.9299999475479126,15183
2023-01-11,1.9275000095367432,1.9275000095367432,1.899999976158142,1.9275000095367432,3790
2023-01-12,1.9299999475479126,1.934999942779541,1.899999976158142,1.9299999475479126,17341
2023-01-13,1.902500033378601,1.9275000095367432,1.8925000429153442,1.899999976158142,6329
2023-01-16,1.9225000143051147,1.9225000143051147,1.8899999856948853,1.9225000143051147,6337
2023-01-17,1.9175000190734863,1.9199999570846558,1.8899999856948853,1.9175000190734863,765
2023-01-18,1.9175000190734863,1.9249999523162842,1.8899999856948853,1.9249999523162842,3170
2023-01-19,1.9249999523162842,1.9249999523162842,1.8925000429153442,1.9225000143051147,513
2023-01-20,1.9225000143051147,1.9225000143051147,1.8949999809265137,1.9049999713897705,457
2023-01-23,1.9049999713897705,1.9275000095367432,1.8925000429153442,1.9175000190734863,3020
2023-01-24,1.9199999570846558,1.9199999570846558,1.8925000429153442,1.912500023841858,2079
2023-01-25,1.9199999570846558,1.9199999570846558,1.8250000476837158,1.912500023841858,56988
2023-01-26,1.9175000190734863,1.9175000190734863,1.8949999809265137,1.8949999809265137,55
2023-01-27,1.912500023841858,1.9149999618530273,1.899999976158142,1.9149999618530273,529
2023-01-30,1.9149999618530273,1.9149999618530273,1.8799999952316284,1.899999976158142,4363
2023-01-31,1.899999976158142,1.9149999618530273,1.8899999856948853,1.9149999618530273,3706
2023-02-01,1.9275000095367432,1.9275000095367432,1.9249999523162842,1.9249999523162842,203
2023-02-02,1.9249999523162842,1.9249999523162842,1.9049999713897705,1.9249999523162842,2939
2023-02-03,1.9275000095367432,1.9574999809265137,1.899999976158142,1.9574999809265137,6206
2023-02-06,1.965000033378601,1.9700000286102295,1.9299999475479126,1.965000033378601,4727
2023-02-07,1.965000033378601,1.965000033378601,1.9299999475479126,1.9600000381469727,1186
2023-02-08,1.9600000381469727,1.9600000381469727,1.8849999904632568,1.9600000381469727,22144
2023-02-09,1.9500000476837158,1.9550000429153442,1.9500000476837158,1.9550000429153442,1930
2023-02-10,1.9550000429153442,1.9550000429153442,1.8949999809265137,1.9550000429153442,809
2023-02-13,1.899999976158142,1.9550000429153442,1.899999976158142,1.940000057220459,10067
2023-02-14,1.902500033378601,1.9225000143051147,1.850000023841858,1.877500057220459,25290
2023-02-15,1.9149999618530273,1.9149999618530273,1.8825000524520874,1.912500023841858,258
2023-02-16,1.909999966621399,1.909999966621399,1.8899999856948853,1.909999966621399,73
2023-02-17,1.909999966621399,1.909999966621399,1.8450000286102295,1.899999976158142,47583
2023-02-20,1.8825000524520874,1.9049999713897705,1.8450000286102295,1.8799999952316284,16120
2023-02-21,1.8799999952316284,1.8949999809265137,1.815000057220459,1.8450000286102295,55453
2023-02-22,1.8700000047683716,1.8700000047683716,1.809999942779541,1.8250000476837158,6578
2023-02-23,1.8700000047683716,1.8700000047683716,1.7899999618530273,1.7999999523162842,22951
2023-02-24,1.8674999475479126,1.8674999475479126,1.75,1.8600000143051147,81800
2023-02-27,1.847499966621399,1.872499942779541,1.7925000190734863,1.872499942779541,2551
2023-02-28,1.8700000047683716,1.8875000476837158,1.8300000429153442,1.8875000476837158,8942
2023-03-01,1.8875000476837158,1.8875000476837158,1.837499976158142,1.8875000476837158,820
2023-03-02,1.8875000476837158,1.8875000476837158,1.815000057220459,1.8875000476837158,1065
2023-03-03,1.8875000476837158,1.8875000476837158,1.8250000476837158,1.8825000524520874,1284
2023-03-06,1.8250000476837158,1.8849999904632568,1.8250000476837158,1.872499942779541,1669
2023-03-07,1.872499942779541,1.872499942779541,1.815000057220459,1.872499942779541,5275
2023-03-08,1.8075000047683716,1.875,1.8075000047683716,1.8650000095367432,3965
2023-03-09,1.8650000095367432,1.8650000095367432,1.8075000047683716,1.8650000095367432,4930
2023-03-10,1.8650000095367432,1.8650000095367432,1.8650000095367432,1.8650000095367432,39
2023-03-13,1.8650000095367432,1.8650000095367432,1.8075000047683716,1.8650000095367432,2542
2023-03-14,1.8650000095367432,1.8650000095367432,1.815000057220459,1.8650000095367432,300
2023-03-15,1.815000057220459,1.8574999570846558,1.8125,1.8550000190734863,2306
2023-03-16,1.8524999618530273,1.8524999618530273,1.784999966621399,1.8424999713897705,2058
2023-03-17,1.837499976158142,1.840000033378601,1.7925000190734863,1.840000033378601,762
2023-03-20,1.837499976158142,1.837499976158142,1.784999966621399,1.8350000381469727,2466
2023-03-21,1.8274999856948853,1.8650000095367432,1.7599999904632568,1.8574999570846558,9775
2023-03-22,1.8825000524520874,1.8825000524520874,1.8075000047683716,1.8799999952316284,47
2023-03-23,1.8825000524520874,1.8825000524520874,1.872499942779541,1.872499942779541,348
2023-03-24,1.8825000524520874,1.8825000524520874,1.8825000524520874,1.8825000524520874,232
2023-03-27,1.8849999904632568,1.9199999570846558,1.8075000047683716,1.909999966621399,20069
2023-03-28,1.909999966621399,1.909999966621399,1.8250000476837158,1.899999976158142,989
2023-03-29,1.899999976158142,1.899999976158142,1.8300000429153442,1.850000023841858,345
2023-03-30,1.8949999809265137,1.8949999809265137,1.8300000429153442,1.8949999809265137,6121
2023-03-31,1.8350000381469727,1.8975000381469727,1.8324999809265137,1.8899999856948853,1776
2023-04-03,1.8875000476837158,1.8899999856948853,1.8250000476837158,1.875,3474
2023-04-04,1.875,1.875,1.8250000476837158,1.8450000286102295,1310
2023-04-05,1.8424999713897705,1.872499942779541,1.7949999570846558,1.872499942779541,4342
2023-04-06,1.872499942779541,1.872499942779541,1.809999942779541,1.8650000095367432,13370
2023-04-11,1.8650000095367432,1.875,1.8250000476837158,1.875,2357
2023-04-12,1.875,1.875,1.872499942779541,1.872499942779541,844
2023-04-13,1.850000023841858,1.872499942779541,1.8250000476837158,1.872499942779541,483
2023-04-14,1.875,1.9199999570846558,1.875,1.9199999570846558,14239
2023-04-17,1.899999976158142,1.9299999475479126,1.8799999952316284,1.9299999475479126,5739
2023-04-18,1.9299999475479126,1.9674999713897705,1.875,1.9674999713897705,9028
2023-04-19,1.965000033378601,1.9674999713897705,1.9299999475479126,1.9674999713897705,2503
2023-04-20,1.9600000381469727,1.9600000381469727,1.8600000143051147,1.9500000476837158,4583
2023-04-21,1.9500000476837158,1.9500000476837158,1.8600000143051147,1.9500000476837158,4389
2023-04-24,1.965000033378601,2.369999885559082,1.965000033378601,2.2249999046325684,98227
2023-04-25,2.2249999046325684,2.2899999618530273,2.1050000190734863,2.200000047683716,40727
2023-04-26,2.200000047683716,2.25,2.109999895095825,2.200000047683716,29965
2023-04-27,2.2149999141693115,2.2249999046325684,2.0799999237060547,2.2200000286102295,11952
2023-04-28,2.2049999237060547,2.2149999141693115,2.0,2.075000047683716,23679
2023-05-02,2.140000104904175,2.140000104904175,2.0799999237060547,2.140000104904175,3207
2023-05-04,2.130000114440918,2.140000104904175,2.0799999237060547,2.134999990463257,4514
2023-05-05,2.130000114440918,2.130000114440918,2.0850000381469727,2.119999885559082,2107
2023-05-08,2.0899999141693115,2.134999990463257,2.0850000381469727,2.125,6941
2023-05-09,2.125,2.1600000858306885,2.125,2.1600000858306885,7572
2023-05-10,2.1500000953674316,2.244999885559082,2.1500000953674316,2.2249999046325684,8183
2023-05-11,2.2200000286102295,2.2249999046325684,2.130000114440918,2.2249999046325684,19362
2023-05-12,2.2249999046325684,2.240000009536743,2.2249999046325684,2.240000009536743,6864
2023-05-15,2.244999885559082,2.2750000953674316,2.184999942779541,2.25,24896
2023-05-16,2.25,2.25,2.2149999141693115,2.25,48065
2023-05-17,2.25,2.265000104904175,2.2149999141693115,2.265000104904175,12873
2023-05-18,2.265000104904175,2.265000104904175,2.2249999046325684,2.265000104904175,3018
2023-05-19,2.265000104904175,2.265000104904175,2.2249999046325684,2.25,22181
2023-05-22,2.265000104904175,2.3450000286102295,2.2249999046325684,2.299999952316284,57320
2023-05-23,2.3299999237060547,2.3450000286102295,2.2750000953674316,2.299999952316284,21438
2023-05-24,2.3450000286102295,2.3450000286102295,2.299999952316284,2.3350000381469727,24383
2023-05-25,2.3499999046325684,2.430000066757202,2.319999933242798,2.430000066757202,80673
2023-05-26,2.4200000762939453,2.7699999809265137,2.4200000762939453,2.700000047683716,111733
2023-05-29,2.740000009536743,3.009999990463257,2.700000047683716,2.8299999237060547,176894
2023-05-30,2.9600000381469727,3.0799999237060547,2.9000000953674316,2.950000047683716,43011
2023-05-31,2.950000047683716,2.950000047683716,2.880000114440918,2.940000057220459,77048
2023-06-01,2.940000057220459,2.940000057220459,2.880000114440918,2.880000114440918,38076
2023-06-02,2.890000104904175,2.930000066757202,2.880000114440918,2.9200000762939453,67622
2023-06-05,2.9100000858306885,2.930000066757202,2.880000114440918,2.930000066757202,37919
2023-06-06,2.930000066757202,3.0199999809265137,2.880000114440918,3.0199999809265137,13751
2023-06-07,3.0199999809265137,3.200000047683716,2.9000000953674316,3.1500000953674316,32989
2023-06-09,3.0999999046325684,3.0999999046325684,3.0,3.0999999046325684,4898
2023-06-12,3.0899999141693115,3.0899999141693115,2.9200000762939453,3.0399999618530273,15519
2023-06-13,2.9100000858306885,3.130000114440918,2.890000104904175,3.0399999618530273,15760
2023-06-14,2.9100000858306885,3.0199999809265137,2.6500000953674316,2.8499999046325684,17499
2023-06-15,2.799999952316284,2.8299999237060547,2.619999885559082,2.740000009536743,27636
2023-06-16,2.700000047683716,2.9000000953674316,2.6600000858306885,2.799999952316284,4422
2023-06-19,2.799999952316284,2.890000104904175,2.680000066757202,2.890000104904175,3731
2023-06-20,2.880000114440918,2.990000009536743,2.7300000190734863,2.9800000190734863,6143
2023-06-21,2.950000047683716,2.990000009536743,2.8499999046325684,2.9800000190734863,12873
2023-06-22,2.9800000190734863,2.9800000190734863,2.8299999237060547,2.950000047683716,5060
2023-06-23,2.950000047683716,2.950000047683716,2.8399999141693115,2.950000047683716,915
2023-06-26,2.819999933242798,2.9000000953674316,2.75,2.890000104904175,7057
2023-06-27,2.7699999809265137,2.890000104904175,2.700000047683716,2.859999895095825,5180
2023-06-28,2.75,2.869999885559082,2.7200000286102295,2.799999952316284,1805
2023-06-29,2.7300000190734863,2.880000114440918,2.6500000953674316,2.75,13322
2023-06-30,2.740000009536743,2.75,2.569999933242798,2.680000066757202,27294
2023-07-03,2.680000066757202,2.680000066757202,2.5,2.5,28951
2023-07-04,2.5,2.740000009536743,2.5,2.700000047683716,11821
2023-07-05,2.700000047683716,2.890000104904175,2.609999895095825,2.799999952316284,9491
2023-07-06,2.799999952316284,2.890000104904175,2.640000104904175,2.8299999237060547,3505
2023-07-07,2.700000047683716,2.819999933242798,2.609999895095825,2.7699999809265137,3942
2023-07-10,2.75,2.809999942779541,2.630000114440918,2.799999952316284,2669
2023-07-11,2.6600000858306885,2.809999942779541,2.6600000858306885,2.809999942779541,2856
2023-07-12,2.809999942779541,2.809999942779541,2.6600000858306885,2.7699999809265137,5419
2023-07-13,2.6700000762939453,2.75,2.6500000953674316,2.740000009536743,6702
2023-07-14,2.6600000858306885,2.7200000286102295,2.6600000858306885,2.700000047683716,1389
2023-07-17,2.6600000858306885,2.75,2.640000104904175,2.75,6564
2023-07-18,2.680000066757202,2.799999952316284,2.680000066757202,2.75,8920
2023-07-19,2.799999952316284,2.819999933242798,2.690000057220459,2.799999952316284,4227
2023-07-20,2.700000047683716,2.7899999618530273,2.680000066757202,2.7899999618530273,1924
2023-07-21,2.690000057220459,2.799999952316284,2.690000057220459,2.75,1876
2023-07-24,2.7899999618530273,2.799999952316284,2.680000066757202,2.75,4500
2023-07-25,2.799999952316284,2.799999952316284,2.6700000762939453,2.6700000762939453,3800
2023-07-26,2.680000066757202,2.7899999618530273,2.6600000858306885,2.7300000190734863,9106
2023-07-27,2.6700000762939453,2.7200000286102295,2.6600000858306885,2.7200000286102295,1702
2023-07-28,2.6700000762939453,2.75,2.6600000858306885,2.700000047683716,3477
2023-07-31,2.6700000762939453,2.75,2.6700000762939453,2.7300000190734863,1503
2023-08-01,2.700000047683716,2.7899999618530273,2.640000104904175,2.7799999713897705,10604
2023-08-02,2.75,2.809999942779541,2.7200000286102295,2.799999952316284,8619
2023-08-03,2.809999942779541,2.9100000858306885,2.799999952316284,2.880000114440918,12937
2023-08-04,2.890000104904175,2.9000000953674316,2.7300000190734863,2.890000104904175,5025
2023-08-07,2.869999885559082,2.9000000953674316,2.7300000190734863,2.9000000953674316,3544
2023-08-08,2.75,2.8499999046325684,2.7300000190734863,2.8499999046325684,3386
2023-08-09,2.7300000190734863,2.890000104904175,2.7300000190734863,2.8499999046325684,8197
2023-08-10,2.8499999046325684,3.2100000381469727,2.740000009536743,3.049999952316284,87272
2023-08-11,2.9700000286102295,3.130000114440918,2.859999895095825,3.0,8869
2023-08-14,3.0299999713897705,3.380000114440918,3.0299999713897705,3.200000047683716,170648
2023-08-16,3.359999895095825,3.4000000953674316,3.0299999713897705,3.1600000858306885,36394
2023-08-17,3.059999942779541,3.2200000286102295,3.0,3.140000104904175,15310
2023-08-18,3.0999999046325684,3.140000104904175,2.940000057220459,2.9600000381469727,7296
2023-08-21,3.049999952316284,3.119999885559082,2.9700000286102295,2.9700000286102295,5217
2023-08-22,3.0999999046325684,3.0999999046325684,2.950000047683716,3.049999952316284,5065
2023-08-23,3.109999895095825,3.299999952316284,3.109999895095825,3.2300000190734863,45156
2023-08-24,3.2300000190734863,3.259999990463257,2.640000104904175,3.0,323707
2023-08-25,3.0899999141693115,3.0999999046325684,2.7899999618530273,3.0,24937
2023-08-28,3.0799999237060547,3.0899999141693115,2.5399999618530273,2.5799999237060547,190416
2023-08-29,2.5799999237060547,2.5799999237060547,2.5799999237060547,2.5799999237060547,0
2023-08-30,2.5799999237060547,2.5799999237060547,2.5799999237060547,2.5799999237060547,0
2023-08-31,2.5799999237060547,2.5799999237060547,2.5799999237060547,2.5799999237060547,0
2023-09-01,2.5799999237060547,2.5799999237060547,2.5799999237060547,2.5799999237060547,0
2023-09-04,2.5799999237060547,2.5799999237060547,2.5799999237060547,2.5799999237060547,0
2023-09-05,2.5799999237060547,2.5799999237060547,2.5799999237060547,2.5799999237060547,0
2023-09-06,2.5799999237060547,2.5799999237060547,2.5799999237060547,2.5799999237060547,0
2023-09-07,2.5799999237060547,2.5799999237060547,2.5799999237060547,2.5799999237060547,0
2023-09-08,2.5799999237060547,2.5799999237060547,2.5799999237060547,2.5799999237060547,0
2023-09-11,2.5799999237060547,2.5799999237060547,2.5799999237060547,2.5799999237060547,0
2023-09-12,2.5799999237060547,2.5799999237060547,2.5799999237060547,2.5799999237060547,0
2023-09-13,2.5799999237060547,2.5799999237060547,2.5799999237060547,2.5799999237060547,0
2023-09-14,2.5799999237060547,2.5799999237060547,2.5799999237060547,2.5799999237060547,0
2023-09-15,2.5799999237060547,2.5799999237060547,2.5799999237060547,2.5799999237060547,0
2023-09-18,2.5799999237060547,2.5799999237060547,2.5799999237060547,2.5799999237060547,0
2023-09-19,2.5799999237060547,2.5799999237060547,2.5799999237060547,2.5799999237060547,0
2023-09-20,2.5799999237060547,2.5799999237060547,2.5799999237060547,2.5799999237060547,0
2023-09-21,2.5799999237060547,2.5799999237060547,2.5799999237060547,2.5799999237060547,0
2023-09-22,2.5799999237060547,2.5799999237060547,2.5799999237060547,2.5799999237060547,0
2023-09-25,2.5799999237060547,2.5799999237060547,2.5799999237060547,2.5799999237060547,0
2023-09-26,2.5799999237060547,2.5799999237060547,2.5799999237060547,2.5799999237060547,0
2023-09-27,2.5799999237060547,2.5799999237060547,2.5799999237060547,2.5799999237060547,0
2023-09-28,2.5799999237060547,2.5799999237060547,2.5799999237060547,2.5799999237060547,0
2023-09-29,2.5799999237060547,2.5799999237060547,2.5799999237060547,2.5799999237060547,0
2023-10-02,2.5,2.640000104904175,2.5,2.559999942779541,43206
2023-10-03,2.5199999809265137,2.640000104904175,2.5,2.5999999046325684,20267
2023-10-04,2.5999999046325684,2.5999999046325684,2.3399999141693115,2.4800000190734863,30810
2023-10-05,2.4600000381469727,2.5,2.319999933242798,2.430000066757202,3032
2023-10-06,2.319999933242798,2.484999895095825,2.309999942779541,2.484999895095825,8282
2023-10-09,2.375,2.484999895095825,2.259999990463257,2.444999933242798,23798
2023-10-10,2.3299999237060547,2.450000047683716,2.3299999237060547,2.4149999618530273,13698
2023-10-11,2.444999933242798,2.444999933242798,2.3350000381469727,2.4000000953674316,10245
2023-10-12,2.4149999618530273,2.450000047683716,2.3350000381469727,2.380000114440918,14695
2023-10-13,2.380000114440918,2.4749999046325684,2.325000047683716,2.4749999046325684,13037
2023-10-16,2.484999895095825,2.630000114440918,2.484999895095825,2.619999885559082,21596
2023-10-17,2.5199999809265137,2.640000104904175,2.430000066757202,2.569999933242798,7062
2023-10-18,2.5799999237060547,2.5899999141693115,2.450000047683716,2.5899999141693115,3120
2023-10-19,2.5999999046325684,2.5999999046325684,2.4200000762939453,2.5,6683
2023-10-20,2.490000009536743,2.5,2.390000104904175,2.4649999141693115,3839
2023-10-23,2.4649999141693115,2.4700000286102295,2.3499999046325684,2.444999933242798,6222
2023-10-24,2.440000057220459,2.5799999237060547,2.359999895095825,2.559999942779541,5448
2023-10-25,2.549999952316284,2.559999942779541,2.4100000858306885,2.5199999809265137,21587
2023-10-26,2.4200000762939453,2.484999895095825,2.390000104904175,2.4749999046325684,3473
2023-10-27,2.484999895095825,2.484999895095825,2.375,2.450000047683716,3945
2023-10-30,2.3949999809265137,2.4700000286102295,2.3550000190734863,2.4700000286102295,9131
2023-10-31,2.4549999237060547,2.4549999237060547,2.315000057220459,2.4049999713897705,11860
2023-11-02,2.4049999713897705,2.4549999237060547,2.3399999141693115,2.4200000762939453,10286
2023-11-03,2.4200000762939453,2.444999933242798,2.3550000190734863,2.444999933242798,11547
2023-11-06,2.359999895095825,2.444999933242798,2.359999895095825,2.4049999713897705,14835
2023-11-07,2.3550000190734863,2.3949999809265137,2.305000066757202,2.3949999809265137,8215
2023-11-08,2.4049999713897705,2.4049999713897705,2.315000057220459,2.4000000953674316,2945
2023-11-09,2.4000000953674316,2.4000000953674316,2.319999933242798,2.4000000953674316,21352
2023-11-10,2.4000000953674316,2.4700000286102295,2.3350000381469727,2.4649999141693115,7743
2023-11-13,2.4649999141693115,2.4649999141693115,2.375,2.4049999713897705,12723
2023-11-14,2.4649999141693115,2.4700000286102295,2.375,2.450000047683716,6508
2023-11-15,2.450000047683716,2.4600000381469727,2.380000114440918,2.430000066757202,6493
2023-11-16,2.430000066757202,2.430000066757202,2.365000009536743,2.424999952316284,2846
2023-11-17,2.430000066757202,2.549999952316284,2.365000009536743,2.549999952316284,7797
2023-11-20,2.549999952316284,2.5999999046325684,2.549999952316284,2.5999999046325684,2981
2023-11-21,2.5999999046325684,2.6600000858306885,2.549999952316284,2.609999895095825,9137
2023-11-22,2.640000104904175,2.640000104904175,2.5299999713897705,2.640000104904175,4260
2023-11-23,2.640000104904175,2.7799999713897705,2.559999942779541,2.759999990463257,38561
2023-11-24,2.8399999141693115,2.859999895095825,2.5899999141693115,2.7899999618530273,13303
2023-11-27,2.7799999713897705,2.7799999713897705,2.619999885559082,2.7799999713897705,53
2023-11-28,2.640000104904175,2.759999990463257,2.5999999046325684,2.740000009536743,27917
2023-11-29,2.75,2.7699999809265137,2.5799999237060547,2.700000047683716,16434
2023-11-30,2.7100000381469727,2.7200000286102295,2.5399999618530273,2.619999885559082,55977
2023-12-01,2.619999885559082,2.740000009536743,2.559999942779541,2.7200000286102295,6544
2023-12-04,2.7200000286102295,2.869999885559082,2.700000047683716,2.8499999046325684,44245
2023-12-05,2.8499999046325684,2.8499999046325684,2.6500000953674316,2.799999952316284,5231
2023-12-06,2.8499999046325684,2.8499999046325684,2.7100000381469727,2.75,4480
2023-12-07,2.6700000762939453,2.7699999809265137,2.6600000858306885,2.7300000190734863,3016
2023-12-08,2.8299999237060547,2.8299999237060547,2.6600000858306885,2.75,3724
2023-12-11,2.740000009536743,2.740000009536743,2.549999952316284,2.6600000858306885,16687
2023-12-12,2.690000057220459,2.690000057220459,2.2850000858306885,2.309999942779541,76750
2023-12-13,2.3450000286102295,2.390000104904175,2.2149999141693115,2.299999952316284,32648
2023-12-14,2.3350000381469727,2.3399999141693115,2.200000047683716,2.299999952316284,25610
2023-12-15,2.3399999141693115,2.3499999046325684,2.2200000286102295,2.3350000381469727,19340
2023-12-18,2.3350000381469727,2.390000104904175,2.2699999809265137,2.3550000190734863,9488
2023-12-19,2.3550000190734863,2.369999885559082,2.2799999713897705,2.369999885559082,7871
2023-12-20,2.369999885559082,2.4000000953674316,2.2850000858306885,2.380000114440918,19045
2023-12-21,2.3550000190734863,2.3550000190734863,2.2899999618530273,2.3550000190734863,16602
2023-12-22,2.3550000190734863,2.3550000190734863,2.2799999713897705,2.3450000286102295,14588
2023-12-27,2.3450000286102295,2.3450000286102295,2.2750000953674316,2.3350000381469727,6087
2023-12-28,2.3450000286102295,2.490000009536743,2.2799999713897705,2.365000009536743,26916
2023-12-29,2.384999990463257,2.440000057220459,2.315000057220459,2.4149999618530273,10253
2024-01-02,2.424999952316284,2.424999952316284,2.3299999237060547,2.3350000381469727,7195
2024-01-03,2.390000104904175,2.3949999809265137,2.2850000858306885,2.359999895095825,11544
2024-01-04,2.3499999046325684,2.3499999046325684,2.2850000858306885,2.3299999237060547,2547
2024-01-05,2.3299999237060547,3.049999952316284,2.244999885559082,3.049999952316284,185621
2024-01-08,3.049999952316284,3.880000114440918,3.049999952316284,3.5,330043
2024-01-09,3.680000066757202,3.8299999237060547,3.319999933242798,3.4000000953674316,188550
2024-01-10,3.490000009536743,3.5,2.8399999141693115,2.890000104904175,340989
2024-01-11,2.9000000953674316,3.190000057220459,2.799999952316284,2.799999952316284,165162
2024-01-12,2.890000104904175,3.0399999618530273,2.8299999237060547,2.9200000762939453,56893
2024-01-15,2.9600000381469727,3.0999999046325684,2.8499999046325684,2.9600000381469727,44575
2024-01-16,2.990000009536743,2.990000009536743,2.8399999141693115,2.9000000953674316,21555
2024-01-17,2.8399999141693115,2.890000104904175,2.7300000190734863,2.8399999141693115,15898
2024-01-18,2.7699999809265137,2.9100000858306885,2.549999952316284,2.6500000953674316,59304
2024-01-19,2.640000104904175,3.0999999046325684,2.630000114440918,2.9100000858306885,140439
2024-01-22,3.0199999809265137,3.319999933242798,3.0199999809265137,3.1500000953674316,108235
2024-01-23,3.190000057220459,3.190000057220459,2.880000114440918,3.0299999713897705,64190
2024-01-24,3.0,3.069999933242798,2.8299999237060547,2.950000047683716,32129
2024-01-25,2.950000047683716,3.1500000953674316,2.759999990463257,2.950000047683716,92208
2024-01-26,2.9000000953674316,2.9000000953674316,2.809999942779541,2.890000104904175,20304
2024-01-29,2.8299999237060547,2.940000057220459,2.7799999713897705,2.940000057220459,40205
2024-01-30,2.940000057220459,3.5399999618530273,2.8499999046325684,3.4000000953674316,275340
2024-01-31,3.490000009536743,3.8299999237060547,3.1500000953674316,3.240000009536743,288327
2024-02-01,3.240000009536743,3.390000104904175,3.119999885559082,3.3499999046325684,63264
2024-02-02,3.3499999046325684,3.490000009536743,3.1600000858306885,3.259999990463257,54562
2024-02-05,3.390000104904175,4.070000171661377,3.299999952316284,4.039999961853027,483041
2024-02-06,4.150000095367432,4.400000095367432,3.75,3.930000066757202,330473
2024-02-07,3.930000066757202,4.320000171661377,3.799999952316284,4.190000057220459,249841
2024-02-08,4.150000095367432,4.199999809265137,3.75,4.050000190734863,197823
2024-02-09,4.050000190734863,4.050000190734863,3.5999999046325684,3.6500000953674316,178839
2024-02-12,3.6500000953674316,3.7799999713897705,3.2100000381469727,3.380000114440918,193344
2024-02-13,3.3499999046325684,3.380000114440918,3.119999885559082,3.2100000381469727,116476
2024-02-14,3.200000047683716,3.3499999046325684,3.140000104904175,3.319999933242798,36492
2024-02-15,3.25,3.2899999618530273,2.990000009536743,3.0799999237060547,67262
2024-02-16,3.0199999809265137,3.130000114440918,2.950000047683716,3.0999999046325684,44157
2024-02-19,3.009999990463257,3.180000066757202,3.0,3.130000114440918,24805
2024-02-20,3.0399999618530273,3.1500000953674316,3.0,3.0999999046325684,24837
2024-02-21,3.130000114440918,3.1500000953674316,3.0199999809265137,3.119999885559082,28109
2024-02-22,3.0399999618530273,3.140000104904175,3.0299999713897705,3.059999942779541,21502
2024-02-23,3.0999999046325684,3.180000066757202,3.049999952316284,3.1700000762939453,21951
2024-02-26,3.1700000762939453,3.25,3.0999999046325684,3.2300000190734863,7803
2024-02-27,3.0999999046325684,3.25,3.0999999046325684,3.240000009536743,15554
2024-02-28,3.25,3.2899999618530273,3.109999895095825,3.240000009536743,5507
2024-02-29,3.2200000286102295,3.240000009536743,3.0,3.109999895095825,24559
2024-03-01,3.0199999809265137,3.0799999237060547,2.9600000381469727,3.049999952316284,18643
2024-03-04,3.0299999713897705,3.0399999618530273,2.9600000381469727,3.0399999618530273,24978
2024-03-05,2.950000047683716,2.950000047683716,2.799999952316284,2.8499999046325684,28754
2024-03-06,2.8299999237060547,2.9000000953674316,2.759999990463257,2.809999942779541,19492
2024-03-07,2.869999885559082,2.9200000762939453,2.7699999809265137,2.880000114440918,17104
2024-03-08,2.7799999713897705,2.880000114440918,2.7699999809265137,2.859999895095825,13818
2024-03-11,2.819999933242798,2.8499999046325684,2.75,2.75,55407
2024-03-12,2.759999990463257,2.880000114440918,2.680000066757202,2.7799999713897705,18823
2024-03-13,2.7799999713897705,2.880000114440918,2.700000047683716,2.8499999046325684,9606
2024-03-14,2.8399999141693115,2.8399999141693115,2.75,2.8299999237060547,3665
2024-03-15,2.7899999618530273,2.7899999618530273,2.700000047683716,2.700000047683716,25944
2024-03-18,2.700000047683716,2.7799999713897705,2.6600000858306885,2.7799999713897705,12142
2024-03-19,2.6600000858306885,2.7799999713897705,2.6500000953674316,2.759999990463257,13561
2024-03-20,2.75,2.75,2.640000104904175,2.7200000286102295,7204
2024-03-21,2.6500000953674316,2.7200000286102295,2.609999895095825,2.700000047683716,15010
2024-03-22,2.6500000953674316,2.700000047683716,2.619999885559082,2.6700000762939453,7825
2024-03-25,2.619999885559082,2.690000057220459,2.569999933242798,2.5999999046325684,7638
2024-03-26,2.6500000953674316,2.6500000953674316,2.5999999046325684,2.5999999046325684,19109
2024-03-27,2.5999999046325684,2.6500000953674316,2.5899999141693115,2.6500000953674316,26703
2024-03-28,2.619999885559082,2.740000009536743,2.5899999141693115,2.740000009536743,11921
2024-04-02,2.7300000190734863,2.7300000190734863,2.619999885559082,2.6500000953674316,24035
2024-04-03,2.6500000953674316,2.6500000953674316,2.559999942779541,2.609999895095825,26505
2024-04-04,2.609999895095825,2.6500000953674316,2.549999952316284,2.6500000953674316,34392
2024-04-05,2.6500000953674316,2.6500000953674316,2.569999933242798,2.6500000953674316,9266
2024-04-08,2.7300000190734863,2.7300000190734863,2.5999999046325684,2.6500000953674316,7285
2024-04-09,2.6500000953674316,2.7100000381469727,2.549999952316284,2.6700000762939453,11985
2024-04-10,2.6500000953674316,2.690000057220459,2.569999933242798,2.630000114440918,7927
2024-04-11,2.5799999237060547,2.630000114440918,2.569999933242798,2.5799999237060547,5683
2024-04-12,2.619999885559082,2.640000104904175,2.559999942779541,2.619999885559082,11333
2024-04-15,2.5799999237060547,2.5999999046325684,2.549999952316284,2.549999952316284,19013
2024-04-16,2.549999952316284,2.5799999237060547,2.4800000190734863,2.5399999618530273,20921
2024-04-17,2.5399999618530273,2.630000114440918,2.5,2.5999999046325684,6942
2024-04-18,2.549999952316284,2.5999999046325684,2.4800000190734863,2.569999933242798,14509
2024-04-19,2.490000009536743,2.549999952316284,2.4800000190734863,2.5399999618530273,6570
2024-04-22,2.5299999713897705,2.549999952316284,2.450000047683716,2.494999885559082,10756
2024-04-23,2.509999990463257,2.509999990463257,2.4100000858306885,2.4200000762939453,20955
2024-04-24,2.4200000762939453,2.5299999713897705,2.4200000762939453,2.4749999046325684,15671
2024-04-25,2.4200000762939453,2.4800000190734863,2.4149999618530273,2.4149999618530273,5023
2024-04-26,2.4649999141693115,2.4649999141693115,2.3450000286102295,2.3499999046325684,18237
2024-04-29,2.369999885559082,2.4200000762939453,2.309999942779541,2.390000104904175,11361
2024-04-30,2.3499999046325684,2.424999952316284,2.315000057220459,2.424999952316284,8349
2024-05-02,2.4749999046325684,2.4749999046325684,2.359999895095825,2.440000057220459,2088
2024-05-06,2.369999885559082,2.494999885559082,2.369999885559082,2.440000057220459,4480
2024-05-07,2.4000000953674316,2.440000057220459,2.315000057220459,2.434999942779541,2824
2024-05-08,2.380000114440918,2.444999933242798,2.359999895095825,2.380000114440918,2415
2024-05-09,2.369999885559082,2.4200000762939453,2.305000066757202,2.4200000762939453,12942
2024-05-10,2.3499999046325684,2.4749999046325684,2.309999942779541,2.424999952316284,10305
2024-05-13,2.424999952316284,2.630000114440918,2.424999952316284,2.5999999046325684,22758
2024-05-14,2.5899999141693115,2.740000009536743,2.549999952316284,2.680000066757202,30655
2024-05-15,2.6700000762939453,2.6700000762939453,2.5,2.5799999237060547,18331
2024-05-16,2.5199999809265137,2.5899999141693115,2.509999990463257,2.569999933242798,5443
2024-05-17,2.509999990463257,2.609999895095825,2.509999990463257,2.5999999046325684,7322
2024-05-20,2.549999952316284,2.5999999046325684,2.5299999713897705,2.5399999618530273,28526
2024-05-21,2.5299999713897705,2.5799999237060547,2.5299999713897705,2.5799999237060547,2985
2024-05-22,2.5999999046325684,2.5999999046325684,2.5299999713897705,2.5399999618530273,34348
2024-05-23,2.5399999618530273,2.569999933242798,2.5,2.5199999809265137,13490
2024-05-24,2.549999952316284,2.569999933242798,2.509999990463257,2.569999933242798,6761
2024-05-27,2.5299999713897705,2.569999933242798,2.5,2.569999933242798,20733
2024-05-28,2.569999933242798,2.5999999046325684,2.5,2.559999942779541,13453
2024-05-29,2.5199999809265137,2.569999933242798,2.450000047683716,2.5,11612
2024-05-31,2.5199999809265137,2.5399999618530273,2.5,2.5299999713897705,1844
2024-06-03,2.5,2.799999952316284,2.5,2.6700000762939453,33415
2024-06-04,2.6600000858306885,2.6700000762939453,2.5799999237060547,2.640000104904175,8214
2024-06-05,2.630000114440918,2.6500000953674316,2.569999933242798,2.640000104904175,12033
2024-06-06,2.5799999237060547,2.640000104904175,2.549999952316284,2.569999933242798,10047
2024-06-07,2.559999942779541,2.5799999237060547,2.5299999713897705,2.5399999618530273,11537
2024-06-10,2.5299999713897705,2.5799999237060547,2.509999990463257,2.5299999713897705,14177
2024-06-11,2.549999952316284,2.549999952316284,2.509999990463257,2.5399999618530273,19508
2024-06-12,2.509999990463257,2.5399999618530273,2.5,2.5399999618530273,18265
2024-06-13,2.509999990463257,2.5399999618530273,2.509999990463257,2.5399999618530273,5913
2024-06-14,2.509999990463257,2.5799999237060547,2.5,2.5799999237060547,11396
2024-06-17,2.549999952316284,2.5899999141693115,2.509999990463257,2.5899999141693115,6163
2024-06-18,2.5399999618530273,2.5899999141693115,2.5399999618530273,2.5799999237060547,2666
2024-06-19,2.5399999618530273,2.569999933242798,2.509999990463257,2.5199999809265137,4647
2024-06-20,2.5199999809265137,2.5899999141693115,2.5,2.5799999237060547,18741
2024-06-21,2.5299999713897705,2.740000009536743,2.5299999713897705,2.6600000858306885,23216
2024-06-24,2.6600000858306885,2.7300000190734863,2.5999999046325684,2.700000047683716,19215
2024-06-25,2.700000047683716,2.7300000190734863,2.5799999237060547,2.7100000381469727,5652
2024-06-26,2.690000057220459,2.690000057220459,2.609999895095825,2.6500000953674316,7108
2024-06-27,2.6500000953674316,2.7300000190734863,2.609999895095825,2.630000114440918,14703
2024-06-28,2.6500000953674316,2.7100000381469727,2.630000114440918,2.6500000953674316,2437
2024-07-01,2.6500000953674316,2.690000057220459,2.609999895095825,2.609999895095825,4375
2024-07-02,2.609999895095825,2.609999895095825,2.549999952316284,2.559999942779541,12932
2024-07-03,2.559999942779541,2.6500000953674316,2.5,2.5299999713897705,15247
2024-07-04,2.5399999618530273,2.680000066757202,2.5199999809265137,2.549999952316284,15164
2024-07-05,2.549999952316284,2.640000104904175,2.5399999618530273,2.5399999618530273,5790
2024-07-08,2.549999952316284,2.5999999046325684,2.5299999713897705,2.549999952316284,7655
2024-07-09,2.5999999046325684,2.630000114440918,2.5299999713897705,2.5299999713897705,15521
2024-07-10,2.5399999618530273,2.5999999046325684,2.5299999713897705,2.5899999141693115,5874
2024-07-11,2.559999942779541,2.619999885559082,2.559999942779541,2.559999942779541,6505
2024-07-12,2.5899999141693115,2.630000114440918,2.559999942779541,2.5999999046325684,6908
2024-07-15,2.5999999046325684,2.630000114440918,2.569999933242798,2.5799999237060547,4681
2024-07-16,2.5799999237060547,2.619999885559082,2.5399999618530273,2.5399999618530273,10743
2024-07-17,2.549999952316284,2.569999933242798,2.4600000381469727,2.484999895095825,18308
2024-07-18,2.5,2.7799999713897705,2.494999885559082,2.6700000762939453,55576
2024-07-19,2.6500000953674316,2.7899999618530273,2.640000104904175,2.7799999713897705,24979
2024-07-22,2.7799999713897705,3.200000047683716,2.6700000762939453,3.190000057220459,82376
2024-07-23,3.200000047683716,3.2100000381469727,3.0,3.059999942779541,29804
2024-07-24,3.0999999046325684,3.0999999046325684,2.940000057220459,3.0299999713897705,12338
2024-07-25,2.869999885559082,3.009999990463257,2.740000009536743,2.890000104904175,33594
2024-07-26,2.7799999713897705,2.9600000381469727,2.7300000190734863,2.9100000858306885,11923
2024-07-29,2.8399999141693115,2.9700000286102295,2.819999933242798,2.8499999046325684,9271
2024-07-30,2.9100000858306885,2.9200000762939453,2.7899999618530273,2.869999885559082,6930
2024-07-31,2.8299999237060547,2.930000066757202,2.7899999618530273,2.819999933242798,9936
2024-08-01,2.819999933242798,2.9000000953674316,2.759999990463257,2.859999895095825,9140
2024-08-02,2.809999942779541,2.8399999141693115,2.75,2.75,7732
2024-08-05,2.7200000286102295,2.7899999618530273,2.5,2.6700000762939453,35028
2024-08-06,2.6700000762939453,2.6700000762939453,2.6500000953674316,2.6500000953674316,42
2024-08-07,2.569999933242798,2.6700000762939453,2.559999942779541,2.6600000858306885,15376
2024-08-08,2.5799999237060547,2.6700000762939453,2.559999942779541,2.640000104904175,6240
2024-08-09,2.569999933242798,2.630000114440918,2.5299999713897705,2.630000114440918,3412
2024-08-12,2.5999999046325684,2.6700000762939453,2.549999952316284,2.640000104904175,11296
2024-08-13,2.549999952316284,2.700000047683716,2.549999952316284,2.690000057220459,10154
2024-08-14,2.559999942779541,2.6600000858306885,2.549999952316284,2.559999942779541,7398
2024-08-16,2.609999895095825,2.640000104904175,2.5799999237060547,2.630000114440918,5778
2024-08-19,2.569999933242798,2.680000066757202,2.549999952316284,2.6500000953674316,17836
2024-08-20,2.5999999046325684,2.6500000953674316,2.5999999046325684,2.6500000953674316,281
2024-08-21,2.640000104904175,2.740000009536743,2.5899999141693115,2.7100000381469727,20113
2024-08-22,2.7100000381469727,2.809999942779541,2.6600000858306885,2.809999942779541,15818
2024-08-23,2.799999952316284,2.8499999046325684,2.690000057220459,2.819999933242798,9578
2024-08-26,2.819999933242798,2.8399999141693115,2.680000066757202,2.75,14153
2024-08-27,2.7799999713897705,2.7799999713897705,2.680000066757202,2.680000066757202,2041
2024-08-28,2.680000066757202,2.75,2.630000114440918,2.640000104904175,12612
2024-08-29,2.640000104904175,2.7200000286102295,2.630000114440918,2.690000057220459,4492
2024-08-30,2.6700000762939453,2.690000057220459,2.640000104904175,2.640000104904175,3673
2024-09-02,2.6500000953674316,2.700000047683716,2.619999885559082,2.700000047683716,7073
2024-09-03,2.619999885559082,2.690000057220459,2.5999999046325684,2.609999895095825,7952
2024-09-04,2.609999895095825,2.6500000953674316,2.569999933242798,2.5899999141693115,21882
2024-09-05,2.6700000762939453,2.680000066757202,2.5799999237060547,2.6500000953674316,858
2024-09-06,2.609999895095825,2.6500000953674316,2.5799999237060547,2.6500000953674316,889
2024-09-09,2.5899999141693115,2.640000104904175,2.5799999237060547,2.640000104904175,1852
2024-09-10,2.5799999237060547,2.640000104904175,2.5399999618530273,2.640000104904175,12240
2024-09-11,2.549999952316284,2.640000104904175,2.549999952316284,2.640000104904175,4916
2024-09-12,2.630000114440918,2.9100000858306885,2.5999999046325684,2.859999895095825,50594
2024-09-13,2.890000104904175,2.890000104904175,2.690000057220459,2.7300000190734863,10099
2024-09-16,2.7300000190734863,2.7799999713897705,2.630000114440918,2.740000009536743,16577
2024-09-17,2.759999990463257,2.759999990463257,2.6500000953674316,2.700000047683716,53990
2024-09-18,2.6700000762939453,2.740000009536743,2.630000114440918,2.640000104904175,19083
2024-09-19,2.700000047683716,2.9100000858306885,2.640000104904175,2.9100000858306885,22567
2024-09-20,2.890000104904175,3.0899999141693115,2.8499999046325684,2.9600000381469727,28786
2024-09-23,2.9700000286102295,3.009999990463257,2.8499999046325684,2.9000000953674316,4677
2024-09-24,2.869999885559082,2.950000047683716,2.799999952316284,2.880000114440918,10861
2024-09-25,2.799999952316284,2.9000000953674316,2.7699999809265137,2.7699999809265137,9080
2024-09-26,2.8499999046325684,2.8499999046325684,2.7100000381469727,2.799999952316284,3367
2024-09-27,2.7200000286102295,2.8499999046325684,2.7200000286102295,2.8399999141693115,2081
2024-09-30,2.799999952316284,2.799999952316284,2.7100000381469727,2.799999952316284,1665
2024-10-01,2.75,2.799999952316284,2.680000066757202,2.75,5215
2024-10-02,2.700000047683716,2.75,2.700000047683716,2.700000047683716,2922
2024-10-03,2.740000009536743,2.75,2.700000047683716,2.75,2195
2024-10-04,2.700000047683716,2.8499999046325684,2.700000047683716,2.8399999141693115,7764
2024-10-07,2.8499999046325684,2.8499999046325684,2.7799999713897705,2.799999952316284,3409
2024-10-08,2.799999952316284,2.799999952316284,2.7100000381469727,2.7899999618530273,2913
2024-10-09,2.7100000381469727,2.8299999237060547,2.7100000381469727,2.819999933242798,5316
2024-10-10,2.740000009536743,2.809999942779541,2.7100000381469727,2.799999952316284,5026
2024-10-11,2.7899999618530273,2.7899999618530273,2.6700000762939453,2.7799999713897705,11021
2024-10-14,2.759999990463257,2.799999952316284,2.700000047683716,2.799999952316284,5291
2024-10-15,2.75,2.7799999713897705,2.680000066757202,2.690000057220459,6127
2024-10-16,2.75,2.759999990463257,2.680000066757202,2.759999990463257,8410
2024-10-17,2.75,2.75,2.690000057220459,2.740000009536743,1331
2024-10-18,2.7300000190734863,2.740000009536743,2.6600000858306885,2.7200000286102295,2359
2024-10-21,2.7200000286102295,2.7200000286102295,2.680000066757202,2.700000047683716,2339
2024-10-22,2.680000066757202,2.7100000381469727,2.6500000953674316,2.690000057220459,4350
2024-10-23,2.6600000858306885,2.690000057220459,2.630000114440918,2.690000057220459,968
2024-10-24,2.680000066757202,2.680000066757202,2.640000104904175,2.680000066757202,540
2024-10-25,2.680000066757202,2.7300000190734863,2.6600000858306885,2.7300000190734863,3367
2024-10-28,2.630000114440918,2.7200000286102295,2.630000114440918,2.7100000381469727,2624
2024-10-29,2.619999885559082,2.7200000286102295,2.609999895095825,2.7200000286102295,2560
2024-10-30,2.7200000286102295,2.7200000286102295,2.619999885559082,2.7200000286102295,7255
2024-10-31,2.6600000858306885,2.6600000858306885,2.609999895095825,2.6600000858306885,480
2024-11-04,2.700000047683716,2.700000047683716,2.619999885559082,2.690000057220459,4077
2024-11-05,2.619999885559082,2.690000057220459,2.5999999046325684,2.680000066757202,7840
2024-11-06,2.5999999046325684,2.680000066757202,2.5999999046325684,2.6500000953674316,3760
2024-11-07,2.609999895095825,2.680000066757202,2.5999999046325684,2.680000066757202,4243
2024-11-08,2.5999999046325684,2.6700000762939453,2.5899999141693115,2.6700000762939453,4678
2024-11-12,2.5799999237060547,2.690000057220459,2.5799999237060547,2.690000057220459,3436
2024-11-13,2.5999999046325684,2.6700000762939453,2.5899999141693115,2.6700000762939453,1922
2024-11-14,2.5999999046325684,2.6500000953674316,2.569999933242798,2.6500000953674316,10735
2024-11-15,2.5799999237060547,2.5999999046325684,2.569999933242798,2.5899999141693115,1482
2024-11-18,2.5799999237060547,2.5899999141693115,2.5199999809265137,2.5799999237060547,16481
2024-11-19,2.5199999809265137,2.5899999141693115,2.509999990463257,2.549999952316284,31429
2024-11-20,2.559999942779541,2.5799999237060547,2.549999952316284,2.5799999237060547,9743
2024-11-21,2.549999952316284,2.5799999237060547,2.509999990463257,2.5799999237060547,6332
2024-11-22,2.5799999237060547,2.5899999141693115,2.5199999809265137,2.5899999141693115,4217
2024-11-25,2.5899999141693115,2.5899999141693115,2.25,2.25,124532
2024-11-26,2.3299999237060547,2.5899999141693115,2.3299999237060547,2.5799999237060547,64944
2024-11-27,2.5799999237060547,2.5899999141693115,2.440000057220459,2.5199999809265137,11740
2024-11-28,2.4700000286102295,2.5299999713897705,2.4149999618530273,2.4149999618530273,26797
2024-11-29,2.4149999618530273,2.4149999618530273,2.375,2.4149999618530273,9576
2024-12-02,2.380000114440918,2.4049999713897705,2.375,2.384999990463257,2035
2024-12-03,2.384999990463257,2.6600000858306885,2.375,2.5399999618530273,40574
2024-12-04,2.619999885559082,2.630000114440918,2.434999942779541,2.490000009536743,69595
2024-12-05,2.440000057220459,2.450000047683716,2.4200000762939453,2.450000047683716,91103
2024-12-06,2.494999885559082,2.5399999618530273,2.444999933242798,2.509999990463257,4381
2024-12-09,2.509999990463257,2.619999885559082,2.5,2.569999933242798,16584
2024-12-10,2.509999990463257,2.569999933242798,2.509999990463257,2.5299999713897705,5833
2024-12-11,2.569999933242798,2.569999933242798,2.5,2.549999952316284,6889
2024-12-12,2.509999990463257,2.549999952316284,2.4800000190734863,2.549999952316284,7873
2024-12-13,2.5,2.559999942779541,2.490000009536743,2.559999942779541,16731
2024-12-16,2.5,2.5299999713897705,2.4700000286102295,2.5299999713897705,6063
2024-12-17,2.4749999046325684,2.5199999809265137,2.440000057220459,2.5199999809265137,5665
2024-12-18,2.5299999713897705,2.5299999713897705,2.450000047683716,2.5199999809265137,5623
2024-12-19,2.4800000190734863,2.5299999713897705,2.450000047683716,2.450000047683716,14180
2024-12-20,2.559999942779541,2.559999942779541,2.450000047683716,2.5399999618530273,13439
2024-12-23,2.4700000286102295,2.5399999618530273,2.4700000286102295,2.5,4807
2024-12-27,2.4800000190734863,2.5399999618530273,2.4649999141693115,2.5299999713897705,7134
2024-12-30,2.4700000286102295,2.5399999618530273,2.4700000286102295,2.5299999713897705,4673
2025-01-02,2.509999990463257,2.549999952316284,2.3550000190734863,2.549999952316284,4387
2025-01-03,2.5,2.700000047683716,2.5,2.690000057220459,13082
2025-01-07,2.569999933242798,2.7200000286102295,2.569999933242798,2.7200000286102295,10827
2025-01-08,2.619999885559082,2.7200000286102295,2.569999933242798,2.690000057220459,3884
2025-01-09,2.690000057220459,2.690000057220459,2.5999999046325684,2.5999999046325684,5963
2025-01-10,2.5999999046325684,2.5999999046325684,2.5999999046325684,2.5999999046325684,0
2025-01-13,2.5999999046325684,2.5999999046325684,2.5999999046325684,2.5999999046325684,0
2025-01-14,2.5999999046325684,2.5999999046325684,2.5999999046325684,2.5999999046325684,0
2025-01-15,2.5999999046325684,2.5999999046325684,2.5999999046325684,2.5999999046325684,0
2025-01-16,2.5999999046325684,2.5999999046325684,2.5999999046325684,2.5999999046325684,0
2025-01-17,2.5999999046325684,2.5999999046325684,2.5999999046325684,2.5999999046325684,0
2025-01-20,2.5999999046325684,2.5999999046325684,2.5999999046325684,2.5999999046325684,0
2025-01-21,2.5999999046325684,2.5999999046325684,2.5999999046325684,2.5999999046325684,0
2025-01-22,2.5999999046325684,2.5999999046325684,2.5999999046325684,2.5999999046325684,0
2025-01-23,2.5999999046325684,2.5999999046325684,2.5999999046325684,2.5999999046325684,0
2025-01-24,2.5999999046325684,2.5999999046325684,2.5999999046325684,2.5999999046325684,0
2025-01-27,2.5999999046325684,2.5999999046325684,2.5999999046325684,2.5999999046325684,0
2025-01-28,2.5999999046325684,2.5999999046325684,2.5999999046325684,2.5999999046325684,0
2025-01-29,2.5999999046325684,2.5999999046325684,2.5999999046325684,2.5999999046325684,0
2025-01-30,2.5999999046325684,2.5999999046325684,2.5999999046325684,2.5999999046325684,0
2025-01-31,2.5999999046325684,2.5999999046325684,2.5999999046325684,2.5999999046325684,0
2025-02-03,2.5999999046325684,2.5999999046325684,2.5999999046325684,2.5999999046325684,0
2025-02-04,2.5999999046325684,2.5999999046325684,2.5999999046325684,2.5999999046325684,0
2025-02-05,2.5999999046325684,2.5999999046325684,2.5999999046325684,2.5999999046325684,0
2025-02-06,2.5999999046325684,2.5999999046325684,2.5999999046325684,2.5999999046325684,0
2025-02-07,2.5999999046325684,2.5999999046325684,2.5999999046325684,2.5999999046325684,0
2025-02-10,2.5999999046325684,2.5999999046325684,2.5999999046325684,2.5999999046325684,0
2025-02-11,2.609999895095825,2.8299999237060547,2.609999895095825,2.8299999237060547,39170
2025-02-12,2.869999885559082,3.130000114440918,2.8299999237060547,2.8299999237060547,55727
2025-02-13,2.8299999237060547,2.9600000381469727,2.690000057220459,2.7799999713897705,26264
2025-02-14,2.75,2.819999933242798,2.7100000381469727,2.799999952316284,2526
2025-02-17,2.7200000286102295,2.799999952316284,2.6700000762939453,2.7300000190734863,34199
2025-02-18,2.700000047683716,2.7799999713897705,2.680000066757202,2.680000066757202,9032
2025-02-19,2.680000066757202,2.7799999713897705,2.559999942779541,2.700000047683716,60003
2025-02-20,2.5999999046325684,2.700000047683716,2.549999952316284,2.690000057220459,15626
2025-02-21,2.609999895095825,2.690000057220459,2.5999999046325684,2.690000057220459,6222
2025-02-24,2.619999885559082,2.7200000286102295,2.619999885559082,2.700000047683716,3566
2025-02-25,2.7100000381469727,2.7200000286102295,2.5999999046325684,2.700000047683716,11837
2025-02-26,2.7100000381469727,2.7899999618530273,2.619999885559082,2.619999885559082,25528
2025-02-27,2.619999885559082,2.7200000286102295,2.5999999046325684,2.5999999046325684,19576
2025-02-28,2.6500000953674316,2.690000057220459,2.5999999046325684,2.690000057220459,5003
2025-03-03,2.690000057220459,2.700000047683716,2.5999999046325684,2.680000066757202,4185
2025-03-04,2.609999895095825,2.6500000953674316,2.5899999141693115,2.6500000953674316,30563
2025-03-05,2.5999999046325684,2.680000066757202,2.5999999046325684,2.680000066757202,3134
2025-03-06,2.609999895095825,2.680000066757202,2.5999999046325684,2.680000066757202,2055
2025-03-07,2.5999999046325684,2.680000066757202,2.5999999046325684,2.640000104904175,6650
2025-03-10,2.640000104904175,2.6700000762939453,2.5999999046325684,2.6600000858306885,2691
2025-03-11,2.680000066757202,2.680000066757202,2.5999999046325684,2.609999895095825,12444
2025-03-12,2.6700000762939453,2.680000066757202,2.5999999046325684,2.5999999046325684,1491
2025-03-13,2.6700000762939453,2.7899999618530273,2.5999999046325684,2.7100000381469727,31246
2025-03-14,2.6700000762939453,2.9600000381469727,2.6700000762939453,2.8399999141693115,26979
2025-03-17,2.8499999046325684,2.9200000762939453,2.819999933242798,2.819999933242798,7979
2025-03-18,2.819999933242798,2.9200000762939453,2.7699999809265137,2.7699999809265137,3805
2025-03-19,2.7699999809265137,2.9000000953674316,2.7300000190734863,2.7699999809265137,3991
2025-03-20,2.7699999809265137,2.8499999046325684,2.6600000858306885,2.6600000858306885,4745
2025-03-21,2.7300000190734863,2.809999942779541,2.6600000858306885,2.809999942779541,4488
2025-03-24,2.75,2.9100000858306885,2.7300000190734863,2.9100000858306885,2576
2025-03-25,2.7300000190734863,2.9100000858306885,2.7300000190734863,2.9000000953674316,3977
2025-03-26,2.9000000953674316,2.930000066757202,2.759999990463257,2.890000104904175,2956
2025-03-27,2.8499999046325684,2.890000104904175,2.7100000381469727,2.869999885559082,12657
2025-03-28,2.7699999809265137,2.890000104904175,2.75,2.880000114440918,5303
2025-03-31,2.859999895095825,2.859999895095825,2.640000104904175,2.740000009536743,13871
2025-04-01,2.690000057220459,2.8299999237060547,2.690000057220459,2.8299999237060547,1240
2025-04-02,2.8299999237060547,2.8299999237060547,2.690000057220459,2.799999952316284,6787
2025-04-03,2.7899999618530273,2.7899999618530273,2.640000104904175,2.75,18874
2025-04-04,2.75,2.75,2.630000114440918,2.7300000190734863,5358
2025-04-07,2.630000114440918,2.690000057220459,2.5999999046325684,2.680000066757202,15351
2025-04-08,2.680000066757202,2.680000066757202,2.609999895095825,2.619999885559082,897
2025-04-09,2.700000047683716,2.7100000381469727,2.5899999141693115,2.5899999141693115,5920
2025-04-10,2.7100000381469727,2.75,2.5999999046325684,2.740000009536743,15204
2025-04-11,2.740000009536743,2.740000009536743,2.740000009536743,2.740000009536743,0
2025-04-14,2.740000009536743,2.740000009536743,2.740000009536743,2.740000009536743,0
2025-04-15,2.740000009536743,2.740000009536743,2.740000009536743,2.740000009536743,0
2025-04-16,2.740000009536743,2.740000009536743,2.740000009536743,2.740000009536743,0
2025-04-17,2.740000009536743,2.740000009536743,2.740000009536743,2.740000009536743,0
2025-04-22,2.740000009536743,2.740000009536743,2.740000009536743,2.740000009536743,0
2025-04-23,2.700000047683716,2.9000000953674316,2.5199999809265137,2.5799999237060547,22203
2025-04-24,2.559999942779541,2.75,2.549999952316284,2.640000104904175,10119
2025-04-25,2.5999999046325684,2.640000104904175,2.5299999713897705,2.5299999713897705,2847
2025-04-28,2.5799999237060547,2.75,2.5199999809265137,2.740000009536743,13189
2025-04-29,2.75,2.75,2.5199999809265137,2.700000047683716,21577
2025-04-30,2.5799999237060547,2.7300000190734863,2.5799999237060547,2.7300000190734863,6925
2025-05-02,2.7200000286102295,2.7200000286102295,2.569999933242798,2.7100000381469727,9797
2025-05-05,2.700000047683716,2.7100000381469727,2.5299999713897705,2.6500000953674316,14079
2025-05-06,2.5399999618530273,2.630000114440918,2.5,2.619999885559082,17871
2025-05-07,2.5199999809265137,2.7300000190734863,2.5199999809265137,2.700000047683716,22814
2025-05-08,2.7200000286102295,2.7200000286102295,2.549999952316284,2.690000057220459,9826
2025-05-09,2.5999999046325684,2.680000066757202,2.5,2.630000114440918,23142
2025-05-12,2.630000114440918,2.6600000858306885,2.490000009536743,2.619999885559082,6380
2025-05-13,2.640000104904175,2.640000104904175,2.509999990463257,2.5999999046325684,4261
2025-05-14,2.5999999046325684,2.609999895095825,2.509999990463257,2.609999895095825,10991
2025-05-15,2.5999999046325684,2.5999999046325684,2.509999990463257,2.5999999046325684,20199
2025-05-16,2.609999895095825,2.609999895095825,2.509999990463257,2.5199999809265137,17420
2025-05-19,2.559999942779541,2.559999942779541,2.509999990463257,2.549999952316284,1834
2025-05-20,2.5799999237060547,2.5799999237060547,2.5,2.5299999713897705,10495
2025-05-21,2.5299999713897705,2.5999999046325684,2.5,2.5299999713897705,20424
2025-05-22,2.5999999046325684,2.5999999046325684,2.5199999809265137,2.5199999809265137,6289
2025-05-23,2.5899999141693115,2.5899999141693115,2.5199999809265137,2.5799999237060547,4129
2025-05-26,2.5799999237060547,2.619999885559082,2.5199999809265137,2.5199999809265137,5326
2025-05-27,2.5799999237060547,2.6500000953674316,2.5199999809265137,2.6500000953674316,21817
2025-05-28,2.6700000762939453,2.6700000762939453,2.5399999618530273,2.6600000858306885,339
2025-05-29,2.5399999618530273,2.640000104904175,2.5199999809265137,2.559999942779541,6487
2025-05-30,2.559999942779541,2.6500000953674316,2.559999942779541,2.5999999046325684,3153
2025-06-02,2.6500000953674316,2.6500000953674316,2.5299999713897705,2.640000104904175,5035
2025-06-03,2.640000104904175,2.640000104904175,2.5399999618530273,2.5999999046325684,329
2025-06-04,2.569999933242798,2.5899999141693115,2.5299999713897705,2.5899999141693115,1234
2025-06-05,2.630000114440918,2.630000114440918,2.5199999809265137,2.5299999713897705,1475
2025-06-06,2.569999933242798,2.569999933242798,2.5199999809265137,2.569999933242798,733
2025-06-09,2.5999999046325684,2.5999999046325684,2.5299999713897705,2.5899999141693115,1165
2025-06-10,2.569999933242798,2.5899999141693115,2.5199999809265137,2.5299999713897705,2249
2025-06-11,2.5299999713897705,2.5999999046325684,2.490000009536743,2.5299999713897705,37253
2025-06-12,2.5199999809265137,2.569999933242798,2.5,2.509999990463257,16284
2025-06-13,2.5799999237060547,2.630000114440918,2.5199999809265137,2.630000114440918,16001
2025-06-16,2.619999885559082,2.619999885559082,2.5399999618530273,2.619999885559082,2645
2025-06-17,2.619999885559082,2.619999885559082,2.5399999618530273,2.5399999618530273,1994
2025-06-18,2.609999895095825,2.609999895095825,2.5999999046325684,2.609999895095825,710
2025-06-20,2.609999895095825,2.609999895095825,2.5399999618530273,2.5399999618530273,865
2025-06-23,2.5999999046325684,2.5999999046325684,2.4800000190734863,2.4800000190734863,7928
2025-06-24,2.549999952316284,2.549999952316284,2.4700000286102295,2.4700000286102295,2617
2025-06-25,2.549999952316284,2.5899999141693115,2.4700000286102295,2.490000009536743,25871
2025-06-26,2.549999952316284,2.549999952316284,2.4700000286102295,2.4800000190734863,5974
2025-06-27,2.5399999618530273,2.5399999618530273,2.4600000381469727,2.5299999713897705,2354
2025-06-30,2.4700000286102295,2.509999990463257,2.4600000381469727,2.509999990463257,14248
2025-07-01,2.5299999713897705,2.5299999713897705,2.4600000381469727,2.509999990463257,5660
2025-07-02,2.5299999713897705,2.569999933242798,2.5,2.569999933242798,4965
2025-07-03,2.559999942779541,2.569999933242798,2.509999990463257,2.569999933242798,1862
2025-07-04,2.559999942779541,2.559999942779541,2.4700000286102295,2.559999942779541,889
2025-07-07,2.559999942779541,2.559999942779541,2.4000000953674316,2.5399999618530273,31783
2025-07-08,2.5399999618530273,2.5399999618530273,2.4200000762939453,2.5199999809265137,2327
2025-07-09,2.5199999809265137,2.5899999141693115,2.4600000381469727,2.569999933242798,13397
2025-07-10,2.559999942779541,2.559999942779541,2.4600000381469727,2.559999942779541,1428
2025-07-11,2.559999942779541,2.559999942779541,2.4600000381469727,2.4600000381469727,83
2025-07-14,2.549999952316284,2.549999952316284,2.450000047683716,2.5299999713897705,3493
2025-07-15,2.5299999713897705,2.5299999713897705,2.440000057220459,2.440000057220459,4236
2025-07-16,2.509999990463257,2.509999990463257,2.4100000858306885,2.5,16253
2025-07-17,2.5,2.5,2.4000000953674316,2.490000009536743,21781
2025-07-18,2.440000057220459,2.5,2.4000000953674316,2.5,4945
2025-07-21,2.490000009536743,2.490000009536743,2.4100000858306885,2.490000009536743,158
2025-07-22,2.4100000858306885,2.490000009536743,2.4100000858306885,2.490000009536743,526
2025-07-23,2.490000009536743,2.490000009536743,2.4000000953674316,2.4000000953674316,267
2025-07-24,2.4000000953674316,2.490000009536743,2.359999895095825,2.4800000190734863,6835
2025-07-25,2.4800000190734863,2.4800000190734863,2.380000114440918,2.4700000286102295,4382
2025-07-28,2.4000000953674316,2.4700000286102295,2.390000104904175,2.4700000286102295,3677
2025-07-29,2.380000114440918,2.450000047683716,2.380000114440918,2.450000047683716,71
2025-07-30,2.4700000286102295,2.4700000286102295,2.380000114440918,2.390000104904175,4200
2025-07-31,2.390000104904175,2.4700000286102295,2.309999942779541,2.3399999141693115,8639
2025-08-01,2.3299999237060547,2.430000066757202,2.3299999237060547,2.3499999046325684,6316
2025-08-04,2.380000114440918,2.440000057220459,2.359999895095825,2.4000000953674316,15932
2025-08-05,2.4200000762939453,2.4200000762939453,2.4000000953674316,2.4000000953674316,352
2025-08-06,2.4000000953674316,2.4200000762939453,2.3499999046325684,2.4000000953674316,639
2025-08-07,2.4000000953674316,2.4200000762939453,2.4000000953674316,2.4000000953674316,2274
2025-08-08,2.440000057220459,2.5,2.359999895095825,2.380000114440918,14305
2025-08-11,2.4600000381469727,2.4600000381469727,2.380000114440918,2.4600000381469727,3320
2025-08-12,2.4100000858306885,2.4100000858306885,2.4100000858306885,2.4100000858306885,1
2025-08-13,2.4100000858306885,2.4600000381469727,2.4000000953674316,2.4000000953674316,15376
2025-08-14,2.4000000953674316,2.4000000953674316,2.4000000953674316,2.4000000953674316,0
2025-08-18,2.4000000953674316,2.4700000286102295,2.4000000953674316,2.4700000286102295,5010
2025-08-19,2.4700000286102295,2.4700000286102295,2.4000000953674316,2.4000000953674316,62
2025-08-20,2.4600000381469727,2.4600000381469727,2.450000047683716,2.4600000381469727,1055
2025-08-21,2.4600000381469727,2.4600000381469727,2.4600000381469727,2.4600000381469727,462
2025-08-22,2.4600000381469727,2.4600000381469727,2.390000104904175,2.390000104904175,2525
2025-08-25,2.390000104904175,2.4000000953674316,2.390000104904175,2.390000104904175,12174
2025-08-26,2.450000047683716,2.450000047683716,2.4000000953674316,2.4100000858306885,711
2025-08-27,2.450000047683716,2.450000047683716,2.390000104904175,2.390000104904175,1679
2025-08-28,2.450000047683716,2.450000047683716,2.359999895095825,2.380000114440918,12079
2025-08-29,2.440000057220459,2.440000057220459,2.319999933242798,2.3299999237060547,47900
2025-09-01,2.430000066757202,2.430000066757202,2.319999933242798,2.390000104904175,4906
2025-09-02,2.390000104904175,2.390000104904175,2.390000104904175,2.390000104904175,82
2025-09-03,2.390000104904175,2.4100000858306885,2.319999933242798,2.4000000953674316,3813
2025-09-04,2.4000000953674316,2.4000000953674316,2.309999942779541,2.4000000953674316,5363
2025-09-05,2.4000000953674316,2.4000000953674316,2.319999933242798,2.4000000953674316,831
2025-09-08,2.4000000953674316,2.4000000953674316,2.309999942779541,2.4000000953674316,141
2025-09-09,2.3499999046325684,2.3499999046325684,2.2899999618530273,2.3399999141693115,20208
2025-09-10,2.3499999046325684,2.390000104904175,2.299999952316284,2.3399999141693115,16445
2025-09-11,2.380000114440918,2.390000104904175,2.299999952316284,2.299999952316284,3371
2025-09-12,2.380000114440918,2.380000114440918,2.2899999618530273,2.319999933242798,11447
2025-09-15,2.359999895095825,2.380000114440918,2.319999933242798,2.319999933242798,3963
2025-09-16,2.369999885559082,2.369999885559082,2.2799999713897705,2.2899999618530273,3779
2025-09-17,2.359999895095825,2.359999895095825,2.2799999713897705,2.2799999713897705,149
2025-09-18,2.3399999141693115,2.3399999141693115,2.3299999237060547,2.3399999141693115,1567
2025-09-19,2.3399999141693115,2.3399999141693115,2.3299999237060547,2.3299999237060547,96
2025-09-22,2.3299999237060547,2.3299999237060547,2.2699999809265137,2.3299999237060547,2095
2025-09-23,2.3299999237060547,2.3299999237060547,2.2699999809265137,2.309999942779541,8598
2025-09-24,2.3299999237060547,2.3499999046325684,2.309999942779541,2.309999942779541,1416
2025-09-25,2.3499999046325684,2.3499999046325684,2.3499999046325684,2.3499999046325684,186
2025-09-26,2.309999942779541,2.359999895095825,2.309999942779541,2.319999933242798,1928
2025-09-29,2.319999933242798,2.359999895095825,2.319999933242798,2.359999895095825,1388
2025-09-30,2.319999933242798,2.369999885559082,2.319999933242798,2.3399999141693115,2606
2025-10-01,2.319999933242798,2.319999933242798,2.309999942779541,2.309999942779541,11500
2025-10-02,2.319999933242798,2.430000066757202,2.319999933242798,2.4200000762939453,3355
2025-10-03,2.3399999141693115,2.4100000858306885,2.3399999141693115,2.3499999046325684,1022
2025-10-06,2.3499999046325684,2.4000000953674316,2.3399999141693115,2.3399999141693115,1665
2025-10-07,2.3399999141693115,2.4000000953674316,2.3399999141693115,2.390000104904175,176
2025-10-08,2.3399999141693115,2.390000104904175,2.309999942779541,2.309999942779541,6554
2025-10-09,2.319999933242798,2.390000104904175,2.309999942779541,2.380000114440918,6068
2025-10-10,2.319999933242798,2.319999933242798,2.319999933242798,2.319999933242798,1
2025-10-13,2.380000114440918,2.380000114440918,2.319999933242798,2.319999933242798,430
2025-10-14,2.319999933242798,2.380000114440918,2.309999942779541,2.309999942779541,9921
2025-10-15,2.380000114440918,2.380000114440918,2.319999933242798,2.380000114440918,111
2025-10-16,2.319999933242798,2.380000114440918,2.319999933242798,2.380000114440918,33
2025-10-17,2.380000114440918,2.380000114440918,2.380000114440918,2.380000114440918,1
2025-10-20,2.319999933242798,2.319999933242798,2.319999933242798,2.319999933242798,101
2025-10-21,2.319999933242798,2.3499999046325684,2.299999952316284,2.3499999046325684,9820
2025-10-22,2.369999885559082,2.380000114440918,2.3299999237060547,2.380000114440918,2279
2025-10-23,2.380000114440918,2.380000114440918,2.380000114440918,2.380000114440918,0
2025-10-24,2.3299999237060547,2.3299999237060547,2.319999933242798,2.319999933242798,8000
2025-10-27,2.319999933242798,2.359999895095825,2.319999933242798,2.319999933242798,4755
2025-10-28,2.299999952316284,2.319999933242798,2.299999952316284,2.319999933242798,466
2025-10-29,2.3499999046325684,2.3499999046325684,2.309999942779541,2.309999942779541,8
2025-10-30,2.3399999141693115,2.3399999141693115,2.299999952316284,2.299999952316284,10690
2025-10-31,2.309999942779541,2.3399999141693115,2.309999942779541,2.309999942779541,5863
2025-11-03,2.299999952316284,2.299999952316284,2.200000047683716,2.299999952316284,14713
2025-11-04,2.2200000286102295,2.299999952316284,2.190000057220459,2.2899999618530273,6809
2025-11-05,2.2200000286102295,2.3399999141693115,2.200000047683716,2.2899999618530273,43478
2025-11-06,2.2899999618530273,2.4200000762939453,2.2899999618530273,2.380000114440918,22796
2025-11-07,2.299999952316284,2.369999885559082,2.2799999713897705,2.369999885559082,8909
2025-11-10,2.299999952316284,2.359999895095825,2.240000009536743,2.299999952316284,13259
2025-11-12,2.3499999046325684,2.359999895095825,2.240000009536743,2.359999895095825,2112
2025-11-13,2.359999895095825,2.359999895095825,2.240000009536743,2.359999895095825,11918
2025-11-14,2.259999990463257,2.369999885559082,2.259999990463257,2.359999895095825,4132
2025-11-17,2.2899999618530273,2.299999952316284,2.0799999237060547,2.180000066757202,81818
2025-11-18,2.1500000953674316,2.180000066757202,2.0899999141693115,2.180000066757202,20820
2025-11-19,2.140000104904175,2.180000066757202,1.9600000381469727,2.0399999618530273,36532
2025-11-20,2.0,2.0199999809265137,1.9500000476837158,2.0199999809265137,13820
2025-11-21,2.0,2.0199999809265137,1.9700000286102295,2.0199999809265137,3891
2025-11-24,2.0,2.0299999713897705,1.9700000286102295,2.0299999713897705,5108
2025-11-25,1.9950000047683716,2.0299999713897705,1.9700000286102295,2.0199999809265137,6793
2025-11-26,2.0299999713897705,2.0299999713897705,1.8600000143051147,2.0,18526
2025-11-27,1.9299999475479126,2.009999990463257,1.8849999904632568,1.9600000381469727,23451
2025-11-28,1.9600000381469727,1.9600000381469727,1.8049999475479126,1.9450000524520874,40295
2025-12-01,1.9450000524520874,1.9450000524520874,1.7999999523162842,1.8700000047683716,8383
2025-12-02,1.7999999523162842,1.8600000143051147,1.7000000476837158,1.7400000095367432,157807
2025-12-03,1.715000033378601,1.7949999570846558,1.7100000381469727,1.7949999570846558,8363
2025-12-04,1.7949999570846558,1.7999999523162842,1.7300000190734863,1.7999999523162842,5079
2025-12-05,1.7999999523162842,1.8450000286102295,1.7599999904632568,1.840000033378601,2598
2025-12-08,1.840000033378601,1.850000023841858,1.7599999904632568,1.850000023841858,4581
2025-12-09,1.7999999523162842,1.8450000286102295,1.7599999904632568,1.8300000429153442,2025
2025-12-10,1.8250000476837158,1.8300000429153442,1.7899999618530273,1.7999999523162842,577
2025-12-11,1.7899999618530273,1.7999999523162842,1.7200000286102295,1.7949999570846558,6613
2025-12-12,1.7799999713897705,1.7999999523162842,1.725000023841858,1.7999999523162842,4707
2025-12-15,1.725000023841858,1.850000023841858,1.725000023841858,1.840000033378601,5437
2025-12-16,1.8200000524520874,1.8200000524520874,1.7599999904632568,1.8200000524520874,4327
2025-12-17,1.7549999952316284,1.8200000524520874,1.7450000047683716,1.7549999952316284,7687
2025-12-18,1.8200000524520874,1.8200000524520874,1.7000000476837158,1.7400000095367432,78058
2025-12-19,1.809999942779541,1.809999942779541,1.6299999952316284,1.715000033378601,53553
2025-12-22,1.6799999475479126,1.7949999570846558,1.6799999475479126,1.7549999952316284,43579
2025-12-23,1.7549999952316284,1.7949999570846558,1.75,1.7949999570846558,23192
2025-12-29,1.7549999952316284,2.119999885559082,1.7549999952316284,2.109999895095825,70877
2025-12-30,2.140000104904175,2.1500000953674316,2.009999990463257,2.119999885559082,13921
2026-01-02,2.140000104904175,2.140000104904175,1.9299999475479126,2.0399999618530273,11392
2026-01-05,2.049999952316284,2.049999952316284,1.909999966621399,2.009999990463257,14854
2026-01-07,2.0,2.009999990463257,1.9249999523162842,1.9800000190734863,1867
2026-01-08,1.9299999475479126,1.975000023841858,1.9249999523162842,1.9299999475479126,1087
2026-01-09,1.9249999523162842,1.975000023841858,1.8949999809265137,1.909999966621399,12625
2026-01-12,1.9049999713897705,2.049999952316284,1.850000023841858,2.049999952316284,13690
2026-01-13,2.049999952316284,2.049999952316284,1.9049999713897705,2.0,4634
2026-01-14,1.9199999570846558,1.9800000190734863,1.9149999618530273,1.9800000190734863,23
2026-01-15,1.934999942779541,2.009999990463257,1.9049999713897705,2.0,1642
2026-01-16,1.940000057220459,2.0,1.9049999713897705,2.0,196
2026-01-19,1.940000057220459,2.0,1.9049999713897705,2.0,6716
2026-01-20,1.9149999618530273,2.0,1.9149999618530273,2.0,85
2026-01-21,1.9149999618530273,1.940000057220459,1.875,1.9249999523162842,10545
2026-01-22,1.875,1.9850000143051147,1.875,1.9800000190734863,7989
2026-01-23,1.9800000190734863,1.9850000143051147,1.899999976158142,1.9850000143051147,2479
2026-01-26,1.899999976158142,1.9500000476837158,1.899999976158142,1.9500000476837158,3874
2026-01-27,1.9500000476837158,1.9500000476837158,1.8849999904632568,1.9500000476837158,5268
2026-01-28,1.9500000476837158,1.9500000476837158,1.899999976158142,1.9500000476837158,2363
2026-01-29,1.8849999904632568,1.9249999523162842,1.8799999952316284,1.8899999856948853,5714
2026-01-30,1.8899999856948853,1.940000057220459,1.8899999856948853,1.940000057220459,806
2026-02-02,1.8799999952316284,1.9600000381469727,1.8799999952316284,1.9600000381469727,131
2026-02-03,1.9600000381469727,1.9600000381469727,1.9600000381469727,1.9600000381469727,0
2026-02-04,1.8899999856948853,1.9550000429153442,1.8799999952316284,1.9550000429153442,1634
2026-02-05,1.9550000429153442,1.9550000429153442,1.9550000429153442,1.9550000429153442,0
2026-02-06,1.8849999904632568,1.975000023841858,1.8799999952316284,1.975000023841858,2163
2026-02-09,1.899999976158142,1.9950000047683716,1.850000023841858,1.9800000190734863,8798
2026-02-10,1.9800000190734863,1.9800000190734863,1.875,1.9800000190734863,1663
2026-02-11,1.899999976158142,1.9850000143051147,1.8450000286102295,1.9850000143051147,1500
2026-02-12,1.9850000143051147,1.9900000095367432,1.8650000095367432,1.9900000095367432,5255
2026-02-13,1.9900000095367432,1.9900000095367432,1.9900000095367432,1.9900000095367432,0
2026-02-16,1.8799999952316284,1.9850000143051147,1.8650000095367432,1.9199999570846558,4935
2026-02-17,1.875,1.9850000143051147,1.8450000286102295,1.9850000143051147,1578
2026-02-18,1.975000023841858,1.975000023841858,1.8550000190734863,1.975000023841858,3046
2026-02-19,1.8650000095367432,1.9600000381469727,1.8550000190734863,1.8600000143051147,1019
2026-02-20,1.8650000095367432,1.975000023841858,1.8600000143051147,1.965000033378601,5794
2026-02-23,1.8650000095367432,1.9550000429153442,1.8550000190734863,1.9500000476837158,1908
2026-02-24,1.8650000095367432,1.934999942779541,1.8550000190734863,1.934999942779541,3866
2026-02-25,1.8650000095367432,1.934999942779541,1.8550000190734863,1.934999942779541,1006
2026-02-26,1.8600000143051147,1.9299999475479126,1.8550000190734863,1.9299999475479126,2628
2026-02-27,1.899999976158142,1.899999976158142,1.8550000190734863,1.899999976158142,1935
2026-03-02,1.8650000095367432,1.899999976158142,1.8550000190734863,1.8899999856948853,35
2026-03-03,1.8899999856948853,1.9249999523162842,1.8550000190734863,1.899999976158142,835
2026-03-04,1.8600000143051147,1.8899999856948853,1.8600000143051147,1.8899999856948853,17
2026-03-05,1.8650000095367432,1.8899999856948853,1.8450000286102295,1.8899999856948853,2333
2026-03-06,1.8899999856948853,1.899999976158142,1.850000023841858,1.899999976158142,275
2026-03-09,1.8600000143051147,1.899999976158142,1.8450000286102295,1.899999976158142,3628
2026-03-10,1.8550000190734863,1.899999976158142,1.8550000190734863,1.899999976158142,168
2026-03-11,1.8600000143051147,1.8799999952316284,1.850000023841858,1.8799999952316284,3921
2026-03-12,1.8550000190734863,1.8550000190734863,1.8550000190734863,1.8550000190734863,1
2026-03-13,1.850000023841858,1.8799999952316284,1.8300000429153442,1.8799999952316284,4533
2026-03-16,1.8300000429153442,1.8799999952316284,1.8300000429153442,1.8799999952316284,4283
2026-03-17,1.8250000476837158,1.875,1.8200000524520874,1.875,605
2026-03-18,1.8200000524520874,1.8799999952316284,1.809999942779541,1.8799999952316284,2899
2026-03-19,1.8700000047683716,1.8700000047683716,1.8700000047683716,1.8700000047683716,4
2026-03-20,1.8250000476837158,1.8450000286102295,1.75,1.8450000286102295,6641
2026-03-23,1.8350000381469727,1.8450000286102295,1.7999999523162842,1.8450000286102295,3411
2026-03-24,1.8450000286102295,1.875,1.75,1.8450000286102295,452
2026-03-25,1.8049999475479126,1.8450000286102295,1.75,1.8450000286102295,1919
2026-03-26,1.8450000286102295,1.8450000286102295,1.8450000286102295,1.8450000286102295,1
2026-03-27,1.840000033378601,1.875,1.840000033378601,1.850000023841858,1990
2026-03-30,1.850000023841858,1.850000023841858,1.850000023841858,1.850000023841858,9
2026-03-31,1.875,1.875,1.875,1.875,2
2026-04-01,1.8700000047683716,1.8700000047683716,1.7999999523162842,1.840000033378601,2525
2026-04-02,1.840000033378601,1.899999976158142,1.7649999856948853,1.8949999809265137,5613
2026-04-07,1.8550000190734863,1.8600000143051147,1.8550000190734863,1.8600000143051147,2000
2026-04-08,1.815000057220459,1.850000023841858,1.7899999618530273,1.850000023841858,5095
2026-04-09,1.809999942779541,1.850000023841858,1.809999942779541,1.850000023841858,5
2026-04-10,1.809999942779541,1.850000023841858,1.7899999618530273,1.850000023841858,1806
2026-04-13,1.8049999475479126,1.8450000286102295,1.7899999618530273,1.840000033378601,4612
2026-04-14,1.8300000429153442,1.8450000286102295,1.7999999523162842,1.8450000286102295,422
2026-04-15,1.8049999475479126,1.840000033378601,1.7999999523162842,1.840000033378601,911
2026-04-16,1.8049999475479126,1.8049999475479126,1.7899999618530273,1.7999999523162842,3430
2026-04-17,1.8250000476837158,1.8350000381469727,1.7899999618530273,1.8300000429153442,3337
2026-04-20,1.7899999618530273,1.8250000476837158,1.7699999809265137,1.8200000524520874,3776
2026-04-21,1.8200000524520874,1.8200000524520874,1.8200000524520874,1.8200000524520874,0
2026-04-22,1.8250000476837158,1.8250000476837158,1.8250000476837158,1.8250000476837158,3
2026-04-23,1.784999966621399,1.815000057220459,1.7100000381469727,1.815000057220459,4606
2026-04-24,1.75,1.815000057220459,1.725000023841858,1.8049999475479126,227
2026-04-27,1.725000023841858,1.7999999523162842,1.715000033378601,1.7999999523162842,749
2026-04-28,1.7999999523162842,1.809999942779541,1.7599999904632568,1.7799999713897705,6619
2026-04-29,1.7350000143051147,1.8049999475479126,1.7300000190734863,1.8049999475479126,26
2026-04-30,1.7799999713897705,1.8049999475479126,1.7799999713897705,1.8049999475479126,13
2026-05-04,1.7949999570846558,1.7949999570846558,1.6200000047683716,1.684999942779541,12372
2026-05-05,1.7350000143051147,1.7350000143051147,1.725000023841858,1.7300000190734863,1822
2026-05-06,1.6349999904632568,1.684999942779541,1.6100000143051147,1.684999942779541,17019
2026-05-07,1.6349999904632568,1.7350000143051147,1.6150000095367432,1.690000057220459,7125
2026-05-08,1.6699999570846558,1.684999942779541,1.5499999523162842,1.6449999809265137,9296
2026-05-11,1.5700000524520874,1.6699999570846558,1.5549999475479126,1.6699999570846558,5435
2026-05-12,1.6200000047683716,1.6699999570846558,1.565000057220459,1.6699999570846558,623
2026-05-13,1.659999966621399,1.7699999809265137,1.659999966621399,1.7699999809265137,89655
2026-05-14,1.7050000429153442,1.7699999809265137,1.7000000476837158,1.7649999856948853,614
2026-05-15,1.7050000429153442,1.75,1.649999976158142,1.6649999618530273,16553
2026-05-18,1.6699999570846558,1.6699999570846558,1.649999976158142,1.649999976158142,3673
2026-05-19,1.690000057220459,1.7400000095367432,1.649999976158142,1.7400000095367432,3325
2026-05-20,1.7050000429153442,1.7400000095367432,1.649999976158142,1.7400000095367432,1020
2026-05-21,1.659999966621399,1.7200000286102295,1.649999976158142,1.7200000286102295,1090
2026-05-22,1.659999966621399,1.7200000286102295,1.6549999713897705,1.7200000286102295,1006
2026-05-25,1.6649999618530273,1.7699999809265137,1.6649999618530273,1.7699999809265137,15534
2026-05-26,1.7350000143051147,1.7699999809265137,1.7100000381469727,1.7699999809265137,2296
2026-05-27,1.7300000190734863,1.75,1.7300000190734863,1.75,1151
2026-05-28,1.7599999904632568,1.8200000524520874,1.7599999904632568,1.8200000524520874,14855
2026-05-29,1.8200000524520874,1.8250000476837158,1.7699999809265137,1.7699999809265137,2416
2026-06-01,1.809999942779541,1.809999942779541,1.7200000286102295,1.7300000190734863,7498
2026-06-02,1.7350000143051147,1.7350000143051147,1.715000033378601,1.715000033378601,3577
2026-06-03,1.715000033378601,1.8200000524520874,1.715000033378601,1.7999999523162842,797
2026-06-05,1.7300000190734863,1.809999942779541,1.7200000286102295,1.809999942779541,48
2026-06-08,1.7599999904632568,1.815000057220459,1.7300000190734863,1.8049999475479126,9026
2026-06-09,1.7400000095367432,1.8300000429153442,1.7400000095367432,1.8200000524520874,10608
2026-06-10,1.8250000476837158,1.8849999904632568,1.8049999475479126,1.8849999904632568,8954
2026-06-11,1.8550000190734863,1.8799999952316284,1.815000057220459,1.8799999952316284,6305
2026-06-12,1.850000023841858,1.9850000143051147,1.815000057220459,1.965000033378601,8713
2026-06-15,1.965000033378601,1.9800000190734863,1.875,1.9800000190734863,2600
2026-06-16,1.9700000286102295,1.9700000286102295,1.8600000143051147,1.8799999952316284,791
2026-06-17,1.8849999904632568,1.9600000381469727,1.8799999952316284,1.9600000381469727,1419
2026-06-18,1.8799999952316284,1.940000057220459,1.8350000381469727,1.9249999523162842,2618
2026-06-19,1.9249999523162842,1.9249999523162842,1.8350000381469727,1.9249999523162842,275
2026-06-22,1.8450000286102295,1.9199999570846558,1.784999966621399,1.909999966621399,4545
2026-06-23,1.8049999475479126,1.8899999856948853,1.7799999713897705,1.7999999523162842,1118
2026-06-24,1.8899999856948853,1.909999966621399,1.7699999809265137,1.774999976158142,21538
2026-06-25,1.8049999475479126,1.8899999856948853,1.8049999475479126,1.8049999475479126,741
2026-06-26,1.8799999952316284,1.9550000429153442,1.8799999952316284,1.899999976158142,15664
2026-06-29,1.9450000524520874,1.9500000476837158,1.899999976158142,1.899999976158142,5169
2026-06-30,1.9450000524520874,1.9450000524520874,1.899999976158142,1.899999976158142,252
2026-07-01,1.9450000524520874,1.9450000524520874,1.7450000047683716,1.7450000047683716,25181
2026-07-02,1.7549999952316284,1.8799999952316284,1.7549999952316284,1.7799999713897705,4296
2026-07-03,1.7899999618530273,1.8700000047683716,1.7549999952316284,1.784999966621399,2023
2026-07-06,1.784999966621399,1.840000033378601,1.75,1.774999976158142,2068
2026-07-07,1.809999942779541,1.850000023841858,1.8049999475479126,1.8049999475479126,2007
2026-07-08,1.8650000095367432,1.8700000047683716,1.8650000095367432,1.8650000095367432,53
2026-07-09,1.8700000047683716,1.9800000190734863,1.8049999475479126,1.975000023841858,7760
2026-07-10,1.909999966621399,1.975000023841858,1.899999976158142,1.975000023841858,25988
2026-07-13,1.909999966621399,1.9550000429153442,1.899999976158142,1.9149999618530273,15
2026-07-14,1.9550000429153442,2.0199999809265137,1.8650000095367432,1.899999976158142,27918
2026-07-15,2.0,2.049999952316284,1.909999966621399,2.0,19798
2026-07-16,2.0,2.009999990463257,2.0,2.0,1520
2026-07-17,2.009999990463257,2.009999990463257,2.0,2.0,2979
2026-07-20,2.0,2.0,1.940000057220459,2.0,38202
2026-07-21,2.0,2.0,1.9450000524520874,1.9450000524520874,12615
2026-07-22,1.9600000381469727,1.9950000047683716,1.9299999475479126,1.9299999475479126,1648
2026-07-23,1.9950000047683716,1.9950000047683716,1.9049999713897705,1.9049999713897705,2090
2026-07-24,1.8949999809265137,1.9800000190734863,1.8049999475479126,1.9450000524520874,3665
2026-07-27,1.9450000524520874,1.9500000476837158,1.809999942779541,1.8200000524520874,909
2026-07-28,1.809999942779541,1.899999976158142,1.8049999475479126,1.8899999856948853,9063
2026-07-29,1.809999942779541,1.8899999856948853,1.809999942779541,1.840000033378601,14
2026-07-30,1.809999942779541,1.8899999856948853,1.809999942779541,1.809999942779541,117
2026-07-31,1.8849999904632568,1.9450000524520874,1.8849999904632568,1.934999942779541,9454
2026-08-03,1.9049999713897705,1.9900000095367432,1.9049999713897705,1.9900000095367432,8957
2026-08-04,1.9600000381469727,1.9900000095367432,1.899999976158142,1.9049999713897705,5043
2026-08-05,1.975000023841858,1.975000023841858,1.9049999713897705,1.9299999475479126,92
2026-08-06,1.909999966621399,1.965000033378601,1.9049999713897705,1.9049999713897705,72
2026-08-07,1.9600000381469727,1.965000033378601,1.815000057220459,1.8300000429153442,5146
2026-08-10,1.9249999523162842,1.9900000095367432,1.9249999523162842,1.9900000095367432,7265
2026-08-11,1.9800000190734863,1.9800000190734863,1.9049999713897705,1.9800000190734863,74
2026-08-12,1.9450000524520874,1.9800000190734863,1.909999966621399,1.9800000190734863,16
2026-08-13,1.9199999570846558,1.9800000190734863,1.9199999570846558,1.9800000190734863,105
2026-08-14,1.9700000286102295,2.0899999141693115,1.9700000286102295,2.069999933242798,18142
2026-08-17,2.0899999141693115,2.0899999141693115,2.0299999713897705,2.0799999237060547,143
2026-08-18,2.0199999809265137,2.0899999141693115,2.0199999809265137,2.0899999141693115,801
2026-08-19,2.009999990463257,2.0899999141693115,2.0,2.0899999141693115,7905
2026-08-20,2.0,2.0899999141693115,2.0,2.0899999141693115,473
2026-08-21,2.0799999237060547,2.0899999141693115,2.0,2.0799999237060547,17
2026-08-24,2.009999990463257,2.0799999237060547,2.0,2.0799999237060547,12
2026-08-25,2.009999990463257,2.059999942779541,2.0,2.059999942779541,1085
2026-08-26,2.009999990463257,2.0299999713897705,2.0,2.0299999713897705,9730
2026-08-27,1.9800000190734863,2.0199999809265137,1.9249999523162842,2.0199999809265137,12
2026-08-28,1.940000057220459,2.0199999809265137,1.934999942779541,2.0199999809265137,527
2026-08-31,2.0199999809265137,2.0199999809265137,2.0199999809265137,2.0199999809265137,6
2026-09-01,2.0,2.0299999713897705,2.0,2.0299999713897705,472
2026-09-02,2.0199999809265137,2.0199999809265137,2.0199999809265137,2.0199999809265137,1
2026-09-03,1.9500000476837158,2.009999990463257,1.8650000095367432,2.009999990463257,15
2026-09-04,2.009999990463257,2.009999990463257,2.009999990463257,2.009999990463257,0
2026-09-08,2.0,2.0,2.0,2.0,10
2026-09-09,1.9149999618530273,1.9950000047683716,1.899999976158142,1.9950000047683716,1504
2026-09-10,1.909999966621399,1.9950000047683716,1.875,1.9950000047683716,9
2026-09-11,1.9950000047683716,1.9950000047683716,1.9950000047683716,1.9950000047683716,0
2026-09-14,1.9049999713897705,1.9900000095367432,1.8350000381469727,1.9049999713897705,26
2026-09-15,1.9800000190734863,2.0399999618530273,1.850000023841858,2.0,28230
2026-09-17,2.0299999713897705,2.0299999713897705,2.0299999713897705,2.0299999713897705,9
2026-09-18,1.9049999713897705,2.0299999713897705,1.899999976158142,2.0299999713897705,487
