date,open,high,low,close,volume
2021-09-17,6.940000057220459,7.0,6.900000095367432,6.920000076293945,4378
2021-09-20,6.860000133514404,6.860000133514404,6.179999828338623,6.619999885559082,58182
2021-09-21,6.579999923706055,6.980000019073486,6.460000038146973,6.800000190734863,119036
2021-09-22,6.760000228881836,6.920000076293945,6.760000228881836,6.840000152587891,5712
2021-09-23,6.900000095367432,6.900000095367432,6.639999866485596,6.699999809265137,8115
2021-09-24,6.71999979019165,6.860000133514404,6.71999979019165,6.860000133514404,1860
2021-09-27,6.699999809265137,6.800000190734863,6.699999809265137,6.71999979019165,4394
2021-09-28,6.71999979019165,6.71999979019165,6.5,6.5,12900
2021-09-29,6.440000057220459,6.579999923706055,6.420000076293945,6.579999923706055,3468
2021-09-30,6.619999885559082,6.619999885559082,6.099999904632568,6.300000190734863,66336
2021-10-01,6.340000152587891,6.340000152587891,6.21999979019165,6.28000020980835,23297
2021-10-04,6.260000228881836,6.28000020980835,6.139999866485596,6.199999809265137,25365
2021-10-05,6.199999809265137,6.199999809265137,6.019999980926514,6.159999847412109,25601
2021-10-06,6.159999847412109,6.380000114440918,6.159999847412109,6.380000114440918,9093
2021-10-07,6.380000114440918,6.599999904632568,6.260000228881836,6.5,17600
2021-10-08,6.5,6.5,6.260000228881836,6.320000171661377,18053
2021-10-11,6.360000133514404,6.400000095367432,6.179999828338623,6.400000095367432,10853
2021-10-12,6.400000095367432,6.800000190734863,6.400000095367432,6.699999809265137,10644
2021-10-13,6.699999809265137,6.739999771118164,6.579999923706055,6.599999904632568,4089
2021-10-14,6.599999904632568,6.679999828338623,6.559999942779541,6.559999942779541,2824
2021-10-15,6.599999904632568,6.78000020980835,6.599999904632568,6.699999809265137,8048
2021-10-18,6.760000228881836,6.960000038146973,6.519999980926514,6.940000057220459,12771
2021-10-19,6.940000057220459,6.940000057220459,6.800000190734863,6.820000171661377,10214
2021-10-20,6.820000171661377,6.880000114440918,6.800000190734863,6.800000190734863,6852
2021-10-21,6.820000171661377,6.820000171661377,6.679999828338623,6.679999828338623,6662
2021-10-22,6.679999828338623,6.679999828338623,6.5,6.559999942779541,28679
2021-10-25,6.519999980926514,6.559999942779541,6.5,6.559999942779541,2264
2021-10-26,6.559999942779541,6.599999904632568,6.559999942779541,6.599999904632568,556
2021-10-27,6.539999961853027,6.539999961853027,6.480000019073486,6.519999980926514,3916
2021-10-28,6.5,6.559999942779541,6.400000095367432,6.400000095367432,8127
2021-10-29,6.5,6.639999866485596,6.440000057220459,6.579999923706055,1409
2021-11-02,6.579999923706055,6.579999923706055,6.320000171661377,6.460000038146973,10041
2021-11-03,6.5,6.579999923706055,6.400000095367432,6.5,6615
2021-11-04,6.5,6.5,6.340000152587891,6.440000057220459,10824
2021-11-05,6.420000076293945,6.460000038146973,6.400000095367432,6.460000038146973,2519
2021-11-08,6.480000019073486,6.480000019073486,6.400000095367432,6.480000019073486,2156
2021-11-09,6.480000019073486,6.480000019073486,6.400000095367432,6.400000095367432,2761
2021-11-10,6.380000114440918,6.380000114440918,6.239999771118164,6.260000228881836,3774
2021-11-12,6.320000171661377,6.5,6.260000228881836,6.340000152587891,6049
2021-11-15,6.480000019073486,6.5,6.300000190734863,6.300000190734863,9315
2021-11-16,6.340000152587891,6.340000152587891,6.260000228881836,6.260000228881836,2827
2021-11-17,6.360000133514404,6.460000038146973,6.21999979019165,6.320000171661377,6181
2021-11-18,6.300000190734863,6.400000095367432,6.179999828338623,6.28000020980835,9844
2021-11-19,6.239999771118164,6.239999771118164,5.900000095367432,6.079999923706055,22211
2021-11-22,6.0,6.159999847412109,6.0,6.039999961853027,7009
2021-11-23,6.039999961853027,6.119999885559082,6.0,6.119999885559082,6478
2021-11-24,6.119999885559082,6.260000228881836,5.880000114440918,6.0,16186
2021-11-25,6.039999961853027,6.28000020980835,6.0,6.0,16616
2021-11-26,6.0,6.0,5.659999847412109,5.679999828338623,29905
2021-11-29,5.519999980926514,5.860000133514404,5.519999980926514,5.800000190734863,6082
2021-11-30,5.800000190734863,5.800000190734863,5.599999904632568,5.659999847412109,10448
2021-12-01,5.619999885559082,5.800000190734863,5.619999885559082,5.619999885559082,11319
2021-12-02,5.639999866485596,5.679999828338623,5.599999904632568,5.599999904632568,9953
2021-12-03,5.699999809265137,5.699999809265137,5.579999923706055,5.639999866485596,30111
2021-12-06,5.639999866485596,5.639999866485596,5.599999904632568,5.639999866485596,2095
2021-12-07,5.639999866485596,5.639999866485596,5.579999923706055,5.639999866485596,5516
2021-12-08,5.639999866485596,5.639999866485596,5.460000038146973,5.599999904632568,11904
2021-12-09,5.599999904632568,5.619999885559082,5.460000038146973,5.559999942779541,12261
2021-12-10,5.5,5.559999942779541,5.440000057220459,5.5,12244
2021-12-13,5.519999980926514,5.519999980926514,5.400000095367432,5.400000095367432,30799
2021-12-14,5.440000057220459,5.480000019073486,5.019999980926514,5.300000190734863,19967
2021-12-15,5.300000190734863,5.340000152587891,5.21999979019165,5.260000228881836,10310
2021-12-16,5.340000152587891,5.440000057220459,5.260000228881836,5.400000095367432,6702
2021-12-17,5.420000076293945,5.659999847412109,5.420000076293945,5.539999961853027,12192
2021-12-20,5.519999980926514,5.559999942779541,5.420000076293945,5.559999942779541,12884
2021-12-21,5.579999923706055,5.639999866485596,5.5,5.599999904632568,9347
2021-12-22,5.619999885559082,5.639999866485596,5.559999942779541,5.559999942779541,1424
2021-12-23,5.559999942779541,5.599999904632568,5.5,5.599999904632568,3248
2021-12-27,5.460000038146973,5.599999904632568,5.380000114440918,5.440000057220459,35146
2021-12-28,5.400000095367432,5.400000095367432,5.119999885559082,5.360000133514404,29742
2021-12-29,5.360000133514404,5.619999885559082,5.360000133514404,5.599999904632568,14131
2021-12-30,5.579999923706055,5.579999923706055,5.5,5.559999942779541,3993
2022-01-03,5.559999942779541,5.940000057220459,5.559999942779541,5.880000114440918,14079
2022-01-04,5.900000095367432,5.900000095367432,5.840000152587891,5.840000152587891,3164
2022-01-05,5.880000114440918,5.980000019073486,5.880000114440918,5.980000019073486,5621
2022-01-07,5.980000019073486,5.980000019073486,5.840000152587891,5.900000095367432,4655
2022-01-10,5.960000038146973,5.960000038146973,5.679999828338623,5.679999828338623,11372
2022-01-11,5.679999828338623,5.760000228881836,5.639999866485596,5.760000228881836,7644
2022-01-12,5.800000190734863,5.880000114440918,5.699999809265137,5.760000228881836,3544
2022-01-13,5.760000228881836,5.900000095367432,5.699999809265137,5.820000171661377,5608
2022-01-14,5.820000171661377,5.960000038146973,5.820000171661377,5.820000171661377,4430
2022-01-17,5.820000171661377,5.820000171661377,5.78000020980835,5.78000020980835,2425
2022-01-18,5.800000190734863,5.880000114440918,5.679999828338623,5.820000171661377,2509
2022-01-19,5.739999771118164,5.78000020980835,5.659999847412109,5.78000020980835,3657
2022-01-20,5.699999809265137,5.78000020980835,5.599999904632568,5.760000228881836,8174
2022-01-21,5.739999771118164,5.739999771118164,5.599999904632568,5.599999904632568,3708
2022-01-24,5.599999904632568,5.599999904632568,5.079999923706055,5.159999847412109,16276
2022-01-25,5.159999847412109,5.460000038146973,5.119999885559082,5.28000020980835,7904
2022-01-26,5.199999809265137,5.360000133514404,5.159999847412109,5.239999771118164,31365
2022-01-27,5.239999771118164,5.239999771118164,5.179999828338623,5.199999809265137,35283
2022-01-28,5.28000020980835,5.460000038146973,5.199999809265137,5.199999809265137,5805
2022-01-31,5.300000190734863,5.480000019073486,5.300000190734863,5.480000019073486,1926
2022-02-01,5.639999866485596,5.639999866485596,5.420000076293945,5.519999980926514,2406
2022-02-02,5.519999980926514,5.71999979019165,5.519999980926514,5.619999885559082,9359
2022-02-03,5.699999809265137,6.260000228881836,5.699999809265137,6.239999771118164,37030
2022-02-04,6.199999809265137,6.360000133514404,6.039999961853027,6.159999847412109,15664
2022-02-07,6.179999828338623,6.21999979019165,5.840000152587891,6.0,3928
2022-02-08,6.0,6.059999942779541,5.860000133514404,6.0,2801
2022-02-09,6.0,6.139999866485596,5.900000095367432,6.059999942779541,3663
2022-02-10,6.099999904632568,6.139999866485596,5.900000095367432,6.139999866485596,22665
2022-02-11,6.139999866485596,6.139999866485596,5.900000095367432,6.0,3593
2022-02-14,5.860000133514404,5.860000133514404,5.599999904632568,5.860000133514404,4985
2022-02-15,5.840000152587891,5.880000114440918,5.739999771118164,5.840000152587891,4809
2022-02-16,5.800000190734863,5.900000095367432,5.800000190734863,5.900000095367432,2250
2022-02-17,5.900000095367432,5.900000095367432,5.320000171661377,5.78000020980835,14336
2022-02-18,5.760000228881836,5.800000190734863,5.760000228881836,5.800000190734863,2090
2022-02-21,5.739999771118164,5.760000228881836,5.619999885559082,5.71999979019165,3165
2022-02-22,5.599999904632568,5.699999809265137,5.5,5.699999809265137,14292
2022-02-23,5.739999771118164,5.78000020980835,5.579999923706055,5.739999771118164,2117
2022-02-24,5.300000190734863,5.320000171661377,4.769999980926514,4.78000020980835,38802
2022-02-25,4.900000095367432,5.260000228881836,4.900000095367432,5.119999885559082,8843
2022-02-28,5.099999904632568,5.480000019073486,5.099999904632568,5.199999809265137,34857
2022-03-01,5.300000190734863,5.460000038146973,5.239999771118164,5.360000133514404,14204
2022-03-02,5.360000133514404,5.699999809265137,5.239999771118164,5.699999809265137,58534
2022-03-03,6.0,6.420000076293945,5.800000190734863,6.0,73182
2022-03-04,6.119999885559082,6.260000228881836,5.679999828338623,5.679999828338623,29272
2022-03-07,5.699999809265137,5.840000152587891,5.5,5.739999771118164,13616
2022-03-08,5.840000152587891,5.840000152587891,5.659999847412109,5.659999847412109,17995
2022-03-09,5.619999885559082,5.78000020980835,5.579999923706055,5.639999866485596,40741
2022-03-10,5.539999961853027,5.659999847412109,5.5,5.5,9300
2022-03-11,5.519999980926514,5.739999771118164,5.519999980926514,5.739999771118164,13486
2022-03-14,5.800000190734863,5.800000190734863,5.699999809265137,5.699999809265137,1260
2022-03-15,5.599999904632568,5.920000076293945,5.599999904632568,5.920000076293945,5331
2022-03-16,5.800000190734863,5.920000076293945,5.760000228881836,5.880000114440918,6541
2022-03-17,5.840000152587891,5.840000152587891,5.659999847412109,5.820000171661377,5151
2022-03-18,5.800000190734863,5.800000190734863,5.599999904632568,5.71999979019165,14067
2022-03-21,5.78000020980835,5.940000057220459,5.639999866485596,5.860000133514404,7116
2022-03-22,5.800000190734863,5.920000076293945,5.71999979019165,5.880000114440918,14302
2022-03-23,6.0,6.0,5.840000152587891,5.900000095367432,3796
2022-03-24,5.860000133514404,8.539999961853027,5.860000133514404,8.100000381469727,219491
2022-03-25,8.300000190734863,9.119999885559082,7.860000133514404,8.199999809265137,602047
2022-03-28,8.220000267028809,8.460000038146973,7.760000228881836,7.880000114440918,178258
2022-03-29,7.820000171661377,8.140000343322754,7.5,7.659999847412109,96236
2022-03-30,7.579999923706055,8.020000457763672,7.5,7.78000020980835,89313
2022-03-31,7.659999847412109,7.800000190734863,7.5,7.760000228881836,58125
2022-04-01,7.679999828338623,7.78000020980835,7.599999904632568,7.699999809265137,56985
2022-04-04,7.78000020980835,8.260000228881836,7.739999771118164,8.119999885559082,143014
2022-04-05,8.119999885559082,8.119999885559082,7.599999904632568,7.840000152587891,89529
2022-04-06,7.840000152587891,7.920000076293945,7.639999866485596,7.78000020980835,42362
2022-04-07,7.800000190734863,7.800000190734863,7.099999904632568,7.480000019073486,74713
2022-04-08,7.5,7.539999961853027,7.320000171661377,7.539999961853027,17446
2022-04-11,7.519999980926514,7.539999961853027,7.300000190734863,7.5,23761
2022-04-12,7.539999961853027,7.619999885559082,7.5,7.619999885559082,33075
2022-04-13,7.639999866485596,7.639999866485596,7.480000019073486,7.480000019073486,27514
2022-04-14,7.480000019073486,7.659999847412109,7.480000019073486,7.539999961853027,21345
2022-04-19,7.519999980926514,7.519999980926514,7.300000190734863,7.400000095367432,14862
2022-04-20,7.380000114440918,7.480000019073486,7.199999809265137,7.360000133514404,17965
2022-04-21,7.340000152587891,7.440000057220459,7.21999979019165,7.440000057220459,23838
2022-04-22,7.420000076293945,7.420000076293945,7.159999847412109,7.21999979019165,16304
2022-04-25,7.21999979019165,7.239999771118164,6.880000114440918,7.119999885559082,24911
2022-04-26,7.079999923706055,7.5,7.0,7.159999847412109,25828
2022-04-27,7.059999942779541,7.139999866485596,6.860000133514404,7.059999942779541,14462
2022-04-28,7.059999942779541,7.079999923706055,6.860000133514404,6.900000095367432,21793
2022-04-29,6.920000076293945,7.179999828338623,6.820000171661377,7.059999942779541,35503
2022-05-02,7.0,7.199999809265137,7.0,7.099999904632568,26098
2022-05-04,7.099999904632568,7.380000114440918,7.099999904632568,7.340000152587891,33316
2022-05-05,7.340000152587891,7.340000152587891,7.099999904632568,7.099999904632568,22560
2022-05-06,7.179999828338623,7.179999828338623,6.679999828338623,6.860000133514404,21238
2022-05-09,6.860000133514404,6.880000114440918,6.679999828338623,6.820000171661377,2954
2022-05-10,6.820000171661377,6.840000152587891,6.659999847412109,6.800000190734863,5096
2022-05-11,6.800000190734863,6.860000133514404,6.639999866485596,6.800000190734863,7060
2022-05-12,6.659999847412109,6.760000228881836,6.480000019073486,6.639999866485596,14083
2022-05-13,6.639999866485596,6.860000133514404,6.5,6.5,48326
2022-05-16,6.639999866485596,6.78000020980835,6.5,6.5,10799
2022-05-17,6.519999980926514,6.760000228881836,6.519999980926514,6.599999904632568,9232
2022-05-18,6.699999809265137,6.71999979019165,6.420000076293945,6.559999942779541,18216
2022-05-19,6.420000076293945,6.579999923706055,6.400000095367432,6.5,8900
2022-05-20,6.5,6.71999979019165,6.420000076293945,6.639999866485596,8072
2022-05-23,6.659999847412109,6.820000171661377,6.659999847412109,6.800000190734863,12398
2022-05-24,6.679999828338623,6.679999828338623,6.539999961853027,6.599999904632568,6710
2022-05-25,6.599999904632568,6.699999809265137,6.579999923706055,6.639999866485596,17703
2022-05-26,6.639999866485596,6.639999866485596,6.380000114440918,6.579999923706055,20605
2022-05-27,6.300000190734863,6.300000190734863,5.960000038146973,6.179999828338623,128010
2022-05-30,6.179999828338623,6.260000228881836,6.039999961853027,6.199999809265137,12137
2022-05-31,6.159999847412109,6.159999847412109,6.039999961853027,6.159999847412109,5320
2022-06-01,6.159999847412109,6.199999809265137,5.960000038146973,6.079999923706055,16308
2022-06-02,6.079999923706055,6.079999923706055,5.940000057220459,6.0,4745
2022-06-03,5.940000057220459,6.079999923706055,5.940000057220459,6.059999942779541,5532
2022-06-06,6.079999923706055,6.099999904632568,6.019999980926514,6.099999904632568,1557
2022-06-07,6.099999904632568,6.099999904632568,5.900000095367432,6.0,13340
2022-06-08,5.920000076293945,6.079999923706055,5.920000076293945,6.079999923706055,7952
2022-06-09,6.079999923706055,6.079999923706055,5.820000171661377,5.940000057220459,7939
2022-06-10,5.820000171661377,5.960000038146973,5.760000228881836,5.940000057220459,10649
2022-06-13,5.920000076293945,6.5,5.739999771118164,6.340000152587891,64375
2022-06-14,6.320000171661377,6.639999866485596,6.320000171661377,6.5,30711
2022-06-15,6.71999979019165,6.960000038146973,6.599999904632568,6.679999828338623,100941
2022-06-17,6.639999866485596,6.699999809265137,6.460000038146973,6.699999809265137,41961
2022-06-20,6.699999809265137,6.739999771118164,6.579999923706055,6.619999885559082,26726
2022-06-21,6.619999885559082,6.739999771118164,6.599999904632568,6.739999771118164,21570
2022-06-22,6.78000020980835,6.900000095367432,6.539999961853027,6.599999904632568,18793
2022-06-23,6.71999979019165,6.739999771118164,6.599999904632568,6.739999771118164,17068
2022-06-24,6.739999771118164,6.840000152587891,6.659999847412109,6.699999809265137,21085
2022-06-27,6.820000171661377,6.840000152587891,6.619999885559082,6.639999866485596,10444
2022-06-28,6.699999809265137,6.699999809265137,6.260000228881836,6.699999809265137,68431
2022-06-29,6.659999847412109,6.699999809265137,6.480000019073486,6.639999866485596,28161
2022-06-30,6.619999885559082,6.619999885559082,6.5,6.599999904632568,13926
2022-07-01,6.599999904632568,6.71999979019165,6.519999980926514,6.619999885559082,21183
2022-07-04,6.699999809265137,7.460000038146973,6.699999809265137,7.260000228881836,98563
2022-07-05,7.300000190734863,7.480000019073486,7.0,7.079999923706055,54915
2022-07-06,7.099999904632568,7.21999979019165,6.980000019073486,7.0,45897
2022-07-07,7.099999904632568,7.28000020980835,7.0,7.119999885559082,21011
2022-07-08,7.0,7.099999904632568,7.0,7.079999923706055,22100
2022-07-11,7.0,7.420000076293945,6.980000019073486,7.239999771118164,109213
2022-07-12,7.239999771118164,7.239999771118164,6.820000171661377,7.119999885559082,29385
2022-07-13,7.039999961853027,7.119999885559082,6.800000190734863,6.900000095367432,43814
2022-07-14,6.900000095367432,6.920000076293945,6.840000152587891,6.840000152587891,9695
2022-07-15,6.840000152587891,7.039999961853027,6.679999828338623,6.860000133514404,49933
2022-07-18,6.739999771118164,6.860000133514404,6.619999885559082,6.800000190734863,38577
2022-07-19,6.800000190734863,6.860000133514404,6.599999904632568,6.760000228881836,26070
2022-07-20,6.78000020980835,6.78000020980835,6.659999847412109,6.71999979019165,11978
2022-07-21,6.699999809265137,6.739999771118164,6.559999942779541,6.71999979019165,16098
2022-07-22,6.71999979019165,6.760000228881836,6.679999828338623,6.71999979019165,21168
2022-07-25,6.71999979019165,6.820000171661377,6.699999809265137,6.800000190734863,38576
2022-07-26,7.159999847412109,7.360000133514404,6.960000038146973,7.139999866485596,194188
2022-07-27,7.119999885559082,7.119999885559082,6.900000095367432,6.900000095367432,56626
2022-07-28,6.980000019073486,7.139999866485596,6.960000038146973,7.059999942779541,22343
2022-07-29,7.079999923706055,7.699999809265137,7.079999923706055,7.400000095367432,175066
2022-08-01,7.400000095367432,7.539999961853027,7.239999771118164,7.360000133514404,80005
2022-08-02,7.360000133514404,7.440000057220459,7.099999904632568,7.199999809265137,79283
2022-08-03,7.179999828338623,7.28000020980835,7.0,7.119999885559082,51043
2022-08-04,7.079999923706055,7.179999828338623,6.980000019073486,7.039999961853027,56133
2022-08-05,7.079999923706055,7.179999828338623,7.079999923706055,7.159999847412109,24530
2022-08-08,7.159999847412109,8.100000381469727,7.159999847412109,7.880000114440918,199047
2022-08-09,7.980000019073486,8.180000305175781,7.71999979019165,7.980000019073486,80989
2022-08-10,7.980000019073486,7.980000019073486,7.739999771118164,7.860000133514404,30024
2022-08-11,7.880000114440918,7.980000019073486,7.78000020980835,7.980000019073486,53373
2022-08-12,7.980000019073486,7.980000019073486,7.78000020980835,7.860000133514404,18022
2022-08-16,7.860000133514404,7.860000133514404,7.599999904632568,7.760000228881836,40769
2022-08-17,7.820000171661377,7.820000171661377,7.579999923706055,7.699999809265137,34216
2022-08-18,7.78000020980835,7.800000190734863,7.599999904632568,7.760000228881836,27111
2022-08-19,7.699999809265137,7.760000228881836,7.559999942779541,7.619999885559082,31026
2022-08-22,7.599999904632568,7.659999847412109,7.300000190734863,7.539999961853027,36715
2022-08-23,7.519999980926514,7.639999866485596,7.400000095367432,7.420000076293945,19973
2022-08-24,7.460000038146973,7.480000019073486,7.300000190734863,7.420000076293945,19387
2022-08-25,7.460000038146973,7.579999923706055,7.28000020980835,7.400000095367432,40143
2022-08-26,7.300000190734863,7.420000076293945,7.239999771118164,7.400000095367432,16583
2022-08-29,7.400000095367432,7.460000038146973,7.179999828338623,7.320000171661377,30680
2022-08-30,7.380000114440918,7.440000057220459,7.139999866485596,7.199999809265137,31734
2022-08-31,7.159999847412109,7.199999809265137,7.019999980926514,7.119999885559082,28888
2022-09-01,7.119999885559082,7.119999885559082,6.760000228881836,6.880000114440918,34286
2022-09-02,6.800000190734863,6.900000095367432,6.78000020980835,6.800000190734863,18072
2022-09-05,6.679999828338623,6.800000190734863,6.619999885559082,6.699999809265137,14501
2022-09-06,6.639999866485596,6.699999809265137,6.519999980926514,6.519999980926514,15568
2022-09-07,6.519999980926514,6.579999923706055,6.21999979019165,6.5,33213
2022-09-08,6.5,6.659999847412109,6.5,6.519999980926514,26661
2022-09-09,6.599999904632568,6.800000190734863,6.5,6.559999942779541,34548
2022-09-12,6.559999942779541,6.800000190734863,6.559999942779541,6.71999979019165,23466
2022-09-13,6.800000190734863,6.960000038146973,6.619999885559082,6.940000057220459,40240
2022-09-14,6.920000076293945,6.940000057220459,6.820000171661377,6.880000114440918,10733
2022-09-15,6.840000152587891,6.920000076293945,6.800000190734863,6.900000095367432,8366
2022-09-16,6.900000095367432,6.920000076293945,6.78000020980835,6.800000190734863,6447
2022-09-19,6.760000228881836,6.820000171661377,6.639999866485596,6.820000171661377,3136
2022-09-20,6.820000171661377,6.880000114440918,6.739999771118164,6.78000020980835,13582
2022-09-21,6.760000228881836,6.78000020980835,6.519999980926514,6.659999847412109,10321
2022-09-22,6.539999961853027,6.820000171661377,6.480000019073486,6.800000190734863,22360
2022-09-23,6.78000020980835,6.78000020980835,6.440000057220459,6.579999923706055,14137
2022-09-26,6.5,6.559999942779541,6.039999961853027,6.380000114440918,36650
2022-09-27,6.199999809265137,6.260000228881836,5.639999866485596,5.960000038146973,93958
2022-09-28,5.940000057220459,6.0,5.739999771118164,5.880000114440918,27054
2022-09-29,5.800000190734863,5.880000114440918,5.579999923706055,5.579999923706055,12512
2022-09-30,5.659999847412109,5.699999809265137,5.239999771118164,5.659999847412109,54993
2022-10-03,5.679999828338623,5.860000133514404,5.420000076293945,5.679999828338623,25785
2022-10-04,5.5,5.760000228881836,5.5,5.659999847412109,33667
2022-10-05,5.539999961853027,5.679999828338623,5.539999961853027,5.679999828338623,3718
2022-10-06,5.739999771118164,6.079999923706055,5.739999771118164,6.059999942779541,25728
2022-10-07,6.059999942779541,6.340000152587891,6.059999942779541,6.300000190734863,12570
2022-10-10,6.320000171661377,6.320000171661377,6.0,6.0,3927
2022-10-11,6.079999923706055,6.099999904632568,5.940000057220459,6.079999923706055,5710
2022-10-12,6.0,6.300000190734863,6.0,6.260000228881836,6913
2022-10-13,6.28000020980835,6.360000133514404,6.139999866485596,6.239999771118164,13917
2022-10-14,6.260000228881836,6.28000020980835,6.159999847412109,6.159999847412109,839
2022-10-17,6.159999847412109,6.300000190734863,6.139999866485596,6.260000228881836,2056
2022-10-18,6.28000020980835,6.480000019073486,6.28000020980835,6.320000171661377,64895
2022-10-19,6.300000190734863,6.340000152587891,5.980000019073486,6.079999923706055,12348
2022-10-20,6.079999923706055,6.079999923706055,5.880000114440918,6.019999980926514,8296
2022-10-21,6.0,6.079999923706055,5.920000076293945,6.059999942779541,6630
2022-10-24,6.059999942779541,6.159999847412109,5.980000019073486,6.079999923706055,5456
2022-10-25,6.079999923706055,6.119999885559082,5.960000038146973,6.119999885559082,5898
2022-10-26,6.099999904632568,6.920000076293945,6.099999904632568,6.699999809265137,56849
2022-10-27,6.679999828338623,6.800000190734863,6.599999904632568,6.760000228881836,22210
2022-10-28,6.760000228881836,7.0,6.699999809265137,6.860000133514404,25754
2022-10-31,6.960000038146973,7.019999980926514,6.840000152587891,6.900000095367432,13991
2022-11-02,7.199999809265137,7.260000228881836,7.0,7.0,53745
2022-11-03,7.0,7.0,6.699999809265137,6.900000095367432,20128
2022-11-04,6.900000095367432,7.28000020980835,6.900000095367432,7.139999866485596,56929
2022-11-07,7.119999885559082,7.420000076293945,7.119999885559082,7.420000076293945,49918
2022-11-08,7.440000057220459,7.599999904632568,7.440000057220459,7.599999904632568,85391
2022-11-09,7.679999828338623,7.860000133514404,7.5,7.840000152587891,102937
2022-11-10,7.840000152587891,8.380000114440918,7.699999809265137,8.380000114440918,147078
2022-11-14,8.4399995803833,8.65999984741211,7.900000095367432,8.399999618530273,107170
2022-11-15,8.479999542236328,8.5,7.920000076293945,8.359999656677246,56642
2022-11-16,8.199999809265137,8.699999809265137,8.0600004196167,8.699999809265137,98077
2022-11-17,8.699999809265137,9.100000381469727,8.680000305175781,8.819999694824219,99564
2022-11-18,9.039999961853027,9.100000381469727,7.21999979019165,7.420000076293945,531435
2022-11-21,7.400000095367432,7.400000095367432,7.039999961853027,7.119999885559082,71299
2022-11-22,7.039999961853027,7.400000095367432,6.980000019073486,7.360000133514404,67818
2022-11-23,7.360000133514404,7.519999980926514,7.21999979019165,7.239999771118164,47231
2022-11-24,7.300000190734863,7.480000019073486,7.300000190734863,7.320000171661377,14936
2022-11-25,7.300000190734863,7.400000095367432,7.21999979019165,7.320000171661377,12175
2022-11-28,7.260000228881836,7.320000171661377,7.199999809265137,7.239999771118164,16242
2022-11-29,7.239999771118164,7.400000095367432,7.159999847412109,7.28000020980835,22937
2022-11-30,7.300000190734863,7.400000095367432,6.980000019073486,7.039999961853027,53920
2022-12-01,7.099999904632568,7.179999828338623,6.619999885559082,7.139999866485596,52353
2022-12-02,7.119999885559082,7.179999828338623,7.079999923706055,7.179999828338623,13574
2022-12-05,7.119999885559082,7.440000057220459,7.099999904632568,7.380000114440918,24942
2022-12-06,7.380000114440918,7.519999980926514,7.139999866485596,7.420000076293945,11987
2022-12-07,7.460000038146973,7.460000038146973,7.21999979019165,7.320000171661377,4046
2022-12-08,7.300000190734863,7.440000057220459,7.159999847412109,7.159999847412109,8368
2022-12-09,7.159999847412109,7.360000133514404,7.099999904632568,7.320000171661377,13954
2022-12-12,7.320000171661377,7.320000171661377,7.119999885559082,7.28000020980835,14027
2022-12-13,7.340000152587891,7.400000095367432,6.760000228881836,7.099999904632568,108289
2022-12-14,7.019999980926514,7.159999847412109,7.0,7.039999961853027,26805
2022-12-15,7.019999980926514,7.019999980926514,6.880000114440918,6.900000095367432,23424
2022-12-16,6.900000095367432,6.900000095367432,6.71999979019165,6.820000171661377,17593
2022-12-19,6.760000228881836,6.940000057220459,6.699999809265137,6.860000133514404,16333
2022-12-20,6.800000190734863,6.880000114440918,6.739999771118164,6.860000133514404,10210
2022-12-21,6.840000152587891,6.920000076293945,6.699999809265137,6.900000095367432,19696
2022-12-22,6.880000114440918,7.199999809265137,6.760000228881836,7.079999923706055,43178
2022-12-23,7.119999885559082,7.199999809265137,7.059999942779541,7.099999904632568,11269
2022-12-27,7.099999904632568,7.099999904632568,6.71999979019165,7.0,60464
2022-12-28,7.039999961853027,7.079999923706055,6.840000152587891,6.940000057220459,34106
2022-12-29,6.940000057220459,7.21999979019165,6.880000114440918,7.019999980926514,42975
2022-12-30,7.079999923706055,7.260000228881836,6.920000076293945,7.199999809265137,10849
2023-01-02,7.28000020980835,7.5,7.28000020980835,7.460000038146973,39726
2023-01-03,7.380000114440918,7.699999809265137,7.380000114440918,7.559999942779541,23565
2023-01-04,7.559999942779541,7.679999828338623,7.5,7.5,16939
2023-01-05,7.5,7.539999961853027,7.320000171661377,7.480000019073486,12707
2023-01-09,7.480000019073486,7.579999923706055,7.239999771118164,7.579999923706055,23147
2023-01-10,7.599999904632568,7.699999809265137,7.5,7.619999885559082,19411
2023-01-11,7.639999866485596,7.71999979019165,7.440000057220459,7.579999923706055,18070
2023-01-12,7.579999923706055,7.599999904632568,7.400000095367432,7.440000057220459,15823
2023-01-13,7.519999980926514,7.599999904632568,7.440000057220459,7.519999980926514,10925
2023-01-16,7.599999904632568,7.599999904632568,7.420000076293945,7.559999942779541,20452
2023-01-17,7.599999904632568,7.619999885559082,7.5,7.599999904632568,16454
2023-01-18,7.599999904632568,7.699999809265137,7.5,7.679999828338623,15439
2023-01-19,7.679999828338623,7.699999809265137,7.360000133514404,7.480000019073486,11474
2023-01-20,7.559999942779541,7.559999942779541,7.039999961853027,7.360000133514404,26749
2023-01-23,7.400000095367432,7.480000019073486,7.340000152587891,7.460000038146973,11023
2023-01-24,7.440000057220459,7.480000019073486,7.380000114440918,7.460000038146973,11211
2023-01-25,7.460000038146973,7.460000038146973,7.260000228881836,7.380000114440918,22532
2023-01-26,7.360000133514404,7.420000076293945,7.28000020980835,7.400000095367432,12343
2023-01-27,7.400000095367432,7.400000095367432,7.320000171661377,7.400000095367432,3883
2023-01-30,7.440000057220459,7.460000038146973,7.360000133514404,7.460000038146973,14384
2023-01-31,7.440000057220459,7.800000190734863,7.420000076293945,7.71999979019165,94272
2023-02-01,7.820000171661377,8.100000381469727,7.78000020980835,8.039999961853027,62686
2023-02-02,8.0,8.140000343322754,7.800000190734863,8.0,65029
2023-02-03,8.0,8.140000343322754,7.860000133514404,8.079999923706055,28007
2023-02-06,8.119999885559082,8.140000343322754,8.0,8.039999961853027,36548
2023-02-07,8.039999961853027,8.079999923706055,7.960000038146973,8.079999923706055,29515
2023-02-08,8.100000381469727,8.140000343322754,8.039999961853027,8.140000343322754,21891
2023-02-09,8.100000381469727,8.600000381469727,8.100000381469727,8.319999694824219,50952
2023-02-10,8.300000190734863,8.359999656677246,8.100000381469727,8.260000228881836,30150
2023-02-13,8.260000228881836,8.359999656677246,8.140000343322754,8.34000015258789,18694
2023-02-14,8.260000228881836,8.5,8.15999984741211,8.399999618530273,23236
2023-02-15,8.399999618530273,8.420000076293945,8.239999771118164,8.380000114440918,20470
2023-02-16,8.359999656677246,8.420000076293945,8.239999771118164,8.359999656677246,8903
2023-02-17,8.300000190734863,8.34000015258789,8.199999809265137,8.260000228881836,13845
2023-02-20,8.260000228881836,8.359999656677246,8.260000228881836,8.34000015258789,70826
2023-02-21,8.359999656677246,8.699999809265137,8.300000190734863,8.65999984741211,34637
2023-02-22,8.779999732971191,8.800000190734863,8.4399995803833,8.699999809265137,26383
2023-02-23,8.65999984741211,8.800000190734863,8.539999961853027,8.65999984741211,5549
2023-02-24,8.760000228881836,8.859999656677246,8.600000381469727,8.680000305175781,22840
2023-02-27,8.720000267028809,9.140000343322754,8.699999809265137,9.039999961853027,67379
2023-02-28,9.020000457763672,9.279999732971191,9.020000457763672,9.100000381469727,37483
2023-03-01,9.0,9.140000343322754,8.920000076293945,9.0,25850
2023-03-02,9.039999961853027,9.119999885559082,8.720000267028809,9.0,43510
2023-03-03,8.979999542236328,9.079999923706055,8.779999732971191,8.800000190734863,26499
2023-03-06,8.800000190734863,9.079999923706055,8.800000190734863,8.979999542236328,15205
2023-03-07,8.9399995803833,9.140000343322754,8.84000015258789,8.880000114440918,23932
2023-03-08,8.880000114440918,9.0600004196167,8.819999694824219,9.0,15945
2023-03-09,8.84000015258789,9.0,8.84000015258789,8.9399995803833,6432
2023-03-10,8.960000038146973,8.979999542236328,8.760000228881836,8.9399995803833,16069
2023-03-13,8.920000076293945,8.9399995803833,8.5,8.880000114440918,37334
2023-03-14,8.899999618530273,9.0,8.640000343322754,9.0,28429
2023-03-15,9.0,9.0,8.84000015258789,8.84000015258789,9372
2023-03-16,8.84000015258789,8.979999542236328,8.619999885559082,8.84000015258789,17116
2023-03-17,8.84000015258789,8.859999656677246,8.720000267028809,8.739999771118164,4332
2023-03-20,8.819999694824219,8.819999694824219,8.5600004196167,8.800000190734863,14442
2023-03-21,8.600000381469727,8.800000190734863,8.520000457763672,8.699999809265137,18980
2023-03-22,8.739999771118164,8.800000190734863,8.739999771118164,8.779999732971191,46555
2023-03-23,8.800000190734863,8.800000190734863,8.699999809265137,8.779999732971191,8489
2023-03-24,8.779999732971191,8.880000114440918,8.720000267028809,8.819999694824219,3959
2023-03-27,9.199999809265137,9.479999542236328,9.020000457763672,9.399999618530273,66784
2023-03-28,9.300000190734863,9.800000190734863,9.300000190734863,9.800000190734863,37452
2023-03-29,9.800000190734863,10.199999809265137,9.680000305175781,10.100000381469727,59043
2023-03-30,10.649999618530273,10.649999618530273,9.819999694824219,9.960000038146973,39208
2023-03-31,9.899999618530273,10.399999618530273,9.899999618530273,10.399999618530273,36980
2023-04-03,10.399999618530273,11.199999809265137,10.399999618530273,10.800000190734863,123812
2023-04-04,10.899999618530273,11.100000381469727,10.449999809265137,10.800000190734863,51681
2023-04-05,10.800000190734863,10.800000190734863,10.25,10.25,63805
2023-04-06,10.149999618530273,10.649999618530273,9.899999618530273,10.600000381469727,76749
2023-04-11,10.550000190734863,10.550000190734863,10.199999809265137,10.300000190734863,18378
2023-04-12,10.300000190734863,10.300000190734863,9.9399995803833,10.100000381469727,33167
2023-04-13,10.100000381469727,10.100000381469727,9.920000076293945,10.0,15317
2023-04-14,10.199999809265137,10.350000381469727,9.920000076293945,10.100000381469727,18455
2023-04-17,10.100000381469727,10.300000190734863,9.920000076293945,10.0,12307
2023-04-18,10.0,10.300000190734863,9.920000076293945,10.149999618530273,13568
2023-04-19,10.100000381469727,10.75,9.9399995803833,10.600000381469727,55421
2023-04-20,10.5,10.699999809265137,10.260000228881836,10.600000381469727,18926
2023-04-21,10.600000381469727,10.800000190734863,10.420000076293945,10.720000267028809,21726
2023-04-24,10.720000267028809,10.800000190734863,10.539999961853027,10.720000267028809,24152
2023-04-25,10.699999809265137,10.779999732971191,10.5,10.619999885559082,12077
2023-04-26,10.239999771118164,10.600000381469727,10.119999885559082,10.5,39653
2023-04-27,10.5,10.579999923706055,10.460000038146973,10.5,42633
2023-04-28,10.5600004196167,10.5600004196167,9.75,10.15999984741211,69910
2023-05-02,10.199999809265137,10.300000190734863,10.0,10.239999771118164,25897
2023-05-04,10.260000228881836,10.359999656677246,9.979999542236328,10.100000381469727,33428
2023-05-05,10.100000381469727,10.199999809265137,10.100000381469727,10.119999885559082,18941
2023-05-08,10.119999885559082,10.300000190734863,10.079999923706055,10.180000305175781,29880
2023-05-09,10.15999984741211,10.899999618530273,10.100000381469727,10.579999923706055,69727
2023-05-10,10.600000381469727,11.399999618530273,10.239999771118164,11.039999961853027,143718
2023-05-11,11.220000267028809,11.399999618530273,10.84000015258789,11.15999984741211,49070
2023-05-12,11.180000305175781,11.279999732971191,10.9399995803833,11.199999809265137,25291
2023-05-15,11.239999771118164,11.359999656677246,11.119999885559082,11.34000015258789,33508
2023-05-16,11.300000190734863,11.34000015258789,11.140000343322754,11.260000228881836,21990
2023-05-17,11.239999771118164,11.239999771118164,11.119999885559082,11.180000305175781,19118
2023-05-18,11.399999618530273,11.960000038146973,11.399999618530273,11.680000305175781,141211
2023-05-19,11.699999809265137,11.960000038146973,11.420000076293945,11.5,109238
2023-05-22,11.579999923706055,11.579999923706055,11.300000190734863,11.539999961853027,54860
2023-05-23,11.5,11.579999923706055,11.34000015258789,11.5600004196167,35590
2023-05-24,11.5600004196167,11.5600004196167,11.199999809265137,11.359999656677246,31474
2023-05-25,11.380000114440918,11.380000114440918,11.180000305175781,11.359999656677246,21657
2023-05-26,11.300000190734863,11.420000076293945,11.140000343322754,11.300000190734863,39441
2023-05-29,11.34000015258789,11.779999732971191,11.239999771118164,11.640000343322754,50293
2023-05-30,11.800000190734863,12.199999809265137,11.600000381469727,11.760000228881836,114961
2023-05-31,11.739999771118164,11.760000228881836,11.420000076293945,11.4399995803833,65608
2023-06-01,11.600000381469727,11.960000038146973,11.5,11.920000076293945,106971
2023-06-02,12.020000457763672,12.640000343322754,12.0,12.539999961853027,112467
2023-06-05,12.619999885559082,13.460000038146973,12.600000381469727,13.020000457763672,92343
2023-06-06,13.260000228881836,13.260000228881836,13.0,13.100000381469727,31057
2023-06-07,12.979999542236328,13.420000076293945,12.960000038146973,13.399999618530273,48462
2023-06-09,13.460000038146973,13.600000381469727,13.15999984741211,13.579999923706055,49150
2023-06-12,13.539999961853027,13.600000381469727,13.199999809265137,13.260000228881836,25321
2023-06-13,13.479999542236328,14.140000343322754,13.479999542236328,13.699999809265137,47678
2023-06-14,14.0,14.0,13.640000343322754,13.800000190734863,32991
2023-06-15,14.0,14.0,13.5,13.600000381469727,23159
2023-06-16,13.680000305175781,13.680000305175781,13.300000190734863,13.4399995803833,37108
2023-06-19,13.520000457763672,14.140000343322754,13.460000038146973,13.819999694824219,21078
2023-06-20,13.760000228881836,13.9399995803833,13.5,13.779999732971191,33664
2023-06-21,13.859999656677246,14.100000381469727,13.859999656677246,14.0,36321
2023-06-22,14.039999961853027,14.100000381469727,13.920000076293945,14.039999961853027,29224
2023-06-23,14.039999961853027,14.039999961853027,13.859999656677246,13.960000038146973,26885
2023-06-26,14.0,14.760000228881836,14.0,14.680000305175781,57331
2023-06-27,14.699999809265137,14.699999809265137,14.520000457763672,14.699999809265137,38140
2023-06-28,14.699999809265137,15.4399995803833,14.699999809265137,15.079999923706055,63446
2023-06-29,15.199999809265137,15.300000190734863,14.760000228881836,15.0600004196167,33220
2023-06-30,15.039999961853027,15.0600004196167,14.84000015258789,15.039999961853027,32726
2023-07-03,15.100000381469727,15.699999809265137,15.0,15.680000305175781,77896
2023-07-04,15.720000267028809,15.720000267028809,15.239999771118164,15.479999542236328,41834
2023-07-05,15.5,15.520000457763672,14.800000190734863,15.0,77417
2023-07-06,13.779999732971191,14.199999809265137,13.520000457763672,13.899999618530273,77869
2023-07-07,14.039999961853027,14.199999809265137,13.899999618530273,14.140000343322754,19179
2023-07-10,14.119999885559082,14.119999885559082,13.699999809265137,13.760000228881836,44588
2023-07-11,13.819999694824219,13.899999618530273,13.300000190734863,13.399999618530273,23220
2023-07-12,13.300000190734863,13.300000190734863,12.4399995803833,13.0,89761
2023-07-13,13.0,13.0,12.100000381469727,13.0,71511
2023-07-14,12.960000038146973,13.899999618530273,12.699999809265137,13.34000015258789,67017
2023-07-17,13.380000114440918,13.9399995803833,13.260000228881836,13.9399995803833,38385
2023-07-18,14.0,14.0,13.579999923706055,13.899999618530273,41919
2023-07-19,14.0,14.0,13.880000114440918,13.9399995803833,20411
2023-07-20,13.899999618530273,14.0,13.859999656677246,13.9399995803833,14987
2023-07-21,13.9399995803833,14.0,13.880000114440918,13.960000038146973,19111
2023-07-24,13.960000038146973,13.960000038146973,13.579999923706055,13.800000190734863,16638
2023-07-25,13.800000190734863,13.800000190734863,13.5600004196167,13.65999984741211,13042
2023-07-26,13.65999984741211,13.800000190734863,13.640000343322754,13.720000267028809,15923
2023-07-27,13.800000190734863,14.680000305175781,13.720000267028809,14.15999984741211,54769
2023-07-28,14.300000190734863,14.300000190734863,13.899999618530273,13.9399995803833,23701
2023-07-31,13.9399995803833,14.180000305175781,13.579999923706055,13.819999694824219,34852
2023-08-01,14.100000381469727,14.100000381469727,13.4399995803833,13.600000381469727,33026
2023-08-02,13.460000038146973,13.579999923706055,13.180000305175781,13.300000190734863,24476
2023-08-03,13.300000190734863,13.479999542236328,12.84000015258789,13.039999961853027,29752
2023-08-04,13.279999732971191,13.479999542236328,13.0,13.239999771118164,11139
2023-08-07,13.359999656677246,13.699999809265137,13.359999656677246,13.619999885559082,47028
2023-08-08,13.699999809265137,14.100000381469727,13.680000305175781,13.760000228881836,35622
2023-08-09,13.680000305175781,13.899999618530273,13.520000457763672,13.600000381469727,19526
2023-08-10,13.539999961853027,13.699999809265137,13.199999809265137,13.520000457763672,12775
2023-08-11,13.4399995803833,13.479999542236328,13.239999771118164,13.460000038146973,7201
2023-08-14,13.4399995803833,13.4399995803833,13.020000457763672,13.0600004196167,16196
2023-08-16,13.0600004196167,13.279999732971191,12.720000267028809,13.079999923706055,17553
2023-08-17,13.0,13.100000381469727,12.399999618530273,13.0,47616
2023-08-18,12.9399995803833,12.960000038146973,12.579999923706055,12.619999885559082,26011
2023-08-21,12.600000381469727,12.65999984741211,12.260000228881836,12.319999694824219,28119
2023-08-22,12.380000114440918,12.979999542236328,12.300000190734863,12.699999809265137,14470
2023-08-23,12.699999809265137,13.0,12.5,12.619999885559082,19709
2023-08-24,12.779999732971191,12.960000038146973,12.640000343322754,12.640000343322754,10724
2023-08-25,12.600000381469727,12.699999809265137,12.399999618530273,12.619999885559082,6725
2023-08-28,12.619999885559082,12.800000190734863,12.600000381469727,12.600000381469727,2490
2023-08-29,12.520000457763672,12.640000343322754,12.520000457763672,12.539999961853027,8408
2023-08-30,12.5600004196167,12.5600004196167,12.100000381469727,12.300000190734863,18139
2023-08-31,12.300000190734863,12.300000190734863,11.979999542236328,12.100000381469727,28358
2023-09-01,12.100000381469727,12.859999656677246,12.100000381469727,12.779999732971191,38431
2023-09-04,12.979999542236328,13.779999732971191,12.979999542236328,13.420000076293945,39795
2023-09-05,13.479999542236328,13.65999984741211,13.399999618530273,13.420000076293945,32583
2023-09-06,13.420000076293945,13.420000076293945,13.0600004196167,13.220000267028809,34456
2023-09-07,13.100000381469727,13.100000381469727,13.0,13.039999961853027,10592
2023-09-08,12.979999542236328,12.979999542236328,12.800000190734863,12.899999618530273,14479
2023-09-11,12.899999618530273,13.0,12.699999809265137,12.760000228881836,20340
2023-09-12,12.779999732971191,13.0,12.779999732971191,13.0,10789
2023-09-13,13.15999984741211,13.680000305175781,13.119999885559082,13.600000381469727,20086
2023-09-14,13.699999809265137,14.699999809265137,13.699999809265137,14.699999809265137,101693
2023-09-15,14.800000190734863,15.279999732971191,14.699999809265137,15.0600004196167,84452
2023-09-18,15.0600004196167,15.260000228881836,14.34000015258789,14.779999732971191,40958
2023-09-19,14.699999809265137,15.0,14.319999694824219,14.420000076293945,26216
2023-09-20,15.119999885559082,15.579999923706055,14.65999984741211,14.960000038146973,71469
2023-09-21,14.899999618530273,15.800000190734863,14.699999809265137,15.800000190734863,63074
2023-09-22,16.0,17.479999542236328,16.0,16.600000381469727,69155
2023-09-25,16.600000381469727,17.360000610351562,16.440000534057617,16.899999618530273,82198
2023-09-26,16.399999618530273,16.979999542236328,16.059999465942383,16.979999542236328,37200
2023-09-27,16.780000686645508,16.979999542236328,16.440000534057617,16.739999771118164,17910
2023-09-28,16.600000381469727,16.600000381469727,15.9399995803833,16.219999313354492,44773
2023-09-29,16.219999313354492,16.219999313354492,15.319999694824219,15.359999656677246,72967
2023-10-02,15.279999732971191,15.279999732971191,14.119999885559082,14.800000190734863,347067
2023-10-03,14.760000228881836,14.9399995803833,13.5600004196167,14.520000457763672,137672
2023-10-04,14.34000015258789,14.9399995803833,14.239999771118164,14.720000267028809,78749
2023-10-05,14.760000228881836,14.960000038146973,14.479999542236328,14.479999542236328,17706
2023-10-06,14.479999542236328,14.600000381469727,13.880000114440918,13.899999618530273,37612
2023-10-09,13.640000343322754,14.460000038146973,13.420000076293945,14.420000076293945,59017
2023-10-10,14.460000038146973,15.199999809265137,14.4399995803833,15.0,53557
2023-10-11,15.100000381469727,15.5,14.899999618530273,15.079999923706055,42789
2023-10-12,15.34000015258789,15.460000038146973,14.920000076293945,15.100000381469727,19586
2023-10-13,15.119999885559082,15.199999809265137,14.920000076293945,14.960000038146973,9812
2023-10-16,14.960000038146973,15.0600004196167,14.5600004196167,14.720000267028809,38326
2023-10-17,14.699999809265137,14.979999542236328,14.65999984741211,14.760000228881836,25320
2023-10-18,14.859999656677246,14.880000114440918,14.640000343322754,14.720000267028809,19122
2023-10-19,14.760000228881836,14.760000228881836,14.260000228881836,14.4399995803833,21205
2023-10-20,14.300000190734863,14.600000381469727,14.140000343322754,14.34000015258789,9198
2023-10-23,14.520000457763672,14.5600004196167,14.0,14.359999656677246,28815
2023-10-24,14.5,15.0,14.399999618530273,14.779999732971191,24370
2023-10-25,14.880000114440918,15.100000381469727,14.760000228881836,14.880000114440918,13921
2023-10-26,14.899999618530273,15.399999618530273,14.520000457763672,15.180000305175781,19214
2023-10-27,15.180000305175781,15.319999694824219,14.979999542236328,15.100000381469727,20995
2023-10-30,15.220000267028809,15.399999618530273,15.100000381469727,15.199999809265137,9987
2023-10-31,15.220000267028809,15.220000267028809,14.84000015258789,14.899999618530273,86105
2023-11-02,14.899999618530273,15.100000381469727,14.5,14.680000305175781,28865
2023-11-03,14.84000015258789,14.899999618530273,14.539999961853027,14.880000114440918,20240
2023-11-06,14.960000038146973,14.979999542236328,14.84000015258789,14.899999618530273,21779
2023-11-07,14.899999618530273,15.079999923706055,14.800000190734863,14.859999656677246,25817
2023-11-08,14.859999656677246,14.960000038146973,14.640000343322754,14.739999771118164,8887
2023-11-09,14.9399995803833,14.9399995803833,14.699999809265137,14.739999771118164,3249
2023-11-10,14.739999771118164,15.0600004196167,14.739999771118164,14.84000015258789,9509
2023-11-13,14.899999618530273,15.100000381469727,14.600000381469727,14.600000381469727,12782
2023-11-14,14.5,15.9399995803833,14.140000343322754,15.199999809265137,371373
2023-11-15,15.300000190734863,15.399999618530273,14.899999618530273,15.140000343322754,81205
2023-11-16,15.140000343322754,15.479999542236328,14.899999618530273,15.300000190734863,57327
2023-11-17,15.399999618530273,15.779999732971191,15.0600004196167,15.260000228881836,61956
2023-11-20,15.479999542236328,16.600000381469727,15.34000015258789,16.3799991607666,78860
2023-11-21,16.459999084472656,16.780000686645508,16.0,16.0,40401
2023-11-22,15.899999618530273,16.68000030517578,15.600000381469727,16.200000762939453,61972
2023-11-23,16.200000762939453,16.899999618530273,16.0,16.8799991607666,62746
2023-11-24,16.899999618530273,16.899999618530273,15.800000190734863,16.559999465942383,61878
2023-11-27,16.739999771118164,16.739999771118164,15.680000305175781,15.880000114440918,49251
2023-11-28,16.0,16.100000381469727,15.739999771118164,15.859999656677246,20696
2023-11-29,15.800000190734863,16.280000686645508,15.800000190734863,16.040000915527344,14136
2023-11-30,16.040000915527344,16.5,16.0,16.440000534057617,29231
2023-12-01,16.5,16.799999237060547,16.399999618530273,16.399999618530273,34832
2023-12-04,16.399999618530273,16.739999771118164,16.079999923706055,16.360000610351562,19303
2023-12-05,16.420000076293945,16.559999465942383,16.200000762939453,16.440000534057617,12136
2023-12-06,16.440000534057617,17.5,16.440000534057617,17.420000076293945,42501
2023-12-07,17.3799991607666,17.440000534057617,17.239999771118164,17.3799991607666,12905
2023-12-08,17.399999618530273,17.459999084472656,17.1200008392334,17.459999084472656,9257
2023-12-11,17.459999084472656,17.579999923706055,17.15999984741211,17.5,34865
2023-12-12,17.5,18.420000076293945,17.5,18.360000610351562,96863
2023-12-13,18.360000610351562,18.360000610351562,17.899999618530273,18.200000762939453,18186
2023-12-14,18.200000762939453,18.700000762939453,18.15999984741211,18.520000457763672,32831
2023-12-15,18.600000381469727,18.799999237060547,18.479999542236328,18.799999237060547,31874
2023-12-18,18.760000228881836,18.799999237060547,18.1200008392334,18.459999084472656,36727
2023-12-19,18.459999084472656,18.719999313354492,18.399999618530273,18.68000030517578,15756
2023-12-20,18.68000030517578,18.81999969482422,18.5,18.799999237060547,22388
2023-12-21,18.780000686645508,18.780000686645508,18.059999465942383,18.5,12040
2023-12-22,18.459999084472656,18.479999542236328,17.65999984741211,17.65999984741211,32736
2023-12-27,18.0,18.100000381469727,17.059999465942383,17.719999313354492,68848
2023-12-28,17.700000762939453,18.260000228881836,17.3799991607666,18.200000762939453,43716
2023-12-29,18.260000228881836,18.299999237060547,17.860000610351562,18.200000762939453,17369
2024-01-02,18.260000228881836,18.260000228881836,17.6200008392334,17.959999084472656,18094
2024-01-03,17.959999084472656,17.979999542236328,17.34000015258789,17.479999542236328,28667
2024-01-04,17.399999618530273,17.920000076293945,17.34000015258789,17.739999771118164,18438
2024-01-05,17.5,17.5,16.68000030517578,17.100000381469727,68833
2024-01-08,17.079999923706055,17.3799991607666,16.719999313354492,17.1200008392334,23712
2024-01-09,17.299999237060547,17.360000610351562,17.139999389648438,17.260000228881836,12035
2024-01-10,17.260000228881836,17.420000076293945,16.81999969482422,16.940000534057617,26456
2024-01-11,17.0,17.200000762939453,16.81999969482422,16.8799991607666,14589
2024-01-12,17.15999984741211,17.239999771118164,16.899999618530273,17.219999313354492,15182
2024-01-15,17.219999313354492,17.219999313354492,16.940000534057617,16.979999542236328,16086
2024-01-16,17.040000915527344,17.139999389648438,16.959999084472656,17.0,8836
2024-01-17,17.020000457763672,17.15999984741211,16.8799991607666,17.079999923706055,10973
2024-01-18,17.079999923706055,17.34000015258789,17.040000915527344,17.31999969482422,8242
2024-01-19,17.34000015258789,17.5,17.200000762939453,17.5,12391
2024-01-22,17.6200008392334,18.100000381469727,17.559999465942383,18.079999923706055,27822
2024-01-23,18.079999923706055,18.31999969482422,17.8799991607666,18.1200008392334,12635
2024-01-24,18.200000762939453,18.280000686645508,17.700000762939453,18.139999389648438,15740
2024-01-25,18.239999771118164,18.3799991607666,17.860000610351562,18.3799991607666,14021
2024-01-26,18.440000534057617,18.5,18.059999465942383,18.280000686645508,10889
2024-01-29,18.280000686645508,18.559999465942383,18.219999313354492,18.34000015258789,8827
2024-01-30,18.34000015258789,18.440000534057617,18.299999237060547,18.31999969482422,6648
2024-01-31,18.31999969482422,19.600000381469727,18.299999237060547,19.1200008392334,90912
2024-02-01,19.299999237060547,19.34000015258789,18.799999237060547,18.920000076293945,28008
2024-02-02,18.979999542236328,19.200000762939453,18.8799991607666,18.920000076293945,15698
2024-02-05,18.940000534057617,19.239999771118164,18.479999542236328,18.5,50011
2024-02-06,18.5,18.65999984741211,18.100000381469727,18.100000381469727,39057
2024-02-07,18.100000381469727,18.5,18.100000381469727,18.3799991607666,13011
2024-02-08,18.399999618530273,18.600000381469727,18.260000228881836,18.31999969482422,10058
2024-02-09,18.399999618530273,18.899999618530273,18.399999618530273,18.700000762939453,15224
2024-02-12,18.700000762939453,18.780000686645508,18.399999618530273,18.600000381469727,11332
2024-02-13,18.739999771118164,18.760000228881836,18.1200008392334,18.200000762939453,18679
2024-02-14,18.200000762939453,18.760000228881836,18.15999984741211,18.399999618530273,13279
2024-02-15,18.360000610351562,18.760000228881836,18.360000610351562,18.65999984741211,8720
2024-02-16,18.65999984741211,19.15999984741211,18.65999984741211,19.059999465942383,60526
2024-02-19,19.059999465942383,19.239999771118164,18.799999237060547,19.079999923706055,18600
2024-02-20,19.100000381469727,19.1200008392334,18.799999237060547,18.899999618530273,12764
2024-02-21,18.899999618530273,19.299999237060547,18.600000381469727,19.059999465942383,46888
2024-02-22,19.0,19.15999984741211,18.799999237060547,19.1200008392334,8066
2024-02-23,19.1200008392334,19.479999542236328,18.860000610351562,19.299999237060547,36523
2024-02-26,19.299999237060547,19.440000534057617,19.139999389648438,19.280000686645508,42626
2024-02-27,19.260000228881836,19.260000228881836,18.899999618530273,19.079999923706055,18178
2024-02-28,19.079999923706055,19.079999923706055,18.5,18.600000381469727,18047
2024-02-29,18.639999389648438,19.280000686645508,18.579999923706055,18.81999969482422,23148
2024-03-01,18.700000762939453,19.200000762939453,18.65999984741211,19.139999389648438,14585
2024-03-04,19.219999313354492,19.3799991607666,18.760000228881836,18.8799991607666,19628
2024-03-05,18.8799991607666,19.100000381469727,18.760000228881836,18.899999618530273,7335
2024-03-06,18.899999618530273,19.100000381469727,18.65999984741211,18.8799991607666,9806
2024-03-07,18.799999237060547,18.799999237060547,18.420000076293945,18.600000381469727,11010
2024-03-08,18.639999389648438,18.8799991607666,18.520000457763672,18.760000228881836,7025
2024-03-11,18.719999313354492,18.84000015258789,18.639999389648438,18.719999313354492,8024
2024-03-12,18.760000228881836,19.299999237060547,18.600000381469727,19.299999237060547,20955
2024-03-13,19.280000686645508,19.280000686645508,18.940000534057617,19.079999923706055,15340
2024-03-14,19.079999923706055,19.200000762939453,18.760000228881836,19.100000381469727,18714
2024-03-15,19.0,19.260000228881836,18.639999389648438,19.0,61042
2024-03-18,19.0,19.3799991607666,19.0,19.299999237060547,21771
2024-03-19,19.440000534057617,21.850000381469727,19.440000534057617,21.600000381469727,126549
2024-03-20,21.549999237060547,22.600000381469727,21.299999237060547,22.200000762939453,65009
2024-03-21,22.450000762939453,23.0,21.549999237060547,21.649999618530273,61782
2024-03-22,21.450000762939453,22.200000762939453,21.0,22.0,57461
2024-03-25,22.0,22.0,21.450000762939453,21.700000762939453,15284
2024-03-26,21.700000762939453,21.950000762939453,21.700000762939453,21.899999618530273,7594
2024-03-27,21.950000762939453,23.0,21.75,23.0,33667
2024-03-28,22.899999618530273,23.0,22.200000762939453,22.649999618530273,50052
2024-04-02,22.649999618530273,23.950000762939453,22.600000381469727,23.950000762939453,63533
2024-04-03,24.850000381469727,25.350000381469727,23.950000762939453,23.950000762939453,58737
2024-04-04,23.950000762939453,24.700000762939453,23.950000762939453,24.299999237060547,19480
2024-04-05,24.200000762939453,24.5,23.25,23.799999237060547,35196
2024-04-08,23.799999237060547,24.200000762939453,23.799999237060547,24.200000762939453,27918
2024-04-09,24.350000381469727,24.799999237060547,24.0,24.100000381469727,19945
2024-04-10,24.299999237060547,24.399999618530273,23.600000381469727,24.049999237060547,17059
2024-04-11,24.200000762939453,24.5,23.75,24.100000381469727,16669
2024-04-12,23.850000381469727,23.850000381469727,22.850000381469727,22.899999618530273,63390
2024-04-15,22.75,22.799999237060547,21.700000762939453,22.200000762939453,62537
2024-04-16,21.799999237060547,22.0,20.799999237060547,21.200000762939453,91671
2024-04-17,21.049999237060547,22.850000381469727,21.049999237060547,22.75,67974
2024-04-18,22.75,22.850000381469727,22.149999618530273,22.5,15067
2024-04-19,22.149999618530273,22.75,21.950000762939453,22.350000381469727,21278
2024-04-22,22.350000381469727,22.75,22.0,22.149999618530273,19337
2024-04-23,22.100000381469727,22.149999618530273,21.799999237060547,21.799999237060547,28922
2024-04-24,22.799999237060547,23.700000762939453,22.399999618530273,23.299999237060547,84389
2024-04-25,23.149999618530273,23.5,22.950000762939453,23.0,39102
2024-04-26,22.899999618530273,24.100000381469727,22.899999618530273,23.799999237060547,46925
2024-04-29,23.799999237060547,23.799999237060547,22.600000381469727,22.700000762939453,73834
2024-04-30,22.75,23.5,22.75,22.950000762939453,46817
2024-05-02,23.100000381469727,23.200000762939453,23.0,23.200000762939453,14618
2024-05-06,23.399999618530273,23.899999618530273,23.200000762939453,23.899999618530273,50086
2024-05-07,24.0,25.450000762939453,24.0,25.200000762939453,87316
2024-05-08,25.200000762939453,26.399999618530273,24.850000381469727,26.200000762939453,92822
2024-05-09,26.25,26.600000381469727,25.75,25.75,32647
2024-05-10,25.75,26.200000762939453,25.049999237060547,25.100000381469727,37730
2024-05-13,25.600000381469727,26.149999618530273,25.100000381469727,25.75,33812
2024-05-14,25.75,25.850000381469727,25.25,25.450000762939453,20991
2024-05-15,25.450000762939453,27.0,25.399999618530273,26.899999618530273,32960
2024-05-16,26.950000762939453,27.5,26.850000381469727,27.450000762939453,46906
2024-05-17,27.5,28.299999237060547,27.299999237060547,27.850000381469727,29380
2024-05-20,28.399999618530273,30.149999618530273,28.399999618530273,29.700000762939453,123314
2024-05-21,29.950000762939453,30.0,29.149999618530273,30.0,35531
2024-05-22,30.200000762939453,30.600000381469727,28.25,29.299999237060547,38507
2024-05-23,29.5,31.0,29.299999237060547,31.0,27365
2024-05-24,30.950000762939453,31.5,29.850000381469727,30.299999237060547,31219
2024-05-27,30.399999618530273,31.149999618530273,29.149999618530273,29.850000381469727,31603
2024-05-28,29.200000762939453,30.0,27.600000381469727,29.549999237060547,51863
2024-05-29,29.600000381469727,31.5,28.75,30.450000762939453,57849
2024-05-31,30.299999237060547,32.95000076293945,30.299999237060547,32.95000076293945,65466
2024-06-03,32.95000076293945,34.400001525878906,32.95000076293945,33.95000076293945,58819
2024-06-04,34.0,34.20000076293945,32.400001525878906,32.79999923706055,35272
2024-06-05,32.79999923706055,32.79999923706055,31.200000762939453,32.150001525878906,47891
2024-06-06,32.150001525878906,32.599998474121094,31.5,32.29999923706055,23763
2024-06-07,32.25,32.5,31.649999618530273,32.20000076293945,13119
2024-06-10,32.20000076293945,33.75,31.700000762939453,33.0,17217
2024-06-11,32.95000076293945,33.29999923706055,32.349998474121094,32.900001525878906,21335
2024-06-12,32.900001525878906,32.900001525878906,30.600000381469727,30.899999618530273,102280
2024-06-13,31.200000762939453,32.29999923706055,31.0,31.149999618530273,34753
2024-06-14,31.200000762939453,32.0,30.149999618530273,30.600000381469727,39587
2024-06-17,30.649999618530273,33.0,30.649999618530273,32.79999923706055,30878
2024-06-18,32.79999923706055,34.150001525878906,32.79999923706055,33.70000076293945,25674
2024-06-19,33.75,34.70000076293945,33.20000076293945,34.70000076293945,22967
2024-06-20,34.75,36.400001525878906,34.099998474121094,36.20000076293945,65418
2024-06-21,36.29999923706055,36.5,35.0,36.5,33532
2024-06-24,36.400001525878906,36.400001525878906,34.04999923706055,34.099998474121094,62879
2024-06-25,34.20000076293945,35.70000076293945,34.20000076293945,34.79999923706055,47856
2024-06-26,34.79999923706055,34.849998474121094,34.20000076293945,34.45000076293945,19636
2024-06-27,34.900001525878906,36.0,34.75,36.0,25984
2024-06-28,36.0,36.0,34.900001525878906,35.45000076293945,13951
2024-07-01,35.79999923706055,35.79999923706055,34.5,34.70000076293945,25643
2024-07-02,34.599998474121094,34.79999923706055,32.5,33.150001525878906,93722
2024-07-03,33.150001525878906,33.599998474121094,32.599998474121094,33.04999923706055,38523
2024-07-04,33.04999923706055,33.150001525878906,31.350000381469727,31.75,77274
2024-07-05,31.899999618530273,32.70000076293945,31.200000762939453,31.399999618530273,36420
2024-07-08,31.399999618530273,32.349998474121094,31.0,31.25,27109
2024-07-09,31.0,31.649999618530273,30.899999618530273,31.5,19178
2024-07-10,31.799999237060547,32.599998474121094,31.0,31.600000381469727,32686
2024-07-11,31.700000762939453,32.099998474121094,31.549999237060547,31.799999237060547,13606
2024-07-12,31.799999237060547,32.349998474121094,31.600000381469727,32.349998474121094,14126
2024-07-15,32.400001525878906,32.400001525878906,30.600000381469727,31.0,43339
2024-07-16,31.0,31.399999618530273,29.600000381469727,30.299999237060547,69334
2024-07-17,30.100000381469727,30.25,29.649999618530273,30.200000762939453,26769
2024-07-18,30.200000762939453,30.5,29.600000381469727,29.799999237060547,26885
2024-07-19,29.799999237060547,29.899999618530273,28.799999237060547,29.399999618530273,59715
2024-07-22,29.399999618530273,29.799999237060547,28.799999237060547,29.75,14773
2024-07-23,29.799999237060547,29.799999237060547,29.149999618530273,29.299999237060547,7404
2024-07-24,29.399999618530273,30.5,29.100000381469727,30.100000381469727,13643
2024-07-25,29.399999618530273,29.950000762939453,28.950000762939453,29.399999618530273,22765
2024-07-26,29.350000381469727,29.950000762939453,29.100000381469727,29.450000762939453,22976
2024-07-29,30.049999237060547,30.299999237060547,29.450000762939453,30.0,18952
2024-07-30,29.899999618530273,31.350000381469727,29.649999618530273,30.799999237060547,26984
2024-07-31,30.799999237060547,31.350000381469727,29.950000762939453,30.700000762939453,16419
2024-08-01,30.350000381469727,31.600000381469727,29.799999237060547,31.0,36336
2024-08-02,30.5,31.399999618530273,30.5,31.049999237060547,72678
2024-08-05,30.5,30.950000762939453,28.899999618530273,30.299999237060547,157570
2024-08-06,30.299999237060547,31.799999237060547,29.850000381469727,31.549999237060547,63346
2024-08-07,31.799999237060547,31.799999237060547,30.700000762939453,31.5,16862
2024-08-08,31.700000762939453,31.899999618530273,30.549999237060547,31.350000381469727,68371
2024-08-09,29.350000381469727,29.450000762939453,27.350000381469727,28.0,56056
2024-08-12,28.0,28.700000762939453,27.899999618530273,28.299999237060547,22441
2024-08-13,28.350000381469727,30.5,28.350000381469727,29.600000381469727,23262
2024-08-14,29.700000762939453,30.450000762939453,29.049999237060547,29.899999618530273,18160
2024-08-16,29.899999618530273,31.5,29.899999618530273,31.25,17614
2024-08-19,31.25,31.350000381469727,29.799999237060547,31.299999237060547,39035
2024-08-20,31.200000762939453,32.45000076293945,30.399999618530273,30.600000381469727,26284
2024-08-21,30.649999618530273,31.299999237060547,30.5,30.5,8996
2024-08-22,30.75,31.299999237060547,30.75,30.899999618530273,18088
2024-08-23,30.899999618530273,30.950000762939453,29.899999618530273,30.299999237060547,7291
2024-08-26,30.200000762939453,30.649999618530273,29.399999618530273,29.75,14243
2024-08-27,29.799999237060547,30.600000381469727,29.399999618530273,29.649999618530273,9377
2024-08-28,29.850000381469727,29.850000381469727,28.899999618530273,29.350000381469727,9432
2024-08-29,29.350000381469727,30.899999618530273,29.149999618530273,30.350000381469727,10886
2024-08-30,30.299999237060547,30.850000381469727,29.899999618530273,30.399999618530273,9429
2024-09-02,31.0,31.850000381469727,30.200000762939453,31.5,35596
2024-09-03,31.0,31.600000381469727,30.600000381469727,31.149999618530273,10436
2024-09-04,30.950000762939453,31.200000762939453,30.0,30.600000381469727,17480
2024-09-05,30.850000381469727,31.0,29.899999618530273,29.899999618530273,16247
2024-09-06,29.899999618530273,30.5,29.299999237060547,29.450000762939453,12800
2024-09-09,29.450000762939453,30.049999237060547,29.0,29.399999618530273,11758
2024-09-10,29.399999618530273,29.950000762939453,29.200000762939453,29.399999618530273,7731
2024-09-11,29.399999618530273,30.0,29.0,29.100000381469727,16169
2024-09-12,29.350000381469727,29.75,28.899999618530273,29.0,17119
2024-09-13,29.0,29.25,27.899999618530273,28.5,48059
2024-09-16,28.200000762939453,29.149999618530273,28.049999237060547,28.299999237060547,12362
2024-09-17,28.299999237060547,29.799999237060547,28.299999237060547,29.549999237060547,19314
2024-09-18,30.0,31.850000381469727,30.0,31.600000381469727,109992
2024-09-19,31.600000381469727,33.20000076293945,31.299999237060547,33.20000076293945,61221
2024-09-20,33.29999923706055,33.29999923706055,31.399999618530273,31.799999237060547,25982
2024-09-23,31.799999237060547,31.799999237060547,30.200000762939453,30.799999237060547,15162
2024-09-24,30.799999237060547,32.45000076293945,30.75,31.799999237060547,20341
2024-09-25,32.099998474121094,33.099998474121094,31.850000381469727,32.95000076293945,29409
2024-09-26,33.150001525878906,33.25,32.099998474121094,32.95000076293945,11966
2024-09-27,33.0,33.0,32.0,32.45000076293945,9708
2024-09-30,32.45000076293945,32.45000076293945,31.649999618530273,31.700000762939453,8794
2024-10-01,31.899999618530273,32.5,31.149999618530273,32.0,13333
2024-10-02,32.099998474121094,32.70000076293945,31.700000762939453,32.650001525878906,13520
2024-10-03,32.54999923706055,32.900001525878906,31.450000762939453,31.549999237060547,32826
2024-10-04,31.549999237060547,31.799999237060547,30.5,31.5,24999
2024-10-07,31.450000762939453,31.850000381469727,30.950000762939453,31.299999237060547,19344
2024-10-08,30.950000762939453,31.399999618530273,30.649999618530273,31.25,8441
2024-10-09,31.299999237060547,31.5,30.899999618530273,31.100000381469727,10803
2024-10-10,31.200000762939453,31.450000762939453,31.049999237060547,31.350000381469727,5458
2024-10-11,31.299999237060547,31.5,31.149999618530273,31.399999618530273,6779
2024-10-14,31.399999618530273,31.5,30.600000381469727,31.399999618530273,7975
2024-10-15,31.5,31.899999618530273,31.399999618530273,31.5,22183
2024-10-16,31.5,31.899999618530273,31.5,31.850000381469727,8611
2024-10-17,31.899999618530273,31.899999618530273,31.450000762939453,31.700000762939453,11438
2024-10-18,31.600000381469727,31.950000762939453,31.350000381469727,31.950000762939453,22154
2024-10-21,32.0,33.0,31.350000381469727,32.79999923706055,31857
2024-10-22,32.79999923706055,33.29999923706055,32.25,32.900001525878906,26249
2024-10-23,33.099998474121094,33.25,31.649999618530273,32.5,11172
2024-10-24,32.5,33.29999923706055,32.5,33.20000076293945,11830
2024-10-25,33.20000076293945,33.20000076293945,32.599998474121094,33.0,8650
2024-10-28,33.20000076293945,34.70000076293945,32.599998474121094,34.70000076293945,59200
2024-10-29,34.54999923706055,35.5,33.900001525878906,35.29999923706055,35865
2024-10-30,35.29999923706055,35.29999923706055,33.650001525878906,34.400001525878906,21576
2024-10-31,33.900001525878906,34.25,33.20000076293945,33.95000076293945,16497
2024-11-04,34.349998474121094,35.70000076293945,34.0,35.0,20178
2024-11-05,35.0,35.45000076293945,34.54999923706055,34.75,14028
2024-11-06,34.75,35.29999923706055,34.400001525878906,35.099998474121094,10452
2024-11-07,35.20000076293945,37.79999923706055,34.849998474121094,37.400001525878906,66821
2024-11-08,37.5,39.20000076293945,37.45000076293945,38.599998474121094,39348
2024-11-12,38.79999923706055,39.29999923706055,37.5,38.900001525878906,21617
2024-11-13,38.900001525878906,39.0,38.5,38.75,12634
2024-11-14,38.75,38.75,37.0,38.650001525878906,15562
2024-11-15,38.75,38.79999923706055,38.099998474121094,38.70000076293945,12741
2024-11-18,38.70000076293945,39.0,37.849998474121094,38.95000076293945,28096
2024-11-19,39.0,39.0,36.849998474121094,37.5,24089
2024-11-20,37.54999923706055,38.599998474121094,37.0,38.400001525878906,17192
2024-11-21,38.599998474121094,39.0,38.5,39.0,19168
2024-11-22,39.0,42.349998474121094,38.400001525878906,42.349998474121094,92592
2024-11-25,42.5,42.650001525878906,40.54999923706055,41.29999923706055,33039
2024-11-26,41.20000076293945,41.20000076293945,40.20000076293945,41.150001525878906,9571
2024-11-27,41.25,41.79999923706055,40.20000076293945,40.45000076293945,8498
2024-11-28,40.400001525878906,41.5,40.400001525878906,41.150001525878906,5424
2024-11-29,41.45000076293945,41.45000076293945,40.54999923706055,40.54999923706055,7252
2024-12-02,41.400001525878906,41.5,40.599998474121094,41.5,16374
2024-12-03,41.650001525878906,42.5,41.5,41.95000076293945,12722
2024-12-04,41.95000076293945,41.95000076293945,39.79999923706055,40.29999923706055,61863
2024-12-05,40.150001525878906,40.70000076293945,38.29999923706055,38.849998474121094,64317
2024-12-06,39.099998474121094,40.400001525878906,38.900001525878906,39.650001525878906,14148
2024-12-09,40.150001525878906,40.29999923706055,39.54999923706055,39.70000076293945,14194
2024-12-10,40.099998474121094,40.400001525878906,39.29999923706055,39.29999923706055,10400
2024-12-11,39.5,39.650001525878906,38.5,38.5,21150
2024-12-12,38.70000076293945,40.0,37.29999923706055,37.95000076293945,23367
2024-12-13,37.900001525878906,38.400001525878906,36.20000076293945,36.5,36897
2024-12-16,36.5,40.0,36.5,38.79999923706055,46138
2024-12-17,38.650001525878906,40.0,38.650001525878906,39.900001525878906,35487
2024-12-18,39.54999923706055,40.20000076293945,39.54999923706055,39.900001525878906,28812
2024-12-19,40.0,40.0,39.25,39.75,19942
2024-12-20,39.400001525878906,39.599998474121094,38.54999923706055,39.099998474121094,10491
2024-12-23,38.0,38.849998474121094,36.54999923706055,37.79999923706055,83699
2024-12-27,37.849998474121094,38.29999923706055,37.70000076293945,38.0,19032
2024-12-30,38.29999923706055,38.400001525878906,37.599998474121094,37.79999923706055,14028
2025-01-02,38.29999923706055,41.75,37.849998474121094,41.29999923706055,37344
2025-01-03,41.400001525878906,44.0,41.349998474121094,43.0,41199
2025-01-07,43.5,44.95000076293945,42.54999923706055,44.29999923706055,25092
2025-01-08,44.0,44.29999923706055,43.0,43.70000076293945,13660
2025-01-09,43.900001525878906,44.29999923706055,42.650001525878906,43.150001525878906,13603
2025-01-10,43.150001525878906,44.45000076293945,43.0,44.29999923706055,14590
2025-01-13,44.5,44.900001525878906,43.349998474121094,44.25,12666
2025-01-14,44.45000076293945,44.70000076293945,43.650001525878906,44.599998474121094,10400
2025-01-15,44.599998474121094,46.849998474121094,44.0,46.0,22594
2025-01-16,46.75,47.45000076293945,46.29999923706055,47.0,27660
2025-01-17,47.0,47.5,46.20000076293945,46.5,15996
2025-01-20,46.5,47.400001525878906,45.650001525878906,47.0,21097
2025-01-21,47.0,47.20000076293945,46.25,47.0,13247
2025-01-22,46.650001525878906,46.95000076293945,45.20000076293945,45.75,20298
2025-01-23,45.54999923706055,45.79999923706055,44.0,44.849998474121094,16361
2025-01-24,45.0,45.849998474121094,44.70000076293945,45.650001525878906,18387
2025-01-27,45.54999923706055,45.599998474121094,44.5,45.20000076293945,12634
2025-01-28,44.75,45.70000076293945,44.650001525878906,45.20000076293945,11891
2025-01-29,45.20000076293945,45.70000076293945,44.29999923706055,44.79999923706055,10093
2025-01-30,44.70000076293945,45.20000076293945,44.349998474121094,44.79999923706055,7204
2025-01-31,44.79999923706055,44.79999923706055,43.150001525878906,43.349998474121094,31085
2025-02-03,43.0,44.099998474121094,42.0,44.04999923706055,25029
2025-02-04,44.0,44.95000076293945,43.650001525878906,44.75,9442
2025-02-05,44.5,45.0,42.79999923706055,43.70000076293945,9687
2025-02-06,43.70000076293945,45.0,43.5,44.79999923706055,10729
2025-02-07,44.5,46.0,43.95000076293945,45.849998474121094,12537
2025-02-10,46.20000076293945,47.099998474121094,45.70000076293945,46.75,20730
2025-02-11,46.900001525878906,47.400001525878906,46.25,46.95000076293945,12911
2025-02-12,47.29999923706055,47.349998474121094,45.20000076293945,46.20000076293945,19590
2025-02-13,46.29999923706055,46.5,45.25,45.900001525878906,9351
2025-02-14,45.79999923706055,46.29999923706055,45.29999923706055,45.900001525878906,10862
2025-02-17,45.900001525878906,46.650001525878906,45.75,46.400001525878906,8796
2025-02-18,46.599998474121094,46.900001525878906,46.400001525878906,46.79999923706055,11735
2025-02-19,46.79999923706055,46.849998474121094,45.5,45.70000076293945,14643
2025-02-20,45.70000076293945,46.45000076293945,45.400001525878906,46.29999923706055,10497
2025-02-21,46.29999923706055,46.45000076293945,45.75,46.150001525878906,5111
2025-02-24,46.150001525878906,46.150001525878906,44.599998474121094,45.29999923706055,16846
2025-02-25,45.29999923706055,45.5,44.70000076293945,45.349998474121094,7677
2025-02-26,45.349998474121094,45.75,45.0,45.54999923706055,8770
2025-02-27,45.54999923706055,45.70000076293945,43.099998474121094,44.45000076293945,21226
2025-02-28,44.45000076293945,44.45000076293945,43.29999923706055,43.900001525878906,9833
2025-03-03,43.70000076293945,44.0,43.29999923706055,43.95000076293945,10819
2025-03-04,43.900001525878906,43.95000076293945,41.20000076293945,42.0,50922
2025-03-05,42.5,44.75,42.150001525878906,43.95000076293945,25462
2025-03-06,44.04999923706055,44.650001525878906,42.95000076293945,43.79999923706055,15736
2025-03-07,43.900001525878906,44.45000076293945,43.349998474121094,43.900001525878906,9829
2025-03-10,43.900001525878906,43.95000076293945,43.0,43.75,16199
2025-03-11,43.849998474121094,44.70000076293945,43.400001525878906,44.599998474121094,20027
2025-03-12,44.70000076293945,46.20000076293945,44.599998474121094,45.75,21774
2025-03-13,46.150001525878906,47.20000076293945,46.04999923706055,46.650001525878906,24281
2025-03-14,47.0,47.95000076293945,46.29999923706055,47.900001525878906,22133
2025-03-17,47.900001525878906,48.400001525878906,47.45000076293945,47.5,15885
2025-03-18,47.5,47.75,45.54999923706055,46.0,26015
2025-03-19,46.0,46.0,44.29999923706055,44.900001525878906,38506
2025-03-20,44.900001525878906,45.400001525878906,44.45000076293945,44.650001525878906,16866
2025-03-21,44.650001525878906,44.79999923706055,43.75,44.54999923706055,31762
2025-03-24,44.849998474121094,45.900001525878906,44.349998474121094,45.0,32067
2025-03-25,44.900001525878906,46.95000076293945,44.5,46.79999923706055,13046
2025-03-26,46.650001525878906,47.900001525878906,45.599998474121094,47.29999923706055,23403
2025-03-27,47.400001525878906,48.45000076293945,46.5,48.0,30199
2025-03-28,48.0,48.5,47.099998474121094,47.5,10191
2025-03-31,47.5,47.599998474121094,46.20000076293945,47.04999923706055,15673
2025-04-01,47.20000076293945,48.900001525878906,46.79999923706055,48.349998474121094,19534
2025-04-02,46.29999923706055,47.400001525878906,44.5,46.45000076293945,91889
2025-04-03,46.45000076293945,47.79999923706055,45.650001525878906,46.650001525878906,30509
2025-04-04,46.70000076293945,46.900001525878906,44.5,45.29999923706055,39311
2025-04-07,44.400001525878906,45.5,42.099998474121094,44.849998474121094,71130
2025-04-08,45.75,46.45000076293945,45.0,46.0,17231
2025-04-09,45.099998474121094,45.650001525878906,44.45000076293945,44.5,17927
2025-04-10,46.0,47.0,45.349998474121094,46.099998474121094,24454
2025-04-11,45.95000076293945,46.20000076293945,44.95000076293945,45.20000076293945,10998
2025-04-14,45.599998474121094,47.0,45.29999923706055,47.0,16697
2025-04-15,47.0,47.79999923706055,46.29999923706055,46.95000076293945,13807
2025-04-16,46.70000076293945,47.0,46.29999923706055,46.70000076293945,7905
2025-04-17,46.5,49.54999923706055,46.150001525878906,48.900001525878906,35763
2025-04-22,47.849998474121094,52.20000076293945,47.849998474121094,51.29999923706055,34814
2025-04-23,51.400001525878906,53.29999923706055,51.400001525878906,52.099998474121094,32396
2025-04-24,51.0,52.70000076293945,50.5,52.70000076293945,17817
2025-04-25,52.599998474121094,53.29999923706055,50.5,51.0,91947
2025-04-28,51.099998474121094,52.20000076293945,51.099998474121094,51.900001525878906,7880
2025-04-29,51.900001525878906,53.29999923706055,51.900001525878906,52.70000076293945,8506
2025-04-30,52.70000076293945,52.70000076293945,51.0,51.70000076293945,12655
2025-05-02,51.099998474121094,51.70000076293945,50.5,50.900001525878906,33399
2025-05-05,51.0,51.900001525878906,49.04999923706055,49.400001525878906,21793
2025-05-06,49.400001525878906,50.20000076293945,48.75,50.20000076293945,19671
2025-05-07,50.20000076293945,50.5,49.099998474121094,49.849998474121094,20813
2025-05-08,49.599998474121094,50.79999923706055,49.099998474121094,50.5,25169
2025-05-09,50.20000076293945,51.599998474121094,50.20000076293945,51.5,13473
2025-05-12,51.5,52.29999923706055,50.400001525878906,51.5,15925
2025-05-13,51.5,52.70000076293945,51.5,52.20000076293945,14426
2025-05-14,52.5,53.5,52.0,52.20000076293945,18372
2025-05-15,52.20000076293945,54.70000076293945,49.900001525878906,54.099998474121094,16813
2025-05-16,54.099998474121094,54.5,52.900001525878906,54.29999923706055,18813
2025-05-19,54.29999923706055,55.29999923706055,53.099998474121094,54.0,29463
2025-05-20,54.20000076293945,55.099998474121094,53.900001525878906,54.70000076293945,12132
2025-05-21,54.79999923706055,55.0,52.900001525878906,53.0,14988
2025-05-22,53.29999923706055,53.29999923706055,51.099998474121094,52.099998474121094,13160
2025-05-23,52.099998474121094,53.79999923706055,51.400001525878906,51.70000076293945,8719
2025-05-26,51.70000076293945,53.29999923706055,50.5,52.099998474121094,10994
2025-05-27,51.0,52.5,49.349998474121094,52.5,46460
2025-05-28,52.20000076293945,52.20000076293945,51.0,51.29999923706055,25397
2025-05-29,51.29999923706055,51.29999923706055,50.29999923706055,50.400001525878906,28041
2025-05-30,50.29999923706055,51.20000076293945,50.29999923706055,50.29999923706055,10615
2025-06-02,49.79999923706055,51.099998474121094,49.04999923706055,49.95000076293945,25378
2025-06-03,50.0,50.5,49.20000076293945,49.75,12875
2025-06-04,49.599998474121094,51.099998474121094,48.25,50.900001525878906,37031
2025-06-05,51.0,51.0,48.54999923706055,48.900001525878906,25088
2025-06-06,48.70000076293945,49.349998474121094,47.599998474121094,49.349998474121094,29680
2025-06-09,49.900001525878906,49.900001525878906,48.349998474121094,49.650001525878906,10811
2025-06-10,49.75,52.20000076293945,49.650001525878906,51.70000076293945,22424
2025-06-11,52.20000076293945,52.20000076293945,50.0,50.5,12182
2025-06-12,50.5,51.79999923706055,49.20000076293945,50.0,6915
2025-06-13,50.0,50.599998474121094,49.04999923706055,49.150001525878906,8240
2025-06-16,49.0,50.0,48.29999923706055,49.25,14463
2025-06-17,49.0,49.79999923706055,48.75,49.349998474121094,14096
2025-06-18,47.0,47.79999923706055,45.5,45.75,68357
2025-06-20,45.5,47.150001525878906,43.79999923706055,47.0,36511
2025-06-23,46.45000076293945,46.54999923706055,44.5,44.599998474121094,22761
2025-06-24,44.79999923706055,46.900001525878906,44.70000076293945,45.849998474121094,23690
2025-06-25,46.0,47.900001525878906,45.849998474121094,46.900001525878906,15801
2025-06-26,46.95000076293945,48.70000076293945,46.54999923706055,48.70000076293945,12560
2025-06-27,49.20000076293945,49.5,48.150001525878906,49.0,12395
2025-06-30,49.099998474121094,49.79999923706055,47.849998474121094,48.349998474121094,8024
2025-07-01,48.150001525878906,48.349998474121094,47.25,47.400001525878906,14062
2025-07-02,47.29999923706055,48.20000076293945,46.650001525878906,47.349998474121094,8766
2025-07-03,47.20000076293945,48.349998474121094,47.0,47.650001525878906,10129
2025-07-04,47.849998474121094,47.900001525878906,47.0,47.150001525878906,7642
2025-07-07,47.04999923706055,47.150001525878906,45.79999923706055,46.29999923706055,15234
2025-07-08,46.29999923706055,47.599998474121094,45.70000076293945,47.25,17962
2025-07-09,47.54999923706055,47.54999923706055,46.5,47.0,7810
2025-07-10,47.0,48.20000076293945,46.150001525878906,47.70000076293945,15768
2025-07-11,47.5,49.099998474121094,47.45000076293945,47.45000076293945,14404
2025-07-14,47.5,47.900001525878906,46.54999923706055,47.5,6953
2025-07-15,47.20000076293945,49.29999923706055,47.04999923706055,48.5,12093
2025-07-16,48.5,49.79999923706055,48.25,49.349998474121094,15419
2025-07-17,49.349998474121094,49.349998474121094,48.29999923706055,49.150001525878906,6043
2025-07-18,49.54999923706055,50.5,48.650001525878906,49.45000076293945,12843
2025-07-21,49.45000076293945,49.45000076293945,48.0,48.45000076293945,7072
2025-07-22,47.650001525878906,48.400001525878906,47.5,47.900001525878906,7083
2025-07-23,48.099998474121094,49.0,47.5,47.5,6558
2025-07-24,48.25,48.75,47.70000076293945,48.099998474121094,7283
2025-07-25,48.400001525878906,49.0,48.20000076293945,49.0,12246
2025-07-28,49.0,54.70000076293945,47.599998474121094,53.0,114812
2025-07-29,54.20000076293945,54.20000076293945,51.29999923706055,51.599998474121094,42836
2025-07-30,51.599998474121094,52.5,51.20000076293945,51.70000076293945,17047
2025-07-31,52.0,52.400001525878906,50.599998474121094,50.70000076293945,9426
2025-08-01,50.70000076293945,51.20000076293945,49.0,49.900001525878906,32122
2025-08-04,49.900001525878906,50.5,49.25,49.400001525878906,10485
2025-08-05,49.650001525878906,50.29999923706055,49.04999923706055,49.5,10521
2025-08-06,49.04999923706055,49.79999923706055,49.04999923706055,49.75,1799
2025-08-07,49.75,49.95000076293945,49.45000076293945,49.650001525878906,4306
2025-08-08,49.650001525878906,50.20000076293945,49.54999923706055,49.900001525878906,7430
2025-08-11,50.900001525878906,52.79999923706055,50.20000076293945,52.400001525878906,25754
2025-08-12,52.79999923706055,53.79999923706055,52.5,53.70000076293945,14860
2025-08-13,53.70000076293945,54.0,53.0,53.599998474121094,10728
2025-08-14,53.70000076293945,53.70000076293945,51.599998474121094,52.0,11257
2025-08-18,52.0,53.5,51.70000076293945,52.0,7487
2025-08-19,52.0,54.599998474121094,51.900001525878906,54.0,31545
2025-08-20,54.0,55.79999923706055,53.5,54.70000076293945,24513
2025-08-21,54.79999923706055,55.70000076293945,53.70000076293945,55.29999923706055,9761
2025-08-22,55.29999923706055,55.400001525878906,53.20000076293945,54.20000076293945,11182
2025-08-25,54.20000076293945,54.400001525878906,53.099998474121094,54.29999923706055,5408
2025-08-26,54.900001525878906,54.900001525878906,53.5,54.400001525878906,3145
2025-08-27,54.400001525878906,54.599998474121094,52.20000076293945,53.0,7561
2025-08-28,53.79999923706055,53.79999923706055,52.099998474121094,53.400001525878906,8067
2025-08-29,53.70000076293945,53.79999923706055,51.70000076293945,52.400001525878906,13741
2025-09-01,51.79999923706055,52.400001525878906,47.349998474121094,49.29999923706055,70179
2025-09-02,49.5,50.5,49.0,50.0,14490
2025-09-03,50.20000076293945,51.5,50.099998474121094,50.599998474121094,8538
2025-09-04,51.29999923706055,53.900001525878906,50.599998474121094,53.0,26586
2025-09-05,53.0,53.400001525878906,51.79999923706055,52.0,9886
2025-09-08,52.5,53.5,51.79999923706055,52.099998474121094,7541
2025-09-09,47.79999923706055,50.0,47.20000076293945,49.099998474121094,112186
2025-09-10,49.0,49.79999923706055,47.849998474121094,49.45000076293945,32710
2025-09-11,49.45000076293945,49.650001525878906,48.650001525878906,48.849998474121094,14759
2025-09-12,48.900001525878906,50.79999923706055,48.79999923706055,49.79999923706055,15616
2025-09-15,49.79999923706055,51.0,49.0,50.0,12804
2025-09-16,50.29999923706055,50.29999923706055,49.0,49.650001525878906,9377
2025-09-17,49.04999923706055,49.650001525878906,48.0,48.20000076293945,24104
2025-09-18,48.25,49.900001525878906,48.25,49.54999923706055,15186
2025-09-19,49.70000076293945,49.79999923706055,48.79999923706055,49.79999923706055,12793
2025-09-22,49.79999923706055,50.5,48.900001525878906,50.20000076293945,14430
2025-09-23,50.400001525878906,51.79999923706055,49.95000076293945,51.400001525878906,24718
2025-09-24,50.79999923706055,51.400001525878906,50.20000076293945,51.099998474121094,13359
2025-09-25,51.900001525878906,51.900001525878906,50.5,51.0,6879
2025-09-26,51.099998474121094,51.20000076293945,49.70000076293945,50.20000076293945,6148
2025-09-29,50.400001525878906,50.599998474121094,48.650001525878906,50.0,23747
2025-09-30,50.0,52.29999923706055,49.599998474121094,52.099998474121094,18610
2025-10-01,52.400001525878906,52.900001525878906,50.79999923706055,51.400001525878906,17211
2025-10-02,51.599998474121094,53.0,51.0,52.599998474121094,24673
2025-10-03,52.900001525878906,52.900001525878906,51.400001525878906,52.400001525878906,12794
2025-10-06,52.29999923706055,52.70000076293945,50.70000076293945,52.599998474121094,25292
2025-10-07,52.900001525878906,53.0,51.599998474121094,52.29999923706055,27222
2025-10-08,52.0,53.5,52.0,53.5,24158
2025-10-09,53.29999923706055,53.5,51.29999923706055,52.20000076293945,22527
2025-10-10,52.20000076293945,52.5,50.70000076293945,51.70000076293945,15490
2025-10-13,50.79999923706055,51.5,50.20000076293945,50.5,15514
2025-10-14,50.29999923706055,50.900001525878906,49.5,50.29999923706055,12397
2025-10-15,50.5,51.29999923706055,49.20000076293945,50.0,16181
2025-10-16,50.5,52.70000076293945,49.849998474121094,52.099998474121094,25433
2025-10-17,51.900001525878906,52.0,51.0,51.400001525878906,6066
2025-10-20,51.900001525878906,51.900001525878906,50.79999923706055,51.5,5909
2025-10-21,51.400001525878906,51.400001525878906,50.400001525878906,50.599998474121094,4474
2025-10-22,50.400001525878906,51.79999923706055,50.400001525878906,51.400001525878906,8198
2025-10-23,51.0,51.0,49.849998474121094,50.099998474121094,14009
2025-10-24,50.29999923706055,51.5,50.0,50.29999923706055,8024
2025-10-27,50.79999923706055,50.79999923706055,49.54999923706055,49.70000076293945,12648
2025-10-28,49.70000076293945,50.5,49.599998474121094,50.29999923706055,6532
2025-10-29,50.0,50.79999923706055,49.70000076293945,50.599998474121094,8772
2025-10-30,50.70000076293945,51.0,50.099998474121094,50.20000076293945,22168
2025-10-31,50.5,50.70000076293945,50.20000076293945,50.20000076293945,3864
2025-11-03,50.29999923706055,50.599998474121094,50.20000076293945,50.20000076293945,9051
2025-11-04,50.20000076293945,50.5,47.599998474121094,48.45000076293945,46329
2025-11-05,48.599998474121094,48.95000076293945,46.29999923706055,47.0,50102
2025-11-06,47.0,48.0,46.29999923706055,47.29999923706055,34747
2025-11-07,47.29999923706055,47.900001525878906,46.849998474121094,47.099998474121094,12920
2025-11-10,47.099998474121094,47.849998474121094,47.0,47.650001525878906,11168
2025-11-12,48.0,48.349998474121094,47.5,47.70000076293945,9302
2025-11-13,47.79999923706055,49.900001525878906,47.70000076293945,48.349998474121094,29432
2025-11-14,48.150001525878906,48.599998474121094,47.599998474121094,48.150001525878906,16499
2025-11-17,48.400001525878906,49.0,47.599998474121094,47.75,6758
2025-11-18,47.650001525878906,47.650001525878906,46.45000076293945,46.95000076293945,13366
2025-11-19,46.95000076293945,47.29999923706055,46.650001525878906,46.900001525878906,9565
2025-11-20,46.95000076293945,47.79999923706055,46.849998474121094,47.20000076293945,22508
2025-11-21,46.900001525878906,47.29999923706055,46.099998474121094,46.25,11939
2025-11-24,46.900001525878906,47.0,46.150001525878906,46.25,10816
2025-11-25,45.099998474121094,45.29999923706055,41.54999923706055,41.95000076293945,259726
2025-11-26,41.95000076293945,43.45000076293945,41.099998474121094,43.25,66455
2025-11-27,43.650001525878906,44.20000076293945,40.900001525878906,40.900001525878906,93232
2025-11-28,40.70000076293945,42.900001525878906,40.20000076293945,42.599998474121094,60737
2025-12-01,42.45000076293945,42.599998474121094,41.79999923706055,41.95000076293945,28463
2025-12-02,41.95000076293945,42.900001525878906,40.5,41.0,60463
2025-12-03,41.0,41.5,40.349998474121094,40.599998474121094,30848
2025-12-04,40.599998474121094,41.400001525878906,40.20000076293945,40.20000076293945,21126
2025-12-05,40.29999923706055,40.75,39.20000076293945,40.20000076293945,28427
2025-12-08,40.20000076293945,41.900001525878906,40.20000076293945,40.599998474121094,17807
2025-12-09,40.95000076293945,41.5,39.70000076293945,40.25,43485
2025-12-10,40.349998474121094,41.5,39.5,41.0,33472
2025-12-11,41.25,41.25,40.20000076293945,40.349998474121094,29944
2025-12-12,40.29999923706055,41.0,40.150001525878906,40.79999923706055,32605
2025-12-15,40.75,40.79999923706055,39.650001525878906,39.70000076293945,39488
2025-12-16,39.900001525878906,40.0,38.0,39.400001525878906,53442
2025-12-17,39.29999923706055,40.20000076293945,39.0,39.599998474121094,32731
2025-12-18,39.75,40.04999923706055,39.099998474121094,40.0,28785
2025-12-19,40.0,40.599998474121094,39.0,39.650001525878906,34447
2025-12-22,40.20000076293945,43.5,40.099998474121094,42.70000076293945,58100
2025-12-23,42.849998474121094,44.95000076293945,42.29999923706055,43.650001525878906,61744
2025-12-29,44.70000076293945,46.400001525878906,44.5,45.400001525878906,46261
2025-12-30,45.79999923706055,45.849998474121094,44.650001525878906,45.849998474121094,32512
2026-01-02,46.79999923706055,47.70000076293945,46.0,47.5,57541
2026-01-05,47.849998474121094,47.849998474121094,46.70000076293945,46.900001525878906,23885
2026-01-07,46.849998474121094,47.400001525878906,46.400001525878906,47.0,22988
2026-01-08,47.0,47.099998474121094,46.04999923706055,46.29999923706055,13688
2026-01-09,46.29999923706055,48.20000076293945,45.95000076293945,47.79999923706055,26955
2026-01-12,47.849998474121094,47.849998474121094,46.650001525878906,47.599998474121094,23539
2026-01-13,48.0,48.099998474121094,46.54999923706055,47.20000076293945,19035
2026-01-14,47.150001525878906,47.150001525878906,45.70000076293945,46.900001525878906,11227
2026-01-15,46.75,46.95000076293945,46.20000076293945,46.599998474121094,5754
2026-01-16,46.650001525878906,46.79999923706055,46.20000076293945,46.599998474121094,7355
2026-01-19,46.599998474121094,46.75,45.599998474121094,45.650001525878906,12027
2026-01-20,45.650001525878906,46.099998474121094,44.5,45.79999923706055,12566
2026-01-21,45.79999923706055,46.099998474121094,45.0,45.29999923706055,8680
2026-01-22,45.400001525878906,47.04999923706055,44.599998474121094,46.70000076293945,17661
2026-01-23,47.099998474121094,47.099998474121094,45.849998474121094,46.20000076293945,8246
2026-01-26,45.95000076293945,46.20000076293945,44.849998474121094,45.29999923706055,13490
2026-01-27,45.650001525878906,46.900001525878906,45.29999923706055,46.79999923706055,11949
2026-01-28,47.0,47.400001525878906,46.54999923706055,47.20000076293945,7410
2026-01-29,46.900001525878906,49.0,46.849998474121094,48.95000076293945,31957
2026-01-30,48.849998474121094,51.20000076293945,48.25,49.45000076293945,42481
2026-02-02,49.70000076293945,49.70000076293945,48.0,49.099998474121094,15357
2026-02-03,49.20000076293945,50.5,48.29999923706055,49.95000076293945,13587
2026-02-04,50.0,50.70000076293945,48.099998474121094,50.599998474121094,58073
2026-02-05,50.400001525878906,50.599998474121094,48.599998474121094,49.900001525878906,22198
2026-02-06,49.900001525878906,50.900001525878906,49.400001525878906,49.95000076293945,9876
2026-02-09,51.0,52.79999923706055,50.5,50.900001525878906,21923
2026-02-10,51.79999923706055,52.0,50.099998474121094,51.20000076293945,10890
2026-02-11,51.400001525878906,51.400001525878906,50.5,50.900001525878906,5192
2026-02-12,51.20000076293945,53.099998474121094,50.900001525878906,52.400001525878906,38633
2026-02-13,52.29999923706055,52.29999923706055,51.20000076293945,52.20000076293945,12021
2026-02-16,51.70000076293945,52.0,51.0,51.5,4445
2026-02-17,51.5,51.5,50.20000076293945,51.099998474121094,5176
2026-02-18,51.099998474121094,51.79999923706055,50.5,51.5,5666
2026-02-19,51.599998474121094,52.29999923706055,50.29999923706055,51.400001525878906,20537
2026-02-20,51.70000076293945,51.70000076293945,50.0,50.900001525878906,14261
2026-02-23,50.5,51.5,49.54999923706055,50.0,14473
2026-02-24,49.79999923706055,50.5,49.099998474121094,50.29999923706055,12907
2026-02-25,50.400001525878906,51.099998474121094,49.70000076293945,50.400001525878906,8006
2026-02-26,50.29999923706055,51.0,49.79999923706055,50.20000076293945,7814
2026-02-27,50.20000076293945,52.0,50.0,51.099998474121094,12938
2026-03-02,50.70000076293945,51.5,49.599998474121094,50.900001525878906,12864
2026-03-03,50.0,50.79999923706055,48.5,48.900001525878906,21695
2026-03-04,48.5,50.0,48.5,49.400001525878906,14847
2026-03-05,49.400001525878906,51.900001525878906,48.849998474121094,50.79999923706055,21086
2026-03-06,51.79999923706055,54.400001525878906,50.70000076293945,51.599998474121094,45049
2026-03-09,51.599998474121094,51.599998474121094,49.70000076293945,50.900001525878906,15530
2026-03-10,51.20000076293945,51.79999923706055,48.0,49.0,62697
2026-03-11,49.0,49.400001525878906,47.150001525878906,48.70000076293945,19696
2026-03-12,49.20000076293945,49.29999923706055,47.5,48.0,11276
2026-03-13,47.599998474121094,48.849998474121094,47.150001525878906,48.29999923706055,5748
2026-03-16,48.0,49.25,47.150001525878906,48.95000076293945,12863
2026-03-17,48.95000076293945,51.099998474121094,48.0,51.0,18380
2026-03-18,51.20000076293945,51.5,49.20000076293945,49.900001525878906,9893
2026-03-19,49.900001525878906,50.099998474121094,46.400001525878906,49.20000076293945,32813
2026-03-20,48.900001525878906,50.5,48.5,49.45000076293945,12216
2026-03-23,47.099998474121094,50.20000076293945,46.04999923706055,49.20000076293945,47028
2026-03-24,49.20000076293945,50.400001525878906,48.5,50.0,18278
2026-03-25,50.5,50.599998474121094,49.45000076293945,49.650001525878906,9203
2026-03-26,50.0,50.0,49.150001525878906,49.29999923706055,9026
2026-03-27,49.150001525878906,49.29999923706055,47.29999923706055,47.79999923706055,14229
2026-03-30,47.79999923706055,47.79999923706055,46.20000076293945,47.0,8653
2026-03-31,47.0,48.900001525878906,47.0,48.04999923706055,7204
2026-04-01,48.400001525878906,49.900001525878906,48.099998474121094,48.79999923706055,18493
2026-04-02,49.0,49.0,47.79999923706055,48.79999923706055,7432
2026-04-07,48.79999923706055,49.29999923706055,47.119998931884766,48.0,8822
2026-04-08,49.2599983215332,50.5,49.0,50.20000076293945,21891
2026-04-09,50.0,50.599998474121094,49.619998931884766,50.099998474121094,5245
2026-04-10,50.0,51.29999923706055,49.81999969482422,50.849998474121094,15577
2026-04-13,49.79999923706055,51.150001525878906,49.79999923706055,50.95000076293945,10036
2026-04-14,51.20000076293945,53.650001525878906,51.0,51.650001525878906,30366
2026-04-15,51.75,52.29999923706055,50.25,50.900001525878906,18659
2026-04-16,50.900001525878906,51.0,48.84000015258789,49.5,43804
2026-04-17,50.5,52.20000076293945,49.599998474121094,52.150001525878906,64768
2026-04-20,52.150001525878906,52.70000076293945,51.099998474121094,52.20000076293945,15256
2026-04-21,52.400001525878906,55.0,52.400001525878906,53.849998474121094,38709
2026-04-22,53.849998474121094,54.650001525878906,51.849998474121094,53.79999923706055,19843
2026-04-23,53.79999923706055,53.79999923706055,52.04999923706055,53.599998474121094,9959
2026-04-24,53.599998474121094,53.650001525878906,52.54999923706055,53.599998474121094,13238
2026-04-27,53.650001525878906,55.95000076293945,53.25,55.20000076293945,35043
2026-04-28,55.79999923706055,58.95000076293945,55.5,57.599998474121094,53835
2026-04-29,58.79999923706055,58.79999923706055,56.29999923706055,57.04999923706055,11950
2026-04-30,57.0,58.400001525878906,56.25,57.599998474121094,14430
2026-05-04,58.0,58.5,56.29999923706055,57.099998474121094,11783
2026-05-05,57.099998474121094,58.70000076293945,55.20000076293945,57.45000076293945,27310
2026-05-06,57.400001525878906,59.5,57.20000076293945,59.45000076293945,44404
2026-05-07,60.0,61.70000076293945,60.0,60.54999923706055,31936
2026-05-08,60.70000076293945,61.45000076293945,58.79999923706055,61.150001525878906,17281
2026-05-11,61.20000076293945,61.900001525878906,59.04999923706055,60.75,22824
2026-05-12,62.0,62.0,59.0,59.79999923706055,14133
2026-05-13,59.849998474121094,61.0,59.5,60.79999923706055,18754
2026-05-14,60.79999923706055,61.0,59.70000076293945,60.45000076293945,11505
2026-05-15,60.45000076293945,60.45000076293945,56.400001525878906,60.45000076293945,16644
2026-05-18,60.5,60.5,58.099998474121094,59.5,13671
2026-05-19,60.099998474121094,61.79999923706055,60.099998474121094,61.099998474121094,35956
2026-05-20,61.04999923706055,62.79999923706055,60.79999923706055,62.79999923706055,22105
2026-05-21,63.0,63.79999923706055,61.400001525878906,62.95000076293945,37351
2026-05-22,62.95000076293945,63.0,60.20000076293945,62.95000076293945,24724
2026-05-25,62.95000076293945,62.95000076293945,59.900001525878906,61.0,22228
2026-05-26,58.0,61.0,56.29999923706055,59.29999923706055,68155
2026-05-27,59.349998474121094,59.349998474121094,56.099998474121094,57.099998474121094,58853
2026-05-28,57.099998474121094,59.349998474121094,57.0,59.0,27593
2026-05-29,59.0,59.79999923706055,58.5,59.79999923706055,13296
2026-06-01,59.79999923706055,60.45000076293945,58.400001525878906,59.29999923706055,9590
2026-06-02,59.5,60.400001525878906,58.45000076293945,59.75,12085
2026-06-03,59.75,59.849998474121094,56.5,57.650001525878906,17559
2026-06-05,57.099998474121094,57.650001525878906,55.150001525878906,56.150001525878906,20539
2026-06-08,56.0,56.75,54.099998474121094,55.79999923706055,12003
2026-06-09,55.79999923706055,55.79999923706055,54.25,54.599998474121094,10014
2026-06-10,54.599998474121094,54.599998474121094,52.5,53.599998474121094,23851
2026-06-11,53.29999923706055,53.599998474121094,52.20000076293945,52.900001525878906,9951
2026-06-12,53.79999923706055,53.900001525878906,52.54999923706055,52.599998474121094,11534
2026-06-15,53.400001525878906,54.5,52.79999923706055,53.29999923706055,18075
2026-06-16,53.599998474121094,54.95000076293945,53.25,54.25,12392
2026-06-17,54.29999923706055,55.45000076293945,54.0,55.0,17110
2026-06-18,55.0,55.20000076293945,51.95000076293945,53.0,16744
2026-06-19,53.0,54.0,51.95000076293945,52.29999923706055,14444
2026-06-22,52.5,52.70000076293945,51.0,52.0,14758
2026-06-23,52.5,54.5,50.54999923706055,54.45000076293945,19768
2026-06-24,54.45000076293945,54.849998474121094,53.54999923706055,54.20000076293945,12964
2026-06-25,54.0,54.900001525878906,53.75,54.20000076293945,10074
2026-06-26,54.0,54.900001525878906,53.54999923706055,54.900001525878906,7930
2026-06-29,55.0,55.5,54.0,54.20000076293945,11009
2026-06-30,54.400001525878906,56.5,54.29999923706055,55.29999923706055,14702
2026-07-01,55.75,57.75,55.599998474121094,57.5,18638
2026-07-02,57.5,58.20000076293945,57.099998474121094,58.0,5807
2026-07-03,58.150001525878906,58.150001525878906,56.599998474121094,57.650001525878906,9741
2026-07-06,58.20000076293945,58.70000076293945,56.0,56.5,12275
2026-07-07,56.849998474121094,57.95000076293945,55.79999923706055,57.849998474121094,6283
2026-07-08,57.75,57.79999923706055,56.04999923706055,57.349998474121094,10157
2026-07-09,57.54999923706055,59.20000076293945,56.849998474121094,58.25,13719
2026-07-10,58.599998474121094,59.0,57.0,57.54999923706055,6568
2026-07-13,57.54999923706055,57.900001525878906,56.099998474121094,56.70000076293945,13190
2026-07-14,56.70000076293945,57.099998474121094,55.95000076293945,56.79999923706055,6875
2026-07-15,56.349998474121094,57.599998474121094,56.0,56.099998474121094,5833
2026-07-16,56.150001525878906,56.70000076293945,54.79999923706055,54.79999923706055,18135
2026-07-17,54.45000076293945,55.0,53.70000076293945,54.150001525878906,8838
2026-07-20,54.0,54.400001525878906,52.54999923706055,53.150001525878906,9961
2026-07-21,54.0,57.900001525878906,54.0,57.900001525878906,22506
2026-07-22,58.20000076293945,59.0,57.349998474121094,58.04999923706055,14277
2026-07-23,58.29999923706055,59.599998474121094,58.20000076293945,58.95000076293945,14872
2026-07-24,58.79999923706055,62.0,58.400001525878906,61.79999923706055,44854
2026-07-27,61.900001525878906,61.900001525878906,60.099998474121094,60.20000076293945,22515
2026-07-28,60.5,61.0,59.79999923706055,60.25,9362
2026-07-29,60.45000076293945,60.5,59.20000076293945,60.5,21158
2026-07-30,60.5,61.0,59.349998474121094,60.900001525878906,11312
2026-07-31,61.0,61.0,59.099998474121094,60.29999923706055,14565
2026-08-03,60.29999923706055,62.70000076293945,60.29999923706055,61.349998474121094,12591
2026-08-04,62.0,63.599998474121094,61.0,63.25,22130
2026-08-05,63.25,66.5,63.0,65.8499984741211,46597
2026-08-06,64.69999694824219,66.80000305175781,64.19999694824219,66.30000305175781,33882
2026-08-07,66.80000305175781,68.4000015258789,66.4000015258789,67.19999694824219,45902
2026-08-10,66.8499984741211,67.6500015258789,66.5,67.19999694824219,12876
2026-08-11,67.30000305175781,67.55000305175781,66.0,66.25,17945
2026-08-12,66.9000015258789,66.9000015258789,63.79999923706055,65.0999984741211,13082
2026-08-13,65.05000305175781,68.0,64.69999694824219,67.30000305175781,24359
2026-08-14,68.0999984741211,70.9000015258789,67.80000305175781,70.5,31573
2026-08-17,70.80000305175781,70.80000305175781,67.3499984741211,68.6500015258789,25750
2026-08-18,68.5,68.5,65.5,65.6500015258789,16279
2026-08-19,65.6500015258789,67.0999984741211,65.6500015258789,66.5,8511
2026-08-20,67.6500015258789,69.69999694824219,65.55000305175781,68.30000305175781,22102
2026-08-21,69.0,71.0,68.6500015258789,69.4000015258789,54952
2026-08-24,68.69999694824219,70.0999984741211,66.69999694824219,66.69999694824219,13462
2026-08-25,66.94999694824219,70.3499984741211,66.94999694824219,70.0,22841
2026-08-26,70.5,70.69999694824219,69.6500015258789,70.4000015258789,25332
2026-08-27,69.69999694824219,70.4000015258789,68.25,68.9000015258789,16546
2026-08-28,68.9000015258789,70.5999984741211,68.5999984741211,70.4000015258789,43906
2026-08-31,69.69999694824219,72.0,69.0999984741211,70.0999984741211,29486
2026-09-01,70.25,72.94999694824219,70.0,72.55000305175781,58253
2026-09-02,72.0,72.5,69.0999984741211,69.6500015258789,19153
2026-09-03,69.8499984741211,70.30000305175781,67.4000015258789,68.44999694824219,24057
2026-09-04,69.30000305175781,69.30000305175781,67.5,68.0,17171
2026-09-08,68.0,68.30000305175781,67.0,68.0,11066
2026-09-09,68.0,68.44999694824219,67.3499984741211,67.94999694824219,15021
2026-09-10,68.19999694824219,68.69999694824219,65.05000305175781,67.80000305175781,29105
2026-09-11,68.0,68.0,65.19999694824219,66.4000015258789,19676
2026-09-14,67.0,68.55000305175781,65.5999984741211,68.19999694824219,20017
2026-09-15,64.0,64.44999694824219,57.20000076293945,58.20000076293945,198450
2026-09-17,59.0,61.400001525878906,59.0,61.0,32115
