date,open,high,low,close,volume
2021-09-17,40.779998779296875,40.779998779296875,40.1349983215332,40.20000076293945,8035
2021-09-20,39.67499923706055,39.68000030517578,39.01499938964844,39.599998474121094,25972
2021-09-21,39.439998626708984,39.790000915527344,39.369998931884766,39.369998931884766,22553
2021-09-22,39.71500015258789,40.244998931884766,39.71500015258789,40.209999084472656,4358
2021-09-23,40.689998626708984,40.689998626708984,40.099998474121094,40.099998474121094,3666
2021-09-24,40.11000061035156,40.224998474121094,39.64500045776367,39.79499816894531,2172
2021-09-27,39.92499923706055,39.92499923706055,39.48500061035156,39.71500015258789,2818
2021-09-28,39.69499969482422,39.69499969482422,39.19499969482422,39.29999923706055,4074
2021-09-29,39.400001525878906,39.69499969482422,39.400001525878906,39.58000183105469,1961
2021-09-30,39.7400016784668,40.0,39.68000030517578,39.869998931884766,3240
2021-10-01,39.470001220703125,40.36000061035156,39.42499923706055,40.16999816894531,7528
2021-10-04,40.11000061035156,40.70000076293945,39.94499969482422,40.41999816894531,4866
2021-10-05,40.42499923706055,40.849998474121094,40.154998779296875,40.849998474121094,5923
2021-10-06,40.68000030517578,40.849998474121094,40.209999084472656,40.59000015258789,8483
2021-10-07,40.779998779296875,40.82500076293945,40.470001220703125,40.77000045776367,2344
2021-10-08,40.98500061035156,41.72999954223633,40.98500061035156,41.65999984741211,18753
2021-10-11,41.6150016784668,42.400001525878906,41.6150016784668,42.400001525878906,15665
2021-10-12,42.0,42.81999969482422,41.9900016784668,42.814998626708984,5685
2021-10-13,42.810001373291016,42.810001373291016,42.20000076293945,42.20000076293945,2228
2021-10-14,42.560001373291016,42.72999954223633,42.334999084472656,42.595001220703125,6479
2021-10-15,42.540000915527344,42.540000915527344,42.084999084472656,42.34000015258789,4104
2021-10-18,42.43000030517578,42.810001373291016,42.400001525878906,42.4900016784668,3781
2021-10-19,42.7400016784668,42.7400016784668,42.20000076293945,42.244998931884766,6401
2021-10-20,42.23500061035156,42.369998931884766,42.05500030517578,42.20000076293945,2082
2021-10-21,41.875,42.025001525878906,41.810001373291016,41.93000030517578,4481
2021-10-22,41.630001068115234,42.10499954223633,41.630001068115234,41.75,3463
2021-10-25,41.775001525878906,42.01499938964844,41.7599983215332,41.939998626708984,5432
2021-10-26,41.89500045776367,42.255001068115234,41.88999938964844,41.900001525878906,2987
2021-10-27,41.869998931884766,41.869998931884766,41.255001068115234,41.540000915527344,3716
2021-10-28,41.540000915527344,41.650001525878906,41.349998474121094,41.349998474121094,2554
2021-10-29,41.20500183105469,41.845001220703125,41.19499969482422,41.29999923706055,5441
2021-11-02,41.494998931884766,41.869998931884766,41.29999923706055,41.599998474121094,5797
2021-11-03,41.875,41.875,40.98500061035156,41.0,10164
2021-11-04,41.67499923706055,42.189998626708984,41.41999816894531,42.11000061035156,6964
2021-11-05,42.02000045776367,42.209999084472656,41.84000015258789,42.119998931884766,4543
2021-11-08,42.345001220703125,42.345001220703125,41.744998931884766,41.849998474121094,6639
2021-11-09,41.78499984741211,41.80500030517578,41.349998474121094,41.415000915527344,7993
2021-11-10,41.43000030517578,41.54499816894531,40.665000915527344,40.90999984741211,19374
2021-11-12,41.11000061035156,41.25,40.775001525878906,40.775001525878906,3664
2021-11-15,40.935001373291016,41.220001220703125,40.310001373291016,40.310001373291016,5037
2021-11-16,40.5,40.564998626708984,40.31999969482422,40.435001373291016,3168
2021-11-17,40.57500076293945,40.57500076293945,39.900001525878906,40.0,12391
2021-11-18,39.82500076293945,39.82500076293945,39.02000045776367,39.209999084472656,13723
2021-11-19,39.38999938964844,39.52000045776367,38.29499816894531,38.9900016784668,25408
2021-11-22,39.099998474121094,39.10499954223633,38.54999923706055,38.95000076293945,9824
2021-11-23,38.69499969482422,39.900001525878906,38.404998779296875,39.900001525878906,6077
2021-11-24,39.125,39.32500076293945,38.439998626708984,38.58000183105469,9210
2021-11-25,38.70500183105469,38.84000015258789,38.275001525878906,38.39500045776367,9578
2021-11-26,37.345001220703125,37.52000045776367,36.89500045776367,37.005001068115234,76591
2021-11-29,37.34000015258789,37.3849983215332,36.599998474121094,37.060001373291016,10345
2021-11-30,36.875,37.959999084472656,36.68000030517578,37.869998931884766,14107
2021-12-01,38.310001373291016,38.54999923706055,37.90999984741211,38.29999923706055,31238
2021-12-02,37.84000015258789,38.01499938964844,37.650001525878906,37.95000076293945,11753
2021-12-03,38.189998626708984,38.400001525878906,37.599998474121094,38.380001068115234,14467
2021-12-06,37.88999938964844,38.0,37.599998474121094,37.79999923706055,10711
2021-12-07,38.10499954223633,38.994998931884766,38.10499954223633,38.29999923706055,29928
2021-12-08,38.73500061035156,38.790000915527344,38.29999923706055,38.29999923706055,13851
2021-12-09,38.5,38.630001068115234,37.720001220703125,38.47999954223633,5312
2021-12-10,38.244998931884766,38.435001373291016,38.189998626708984,38.189998626708984,1750
2021-12-13,38.5,38.64500045776367,38.16999816894531,38.16999816894531,3865
2021-12-14,38.27000045776367,38.40999984741211,37.89500045776367,38.130001068115234,3593
2021-12-15,37.849998474121094,37.939998626708984,37.20000076293945,37.400001525878906,10117
2021-12-16,37.68000030517578,38.23500061035156,37.68000030517578,38.099998474121094,5550
2021-12-17,37.92499923706055,38.064998626708984,37.67499923706055,37.86000061035156,2308
2021-12-20,37.13999938964844,37.834999084472656,36.97999954223633,37.790000915527344,11185
2021-12-21,37.880001068115234,38.05500030517578,37.72999954223633,37.72999954223633,8198
2021-12-22,37.86000061035156,38.15999984741211,37.834999084472656,38.15999984741211,5364
2021-12-23,38.415000915527344,38.44499969482422,38.2400016784668,38.35499954223633,3716
2021-12-27,38.439998626708984,38.5099983215332,38.095001220703125,38.33000183105469,6284
2021-12-28,38.435001373291016,38.849998474121094,38.435001373291016,38.849998474121094,8905
2021-12-29,38.88999938964844,39.099998474121094,38.53499984741211,38.9900016784668,14607
2021-12-30,39.08000183105469,39.09000015258789,38.7400016784668,39.09000015258789,3838
2022-01-03,39.26499938964844,39.72999954223633,39.26499938964844,39.43000030517578,10082
2022-01-04,39.494998931884766,39.67499923706055,39.41999816894531,39.67499923706055,10785
2022-01-05,39.5,39.83000183105469,39.43000030517578,39.75,3657
2022-01-07,39.69499969482422,39.880001068115234,39.27000045776367,39.880001068115234,7773
2022-01-10,39.79999923706055,40.1150016784668,39.46500015258789,39.46500015258789,7338
2022-01-11,39.6150016784668,40.45000076293945,39.59000015258789,40.400001525878906,20476
2022-01-12,40.724998474121094,41.54999923706055,40.724998474121094,41.439998626708984,29572
2022-01-13,41.400001525878906,41.83000183105469,41.31999969482422,41.5099983215332,25038
2022-01-14,41.36000061035156,41.540000915527344,40.85499954223633,41.099998474121094,7717
2022-01-17,41.060001373291016,41.09000015258789,40.720001220703125,40.880001068115234,5634
2022-01-18,40.54499816894531,40.70000076293945,39.98500061035156,40.70000076293945,10794
2022-01-19,39.689998626708984,40.29499816894531,39.44499969482422,39.939998626708984,34899
2022-01-20,40.224998474121094,40.224998474121094,39.625,39.869998931884766,8220
2022-01-21,39.54999923706055,39.54999923706055,38.875,39.20000076293945,11089
2022-01-24,39.0099983215332,39.22999954223633,37.119998931884766,37.40999984741211,71422
2022-01-25,37.834999084472656,38.165000915527344,37.400001525878906,38.119998931884766,12439
2022-01-26,38.185001373291016,38.70000076293945,38.185001373291016,38.4900016784668,10728
2022-01-27,38.064998626708984,38.70000076293945,38.0,38.70000076293945,7029
2022-01-28,38.39500045776367,38.39500045776367,37.400001525878906,37.619998931884766,52943
2022-01-31,38.084999084472656,38.224998474121094,37.77000045776367,38.06999969482422,30462
2022-02-01,38.5,38.52000045776367,38.1150016784668,38.26499938964844,12998
2022-02-02,38.45000076293945,39.0,38.3650016784668,38.900001525878906,15721
2022-02-03,38.665000915527344,38.775001525878906,38.3650016784668,38.564998626708984,4999
2022-02-04,38.560001373291016,38.560001373291016,37.525001525878906,37.525001525878906,9488
2022-02-07,37.869998931884766,37.869998931884766,37.060001373291016,37.40999984741211,9833
2022-02-08,37.52000045776367,38.150001525878906,37.52000045776367,38.150001525878906,16362
2022-02-09,38.20000076293945,38.4900016784668,38.20000076293945,38.4900016784668,6636
2022-02-10,38.5,38.5,37.875,38.150001525878906,6505
2022-02-11,37.875,37.939998626708984,37.45500183105469,37.939998626708984,3355
2022-02-14,36.959999084472656,37.369998931884766,36.470001220703125,37.290000915527344,33848
2022-02-15,37.5,38.314998626708984,37.5,38.06999969482422,19184
2022-02-16,38.39500045776367,38.7400016784668,37.98500061035156,38.15999984741211,8532
2022-02-17,38.20500183105469,38.20500183105469,37.31999969482422,37.35499954223633,9325
2022-02-18,37.439998626708984,37.63999938964844,37.0,37.0,12580
2022-02-21,37.470001220703125,37.470001220703125,35.5099983215332,36.0,33430
2022-02-22,34.85499954223633,36.29499816894531,34.54499816894531,36.26499938964844,21918
2022-02-23,36.525001525878906,36.665000915527344,35.150001525878906,35.150001525878906,9077
2022-02-24,33.07500076293945,33.07500076293945,30.649999618530273,31.5,157197
2022-02-25,32.619998931884766,34.349998474121094,32.0,33.93000030517578,117119
2022-02-28,36.0,36.0,33.0,34.44499969482422,48697
2022-03-01,35.099998474121094,35.29499816894531,33.779998779296875,33.915000915527344,18188
2022-03-02,34.0,35.15999984741211,33.79999923706055,35.15999984741211,26803
2022-03-03,35.529998779296875,35.529998779296875,34.5,34.59000015258789,15102
2022-03-04,34.16999816894531,34.16999816894531,32.79999923706055,33.06999969482422,36555
2022-03-07,32.779998779296875,33.70000076293945,32.040000915527344,33.29999923706055,34677
2022-03-08,33.30500030517578,33.97999954223633,32.755001068115234,32.900001525878906,23628
2022-03-09,33.404998779296875,34.04999923706055,33.099998474121094,33.099998474121094,22855
2022-03-10,34.150001525878906,34.23500061035156,33.57500076293945,33.90999984741211,33700
2022-03-11,34.5,35.20500183105469,34.36000061035156,34.9900016784668,29605
2022-03-14,34.75,34.95000076293945,34.0,34.0,24378
2022-03-15,33.89500045776367,34.775001525878906,33.54999923706055,34.744998931884766,14959
2022-03-16,35.14500045776367,35.5,34.93000030517578,35.45000076293945,15513
2022-03-17,36.0,36.45500183105469,35.70000076293945,36.400001525878906,29983
2022-03-18,36.404998779296875,36.72999954223633,36.0,36.0,10346
2022-03-21,36.54999923706055,36.60499954223633,35.845001220703125,36.0099983215332,8335
2022-03-22,36.22999954223633,36.744998931884766,36.04499816894531,36.744998931884766,4417
2022-03-23,36.70000076293945,37.0,36.22999954223633,36.42499923706055,21069
2022-03-24,36.70500183105469,37.0,36.31999969482422,36.939998626708984,3724
2022-03-25,36.96500015258789,36.96500015258789,36.08000183105469,36.3849983215332,11810
2022-03-28,36.71500015258789,36.810001373291016,36.404998779296875,36.650001525878906,7402
2022-03-29,36.57500076293945,37.459999084472656,36.29999923706055,37.43000030517578,22685
2022-03-30,37.43000030517578,37.54999923706055,37.20000076293945,37.529998779296875,13798
2022-03-31,37.47999954223633,37.529998779296875,36.7400016784668,36.7400016784668,6085
2022-04-01,36.97999954223633,37.33000183105469,36.93000030517578,37.20000076293945,3891
2022-04-04,37.369998931884766,37.560001373291016,36.96500015258789,37.130001068115234,10101
2022-04-05,37.209999084472656,37.209999084472656,36.5,36.75,7816
2022-04-06,36.564998626708984,36.564998626708984,35.80500030517578,36.09000015258789,13271
2022-04-07,36.189998626708984,36.375,35.709999084472656,35.709999084472656,15878
2022-04-08,36.05500030517578,36.185001373291016,35.709999084472656,35.75,2286
2022-04-11,35.8650016784668,36.4900016784668,35.54499816894531,36.4900016784668,7005
2022-04-12,36.04999923706055,36.30500030517578,36.0,36.150001525878906,6086
2022-04-13,36.32500076293945,36.32500076293945,35.900001525878906,36.279998779296875,2441
2022-04-14,36.400001525878906,36.400001525878906,35.91999816894531,36.0,2380
2022-04-19,36.16999816894531,36.16999816894531,35.22999954223633,35.56999969482422,10133
2022-04-20,35.91999816894531,36.064998626708984,35.275001525878906,35.33000183105469,4205
2022-04-21,35.5,35.5,34.880001068115234,34.880001068115234,7838
2022-04-22,34.67499923706055,34.7400016784668,34.0,34.400001525878906,19600
2022-04-25,33.45500183105469,33.974998474121094,33.0,33.2400016784668,30453
2022-04-26,33.599998474121094,33.599998474121094,32.630001068115234,33.0,15370
2022-04-27,32.564998626708984,32.68000030517578,32.16999816894531,32.400001525878906,27147
2022-04-28,32.86000061035156,32.86000061035156,32.22999954223633,32.2400016784668,20995
2022-04-29,32.779998779296875,32.91999816894531,31.834999084472656,32.20000076293945,21147
2022-05-04,31.790000915527344,32.0,31.075000762939453,32.0,15535
2022-05-05,32.04499816894531,32.04499816894531,30.5,30.5,58751
2022-05-06,30.03499984741211,30.3700008392334,29.594999313354492,30.3700008392334,39450
2022-05-09,30.325000762939453,30.34000015258789,29.690000534057617,29.850000381469727,27498
2022-05-10,30.0,30.06999969482422,29.31999969482422,29.540000915527344,39387
2022-05-11,29.649999618530273,30.014999389648438,29.420000076293945,29.520000457763672,23899
2022-05-12,29.045000076293945,29.389999389648438,28.43000030517578,29.125,42982
2022-05-13,29.774999618530273,30.5,29.600000381469727,30.5,33422
2022-05-16,30.69499969482422,30.889999389648438,30.05500030517578,30.290000915527344,26140
2022-05-17,30.65999984741211,31.28499984741211,30.4950008392334,31.075000762939453,70716
2022-05-18,31.375,31.415000915527344,30.905000686645508,30.950000762939453,38314
2022-05-19,30.475000381469727,30.735000610351562,30.174999237060547,30.510000228881836,21638
2022-05-20,30.889999389648438,31.075000762939453,30.709999084472656,30.799999237060547,30640
2022-05-23,31.309999465942383,31.579999923706055,31.079999923706055,31.549999237060547,17807
2022-05-24,31.690000534057617,31.704999923706055,31.15999984741211,31.200000762939453,18474
2022-05-25,31.415000915527344,31.5049991607666,30.774999618530273,31.0,8666
2022-05-26,30.985000610351562,31.485000610351562,30.850000381469727,31.389999389648438,8869
2022-05-27,31.485000610351562,31.489999771118164,31.020000457763672,31.200000762939453,9113
2022-05-30,31.600000381469727,32.43000030517578,31.450000762939453,32.43000030517578,19270
2022-05-31,31.985000610351562,32.064998626708984,31.649999618530273,31.709999084472656,9540
2022-06-01,31.69499969482422,31.719999313354492,31.260000228881836,31.3799991607666,12035
2022-06-02,31.5,31.709999084472656,31.290000915527344,31.670000076293945,13164
2022-06-03,31.799999237060547,31.8700008392334,31.219999313354492,31.28499984741211,12346
2022-06-06,31.549999237060547,31.81999969482422,31.274999618530273,31.81999969482422,6032
2022-06-07,31.6299991607666,31.6299991607666,31.299999237060547,31.43000030517578,6405
2022-06-08,31.454999923706055,31.454999923706055,30.739999771118164,31.049999237060547,26920
2022-06-09,30.860000610351562,31.05500030517578,30.399999618530273,30.399999618530273,14713
2022-06-10,30.114999771118164,30.155000686645508,29.649999618530273,29.709999084472656,23417
2022-06-13,29.295000076293945,29.399999618530273,28.799999237060547,29.0,39433
2022-06-14,29.299999237060547,29.440000534057617,28.920000076293945,29.325000762939453,25469
2022-06-15,29.325000762939453,29.44499969482422,28.799999237060547,29.389999389648438,19866
2022-06-17,28.934999465942383,29.700000762939453,28.764999389648438,29.700000762939453,14926
2022-06-20,29.2549991607666,29.2549991607666,28.829999923706055,28.920000076293945,16142
2022-06-21,29.260000228881836,29.625,29.200000762939453,29.6200008392334,23887
2022-06-22,29.135000228881836,29.225000381469727,28.729999542236328,29.030000686645508,41628
2022-06-23,28.84000015258789,29.139999389648438,28.53499984741211,28.600000381469727,21150
2022-06-24,28.68000030517578,29.049999237060547,28.520000457763672,28.94499969482422,29895
2022-06-27,29.325000762939453,29.579999923706055,29.135000228881836,29.579999923706055,6464
2022-06-28,29.760000228881836,30.09000015258789,29.739999771118164,30.0,13830
2022-06-29,29.6200008392334,29.915000915527344,29.524999618530273,29.860000610351562,5959
2022-06-30,29.5,29.520000457763672,29.170000076293945,29.295000076293945,21579
2022-07-01,29.184999465942383,29.579999923706055,29.059999465942383,29.09000015258789,8446
2022-07-04,29.204999923706055,29.290000915527344,28.700000762939453,29.15999984741211,6904
2022-07-05,29.280000686645508,29.420000076293945,28.200000762939453,28.420000076293945,24736
2022-07-06,28.540000915527344,28.780000686645508,28.18000030517578,28.725000381469727,11385
2022-07-07,28.950000762939453,29.639999389648438,28.795000076293945,29.350000381469727,23395
2022-07-08,29.4950008392334,30.100000381469727,29.31999969482422,30.049999237060547,29116
2022-07-11,29.514999389648438,29.799999237060547,29.389999389648438,29.600000381469727,10973
2022-07-12,29.399999618530273,29.399999618530273,28.71500015258789,28.75,20234
2022-07-13,28.8700008392334,28.9950008392334,28.399999618530273,28.59000015258789,30311
2022-07-14,28.6299991607666,28.65999984741211,27.649999618530273,27.969999313354492,47298
2022-07-15,27.899999618530273,28.209999084472656,27.850000381469727,28.145000457763672,10766
2022-07-18,28.5,28.864999771118164,28.5,28.81999969482422,16122
2022-07-19,28.739999771118164,29.049999237060547,28.434999465942383,29.049999237060547,7743
2022-07-20,29.510000228881836,29.520000457763672,29.0,29.25,7719
2022-07-21,29.3700008392334,29.3700008392334,28.799999237060547,29.0,16380
2022-07-22,29.264999389648438,29.670000076293945,29.145000457763672,29.5,10498
2022-07-25,29.450000762939453,29.649999618530273,29.174999237060547,29.3700008392334,6604
2022-07-26,29.21500015258789,29.21500015258789,28.71500015258789,28.84000015258789,9845
2022-07-27,29.065000534057617,29.104999542236328,28.5,28.790000915527344,10155
2022-07-28,29.049999237060547,29.274999618530273,28.895000457763672,29.024999618530273,3931
2022-07-29,29.395000457763672,30.0,29.395000457763672,30.0,14308
2022-08-01,30.0,30.280000686645508,29.905000686645508,30.239999771118164,36483
2022-08-02,30.094999313354492,30.229999542236328,29.899999618530273,29.920000076293945,24611
2022-08-03,29.850000381469727,30.020000457763672,29.610000610351562,29.690000534057617,9440
2022-08-04,29.825000762939453,29.93000030517578,29.34000015258789,29.459999084472656,11984
2022-08-05,29.780000686645508,29.885000228881836,28.950000762939453,29.100000381469727,23242
2022-08-08,29.31999969482422,29.850000381469727,29.084999084472656,29.850000381469727,18295
2022-08-09,29.860000610351562,29.979999542236328,29.559999465942383,29.6299991607666,10588
2022-08-10,29.53499984741211,29.989999771118164,29.309999465942383,29.84000015258789,6585
2022-08-11,30.06999969482422,30.34000015258789,29.799999237060547,30.34000015258789,11225
2022-08-12,30.274999618530273,30.549999237060547,30.155000686645508,30.5,10924
2022-08-16,30.579999923706055,31.0,30.385000228881836,30.520000457763672,58792
2022-08-17,30.489999771118164,30.489999771118164,29.55500030517578,29.6299991607666,16686
2022-08-18,29.520000457763672,29.96500015258789,29.489999771118164,29.915000915527344,12477
2022-08-19,29.610000610351562,29.799999237060547,29.3700008392334,29.674999237060547,7080
2022-08-22,29.360000610351562,29.395000457763672,28.649999618530273,28.90999984741211,23714
2022-08-23,28.81999969482422,29.31999969482422,28.75,28.75,18785
2022-08-24,29.0,29.03499984741211,28.5,28.799999237060547,15945
2022-08-25,28.934999465942383,29.059999465942383,28.549999237060547,28.78499984741211,7839
2022-08-26,28.709999084472656,28.709999084472656,28.100000381469727,28.200000762939453,32417
2022-08-29,27.639999389648438,27.850000381469727,27.299999237060547,27.760000228881836,43939
2022-08-30,27.635000228881836,28.049999237060547,26.924999237060547,27.25,23227
2022-08-31,27.209999084472656,27.239999771118164,26.655000686645508,26.989999771118164,31424
2022-09-01,26.704999923706055,26.704999923706055,25.799999237060547,26.18000030517578,56296
2022-09-02,26.19499969482422,26.520000457763672,25.809999465942383,26.469999313354492,44411
2022-09-05,26.229999542236328,26.489999771118164,26.110000610351562,26.229999542236328,14984
2022-09-06,26.405000686645508,26.489999771118164,25.415000915527344,25.8799991607666,55832
2022-09-07,25.594999313354492,25.899999618530273,25.200000762939453,25.899999618530273,38431
2022-09-08,26.200000762939453,26.31999969482422,25.68000030517578,25.885000228881836,20891
2022-09-09,26.34000015258789,26.979999542236328,26.200000762939453,26.979999542236328,38925
2022-09-12,27.15999984741211,27.5,26.799999237060547,27.5,33809
2022-09-13,27.520000457763672,27.53499984741211,26.645000457763672,26.795000076293945,36111
2022-09-14,26.690000534057617,26.940000534057617,26.5,26.899999618530273,11542
2022-09-15,26.90999984741211,27.264999389648438,26.844999313354492,27.125,3774
2022-09-16,26.899999618530273,26.899999618530273,26.25,26.799999237060547,15713
2022-09-19,26.5,26.915000915527344,26.489999771118164,26.90999984741211,9311
2022-09-20,27.104999542236328,27.274999618530273,26.360000610351562,26.360000610351562,10402
2022-09-21,26.360000610351562,26.665000915527344,26.299999237060547,26.56999969482422,16989
2022-09-22,26.209999084472656,26.905000686645508,26.209999084472656,26.774999618530273,3296
2022-09-23,26.610000610351562,26.610000610351562,25.639999389648438,25.670000076293945,41676
2022-09-26,25.2549991607666,25.559999465942383,24.8700008392334,25.399999618530273,54199
2022-09-27,25.770000457763672,25.969999313354492,25.600000381469727,25.799999237060547,18871
2022-09-28,25.389999389648438,25.5,25.0,25.440000534057617,22255
2022-09-29,25.385000228881836,25.510000228881836,24.40999984741211,24.55500030517578,43771
2022-09-30,24.670000076293945,24.770000457763672,24.2549991607666,24.5,34810
2022-10-03,24.4950008392334,24.665000915527344,23.850000381469727,24.579999923706055,35250
2022-10-04,25.09000015258789,25.690000534057617,25.0,25.690000534057617,41200
2022-10-05,25.670000076293945,25.674999237060547,25.1200008392334,25.299999237060547,18531
2022-10-06,25.559999465942383,25.725000381469727,25.010000228881836,25.1200008392334,18368
2022-10-07,25.0,25.200000762939453,24.84000015258789,24.899999618530273,14126
2022-10-10,24.8799991607666,24.8799991607666,24.440000534057617,24.440000534057617,38249
2022-10-11,24.434999465942383,24.940000534057617,24.110000610351562,24.440000534057617,44282
2022-10-12,24.459999084472656,24.68000030517578,24.31999969482422,24.399999618530273,18645
2022-10-13,24.415000915527344,24.56999969482422,23.739999771118164,24.100000381469727,38519
2022-10-14,24.7549991607666,24.954999923706055,24.479999542236328,24.7450008392334,22726
2022-10-17,24.905000686645508,25.1299991607666,24.584999084472656,25.125,19309
2022-10-18,25.155000686645508,25.5,25.1299991607666,25.219999313354492,21157
2022-10-19,25.31999969482422,25.31999969482422,24.719999313354492,24.799999237060547,18292
2022-10-20,24.69499969482422,25.489999771118164,24.68000030517578,25.489999771118164,16446
2022-10-21,25.059999465942383,25.184999465942383,24.719999313354492,24.739999771118164,19472
2022-10-24,25.399999618530273,25.594999313354492,24.985000610351562,25.395000457763672,10932
2022-10-25,25.575000762939453,25.71500015258789,25.239999771118164,25.559999465942383,11075
2022-10-26,25.704999923706055,26.360000610351562,25.649999618530273,26.350000381469727,15777
2022-10-27,26.385000228881836,26.68000030517578,26.149999618530273,26.68000030517578,14164
2022-10-28,26.399999618530273,26.8799991607666,26.260000228881836,26.719999313354492,17305
2022-10-31,26.834999084472656,27.19499969482422,26.0,27.145000457763672,44655
2022-11-02,27.645000457763672,27.8799991607666,27.420000076293945,27.799999237060547,51199
2022-11-03,27.389999389648438,27.6299991607666,27.209999084472656,27.610000610351562,43997
2022-11-04,28.0,28.56999969482422,28.0,28.350000381469727,55204
2022-11-07,28.65999984741211,29.020000457763672,28.40999984741211,28.649999618530273,41102
2022-11-08,28.625,29.079999923706055,28.44499969482422,29.0,23678
2022-11-09,29.200000762939453,29.329999923706055,29.0,29.110000610351562,40037
2022-11-10,28.950000762939453,29.950000762939453,28.6200008392334,29.899999618530273,35853
2022-11-14,30.395000457763672,31.1200008392334,30.385000228881836,30.854999542236328,98479
2022-11-15,30.905000686645508,31.549999237060547,30.530000686645508,31.299999237060547,48542
2022-11-16,30.670000076293945,31.200000762939453,30.635000228881836,30.84000015258789,85640
2022-11-17,30.864999771118164,30.90999984741211,29.989999771118164,30.200000762939453,58764
2022-11-18,30.200000762939453,30.604999542236328,29.899999618530273,30.219999313354492,23767
2022-11-21,30.2549991607666,30.2549991607666,29.795000076293945,29.795000076293945,27844
2022-11-22,29.799999237060547,30.600000381469727,29.799999237060547,30.399999618530273,12633
2022-11-23,30.594999313354492,30.809999465942383,30.209999084472656,30.399999618530273,14672
2022-11-24,30.520000457763672,31.06999969482422,30.440000534057617,31.06999969482422,12703
2022-11-25,30.94499969482422,31.200000762939453,30.760000228881836,31.040000915527344,6857
2022-11-28,30.875,30.950000762939453,30.600000381469727,30.600000381469727,9909
2022-11-29,30.844999313354492,30.905000686645508,30.40999984741211,30.829999923706055,7725
2022-11-30,30.829999923706055,31.110000610351562,30.559999465942383,30.719999313354492,11547
2022-12-01,31.135000228881836,31.25,30.899999618530273,31.15999984741211,14021
2022-12-02,31.075000762939453,31.094999313354492,30.584999084472656,30.700000762939453,10871
2022-12-05,30.954999923706055,31.280000686645508,30.8700008392334,30.899999618530273,16044
2022-12-06,30.770000457763672,30.770000457763672,30.489999771118164,30.670000076293945,17580
2022-12-07,30.56999969482422,30.770000457763672,30.469999313354492,30.770000457763672,11802
2022-12-08,30.709999084472656,30.709999084472656,30.31999969482422,30.584999084472656,5992
2022-12-09,30.575000762939453,30.68000030517578,30.3799991607666,30.600000381469727,18103
2022-12-12,30.520000457763672,31.100000381469727,30.375,31.049999237060547,25396
2022-12-13,31.100000381469727,31.850000381469727,30.795000076293945,31.625,16861
2022-12-14,31.704999923706055,31.729999542236328,31.415000915527344,31.635000228881836,14082
2022-12-15,31.514999389648438,31.514999389648438,30.700000762939453,30.700000762939453,14140
2022-12-16,30.850000381469727,31.0,30.530000686645508,30.799999237060547,14322
2022-12-19,30.829999923706055,31.075000762939453,30.809999465942383,30.90999984741211,12953
2022-12-20,30.614999771118164,31.200000762939453,30.545000076293945,31.200000762939453,7516
2022-12-21,31.219999313354492,31.645000457763672,31.010000228881836,31.639999389648438,15440
2022-12-22,31.729999542236328,31.780000686645508,31.415000915527344,31.5,16775
2022-12-23,31.329999923706055,31.53499984741211,31.299999237060547,31.53499984741211,8516
2022-12-27,31.614999771118164,31.649999618530273,31.225000381469727,31.25,12556
2022-12-28,31.2549991607666,31.46500015258789,31.110000610351562,31.364999771118164,13850
2022-12-29,31.25,31.889999389648438,31.25,31.889999389648438,18250
2022-12-30,31.80500030517578,31.844999313354492,31.565000534057617,31.674999237060547,4491
2023-01-02,31.834999084472656,32.084999084472656,31.600000381469727,31.700000762939453,10952
2023-01-03,31.81999969482422,32.45000076293945,31.7549991607666,32.290000915527344,32112
2023-01-04,32.4900016784668,32.86000061035156,32.30500030517578,32.70000076293945,19475
2023-01-05,32.7599983215332,33.39500045776367,32.625,32.869998931884766,25435
2023-01-09,33.39500045776367,33.845001220703125,33.22999954223633,33.845001220703125,27950
2023-01-10,33.53499984741211,34.32500076293945,33.5,34.244998931884766,37489
2023-01-11,34.369998931884766,34.599998474121094,33.83000183105469,33.869998931884766,28623
2023-01-12,33.89500045776367,34.525001525878906,33.89500045776367,34.08000183105469,16745
2023-01-13,34.064998626708984,34.3650016784668,33.755001068115234,34.029998779296875,24870
2023-01-16,34.130001068115234,34.345001220703125,33.689998626708984,34.18000030517578,24604
2023-01-17,34.21500015258789,34.21500015258789,33.54499816894531,33.689998626708984,11495
2023-01-18,33.70000076293945,34.150001525878906,33.529998779296875,33.84000015258789,23234
2023-01-19,33.56999969482422,33.654998779296875,33.05500030517578,33.43000030517578,36163
2023-01-20,33.474998474121094,33.57500076293945,33.25,33.470001220703125,11400
2023-01-23,33.59000015258789,34.099998474121094,33.59000015258789,34.02000045776367,11440
2023-01-24,34.15999984741211,34.439998626708984,33.82500076293945,33.93000030517578,10951
2023-01-25,33.59000015258789,33.65999984741211,33.20500183105469,33.29999923706055,14711
2023-01-26,33.630001068115234,33.96500015258789,33.474998474121094,33.810001373291016,15450
2023-01-27,33.900001525878906,34.02000045776367,33.790000915527344,33.849998474121094,10294
2023-01-30,33.6150016784668,33.6150016784668,33.275001525878906,33.41999816894531,4819
2023-01-31,33.11000061035156,33.69499969482422,33.10499954223633,33.6150016784668,5854
2023-02-01,33.51499938964844,33.7599983215332,33.08000183105469,33.09000015258789,7850
2023-02-02,33.66999816894531,33.939998626708984,33.310001373291016,33.650001525878906,7399
2023-02-03,33.650001525878906,33.900001525878906,33.5,33.709999084472656,20622
2023-02-06,33.6150016784668,33.6349983215332,32.8849983215332,32.95000076293945,11928
2023-02-07,32.974998474121094,33.17499923706055,32.900001525878906,33.05500030517578,34774
2023-02-08,33.44499969482422,33.61000061035156,33.255001068115234,33.255001068115234,7422
2023-02-09,33.560001373291016,33.82500076293945,33.41999816894531,33.494998931884766,8387
2023-02-10,33.30500030517578,33.34000015258789,32.459999084472656,32.68000030517578,17476
2023-02-13,32.810001373291016,32.95000076293945,31.0,32.709999084472656,32688
2023-02-14,32.95000076293945,33.0,32.57500076293945,32.7400016784668,3574
2023-02-15,32.68000030517578,33.08000183105469,32.54999923706055,33.040000915527344,4211
2023-02-16,33.16999816894531,33.29999923706055,32.599998474121094,32.959999084472656,4267
2023-02-17,32.65999984741211,32.98500061035156,32.625,32.89500045776367,3269
2023-02-20,32.92499923706055,32.92499923706055,32.619998931884766,32.69499969482422,4834
2023-02-21,32.650001525878906,32.65999984741211,32.04499816894531,32.224998474121094,13582
2023-02-22,32.084999084472656,32.084999084472656,31.565000534057617,31.7549991607666,20973
2023-02-23,31.885000228881836,32.310001373291016,31.854999542236328,32.30500030517578,5373
2023-02-24,32.314998626708984,32.38999938964844,31.844999313354492,31.93000030517578,4034
2023-02-27,32.0,32.310001373291016,31.94499969482422,32.150001525878906,6263
2023-02-28,32.130001068115234,32.63999938964844,32.060001373291016,32.6150016784668,10498
2023-03-01,32.73500061035156,33.01499938964844,32.66999816894531,32.72999954223633,6964
2023-03-02,32.55500030517578,32.55500030517578,32.06999969482422,32.06999969482422,13135
2023-03-03,32.20000076293945,32.540000915527344,32.20000076293945,32.529998779296875,3938
2023-03-06,32.755001068115234,33.20500183105469,32.709999084472656,33.099998474121094,6512
2023-03-07,33.04499816894531,33.29999923706055,32.70500183105469,32.775001525878906,5640
2023-03-08,32.584999084472656,32.95000076293945,32.560001373291016,32.869998931884766,14100
2023-03-09,32.83000183105469,32.83000183105469,32.40999984741211,32.43000030517578,6989
2023-03-10,31.934999465942383,32.02000045776367,31.59000015258789,31.80500030517578,19737
2023-03-13,31.844999313354492,31.975000381469727,30.610000610351562,31.100000381469727,52296
2023-03-14,30.950000762939453,31.2450008392334,30.739999771118164,31.079999923706055,43023
2023-03-15,31.100000381469727,31.200000762939453,30.075000762939453,30.219999313354492,41034
2023-03-16,30.424999237060547,30.520000457763672,29.510000228881836,30.350000381469727,40944
2023-03-17,30.5,30.610000610351562,29.600000381469727,29.639999389648438,25468
2023-03-20,29.06999969482422,29.950000762939453,28.770000457763672,29.950000762939453,44778
2023-03-21,30.024999618530273,30.479999542236328,30.0,30.46500015258789,25298
2023-03-22,30.15999984741211,30.6299991607666,30.09000015258789,30.165000915527344,15218
2023-03-23,30.149999618530273,30.264999389648438,29.645000457763672,30.110000610351562,16378
2023-03-24,29.985000610351562,29.985000610351562,29.309999465942383,29.5,13110
2023-03-27,29.950000762939453,29.954999923706055,29.5,29.850000381469727,11425
2023-03-28,30.125,30.30500030517578,29.850000381469727,29.979999542236328,16777
2023-03-29,30.0,30.2549991607666,29.799999237060547,30.100000381469727,5992
2023-03-30,30.440000534057617,31.165000915527344,30.399999618530273,31.049999237060547,12348
2023-03-31,31.31999969482422,31.31999969482422,30.93000030517578,31.049999237060547,12283
2023-04-03,31.30500030517578,31.729999542236328,31.2549991607666,31.350000381469727,14285
2023-04-04,31.485000610351562,31.719999313354492,31.299999237060547,31.299999237060547,19205
2023-04-05,31.25,31.25,30.979999542236328,30.985000610351562,8409
2023-04-06,31.145000457763672,31.145000457763672,30.899999618530273,30.969999313354492,10650
2023-04-11,31.309999465942383,31.604999542236328,31.084999084472656,31.489999771118164,37846
2023-04-12,31.55500030517578,32.119998931884766,31.329999923706055,32.06999969482422,23692
2023-04-13,32.02000045776367,32.59000015258789,32.0,32.5,12337
2023-04-14,32.70500183105469,32.900001525878906,32.51499938964844,32.78499984741211,24370
2023-04-17,32.900001525878906,33.005001068115234,32.76499938964844,32.95000076293945,19025
2023-04-18,32.814998626708984,33.66999816894531,32.814998626708984,33.400001525878906,36348
2023-04-19,33.375,33.560001373291016,33.0,33.470001220703125,14323
2023-04-20,33.47999954223633,33.9900016784668,33.47999954223633,33.64500045776367,39152
2023-04-21,33.47999954223633,33.599998474121094,33.19499969482422,33.540000915527344,13855
2023-04-24,33.45500183105469,33.8849983215332,33.23500061035156,33.810001373291016,13070
2023-04-25,33.52000045776367,33.70000076293945,33.290000915527344,33.36000061035156,7921
2023-04-26,33.2400016784668,33.57500076293945,32.959999084472656,33.31999969482422,18677
2023-04-27,33.40999984741211,34.45500183105469,33.3849983215332,34.380001068115234,20431
2023-04-28,34.35499954223633,34.380001068115234,33.83000183105469,33.95500183105469,24700
2023-05-02,34.125,34.44499969482422,33.834999084472656,33.91999816894531,5864
2023-05-04,33.91999816894531,34.0,33.209999084472656,33.244998931884766,22805
2023-05-05,33.314998626708984,33.77000045776367,33.28499984741211,33.685001373291016,13884
2023-05-08,33.709999084472656,34.150001525878906,33.709999084472656,33.900001525878906,8428
2023-05-09,33.82500076293945,33.880001068115234,33.57500076293945,33.84000015258789,7942
2023-05-10,33.8849983215332,34.5,33.7400016784668,34.08000183105469,11698
2023-05-11,34.1349983215332,34.33000183105469,33.790000915527344,33.790000915527344,11959
2023-05-12,33.79499816894531,34.404998779296875,33.790000915527344,34.28499984741211,9301
2023-05-15,34.58000183105469,34.58000183105469,34.084999084472656,34.244998931884766,27705
2023-05-16,34.224998474121094,34.599998474121094,34.150001525878906,34.369998931884766,8711
2023-05-17,34.11000061035156,34.345001220703125,34.04499816894531,34.154998779296875,15134
2023-05-18,34.279998779296875,34.47999954223633,34.099998474121094,34.26499938964844,3823
2023-05-19,34.435001373291016,35.11000061035156,34.415000915527344,35.099998474121094,23815
2023-05-22,35.099998474121094,35.470001220703125,34.94499969482422,35.400001525878906,19912
2023-05-23,35.400001525878906,35.75,35.32500076293945,35.5,18419
2023-05-24,35.029998779296875,35.18000030517578,34.5099983215332,34.599998474121094,12083
2023-05-25,34.875,34.875,34.185001373291016,34.185001373291016,12871
2023-05-26,34.400001525878906,34.97999954223633,34.25,34.97999954223633,5615
2023-05-29,35.03499984741211,35.165000915527344,34.849998474121094,34.97999954223633,5841
2023-05-30,34.744998931884766,34.744998931884766,34.31999969482422,34.334999084472656,6375
2023-05-31,33.93000030517578,33.93000030517578,33.29999923706055,33.349998474121094,32446
2023-06-01,33.665000915527344,34.404998779296875,33.599998474121094,34.404998779296875,17821
2023-06-02,34.66999816894531,35.58000183105469,34.595001220703125,35.58000183105469,41683
2023-06-05,35.54499816894531,36.189998626708984,35.42499923706055,35.619998931884766,30888
2023-06-06,35.619998931884766,36.279998779296875,35.5,36.279998779296875,13046
2023-06-07,36.154998779296875,36.29999923706055,35.72999954223633,35.79999923706055,12032
2023-06-09,36.07500076293945,36.32500076293945,36.0,36.15999984741211,20735
2023-06-12,36.099998474121094,36.47999954223633,36.0,36.040000915527344,13520
2023-06-13,36.244998931884766,36.26499938964844,35.630001068115234,35.630001068115234,5828
2023-06-14,35.96500015258789,36.650001525878906,35.96500015258789,36.59000015258789,18353
2023-06-15,36.48500061035156,36.994998931884766,36.20000076293945,36.97999954223633,17502
2023-06-16,37.0,37.56999969482422,36.9900016784668,37.099998474121094,25726
2023-06-19,37.099998474121094,37.39500045776367,36.76499938964844,36.77000045776367,13993
2023-06-20,36.709999084472656,36.869998931884766,36.400001525878906,36.400001525878906,7889
2023-06-21,36.45000076293945,36.834999084472656,36.45000076293945,36.77000045776367,5373
2023-06-22,36.52000045776367,36.849998474121094,36.38999938964844,36.654998779296875,3991
2023-06-23,36.529998779296875,36.529998779296875,35.834999084472656,35.900001525878906,18547
2023-06-26,36.029998779296875,36.619998931884766,35.75,36.474998474121094,18532
2023-06-27,36.57500076293945,36.650001525878906,35.70000076293945,35.97999954223633,8002
2023-06-28,36.349998474121094,36.5,35.845001220703125,36.08000183105469,16543
2023-06-29,36.18000030517578,36.43000030517578,36.18000030517578,36.380001068115234,4202
2023-06-30,36.400001525878906,36.41999816894531,36.1150016784668,36.375,7971
2023-07-03,36.5,36.81999969482422,36.400001525878906,36.79999923706055,7859
2023-07-04,36.779998779296875,36.79999923706055,36.43000030517578,36.46500015258789,12164
2023-07-05,36.275001525878906,36.279998779296875,35.654998779296875,35.68000030517578,16043
2023-07-06,35.224998474121094,35.845001220703125,35.224998474121094,35.599998474121094,10199
2023-07-07,35.599998474121094,36.150001525878906,35.599998474121094,36.150001525878906,5289
2023-07-10,36.05500030517578,36.25,34.29999923706055,36.209999084472656,12428
2023-07-11,36.404998779296875,36.529998779296875,36.29999923706055,36.42499923706055,4913
2023-07-12,36.54499816894531,37.5,36.54499816894531,37.5,10047
2023-07-13,37.5,37.814998626708984,37.3849983215332,37.59000015258789,42068
2023-07-14,37.53499984741211,38.0,37.3849983215332,37.7599983215332,16849
2023-07-17,37.720001220703125,38.1349983215332,37.61000061035156,37.95500183105469,11534
2023-07-18,37.994998931884766,38.400001525878906,37.8650016784668,38.400001525878906,13293
2023-07-19,38.494998931884766,38.65999984741211,38.375,38.525001525878906,13378
2023-07-20,38.38999938964844,38.65999984741211,38.189998626708984,38.189998626708984,4664
2023-07-21,38.38999938964844,38.400001525878906,38.029998779296875,38.2599983215332,6253
2023-07-24,38.310001373291016,38.63999938964844,38.310001373291016,38.5,9627
2023-07-25,38.625,38.79999923706055,38.46500015258789,38.78499984741211,8441
2023-07-26,38.79999923706055,38.79999923706055,38.2400016784668,38.41999816894531,13126
2023-07-27,38.5099983215332,38.904998779296875,38.470001220703125,38.904998779296875,8529
2023-07-28,38.67499923706055,38.900001525878906,38.650001525878906,38.869998931884766,11118
2023-07-31,38.970001220703125,39.08000183105469,38.849998474121094,39.02000045776367,24783
2023-08-01,39.0,39.0,38.60499954223633,38.86000061035156,9950
2023-08-02,38.505001068115234,38.505001068115234,38.060001373291016,38.07500076293945,20941
2023-08-03,38.005001068115234,38.005001068115234,37.61000061035156,38.0,16504
2023-08-04,38.404998779296875,38.525001525878906,38.25,38.4900016784668,10861
2023-08-07,38.380001068115234,38.47999954223633,38.099998474121094,38.15999984741211,4990
2023-08-08,38.03499984741211,38.03499984741211,37.404998779296875,37.5099983215332,9105
2023-08-09,37.97999954223633,38.10499954223633,37.5099983215332,37.599998474121094,39150
2023-08-10,37.75,38.459999084472656,37.75,38.25,5735
2023-08-11,38.130001068115234,38.130001068115234,37.709999084472656,37.81999969482422,3220
2023-08-14,37.6150016784668,37.810001373291016,37.43000030517578,37.52000045776367,6414
2023-08-16,37.23500061035156,37.290000915527344,36.650001525878906,36.78499984741211,43953
2023-08-17,36.6150016784668,36.92499923706055,36.130001068115234,36.29999923706055,21118
2023-08-18,36.0,36.20500183105469,35.5,36.20000076293945,28166
2023-08-21,36.400001525878906,36.45000076293945,36.07500076293945,36.18000030517578,6939
2023-08-22,36.474998474121094,36.630001068115234,36.119998931884766,36.18000030517578,19801
2023-08-23,36.220001220703125,36.349998474121094,35.810001373291016,36.25,10328
2023-08-24,36.33000183105469,36.67499923706055,36.150001525878906,36.189998626708984,8051
2023-08-25,35.959999084472656,36.29999923706055,35.959999084472656,36.0,3363
2023-08-28,36.34000015258789,36.70000076293945,36.060001373291016,36.70000076293945,10634
2023-08-29,36.75,36.959999084472656,36.505001068115234,36.79499816894531,12162
2023-08-30,36.790000915527344,37.0,36.61000061035156,36.959999084472656,15867
2023-08-31,36.92499923706055,36.970001220703125,36.47999954223633,36.630001068115234,4483
2023-09-01,36.505001068115234,37.01499938964844,36.47999954223633,36.89500045776367,3721
2023-09-04,37.099998474121094,37.14500045776367,36.470001220703125,36.48500061035156,5232
2023-09-05,36.505001068115234,36.720001220703125,36.11000061035156,36.11000061035156,3261
2023-09-06,36.07500076293945,36.30500030517578,35.224998474121094,35.52000045776367,28685
2023-09-07,35.439998626708984,35.56999969482422,34.64500045776367,34.935001373291016,26191
2023-09-08,35.150001525878906,35.290000915527344,34.90999984741211,35.220001220703125,8667
2023-09-11,35.345001220703125,35.650001525878906,35.10499954223633,35.2599983215332,9187
2023-09-12,35.27000045776367,35.334999084472656,35.04999923706055,35.31999969482422,8629
2023-09-13,35.2599983215332,35.45500183105469,35.09000015258789,35.275001525878906,6921
2023-09-14,35.494998931884766,35.6150016784668,35.349998474121094,35.599998474121094,5262
2023-09-15,35.7400016784668,36.029998779296875,35.70500183105469,35.779998779296875,3126
2023-09-18,35.8650016784668,35.900001525878906,35.20000076293945,35.20000076293945,5404
2023-09-19,35.39500045776367,35.39500045776367,34.900001525878906,34.970001220703125,7822
2023-09-20,34.970001220703125,35.790000915527344,34.970001220703125,35.779998779296875,5982
2023-09-21,35.46500015258789,35.4900016784668,35.099998474121094,35.45000076293945,10100
2023-09-22,35.30500030517578,35.5,35.18000030517578,35.435001373291016,7238
2023-09-25,35.3849983215332,35.474998474121094,34.79999923706055,34.96500015258789,6131
2023-09-26,34.77000045776367,35.029998779296875,34.404998779296875,35.029998779296875,3748
2023-09-27,34.97999954223633,35.025001525878906,34.400001525878906,34.4900016784668,13586
2023-09-28,34.45500183105469,34.48500061035156,33.91999816894531,34.19499969482422,13462
2023-09-29,34.5,34.95500183105469,34.400001525878906,34.76499938964844,5284
2023-10-02,34.625,34.720001220703125,33.939998626708984,33.939998626708984,12896
2023-10-03,33.93000030517578,34.1150016784668,33.630001068115234,33.80500030517578,9521
2023-10-04,33.46500015258789,34.369998931884766,33.44499969482422,33.94499969482422,12048
2023-10-05,34.16999816894531,34.33000183105469,33.779998779296875,33.779998779296875,7943
2023-10-06,33.77000045776367,34.22999954223633,33.599998474121094,33.91999816894531,5759
2023-10-09,33.79999923706055,34.775001525878906,33.619998931884766,34.58000183105469,14419
2023-10-10,34.90999984741211,35.630001068115234,34.845001220703125,35.5099983215332,22070
2023-10-11,35.654998779296875,35.9900016784668,35.435001373291016,35.810001373291016,40243
2023-10-12,35.93000030517578,35.95500183105469,35.439998626708984,35.57500076293945,53237
2023-10-13,35.47999954223633,35.95500183105469,35.3650016784668,35.82500076293945,19957
2023-10-16,37.08000183105469,38.0,36.70000076293945,37.599998474121094,61267
2023-10-17,37.9900016784668,38.95000076293945,37.93000030517578,38.369998931884766,56423
2023-10-18,38.255001068115234,38.5099983215332,37.869998931884766,38.029998779296875,20254
2023-10-19,37.7599983215332,37.7599983215332,37.06999969482422,37.06999969482422,63601
2023-10-20,36.900001525878906,37.13999938964844,36.55500030517578,36.7400016784668,28765
2023-10-23,36.82500076293945,36.959999084472656,36.55500030517578,36.599998474121094,5286
2023-10-24,36.994998931884766,37.599998474121094,36.994998931884766,37.29999923706055,19235
2023-10-25,37.349998474121094,38.1349983215332,37.33000183105469,37.900001525878906,32583
2023-10-26,37.375,38.41999816894531,37.22999954223633,38.415000915527344,21982
2023-10-27,38.40999984741211,38.595001220703125,38.11000061035156,38.11000061035156,24301
2023-10-30,38.17499923706055,38.689998626708984,38.17499923706055,38.45500183105469,12529
2023-10-31,38.41999816894531,39.29999923706055,38.41999816894531,38.91999816894531,37668
2023-11-02,39.334999084472656,39.400001525878906,38.79999923706055,39.005001068115234,19257
2023-11-03,39.03499984741211,39.57500076293945,39.03499984741211,39.41999816894531,15569
2023-11-06,39.665000915527344,39.900001525878906,39.400001525878906,39.58000183105469,21066
2023-11-07,39.244998931884766,39.64500045776367,39.06999969482422,39.34000015258789,7639
2023-11-08,39.244998931884766,39.244998931884766,38.67499923706055,38.75,13905
2023-11-09,38.81999969482422,39.29999923706055,38.599998474121094,39.29999923706055,17402
2023-11-10,39.08000183105469,39.220001220703125,38.650001525878906,38.7599983215332,5947
2023-11-13,38.94499969482422,39.209999084472656,38.63999938964844,38.63999938964844,4879
2023-11-14,38.7599983215332,40.584999084472656,38.7599983215332,40.5,21893
2023-11-15,40.55500030517578,41.0,40.099998474121094,40.099998474121094,21835
2023-11-16,40.099998474121094,40.5,39.970001220703125,40.16999816894531,12530
2023-11-17,40.099998474121094,40.39500045776367,39.875,40.36000061035156,47692
2023-11-20,40.47999954223633,41.040000915527344,40.36000061035156,40.77000045776367,22412
2023-11-21,40.595001220703125,41.03499984741211,40.29999923706055,40.599998474121094,22431
2023-11-22,40.65999984741211,40.65999984741211,40.314998626708984,40.54499816894531,9738
2023-11-23,40.654998779296875,40.7400016784668,40.25,40.334999084472656,15348
2023-11-24,40.334999084472656,40.51499938964844,40.130001068115234,40.349998474121094,3587
2023-11-27,40.34000015258789,40.34000015258789,39.77000045776367,40.02000045776367,27466
2023-11-28,40.02000045776367,40.54499816894531,39.9900016784668,40.46500015258789,7627
2023-11-29,40.439998626708984,40.439998626708984,39.89500045776367,40.209999084472656,30937
2023-11-30,40.30500030517578,40.400001525878906,40.09000015258789,40.09000015258789,4814
2023-12-01,40.10499954223633,41.39500045776367,40.10499954223633,41.36000061035156,17389
2023-12-04,41.39500045776367,41.599998474121094,41.130001068115234,41.31999969482422,18391
2023-12-05,41.30500030517578,41.900001525878906,41.0,41.0,12471
2023-12-06,41.625,42.08000183105469,41.584999084472656,41.79999923706055,22572
2023-12-07,41.584999084472656,41.584999084472656,41.13999938964844,41.41999816894531,9243
2023-12-08,41.59000015258789,41.93000030517578,41.59000015258789,41.72999954223633,27641
2023-12-11,42.0,42.08000183105469,41.689998626708984,41.85499954223633,11330
2023-12-12,42.0,42.05500030517578,41.314998626708984,41.5,13467
2023-12-13,41.51499938964844,41.78499984741211,41.400001525878906,41.60499954223633,7010
2023-12-14,41.904998779296875,42.119998931884766,41.80500030517578,41.84000015258789,20689
2023-12-15,41.875,42.849998474121094,41.86000061035156,41.93000030517578,42234
2023-12-18,41.93000030517578,42.32500076293945,41.91999816894531,42.2400016784668,14604
2023-12-19,42.2400016784668,42.94499969482422,42.125,42.599998474121094,12438
2023-12-20,42.70000076293945,43.06999969482422,42.33000183105469,42.46500015258789,25401
2023-12-21,42.28499984741211,42.59000015258789,42.119998931884766,42.4900016784668,24937
2023-12-22,42.4900016784668,42.57500076293945,42.314998626708984,42.45500183105469,15578
2023-12-27,42.5099983215332,43.0,42.5099983215332,42.900001525878906,39007
2023-12-28,42.93000030517578,43.0,42.599998474121094,42.599998474121094,8835
2023-12-29,42.599998474121094,42.814998626708984,42.189998626708984,42.380001068115234,183520
2024-01-02,42.40999984741211,42.55500030517578,41.42499923706055,41.65999984741211,42946
2024-01-03,41.75,41.755001068115234,40.91999816894531,41.599998474121094,35391
2024-01-04,41.32500076293945,41.5,41.02000045776367,41.310001373291016,29485
2024-01-05,41.27000045776367,41.36000061035156,40.5,41.25,22639
2024-01-08,41.14500045776367,41.44499969482422,40.560001373291016,41.2400016784668,17936
2024-01-09,41.5,41.6150016784668,41.189998626708984,41.44499969482422,25712
2024-01-10,41.53499984741211,41.7400016784668,41.099998474121094,41.16999816894531,17716
2024-01-11,41.29999923706055,41.474998474121094,40.69499969482422,40.72999954223633,23839
2024-01-12,40.71500015258789,41.150001525878906,40.59000015258789,40.77000045776367,7415
2024-01-15,40.81999969482422,41.025001525878906,40.01499938964844,40.154998779296875,12128
2024-01-16,39.939998626708984,40.11000061035156,39.625,40.08000183105469,16947
2024-01-17,39.810001373291016,39.810001373291016,39.20000076293945,39.29999923706055,32259
2024-01-18,39.689998626708984,39.80500030517578,39.38999938964844,39.720001220703125,6627
2024-01-19,40.13999938964844,40.13999938964844,39.83000183105469,39.900001525878906,7131
2024-01-22,40.130001068115234,40.334999084472656,39.779998779296875,40.0,12616
2024-01-23,39.9900016784668,40.16999816894531,39.4900016784668,39.810001373291016,4409
2024-01-24,39.8650016784668,40.5,39.83000183105469,40.279998779296875,8798
2024-01-25,40.334999084472656,40.334999084472656,40.0,40.119998931884766,5978
2024-01-26,40.084999084472656,40.505001068115234,39.90999984741211,40.470001220703125,6683
2024-01-29,40.505001068115234,40.5099983215332,40.20000076293945,40.32500076293945,11314
2024-01-30,40.435001373291016,40.75,40.32500076293945,40.665000915527344,8664
2024-01-31,40.79999923706055,41.5,40.68000030517578,41.47999954223633,13350
2024-02-01,41.2599983215332,42.290000915527344,41.05500030517578,41.970001220703125,14701
2024-02-02,42.45500183105469,43.060001373291016,42.349998474121094,42.86000061035156,53153
2024-02-05,43.185001373291016,43.314998626708984,42.36000061035156,42.36000061035156,56941
2024-02-06,42.61000061035156,42.82500076293945,42.36000061035156,42.45000076293945,9023
2024-02-07,42.4900016784668,42.79499816894531,42.400001525878906,42.720001220703125,11849
2024-02-08,42.654998779296875,42.900001525878906,42.099998474121094,42.20000076293945,12506
2024-02-09,42.20000076293945,42.369998931884766,41.915000915527344,42.025001525878906,5711
2024-02-12,42.119998931884766,42.88999938964844,41.96500015258789,42.85499954223633,11722
2024-02-13,42.76499938964844,42.775001525878906,41.6349983215332,41.849998474121094,13681
2024-02-14,41.900001525878906,42.75,41.849998474121094,42.720001220703125,16956
2024-02-15,42.584999084472656,42.9900016784668,42.47999954223633,42.709999084472656,10215
2024-02-16,42.900001525878906,43.525001525878906,42.849998474121094,43.209999084472656,14643
2024-02-19,43.20000076293945,43.5099983215332,43.03499984741211,43.43000030517578,12114
2024-02-20,43.415000915527344,44.185001373291016,43.29999923706055,44.04999923706055,18625
2024-02-21,44.04999923706055,44.47999954223633,43.81999969482422,43.869998931884766,41653
2024-02-22,44.244998931884766,44.67499923706055,44.244998931884766,44.560001373291016,83381
2024-02-23,44.599998474121094,45.400001525878906,44.599998474121094,45.0,30322
2024-02-26,45.26499938964844,45.26499938964844,44.79499816894531,44.80500030517578,20287
2024-02-27,44.3849983215332,45.310001373291016,44.3849983215332,44.69499969482422,19133
2024-02-28,44.69499969482422,44.71500015258789,43.810001373291016,43.9900016784668,29501
2024-02-29,43.98500061035156,44.525001525878906,43.90999984741211,43.935001373291016,10666
2024-03-01,44.494998931884766,44.494998931884766,43.790000915527344,44.02000045776367,15499
2024-03-04,44.25,44.459999084472656,43.505001068115234,43.63999938964844,7386
2024-03-05,43.42499923706055,43.42499923706055,42.96500015258789,43.130001068115234,11657
2024-03-06,43.099998474121094,43.36000061035156,42.904998779296875,43.130001068115234,13691
2024-03-07,43.15999984741211,43.15999984741211,42.1349983215332,42.540000915527344,28807
2024-03-08,42.685001373291016,42.79999923706055,42.005001068115234,42.77000045776367,14257
2024-03-11,42.744998931884766,43.11000061035156,42.54999923706055,43.11000061035156,19337
2024-03-12,43.34000015258789,44.185001373291016,43.04999923706055,44.099998474121094,18113
2024-03-13,44.08000183105469,44.334999084472656,43.57500076293945,43.84000015258789,15896
2024-03-14,43.974998474121094,44.15999984741211,43.6349983215332,43.880001068115234,21069
2024-03-15,43.96500015258789,43.96500015258789,42.099998474121094,42.849998474121094,98167
2024-03-18,42.86000061035156,43.099998474121094,42.369998931884766,42.7599983215332,12144
2024-03-19,42.7400016784668,42.88999938964844,41.75,42.5,20494
2024-03-20,42.69499969482422,42.72999954223633,42.125,42.529998779296875,4301
2024-03-21,43.165000915527344,43.834999084472656,43.165000915527344,43.834999084472656,34284
2024-03-22,43.51499938964844,43.959999084472656,43.23500061035156,43.29499816894531,3476
2024-03-25,43.275001525878906,43.29499816894531,42.59000015258789,42.59000015258789,12855
2024-03-26,42.6150016784668,43.529998779296875,42.525001525878906,43.40999984741211,8200
2024-03-27,43.40999984741211,43.630001068115234,43.244998931884766,43.5,4313
2024-03-28,43.6349983215332,44.375,43.6349983215332,44.349998474121094,22282
2024-04-02,44.54999923706055,44.97999954223633,44.099998474121094,44.2599983215332,17835
2024-04-03,44.64500045776367,44.64500045776367,44.0,44.224998474121094,6171
2024-04-04,44.25,44.880001068115234,44.244998931884766,44.880001068115234,14390
2024-04-05,44.54999923706055,44.90999984741211,44.334999084472656,44.90999984741211,10538
2024-04-08,45.005001068115234,45.689998626708984,45.005001068115234,45.54499816894531,20693
2024-04-09,45.54499816894531,45.974998474121094,44.95000076293945,44.95000076293945,15022
2024-04-10,45.3849983215332,45.689998626708984,45.08000183105469,45.349998474121094,15191
2024-04-11,45.349998474121094,45.59000015258789,44.86000061035156,44.86000061035156,5728
2024-04-12,45.15999984741211,45.44499969482422,44.404998779296875,44.404998779296875,23662
2024-04-15,44.64500045776367,44.96500015258789,44.5099983215332,44.55500030517578,45782
2024-04-16,44.0,44.15999984741211,43.33000183105469,43.505001068115234,20364
2024-04-17,43.904998779296875,44.46500015258789,43.654998779296875,44.2400016784668,7393
2024-04-18,44.41999816894531,44.75,44.0,44.7400016784668,4003
2024-04-19,44.375,44.85499954223633,44.314998626708984,44.810001373291016,4173
2024-04-22,45.005001068115234,45.625,45.005001068115234,45.625,12275
2024-04-23,46.0,46.279998779296875,45.56999969482422,45.810001373291016,27721
2024-04-24,46.09000015258789,46.09000015258789,45.369998931884766,45.459999084472656,6629
2024-04-25,45.435001373291016,45.57500076293945,44.84000015258789,45.0,10480
2024-04-26,45.44499969482422,45.790000915527344,45.36000061035156,45.65999984741211,5354
2024-04-29,45.724998474121094,46.20500183105469,45.29999923706055,46.20500183105469,6239
2024-04-30,46.20500183105469,46.20500183105469,45.5099983215332,45.53499984741211,5221
2024-05-02,45.77000045776367,45.82500076293945,45.345001220703125,45.584999084472656,3460
2024-05-06,45.85499954223633,46.939998626708984,45.595001220703125,46.869998931884766,22345
2024-05-07,46.79999923706055,47.119998931884766,46.560001373291016,46.560001373291016,8244
2024-05-08,46.60499954223633,46.93000030517578,46.529998779296875,46.93000030517578,3993
2024-05-09,47.03499984741211,47.400001525878906,47.03499984741211,47.22999954223633,11756
2024-05-10,47.400001525878906,47.474998474121094,46.415000915527344,46.470001220703125,14892
2024-05-13,46.58000183105469,46.970001220703125,46.459999084472656,46.970001220703125,6845
2024-05-14,46.970001220703125,47.2400016784668,46.68000030517578,47.13999938964844,5512
2024-05-15,47.31999969482422,47.404998779296875,46.90999984741211,47.33000183105469,6291
2024-05-16,47.400001525878906,47.75,47.314998626708984,47.42499923706055,9661
2024-05-17,47.3849983215332,47.70000076293945,47.0,47.67499923706055,6552
2024-05-20,47.61000061035156,48.16999816894531,47.40999984741211,48.02000045776367,13938
2024-05-21,47.65999984741211,47.900001525878906,47.400001525878906,47.53499984741211,55289
2024-05-22,47.5,47.505001068115234,47.11000061035156,47.27000045776367,7814
2024-05-23,47.2400016784668,47.494998931884766,46.90999984741211,47.060001373291016,13145
2024-05-24,46.89500045776367,46.89500045776367,46.599998474121094,46.849998474121094,5039
2024-05-27,46.900001525878906,47.26499938964844,46.82500076293945,46.83000183105469,4117
2024-05-28,46.974998474121094,47.084999084472656,46.2400016784668,46.54499816894531,5397
2024-05-29,46.209999084472656,46.435001373291016,45.6349983215332,45.689998626708984,11993
2024-05-31,45.650001525878906,46.35499954223633,45.47999954223633,46.21500015258789,14361
2024-06-03,46.630001068115234,46.8849983215332,46.29499816894531,46.29499816894531,10375
2024-06-04,46.224998474121094,46.25,45.130001068115234,45.130001068115234,8728
2024-06-05,45.189998626708984,45.404998779296875,45.07500076293945,45.34000015258789,12785
2024-06-06,45.474998474121094,45.70500183105469,45.220001220703125,45.70500183105469,4204
2024-06-07,45.599998474121094,45.71500015258789,44.814998626708984,45.09000015258789,9106
2024-06-10,44.875,45.04999923706055,44.540000915527344,44.91999816894531,9071
2024-06-11,45.099998474121094,45.20000076293945,44.52000045776367,44.54999923706055,6579
2024-06-12,44.755001068115234,45.43000030517578,44.619998931884766,45.290000915527344,6563
2024-06-13,45.209999084472656,45.209999084472656,44.45500183105469,44.584999084472656,10509
2024-06-14,44.560001373291016,44.72999954223633,44.20000076293945,44.654998779296875,9807
2024-06-17,44.70000076293945,45.57500076293945,44.70000076293945,45.57500076293945,3266
2024-06-18,45.95000076293945,46.13999938964844,45.560001373291016,45.560001373291016,11535
2024-06-19,45.560001373291016,46.27000045776367,45.42499923706055,46.18000030517578,5839
2024-06-20,46.185001373291016,46.66999816894531,46.04999923706055,46.21500015258789,7378
2024-06-21,46.345001220703125,46.54499816894531,46.05500030517578,46.20500183105469,6080
2024-06-24,46.2400016784668,47.275001525878906,46.2400016784668,47.130001068115234,12531
2024-06-25,47.07500076293945,47.5099983215332,46.915000915527344,47.27000045776367,3894
2024-06-26,47.279998779296875,47.71500015258789,47.15999984741211,47.15999984741211,14793
2024-06-27,47.130001068115234,47.630001068115234,47.125,47.32500076293945,4153
2024-06-28,47.5,47.79999923706055,47.439998626708984,47.529998779296875,8102
2024-07-01,47.75,47.81999969482422,47.3650016784668,47.400001525878906,5495
2024-07-02,47.39500045776367,47.39500045776367,46.79499816894531,46.939998626708984,5690
2024-07-03,47.375,47.564998626708984,47.04499816894531,47.20000076293945,3626
2024-07-04,47.5,47.525001525878906,47.03499984741211,47.2400016784668,3123
2024-07-05,47.27000045776367,47.529998779296875,46.67499923706055,46.80500030517578,5926
2024-07-08,46.80500030517578,47.26499938964844,46.75,47.1349983215332,14703
2024-07-09,47.16999816894531,47.28499984741211,46.96500015258789,47.16999816894531,4850
2024-07-10,47.10499954223633,47.310001373291016,46.720001220703125,46.79999923706055,12566
2024-07-11,47.0,47.36000061035156,46.85499954223633,47.290000915527344,10906
2024-07-12,47.25,47.744998931884766,47.130001068115234,47.63999938964844,12596
2024-07-15,47.584999084472656,47.70000076293945,47.290000915527344,47.70000076293945,5266
2024-07-16,47.349998474121094,47.55500030517578,46.13999938964844,46.13999938964844,21793
2024-07-17,46.189998626708984,46.5,45.04499816894531,45.5099983215332,30779
2024-07-18,45.505001068115234,46.439998626708984,45.5,46.290000915527344,5612
2024-07-19,46.029998779296875,46.22999954223633,45.584999084472656,46.02000045776367,12850
2024-07-22,45.9900016784668,46.369998931884766,45.849998474121094,46.04999923706055,6465
2024-07-23,46.1150016784668,46.1150016784668,45.20000076293945,45.3849983215332,18978
2024-07-24,45.04999923706055,45.53499984741211,45.0,45.19499969482422,3751
2024-07-25,44.4900016784668,44.83000183105469,44.15999984741211,44.83000183105469,36757
2024-07-26,45.0,45.099998474121094,44.560001373291016,44.56999969482422,2734
2024-07-29,44.970001220703125,45.244998931884766,44.584999084472656,44.79499816894531,28727
2024-07-30,44.84000015258789,45.154998779296875,44.290000915527344,44.290000915527344,5623
2024-07-31,44.60499954223633,45.025001525878906,44.564998626708984,44.939998626708984,5798
2024-08-01,45.02000045776367,45.09000015258789,44.02000045776367,44.095001220703125,7881
2024-08-02,43.54499816894531,43.7599983215332,43.165000915527344,43.435001373291016,14293
2024-08-05,41.345001220703125,42.27000045776367,41.17499923706055,42.099998474121094,79162
2024-08-06,42.41999816894531,42.810001373291016,41.154998779296875,41.525001525878906,66124
2024-08-07,41.779998779296875,42.025001525878906,41.599998474121094,41.810001373291016,11247
2024-08-08,41.540000915527344,42.31999969482422,40.994998931884766,42.31999969482422,78181
2024-08-09,42.619998931884766,42.849998474121094,42.03499984741211,42.255001068115234,15431
2024-08-12,42.55500030517578,43.69499969482422,42.55500030517578,43.69499969482422,9954
2024-08-13,44.029998779296875,44.029998779296875,43.470001220703125,43.70000076293945,5044
2024-08-14,43.72999954223633,44.04499816894531,43.650001525878906,43.810001373291016,17514
2024-08-16,44.525001525878906,45.20500183105469,44.525001525878906,45.20500183105469,17899
2024-08-19,45.21500015258789,45.55500030517578,44.9900016784668,45.349998474121094,23670
2024-08-20,45.55500030517578,45.55500030517578,44.540000915527344,44.540000915527344,7108
2024-08-21,44.6150016784668,45.01499938964844,44.6150016784668,44.9900016784668,6169
2024-08-22,44.9900016784668,45.30500030517578,44.81999969482422,44.83000183105469,3513
2024-08-23,44.84000015258789,45.150001525878906,44.834999084472656,45.02000045776367,10754
2024-08-26,45.0,45.125,44.70000076293945,44.720001220703125,8189
2024-08-27,44.654998779296875,45.0,44.279998779296875,44.70500183105469,5334
2024-08-28,44.70500183105469,44.8849983215332,44.32500076293945,44.619998931884766,2661
2024-08-29,44.474998474121094,45.095001220703125,44.474998474121094,44.97999954223633,3476
2024-08-30,45.005001068115234,45.33000183105469,44.900001525878906,45.10499954223633,11342
2024-09-02,45.10499954223633,46.18000030517578,44.70500183105469,45.970001220703125,10191
2024-09-03,46.03499984741211,46.095001220703125,45.084999084472656,45.13999938964844,8217
2024-09-04,44.52000045776367,45.0,44.52000045776367,44.76499938964844,11285
2024-09-05,44.76499938964844,45.20000076293945,44.32500076293945,44.32500076293945,6816
2024-09-06,44.36000061035156,44.46500015258789,43.38999938964844,43.41999816894531,11251
2024-09-09,43.40999984741211,43.81999969482422,43.38999938964844,43.60499954223633,8070
2024-09-10,43.60499954223633,43.81999969482422,43.04999923706055,43.18000030517578,5490
2024-09-11,42.915000915527344,43.04999923706055,42.29999923706055,42.33000183105469,9293
2024-09-12,43.0,43.279998779296875,42.86000061035156,42.93000030517578,2536
2024-09-13,43.04999923706055,43.849998474121094,43.0099983215332,43.720001220703125,4310
2024-09-16,43.67499923706055,43.79499816894531,43.290000915527344,43.290000915527344,4992
2024-09-17,43.41999816894531,44.20000076293945,43.41999816894531,44.0099983215332,2115
2024-09-18,44.26499938964844,44.34000015258789,43.720001220703125,43.85499954223633,4450
2024-09-19,44.084999084472656,44.400001525878906,44.064998626708984,44.189998626708984,8283
2024-09-20,44.20000076293945,44.36000061035156,43.1150016784668,43.44499969482422,6808
2024-09-23,43.44499969482422,43.55500030517578,43.064998626708984,43.46500015258789,5145
2024-09-24,43.85499954223633,44.65999984741211,43.85499954223633,44.40999984741211,3874
2024-09-25,44.400001525878906,44.75,44.279998779296875,44.60499954223633,2285
2024-09-26,45.0,45.310001373291016,44.83000183105469,45.0,8995
2024-09-27,45.099998474121094,45.3849983215332,44.720001220703125,45.35499954223633,4360
2024-09-30,45.25,45.29999923706055,44.224998474121094,44.244998931884766,5730
2024-10-01,44.244998931884766,44.5,43.70000076293945,43.900001525878906,16186
2024-10-02,44.1349983215332,44.5,43.814998626708984,44.06999969482422,5783
2024-10-03,43.994998931884766,43.994998931884766,43.310001373291016,43.38999938964844,8093
2024-10-04,43.6349983215332,43.71500015258789,43.209999084472656,43.56999969482422,6986
2024-10-07,43.79999923706055,43.79999923706055,43.150001525878906,43.404998779296875,7017
2024-10-08,43.279998779296875,43.709999084472656,42.970001220703125,43.474998474121094,5204
2024-10-09,43.474998474121094,44.27000045776367,43.470001220703125,44.15999984741211,5191
2024-10-10,44.29499816894531,44.400001525878906,43.849998474121094,43.915000915527344,1248
2024-10-11,44.0,44.584999084472656,44.0,44.43000030517578,5445
2024-10-14,44.43000030517578,44.564998626708984,44.25,44.310001373291016,18137
2024-10-15,44.54499816894531,44.584999084472656,43.970001220703125,44.220001220703125,12480
2024-10-16,44.220001220703125,44.755001068115234,44.01499938964844,44.71500015258789,9966
2024-10-17,44.65999984741211,44.65999984741211,43.474998474121094,43.52000045776367,10032
2024-10-18,43.834999084472656,44.10499954223633,43.755001068115234,43.8849983215332,3494
2024-10-21,43.935001373291016,44.029998779296875,43.29999923706055,43.33000183105469,12675
2024-10-22,43.47999954223633,43.47999954223633,42.810001373291016,42.84000015258789,9613
2024-10-23,42.814998626708984,43.029998779296875,42.39500045776367,42.994998931884766,35672
2024-10-24,42.95500183105469,43.38999938964844,42.71500015258789,42.75,5020
2024-10-25,42.755001068115234,42.85499954223633,42.400001525878906,42.75,6747
2024-10-28,43.084999084472656,43.099998474121094,42.505001068115234,42.75,4450
2024-10-29,42.845001220703125,43.53499984741211,42.790000915527344,43.53499984741211,19949
2024-10-30,43.415000915527344,43.4900016784668,42.310001373291016,42.45000076293945,17783
2024-10-31,42.27000045776367,42.29999923706055,41.86000061035156,41.97999954223633,15798
2024-11-04,42.400001525878906,42.95500183105469,42.209999084472656,42.875,23975
2024-11-05,42.93000030517578,42.93000030517578,42.2599983215332,42.56999969482422,7417
2024-11-06,42.70000076293945,43.79999923706055,42.599998474121094,42.650001525878906,14713
2024-11-07,43.0,44.099998474121094,43.0,43.970001220703125,17594
2024-11-08,44.154998779296875,44.154998779296875,43.5,43.7400016784668,6474
2024-11-12,43.48500061035156,43.70000076293945,42.93000030517578,42.93000030517578,11101
2024-11-13,42.91999816894531,42.91999816894531,42.29999923706055,42.459999084472656,6151
2024-11-14,42.42499923706055,42.75,42.0,42.75,31605
2024-11-15,42.6349983215332,42.65999984741211,41.650001525878906,41.650001525878906,32024
2024-11-18,41.80500030517578,42.025001525878906,41.20000076293945,41.56999969482422,17058
2024-11-19,41.880001068115234,41.89500045776367,39.61000061035156,40.400001525878906,64553
2024-11-20,40.88999938964844,41.08000183105469,40.529998779296875,40.79999923706055,32925
2024-11-21,41.0,41.59000015258789,40.56999969482422,41.439998626708984,34674
2024-11-22,41.654998779296875,41.814998626708984,40.7599983215332,41.7400016784668,8249
2024-11-25,42.2599983215332,42.2599983215332,41.755001068115234,41.97999954223633,26689
2024-11-26,41.95500183105469,42.29999923706055,41.599998474121094,41.849998474121094,27388
2024-11-27,41.97999954223633,41.97999954223633,41.28499984741211,41.599998474121094,22410
2024-11-28,41.81999969482422,42.025001525878906,41.415000915527344,41.650001525878906,7993
2024-11-29,41.650001525878906,41.88999938964844,41.5,41.68000030517578,6390
2024-12-02,42.255001068115234,42.79999923706055,41.834999084472656,42.75,23553
2024-12-03,42.96500015258789,42.96500015258789,42.400001525878906,42.595001220703125,7635
2024-12-04,42.6349983215332,43.3849983215332,42.6349983215332,43.15999984741211,18454
2024-12-05,43.45000076293945,44.0,43.20500183105469,43.97999954223633,8245
2024-12-06,43.97999954223633,44.279998779296875,43.79999923706055,43.939998626708984,15249
2024-12-09,43.9900016784668,44.279998779296875,43.76499938964844,44.04999923706055,15450
2024-12-10,44.04999923706055,44.14500045776367,43.51499938964844,44.040000915527344,21381
2024-12-11,43.98500061035156,43.98500061035156,43.619998931884766,43.665000915527344,16161
2024-12-12,43.5099983215332,43.834999084472656,43.06999969482422,43.3650016784668,8635
2024-12-13,43.3650016784668,43.5,43.1150016784668,43.2400016784668,10143
2024-12-16,43.45500183105469,43.45500183105469,42.91999816894531,43.15999984741211,11331
2024-12-17,43.189998626708984,43.189998626708984,42.06999969482422,42.06999969482422,26948
2024-12-18,42.275001525878906,42.54499816894531,42.064998626708984,42.3849983215332,25716
2024-12-19,41.90999984741211,42.40999984741211,41.709999084472656,42.31999969482422,43352
2024-12-20,42.185001373291016,42.185001373291016,41.5,41.849998474121094,60135
2024-12-23,42.224998474121094,42.439998626708984,41.8650016784668,41.880001068115234,54668
2024-12-27,41.78499984741211,41.93000030517578,41.650001525878906,41.91999816894531,13657
2024-12-30,41.91999816894531,42.060001373291016,41.54999923706055,41.68000030517578,17869
2025-01-02,42.20500183105469,42.45500183105469,41.869998931884766,42.34000015258789,19855
2025-01-03,42.35499954223633,42.82500076293945,42.29999923706055,42.45000076293945,13401
2025-01-07,43.060001373291016,43.314998626708984,42.790000915527344,42.880001068115234,18520
2025-01-08,42.619998931884766,42.94499969482422,42.11000061035156,42.3650016784668,6952
2025-01-09,42.3650016784668,42.72999954223633,42.20000076293945,42.72999954223633,11050
2025-01-10,42.72999954223633,43.09000015258789,42.595001220703125,42.90999984741211,15868
2025-01-13,42.94499969482422,42.94499969482422,42.04999923706055,42.220001220703125,35100
2025-01-14,42.46500015258789,42.79999923706055,42.27000045776367,42.4900016784668,11990
2025-01-15,42.64500045776367,43.494998931884766,42.52000045776367,43.439998626708984,17685
2025-01-16,43.599998474121094,43.599998474121094,43.150001525878906,43.310001373291016,17290
2025-01-17,43.3849983215332,44.0,43.3849983215332,43.86000061035156,12514
2025-01-20,44.18000030517578,44.400001525878906,43.79999923706055,44.20000076293945,21569
2025-01-21,44.31999969482422,44.31999969482422,44.0,44.31999969482422,18233
2025-01-22,44.5,45.119998931884766,44.45000076293945,44.95000076293945,15228
2025-01-23,44.665000915527344,45.060001373291016,44.60499954223633,44.94499969482422,16135
2025-01-24,45.18000030517578,45.36000061035156,44.974998474121094,45.18000030517578,21380
2025-01-27,45.0,45.20000076293945,44.529998779296875,45.20000076293945,18845
2025-01-28,45.39500045776367,45.67499923706055,45.29999923706055,45.63999938964844,7665
2025-01-29,45.84000015258789,45.90999984741211,45.54999923706055,45.59000015258789,20727
2025-01-30,45.79999923706055,46.45000076293945,45.79999923706055,46.45000076293945,14758
2025-01-31,46.41999816894531,46.5,46.1349983215332,46.25,8885
2025-02-03,46.06999969482422,46.09000015258789,45.125,45.474998474121094,18737
2025-02-04,45.67499923706055,45.900001525878906,45.26499938964844,45.88999938964844,5219
2025-02-05,45.95000076293945,46.154998779296875,45.21500015258789,45.55500030517578,8927
2025-02-06,46.03499984741211,46.75,45.779998779296875,46.75,18903
2025-02-07,47.0,47.48500061035156,46.80500030517578,47.279998779296875,23613
2025-02-10,47.349998474121094,47.79999923706055,47.185001373291016,47.650001525878906,18906
2025-02-11,47.630001068115234,48.25,47.5,48.16999816894531,15200
2025-02-12,48.56999969482422,48.98500061035156,47.0,48.810001373291016,54644
2025-02-13,49.21500015258789,49.724998474121094,48.97999954223633,49.26499938964844,39640
2025-02-14,49.375,49.494998931884766,48.73500061035156,48.98500061035156,28405
2025-02-17,48.869998931884766,49.57500076293945,48.67499923706055,49.34000015258789,36592
2025-02-18,49.744998931884766,50.84000015258789,49.625,50.79999923706055,50573
2025-02-19,50.970001220703125,51.22999954223633,49.755001068115234,50.060001373291016,31365
2025-02-20,49.935001373291016,50.029998779296875,49.54499816894531,49.61000061035156,23347
2025-02-21,49.834999084472656,50.15999984741211,49.66999816894531,49.7400016784668,20270
2025-02-24,49.474998474121094,49.474998474121094,48.43000030517578,48.599998474121094,19977
2025-02-25,48.630001068115234,49.2400016784668,48.3849983215332,48.86000061035156,17211
2025-02-26,49.470001220703125,49.79999923706055,49.290000915527344,49.779998779296875,15418
2025-02-27,49.595001220703125,50.0,48.31999969482422,49.25,18160
2025-02-28,48.79999923706055,49.20000076293945,48.560001373291016,49.0,15510
2025-03-03,48.93000030517578,49.57500076293945,48.375,49.41999816894531,20781
2025-03-04,48.63999938964844,48.665000915527344,47.47999954223633,47.47999954223633,28280
2025-03-05,48.810001373291016,49.28499984741211,48.6150016784668,49.22999954223633,17148
2025-03-06,49.54499816894531,50.119998931884766,49.334999084472656,50.119998931884766,19639
2025-03-07,49.814998626708984,50.36000061035156,49.599998474121094,50.189998626708984,32263
2025-03-10,50.33000183105469,50.33000183105469,48.875,49.189998626708984,17285
2025-03-11,49.34000015258789,49.86000061035156,48.900001525878906,49.08000183105469,12134
2025-03-12,49.58000183105469,49.97999954223633,49.560001373291016,49.88999938964844,16597
2025-03-13,49.970001220703125,51.150001525878906,49.95500183105469,50.959999084472656,47458
2025-03-14,50.959999084472656,52.5,50.880001068115234,52.310001373291016,28609
2025-03-17,52.47999954223633,52.869998931884766,52.310001373291016,52.7599983215332,24585
2025-03-18,53.09000015258789,53.709999084472656,52.900001525878906,53.209999084472656,24870
2025-03-19,52.810001373291016,53.209999084472656,52.599998474121094,52.790000915527344,17436
2025-03-20,52.90999984741211,52.90999984741211,51.810001373291016,52.29999923706055,20227
2025-03-21,52.16999816894531,52.22999954223633,51.310001373291016,51.7599983215332,10051
2025-03-24,52.13999938964844,52.619998931884766,52.02000045776367,52.47999954223633,6235
2025-03-25,52.77000045776367,53.349998474121094,52.45000076293945,53.18000030517578,17196
2025-03-26,53.33000183105469,53.33000183105469,52.34000015258789,52.59000015258789,43985
2025-03-27,52.25,53.04999923706055,52.0099983215332,52.720001220703125,9583
2025-03-28,52.45000076293945,52.709999084472656,52.09000015258789,52.2599983215332,5077
2025-03-31,51.72999954223633,51.72999954223633,50.630001068115234,51.06999969482422,25532
2025-04-01,51.220001220703125,52.209999084472656,51.220001220703125,51.93000030517578,10449
2025-04-02,52.189998626708984,52.20000076293945,51.59000015258789,52.13999938964844,19315
2025-04-03,51.15999984741211,51.470001220703125,50.029998779296875,50.09000015258789,46282
2025-04-04,49.78499984741211,49.78499984741211,46.75,46.90999984741211,76342
2025-04-07,44.095001220703125,47.025001525878906,43.630001068115234,46.26499938964844,103240
2025-04-08,46.869998931884766,47.97999954223633,46.26499938964844,47.61000061035156,32303
2025-04-09,47.04999923706055,47.5,45.91999816894531,46.29999923706055,18407
2025-04-10,48.7599983215332,49.63999938964844,47.88999938964844,48.599998474121094,55111
2025-04-11,48.60499954223633,49.18000030517578,47.67499923706055,47.92499923706055,23992
2025-04-14,48.974998474121094,49.52000045776367,48.779998779296875,49.52000045776367,41114
2025-04-15,49.90999984741211,50.5099983215332,49.29999923706055,49.7400016784668,20353
2025-04-16,49.57500076293945,50.27000045776367,49.310001373291016,49.70500183105469,9826
2025-04-17,49.95500183105469,50.7400016784668,49.95500183105469,50.2400016784668,15933
2025-04-22,50.810001373291016,51.439998626708984,50.599998474121094,51.439998626708984,13701
2025-04-23,51.70000076293945,53.0,51.68000030517578,52.95000076293945,22740
2025-04-24,52.369998931884766,53.33000183105469,52.2400016784668,53.279998779296875,11527
2025-04-25,53.40999984741211,53.70000076293945,53.040000915527344,53.209999084472656,24269
2025-04-28,53.47999954223633,53.790000915527344,52.0,53.43000030517578,27080
2025-04-29,53.77000045776367,54.119998931884766,53.36000061035156,53.45000076293945,12001
2025-04-30,53.5,53.65999984741211,51.959999084472656,52.150001525878906,21353
2025-05-02,52.720001220703125,53.540000915527344,52.63999938964844,53.540000915527344,11975
2025-05-05,53.2400016784668,53.27000045776367,52.619998931884766,53.0,14774
2025-05-06,52.630001068115234,52.630001068115234,51.45000076293945,52.08000183105469,28224
2025-05-07,52.22999954223633,52.95000076293945,52.20000076293945,52.810001373291016,10243
2025-05-08,52.95000076293945,53.54999923706055,52.70000076293945,53.20000076293945,8973
2025-05-09,53.56999969482422,54.65999984741211,53.40999984741211,54.599998474121094,21629
2025-05-12,55.5,56.0,54.41999816894531,54.72999954223633,43695
2025-05-13,54.54999923706055,55.029998779296875,54.310001373291016,55.0,10170
2025-05-14,55.209999084472656,55.34000015258789,54.36000061035156,54.61000061035156,11472
2025-05-15,54.38999938964844,54.56999969482422,53.90999984741211,54.38999938964844,14422
2025-05-16,54.61000061035156,55.400001525878906,53.849998474121094,54.2400016784668,7046
2025-05-19,53.68000030517578,53.880001068115234,52.63999938964844,53.79999923706055,24067
2025-05-20,54.36000061035156,54.380001068115234,53.79999923706055,53.970001220703125,6430
2025-05-21,53.77000045776367,53.77000045776367,53.02000045776367,53.2599983215332,5020
2025-05-22,53.310001373291016,53.310001373291016,52.599998474121094,52.86000061035156,7339
2025-05-23,53.25,53.31999969482422,51.209999084472656,52.400001525878906,19481
2025-05-26,53.29999923706055,54.0,53.20000076293945,53.880001068115234,10161
2025-05-27,54.040000915527344,54.439998626708984,53.56999969482422,54.29999923706055,10778
2025-05-28,54.45000076293945,54.869998931884766,54.290000915527344,54.869998931884766,9966
2025-05-29,55.099998474121094,55.099998474121094,53.65999984741211,53.7599983215332,10092
2025-05-30,53.40999984741211,53.4900016784668,52.81999969482422,53.4900016784668,11420
2025-06-02,52.060001373291016,53.2599983215332,52.04999923706055,53.16999816894531,27247
2025-06-03,53.40999984741211,53.40999984741211,52.0,52.70000076293945,9029
2025-06-04,53.2400016784668,53.59000015258789,52.790000915527344,53.47999954223633,12426
2025-06-05,53.380001068115234,53.70000076293945,52.58000183105469,52.79999923706055,11053
2025-06-06,52.20000076293945,52.20000076293945,51.29999923706055,52.130001068115234,18651
2025-06-09,52.54999923706055,52.90999984741211,51.9900016784668,52.779998779296875,9429
2025-06-10,52.959999084472656,54.31999969482422,52.779998779296875,53.970001220703125,14357
2025-06-11,53.84000015258789,53.849998474121094,53.119998931884766,53.689998626708984,5870
2025-06-12,53.43000030517578,54.0,52.599998474121094,53.279998779296875,9500
2025-06-13,52.630001068115234,52.810001373291016,52.040000915527344,52.29999923706055,8408
2025-06-16,52.54999923706055,52.9900016784668,52.33000183105469,52.5,5697
2025-06-17,52.36000061035156,52.810001373291016,51.77000045776367,52.7599983215332,5426
2025-06-18,52.54999923706055,52.79999923706055,52.20000076293945,52.7400016784668,6549
2025-06-20,52.720001220703125,52.900001525878906,52.43000030517578,52.779998779296875,6231
2025-06-23,52.52000045776367,52.63999938964844,51.88999938964844,52.0,7547
2025-06-24,52.779998779296875,53.400001525878906,52.70000076293945,53.400001525878906,13621
2025-06-25,53.34000015258789,53.43000030517578,53.0099983215332,53.2599983215332,5025
2025-06-26,53.560001373291016,54.47999954223633,53.5099983215332,54.369998931884766,9221
2025-06-27,54.40999984741211,54.599998474121094,54.20000076293945,54.54999923706055,10089
2025-06-30,55.0,55.380001068115234,54.709999084472656,55.119998931884766,11647
2025-07-01,55.189998626708984,55.41999816894531,54.70000076293945,54.75,14052
2025-07-02,54.959999084472656,55.130001068115234,54.630001068115234,55.0099983215332,7378
2025-07-03,55.61000061035156,56.11000061035156,55.5099983215332,56.0099983215332,9388
2025-07-04,55.849998474121094,55.86000061035156,55.150001525878906,55.5,11581
2025-07-07,55.29999923706055,55.65999984741211,55.119998931884766,55.52000045776367,21218
2025-07-08,55.84000015258789,56.060001373291016,55.650001525878906,55.959999084472656,5675
2025-07-09,56.11000061035156,56.29999923706055,55.66999816894531,56.220001220703125,28917
2025-07-10,56.220001220703125,56.45000076293945,55.20000076293945,55.2599983215332,8109
2025-07-11,55.529998779296875,55.540000915527344,55.029998779296875,55.439998626708984,7352
2025-07-14,55.38999938964844,55.880001068115234,55.20000076293945,55.880001068115234,9386
2025-07-15,56.06999969482422,56.41999816894531,55.4900016784668,55.63999938964844,5703
2025-07-16,55.63999938964844,55.86000061035156,55.2400016784668,55.65999984741211,7255
2025-07-17,55.720001220703125,56.38999938964844,55.43000030517578,56.279998779296875,6369
2025-07-18,57.099998474121094,57.7400016784668,57.099998474121094,57.459999084472656,14335
2025-07-21,57.619998931884766,57.619998931884766,56.84000015258789,57.18000030517578,9298
2025-07-22,57.02000045776367,57.02000045776367,56.52000045776367,56.77000045776367,7421
2025-07-23,57.02000045776367,57.599998474121094,56.84000015258789,57.04999923706055,13309
2025-07-24,57.43000030517578,57.59000015258789,57.029998779296875,57.529998779296875,9787
2025-07-25,57.2400016784668,57.41999816894531,56.959999084472656,57.41999816894531,7028
2025-07-28,57.66999816894531,57.79999923706055,56.209999084472656,56.33000183105469,14957
2025-07-29,56.58000183105469,57.36000061035156,56.220001220703125,57.189998626708984,7482
2025-07-30,57.099998474121094,57.790000915527344,56.939998626708984,57.790000915527344,6517
2025-07-31,57.79999923706055,57.939998626708984,57.0,57.220001220703125,14846
2025-08-01,56.5,56.689998626708984,55.540000915527344,55.849998474121094,22852
2025-08-04,55.779998779296875,56.400001525878906,55.540000915527344,56.400001525878906,9939
2025-08-05,56.88999938964844,56.93000030517578,55.900001525878906,56.099998474121094,8454
2025-08-06,56.29999923706055,57.41999816894531,56.22999954223633,57.41999816894531,14335
2025-08-07,57.52000045776367,58.900001525878906,57.220001220703125,58.45000076293945,33484
2025-08-08,58.439998626708984,59.34000015258789,57.900001525878906,59.16999816894531,14940
2025-08-11,59.38999938964844,59.43000030517578,58.56999969482422,58.630001068115234,12236
2025-08-12,58.9900016784668,59.20000076293945,58.58000183105469,59.0099983215332,11033
2025-08-13,59.689998626708984,59.79999923706055,58.75,59.189998626708984,9782
2025-08-14,58.7400016784668,58.7400016784668,57.5,58.2599983215332,19149
2025-08-18,58.04999923706055,58.599998474121094,57.7400016784668,58.5,12879
2025-08-19,58.97999954223633,59.4900016784668,58.25,59.099998474121094,11015
2025-08-20,58.5099983215332,59.25,58.43000030517578,58.970001220703125,9988
2025-08-21,58.970001220703125,59.79999923706055,58.790000915527344,59.720001220703125,16027
2025-08-22,58.130001068115234,58.34000015258789,56.79999923706055,57.02000045776367,39580
2025-08-25,57.150001525878906,57.779998779296875,57.130001068115234,57.45000076293945,14011
2025-08-26,57.18000030517578,57.720001220703125,56.619998931884766,57.540000915527344,12179
2025-08-27,57.810001373291016,57.869998931884766,56.33000183105469,56.540000915527344,14661
2025-08-28,56.79999923706055,57.0099983215332,55.90999984741211,55.90999984741211,14108
2025-08-29,55.90999984741211,56.099998474121094,55.09000015258789,55.279998779296875,19482
2025-09-01,55.529998779296875,55.91999816894531,54.2400016784668,54.7599983215332,28287
2025-09-02,54.959999084472656,55.0099983215332,53.84000015258789,54.81999969482422,21648
2025-09-03,55.13999938964844,55.59000015258789,54.81999969482422,55.060001373291016,17425
2025-09-04,54.83000183105469,55.95000076293945,54.61000061035156,55.88999938964844,20722
2025-09-05,56.099998474121094,56.5,55.439998626708984,55.439998626708984,16232
2025-09-08,56.06999969482422,56.630001068115234,56.0,56.61000061035156,23275
2025-09-09,56.5,56.560001373291016,55.880001068115234,55.939998626708984,17142
2025-09-10,55.630001068115234,55.880001068115234,54.59000015258789,55.560001373291016,26552
2025-09-11,55.880001068115234,56.61000061035156,55.560001373291016,56.43000030517578,9037
2025-09-12,56.779998779296875,56.779998779296875,56.0,56.060001373291016,10430
2025-09-15,56.650001525878906,56.70000076293945,56.119998931884766,56.619998931884766,12018
2025-09-16,56.599998474121094,56.599998474121094,55.650001525878906,55.77000045776367,12166
2025-09-17,55.88999938964844,55.939998626708984,55.400001525878906,55.65999984741211,7320
2025-09-18,55.79999923706055,55.97999954223633,55.43000030517578,55.5099983215332,12616
2025-09-19,55.5099983215332,55.599998474121094,55.25,55.38999938964844,11829
2025-09-22,55.689998626708984,55.689998626708984,54.810001373291016,55.29999923706055,13468
2025-09-23,55.70000076293945,55.97999954223633,55.540000915527344,55.70000076293945,10099
2025-09-24,55.5099983215332,56.310001373291016,55.209999084472656,56.16999816894531,9630
2025-09-25,56.02000045776367,56.02000045776367,55.40999984741211,55.650001525878906,10109
2025-09-26,55.45000076293945,56.38999938964844,55.45000076293945,56.38999938964844,13885
2025-09-29,56.619998931884766,56.619998931884766,56.029998779296875,56.33000183105469,9998
2025-09-30,56.189998626708984,56.310001373291016,55.720001220703125,56.15999984741211,6675
2025-10-01,56.119998931884766,56.849998474121094,55.90999984741211,56.689998626708984,7827
2025-10-02,57.040000915527344,57.75,56.84000015258789,56.970001220703125,28267
2025-10-03,57.47999954223633,57.5,56.5,56.95000076293945,11105
2025-10-06,57.150001525878906,57.25,56.40999984741211,56.61000061035156,14199
2025-10-07,56.779998779296875,57.279998779296875,56.2599983215332,57.04999923706055,9530
2025-10-08,56.91999816894531,57.4900016784668,56.720001220703125,57.22999954223633,16561
2025-10-09,57.470001220703125,57.63999938964844,57.09000015258789,57.220001220703125,9519
2025-10-10,57.290000915527344,57.47999954223633,56.68000030517578,57.220001220703125,6914
2025-10-13,56.529998779296875,57.349998474121094,56.4900016784668,57.22999954223633,18892
2025-10-14,56.619998931884766,56.7400016784668,55.869998931884766,56.61000061035156,12910
2025-10-15,57.06999969482422,57.79999923706055,56.93000030517578,57.79999923706055,14567
2025-10-16,57.86000061035156,57.91999816894531,57.33000183105469,57.54999923706055,7303
2025-10-17,56.9900016784668,57.31999969482422,56.099998474121094,57.15999984741211,13381
2025-10-20,57.650001525878906,58.150001525878906,57.650001525878906,58.04999923706055,10371
2025-10-21,58.349998474121094,58.439998626708984,57.790000915527344,58.02000045776367,6615
2025-10-22,58.25,59.130001068115234,58.0,59.130001068115234,11443
2025-10-23,59.18000030517578,59.54999923706055,58.720001220703125,59.400001525878906,23916
2025-10-24,59.459999084472656,59.7400016784668,59.16999816894531,59.33000183105469,6204
2025-10-27,59.939998626708984,59.95000076293945,59.16999816894531,59.31999969482422,15693
2025-10-28,59.5,60.65999984741211,59.400001525878906,60.52000045776367,31779
2025-10-29,60.56999969482422,60.959999084472656,60.0099983215332,60.459999084472656,13946
2025-10-30,60.560001373291016,60.630001068115234,59.970001220703125,60.27000045776367,10573
2025-10-31,60.43000030517578,60.439998626708984,59.43000030517578,59.439998626708984,17933
2025-11-03,60.0,60.16999816894531,59.650001525878906,59.79999923706055,17355
2025-11-04,59.45000076293945,59.47999954223633,58.970001220703125,59.310001373291016,17066
2025-11-05,59.150001525878906,59.540000915527344,58.83000183105469,59.2400016784668,8557
2025-11-06,59.529998779296875,60.54999923706055,59.45000076293945,59.779998779296875,13623
2025-11-07,59.97999954223633,60.0,58.810001373291016,59.11000061035156,10989
2025-11-10,60.0,60.33000183105469,59.70000076293945,60.02000045776367,10237
2025-11-12,60.63999938964844,60.849998474121094,60.04999923706055,60.15999984741211,18303
2025-11-13,60.43000030517578,61.060001373291016,60.0,60.0099983215332,13827
2025-11-14,59.40999984741211,59.66999816894531,58.900001525878906,59.4900016784668,16304
2025-11-17,59.7400016784668,59.849998474121094,58.650001525878906,58.810001373291016,31606
2025-11-18,58.2599983215332,58.29999923706055,57.40999984741211,57.7599983215332,24329
2025-11-19,58.0,59.0,57.61000061035156,58.81999969482422,11650
2025-11-20,59.72999954223633,59.7400016784668,58.599998474121094,58.900001525878906,17592
2025-11-21,57.59000015258789,58.31999969482422,57.400001525878906,58.11000061035156,21523
2025-11-24,58.36000061035156,58.529998779296875,57.529998779296875,58.16999816894531,11737
2025-11-25,58.790000915527344,59.279998779296875,58.20000076293945,59.0,19092
2025-11-26,59.369998931884766,59.7400016784668,58.90999984741211,59.7400016784668,9729
2025-11-27,59.709999084472656,59.849998474121094,59.400001525878906,59.52000045776367,10219
2025-11-28,59.20000076293945,59.849998474121094,59.0,59.709999084472656,8519
2025-12-01,59.720001220703125,60.150001525878906,59.540000915527344,59.83000183105469,86229
2025-12-02,59.439998626708984,59.47999954223633,58.81999969482422,59.0099983215332,19140
2025-12-03,59.2400016784668,59.29999923706055,58.470001220703125,58.560001373291016,12418
2025-12-04,59.11000061035156,59.119998931884766,58.599998474121094,58.869998931884766,6497
2025-12-05,59.130001068115234,59.599998474121094,58.56999969482422,58.70000076293945,7459
2025-12-08,58.97999954223633,59.79999923706055,58.70000076293945,58.7599983215332,8976
2025-12-09,58.88999938964844,59.86000061035156,58.58000183105469,59.81999969482422,9086
2025-12-10,59.880001068115234,60.189998626708984,59.560001373291016,60.130001068115234,13817
2025-12-11,60.099998474121094,61.0,59.79999923706055,60.93000030517578,31275
2025-12-12,60.97999954223633,61.709999084472656,60.97999954223633,61.33000183105469,24778
2025-12-15,61.52000045776367,62.619998931884766,61.13999938964844,62.47999954223633,48253
2025-12-16,62.09000015258789,62.18000030517578,61.560001373291016,61.810001373291016,22071
2025-12-17,61.959999084472656,62.11000061035156,61.5,61.779998779296875,17200
2025-12-18,61.630001068115234,62.0,61.20000076293945,62.0,16293
2025-12-19,62.06999969482422,62.79999923706055,62.040000915527344,62.599998474121094,17765
2025-12-22,62.77000045776367,63.29999923706055,62.70000076293945,63.119998931884766,39998
2025-12-23,63.29999923706055,63.400001525878906,62.5,62.619998931884766,20562
2025-12-29,63.0099983215332,63.029998779296875,62.619998931884766,62.939998626708984,36561
2025-12-30,63.40999984741211,63.779998779296875,63.0,63.31999969482422,53519
2026-01-02,63.959999084472656,65.05999755859375,63.790000915527344,64.94000244140625,131588
2026-01-05,65.16999816894531,65.26000213623047,64.5199966430664,64.83999633789062,73294
2026-01-07,65.48999786376953,65.8499984741211,65.0999984741211,65.8499984741211,45062
2026-01-08,65.41999816894531,65.41999816894531,63.869998931884766,64.29000091552734,46563
2026-01-09,64.58000183105469,65.18000030517578,63.79999923706055,65.12000274658203,36669
2026-01-12,65.08000183105469,65.5199966430664,64.7300033569336,65.5199966430664,35430
2026-01-13,65.55999755859375,65.70999908447266,64.80000305175781,65.22000122070312,24981
2026-01-14,65.16999816894531,65.30999755859375,64.1500015258789,64.97000122070312,25962
2026-01-15,65.1500015258789,65.7300033569336,64.97000122070312,65.7300033569336,21825
2026-01-16,65.48999786376953,65.94999694824219,65.01000213623047,65.3499984741211,20960
2026-01-19,64.94000244140625,65.33999633789062,64.55999755859375,64.94999694824219,29794
2026-01-20,64.87000274658203,65.0,63.869998931884766,65.0,23807
2026-01-21,64.98999786376953,65.0999984741211,64.05000305175781,64.86000061035156,12498
2026-01-22,65.56999969482422,66.45999908447266,65.30000305175781,66.43000030517578,28863
2026-01-23,66.26000213623047,66.29000091552734,65.0,65.63999938964844,40077
2026-01-26,65.87999725341797,66.77999877929688,65.62000274658203,66.69999694824219,34976
2026-01-27,66.70999908447266,67.45999908447266,66.51000213623047,66.88999938964844,26059
2026-01-28,67.37000274658203,67.63999938964844,66.75,67.44000244140625,26930
2026-01-29,67.9000015258789,68.73999786376953,67.1500015258789,67.25,49722
2026-01-30,67.25,67.69999694824219,66.47000122070312,66.91999816894531,50276
2026-02-02,65.62999725341797,67.12000274658203,65.31999969482422,67.0,55485
2026-02-03,67.61000061035156,68.4000015258789,67.30000305175781,68.37999725341797,50843
2026-02-04,68.5999984741211,69.1500015258789,68.4000015258789,68.83000183105469,41205
2026-02-05,68.43000030517578,68.6500015258789,66.80000305175781,67.11000061035156,52854
2026-02-06,67.12000274658203,67.4800033569336,66.73999786376953,67.45999908447266,26772
2026-02-09,68.08999633789062,68.36000061035156,67.47000122070312,68.23999786376953,22628
2026-02-10,68.20999908447266,68.4000015258789,67.51000213623047,67.55999755859375,26273
2026-02-11,67.63999938964844,68.22000122070312,67.11000061035156,67.8499984741211,27796
2026-02-12,68.36000061035156,68.4000015258789,67.93000030517578,67.94000244140625,15164
2026-02-13,67.45999908447266,67.63999938964844,66.51000213623047,66.80000305175781,28094
2026-02-16,67.05999755859375,67.0999984741211,66.68000030517578,66.9000015258789,22501
2026-02-17,66.44000244140625,66.56999969482422,65.76000213623047,66.05999755859375,22183
2026-02-18,66.80000305175781,67.19999694824219,66.58999633789062,67.19999694824219,12275
2026-02-19,67.54000091552734,67.75,66.83000183105469,67.5,21337
2026-02-20,67.29000091552734,67.54000091552734,66.7699966430664,67.36000061035156,15209
2026-02-23,67.44999694824219,68.69000244140625,67.36000061035156,68.41999816894531,35075
2026-02-24,68.31999969482422,68.31999969482422,67.44999694824219,68.0,21601
2026-02-25,68.69999694824219,69.30000305175781,68.30000305175781,69.16999816894531,24149
2026-02-26,69.16000366210938,69.3499984741211,68.4000015258789,68.58999633789062,28643
2026-02-27,69.0999984741211,69.0999984741211,68.0999984741211,68.43000030517578,18897
2026-03-02,67.69000244140625,68.27999877929688,67.01000213623047,67.68000030517578,52300
2026-03-03,66.97000122070312,66.9800033569336,64.5,64.56999969482422,79169
2026-03-04,65.31999969482422,66.54000091552734,65.31999969482422,66.43000030517578,44890
2026-03-05,66.12000274658203,67.08000183105469,65.87999725341797,66.13999938964844,24594
2026-03-06,66.58000183105469,66.63999938964844,64.51000213623047,64.91999816894531,26384
2026-03-09,64.0,65.0,63.25,64.81999969482422,47082
2026-03-10,66.33000183105469,66.70999908447266,65.88999938964844,66.20999908447266,29156
2026-03-11,66.30000305175781,66.37000274658203,65.41999816894531,65.94000244140625,14335
2026-03-12,65.94000244140625,65.9800033569336,64.80000305175781,65.44000244140625,17877
2026-03-13,64.94000244140625,65.9000015258789,64.58999633789062,65.18000030517578,23404
2026-03-16,65.22000122070312,65.83999633789062,64.9000015258789,65.54000091552734,12473
2026-03-17,65.69999694824219,67.19999694824219,65.55000305175781,66.97000122070312,18219
2026-03-18,67.33000183105469,67.87999725341797,66.5,66.5199966430664,31930
2026-03-19,65.87999725341797,66.04000091552734,65.05000305175781,65.30000305175781,19596
2026-03-20,65.69000244140625,65.94000244140625,64.37000274658203,64.66000366210938,18223
2026-03-23,63.130001068115234,65.5,62.33000183105469,65.04000091552734,71569
2026-03-24,65.04000091552734,65.19000244140625,64.25,64.51000213623047,15202
2026-03-25,65.43000030517578,66.0,65.22000122070312,65.91999816894531,21840
2026-03-26,65.7300033569336,65.9000015258789,65.30000305175781,65.80999755859375,13290
2026-03-27,65.2300033569336,65.3499984741211,64.33999633789062,65.05000305175781,14628
2026-03-30,64.70999908447266,65.98999786376953,64.45999908447266,65.33000183105469,15200
2026-03-31,65.8499984741211,66.7300033569336,65.70999908447266,66.4800033569336,34851
2026-04-01,67.8499984741211,68.06999969482422,67.41000366210938,67.72000122070312,34935
2026-04-02,66.95999908447266,68.33000183105469,66.66999816894531,68.33000183105469,17977
2026-04-07,68.25,69.52999877929688,67.75,67.98999786376953,39240
2026-04-08,70.33000183105469,70.9000015258789,69.87999725341797,70.26000213623047,60046
2026-04-09,70.08999633789062,70.75,69.94999694824219,70.5999984741211,23249
2026-04-10,70.5999984741211,71.5999984741211,70.37999725341797,71.5,27457
2026-04-13,71.29000091552734,71.5999984741211,71.01000213623047,71.5999984741211,26418
2026-04-14,72.13999938964844,72.69999694824219,71.69999694824219,72.30999755859375,25070
2026-04-15,72.47000122070312,73.5999984741211,72.1500015258789,73.18000030517578,244337
2026-04-16,73.05000305175781,73.19999694824219,72.41999816894531,72.9000015258789,203042
2026-04-17,72.56999969482422,73.95999908447266,72.25,73.7699966430664,42062
2026-04-20,73.22000122070312,73.2300033569336,72.58000183105469,72.94000244140625,36954
2026-04-21,72.94000244140625,73.18000030517578,72.48999786376953,72.48999786376953,41297
2026-04-22,72.44999694824219,72.4800033569336,71.8499984741211,72.08000183105469,21163
2026-04-23,71.88999938964844,71.88999938964844,70.79000091552734,71.27999877929688,22315
2026-04-24,71.16000366210938,71.33000183105469,70.44000244140625,70.9000015258789,30897
2026-04-27,71.0199966430664,71.0199966430664,70.11000061035156,70.4000015258789,24319
2026-04-28,70.62999725341797,71.08999633789062,69.68000030517578,69.69000244140625,22606
2026-04-29,70.13999938964844,70.91999816894531,69.52999877929688,69.75,21830
2026-04-30,70.16999816894531,70.16999816894531,68.94999694824219,69.43000030517578,20966
2026-05-04,70.23999786376953,70.47000122070312,68.94000244140625,69.51000213623047,34029
2026-05-05,69.54000091552734,70.2699966430664,69.36000061035156,70.18000030517578,19677
2026-05-06,71.12000274658203,72.43000030517578,70.87000274658203,72.27999877929688,37127
2026-05-07,72.30000305175781,72.5,71.19999694824219,71.5999984741211,21629
2026-05-08,71.04000091552734,71.05000305175781,70.05000305175781,70.37999725341797,22274
2026-05-11,70.27999877929688,71.7300033569336,70.2300033569336,71.37999725341797,31470
2026-05-12,70.88999938964844,70.88999938964844,70.30000305175781,70.44999694824219,28880
2026-05-13,71.27999877929688,72.01000213623047,70.79000091552734,71.91999816894531,19033
2026-05-14,72.27999877929688,73.4000015258789,71.58999633789062,72.62999725341797,28596
2026-05-15,72.08999633789062,72.29000091552734,70.86000061035156,71.05999755859375,28327
2026-05-18,70.9800033569336,72.44999694824219,70.80000305175781,72.08000183105469,25236
2026-05-19,72.12000274658203,72.30000305175781,71.05999755859375,71.19999694824219,17340
2026-05-20,71.20999908447266,72.45999908447266,70.94000244140625,72.27999877929688,21226
2026-05-21,71.97000122070312,72.33999633789062,71.5,71.94999694824219,14511
2026-05-22,72.58999633789062,73.19000244140625,72.26000213623047,72.81999969482422,24852
2026-05-25,73.87000274658203,74.56999969482422,73.87000274658203,74.47000122070312,38121
2026-05-26,74.37999725341797,74.62999725341797,73.68000030517578,73.70999908447266,23361
2026-05-27,74.25,74.55000305175781,73.5,73.5,21161
2026-05-28,73.51000213623047,73.94000244140625,73.25,73.55999755859375,10281
2026-05-29,74.27999877929688,74.30000305175781,73.7699966430664,73.86000061035156,15624
2026-06-01,73.95999908447266,74.01000213623047,72.73999786376953,72.73999786376953,26487
2026-06-02,73.9800033569336,74.58000183105469,73.05000305175781,73.55000305175781,20780
2026-06-03,73.6500015258789,73.9800033569336,73.30000305175781,73.69999694824219,16306
2026-06-05,73.5,73.54000091552734,72.3499984741211,72.4000015258789,29732
2026-06-08,71.81999969482422,72.81999969482422,71.58000183105469,72.81999969482422,28686
2026-06-09,72.88999938964844,73.70999908447266,72.6500015258789,73.05000305175781,18875
2026-06-10,72.8499984741211,72.94999694824219,71.75,72.27999877929688,20267
2026-06-11,72.80000305175781,73.44000244140625,72.44999694824219,73.27999877929688,16666
2026-06-12,74.33000183105469,75.25,74.13999938964844,74.9000015258789,61449
2026-06-15,76.4000015258789,76.5,74.1500015258789,74.1500015258789,33118
2026-06-16,74.52999877929688,76.0,74.52999877929688,75.5,25870
2026-06-17,75.91000366210938,76.48999786376953,75.5,76.19000244140625,22346
2026-06-18,75.91999816894531,75.91999816894531,74.88999938964844,74.9800033569336,21388
2026-06-19,74.95999908447266,75.20999908447266,74.62000274658203,75.16000366210938,14243
2026-06-22,75.68000030517578,75.77999877929688,74.5,74.77999877929688,22229
2026-06-23,73.76000213623047,74.45999908447266,73.30999755859375,74.45999908447266,32720
2026-06-24,74.43000030517578,74.45999908447266,72.19999694824219,72.72000122070312,23202
2026-06-25,72.93000030517578,73.91000366210938,72.93000030517578,73.51000213623047,18682
2026-06-26,72.98999786376953,73.1500015258789,72.27999877929688,72.98999786376953,16552
2026-06-29,72.5,73.19000244140625,72.4000015258789,72.77999877929688,33728
2026-06-30,73.43000030517578,73.72000122070312,72.30000305175781,73.26000213623047,13411
2026-07-01,72.91000366210938,73.98999786376953,72.66000366210938,73.86000061035156,40528
2026-07-02,73.75,75.19000244140625,73.37999725341797,74.94000244140625,18802
2026-07-03,75.26000213623047,75.36000061035156,74.66000366210938,74.98999786376953,15825
2026-07-06,75.29000091552734,75.68000030517578,74.86000061035156,75.38999938964844,17614
2026-07-07,74.62999725341797,75.48999786376953,74.19999694824219,75.06999969482422,13361
2026-07-08,74.37000274658203,75.0,73.58000183105469,75.0,19387
2026-07-09,75.20999908447266,76.0,75.0199966430664,75.30999755859375,20999
2026-07-10,75.98999786376953,77.0999984741211,75.79000091552734,77.0199966430664,29478
2026-07-13,76.58000183105469,77.38999938964844,76.2300033569336,77.08000183105469,27414
2026-07-14,76.7300033569336,78.0199966430664,76.5,78.0199966430664,16994
2026-07-15,77.7300033569336,78.29000091552734,77.5,77.69999694824219,19350
2026-07-16,77.95999908447266,78.5,77.31999969482422,77.54000091552734,25282
2026-07-17,77.04000091552734,77.29000091552734,76.4000015258789,76.94999694824219,30383
2026-07-20,76.93000030517578,77.94999694824219,76.83999633789062,77.38999938964844,19292
2026-07-21,78.13999938964844,78.62000274658203,77.91999816894531,78.5999984741211,30020
2026-07-22,78.51000213623047,79.44000244140625,78.33000183105469,79.33000183105469,20624
2026-07-23,79.12000274658203,79.43000030517578,77.81999969482422,78.31999969482422,26215
2026-07-24,78.47000122070312,79.0,78.01000213623047,78.26000213623047,17744
2026-07-27,78.83000183105469,78.97000122070312,78.20999908447266,78.41000366210938,26229
2026-07-28,78.81999969482422,79.0,77.88999938964844,78.08000183105469,25397
2026-07-29,78.91000366210938,79.11000061035156,78.52999877929688,78.52999877929688,23045
2026-07-30,78.66000366210938,79.91000366210938,78.5,79.76000213623047,31306
2026-07-31,80.16000366210938,80.3499984741211,79.55000305175781,80.0199966430664,21728
2026-08-03,80.70999908447266,81.0,80.12000274658203,80.55999755859375,40438
2026-08-04,81.11000061035156,82.4000015258789,80.61000061035156,82.33999633789062,35464
2026-08-05,82.66000366210938,82.70999908447266,81.41000366210938,82.08000183105469,37394
2026-08-06,81.98999786376953,83.23999786376953,81.80000305175781,82.93000030517578,34171
2026-08-07,83.08999633789062,83.11000061035156,82.1500015258789,82.4800033569336,38069
2026-08-10,82.4800033569336,82.94000244140625,81.86000061035156,82.86000061035156,33235
2026-08-11,83.13999938964844,84.12000274658203,83.0,83.36000061035156,32221
2026-08-12,83.47000122070312,83.88999938964844,83.12999725341797,83.77999877929688,37787
2026-08-13,83.73999786376953,83.75,82.44999694824219,82.5,35551
2026-08-14,82.83999633789062,83.0999984741211,82.2300033569336,83.0999984741211,21190
2026-08-17,83.26000213623047,83.30999755859375,81.66000366210938,82.19999694824219,26945
2026-08-18,82.05999755859375,82.2699966430664,81.5999984741211,81.5999984741211,21046
2026-08-19,81.88999938964844,83.19999694824219,80.83000183105469,82.88999938964844,35668
2026-08-20,82.80000305175781,82.80999755859375,81.72000122070312,81.95999908447266,25608
2026-08-21,82.79000091552734,83.06999969482422,82.11000061035156,82.31999969482422,14872
2026-08-24,82.11000061035156,82.5199966430664,81.66999816894531,82.51000213623047,23632
2026-08-25,82.69000244140625,82.83999633789062,82.04000091552734,82.58000183105469,17369
2026-08-26,83.0,83.61000061035156,82.72000122070312,83.19999694824219,14417
2026-08-27,83.08999633789062,83.0999984741211,81.5,81.58000183105469,40952
2026-08-28,82.41000366210938,82.5,81.80000305175781,82.27999877929688,16672
2026-08-31,82.44000244140625,83.5999984741211,82.27999877929688,82.95999908447266,23747
2026-09-01,83.2300033569336,83.51000213623047,81.5999984741211,82.47000122070312,28800
2026-09-02,82.37999725341797,83.12999725341797,82.08999633789062,82.80999755859375,20468
2026-09-03,82.45999908447266,83.56999969482422,82.11000061035156,83.12999725341797,26233
2026-09-04,83.43000030517578,84.33999633789062,83.2300033569336,84.26000213623047,26756
2026-09-07,84.45999908447266,85.05000305175781,84.0199966430664,84.75,38691
2026-09-08,84.58000183105469,86.05999755859375,84.26000213623047,85.8499984741211,23154
2026-09-09,85.80999755859375,86.04000091552734,84.58999633789062,85.2300033569336,39558
2026-09-10,85.41999816894531,86.0,84.5999984741211,84.63999938964844,40912
2026-09-11,85.13999938964844,85.5999984741211,84.80999755859375,85.26000213623047,22207
2026-09-14,85.12999725341797,85.62999725341797,84.66000366210938,84.9000015258789,30665
2026-09-15,84.44000244140625,85.04000091552734,83.41999816894531,84.95999908447266,36374
2026-09-16,86.44999694824219,86.44999694824219,84.0,84.63999938964844,23068
2026-09-17,85.13999938964844,85.30000305175781,85.0,85.30000305175781,2774
