date,open,high,low,close,volume
2021-09-17,165.9600067138672,166.27999877929688,164.8000030517578,165.0,507
2021-09-20,163.6199951171875,163.6199951171875,160.75999450683594,161.0,452
2021-09-21,161.0,162.0800018310547,161.0,161.77999877929688,124
2021-09-22,162.0,162.97999572753906,161.32000732421875,162.9199981689453,76
2021-09-23,163.1999969482422,164.83999633789062,163.1999969482422,163.5,172
2021-09-24,163.82000732421875,163.82000732421875,162.66000366210938,162.66000366210938,156
2021-09-27,162.13999938964844,162.13999938964844,160.39999389648438,160.5,355
2021-09-28,162.0,162.75999450683594,162.0,162.4600067138672,132
2021-09-29,163.0,163.0,162.24000549316406,162.24000549316406,377
2021-09-30,163.4199981689453,163.4199981689453,163.0,163.0,12
2021-10-01,160.39999389648438,163.0,160.39999389648438,162.5,281
2021-10-04,162.67999267578125,162.67999267578125,161.97999572753906,162.60000610351562,1734
2021-10-05,162.3000030517578,163.3800048828125,161.3800048828125,163.3800048828125,122
2021-10-06,163.66000366210938,163.66000366210938,161.6199951171875,162.0,160
2021-10-07,163.27999877929688,164.0,163.05999755859375,164.0,33
2021-10-08,164.1999969482422,165.0399932861328,164.16000366210938,165.0,283
2021-10-11,165.0,165.8000030517578,164.67999267578125,165.8000030517578,131
2021-10-12,164.13999938964844,164.17999267578125,162.9600067138672,164.0399932861328,279
2021-10-13,165.0,166.10000610351562,165.0,165.55999755859375,65
2021-10-14,165.5800018310547,166.63999938964844,165.17999267578125,166.0,227
2021-10-15,165.13999938964844,165.25999450683594,163.1999969482422,163.1999969482422,176
2021-10-18,163.83999633789062,164.3000030517578,163.36000061035156,164.27999877929688,78
2021-10-19,164.0,165.4199981689453,164.0,165.39999389648438,129
2021-10-20,165.1199951171875,166.02000427246094,164.8800048828125,165.5,83
2021-10-21,163.8000030517578,164.10000610351562,163.67999267578125,164.10000610351562,262
2021-10-22,164.24000549316406,164.24000549316406,163.89999389648438,163.89999389648438,125
2021-10-25,165.0399932861328,165.0399932861328,164.0,164.0,361
2021-10-26,163.72000122070312,164.47999572753906,163.72000122070312,163.94000244140625,61
2021-10-27,163.52000427246094,163.52000427246094,161.5800018310547,161.5800018310547,132
2021-10-28,162.0,162.0,161.60000610351562,161.8000030517578,80
2021-10-29,161.89999389648438,161.89999389648438,160.6999969482422,161.4600067138672,305
2021-11-02,161.72000122070312,161.72000122070312,159.39999389648438,159.39999389648438,653
2021-11-03,159.10000610351562,160.3800048828125,159.10000610351562,160.0,1597
2021-11-04,160.0,161.5800018310547,159.63999938964844,161.5800018310547,446
2021-11-05,161.97999572753906,162.5,161.0800018310547,161.25999450683594,418
2021-11-08,162.3800048828125,162.3800048828125,160.16000366210938,160.5,653
2021-11-09,160.10000610351562,161.33999633789062,160.0,161.33999633789062,90
2021-11-10,161.1999969482422,161.1999969482422,159.89999389648438,159.89999389648438,145
2021-11-12,160.0,161.74000549316406,160.0,161.74000549316406,17
2021-11-15,161.27999877929688,162.77999877929688,160.89999389648438,160.9199981689453,938
2021-11-16,162.0,162.22000122070312,161.89999389648438,161.89999389648438,202
2021-11-17,162.60000610351562,163.33999633789062,161.44000244140625,161.44000244140625,190
2021-11-18,161.86000061035156,162.3800048828125,160.86000061035156,161.3800048828125,442
2021-11-19,161.8000030517578,162.0,161.3000030517578,161.60000610351562,211
2021-11-22,162.9199981689453,163.5399932861328,161.6999969482422,163.47999572753906,427
2021-11-23,163.44000244140625,164.0,161.5800018310547,164.0,1831
2021-11-24,163.3800048828125,163.3800048828125,160.05999755859375,161.13999938964844,654
2021-11-25,161.0,161.27999877929688,160.10000610351562,160.10000610351562,163
2021-11-26,157.60000610351562,158.89999389648438,156.6999969482422,158.89999389648438,339
2021-11-29,158.55999755859375,158.89999389648438,158.0,158.33999633789062,126
2021-11-30,157.02000427246094,158.74000549316406,156.5,158.74000549316406,219
2021-12-01,159.0,159.52000427246094,158.72000122070312,158.86000061035156,73
2021-12-02,159.4600067138672,159.4600067138672,158.0,158.1199951171875,1304
2021-12-03,158.0,158.0,156.32000732421875,156.5,1035
2021-12-06,157.52000427246094,157.52000427246094,156.39999389648438,157.13999938964844,62
2021-12-07,157.6999969482422,158.52000427246094,157.5,157.5,182
2021-12-08,157.6999969482422,158.94000244140625,157.6999969482422,158.33999633789062,70
2021-12-09,157.4199981689453,157.4199981689453,156.0399932861328,156.6199951171875,78
2021-12-10,157.22000122070312,157.25999450683594,155.72000122070312,156.25999450683594,84
2021-12-13,156.25999450683594,156.3000030517578,156.25999450683594,156.25999450683594,75
2021-12-14,157.4199981689453,157.5399932861328,154.32000732421875,154.32000732421875,1134
2021-12-15,154.83999633789062,155.10000610351562,154.63999938964844,154.86000061035156,302
2021-12-16,155.5399932861328,157.39999389648438,155.5399932861328,157.39999389648438,581
2021-12-17,156.63999938964844,156.63999938964844,154.52000427246094,154.52000427246094,35
2021-12-20,154.32000732421875,155.60000610351562,154.1999969482422,155.5,82
2021-12-21,155.24000549316406,156.02000427246094,155.24000549316406,155.89999389648438,32
2021-12-22,156.72000122070312,157.63999938964844,156.0,156.89999389648438,98
2021-12-23,157.47999572753906,158.0,157.47999572753906,157.83999633789062,112
2021-12-27,158.0,158.0,156.5399932861328,157.39999389648438,405
2021-12-28,157.66000366210938,158.1999969482422,157.33999633789062,157.83999633789062,1087
2021-12-29,157.74000549316406,158.94000244140625,157.66000366210938,158.5399932861328,552
2021-12-30,158.75999450683594,159.39999389648438,158.75999450683594,159.39999389648438,417
2022-01-03,159.97999572753906,162.10000610351562,159.97999572753906,161.89999389648438,1286
2022-01-04,163.0,163.0,161.10000610351562,161.3000030517578,422
2022-01-05,161.6999969482422,162.0,161.3000030517578,161.3000030517578,147
2022-01-07,161.67999267578125,161.67999267578125,160.66000366210938,160.66000366210938,202
2022-01-10,160.5,160.63999938964844,160.0,160.0,1000
2022-01-11,160.63999938964844,160.63999938964844,159.94000244140625,160.39999389648438,133
2022-01-12,161.33999633789062,161.47999572753906,160.0,161.47999572753906,164
2022-01-13,161.44000244140625,161.5800018310547,160.8000030517578,160.8000030517578,571
2022-01-14,160.22000122070312,160.22000122070312,159.1999969482422,159.1999969482422,237
2022-01-17,160.22000122070312,160.22000122070312,159.39999389648438,159.55999755859375,58
2022-01-18,158.60000610351562,159.22000122070312,157.66000366210938,159.22000122070312,76
2022-01-19,157.77999877929688,158.89999389648438,156.89999389648438,158.8000030517578,193
2022-01-20,158.24000549316406,158.24000549316406,156.52000427246094,156.6999969482422,82
2022-01-21,156.10000610351562,156.10000610351562,153.0,153.27999877929688,462
2022-01-24,153.17999267578125,153.17999267578125,145.9600067138672,145.9600067138672,457
2022-01-25,148.86000061035156,148.86000061035156,146.60000610351562,146.60000610351562,306
2022-01-26,147.0800018310547,148.8800048828125,147.0800018310547,148.0399932861328,60
2022-01-27,146.55999755859375,147.1999969482422,146.5,147.1999969482422,119
2022-01-28,147.33999633789062,147.33999633789062,143.16000366210938,143.16000366210938,408
2022-01-31,145.24000549316406,146.16000366210938,145.24000549316406,145.55999755859375,157
2022-02-01,147.4199981689453,147.8800048828125,146.0,146.0,192
2022-02-02,146.74000549316406,147.89999389648438,146.74000549316406,147.89999389648438,110
2022-02-03,147.60000610351562,147.60000610351562,147.5399932861328,147.5399932861328,29
2022-02-04,147.02000427246094,147.1999969482422,144.72000122070312,145.0,806
2022-02-07,146.0800018310547,146.0800018310547,143.9600067138672,143.9600067138672,20
2022-02-08,146.0,146.1999969482422,145.44000244140625,145.44000244140625,41
2022-02-09,146.1999969482422,146.94000244140625,146.16000366210938,146.16000366210938,36
2022-02-10,146.0,146.0,145.0,145.0,195
2022-02-11,143.9600067138672,144.24000549316406,142.5399932861328,144.24000549316406,48
2022-02-14,141.8800048828125,141.8800048828125,138.72000122070312,140.4600067138672,339
2022-02-15,143.44000244140625,143.44000244140625,143.05999755859375,143.05999755859375,88
2022-02-16,143.66000366210938,144.1199951171875,142.83999633789062,142.83999633789062,435
2022-02-17,142.83999633789062,142.97999572753906,141.0,141.0,48
2022-02-18,141.5,142.02000427246094,140.52000427246094,141.0,121
2022-02-21,141.0,141.0,136.63999938964844,138.0,181
2022-02-22,135.32000732421875,139.1199951171875,134.5,139.1199951171875,527
2022-02-23,140.52000427246094,140.52000427246094,139.0,139.0,44
2022-02-24,132.89999389648438,132.89999389648438,123.0,129.0,1348
2022-02-25,131.72000122070312,134.0,129.5,134.0,329
2022-02-28,134.0,135.47999572753906,133.0,135.0,226
2022-03-01,136.5399932861328,136.89999389648438,132.8000030517578,132.8000030517578,257
2022-03-02,132.89999389648438,133.72000122070312,130.8800048828125,133.72000122070312,265
2022-03-03,133.0,133.0399932861328,132.0,132.0,70
2022-03-04,132.0,132.0,130.0,130.10000610351562,176
2022-03-07,128.32000732421875,129.0,126.72000122070312,129.0,164
2022-03-08,129.1999969482422,129.39999389648438,126.4000015258789,126.55999755859375,649
2022-03-09,129.4600067138672,131.0399932861328,129.4600067138672,130.0,254
2022-03-10,132.0,132.0,130.5399932861328,130.66000366210938,228
2022-03-11,132.72000122070312,135.3000030517578,132.72000122070312,135.3000030517578,182
2022-03-14,135.47999572753906,135.47999572753906,133.1999969482422,133.1999969482422,214
2022-03-15,132.1999969482422,134.44000244140625,131.1999969482422,134.44000244140625,513
2022-03-16,134.44000244140625,136.22000122070312,134.44000244140625,136.1199951171875,243
2022-03-17,137.4199981689453,137.86000061035156,136.25999450683594,137.1999969482422,363
2022-03-18,138.82000732421875,138.9600067138672,137.1999969482422,137.1999969482422,140
2022-03-21,138.33999633789062,139.60000610351562,138.33999633789062,138.94000244140625,102
2022-03-22,139.5,139.97999572753906,139.44000244140625,139.44000244140625,166
2022-03-23,140.3000030517578,140.89999389648438,139.97999572753906,140.32000732421875,296
2022-03-24,141.25999450683594,141.4199981689453,140.32000732421875,140.8000030517578,185
2022-03-25,141.67999267578125,142.66000366210938,140.60000610351562,141.5,237
2022-03-28,141.97999572753906,142.1999969482422,140.6999969482422,140.6999969482422,270
2022-03-29,141.10000610351562,141.10000610351562,140.0,140.0,216
2022-03-30,140.10000610351562,141.10000610351562,140.10000610351562,141.10000610351562,27
2022-03-31,141.89999389648438,141.89999389648438,140.27999877929688,140.3800048828125,203
2022-04-01,141.13999938964844,141.13999938964844,140.02000427246094,140.74000549316406,255
2022-04-04,142.16000366210938,142.16000366210938,140.74000549316406,140.75999450683594,71
2022-04-05,142.5800018310547,142.67999267578125,140.6999969482422,141.9199981689453,415
2022-04-06,141.16000366210938,141.16000366210938,139.4600067138672,140.16000366210938,97
2022-04-07,140.0,140.36000061035156,140.0,140.0,29
2022-04-08,139.75999450683594,139.75999450683594,138.0,138.0,72
2022-04-11,138.0800018310547,139.36000061035156,137.82000732421875,139.3000030517578,250
2022-04-12,139.10000610351562,139.10000610351562,138.02000427246094,138.02000427246094,50
2022-04-13,138.1199951171875,138.1199951171875,136.0,136.0,79
2022-04-14,135.60000610351562,136.05999755859375,135.55999755859375,135.55999755859375,85
2022-04-19,136.5,136.5,133.0,133.0,85
2022-04-20,135.4199981689453,135.60000610351562,133.4199981689453,133.4199981689453,31
2022-04-21,133.60000610351562,133.60000610351562,130.55999755859375,131.82000732421875,75
2022-04-22,130.89999389648438,130.89999389648438,128.17999267578125,128.17999267578125,76
2022-04-25,128.52000427246094,128.52000427246094,126.76000213623047,127.9000015258789,62
2022-04-26,127.5999984741211,127.5999984741211,126.0,126.0,344
2022-04-27,125.95999908447266,125.95999908447266,123.77999877929688,124.0,110
2022-04-28,126.54000091552734,126.54000091552734,125.94000244140625,125.94000244140625,98
2022-04-29,125.9800033569336,125.9800033569336,125.26000213623047,125.26000213623047,242
2022-05-04,124.58000183105469,125.0199966430664,124.27999877929688,125.0199966430664,24
2022-05-05,126.4800033569336,126.4800033569336,123.0,123.0,54
2022-05-06,121.72000122070312,121.72000122070312,119.26000213623047,119.26000213623047,180
2022-05-09,120.5,121.44000244140625,118.80000305175781,119.30000305175781,162
2022-05-10,120.0,121.05999755859375,119.4000015258789,120.63999938964844,74
2022-05-11,120.23999786376953,120.5,119.13999938964844,120.4800033569336,42
2022-05-12,118.80000305175781,118.80000305175781,116.41999816894531,118.0,273
2022-05-13,119.12000274658203,119.13999938964844,117.76000213623047,119.04000091552734,131
2022-05-16,120.27999877929688,120.41999816894531,119.19999694824219,119.19999694824219,116
2022-05-17,119.19999694824219,121.16000366210938,119.19999694824219,119.91999816894531,114
2022-05-18,120.76000213623047,120.76000213623047,118.19999694824219,118.19999694824219,503
2022-05-19,117.33999633789062,117.33999633789062,117.0,117.08000183105469,66
2022-05-20,118.0,118.0,118.0,118.0,13
2022-05-23,118.23999786376953,118.23999786376953,118.23999786376953,118.23999786376953,3
2022-05-24,118.0,118.87999725341797,117.9000015258789,117.9000015258789,62
2022-05-25,117.4000015258789,117.4000015258789,116.9800033569336,117.13999938964844,33
2022-05-26,116.4000015258789,117.27999877929688,116.4000015258789,117.27999877929688,51
2022-05-27,117.16000366210938,117.16000366210938,116.4800033569336,116.58000183105469,44
2022-05-30,117.5199966430664,117.91999816894531,117.5,117.5,54
2022-05-31,117.91999816894531,118.0,117.31999969482422,117.31999969482422,173
2022-06-01,119.68000030517578,119.68000030517578,117.9000015258789,119.5999984741211,229
2022-06-02,118.44000244140625,118.9000015258789,117.19999694824219,118.0999984741211,122
2022-06-03,119.08000183105469,119.08000183105469,116.9000015258789,116.9000015258789,270
2022-06-06,117.73999786376953,118.0,117.73999786376953,118.0,66
2022-06-07,117.37999725341797,117.37999725341797,117.13999938964844,117.13999938964844,22
2022-06-08,117.63999938964844,117.63999938964844,114.80000305175781,114.80000305175781,76
2022-06-09,115.36000061035156,115.36000061035156,114.0,114.0,21
2022-06-10,112.80000305175781,112.80000305175781,112.80000305175781,112.80000305175781,5
2022-06-13,110.72000122070312,110.72000122070312,107.76000213623047,109.0,57
2022-06-14,107.9800033569336,107.9800033569336,107.62000274658203,107.62000274658203,773
2022-06-15,107.73999786376953,107.80000305175781,107.0,107.0,14
2022-06-17,107.55999755859375,108.33999633789062,107.0,107.0,41
2022-06-20,107.0,108.33999633789062,107.0,108.04000091552734,53
2022-06-21,109.44000244140625,109.44000244140625,109.44000244140625,109.44000244140625,20
2022-06-22,110.44000244140625,110.44000244140625,109.13999938964844,109.13999938964844,10
2022-06-23,110.30000305175781,111.44000244140625,110.30000305175781,111.44000244140625,50
2022-06-27,113.54000091552734,113.54000091552734,113.54000091552734,113.54000091552734,2
2022-06-29,113.30000305175781,114.62000274658203,113.30000305175781,114.62000274658203,70
2022-06-30,114.62000274658203,114.95999908447266,114.62000274658203,114.95999908447266,23
2022-07-01,114.76000213623047,115.77999877929688,114.22000122070312,115.5999984741211,39
2022-07-04,115.5999984741211,115.5999984741211,115.5999984741211,115.5999984741211,50
2022-07-05,116.33999633789062,116.33999633789062,111.72000122070312,114.0,169
2022-07-06,114.0,114.0,114.0,114.0,60
2022-07-07,115.72000122070312,117.73999786376953,115.72000122070312,117.55999755859375,37
2022-07-08,118.26000213623047,118.63999938964844,117.0,117.41999816894531,143
2022-07-12,117.37999725341797,117.37999725341797,116.0,116.0,106
2022-07-13,115.81999969482422,115.81999969482422,114.30000305175781,114.91999816894531,43
2022-07-14,113.58000183105469,113.58000183105469,113.04000091552734,113.04000091552734,46
2022-07-15,113.0,113.69999694824219,113.0,113.69999694824219,23
2022-07-18,114.0,114.5,113.18000030517578,113.18000030517578,68
2022-07-19,113.18000030517578,113.83999633789062,113.18000030517578,113.5999984741211,41
2022-07-20,114.30000305175781,114.4800033569336,113.9800033569336,114.4800033569336,17
2022-07-21,115.0,115.0,113.45999908447266,113.45999908447266,98
2022-07-22,115.18000030517578,116.4000015258789,115.18000030517578,116.4000015258789,89
2022-07-25,116.19999694824219,116.19999694824219,114.0,114.0,202
2022-07-26,114.16000366210938,114.16000366210938,112.18000030517578,112.18000030517578,33
2022-07-27,113.0,113.0,112.0199966430664,112.19999694824219,23
2022-07-28,113.86000061035156,113.86000061035156,112.45999908447266,112.45999908447266,381
2022-07-29,112.66000366210938,114.19999694824219,112.66000366210938,114.19999694824219,32
2022-08-01,115.0,115.0,114.80000305175781,114.86000061035156,450
2022-08-02,115.26000213623047,116.86000061035156,115.26000213623047,116.86000061035156,957
2022-08-03,116.86000061035156,116.86000061035156,116.86000061035156,116.86000061035156,4
2022-08-04,118.37999725341797,118.5,117.94000244140625,118.5,83
2022-08-05,119.0,119.63999938964844,118.19999694824219,118.19999694824219,179
2022-08-08,119.27999877929688,119.27999877929688,117.27999877929688,118.69999694824219,324
2022-08-09,120.0,120.33999633789062,118.45999908447266,118.80000305175781,112
2022-08-10,118.69999694824219,119.37999725341797,118.16000366210938,119.37999725341797,80
2022-08-11,120.5,121.0,120.19999694824219,121.0,253
2022-08-12,121.4000015258789,121.81999969482422,121.33999633789062,121.33999633789062,184
2022-08-16,122.69999694824219,123.81999969482422,122.55999755859375,123.30000305175781,221
2022-08-17,123.4000015258789,123.4000015258789,121.26000213623047,121.68000030517578,380
2022-08-19,122.22000122070312,122.22000122070312,121.0,121.37999725341797,72
2022-08-22,120.30000305175781,120.30000305175781,117.69999694824219,118.5999984741211,122
2022-08-23,118.26000213623047,118.26000213623047,117.23999786376953,117.73999786376953,188
2022-08-24,116.83999633789062,117.77999877929688,115.5,115.5,113
2022-08-25,116.68000030517578,116.94000244140625,116.68000030517578,116.94000244140625,63
2022-08-26,117.31999969482422,117.58000183105469,116.08000183105469,116.08000183105469,62
2022-08-29,116.0,116.0,113.26000213623047,115.13999938964844,216
2022-08-30,114.0999984741211,115.81999969482422,114.0999984741211,114.5999984741211,11
2022-08-31,114.94000244140625,114.94000244140625,114.23999786376953,114.63999938964844,412
2022-09-01,114.13999938964844,114.13999938964844,112.0999984741211,112.18000030517578,206
2022-09-02,113.76000213623047,113.76000213623047,112.5,113.63999938964844,72
2022-09-05,114.04000091552734,114.04000091552734,113.0999984741211,113.0999984741211,64
2022-09-06,114.4000015258789,114.4000015258789,112.4800033569336,112.63999938964844,41
2022-09-07,112.30000305175781,113.31999969482422,112.0,113.31999969482422,151
2022-09-08,113.16000366210938,113.16000366210938,113.16000366210938,113.16000366210938,4
2022-09-09,115.5,117.30000305175781,115.5,117.27999877929688,98
2022-09-12,117.18000030517578,117.19999694824219,115.5199966430664,117.0,129
2022-09-13,117.86000061035156,117.86000061035156,115.5199966430664,115.5199966430664,147
2022-09-14,114.26000213623047,116.76000213623047,114.26000213623047,116.76000213623047,14
2022-09-15,117.26000213623047,117.81999969482422,116.72000122070312,117.81999969482422,55
2022-09-16,116.5199966430664,116.5199966430664,115.0,115.0,177
2022-09-19,120.16000366210938,120.16000366210938,114.66000366210938,114.66000366210938,20
2022-09-20,115.19999694824219,115.19999694824219,114.62000274658203,114.62000274658203,265
2022-09-21,114.0,114.12000274658203,113.26000213623047,114.12000274658203,52
2022-09-22,114.0,115.95999908447266,114.0,115.95999908447266,55
2022-09-23,115.0,115.0,115.0,115.0,86
2022-09-26,113.62000274658203,114.31999969482422,112.5,112.5,75
2022-09-27,113.13999938964844,114.80000305175781,113.0,114.41999816894531,596
2022-09-28,112.5,113.18000030517578,112.5,113.18000030517578,52
2022-09-29,114.62000274658203,114.62000274658203,111.22000122070312,111.55999755859375,26
2022-09-30,111.77999877929688,111.77999877929688,110.77999877929688,111.4000015258789,60
2022-10-03,112.0,112.0,109.72000122070312,110.0999984741211,50
2022-10-04,115.0,115.77999877929688,115.0,115.22000122070312,143
2022-10-05,117.37999725341797,117.37999725341797,116.5199966430664,116.72000122070312,255
2022-10-06,116.41999816894531,116.58000183105469,115.0,115.69999694824219,160
2022-10-07,115.68000030517578,115.68000030517578,115.0,115.0,415
2022-10-10,115.27999877929688,115.30000305175781,113.83999633789062,115.0999984741211,218
2022-10-11,114.22000122070312,115.19999694824219,113.86000061035156,114.54000091552734,153
2022-10-12,115.54000091552734,115.54000091552734,113.5999984741211,113.5999984741211,347
2022-10-13,114.37999725341797,114.76000213623047,111.9000015258789,112.27999877929688,307
2022-10-14,114.44000244140625,114.44000244140625,113.0999984741211,113.5,129
2022-10-17,114.36000061035156,114.36000061035156,113.77999877929688,113.77999877929688,103
2022-10-18,114.37999725341797,116.0199966430664,114.37999725341797,115.0,139
2022-10-19,115.66000366210938,115.66000366210938,114.22000122070312,114.22000122070312,27
2022-10-20,114.27999877929688,114.37999725341797,113.55999755859375,113.55999755859375,69
2022-10-21,114.87999725341797,114.87999725341797,114.4000015258789,114.4000015258789,17
2022-10-24,114.87999725341797,115.4000015258789,114.87999725341797,115.4000015258789,49
2022-10-25,115.19999694824219,116.0,115.0,115.95999908447266,48
2022-10-26,116.45999908447266,116.5199966430664,115.72000122070312,116.45999908447266,341
2022-10-27,115.19999694824219,116.68000030517578,115.19999694824219,116.68000030517578,42
2022-10-28,116.13999938964844,117.69999694824219,115.69999694824219,117.69999694824219,568
2022-10-31,118.4800033569336,119.0199966430664,118.0,119.0,103
2022-11-02,119.5,120.80000305175781,119.5,120.80000305175781,238
2022-11-03,120.95999908447266,120.95999908447266,118.9000015258789,118.9000015258789,26
2022-11-04,121.13999938964844,122.83999633789062,121.13999938964844,122.83999633789062,87
2022-11-07,123.81999969482422,124.05999755859375,121.83999633789062,121.83999633789062,86
2022-11-08,122.72000122070312,122.94000244140625,121.69999694824219,122.72000122070312,109
2022-11-09,123.72000122070312,123.72000122070312,122.0,122.0,140
2022-11-10,122.66000366210938,123.41999816894531,121.72000122070312,123.22000122070312,54
2022-11-14,124.4000015258789,125.69999694824219,124.0,124.22000122070312,230
2022-11-15,125.55999755859375,125.5999984741211,124.22000122070312,125.5999984741211,231
2022-11-16,124.69999694824219,124.69999694824219,123.05999755859375,124.27999877929688,70
2022-11-17,122.91999816894531,122.91999816894531,120.86000061035156,120.86000061035156,142
2022-11-18,121.62000274658203,124.62000274658203,121.62000274658203,124.0,48
2022-11-21,123.22000122070312,123.22000122070312,120.83999633789062,120.83999633789062,277
2022-11-22,123.18000030517578,124.55999755859375,122.91999816894531,123.69999694824219,28
2022-11-23,123.33999633789062,124.86000061035156,123.33999633789062,124.0,338
2022-11-24,123.0999984741211,125.0,123.0999984741211,124.91999816894531,25
2022-11-25,124.91999816894531,126.37999725341797,124.91999816894531,126.36000061035156,160
2022-11-28,125.4000015258789,126.31999969482422,124.30000305175781,125.37999725341797,100
2022-11-29,125.0,125.0,123.77999877929688,123.83999633789062,42
2022-11-30,125.19999694824219,125.19999694824219,124.58000183105469,124.58000183105469,21
2022-12-01,125.19999694824219,125.5199966430664,123.86000061035156,124.18000030517578,319
2022-12-02,125.5999984741211,125.91999816894531,125.5999984741211,125.91999816894531,56
2022-12-05,126.12000274658203,127.5199966430664,126.12000274658203,127.16000366210938,318
2022-12-06,126.33999633789062,126.33999633789062,125.5999984741211,125.5999984741211,46
2022-12-07,125.5999984741211,125.5999984741211,124.9800033569336,124.9800033569336,102
2022-12-08,125.0,125.0,124.72000122070312,124.72000122070312,13
2022-12-09,124.26000213623047,125.5999984741211,124.26000213623047,125.0,60
2022-12-12,125.0,126.0,125.0,126.0,112
2022-12-13,127.18000030517578,128.36000061035156,126.18000030517578,127.62000274658203,75
2022-12-14,127.5999984741211,128.47999572753906,127.4000015258789,128.47999572753906,26
2022-12-15,126.4800033569336,126.4800033569336,125.0,125.0,102
2022-12-16,124.04000091552734,124.13999938964844,122.80000305175781,123.19999694824219,130
2022-12-19,123.26000213623047,124.45999908447266,122.63999938964844,122.63999938964844,344
2022-12-20,122.95999908447266,122.95999908447266,122.13999938964844,122.13999938964844,32
2022-12-21,122.31999969482422,124.04000091552734,122.31999969482422,123.63999938964844,1100
2022-12-22,123.95999908447266,123.95999908447266,122.36000061035156,122.36000061035156,271
2022-12-23,123.16000366210938,123.5999984741211,123.16000366210938,123.5999984741211,122
2022-12-27,124.18000030517578,124.18000030517578,122.19999694824219,122.19999694824219,395
2022-12-28,122.63999938964844,122.63999938964844,121.13999938964844,121.13999938964844,75
2022-12-29,121.9000015258789,123.45999908447266,121.9000015258789,123.0,95
2022-12-30,124.62000274658203,124.62000274658203,123.69999694824219,123.69999694824219,291
2023-01-02,125.31999969482422,125.31999969482422,124.45999908447266,124.45999908447266,102
2023-01-03,125.69999694824219,125.9000015258789,125.4800033569336,125.86000061035156,670
2023-01-04,126.58000183105469,126.83999633789062,126.0,126.83999633789062,283
2023-01-05,127.80000305175781,129.8000030517578,127.80000305175781,128.72000122070312,314
2023-01-09,130.39999389648438,130.94000244140625,128.72000122070312,130.94000244140625,568
2023-01-10,131.0,132.55999755859375,130.0,132.55999755859375,194
2023-01-11,132.9199981689453,133.16000366210938,131.52000427246094,131.52000427246094,94
2023-01-12,132.60000610351562,132.60000610351562,131.05999755859375,131.05999755859375,67
2023-01-13,131.97999572753906,131.97999572753906,131.0,131.17999267578125,78
2023-01-16,131.97999572753906,132.1999969482422,130.5399932861328,132.1999969482422,461
2023-01-17,131.5,132.1999969482422,131.36000061035156,131.5,131
2023-01-18,132.0,132.0,131.74000549316406,132.0,173
2023-01-19,131.52000427246094,131.52000427246094,129.6999969482422,131.25999450683594,325
2023-01-20,132.1999969482422,132.3800048828125,131.44000244140625,131.44000244140625,56
2023-01-23,132.60000610351562,133.55999755859375,132.1999969482422,133.55999755859375,115
2023-01-24,133.60000610351562,133.60000610351562,132.25999450683594,132.4199981689453,158
2023-01-25,132.1199951171875,132.1199951171875,130.60000610351562,130.82000732421875,48
2023-01-26,130.82000732421875,131.9199981689453,130.82000732421875,131.9199981689453,4
2023-01-27,132.0,132.3000030517578,131.60000610351562,131.60000610351562,22
2023-01-30,131.86000061035156,131.86000061035156,129.5800018310547,130.0,207
2023-01-31,130.0,131.55999755859375,130.0,131.55999755859375,217
2023-02-01,131.0,132.10000610351562,130.60000610351562,130.60000610351562,178
2023-02-02,132.22000122070312,133.0399932861328,131.55999755859375,132.44000244140625,105
2023-02-03,133.32000732421875,134.0,132.39999389648438,132.39999389648438,299
2023-02-06,133.27999877929688,133.27999877929688,130.5,130.55999755859375,169
2023-02-07,131.0,131.55999755859375,131.0,131.5,60
2023-02-08,132.33999633789062,133.6999969482422,132.33999633789062,133.0800018310547,274
2023-02-09,134.44000244140625,135.74000549316406,134.05999755859375,135.74000549316406,276
2023-02-10,135.27999877929688,135.5,132.10000610351562,133.32000732421875,206
2023-02-13,133.5,133.5,130.89999389648438,130.89999389648438,73
2023-02-14,132.0399932861328,133.02000427246094,131.6999969482422,132.72000122070312,167
2023-02-15,133.32000732421875,133.32000732421875,131.82000732421875,131.82000732421875,20
2023-02-16,133.75999450683594,135.05999755859375,133.75999450683594,135.05999755859375,117
2023-02-17,135.27999877929688,135.27999877929688,134.17999267578125,135.10000610351562,28
2023-02-20,135.0,135.13999938964844,135.0,135.13999938964844,89
2023-02-21,135.33999633789062,135.33999633789062,132.94000244140625,132.94000244140625,85
2023-02-22,133.39999389648438,133.39999389648438,132.0,132.6999969482422,105
2023-02-23,132.6199951171875,132.6199951171875,132.6199951171875,132.6199951171875,49
2023-02-24,132.9600067138672,133.5399932861328,132.9600067138672,132.9600067138672,111
2023-02-27,133.1199951171875,133.1199951171875,133.1199951171875,133.1199951171875,11
2023-02-28,133.05999755859375,134.5,133.0,133.5,60
2023-03-01,134.6199951171875,134.82000732421875,134.10000610351562,134.22000122070312,103
2023-03-02,134.0,134.0,132.0399932861328,133.02000427246094,169
2023-03-03,134.10000610351562,136.47999572753906,134.0,136.47999572753906,27
2023-03-06,135.52000427246094,136.6199951171875,135.02000427246094,136.6199951171875,190
2023-03-07,137.02000427246094,137.67999267578125,135.60000610351562,135.60000610351562,404
2023-03-08,136.66000366210938,137.72000122070312,136.66000366210938,137.0,27
2023-03-09,137.8000030517578,137.8000030517578,136.67999267578125,137.3800048828125,79
2023-03-10,136.6199951171875,136.6199951171875,134.25999450683594,134.25999450683594,162
2023-03-13,134.5,134.5,131.44000244140625,133.5399932861328,795
2023-03-14,133.5399932861328,134.0399932861328,133.52000427246094,133.60000610351562,26
2023-03-15,133.6199951171875,134.55999755859375,130.66000366210938,130.66000366210938,122
2023-03-16,132.32000732421875,132.32000732421875,130.4199981689453,131.22000122070312,17
2023-03-17,132.63999938964844,132.83999633789062,131.67999267578125,132.24000549316406,53
2023-03-20,131.1999969482422,131.77999877929688,130.63999938964844,131.77999877929688,44
2023-03-21,131.77999877929688,131.77999877929688,131.0,131.0,48
2023-03-22,129.9199981689453,130.39999389648438,129.89999389648438,129.89999389648438,52
2023-03-23,131.0,131.0,130.13999938964844,130.13999938964844,17
2023-03-24,130.13999938964844,130.13999938964844,128.0800018310547,128.13999938964844,173
2023-03-27,128.1999969482422,129.0,127.72000122070312,128.0800018310547,295
2023-03-28,129.3800048828125,129.3800048828125,129.0,129.0,381
2023-03-29,128.8800048828125,130.33999633789062,128.82000732421875,130.0,19
2023-03-30,130.0,130.1999969482422,130.0,130.1999969482422,39
2023-03-31,131.0,131.0,130.3000030517578,130.3000030517578,90
2023-04-03,130.77999877929688,131.0,130.3000030517578,130.8000030517578,238
2023-04-04,130.82000732421875,130.9199981689453,129.83999633789062,129.83999633789062,48
2023-04-05,130.24000549316406,130.5800018310547,129.52000427246094,129.52000427246094,180
2023-04-06,130.4199981689453,130.4199981689453,128.94000244140625,128.94000244140625,88
2023-04-11,129.66000366210938,129.97999572753906,128.05999755859375,129.0399932861328,154
2023-04-12,129.75999450683594,130.0399932861328,129.0,130.0399932861328,53
2023-04-13,130.3800048828125,130.63999938964844,129.8800048828125,130.63999938964844,202
2023-04-14,131.0,132.3800048828125,130.55999755859375,130.55999755859375,252
2023-04-17,131.25999450683594,133.74000549316406,131.25999450683594,133.74000549316406,461
2023-04-18,133.77999877929688,134.47999572753906,133.24000549316406,133.3800048828125,143
2023-04-19,133.5,133.6199951171875,133.16000366210938,133.1999969482422,76
2023-04-20,133.97999572753906,134.82000732421875,133.6999969482422,133.6999969482422,122
2023-04-21,133.5800018310547,133.5800018310547,132.24000549316406,133.24000549316406,37
2023-04-24,133.0,133.0,131.5399932861328,132.6999969482422,153
2023-04-25,133.27999877929688,133.27999877929688,131.97999572753906,133.25999450683594,123
2023-04-26,132.6999969482422,133.8000030517578,132.6199951171875,133.8000030517578,80
2023-04-27,133.5,134.0800018310547,132.22000122070312,134.0800018310547,284
2023-04-28,134.25999450683594,134.25999450683594,133.89999389648438,133.89999389648438,54
2023-05-02,133.9199981689453,135.0,133.9199981689453,134.8000030517578,235
2023-05-04,135.27999877929688,135.55999755859375,133.94000244140625,133.94000244140625,266
2023-05-05,134.1999969482422,135.39999389648438,134.1999969482422,134.82000732421875,28
2023-05-08,135.0,135.6999969482422,135.0,135.0,24
2023-05-09,135.5,135.63999938964844,135.10000610351562,135.52000427246094,50
2023-05-10,136.1199951171875,137.4600067138672,135.86000061035156,137.4600067138672,52
2023-05-11,136.74000549316406,136.97999572753906,135.89999389648438,136.94000244140625,240
2023-05-12,136.6999969482422,137.4600067138672,136.6999969482422,137.3800048828125,42
2023-05-15,137.4199981689453,137.4199981689453,136.10000610351562,136.10000610351562,168
2023-05-16,137.4600067138672,138.22000122070312,137.3000030517578,138.22000122070312,116
2023-05-17,138.0800018310547,138.0800018310547,136.10000610351562,136.10000610351562,145
2023-05-18,136.22000122070312,137.6199951171875,135.13999938964844,135.13999938964844,353
2023-05-19,136.10000610351562,137.13999938964844,136.10000610351562,136.77999877929688,76
2023-05-22,137.36000061035156,138.4199981689453,137.36000061035156,138.24000549316406,202
2023-05-23,137.10000610351562,138.55999755859375,137.10000610351562,138.52000427246094,224
2023-05-24,135.63999938964844,135.63999938964844,135.22000122070312,135.22000122070312,4
2023-05-25,136.0,136.0,133.05999755859375,133.13999938964844,115
2023-05-26,134.83999633789062,135.02000427246094,134.83999633789062,135.02000427246094,53
2023-05-29,135.75999450683594,136.22000122070312,135.10000610351562,135.10000610351562,109
2023-05-30,135.10000610351562,136.0800018310547,135.10000610351562,135.60000610351562,32
2023-05-31,134.4600067138672,134.8000030517578,132.39999389648438,132.39999389648438,248
2023-06-01,133.6199951171875,133.6199951171875,133.6199951171875,133.6199951171875,2
2023-06-02,134.47999572753906,134.97999572753906,134.3800048828125,134.97999572753906,186
2023-06-05,135.3800048828125,137.6199951171875,135.3800048828125,137.6199951171875,136
2023-06-06,137.67999267578125,138.5800018310547,136.8000030517578,138.5800018310547,79
2023-06-07,138.3000030517578,138.3000030517578,136.1199951171875,138.0,219
2023-06-09,137.82000732421875,137.82000732421875,136.5800018310547,137.0,147
2023-06-12,137.6199951171875,137.6199951171875,137.0,137.32000732421875,231
2023-06-13,138.17999267578125,138.17999267578125,135.25999450683594,135.25999450683594,77
2023-06-14,135.33999633789062,139.52000427246094,135.33999633789062,139.52000427246094,135
2023-06-15,139.52000427246094,141.10000610351562,138.94000244140625,141.10000610351562,145
2023-06-16,141.55999755859375,142.82000732421875,139.74000549316406,139.74000549316406,170
2023-06-19,142.16000366210938,142.9600067138672,139.94000244140625,139.94000244140625,239
2023-06-20,140.33999633789062,140.33999633789062,138.32000732421875,138.32000732421875,159
2023-06-21,138.32000732421875,139.32000732421875,138.0,138.5,30
2023-06-22,138.5,139.0,138.27999877929688,138.72000122070312,88
2023-06-23,138.63999938964844,138.86000061035156,136.89999389648438,136.89999389648438,146
2023-06-26,137.0,137.0,137.0,137.0,45
2023-06-27,136.75999450683594,136.75999450683594,135.10000610351562,135.10000610351562,154
2023-06-28,137.17999267578125,137.17999267578125,135.74000549316406,135.89999389648438,64
2023-06-29,137.6199951171875,138.27999877929688,137.05999755859375,138.27999877929688,537
2023-06-30,138.27999877929688,138.27999877929688,138.27999877929688,138.27999877929688,10
2023-07-03,138.66000366210938,138.75999450683594,137.89999389648438,137.89999389648438,227
2023-07-04,137.5800018310547,138.5,137.39999389648438,137.39999389648438,22
2023-07-05,137.0,137.55999755859375,137.0,137.0,134
2023-07-06,136.47999572753906,137.0,135.83999633789062,135.83999633789062,174
2023-07-07,138.0399932861328,138.36000061035156,137.32000732421875,138.24000549316406,102
2023-07-10,138.33999633789062,138.47999572753906,137.16000366210938,138.39999389648438,463
2023-07-11,138.47999572753906,140.13999938964844,138.47999572753906,139.74000549316406,88
2023-07-12,140.47999572753906,141.32000732421875,140.47999572753906,141.32000732421875,110
2023-07-13,142.10000610351562,142.67999267578125,141.10000610351562,142.22000122070312,136
2023-07-14,142.4199981689453,143.83999633789062,142.4199981689453,143.39999389648438,94
2023-07-17,143.13999938964844,143.25999450683594,142.0,143.0,101
2023-07-18,143.17999267578125,143.17999267578125,142.72000122070312,142.8000030517578,63
2023-07-19,142.8000030517578,143.1199951171875,141.89999389648438,143.1199951171875,141
2023-07-20,142.66000366210938,143.22000122070312,142.0,142.6999969482422,68
2023-07-21,142.1999969482422,142.1999969482422,140.82000732421875,141.72000122070312,136
2023-07-24,142.63999938964844,142.74000549316406,141.5,141.5,15
2023-07-25,141.6999969482422,142.1999969482422,141.0,142.1199951171875,98
2023-07-26,142.63999938964844,142.63999938964844,141.39999389648438,141.77999877929688,20
2023-07-27,141.77999877929688,143.17999267578125,141.77999877929688,143.17999267578125,90
2023-07-28,142.3000030517578,143.60000610351562,142.3000030517578,142.89999389648438,137
2023-07-31,142.89999389648438,143.6199951171875,142.89999389648438,143.6199951171875,98
2023-08-01,143.6199951171875,144.16000366210938,143.0,144.13999938964844,260
2023-08-02,143.4199981689453,143.4199981689453,141.77999877929688,142.5399932861328,84
2023-08-03,142.5399932861328,142.5399932861328,141.0,142.0,175
2023-08-04,142.77999877929688,142.77999877929688,141.0,141.82000732421875,130
2023-08-07,141.77999877929688,141.77999877929688,140.89999389648438,140.89999389648438,190
2023-08-08,140.5,140.77999877929688,138.74000549316406,138.74000549316406,167
2023-08-09,138.9600067138672,140.27999877929688,138.39999389648438,138.39999389648438,246
2023-08-10,139.24000549316406,139.24000549316406,138.0800018310547,139.0,86
2023-08-11,139.0,139.1199951171875,138.0,139.10000610351562,149
2023-08-14,138.0,138.4600067138672,138.0,138.4600067138672,65
2023-08-16,137.97999572753906,137.97999572753906,136.5,136.5,55
2023-08-17,136.0399932861328,136.17999267578125,134.3800048828125,134.3800048828125,1076
2023-08-18,134.47999572753906,137.05999755859375,129.05999755859375,134.3800048828125,90
2023-08-21,136.0,136.5399932861328,136.0,136.5399932861328,27
2023-08-22,136.5399932861328,137.3800048828125,136.5,136.5,61
2023-08-23,136.0,136.0,134.5800018310547,134.60000610351562,63
2023-08-24,137.33999633789062,137.33999633789062,135.8800048828125,135.8800048828125,56
2023-08-25,135.0800018310547,135.1999969482422,135.0,135.0,54
2023-08-28,134.5,134.5,134.3800048828125,134.3800048828125,3
2023-08-29,135.0,135.22000122070312,134.6999969482422,134.97999572753906,43
2023-08-31,135.0,136.0800018310547,135.0,136.0399932861328,77
2023-09-01,136.05999755859375,136.27999877929688,135.24000549316406,136.0,391
2023-09-04,137.0800018310547,138.24000549316406,136.82000732421875,136.82000732421875,41
2023-09-05,137.3800048828125,138.0,136.82000732421875,136.82000732421875,648
2023-09-06,137.0399932861328,137.5399932861328,135.0,137.5399932861328,181
2023-09-07,137.10000610351562,137.10000610351562,135.97999572753906,136.10000610351562,87
2023-09-08,137.22000122070312,137.3800048828125,136.16000366210938,137.0,128
2023-09-11,137.67999267578125,137.67999267578125,136.47999572753906,137.17999267578125,58
2023-09-12,137.60000610351562,137.60000610351562,136.10000610351562,136.10000610351562,155
2023-09-13,136.5,136.66000366210938,136.5,136.66000366210938,17
2023-09-14,137.0,137.0,136.5,136.5,98
2023-09-15,137.24000549316406,137.86000061035156,137.0,137.0,569
2023-09-18,138.63999938964844,138.83999633789062,137.0,137.0,94
2023-09-19,136.0,136.0,134.9199981689453,134.9199981689453,239
2023-09-20,136.0800018310547,137.52000427246094,136.0800018310547,137.22000122070312,78
2023-09-21,137.44000244140625,137.5,135.77999877929688,135.77999877929688,46
2023-09-22,135.1199951171875,135.52000427246094,135.1199951171875,135.52000427246094,62
2023-09-25,136.0,136.5,135.44000244140625,135.44000244140625,43
2023-09-26,134.63999938964844,134.63999938964844,132.36000061035156,132.36000061035156,140
2023-09-27,132.66000366210938,133.0,131.44000244140625,131.44000244140625,397
2023-09-28,131.72000122070312,131.72000122070312,129.5,129.5,88
2023-09-29,130.1199951171875,132.13999938964844,130.1199951171875,130.8800048828125,192
2023-10-02,131.0,131.0,129.05999755859375,129.05999755859375,107
2023-10-03,129.83999633789062,130.0,129.0,129.0,125
2023-10-04,129.0,130.55999755859375,129.0,129.6199951171875,139
2023-10-05,130.27999877929688,130.9199981689453,128.4199981689453,128.4199981689453,52
2023-10-06,128.4199981689453,128.4199981689453,126.86000061035156,127.0,126
2023-10-09,127.0,127.0,126.76000213623047,126.76000213623047,46
2023-10-10,128.60000610351562,129.32000732421875,127.69999694824219,129.32000732421875,102
2023-10-11,129.52000427246094,129.72000122070312,128.27999877929688,128.27999877929688,196
2023-10-12,128.83999633789062,128.94000244140625,126.45999908447266,126.45999908447266,46
2023-10-13,126.91999816894531,127.44000244140625,126.0999984741211,126.73999786376953,142
2023-10-16,127.22000122070312,127.22000122070312,125.19999694824219,126.19999694824219,188
2023-10-17,127.91999816894531,128.24000549316406,127.04000091552734,128.02000427246094,198
2023-10-18,128.63999938964844,129.1999969482422,127.0999984741211,127.0999984741211,278
2023-10-19,127.76000213623047,127.91999816894531,127.76000213623047,127.91999816894531,11
2023-10-20,125.83999633789062,126.0,125.27999877929688,126.0,215
2023-10-23,126.0,126.0,124.5999984741211,125.54000091552734,149
2023-10-24,126.0,126.30000305175781,124.83999633789062,124.83999633789062,39
2023-10-25,127.05999755859375,127.05999755859375,126.73999786376953,126.73999786376953,69
2023-10-26,125.9000015258789,126.62000274658203,125.19999694824219,126.62000274658203,32
2023-10-27,126.63999938964844,126.63999938964844,125.05999755859375,125.05999755859375,100
2023-10-30,125.0,126.18000030517578,124.86000061035156,124.9000015258789,714
2023-10-31,125.16000366210938,126.0,125.16000366210938,125.69999694824219,51
2023-11-02,127.30000305175781,127.4000015258789,126.4000015258789,127.4000015258789,40
2023-11-03,127.13999938964844,128.05999755859375,127.0,128.05999755859375,224
2023-11-06,129.0,129.8800048828125,128.10000610351562,128.10000610351562,536
2023-11-07,128.13999938964844,128.6999969482422,127.30000305175781,127.30000305175781,200
2023-11-08,127.68000030517578,128.16000366210938,127.0,127.0,106
2023-11-09,127.5199966430664,127.5199966430664,126.45999908447266,126.45999908447266,206
2023-11-10,126.0,126.0,124.5999984741211,124.5999984741211,276
2023-11-13,124.5,125.4800033569336,123.80000305175781,123.80000305175781,172
2023-11-14,123.19999694824219,126.22000122070312,123.19999694824219,126.22000122070312,179
2023-11-15,128.10000610351562,128.74000549316406,127.0999984741211,128.24000549316406,159
2023-11-16,128.24000549316406,128.24000549316406,126.73999786376953,127.33999633789062,42
2023-11-17,127.33999633789062,127.33999633789062,126.73999786376953,126.73999786376953,1236
2023-11-20,126.83999633789062,128.0,126.83999633789062,127.69999694824219,404
2023-11-21,128.52000427246094,128.75999450683594,127.9000015258789,128.75999450683594,29
2023-11-22,128.75999450683594,128.75999450683594,128.10000610351562,128.10000610351562,105
2023-11-23,128.75999450683594,128.8000030517578,127.83999633789062,127.83999633789062,85
2023-11-24,128.0,128.0,126.73999786376953,127.80000305175781,96
2023-11-27,127.80000305175781,127.80000305175781,126.19999694824219,126.30000305175781,173
2023-11-28,126.19999694824219,127.5999984741211,126.19999694824219,127.5999984741211,171
2023-11-29,127.9000015258789,128.39999389648438,126.4800033569336,126.4800033569336,171
2023-11-30,126.4800033569336,127.19999694824219,126.4800033569336,127.19999694824219,92
2023-12-01,127.22000122070312,128.0,126.19999694824219,128.0,75
2023-12-04,128.0,128.63999938964844,127.80000305175781,128.6199951171875,191
2023-12-05,128.63999938964844,128.63999938964844,128.16000366210938,128.5,120
2023-12-06,128.5,128.63999938964844,127.44000244140625,127.5,153
2023-12-07,127.0,127.69999694824219,127.0,127.69999694824219,49
2023-12-08,127.69999694824219,128.10000610351562,127.23999786376953,128.10000610351562,383
2023-12-11,128.1999969482422,129.6999969482422,127.80000305175781,127.80000305175781,221
2023-12-12,129.6999969482422,129.6999969482422,128.02000427246094,129.0800018310547,92
2023-12-13,129.3000030517578,129.8800048828125,129.0800018310547,129.17999267578125,73
2023-12-14,129.44000244140625,130.36000061035156,129.44000244140625,129.8800048828125,104
2023-12-15,129.6999969482422,131.0,129.6999969482422,129.89999389648438,250
2023-12-18,130.5,130.5,129.89999389648438,129.9600067138672,210
2023-12-19,129.75999450683594,131.10000610351562,129.75999450683594,130.55999755859375,221
2023-12-20,130.55999755859375,130.55999755859375,129.74000549316406,129.74000549316406,190
2023-12-21,129.94000244140625,129.94000244140625,128.32000732421875,129.1999969482422,352
2023-12-22,128.8800048828125,129.1999969482422,128.8800048828125,129.1999969482422,238
2023-12-27,129.1999969482422,130.63999938964844,129.13999938964844,130.27999877929688,1484
2023-12-28,130.5,130.5,129.1999969482422,130.3000030517578,119
2023-12-29,130.3000030517578,130.6999969482422,128.0,128.0,184
2024-01-02,128.0,128.4600067138672,128.0,128.13999938964844,398
2024-01-03,128.10000610351562,128.24000549316406,127.81999969482422,128.16000366210938,1044
2024-01-04,128.25999450683594,128.3000030517578,127.95999908447266,128.25999450683594,907
2024-01-05,128.36000061035156,128.36000061035156,127.9800033569336,128.33999633789062,1788
2024-01-08,128.25999450683594,128.33999633789062,128.0800018310547,128.1999969482422,620
2024-01-09,128.3000030517578,128.63999938964844,128.1999969482422,128.60000610351562,929
2024-01-10,128.67999267578125,128.67999267578125,128.5800018310547,128.5800018310547,1011
2024-01-11,128.66000366210938,128.67999267578125,128.39999389648438,128.5,736
2024-01-12,128.4600067138672,128.63999938964844,128.4600067138672,128.60000610351562,566
2024-01-15,128.5800018310547,128.89999389648438,128.39999389648438,128.39999389648438,772
2024-01-16,128.4199981689453,128.60000610351562,128.3800048828125,128.44000244140625,1034
2024-01-17,128.5,128.83999633789062,128.5,128.8000030517578,1619
2024-01-18,128.8000030517578,128.9199981689453,128.6199951171875,128.8800048828125,368
2024-01-19,128.89999389648438,128.89999389648438,128.6999969482422,128.86000061035156,621
2024-01-22,128.72000122070312,128.89999389648438,128.66000366210938,128.74000549316406,1154
2024-01-23,128.82000732421875,128.89999389648438,128.74000549316406,128.89999389648438,718
2024-01-24,128.89999389648438,129.10000610351562,128.89999389648438,129.10000610351562,561
2024-01-25,129.0,129.13999938964844,129.0,129.10000610351562,985
2024-01-26,129.0,129.16000366210938,128.89999389648438,129.02000427246094,457
2024-01-29,129.1999969482422,129.55999755859375,129.17999267578125,129.3000030517578,823
2024-01-30,129.33999633789062,129.66000366210938,129.10000610351562,129.1199951171875,989
2024-01-31,129.1999969482422,129.1999969482422,129.10000610351562,129.16000366210938,270
2024-02-01,129.25999450683594,129.44000244140625,129.25999450683594,129.39999389648438,761
2024-02-02,129.44000244140625,129.5,129.16000366210938,129.39999389648438,1726
2024-02-05,129.52000427246094,129.52000427246094,129.25999450683594,129.3000030517578,1718
2024-02-06,129.44000244140625,129.60000610351562,129.3000030517578,129.47999572753906,173
2024-02-07,129.60000610351562,129.60000610351562,129.5,129.52000427246094,408
2024-02-08,129.5,129.8000030517578,129.4600067138672,129.72000122070312,910
2024-02-09,129.72000122070312,129.8000030517578,129.6199951171875,129.6199951171875,898
2024-02-12,129.6999969482422,129.77999877929688,129.63999938964844,129.66000366210938,1345
2024-02-13,129.75999450683594,129.82000732421875,129.60000610351562,129.82000732421875,173
2024-02-14,129.82000732421875,129.8800048828125,129.6199951171875,129.6199951171875,1231
2024-02-15,129.72000122070312,129.9600067138672,129.66000366210938,129.9600067138672,219
2024-02-16,129.9600067138672,130.0,129.83999633789062,129.86000061035156,618
2024-02-19,129.86000061035156,129.97999572753906,129.86000061035156,129.9199981689453,389
2024-02-20,129.9199981689453,130.0399932861328,129.86000061035156,129.89999389648438,664
2024-02-21,129.89999389648438,130.0800018310547,129.8800048828125,129.89999389648438,355
2024-02-22,130.10000610351562,130.13999938964844,129.86000061035156,130.13999938964844,1165
2024-02-23,130.13999938964844,130.24000549316406,129.97999572753906,130.1199951171875,241
2024-02-26,130.0800018310547,130.36000061035156,130.0399932861328,130.22000122070312,1307
2024-02-27,130.1999969482422,130.33999633789062,130.13999938964844,130.1999969482422,629
2024-02-28,130.32000732421875,130.3800048828125,130.1999969482422,130.25999450683594,1802
2024-02-29,130.1999969482422,130.47999572753906,130.1999969482422,130.32000732421875,919
2024-03-01,130.39999389648438,130.4600067138672,130.32000732421875,130.33999633789062,865
2024-03-04,130.36000061035156,130.5800018310547,130.36000061035156,130.47999572753906,4993
2024-03-05,130.5800018310547,130.60000610351562,130.47999572753906,130.5,460
2024-03-06,130.77999877929688,130.77999877929688,130.44000244140625,130.52000427246094,3392
2024-03-07,130.63999938964844,130.63999938964844,130.4199981689453,130.4199981689453,593
2024-03-08,130.60000610351562,130.82000732421875,130.60000610351562,130.60000610351562,1614
2024-03-11,130.6999969482422,130.72000122070312,130.39999389648438,130.47999572753906,4555
2024-03-12,130.47999572753906,130.66000366210938,130.3000030517578,130.6199951171875,708
2024-03-13,130.5399932861328,130.67999267578125,130.52000427246094,130.52000427246094,599
2024-03-14,130.52000427246094,131.0,130.52000427246094,130.60000610351562,325
2024-03-15,130.5399932861328,130.63999938964844,130.33999633789062,130.33999633789062,674
2024-03-18,130.33999633789062,130.63999938964844,130.27999877929688,130.44000244140625,915
2024-03-19,130.60000610351562,130.6199951171875,130.3000030517578,130.5800018310547,727
2024-03-20,130.6199951171875,130.6199951171875,130.25999450683594,130.6199951171875,867
2024-03-21,130.6199951171875,130.82000732421875,130.5,130.6999969482422,702
2024-03-22,130.60000610351562,130.82000732421875,130.52000427246094,130.77999877929688,1438
2024-03-25,130.8000030517578,130.89999389648438,130.5399932861328,130.86000061035156,884
2024-03-26,130.86000061035156,130.86000061035156,130.60000610351562,130.63999938964844,197
2024-03-27,130.8000030517578,130.97999572753906,130.6199951171875,130.89999389648438,237
2024-03-28,131.13999938964844,131.13999938964844,130.94000244140625,130.9600067138672,884
2024-04-02,130.9600067138672,131.13999938964844,130.72000122070312,131.0,556
2024-04-03,131.0,131.25999450683594,130.8800048828125,131.25999450683594,622
2024-04-04,131.25999450683594,131.3000030517578,131.1999969482422,131.1999969482422,477
2024-04-05,131.3000030517578,131.32000732421875,131.10000610351562,131.10000610351562,4293
2024-04-08,131.10000610351562,131.17999267578125,131.02000427246094,131.1199951171875,1292
2024-04-09,131.1199951171875,131.1999969482422,130.9199981689453,131.05999755859375,1589
2024-04-10,131.10000610351562,131.33999633789062,130.82000732421875,131.10000610351562,1024
2024-04-11,131.10000610351562,131.27999877929688,131.0,131.1999969482422,883
2024-04-12,131.24000549316406,131.3000030517578,130.9199981689453,131.10000610351562,2713
2024-04-15,131.22000122070312,131.27999877929688,131.1999969482422,131.1999969482422,1190
2024-04-16,131.3800048828125,131.3800048828125,130.77999877929688,131.16000366210938,270
2024-04-17,131.1999969482422,131.24000549316406,131.1999969482422,131.1999969482422,404
2024-04-18,131.24000549316406,131.24000549316406,131.10000610351562,131.24000549316406,967
2024-04-19,131.24000549316406,131.25999450683594,131.1999969482422,131.1999969482422,829
2024-04-22,131.17999267578125,131.25999450683594,131.16000366210938,131.22000122070312,1527
2024-04-23,131.1999969482422,131.24000549316406,131.13999938964844,131.24000549316406,665
2024-04-24,131.24000549316406,131.25999450683594,131.16000366210938,131.24000549316406,1911
2024-04-25,131.24000549316406,131.32000732421875,131.1999969482422,131.32000732421875,593
2024-04-26,131.39999389648438,131.5399932861328,131.25999450683594,131.36000061035156,579
2024-04-29,131.3800048828125,131.4600067138672,131.36000061035156,131.39999389648438,1203
2024-04-30,131.39999389648438,131.63999938964844,131.39999389648438,131.44000244140625,1184
2024-05-02,131.44000244140625,131.5800018310547,131.39999389648438,131.5,247
2024-05-06,131.6199951171875,131.72000122070312,131.5,131.60000610351562,3597
2024-05-07,131.6999969482422,131.75999450683594,131.60000610351562,131.6199951171875,1114
2024-05-08,131.75999450683594,131.8000030517578,131.55999755859375,131.60000610351562,1983
2024-05-09,131.60000610351562,131.77999877929688,131.60000610351562,131.60000610351562,867
2024-05-10,131.8000030517578,131.8000030517578,131.55999755859375,131.55999755859375,847
2024-05-13,131.74000549316406,131.74000549316406,131.47999572753906,131.60000610351562,708
2024-05-14,131.74000549316406,131.74000549316406,131.60000610351562,131.60000610351562,770
2024-05-15,131.60000610351562,131.82000732421875,131.47999572753906,131.6999969482422,1274
2024-05-16,131.60000610351562,131.89999389648438,131.5399932861328,131.60000610351562,1541
2024-05-17,131.8000030517578,131.82000732421875,131.6999969482422,131.6999969482422,810
2024-05-20,131.60000610351562,131.74000549316406,131.5,131.72000122070312,1267
2024-05-21,129.72000122070312,131.72000122070312,129.72000122070312,131.60000610351562,6708
2024-05-22,131.72000122070312,131.72000122070312,131.5,131.63999938964844,242
2024-05-23,131.63999938964844,131.63999938964844,131.5,131.6199951171875,2241
2024-05-24,131.6199951171875,131.63999938964844,131.4199981689453,131.5,329
2024-05-27,131.60000610351562,131.63999938964844,131.5,131.60000610351562,419
2024-05-28,131.5,131.74000549316406,131.5,131.72000122070312,815
2024-05-29,131.74000549316406,131.8000030517578,131.60000610351562,131.8000030517578,635
2024-05-31,131.8000030517578,131.8800048828125,131.6199951171875,131.77999877929688,367
2024-06-03,131.77999877929688,131.89999389648438,131.60000610351562,131.89999389648438,5255
2024-06-04,132.0,132.10000610351562,131.89999389648438,131.97999572753906,678
2024-06-05,132.0399932861328,132.16000366210938,131.97999572753906,132.0,386
2024-06-06,132.25999450683594,132.27999877929688,132.0399932861328,132.10000610351562,1243
2024-06-07,132.1199951171875,132.27999877929688,131.86000061035156,131.86000061035156,3077
2024-06-10,132.16000366210938,132.16000366210938,131.83999633789062,132.13999938964844,8069
2024-06-11,132.16000366210938,132.22000122070312,132.0,132.10000610351562,546
2024-06-12,132.10000610351562,132.1999969482422,131.89999389648438,132.1199951171875,851
2024-06-13,132.1999969482422,132.32000732421875,131.9600067138672,132.27999877929688,576
2024-06-14,132.27999877929688,132.5,132.05999755859375,132.5,870
2024-06-17,132.25999450683594,132.32000732421875,132.02000427246094,132.0800018310547,446
2024-06-18,132.22000122070312,132.25999450683594,132.10000610351562,132.13999938964844,512
2024-06-19,132.25999450683594,132.36000061035156,131.97999572753906,132.36000061035156,1062
2024-06-20,132.02000427246094,132.3800048828125,132.02000427246094,132.13999938964844,252
2024-06-21,132.27999877929688,132.27999877929688,132.17999267578125,132.17999267578125,95
2024-06-24,132.25999450683594,132.3000030517578,132.1999969482422,132.25999450683594,263
2024-06-25,132.3000030517578,132.33999633789062,132.24000549316406,132.24000549316406,1063
2024-06-26,132.24000549316406,132.39999389648438,132.1999969482422,132.3000030517578,1355
2024-06-27,132.4199981689453,132.4600067138672,132.1999969482422,132.3000030517578,629
2024-06-28,132.3000030517578,132.39999389648438,132.1999969482422,132.24000549316406,1010
2024-07-01,132.27999877929688,132.44000244140625,132.1999969482422,132.24000549316406,531
2024-07-02,132.24000549316406,132.4600067138672,132.17999267578125,132.39999389648438,1350
2024-07-03,132.39999389648438,132.67999267578125,132.27999877929688,132.5,2103
2024-07-04,132.6999969482422,132.6999969482422,132.5,132.60000610351562,535
2024-07-05,132.72000122070312,132.8000030517578,132.5399932861328,132.66000366210938,968
2024-07-08,132.82000732421875,132.82000732421875,132.55999755859375,132.55999755859375,1275
2024-07-09,132.77999877929688,132.8800048828125,132.5,132.55999755859375,1948
2024-07-10,132.86000061035156,132.9199981689453,132.63999938964844,132.8000030517578,527
2024-07-11,132.9600067138672,133.0,132.8000030517578,132.82000732421875,2227
2024-07-12,132.82000732421875,133.0399932861328,132.8000030517578,132.83999633789062,280
2024-07-15,133.0,133.0,132.83999633789062,132.89999389648438,157
2024-07-16,132.89999389648438,133.10000610351562,132.75999450683594,132.94000244140625,1352
2024-07-17,133.0,133.1199951171875,132.77999877929688,132.83999633789062,1058
2024-07-18,133.0,133.0399932861328,132.83999633789062,132.86000061035156,825
2024-07-19,133.0,133.0,132.82000732421875,132.9199981689453,303
2024-07-22,133.0800018310547,133.0800018310547,132.8000030517578,132.89999389648438,1926
2024-07-23,133.0,133.0,132.83999633789062,132.9199981689453,263
2024-07-24,132.97999572753906,133.1999969482422,132.8800048828125,133.0399932861328,2458
2024-07-25,133.24000549316406,133.24000549316406,132.83999633789062,132.97999572753906,292
2024-07-26,133.17999267578125,133.22000122070312,132.9600067138672,133.1999969482422,215
2024-07-29,133.0,133.22000122070312,132.89999389648438,133.02000427246094,1084
2024-07-30,133.24000549316406,133.25999450683594,133.0,133.02000427246094,196
2024-07-31,133.17999267578125,133.17999267578125,133.0399932861328,133.17999267578125,150
2024-08-01,133.27999877929688,133.39999389648438,133.1999969482422,133.22000122070312,732
2024-08-02,133.22000122070312,133.4199981689453,133.22000122070312,133.25999450683594,1081
2024-08-05,133.25999450683594,133.4199981689453,133.0399932861328,133.22000122070312,1452
2024-08-06,133.0800018310547,133.36000061035156,133.0800018310547,133.36000061035156,1114
2024-08-07,133.33999633789062,133.5,133.22000122070312,133.3000030517578,4670
2024-08-08,133.3800048828125,133.5,133.1999969482422,133.36000061035156,653
2024-08-09,133.39999389648438,133.52000427246094,133.32000732421875,133.32000732421875,320
2024-08-12,133.32000732421875,133.39999389648438,133.17999267578125,133.39999389648438,2068
2024-08-13,133.47999572753906,133.5800018310547,133.25999450683594,133.36000061035156,804
2024-08-14,133.60000610351562,133.66000366210938,133.4600067138672,133.4600067138672,346
2024-08-16,133.39999389648438,133.67999267578125,133.36000061035156,133.5,909
2024-08-19,133.4199981689453,133.55999755859375,133.27999877929688,133.5,360
2024-08-20,133.33999633789062,133.55999755859375,133.33999633789062,133.55999755859375,515
2024-08-21,133.55999755859375,133.60000610351562,133.4600067138672,133.60000610351562,401
2024-08-22,133.5,133.6999969482422,133.5,133.6999969482422,882
2024-08-23,133.6999969482422,133.72000122070312,133.5800018310547,133.72000122070312,780
2024-08-26,133.72000122070312,133.75999450683594,133.5800018310547,133.6999969482422,684
2024-08-27,133.66000366210938,134.0,133.63999938964844,133.83999633789062,547
2024-08-28,133.9199981689453,134.0,133.72000122070312,133.86000061035156,484
2024-08-29,133.97999572753906,133.97999572753906,133.60000610351562,133.77999877929688,3322
2024-08-30,133.77999877929688,133.77999877929688,133.5399932861328,133.66000366210938,1539
2024-09-02,133.83999633789062,133.97999572753906,133.66000366210938,133.8800048828125,620
2024-09-03,133.83999633789062,133.97999572753906,133.60000610351562,133.8000030517578,2305
2024-09-04,133.8800048828125,134.02000427246094,133.83999633789062,133.8800048828125,1189
2024-09-05,133.8800048828125,134.02000427246094,133.8000030517578,133.8800048828125,1585
2024-09-06,134.0,134.0800018310547,133.8000030517578,133.8000030517578,2858
2024-09-09,133.8000030517578,134.0399932861328,133.8000030517578,133.86000061035156,723
2024-09-10,134.05999755859375,134.10000610351562,133.97999572753906,134.0,2057
2024-09-11,134.10000610351562,134.1199951171875,133.9600067138672,133.9600067138672,1257
2024-09-12,134.05999755859375,134.05999755859375,133.9199981689453,133.9199981689453,4665
2024-09-13,134.0800018310547,134.0800018310547,133.89999389648438,133.9600067138672,3321
2024-09-16,133.9600067138672,134.0399932861328,133.89999389648438,133.89999389648438,4532
2024-09-17,133.8000030517578,134.0399932861328,133.8000030517578,133.89999389648438,361
2024-09-18,133.89999389648438,134.02000427246094,133.89999389648438,133.89999389648438,187
2024-09-19,133.89999389648438,134.05999755859375,133.89999389648438,134.0,212
2024-09-20,134.0800018310547,134.10000610351562,133.8000030517578,133.8000030517578,804
2024-09-23,134.10000610351562,134.10000610351562,133.8000030517578,133.9600067138672,385
2024-09-24,133.94000244140625,134.1199951171875,133.89999389648438,133.9600067138672,251
2024-09-25,133.9600067138672,134.0800018310547,133.83999633789062,134.0,1461
2024-09-26,134.0399932861328,134.24000549316406,133.83999633789062,133.94000244140625,3828
2024-09-27,133.9600067138672,134.24000549316406,133.9600067138672,134.0,1896
2024-09-30,134.0,134.17999267578125,133.8800048828125,133.8800048828125,2188
2024-10-01,133.89999389648438,134.10000610351562,133.89999389648438,134.02000427246094,500
2024-10-02,134.02000427246094,134.10000610351562,133.86000061035156,134.0,1671
2024-10-03,134.0,134.3800048828125,133.97999572753906,134.10000610351562,3031
2024-10-04,134.25999450683594,134.27999877929688,134.10000610351562,134.17999267578125,440
2024-10-07,134.1199951171875,134.3800048828125,134.0,134.24000549316406,2377
2024-10-08,134.3000030517578,134.4600067138672,134.16000366210938,134.17999267578125,1441
2024-10-09,134.39999389648438,134.4600067138672,134.1999969482422,134.3800048828125,1793
2024-10-10,134.3800048828125,134.3800048828125,134.1999969482422,134.3000030517578,335
2024-10-11,134.47999572753906,134.47999572753906,134.13999938964844,134.13999938964844,647
2024-10-14,134.5,134.5,134.13999938964844,134.25999450683594,861
2024-10-15,134.25999450683594,134.5,134.22000122070312,134.5,1491
2024-10-16,134.39999389648438,134.66000366210938,134.3000030517578,134.4600067138672,2840
2024-10-17,134.6199951171875,134.6199951171875,134.39999389648438,134.4600067138672,1667
2024-10-18,134.39999389648438,134.6199951171875,134.39999389648438,134.52000427246094,890
2024-10-21,134.60000610351562,134.60000610351562,134.47999572753906,134.5,1677
2024-10-22,134.5,134.63999938964844,134.47999572753906,134.47999572753906,2307
2024-10-23,134.66000366210938,134.66000366210938,134.5,134.5,1519
2024-10-24,134.5,134.6999969482422,134.5,134.5,451
2024-10-25,134.6999969482422,134.6999969482422,134.5,134.5,312
2024-10-28,134.63999938964844,134.63999938964844,134.60000610351562,134.6199951171875,1369
2024-10-29,134.5,134.63999938964844,134.5,134.5,730
2024-10-30,134.39999389648438,134.75999450683594,134.39999389648438,134.5,2976
2024-10-31,134.72000122070312,134.72000122070312,134.5,134.5,2156
2024-11-04,134.5800018310547,134.6199951171875,134.5,134.5,1113
2024-11-05,134.5,134.6999969482422,134.5,134.6199951171875,1334
2024-11-06,134.66000366210938,135.25999450683594,134.55999755859375,134.55999755859375,2189
2024-11-07,134.77999877929688,134.8000030517578,134.60000610351562,134.60000610351562,1961
2024-11-08,134.8000030517578,134.8000030517578,134.52000427246094,134.60000610351562,1608
2024-11-12,134.75999450683594,134.77999877929688,134.60000610351562,134.60000610351562,1500
2024-11-13,134.60000610351562,134.86000061035156,134.4600067138672,134.86000061035156,1895
2024-11-14,134.89999389648438,134.89999389648438,134.6199951171875,134.72000122070312,969
2024-11-15,134.86000061035156,134.86000061035156,134.5,134.67999267578125,1774
2024-11-18,134.8000030517578,134.82000732421875,134.52000427246094,134.52000427246094,1174
2024-11-19,134.8000030517578,134.83999633789062,134.44000244140625,134.44000244140625,806
2024-11-20,134.44000244140625,134.77999877929688,134.44000244140625,134.60000610351562,2216
2024-11-21,134.60000610351562,134.8000030517578,134.5399932861328,134.75999450683594,297
2024-11-22,134.75999450683594,134.97999572753906,134.6199951171875,134.8000030517578,2184
2024-11-25,134.8000030517578,134.89999389648438,134.63999938964844,134.8000030517578,2146
2024-11-26,134.8000030517578,134.97999572753906,134.66000366210938,134.97999572753906,953
2024-11-27,134.97999572753906,135.02000427246094,134.82000732421875,135.02000427246094,299
2024-11-28,134.82000732421875,135.16000366210938,134.82000732421875,135.02000427246094,582
2024-11-29,135.02000427246094,135.17999267578125,134.83999633789062,135.17999267578125,443
2024-12-02,134.77999877929688,135.1199951171875,134.77999877929688,134.94000244140625,1847
2024-12-03,134.94000244140625,135.13999938964844,134.89999389648438,135.0800018310547,1173
2024-12-04,135.02000427246094,135.17999267578125,134.89999389648438,135.0399932861328,2889
2024-12-05,135.0399932861328,135.22000122070312,135.0399932861328,135.0399932861328,2263
2024-12-06,135.0399932861328,135.10000610351562,134.8800048828125,135.0,3632
2024-12-09,135.10000610351562,135.13999938964844,134.89999389648438,135.13999938964844,1490
2024-12-10,135.13999938964844,135.39999389648438,135.02000427246094,135.24000549316406,7835
2024-12-11,135.3000030517578,135.44000244140625,135.13999938964844,135.3000030517578,1362
2024-12-12,135.39999389648438,135.4600067138672,135.24000549316406,135.27999877929688,2189
2024-12-13,135.39999389648438,135.44000244140625,135.27999877929688,135.27999877929688,3450
2024-12-16,135.22000122070312,135.44000244140625,135.13999938964844,135.3000030517578,1414
2024-12-17,135.4600067138672,135.5,135.24000549316406,135.32000732421875,2730
2024-12-18,135.47999572753906,135.5,135.1999969482422,135.24000549316406,5317
2024-12-19,135.4600067138672,135.55999755859375,135.25999450683594,135.36000061035156,2515
2024-12-20,135.55999755859375,135.55999755859375,135.1999969482422,135.32000732421875,5878
2024-12-23,135.6199951171875,135.6199951171875,135.24000549316406,135.24000549316406,4015
2024-12-27,135.77999877929688,136.3000030517578,135.36000061035156,135.3800048828125,6310
2024-12-30,135.60000610351562,135.67999267578125,135.3800048828125,135.60000610351562,4306
2025-01-02,135.8000030517578,135.83999633789062,135.6199951171875,135.66000366210938,4970
2025-01-03,135.82000732421875,135.89999389648438,135.67999267578125,135.77999877929688,4801
2025-01-07,135.8000030517578,135.8800048828125,135.77999877929688,135.8000030517578,5353
2025-01-08,135.86000061035156,135.89999389648438,135.63999938964844,135.77999877929688,12769
2025-01-09,135.8800048828125,136.0399932861328,135.6999969482422,135.82000732421875,3162
2025-01-10,135.82000732421875,136.05999755859375,135.66000366210938,135.74000549316406,3584
2025-01-13,135.74000549316406,135.94000244140625,135.66000366210938,135.82000732421875,5080
2025-01-14,135.89999389648438,135.94000244140625,135.6999969482422,135.8800048828125,2302
2025-01-15,135.89999389648438,136.05999755859375,135.72000122070312,135.89999389648438,2746
2025-01-16,136.02000427246094,136.02000427246094,135.86000061035156,135.89999389648438,2232
2025-01-17,136.0,136.0399932861328,135.89999389648438,135.89999389648438,2213
2025-01-20,135.94000244140625,136.33999633789062,135.89999389648438,136.33999633789062,3115
2025-01-21,136.02000427246094,136.1999969482422,136.0,136.05999755859375,1600
2025-01-22,136.10000610351562,136.1999969482422,136.0,136.0399932861328,1421
2025-01-23,136.17999267578125,136.17999267578125,135.9199981689453,135.97999572753906,2842
2025-01-24,135.97999572753906,136.10000610351562,135.89999389648438,136.0,2074
2025-01-27,136.1999969482422,136.1999969482422,135.89999389648438,135.89999389648438,1774
2025-01-28,135.89999389648438,136.1199951171875,135.89999389648438,136.0,1971
2025-01-29,136.0800018310547,136.0800018310547,135.9199981689453,136.05999755859375,1301
2025-01-30,135.94000244140625,136.1999969482422,135.94000244140625,136.0,1714
2025-01-31,136.0,136.24000549316406,135.94000244140625,136.02000427246094,1924
2025-02-03,136.24000549316406,136.32000732421875,136.0,136.17999267578125,2098
2025-02-04,136.25999450683594,136.36000061035156,136.17999267578125,136.3000030517578,1523
2025-02-05,136.3000030517578,136.3800048828125,136.1999969482422,136.1999969482422,1060
2025-02-06,136.39999389648438,136.4600067138672,136.22000122070312,136.27999877929688,1859
2025-02-07,136.3000030517578,136.44000244140625,136.24000549316406,136.36000061035156,3127
2025-02-10,136.3800048828125,136.39999389648438,136.32000732421875,136.32000732421875,3400
2025-02-11,136.36000061035156,136.4199981689453,136.32000732421875,136.32000732421875,1711
2025-02-12,136.36000061035156,136.44000244140625,136.3000030517578,136.44000244140625,781
2025-02-13,136.4600067138672,136.55999755859375,136.4199981689453,136.5399932861328,2224
2025-02-14,136.5,136.5399932861328,136.4199981689453,136.5,3435
2025-02-17,136.5,136.55999755859375,136.4199981689453,136.52000427246094,2154
2025-02-18,136.55999755859375,136.6199951171875,136.4600067138672,136.5399932861328,1432
2025-02-19,136.60000610351562,136.63999938964844,136.55999755859375,136.5800018310547,3144
2025-02-20,136.67999267578125,136.67999267578125,136.6199951171875,136.63999938964844,1801
2025-02-21,136.6999969482422,136.6999969482422,136.60000610351562,136.60000610351562,11298
2025-02-24,136.66000366210938,136.72000122070312,136.60000610351562,136.63999938964844,2485
2025-02-25,136.63999938964844,136.77999877929688,136.63999938964844,136.6999969482422,1022
2025-02-26,136.6999969482422,136.82000732421875,136.67999267578125,136.75999450683594,1595
2025-02-27,136.8800048828125,136.9199981689453,136.75999450683594,136.82000732421875,2639
2025-02-28,136.8800048828125,136.8800048828125,136.77999877929688,136.8000030517578,9294
2025-03-03,136.86000061035156,136.8800048828125,136.82000732421875,136.82000732421875,9005
2025-03-04,136.82000732421875,136.9199981689453,136.8000030517578,136.83999633789062,8687
2025-03-05,136.83999633789062,136.9199981689453,136.83999633789062,136.83999633789062,2932
2025-03-06,136.83999633789062,136.9600067138672,136.83999633789062,136.89999389648438,8184
2025-03-07,136.9600067138672,137.05999755859375,136.8800048828125,136.8800048828125,6019
2025-03-10,136.89999389648438,136.94000244140625,136.6999969482422,136.8800048828125,3413
2025-03-11,136.8800048828125,136.8800048828125,136.55999755859375,136.8000030517578,22747
2025-03-12,136.8000030517578,136.9199981689453,136.6999969482422,136.8800048828125,2962
2025-03-13,136.89999389648438,137.10000610351562,136.75999450683594,136.9199981689453,2322
2025-03-14,137.0800018310547,137.1199951171875,136.9199981689453,137.1199951171875,2360
2025-03-17,137.10000610351562,137.1199951171875,136.82000732421875,137.05999755859375,1407
2025-03-18,137.05999755859375,137.17999267578125,136.8000030517578,137.0,2634
2025-03-19,137.10000610351562,137.16000366210938,136.9600067138672,137.16000366210938,1035
2025-03-20,137.13999938964844,137.1999969482422,136.97999572753906,137.1999969482422,1075
2025-03-21,137.05999755859375,137.27999877929688,137.05999755859375,137.1999969482422,1122
2025-03-24,137.27999877929688,137.27999877929688,137.0399932861328,137.25999450683594,1679
2025-03-25,137.25999450683594,137.3800048828125,137.10000610351562,137.33999633789062,1672
2025-03-26,137.33999633789062,137.39999389648438,137.1999969482422,137.39999389648438,950
2025-03-27,137.39999389648438,137.39999389648438,137.22000122070312,137.33999633789062,852
2025-03-28,137.39999389648438,137.52000427246094,137.33999633789062,137.5,1715
2025-03-31,137.52000427246094,137.52000427246094,137.39999389648438,137.39999389648438,5152
2025-04-01,137.5,137.5399932861328,137.39999389648438,137.4600067138672,1718
2025-04-02,137.55999755859375,137.55999755859375,137.4600067138672,137.47999572753906,1251
2025-04-03,137.5800018310547,137.67999267578125,137.47999572753906,137.55999755859375,3021
2025-04-04,137.55999755859375,137.75999450683594,137.5399932861328,137.6999969482422,4663
2025-04-07,137.55999755859375,137.6999969482422,137.22000122070312,137.25999450683594,7106
2025-04-08,137.24000549316406,137.5,137.1999969482422,137.24000549316406,1939
2025-04-09,137.4199981689453,137.4600067138672,137.10000610351562,137.10000610351562,1483
2025-04-10,137.36000061035156,137.44000244140625,137.16000366210938,137.4199981689453,2657
2025-04-11,137.4199981689453,137.47999572753906,137.3000030517578,137.4600067138672,2700
2025-04-14,137.5,137.60000610351562,137.33999633789062,137.52000427246094,2182
2025-04-15,137.52000427246094,137.72000122070312,137.52000427246094,137.5399932861328,1158
2025-04-16,137.6999969482422,137.6999969482422,137.52000427246094,137.60000610351562,2064
2025-04-17,137.60000610351562,137.6999969482422,137.60000610351562,137.6199951171875,2310
2025-04-22,137.72000122070312,137.74000549316406,137.60000610351562,137.6199951171875,3097
2025-04-23,137.72000122070312,137.82000732421875,137.4600067138672,137.74000549316406,1818
2025-04-24,137.8000030517578,137.83999633789062,137.55999755859375,137.6999969482422,1707
2025-04-25,137.77999877929688,137.8800048828125,137.6199951171875,137.63999938964844,4000
2025-04-28,137.5399932861328,137.74000549316406,137.5,137.52000427246094,3334
2025-04-29,137.66000366210938,137.67999267578125,137.52000427246094,137.63999938964844,1614
2025-04-30,137.63999938964844,137.6999969482422,137.5800018310547,137.6999969482422,1715
2025-05-02,137.6999969482422,137.77999877929688,137.63999938964844,137.74000549316406,1109
2025-05-05,137.74000549316406,137.77999877929688,137.63999938964844,137.74000549316406,2570
2025-05-06,137.63999938964844,137.75999450683594,137.6199951171875,137.75999450683594,2226
2025-05-07,137.75999450683594,137.8800048828125,137.6999969482422,137.8000030517578,2204
2025-05-08,137.82000732421875,137.86000061035156,137.77999877929688,137.86000061035156,661
2025-05-09,137.8800048828125,138.0800018310547,137.86000061035156,138.05999755859375,5055
2025-05-12,138.0800018310547,138.0800018310547,137.9600067138672,137.9600067138672,4275
2025-05-13,137.9600067138672,138.10000610351562,137.9600067138672,138.0399932861328,2613
2025-05-14,138.10000610351562,138.1999969482422,137.9600067138672,138.05999755859375,2919
2025-05-15,138.05999755859375,138.1199951171875,137.9600067138672,138.0800018310547,1688
2025-05-16,138.0800018310547,138.24000549316406,138.05999755859375,138.17999267578125,2819
2025-05-19,138.25999450683594,138.25999450683594,138.0,138.0399932861328,3188
2025-05-20,138.16000366210938,138.16000366210938,138.0,138.10000610351562,1480
2025-05-21,138.16000366210938,138.1999969482422,138.0,138.02000427246094,2046
2025-05-22,138.0,138.17999267578125,138.0,138.02000427246094,1613
2025-05-23,138.1999969482422,138.22000122070312,138.0800018310547,138.10000610351562,1257
2025-05-26,138.16000366210938,138.16000366210938,138.0,138.0,1413
2025-05-27,138.13999938964844,138.17999267578125,138.05999755859375,138.17999267578125,1109
2025-05-28,138.1999969482422,138.1999969482422,137.83999633789062,138.13999938964844,2783
2025-05-29,138.16000366210938,138.25999450683594,138.0399932861328,138.0800018310547,1290
2025-05-30,138.05999755859375,138.25999450683594,138.05999755859375,138.13999938964844,3029
2025-06-02,138.22000122070312,138.22000122070312,138.0,138.0399932861328,1489
2025-06-03,138.1199951171875,138.1199951171875,137.86000061035156,138.0800018310547,1786
2025-06-04,138.10000610351562,138.17999267578125,137.9199981689453,137.9199981689453,3457
2025-06-05,138.16000366210938,138.27999877929688,138.16000366210938,138.16000366210938,1827
2025-06-06,138.10000610351562,138.32000732421875,138.05999755859375,138.16000366210938,1426
2025-06-09,138.22000122070312,138.22000122070312,138.0399932861328,138.10000610351562,1987
2025-06-10,138.10000610351562,138.32000732421875,138.0,138.24000549316406,2931
2025-06-11,138.27999877929688,138.39999389648438,138.16000366210938,138.32000732421875,1740
2025-06-12,138.36000061035156,138.3800048828125,138.17999267578125,138.3800048828125,624
2025-06-13,138.3800048828125,138.3800048828125,138.24000549316406,138.3800048828125,3012
2025-06-16,138.3800048828125,138.3800048828125,138.25999450683594,138.3800048828125,2763
2025-06-17,138.3000030517578,138.39999389648438,138.3000030517578,138.39999389648438,2869
2025-06-18,138.4199981689453,138.52000427246094,138.36000061035156,138.4600067138672,3897
2025-06-20,138.60000610351562,138.63999938964844,138.39999389648438,138.63999938964844,1967
2025-06-23,138.6999969482422,138.77999877929688,138.63999938964844,138.74000549316406,1525
2025-06-24,138.8000030517578,138.86000061035156,138.67999267578125,138.77999877929688,2984
2025-06-25,138.72000122070312,138.77999877929688,138.63999938964844,138.72000122070312,813
2025-06-26,138.83999633789062,138.97999572753906,138.6999969482422,138.6999969482422,1403
2025-06-27,138.94000244140625,138.97999572753906,138.74000549316406,138.86000061035156,2195
2025-06-30,138.86000061035156,138.94000244140625,138.6999969482422,138.86000061035156,1363
2025-07-01,138.9199981689453,139.10000610351562,138.86000061035156,139.0,1859
2025-07-02,139.10000610351562,139.13999938964844,139.0,139.02000427246094,2318
2025-07-03,139.02000427246094,139.32000732421875,139.02000427246094,139.16000366210938,2542
2025-07-04,139.16000366210938,139.27999877929688,139.0800018310547,139.0800018310547,3085
2025-07-07,139.13999938964844,139.27999877929688,139.0800018310547,139.10000610351562,4078
2025-07-08,139.17999267578125,139.1999969482422,139.10000610351562,139.16000366210938,5425
2025-07-09,139.16000366210938,139.25999450683594,139.05999755859375,139.16000366210938,2284
2025-07-10,139.16000366210938,139.36000061035156,139.16000366210938,139.1999969482422,1700
2025-07-11,139.32000732421875,139.32000732421875,139.1999969482422,139.25999450683594,1517
2025-07-14,139.33999633789062,139.33999633789062,139.25999450683594,139.3000030517578,1770
2025-07-15,139.3000030517578,139.3800048828125,139.27999877929688,139.3000030517578,1623
2025-07-16,139.3800048828125,139.4199981689453,139.33999633789062,139.36000061035156,5562
2025-07-17,139.4600067138672,139.47999572753906,139.39999389648438,139.44000244140625,6883
2025-07-18,139.47999572753906,139.5,139.3800048828125,139.3800048828125,2998
2025-07-21,139.39999389648438,139.52000427246094,139.39999389648438,139.4600067138672,2584
2025-07-22,139.60000610351562,139.60000610351562,139.44000244140625,139.47999572753906,6153
2025-07-23,139.55999755859375,139.5800018310547,139.5,139.5,2736
2025-07-24,139.5,139.63999938964844,139.5,139.60000610351562,2674
2025-07-25,139.6999969482422,139.6999969482422,139.5,139.5,5320
2025-07-28,139.52000427246094,139.77999877929688,139.5,139.55999755859375,3229
2025-07-29,139.74000549316406,139.82000732421875,139.6199951171875,139.8000030517578,4900
2025-07-30,139.86000061035156,139.8800048828125,139.60000610351562,139.66000366210938,3586
2025-07-31,139.89999389648438,139.9600067138672,139.63999938964844,139.86000061035156,3329
2025-08-01,140.17999267578125,140.3800048828125,139.83999633789062,139.8800048828125,13507
2025-08-04,139.8800048828125,139.9600067138672,139.8800048828125,139.89999389648438,4033
2025-08-05,139.9600067138672,140.0,139.89999389648438,139.9199981689453,3743
2025-08-06,140.0,140.0399932861328,139.9199981689453,139.9600067138672,3191
2025-08-07,140.0800018310547,140.1999969482422,139.9600067138672,140.05999755859375,2167
2025-08-08,140.13999938964844,140.24000549316406,140.05999755859375,140.22000122070312,4321
2025-08-11,140.24000549316406,140.25999450683594,140.17999267578125,140.22000122070312,7293
2025-08-12,140.27999877929688,140.33999633789062,140.22000122070312,140.33999633789062,4343
2025-08-13,140.4199981689453,140.47999572753906,140.33999633789062,140.3800048828125,9537
2025-08-14,140.44000244140625,140.44000244140625,140.32000732421875,140.3800048828125,4314
2025-08-18,140.39999389648438,140.39999389648438,140.32000732421875,140.32000732421875,28169
2025-08-19,140.4199981689453,140.52000427246094,140.33999633789062,140.4199981689453,4166
2025-08-20,140.52000427246094,140.5399932861328,140.44000244140625,140.5,4949
2025-08-21,140.5,140.67999267578125,140.5,140.52000427246094,5930
2025-08-22,140.6199951171875,140.66000366210938,140.39999389648438,140.5800018310547,4103
2025-08-25,140.60000610351562,140.60000610351562,140.47999572753906,140.47999572753906,7849
2025-08-26,140.47999572753906,140.63999938964844,140.47999572753906,140.5800018310547,4418
2025-08-27,140.66000366210938,140.6999969482422,140.5800018310547,140.6199951171875,4224
2025-08-28,140.74000549316406,140.74000549316406,140.6199951171875,140.67999267578125,5082
2025-08-29,140.72000122070312,140.75999450683594,140.5,140.6199951171875,6661
2025-09-01,140.63999938964844,140.66000366210938,140.17999267578125,140.66000366210938,6225
2025-09-02,140.67999267578125,140.6999969482422,140.5399932861328,140.60000610351562,4540
2025-09-03,140.72000122070312,140.77999877929688,140.60000610351562,140.6999969482422,4406
2025-09-04,140.77999877929688,140.82000732421875,140.6999969482422,140.75999450683594,2697
2025-09-05,140.83999633789062,140.86000061035156,140.75999450683594,140.82000732421875,3267
2025-09-08,140.86000061035156,140.86000061035156,140.8000030517578,140.83999633789062,9579
2025-09-09,140.8800048828125,140.97999572753906,140.83999633789062,140.89999389648438,3888
2025-09-10,140.94000244140625,140.94000244140625,140.74000549316406,140.83999633789062,10085
2025-09-11,140.8800048828125,140.8800048828125,140.72000122070312,140.83999633789062,4484
2025-09-12,140.82000732421875,140.89999389648438,140.82000732421875,140.82000732421875,9525
2025-09-15,140.89999389648438,140.89999389648438,140.52000427246094,140.86000061035156,12414
2025-09-16,140.89999389648438,140.97999572753906,140.86000061035156,140.94000244140625,5440
2025-09-17,140.9600067138672,140.97999572753906,140.94000244140625,140.9600067138672,11381
2025-09-18,140.9600067138672,141.0,140.9600067138672,140.9600067138672,3977
2025-09-19,141.05999755859375,141.0800018310547,140.97999572753906,141.0,6302
2025-09-22,141.0,141.0399932861328,141.0,141.02000427246094,5414
2025-09-23,141.0399932861328,141.10000610351562,141.02000427246094,141.0399932861328,8533
2025-09-24,141.0800018310547,141.1199951171875,141.0399932861328,141.1199951171875,9383
2025-09-25,141.10000610351562,141.1999969482422,141.0399932861328,141.13999938964844,4876
2025-09-26,141.17999267578125,141.1999969482422,141.0800018310547,141.1199951171875,5156
2025-09-29,141.17999267578125,141.17999267578125,140.86000061035156,141.13999938964844,8935
2025-09-30,141.17999267578125,141.24000549316406,141.16000366210938,141.22000122070312,14919
2025-10-01,141.24000549316406,141.25999450683594,141.22000122070312,141.24000549316406,11631
2025-10-02,141.32000732421875,141.32000732421875,141.24000549316406,141.3000030517578,7745
2025-10-03,141.27999877929688,141.44000244140625,141.27999877929688,141.32000732421875,23424
2025-10-06,141.33999633789062,141.55999755859375,141.25999450683594,141.27999877929688,9104
2025-10-07,141.33999633789062,141.3800048828125,141.3000030517578,141.32000732421875,8819
2025-10-08,141.39999389648438,141.39999389648438,141.32000732421875,141.36000061035156,10588
2025-10-09,141.39999389648438,141.4600067138672,141.3800048828125,141.4199981689453,7742
2025-10-10,141.44000244140625,141.4600067138672,141.3800048828125,141.4199981689453,19947
2025-10-13,141.4600067138672,141.5,141.44000244140625,141.47999572753906,8892
2025-10-14,141.52000427246094,141.5399932861328,141.47999572753906,141.5,14543
2025-10-15,141.5399932861328,141.55999755859375,141.52000427246094,141.5399932861328,14902
2025-10-16,141.60000610351562,141.66000366210938,141.55999755859375,141.5800018310547,12541
2025-10-17,141.60000610351562,141.60000610351562,141.5,141.5800018310547,12592
2025-10-20,141.5800018310547,141.60000610351562,141.5399932861328,141.5800018310547,10546
2025-10-21,141.6199951171875,141.67999267578125,141.5800018310547,141.66000366210938,11811
2025-10-22,141.67999267578125,141.6999969482422,141.63999938964844,141.67999267578125,13592
2025-10-23,141.74000549316406,141.74000549316406,141.6999969482422,141.72000122070312,22504
2025-10-24,141.75999450683594,141.75999450683594,141.55999755859375,141.67999267578125,42036
2025-10-27,141.6999969482422,141.9600067138672,141.66000366210938,141.67999267578125,38734
2025-10-28,141.6999969482422,141.74000549316406,141.5800018310547,141.6999969482422,15209
2025-10-29,141.6999969482422,141.77999877929688,141.66000366210938,141.72000122070312,18949
2025-10-30,141.8000030517578,141.83999633789062,141.74000549316406,141.83999633789062,24874
2025-10-31,141.82000732421875,141.86000061035156,141.75999450683594,141.77999877929688,21422
2025-11-03,141.82000732421875,141.83999633789062,141.8000030517578,141.8000030517578,15889
2025-11-04,141.83999633789062,141.8800048828125,141.82000732421875,141.83999633789062,12567
2025-11-05,141.8800048828125,141.9600067138672,141.86000061035156,141.9199981689453,14846
2025-11-06,141.9600067138672,142.02000427246094,141.9199981689453,141.97999572753906,25846
2025-11-07,142.0,142.05999755859375,141.9199981689453,141.94000244140625,51474
2025-11-10,141.9600067138672,141.9600067138672,141.9199981689453,141.9199981689453,13138
2025-11-12,142.0,142.02000427246094,141.9199981689453,142.0,8259
2025-11-13,142.05999755859375,142.05999755859375,141.97999572753906,142.0,10981
2025-11-14,142.05999755859375,142.0800018310547,141.94000244140625,142.02000427246094,14083
2025-11-17,142.0399932861328,142.05999755859375,141.9600067138672,142.05999755859375,12126
2025-11-18,142.02000427246094,142.0800018310547,141.97999572753906,142.0399932861328,15833
2025-11-19,142.0800018310547,142.10000610351562,142.0399932861328,142.10000610351562,6957
2025-11-20,142.13999938964844,142.13999938964844,142.0399932861328,142.0800018310547,6714
2025-11-21,142.0800018310547,142.10000610351562,141.9600067138672,142.05999755859375,8539
2025-11-24,142.10000610351562,142.16000366210938,142.05999755859375,142.16000366210938,13671
2025-11-25,142.16000366210938,142.24000549316406,142.10000610351562,142.22000122070312,15670
2025-11-26,142.22000122070312,142.24000549316406,142.17999267578125,142.1999969482422,8799
2025-11-27,142.25999450683594,142.27999877929688,142.16000366210938,142.16000366210938,14514
2025-11-28,142.1999969482422,142.22000122070312,142.13999938964844,142.22000122070312,10910
2025-12-01,142.25999450683594,142.25999450683594,142.17999267578125,142.1999969482422,10326
2025-12-02,142.24000549316406,142.24000549316406,142.13999938964844,142.22000122070312,10189
2025-12-03,142.24000549316406,142.27999877929688,142.1999969482422,142.27999877929688,15395
2025-12-04,142.3000030517578,142.4199981689453,142.25999450683594,142.4199981689453,21021
2025-12-05,142.4199981689453,142.47999572753906,142.3800048828125,142.39999389648438,18711
2025-12-08,142.44000244140625,142.4600067138672,142.4199981689453,142.44000244140625,21593
2025-12-09,142.44000244140625,142.44000244140625,142.33999633789062,142.3800048828125,19880
2025-12-10,142.39999389648438,142.44000244140625,142.3800048828125,142.39999389648438,10618
2025-12-11,142.44000244140625,142.44000244140625,142.3000030517578,142.3800048828125,17269
2025-12-12,142.4199981689453,142.4199981689453,142.32000732421875,142.39999389648438,14567
2025-12-15,142.4199981689453,142.44000244140625,142.32000732421875,142.39999389648438,43355
2025-12-16,142.4199981689453,142.4600067138672,142.36000061035156,142.44000244140625,20448
2025-12-17,142.47999572753906,142.55999755859375,142.44000244140625,142.47999572753906,13719
2025-12-18,142.5,142.67999267578125,142.5,142.5800018310547,13121
2025-12-19,142.66000366210938,142.72000122070312,142.5800018310547,142.67999267578125,26860
2025-12-22,142.67999267578125,142.8000030517578,142.6199951171875,142.72000122070312,22569
2025-12-23,142.8000030517578,142.8000030517578,142.6999969482422,142.72000122070312,30210
2025-12-29,142.8800048828125,142.8800048828125,142.72000122070312,142.77999877929688,32927
2025-12-30,142.8000030517578,142.97999572753906,142.74000549316406,142.86000061035156,36341
2026-01-02,143.0,143.0,142.86000061035156,143.0,48257
2026-01-05,143.02000427246094,143.0399932861328,142.89999389648438,143.02000427246094,52899
2026-01-07,143.02000427246094,143.13999938964844,142.9600067138672,143.02000427246094,39322
2026-01-08,143.0800018310547,143.17999267578125,143.0399932861328,143.16000366210938,36605
2026-01-09,143.1999969482422,143.3800048828125,143.16000366210938,143.33999633789062,67206
2026-01-12,143.3800048828125,143.52000427246094,143.33999633789062,143.47999572753906,31250
2026-01-13,143.5,143.5800018310547,143.47999572753906,143.5399932861328,32743
2026-01-14,143.55999755859375,143.60000610351562,143.52000427246094,143.5399932861328,24297
2026-01-15,143.55999755859375,143.63999938964844,143.5399932861328,143.60000610351562,23100
2026-01-16,143.60000610351562,143.66000366210938,143.55999755859375,143.63999938964844,21969
2026-01-19,143.63999938964844,143.72000122070312,143.55999755859375,143.67999267578125,30443
2026-01-20,143.6999969482422,143.75999450683594,143.66000366210938,143.72000122070312,24105
2026-01-21,143.74000549316406,143.82000732421875,143.67999267578125,143.82000732421875,25057
2026-01-22,143.86000061035156,144.75999450683594,143.75999450683594,144.1199951171875,18949
2026-01-23,144.1199951171875,144.17999267578125,144.05999755859375,144.13999938964844,34161
2026-01-26,144.17999267578125,144.22000122070312,144.1199951171875,144.17999267578125,36311
2026-01-27,144.1999969482422,144.22000122070312,144.13999938964844,144.16000366210938,19943
2026-01-28,144.1999969482422,144.27999877929688,144.16000366210938,144.1999969482422,16188
2026-01-29,144.22000122070312,144.39999389648438,144.17999267578125,144.36000061035156,24121
2026-01-30,144.39999389648438,144.4199981689453,144.33999633789062,144.36000061035156,50196
2026-02-02,144.3800048828125,144.39999389648438,144.3000030517578,144.32000732421875,37407
2026-02-03,144.33999633789062,144.4199981689453,144.3000030517578,144.4199981689453,48269
2026-02-04,144.44000244140625,144.4600067138672,144.36000061035156,144.44000244140625,31216
2026-02-05,144.5,144.5399932861328,144.44000244140625,144.47999572753906,29254
2026-02-06,144.52000427246094,144.52000427246094,144.44000244140625,144.4600067138672,83879
2026-02-09,144.52000427246094,144.52000427246094,144.33999633789062,144.4600067138672,30053
2026-02-10,144.4600067138672,144.47999572753906,144.33999633789062,144.44000244140625,11947
2026-02-11,144.4600067138672,144.5399932861328,144.36000061035156,144.52000427246094,21344
2026-02-12,144.55999755859375,144.72000122070312,144.5399932861328,144.66000366210938,19007
2026-02-13,144.67999267578125,144.6999969482422,144.5399932861328,144.63999938964844,20041
2026-02-16,144.66000366210938,144.6999969482422,144.5800018310547,144.67999267578125,22320
2026-02-17,144.6999969482422,144.86000061035156,144.67999267578125,144.77999877929688,14093
2026-02-18,144.86000061035156,144.9600067138672,144.8000030517578,144.89999389648438,28700
2026-02-19,144.94000244140625,144.9600067138672,144.89999389648438,144.9199981689453,20726
2026-02-20,144.94000244140625,144.94000244140625,144.8000030517578,144.94000244140625,28574
2026-02-23,144.9199981689453,144.94000244140625,144.8000030517578,144.8800048828125,20736
2026-02-24,144.89999389648438,144.97999572753906,144.8000030517578,144.9199981689453,14790
2026-02-25,144.9600067138672,145.0,144.8800048828125,144.9600067138672,20230
2026-02-26,144.97999572753906,145.10000610351562,144.9600067138672,145.0800018310547,19107
2026-02-27,145.10000610351562,145.10000610351562,144.97999572753906,145.02000427246094,30075
2026-03-02,145.0399932861328,145.0399932861328,144.52000427246094,144.77999877929688,31215
2026-03-03,144.82000732421875,144.89999389648438,144.52000427246094,144.52000427246094,36742
2026-03-04,144.4600067138672,144.75999450683594,144.4199981689453,144.74000549316406,27133
2026-03-05,144.77999877929688,144.77999877929688,144.55999755859375,144.63999938964844,15822
2026-03-06,144.60000610351562,144.72000122070312,144.0800018310547,144.1999969482422,31901
2026-03-09,144.0,144.05999755859375,143.5399932861328,143.8800048828125,76836
2026-03-10,143.8800048828125,144.60000610351562,143.8800048828125,144.44000244140625,36598
2026-03-11,144.44000244140625,144.60000610351562,144.24000549316406,144.55999755859375,12379
2026-03-12,144.63999938964844,144.63999938964844,144.02000427246094,144.02000427246094,13909
2026-03-13,144.25999450683594,144.4199981689453,144.05999755859375,144.16000366210938,18560
2026-03-16,144.24000549316406,144.25999450683594,144.0399932861328,144.25999450683594,10965
2026-03-17,144.24000549316406,144.60000610351562,144.17999267578125,144.52000427246094,13972
2026-03-18,144.55999755859375,144.5800018310547,144.3000030517578,144.44000244140625,14633
2026-03-19,144.44000244140625,144.5,144.0,144.05999755859375,15194
2026-03-20,144.05999755859375,144.1999969482422,144.0399932861328,144.10000610351562,5992
2026-03-23,144.02000427246094,144.16000366210938,143.63999938964844,144.0,19116
2026-03-24,144.0,144.3800048828125,143.9199981689453,144.24000549316406,7251
2026-03-25,144.24000549316406,144.39999389648438,144.1199951171875,144.22000122070312,8863
2026-03-26,144.22000122070312,144.32000732421875,143.67999267578125,143.8000030517578,8984
2026-03-27,143.75999450683594,143.8000030517578,143.5,143.5399932861328,16094
2026-03-30,143.5399932861328,143.8800048828125,143.4600067138672,143.8000030517578,17192
2026-03-31,143.6999969482422,144.0,143.52000427246094,143.82000732421875,12767
2026-04-01,143.82000732421875,143.97999572753906,143.6199951171875,143.82000732421875,9011
2026-04-02,143.82000732421875,144.16000366210938,143.82000732421875,143.94000244140625,23537
2026-04-07,144.0399932861328,144.36000061035156,144.0399932861328,144.24000549316406,10444
2026-04-08,144.3000030517578,144.60000610351562,144.25999450683594,144.5,12912
2026-04-09,144.63999938964844,144.63999938964844,144.47999572753906,144.55999755859375,12180
2026-04-10,144.60000610351562,144.66000366210938,144.55999755859375,144.6199951171875,13772
2026-04-13,144.60000610351562,144.67999267578125,144.44000244140625,144.60000610351562,11906
2026-04-14,144.67999267578125,144.6999969482422,144.47999572753906,144.60000610351562,10664
2026-04-15,144.60000610351562,144.6999969482422,144.47999572753906,144.6199951171875,10141
2026-04-16,144.6199951171875,144.75999450683594,144.3800048828125,144.63999938964844,21849
2026-04-17,144.6999969482422,144.74000549316406,144.47999572753906,144.6199951171875,12804
2026-04-20,144.6999969482422,144.8800048828125,144.52000427246094,144.6999969482422,15724
2026-04-21,144.86000061035156,144.89999389648438,144.67999267578125,144.89999389648438,12857
2026-04-22,144.9199981689453,144.9199981689453,144.74000549316406,144.86000061035156,14952
2026-04-23,144.8800048828125,144.97999572753906,144.86000061035156,144.86000061035156,21686
2026-04-24,144.89999389648438,144.9600067138672,144.63999938964844,144.9600067138672,27516
2026-04-27,144.89999389648438,144.89999389648438,144.75999450683594,144.77999877929688,23488
2026-04-28,144.77999877929688,144.83999633789062,144.66000366210938,144.75999450683594,10448
2026-04-29,144.75999450683594,144.82000732421875,144.5,144.63999938964844,23018
2026-04-30,144.72000122070312,144.82000732421875,144.60000610351562,144.75999450683594,11095
2026-05-04,144.77999877929688,144.77999877929688,144.4600067138672,144.6999969482422,13309
2026-05-05,144.72000122070312,144.74000549316406,144.60000610351562,144.60000610351562,11543
2026-05-06,144.66000366210938,144.72000122070312,144.52000427246094,144.66000366210938,14399
2026-05-07,144.6999969482422,144.74000549316406,144.60000610351562,144.63999938964844,16788
2026-05-08,144.74000549316406,144.74000549316406,144.6199951171875,144.6999969482422,14415
2026-05-11,144.72000122070312,144.74000549316406,144.5800018310547,144.67999267578125,10583
2026-05-12,144.6999969482422,144.6999969482422,144.4600067138672,144.55999755859375,14060
2026-05-13,144.66000366210938,144.66000366210938,144.47999572753906,144.52000427246094,10578
2026-05-14,144.5800018310547,144.63999938964844,144.44000244140625,144.52000427246094,17740
2026-05-15,144.5399932861328,144.5800018310547,144.33999633789062,144.5,7197
2026-05-18,144.5,144.6199951171875,144.39999389648438,144.5800018310547,9296
2026-05-19,144.5800018310547,144.86000061035156,144.5800018310547,144.6999969482422,13963
2026-05-20,144.63999938964844,144.75999450683594,144.55999755859375,144.66000366210938,22945
2026-05-21,144.66000366210938,144.67999267578125,144.5399932861328,144.63999938964844,6684
2026-05-22,144.55999755859375,144.77999877929688,144.55999755859375,144.74000549316406,9806
2026-05-25,144.6999969482422,144.9600067138672,144.6999969482422,144.89999389648438,11074
2026-05-26,144.89999389648438,144.97999572753906,144.22000122070312,144.9600067138672,34231
2026-05-27,144.9600067138672,144.97999572753906,144.8800048828125,144.94000244140625,6519
2026-05-28,144.94000244140625,145.0,144.89999389648438,144.9600067138672,7467
2026-05-29,144.9600067138672,145.05999755859375,144.89999389648438,145.05999755859375,10710
2026-06-01,145.0800018310547,145.3800048828125,145.0800018310547,145.1999969482422,9974
2026-06-02,145.22000122070312,145.4600067138672,145.1999969482422,145.44000244140625,11080
2026-06-03,145.4600067138672,145.47999572753906,145.25999450683594,145.4600067138672,12328
2026-06-05,145.47999572753906,145.55999755859375,145.4600067138672,145.5,17262
2026-06-08,145.47999572753906,145.47999572753906,145.24000549316406,145.4600067138672,14269
2026-06-09,145.4600067138672,145.63999938964844,145.4600067138672,145.55999755859375,11525
2026-06-10,145.60000610351562,145.75999450683594,145.60000610351562,145.6999969482422,9860
2026-06-11,145.77999877929688,145.86000061035156,145.6999969482422,145.74000549316406,10756
2026-06-12,145.75999450683594,145.89999389648438,145.75999450683594,145.77999877929688,13964
2026-06-15,145.77999877929688,145.86000061035156,145.6999969482422,145.77999877929688,21006
2026-06-16,145.8800048828125,145.89999389648438,145.74000549316406,145.8000030517578,15140
2026-06-17,145.82000732421875,145.94000244140625,145.8000030517578,145.83999633789062,17652
2026-06-18,145.89999389648438,146.02000427246094,145.8800048828125,146.0,12892
2026-06-19,146.02000427246094,146.0399932861328,145.89999389648438,145.9600067138672,17188
2026-06-22,146.02000427246094,146.0399932861328,145.89999389648438,145.9199981689453,12625
2026-06-23,146.0,146.02000427246094,145.9199981689453,146.0,11676
2026-06-24,146.0,146.05999755859375,145.89999389648438,146.0,11990
2026-06-25,146.16000366210938,146.16000366210938,146.02000427246094,146.10000610351562,6740
2026-06-26,146.1199951171875,146.13999938964844,145.8800048828125,146.05999755859375,23831
2026-06-29,146.0800018310547,146.1199951171875,146.0,146.0800018310547,14759
2026-06-30,146.16000366210938,146.17999267578125,146.0800018310547,146.16000366210938,12658
2026-07-01,146.16000366210938,146.1999969482422,146.05999755859375,146.16000366210938,22100
2026-07-02,146.24000549316406,146.32000732421875,146.17999267578125,146.22000122070312,32728
2026-07-03,146.25999450683594,146.33999633789062,146.22000122070312,146.25999450683594,17595
2026-07-06,146.36000061035156,146.36000061035156,146.25999450683594,146.3000030517578,16696
2026-07-07,146.3800048828125,146.3800048828125,146.25999450683594,146.33999633789062,15766
2026-07-08,146.36000061035156,146.39999389648438,146.25999450683594,146.27999877929688,13558
2026-07-09,146.25999450683594,146.3800048828125,146.25999450683594,146.3000030517578,15076
2026-07-10,146.33999633789062,146.44000244140625,146.27999877929688,146.36000061035156,35139
2026-07-13,146.44000244140625,146.44000244140625,146.32000732421875,146.33999633789062,16723
2026-07-14,146.39999389648438,146.44000244140625,146.33999633789062,146.33999633789062,13372
2026-07-15,146.39999389648438,146.4199981689453,146.36000061035156,146.3800048828125,9520
2026-07-16,146.4199981689453,146.44000244140625,146.39999389648438,146.4199981689453,15986
2026-07-17,146.44000244140625,146.4600067138672,146.36000061035156,146.36000061035156,18561
2026-07-20,146.39999389648438,146.4199981689453,146.3000030517578,146.3800048828125,9586
2026-07-21,146.4600067138672,146.47999572753906,146.33999633789062,146.4199981689453,10916
2026-07-22,146.4199981689453,146.44000244140625,146.33999633789062,146.39999389648438,11305
2026-07-23,146.4199981689453,146.44000244140625,146.22000122070312,146.3000030517578,8936
2026-07-24,146.5,146.5,146.25999450683594,146.3800048828125,15133
2026-07-27,146.39999389648438,146.47999572753906,146.3000030517578,146.44000244140625,10752
2026-07-28,146.44000244140625,146.44000244140625,146.0,146.32000732421875,23460
2026-07-29,146.33999633789062,146.33999633789062,146.05999755859375,146.13999938964844,8770
2026-07-30,146.16000366210938,146.3000030517578,145.97999572753906,146.0,27654
2026-07-31,146.1199951171875,146.32000732421875,146.0,146.27999877929688,9385
2026-08-03,146.32000732421875,146.4199981689453,146.27999877929688,146.36000061035156,12951
2026-08-04,146.36000061035156,146.44000244140625,146.1999969482422,146.36000061035156,17332
2026-08-05,146.4199981689453,146.47999572753906,146.32000732421875,146.3800048828125,13352
2026-08-06,146.4600067138672,146.47999572753906,146.1999969482422,146.47999572753906,12286
2026-08-07,146.55999755859375,146.5800018310547,146.36000061035156,146.4600067138672,11464
2026-08-10,146.5,146.5,146.3000030517578,146.3800048828125,12096
2026-08-11,146.36000061035156,146.44000244140625,146.3000030517578,146.39999389648438,12142
2026-08-12,146.39999389648438,146.4199981689453,146.24000549316406,146.32000732421875,9637
2026-08-13,146.39999389648438,146.47999572753906,146.27999877929688,146.47999572753906,7052
2026-08-14,146.4600067138672,146.4600067138672,146.32000732421875,146.39999389648438,8001
2026-08-17,146.39999389648438,146.4600067138672,146.27999877929688,146.3000030517578,8217
2026-08-18,146.3000030517578,146.3800048828125,146.0399932861328,146.1199951171875,9795
2026-08-19,146.1199951171875,146.39999389648438,146.0800018310547,146.33999633789062,30620
2026-08-20,146.39999389648438,146.39999389648438,146.1999969482422,146.32000732421875,6516
2026-08-21,146.32000732421875,146.52000427246094,146.32000732421875,146.36000061035156,14328
2026-08-24,146.39999389648438,146.39999389648438,146.1999969482422,146.24000549316406,10588
2026-08-25,146.3800048828125,146.5,146.22000122070312,146.36000061035156,12921
2026-08-26,146.39999389648438,146.39999389648438,146.25999450683594,146.33999633789062,7539
2026-08-27,146.36000061035156,146.39999389648438,146.32000732421875,146.3800048828125,7225
2026-08-28,146.3800048828125,146.52000427246094,146.36000061035156,146.47999572753906,8751
2026-08-31,146.47999572753906,146.55999755859375,146.33999633789062,146.5,11547
2026-09-01,146.52000427246094,146.67999267578125,146.39999389648438,146.52000427246094,9377
2026-09-02,146.67999267578125,146.6999969482422,146.4600067138672,146.60000610351562,12797
2026-09-03,146.60000610351562,146.60000610351562,146.39999389648438,146.5,9841
2026-09-04,146.52000427246094,146.63999938964844,146.4199981689453,146.63999938964844,11720
2026-09-07,146.6199951171875,146.74000549316406,146.5,146.63999938964844,10629
2026-09-08,146.63999938964844,146.8000030517578,146.47999572753906,146.63999938964844,13896
2026-09-09,146.67999267578125,146.8000030517578,146.63999938964844,146.75999450683594,7142
2026-09-10,146.77999877929688,146.8000030517578,146.63999938964844,146.75999450683594,26123
2026-09-11,146.8000030517578,147.0,146.74000549316406,146.83999633789062,34720
2026-09-14,147.0,147.0399932861328,146.77999877929688,146.77999877929688,13208
2026-09-15,146.8800048828125,146.8800048828125,146.6999969482422,146.8000030517578,15247
2026-09-16,146.83999633789062,146.8800048828125,146.77999877929688,146.83999633789062,10287
2026-09-17,146.9600067138672,146.9600067138672,146.83999633789062,146.9199981689453,538
