date,open,high,low,close,volume
2021-09-17,1.409999966621399,1.4299999475479126,1.409999966621399,1.4220000505447388,309848
2021-09-20,1.4199999570846558,1.4279999732971191,1.3359999656677246,1.3359999656677246,479500
2021-09-21,1.340000033378601,1.3799999952316284,1.3300000429153442,1.3600000143051147,272255
2021-09-22,1.3700000047683716,1.3980000019073486,1.3339999914169312,1.3980000019073486,388416
2021-09-23,1.399999976158142,1.399999976158142,1.3700000047683716,1.3819999694824219,100486
2021-09-24,1.378000020980835,1.3880000114440918,1.3600000143051147,1.3880000114440918,74835
2021-09-27,1.3600000143051147,1.3880000114440918,1.3600000143051147,1.3700000047683716,34294
2021-09-28,1.371999979019165,1.378000020980835,1.2699999809265137,1.3140000104904175,495388
2021-09-29,1.3140000104904175,1.3200000524520874,1.2740000486373901,1.284000039100647,202570
2021-09-30,1.3020000457763672,1.3079999685287476,1.1799999475479126,1.25,836282
2021-10-01,1.2300000190734863,1.3380000591278076,1.2000000476837158,1.3339999914169312,840989
2021-10-04,1.3339999914169312,1.3799999952316284,1.3020000457763672,1.343999981880188,787175
2021-10-05,1.340000033378601,1.3739999532699585,1.3359999656677246,1.3539999723434448,194669
2021-10-06,1.3519999980926514,1.4299999475479126,1.2999999523162842,1.3539999723434448,898934
2021-10-07,1.3600000143051147,1.3819999694824219,1.3300000429153442,1.371999979019165,319221
2021-10-08,1.3799999952316284,1.4160000085830688,1.3559999465942383,1.3960000276565552,588973
2021-10-11,1.3960000276565552,1.4900000095367432,1.3960000276565552,1.4479999542236328,570975
2021-10-12,1.4479999542236328,1.465999960899353,1.4199999570846558,1.444000005722046,175440
2021-10-13,1.4240000247955322,1.440000057220459,1.3200000524520874,1.437999963760376,414929
2021-10-14,1.4040000438690186,1.468000054359436,1.4019999504089355,1.4359999895095825,290197
2021-10-15,1.440000057220459,1.4600000381469727,1.4220000505447388,1.4559999704360962,127721
2021-10-18,1.4479999542236328,1.4559999704360962,1.434000015258789,1.4500000476837158,77314
2021-10-19,1.4500000476837158,1.4500000476837158,1.3899999856948853,1.399999976158142,235159
2021-10-20,1.4040000438690186,1.7000000476837158,1.3300000429153442,1.3559999465942383,3637292
2021-10-21,1.378000020980835,1.6399999856948853,1.3580000400543213,1.4800000190734863,8116902
2021-10-22,1.4880000352859497,1.5180000066757202,1.437999963760376,1.4600000381469727,628924
2021-10-25,1.4759999513626099,1.4859999418258667,1.4420000314712524,1.468000054359436,119859
2021-10-26,1.4759999513626099,1.4759999513626099,1.4259999990463257,1.444000005722046,190712
2021-10-27,1.4520000219345093,1.5199999809265137,1.440000057220459,1.4700000286102295,277767
2021-10-28,1.4520000219345093,1.4900000095367432,1.4459999799728394,1.4639999866485596,167406
2021-10-29,1.4859999418258667,1.5880000591278076,1.472000002861023,1.5,1159556
2021-11-02,1.5,1.5540000200271606,1.4819999933242798,1.5520000457763672,689928
2021-11-03,1.5540000200271606,1.5579999685287476,1.4900000095367432,1.5019999742507935,487583
2021-11-04,1.5019999742507935,1.5499999523162842,1.5019999742507935,1.5360000133514404,184759
2021-11-05,1.5360000133514404,1.5360000133514404,1.5099999904632568,1.531999945640564,96120
2021-11-08,1.5379999876022339,1.5499999523162842,1.5219999551773071,1.5299999713897705,179038
2021-11-09,1.559999942779541,1.559999942779541,1.4520000219345093,1.5199999809265137,403225
2021-11-10,1.5199999809265137,1.5740000009536743,1.5099999904632568,1.5219999551773071,638943
2021-11-12,1.5420000553131104,1.5420000553131104,1.4900000095367432,1.5099999904632568,281341
2021-11-15,1.5199999809265137,1.5199999809265137,1.3799999952316284,1.3799999952316284,1066594
2021-11-16,1.3799999952316284,1.399999976158142,1.350000023841858,1.371999979019165,568193
2021-11-17,1.3700000047683716,1.3700000047683716,1.3300000429153442,1.3480000495910645,265150
2021-11-18,1.3660000562667847,1.3660000562667847,1.3200000524520874,1.3580000400543213,249297
2021-11-19,1.3880000114440918,1.3880000114440918,1.2599999904632568,1.2920000553131104,584869
2021-11-22,1.2999999523162842,1.3300000429153442,1.25,1.3140000104904175,317640
2021-11-23,1.3140000104904175,1.3259999752044678,1.2599999904632568,1.3079999685287476,331360
2021-11-24,1.2860000133514404,1.6299999952316284,1.2860000133514404,1.5299999713897705,3721502
2021-11-25,1.5700000524520874,1.5700000524520874,1.444000005722046,1.4500000476837158,1649468
2021-11-26,1.4199999570846558,1.5219999551773071,1.4140000343322754,1.4299999475479126,1248325
2021-11-29,1.4299999475479126,1.4299999475479126,1.3680000305175781,1.3940000534057617,551005
2021-11-30,1.409999966621399,1.4320000410079956,1.3799999952316284,1.4179999828338623,335812
2021-12-01,1.4040000438690186,1.440000057220459,1.4040000438690186,1.4299999475479126,149820
2021-12-02,1.4299999475479126,1.4579999446868896,1.4199999570846558,1.434000015258789,195635
2021-12-03,1.4320000410079956,1.4459999799728394,1.409999966621399,1.4179999828338623,214634
2021-12-06,1.406000018119812,1.4179999828338623,1.281999945640564,1.2899999618530273,1416411
2021-12-07,1.2999999523162842,1.350000023841858,1.2920000553131104,1.312000036239624,698439
2021-12-08,1.3279999494552612,1.3359999656677246,1.3200000524520874,1.3300000429153442,166631
2021-12-09,1.3339999914169312,1.3480000495910645,1.3259999752044678,1.3359999656677246,201326
2021-12-10,1.3259999752044678,1.3300000429153442,1.3140000104904175,1.315999984741211,86641
2021-12-13,1.315999984741211,1.3240000009536743,1.2799999713897705,1.309999942779541,233299
2021-12-14,1.2999999523162842,1.2999999523162842,1.2740000486373901,1.2999999523162842,209373
2021-12-15,1.2899999618530273,1.2960000038146973,1.2660000324249268,1.2699999809265137,121643
2021-12-16,1.2799999713897705,1.3079999685287476,1.2680000066757202,1.2920000553131104,147523
2021-12-17,1.2899999618530273,1.3079999685287476,1.281999945640564,1.2999999523162842,231423
2021-12-20,1.2799999713897705,1.2940000295639038,1.2599999904632568,1.2640000581741333,168810
2021-12-21,1.2640000581741333,1.3839999437332153,1.2619999647140503,1.2960000038146973,736506
2021-12-22,1.2999999523162842,1.3200000524520874,1.281999945640564,1.309999942779541,204397
2021-12-23,1.309999942779541,1.3259999752044678,1.2699999809265137,1.2799999713897705,346170
2021-12-27,1.2480000257492065,1.2760000228881836,1.2400000095367432,1.2400000095367432,726735
2021-12-28,1.24399995803833,1.2660000324249268,1.2400000095367432,1.2400000095367432,517940
2021-12-29,1.2480000257492065,1.284000039100647,1.2480000257492065,1.284000039100647,86318
2021-12-30,1.284000039100647,1.2860000133514404,1.2599999904632568,1.2699999809265137,151812
2022-01-03,1.2640000581741333,1.2940000295639038,1.2580000162124634,1.2760000228881836,291697
2022-01-04,1.2740000486373901,1.2879999876022339,1.2680000066757202,1.2799999713897705,311984
2022-01-05,1.2860000133514404,1.2860000133514404,1.2640000581741333,1.2699999809265137,134871
2022-01-07,1.2799999713897705,1.2799999713897705,1.2580000162124634,1.2680000066757202,378550
2022-01-10,1.2740000486373901,1.2740000486373901,1.25,1.2599999904632568,325319
2022-01-11,1.2580000162124634,1.2680000066757202,1.2580000162124634,1.2660000324249268,121542
2022-01-12,1.2680000066757202,1.2799999713897705,1.2619999647140503,1.2699999809265137,394998
2022-01-13,1.2660000324249268,1.277999997138977,1.2599999904632568,1.2640000581741333,155932
2022-01-14,1.2680000066757202,1.2680000066757202,1.25,1.2680000066757202,159430
2022-01-17,1.2619999647140503,1.2680000066757202,1.25600004196167,1.2660000324249268,51277
2022-01-18,1.2680000066757202,1.2680000066757202,1.25,1.2519999742507935,241037
2022-01-19,1.2519999742507935,1.2580000162124634,1.2400000095367432,1.2580000162124634,309415
2022-01-20,1.25600004196167,1.25600004196167,1.2339999675750732,1.2400000095367432,146766
2022-01-21,1.2400000095367432,1.2419999837875366,1.2100000381469727,1.2359999418258667,353360
2022-01-24,1.2339999675750732,1.2339999675750732,1.1419999599456787,1.1959999799728394,580321
2022-01-25,1.2000000476837158,1.2239999771118164,1.2000000476837158,1.2239999771118164,85658
2022-01-26,1.2200000286102295,1.2380000352859497,1.2200000286102295,1.2319999933242798,127890
2022-01-27,1.2339999675750732,1.2400000095367432,1.2239999771118164,1.2400000095367432,57630
2022-01-28,1.2300000190734863,1.2339999675750732,1.2120000123977661,1.2200000286102295,136191
2022-01-31,1.2239999771118164,1.2300000190734863,1.2120000123977661,1.2259999513626099,283776
2022-02-01,1.2259999513626099,1.2300000190734863,1.215999960899353,1.218000054359436,151684
2022-02-02,1.215999960899353,1.2599999904632568,1.2120000123977661,1.2599999904632568,97931
2022-02-03,1.2580000162124634,1.2599999904632568,1.2359999418258667,1.2599999904632568,70571
2022-02-04,1.25600004196167,1.2920000553131104,1.25,1.2599999904632568,380302
2022-02-07,1.2719999551773071,1.2719999551773071,1.2300000190734863,1.253999948501587,270721
2022-02-08,1.2380000352859497,1.253999948501587,1.2380000352859497,1.246000051498413,20730
2022-02-09,1.2319999933242798,1.2480000257492065,1.2319999933242798,1.246000051498413,44170
2022-02-10,1.2400000095367432,1.2480000257492065,1.2319999933242798,1.2480000257492065,40260
2022-02-11,1.2480000257492065,1.253999948501587,1.2359999418258667,1.25,44284
2022-02-14,1.2319999933242798,1.2319999933242798,1.2020000219345093,1.2120000123977661,108656
2022-02-15,1.2120000123977661,1.25,1.2120000123977661,1.25,91972
2022-02-16,1.2339999675750732,1.2740000486373901,1.2339999675750732,1.25,200315
2022-02-17,1.2419999837875366,1.2580000162124634,1.2020000219345093,1.2100000381469727,112848
2022-02-18,1.218000054359436,1.2339999675750732,1.2020000219345093,1.218000054359436,70013
2022-02-21,1.2059999704360962,1.215999960899353,1.1759999990463257,1.1979999542236328,137791
2022-02-22,1.1679999828338623,1.2300000190734863,1.1660000085830688,1.2039999961853027,162674
2022-02-23,1.2300000190734863,1.2359999418258667,1.1959999799728394,1.2000000476837158,158006
2022-02-24,1.1200000047683716,1.1380000114440918,1.0199999809265137,1.0499999523162842,1519837
2022-02-25,1.065999984741211,1.1200000047683716,0.9900000095367432,1.100000023841858,664868
2022-02-28,1.0099999904632568,1.0800000429153442,0.9900000095367432,1.0440000295639038,1307505
2022-03-01,1.0379999876022339,1.0440000295639038,0.9919999837875366,1.0019999742507935,692285
2022-03-02,1.0080000162124634,1.0299999713897705,0.9900000095367432,1.00600004196167,477445
2022-03-03,1.0019999742507935,1.0019999742507935,0.9779999852180481,1.0,283606
2022-03-04,0.9909999966621399,0.9959999918937683,0.9629999995231628,0.972000002861023,139947
2022-03-07,0.9700000286102295,0.9700000286102295,0.9290000200271606,0.9419999718666077,408522
2022-03-08,0.9490000009536743,1.0,0.9449999928474426,0.9800000190734863,254679
2022-03-09,0.9800000190734863,1.0080000162124634,0.972000002861023,0.9860000014305115,335119
2022-03-10,0.9860000014305115,0.9860000014305115,0.9750000238418579,0.9779999852180481,202947
2022-03-11,0.9810000061988831,0.9850000143051147,0.9760000109672546,0.9760000109672546,86745
2022-03-14,0.9860000014305115,0.9860000014305115,0.9700000286102295,0.9860000014305115,123176
2022-03-15,0.9760000109672546,0.9929999709129333,0.9750000238418579,0.9810000061988831,82554
2022-03-16,0.9950000047683716,1.0299999713897705,0.9929999709129333,1.003999948501587,184334
2022-03-17,1.0199999809265137,1.0299999713897705,1.0140000581741333,1.0299999713897705,110712
2022-03-18,1.0299999713897705,1.0299999713897705,1.0099999904632568,1.0199999809265137,54143
2022-03-21,1.0199999809265137,1.034000039100647,1.0119999647140503,1.031999945640564,120936
2022-03-22,1.0199999809265137,1.027999997138977,1.0160000324249268,1.027999997138977,31116
2022-03-23,1.027999997138977,1.027999997138977,1.0019999742507935,1.0140000581741333,89562
2022-03-24,1.0119999647140503,1.0199999809265137,1.003999948501587,1.0199999809265137,52513
2022-03-25,1.0199999809265137,1.0199999809265137,1.0,1.0099999904632568,81669
2022-03-28,1.0099999904632568,1.0180000066757202,1.0,1.0099999904632568,36487
2022-03-29,1.0119999647140503,1.0800000429153442,0.9959999918937683,1.0399999618530273,339577
2022-03-30,1.0399999618530273,1.0520000457763672,1.031999945640564,1.031999945640564,69846
2022-03-31,1.031999945640564,1.0379999876022339,1.0260000228881836,1.0299999713897705,112446
2022-04-01,1.031999945640564,1.2259999513626099,1.0240000486373901,1.1779999732971191,1776327
2022-04-04,1.190000057220459,1.2799999713897705,1.190000057220459,1.246000051498413,1057552
2022-04-05,1.246000051498413,1.246000051498413,1.1699999570846558,1.1979999542236328,272395
2022-04-06,1.1979999542236328,1.24399995803833,1.128000020980835,1.156000018119812,483971
2022-04-07,1.156000018119812,1.156000018119812,1.0640000104904175,1.1039999723434448,355951
2022-04-08,1.100000023841858,1.1160000562667847,1.0859999656677246,1.0880000591278076,237784
2022-04-11,1.055999994277954,1.1519999504089355,1.055999994277954,1.1160000562667847,305443
2022-04-12,1.100000023841858,1.1100000143051147,1.0920000076293945,1.093999981880188,76499
2022-04-13,1.1100000143051147,1.1100000143051147,1.0800000429153442,1.0800000429153442,65757
2022-04-14,1.100000023841858,1.100000023841858,1.0820000171661377,1.0920000076293945,114062
2022-04-19,1.0920000076293945,1.0920000076293945,1.0839999914169312,1.0839999914169312,53548
2022-04-20,1.090000033378601,1.090000033378601,1.0820000171661377,1.0820000171661377,51331
2022-04-21,1.0820000171661377,1.0980000495910645,1.0820000171661377,1.0959999561309814,34049
2022-04-22,1.0920000076293945,1.100000023841858,1.0839999914169312,1.0980000495910645,114445
2022-04-25,1.0980000495910645,1.0980000495910645,0.9990000128746033,1.0219999551773071,1157423
2022-04-26,1.0299999713897705,1.0479999780654907,1.0240000486373901,1.027999997138977,67518
2022-04-27,1.0219999551773071,1.0299999713897705,1.0,1.0,295395
2022-04-28,1.00600004196167,1.027999997138977,1.0019999742507935,1.027999997138977,107703
2022-04-29,1.00600004196167,1.0180000066757202,0.9810000061988831,0.996999979019165,561610
2022-05-02,0.9900000095367432,1.0,0.9700000286102295,1.0,199703
2022-05-04,1.0080000162124634,1.0080000162124634,0.9760000109672546,0.9940000176429749,110474
2022-05-05,0.9900000095367432,0.996999979019165,0.9779999852180481,0.996999979019165,73676
2022-05-06,0.9900000095367432,0.9940000176429749,0.9800000190734863,0.9929999709129333,121431
2022-05-09,0.9929999709129333,1.0,0.9810000061988831,1.0,181855
2022-05-10,1.0099999904632568,1.0099999904632568,0.9860000014305115,0.9990000128746033,148457
2022-05-11,0.9929999709129333,1.0019999742507935,0.9860000014305115,0.9879999756813049,154610
2022-05-12,0.9909999966621399,0.9980000257492065,0.9800000190734863,0.9940000176429749,50232
2022-05-13,1.0,1.0099999904632568,0.9750000238418579,1.0099999904632568,69115
2022-05-16,1.0160000324249268,1.0160000324249268,0.9909999966621399,0.9909999966621399,39208
2022-05-17,0.9990000128746033,1.0499999523162842,0.9990000128746033,1.0399999618530273,187080
2022-05-18,1.0360000133514404,1.0379999876022339,1.003999948501587,1.0099999904632568,79083
2022-05-19,1.0099999904632568,1.0180000066757202,0.9950000047683716,1.0180000066757202,33143
2022-05-20,1.0099999904632568,1.0180000066757202,1.0,1.0019999742507935,27485
2022-05-23,1.00600004196167,1.0199999809265137,0.9800000190734863,0.9980000257492065,288451
2022-05-24,1.0,1.0,0.9900000095367432,0.9900000095367432,49155
2022-05-25,0.9900000095367432,1.027999997138977,0.9900000095367432,1.0,385203
2022-05-26,1.0,1.0080000162124634,0.9909999966621399,0.9909999966621399,111204
2022-05-27,0.9869999885559082,1.0199999809265137,0.9869999885559082,0.9990000128746033,38590
2022-05-30,1.0,1.0080000162124634,0.9900000095367432,1.0080000162124634,26899
2022-05-31,1.0019999742507935,1.1299999952316284,1.0019999742507935,1.0980000495910645,523920
2022-06-01,1.1200000047683716,1.1419999599456787,1.0740000009536743,1.0779999494552612,398835
2022-06-02,1.121999979019165,1.1959999799728394,1.121999979019165,1.190000057220459,735417
2022-06-03,1.184000015258789,1.194000005722046,1.1460000276565552,1.1460000276565552,220910
2022-06-06,1.1460000276565552,1.1540000438690186,1.1299999952316284,1.1399999856948853,167820
2022-06-07,1.1299999952316284,1.1339999437332153,1.1239999532699585,1.1299999952316284,86594
2022-06-08,1.1239999532699585,1.1319999694824219,1.1239999532699585,1.128000020980835,53257
2022-06-09,1.128000020980835,1.1299999952316284,1.1119999885559082,1.1180000305175781,111093
2022-06-10,1.1039999723434448,1.1239999532699585,1.1039999723434448,1.1180000305175781,149236
2022-06-13,1.1039999723434448,1.1160000562667847,1.100000023841858,1.1080000400543213,247602
2022-06-14,1.1100000143051147,1.1180000305175781,1.100000023841858,1.1019999980926514,136941
2022-06-15,1.1100000143051147,1.1200000047683716,1.1100000143051147,1.1160000562667847,116645
2022-06-17,1.1200000047683716,1.128000020980835,1.1160000562667847,1.121999979019165,19300
2022-06-20,1.1319999694824219,1.1740000247955322,1.1319999694824219,1.1699999570846558,302699
2022-06-21,1.1699999570846558,1.184000015258789,1.159999966621399,1.184000015258789,68503
2022-06-22,1.1799999475479126,1.190000057220459,1.1660000085830688,1.190000057220459,96372
2022-06-23,1.1779999732971191,1.1859999895095825,1.1740000247955322,1.1859999895095825,27501
2022-06-24,1.1859999895095825,1.2100000381469727,1.1759999990463257,1.2059999704360962,88790
2022-06-27,1.2059999704360962,1.2120000123977661,1.184000015258789,1.194000005722046,73961
2022-06-28,1.2079999446868896,1.218000054359436,1.2000000476837158,1.2000000476837158,55525
2022-06-29,1.218000054359436,1.218000054359436,1.1959999799728394,1.218000054359436,241701
2022-06-30,1.215999960899353,1.215999960899353,1.190000057220459,1.194000005722046,61044
2022-07-01,1.2020000219345093,1.222000002861023,1.190000057220459,1.2039999961853027,186475
2022-07-04,1.2100000381469727,1.215999960899353,1.1959999799728394,1.2059999704360962,138092
2022-07-05,1.2039999961853027,1.215999960899353,1.1959999799728394,1.2020000219345093,359693
2022-07-06,1.194000005722046,1.2139999866485596,1.194000005722046,1.2100000381469727,164888
2022-07-07,1.2100000381469727,1.2200000286102295,1.2100000381469727,1.215999960899353,97475
2022-07-08,1.218000054359436,1.2300000190734863,1.2120000123977661,1.2300000190734863,69682
2022-07-11,1.2300000190734863,1.2339999675750732,1.2139999866485596,1.2200000286102295,84812
2022-07-12,1.2100000381469727,1.2239999771118164,1.2000000476837158,1.2200000286102295,85142
2022-07-13,1.2100000381469727,1.218000054359436,1.1979999542236328,1.218000054359436,96274
2022-07-14,1.2100000381469727,1.2200000286102295,1.2100000381469727,1.218000054359436,42699
2022-07-15,1.2100000381469727,1.215999960899353,1.2100000381469727,1.215999960899353,139056
2022-07-18,1.2139999866485596,1.2200000286102295,1.2100000381469727,1.2100000381469727,76047
2022-07-19,1.2100000381469727,1.2120000123977661,1.1779999732971191,1.2100000381469727,150454
2022-07-20,1.190000057220459,1.2000000476837158,1.1799999475479126,1.2000000476837158,131712
2022-07-21,1.2000000476837158,1.2000000476837158,1.1920000314712524,1.1920000314712524,174976
2022-07-22,1.1920000314712524,1.2000000476837158,1.1859999895095825,1.2000000476837158,146585
2022-07-25,1.187999963760376,1.2000000476837158,1.1740000247955322,1.194000005722046,163148
2022-07-26,1.190000057220459,1.1920000314712524,1.1799999475479126,1.1799999475479126,26526
2022-07-27,1.1820000410079956,1.2400000095367432,1.1820000410079956,1.1920000314712524,580848
2022-07-28,1.190000057220459,1.1979999542236328,1.1799999475479126,1.1959999799728394,104797
2022-07-29,1.1820000410079956,1.1979999542236328,1.1720000505447388,1.1759999990463257,128096
2022-08-01,1.194000005722046,1.1959999799728394,1.1699999570846558,1.1779999732971191,258859
2022-08-02,1.1779999732971191,1.1979999542236328,1.1720000505447388,1.1740000247955322,32349
2022-08-03,1.1699999570846558,1.194000005722046,1.1699999570846558,1.194000005722046,63286
2022-08-04,1.1779999732971191,1.1920000314712524,1.1779999732971191,1.184000015258789,36149
2022-08-05,1.1799999475479126,1.190000057220459,1.1799999475479126,1.184000015258789,9614
2022-08-08,1.1799999475479126,1.2000000476837158,1.1799999475479126,1.1859999895095825,119633
2022-08-09,1.1920000314712524,1.2020000219345093,1.184000015258789,1.190000057220459,203132
2022-08-10,1.2000000476837158,1.2000000476837158,1.1779999732971191,1.1820000410079956,86404
2022-08-11,1.1920000314712524,1.2000000476837158,1.1820000410079956,1.1979999542236328,68564
2022-08-12,1.1979999542236328,1.2100000381469727,1.1920000314712524,1.2079999446868896,84232
2022-08-16,1.2079999446868896,1.218000054359436,1.1799999475479126,1.1799999475479126,131151
2022-08-17,1.1920000314712524,1.1979999542236328,1.1820000410079956,1.1959999799728394,18506
2022-08-18,1.1920000314712524,1.2000000476837158,1.187999963760376,1.2000000476837158,68827
2022-08-19,1.2000000476837158,1.2039999961853027,1.190000057220459,1.2039999961853027,15390
2022-08-22,1.1920000314712524,1.1979999542236328,1.1799999475479126,1.187999963760376,78534
2022-08-23,1.1979999542236328,1.2039999961853027,1.194000005722046,1.194000005722046,25786
2022-08-24,1.187999963760376,1.2020000219345093,1.184000015258789,1.2020000219345093,133412
2022-08-25,1.2000000476837158,1.2400000095367432,1.1959999799728394,1.2239999771118164,393916
2022-08-26,1.2259999513626099,1.2259999513626099,1.1979999542236328,1.2100000381469727,195884
2022-08-29,1.2100000381469727,1.218000054359436,1.1959999799728394,1.2079999446868896,102669
2022-08-30,1.2100000381469727,1.215999960899353,1.2000000476837158,1.2000000476837158,48363
2022-08-31,1.2100000381469727,1.2120000123977661,1.1959999799728394,1.2000000476837158,33542
2022-09-01,1.1979999542236328,1.2079999446868896,1.1979999542236328,1.2000000476837158,111453
2022-09-02,1.2059999704360962,1.2139999866485596,1.2000000476837158,1.2139999866485596,95378
2022-09-05,1.2120000123977661,1.2120000123977661,1.2000000476837158,1.2120000123977661,32138
2022-09-06,1.2020000219345093,1.2239999771118164,1.2020000219345093,1.2139999866485596,115475
2022-09-07,1.222000002861023,1.2259999513626099,1.2200000286102295,1.2259999513626099,74800
2022-09-08,1.2300000190734863,1.2300000190734863,1.2200000286102295,1.2239999771118164,50455
2022-09-09,1.222000002861023,1.25,1.222000002861023,1.25,163546
2022-09-12,1.2580000162124634,1.2920000553131104,1.2580000162124634,1.2660000324249268,172015
2022-09-13,1.2719999551773071,1.284000039100647,1.2599999904632568,1.2619999647140503,218488
2022-09-14,1.253999948501587,1.281999945640564,1.253999948501587,1.281999945640564,32659
2022-09-15,1.2799999713897705,1.2879999876022339,1.2799999713897705,1.2860000133514404,19967
2022-09-16,1.2860000133514404,1.2879999876022339,1.2699999809265137,1.2879999876022339,38554
2022-09-19,1.2799999713897705,1.2940000295639038,1.2580000162124634,1.2899999618530273,128966
2022-09-20,1.277999997138977,1.2920000553131104,1.2699999809265137,1.2799999713897705,131584
2022-09-21,1.281999945640564,1.2879999876022339,1.2699999809265137,1.2799999713897705,15065
2022-09-22,1.2799999713897705,1.2899999618530273,1.2799999713897705,1.2799999713897705,16382
2022-09-23,1.2799999713897705,1.284000039100647,1.2699999809265137,1.284000039100647,35800
2022-09-26,1.2799999713897705,1.2879999876022339,1.2660000324249268,1.2660000324249268,113816
2022-09-27,1.2660000324249268,1.2799999713897705,1.2660000324249268,1.2680000066757202,72102
2022-09-28,1.2699999809265137,1.2860000133514404,1.2419999837875366,1.25,94214
2022-09-29,1.25,1.2519999742507935,1.2139999866485596,1.2139999866485596,55977
2022-09-30,1.2000000476837158,1.2000000476837158,1.0800000429153442,1.159999966621399,1314722
2022-10-03,1.149999976158142,1.1579999923706055,1.1339999437332153,1.1519999504089355,555708
2022-10-04,1.149999976158142,1.1640000343322754,1.149999976158142,1.159999966621399,221516
2022-10-05,1.1579999923706055,1.1759999990463257,1.1480000019073486,1.159999966621399,216425
2022-10-06,1.1579999923706055,1.2000000476837158,1.1540000438690186,1.1979999542236328,108671
2022-10-07,1.1779999732971191,1.2100000381469727,1.1759999990463257,1.2079999446868896,59096
2022-10-10,1.1859999895095825,1.1959999799728394,1.1799999475479126,1.1799999475479126,19405
2022-10-11,1.190000057220459,1.194000005722046,1.1759999990463257,1.190000057220459,41681
2022-10-12,1.1920000314712524,1.1920000314712524,1.1759999990463257,1.1779999732971191,37351
2022-10-13,1.190000057220459,1.190000057220459,1.1759999990463257,1.184000015258789,18129
2022-10-14,1.1799999475479126,1.1799999475479126,1.1519999504089355,1.1619999408721924,87080
2022-10-17,1.1640000343322754,1.1660000085830688,1.1579999923706055,1.159999966621399,38149
2022-10-18,1.159999966621399,1.1699999570846558,1.1460000276565552,1.1519999504089355,66163
2022-10-19,1.1540000438690186,1.159999966621399,1.149999976158142,1.1519999504089355,60496
2022-10-20,1.149999976158142,1.156000018119812,1.149999976158142,1.156000018119812,44286
2022-10-21,1.149999976158142,1.156000018119812,1.149999976158142,1.1540000438690186,44011
2022-10-24,1.1540000438690186,1.159999966621399,1.1519999504089355,1.1519999504089355,58697
2022-10-25,1.1579999923706055,1.1579999923706055,1.1200000047683716,1.149999976158142,320261
2022-10-26,1.1399999856948853,1.1519999504089355,1.1399999856948853,1.1519999504089355,102080
2022-10-27,1.1480000019073486,1.2039999961853027,1.1480000019073486,1.1799999475479126,377649
2022-10-28,1.1720000505447388,1.1979999542236328,1.1679999828338623,1.187999963760376,131713
2022-10-31,1.184000015258789,1.190000057220459,1.184000015258789,1.190000057220459,128505
2022-11-02,1.190000057220459,1.2000000476837158,1.1820000410079956,1.1820000410079956,75452
2022-11-03,1.1779999732971191,1.1779999732971191,1.1660000085830688,1.1699999570846558,357537
2022-11-04,1.1799999475479126,1.1799999475479126,1.1579999923706055,1.1619999408721924,390686
2022-11-07,1.159999966621399,1.1759999990463257,1.1380000114440918,1.1540000438690186,449591
2022-11-08,1.156000018119812,1.1579999923706055,1.1339999437332153,1.1540000438690186,365356
2022-11-09,1.1480000019073486,1.156000018119812,1.1260000467300415,1.1260000467300415,505884
2022-11-10,1.1399999856948853,1.2000000476837158,1.1180000305175781,1.1319999694824219,1053099
2022-11-14,1.156000018119812,1.184000015258789,1.1540000438690186,1.184000015258789,1828382
2022-11-15,1.1740000247955322,1.3459999561309814,1.1740000247955322,1.2719999551773071,812381
2022-11-16,1.2699999809265137,1.2960000038146973,1.2640000581741333,1.281999945640564,106619
2022-11-17,1.281999945640564,1.3300000429153442,1.2599999904632568,1.2799999713897705,353667
2022-11-18,1.2799999713897705,1.2979999780654907,1.2640000581741333,1.2879999876022339,56397
2022-11-21,1.2799999713897705,1.2879999876022339,1.2699999809265137,1.2760000228881836,79698
2022-11-22,1.2799999713897705,1.2879999876022339,1.2680000066757202,1.281999945640564,86900
2022-11-23,1.2680000066757202,1.2799999713897705,1.2660000324249268,1.2699999809265137,83401
2022-11-24,1.2699999809265137,1.2799999713897705,1.2680000066757202,1.2719999551773071,119750
2022-11-25,1.2719999551773071,1.2760000228881836,1.2680000066757202,1.2760000228881836,103268
2022-11-28,1.2740000486373901,1.2740000486373901,1.2699999809265137,1.2699999809265137,100368
2022-11-29,1.2699999809265137,1.2799999713897705,1.2619999647140503,1.2719999551773071,240984
2022-11-30,1.2719999551773071,1.2740000486373901,1.2680000066757202,1.2719999551773071,176449
2022-12-01,1.2719999551773071,1.3240000009536743,1.2719999551773071,1.2999999523162842,380916
2022-12-02,1.3020000457763672,1.3200000524520874,1.2960000038146973,1.309999942779541,406915
2022-12-05,1.3380000591278076,1.3420000076293945,1.309999942779541,1.3179999589920044,538677
2022-12-06,1.3200000524520874,1.3300000429153442,1.2920000553131104,1.3079999685287476,1000401
2022-12-07,1.305999994277954,1.315999984741211,1.2879999876022339,1.2920000553131104,869208
2022-12-08,0.4000000059604645,0.453000009059906,0.4000000059604645,0.43549999594688416,8993477
2022-12-09,0.4399999976158142,0.4440000057220459,0.4099999964237213,0.41200000047683716,2791324
2022-12-12,0.41100001335144043,0.41100001335144043,0.3815000057220459,0.39100000262260437,4972834
2022-12-13,0.39500001072883606,0.4169999957084656,0.3869999945163727,0.4099999964237213,1911431
2022-12-14,0.4059999883174896,0.40700000524520874,0.398499995470047,0.4000000059604645,1082170
2022-12-15,0.4020000100135803,0.4059999883174896,0.39800000190734863,0.4000000059604645,780543
2022-12-16,0.4050000011920929,0.4099999964237213,0.39800000190734863,0.4074999988079071,875213
2022-12-19,0.40549999475479126,0.4180000126361847,0.40549999475479126,0.41600000858306885,485425
2022-12-20,0.41600000858306885,0.4194999933242798,0.4090000092983246,0.4090000092983246,2228829
2022-12-21,0.41100001335144043,0.41600000858306885,0.4090000092983246,0.41200000047683716,566174
2022-12-22,0.41200000047683716,0.41600000858306885,0.4099999964237213,0.4124999940395355,605430
2022-12-23,0.4154999852180481,0.4350000023841858,0.4129999876022339,0.4320000112056732,2516000
2022-12-27,0.4350000023841858,0.47850000858306885,0.4350000023841858,0.45649999380111694,2441950
2022-12-28,0.46000000834465027,0.5,0.4569999873638153,0.4830000102519989,2933579
2022-12-29,0.49000000953674316,0.49900001287460327,0.47049999237060547,0.47999998927116394,2794919
2022-12-30,0.47999998927116394,0.527999997138977,0.4650000035762787,0.5,3239683
2023-01-02,0.5070000290870667,0.597000002861023,0.5049999952316284,0.5849999785423279,3837354
2023-01-03,0.5960000157356262,0.6660000085830688,0.5960000157356262,0.6150000095367432,5064422
2023-01-04,0.6190000176429749,0.6240000128746033,0.5899999737739563,0.5910000205039978,3392426
2023-01-05,0.593999981880188,0.628000020980835,0.5920000076293945,0.6150000095367432,1787421
2023-01-09,0.6150000095367432,0.6259999871253967,0.597000002861023,0.6200000047683716,1309870
2023-01-10,0.6179999709129333,0.6299999952316284,0.6169999837875366,0.6190000176429749,941360
2023-01-11,0.6230000257492065,0.6269999742507935,0.6000000238418579,0.6079999804496765,929693
2023-01-12,0.6079999804496765,0.6110000014305115,0.6000000238418579,0.6039999723434448,253158
2023-01-13,0.6039999723434448,0.609000027179718,0.6000000238418579,0.6010000109672546,475669
2023-01-16,0.6010000109672546,0.621999979019165,0.5979999899864197,0.621999979019165,722447
2023-01-17,0.625,0.6330000162124634,0.6110000014305115,0.6179999709129333,598497
2023-01-18,0.6179999709129333,0.6549999713897705,0.6179999709129333,0.6430000066757202,1616552
2023-01-19,0.6439999938011169,0.6439999938011169,0.6209999918937683,0.6269999742507935,545858
2023-01-20,0.6290000081062317,0.6389999985694885,0.6259999871253967,0.6349999904632568,175065
2023-01-23,0.6349999904632568,0.6489999890327454,0.6349999904632568,0.6399999856948853,434486
2023-01-24,0.6439999938011169,0.6439999938011169,0.621999979019165,0.6299999952316284,302983
2023-01-25,0.6259999871253967,0.628000020980835,0.6150000095367432,0.6209999918937683,331965
2023-01-26,0.6209999918937683,0.6309999823570251,0.6209999918937683,0.6230000257492065,115392
2023-01-27,0.621999979019165,0.6299999952316284,0.6209999918937683,0.6299999952316284,245938
2023-01-30,0.6370000243186951,0.6480000019073486,0.6299999952316284,0.6299999952316284,295623
2023-01-31,0.6309999823570251,0.6399999856948853,0.6309999823570251,0.6389999985694885,138196
2023-02-01,0.6389999985694885,0.6430000066757202,0.6129999756813049,0.6240000128746033,501632
2023-02-02,0.6240000128746033,0.628000020980835,0.6169999837875366,0.625,155946
2023-02-03,0.625,0.6320000290870667,0.6010000109672546,0.6119999885559082,852923
2023-02-06,0.6119999885559082,0.6150000095367432,0.5839999914169312,0.5979999899864197,564609
2023-02-07,0.5899999737739563,0.5989999771118164,0.5860000252723694,0.5899999737739563,263229
2023-02-08,0.593999981880188,0.6050000190734863,0.5910000205039978,0.6000000238418579,111062
2023-02-09,0.6000000238418579,0.6100000143051147,0.5899999737739563,0.5929999947547913,252824
2023-02-10,0.6019999980926514,0.6019999980926514,0.5799999833106995,0.5899999737739563,203328
2023-02-13,0.5860000252723694,0.5920000076293945,0.5799999833106995,0.5899999737739563,88432
2023-02-14,0.5910000205039978,0.5910000205039978,0.5839999914169312,0.5839999914169312,39896
2023-02-15,0.5830000042915344,0.5899999737739563,0.5809999704360962,0.5849999785423279,85082
2023-02-16,0.5809999704360962,0.5899999737739563,0.5799999833106995,0.5799999833106995,142522
2023-02-17,0.5839999914169312,0.5860000252723694,0.578000009059906,0.578000009059906,109667
2023-02-20,0.5699999928474426,0.5799999833106995,0.5600000023841858,0.5759999752044678,331027
2023-02-21,0.5820000171661377,0.5879999995231628,0.5759999752044678,0.5849999785423279,244864
2023-02-22,0.5849999785423279,0.5889999866485596,0.5789999961853027,0.5870000123977661,192724
2023-02-23,0.5889999866485596,0.5910000205039978,0.5830000042915344,0.5899999737739563,193999
2023-02-24,0.5899999737739563,0.5950000286102295,0.5849999785423279,0.5950000286102295,148472
2023-02-27,0.5920000076293945,0.6100000143051147,0.5870000123977661,0.6100000143051147,161952
2023-02-28,0.6100000143051147,0.6349999904632568,0.6100000143051147,0.6299999952316284,476195
2023-03-01,0.6299999952316284,0.6299999952316284,0.6150000095367432,0.6200000047683716,261831
2023-03-02,0.6290000081062317,0.6309999823570251,0.5920000076293945,0.6000000238418579,889380
2023-03-03,0.6010000109672546,0.6100000143051147,0.6010000109672546,0.6079999804496765,39926
2023-03-06,0.609000027179718,0.6179999709129333,0.6050000190734863,0.6169999837875366,86985
2023-03-07,0.6169999837875366,0.6179999709129333,0.609000027179718,0.609000027179718,44849
2023-03-08,0.609000027179718,0.6179999709129333,0.609000027179718,0.6150000095367432,69058
2023-03-09,0.6119999885559082,0.6169999837875366,0.6119999885559082,0.6169999837875366,233473
2023-03-10,0.6119999885559082,0.6179999709129333,0.6119999885559082,0.6150000095367432,229972
2023-03-13,0.6129999756813049,0.6129999756813049,0.5979999899864197,0.6000000238418579,413077
2023-03-14,0.6000000238418579,0.6079999804496765,0.6000000238418579,0.6019999980926514,26445
2023-03-15,0.6060000061988831,0.6200000047683716,0.6000000238418579,0.6100000143051147,585098
2023-03-16,0.6100000143051147,0.6100000143051147,0.6029999852180481,0.6050000190734863,114256
2023-03-17,0.6029999852180481,0.6100000143051147,0.6000000238418579,0.6000000238418579,160560
2023-03-20,0.6000000238418579,0.609000027179718,0.6000000238418579,0.6060000061988831,49522
2023-03-21,0.6000000238418579,0.6159999966621399,0.6000000238418579,0.6100000143051147,72175
2023-03-22,0.609000027179718,0.6169999837875366,0.6060000061988831,0.6060000061988831,144966
2023-03-23,0.6100000143051147,0.6259999871253967,0.6069999933242798,0.6200000047683716,337137
2023-03-24,0.6200000047683716,0.6290000081062317,0.6150000095367432,0.6200000047683716,49438
2023-03-27,0.6140000224113464,0.6240000128746033,0.6140000224113464,0.6200000047683716,28589
2023-03-28,0.6200000047683716,0.6320000290870667,0.6169999837875366,0.625,112842
2023-03-29,0.6110000014305115,0.6159999966621399,0.5899999737739563,0.6150000095367432,815247
2023-03-30,0.6150000095367432,0.6200000047683716,0.6110000014305115,0.6200000047683716,63652
2023-03-31,0.7509999871253967,0.7850000262260437,0.7400000095367432,0.7730000019073486,6522786
2023-04-03,0.7829999923706055,0.7829999923706055,0.7480000257492065,0.7670000195503235,1735725
2023-04-04,0.7620000243186951,0.7670000195503235,0.75,0.75,1021719
2023-04-05,0.7509999871253967,0.7570000290870667,0.7409999966621399,0.753000020980835,569950
2023-04-06,0.7519999742507935,0.7580000162124634,0.7490000128746033,0.7580000162124634,356674
2023-04-11,0.7599999904632568,0.7789999842643738,0.7599999904632568,0.7770000100135803,729867
2023-04-12,0.7789999842643738,0.7950000166893005,0.777999997138977,0.7950000166893005,715682
2023-04-13,0.796999990940094,0.7979999780654907,0.7910000085830688,0.7960000038146973,281303
2023-04-14,0.7990000247955322,0.800000011920929,0.7919999957084656,0.7940000295639038,235281
2023-04-17,0.7950000166893005,0.8080000281333923,0.7940000295639038,0.8080000281333923,594366
2023-04-18,0.8090000152587891,0.8140000104904175,0.8080000281333923,0.8140000104904175,300667
2023-04-19,0.8149999976158142,0.8230000138282776,0.8140000104904175,0.8220000267028809,314546
2023-04-20,0.8230000138282776,0.8230000138282776,0.8180000185966492,0.8209999799728394,493301
2023-04-21,0.8199999928474426,0.8299999833106995,0.8180000185966492,0.8259999752044678,258313
2023-04-24,0.8299999833106995,0.8930000066757202,0.8299999833106995,0.8889999985694885,1400737
2023-04-25,0.8899999856948853,0.8899999856948853,0.847000002861023,0.8740000128746033,738928
2023-04-26,0.8790000081062317,0.8799999952316284,0.8550000190734863,0.8790000081062317,629092
2023-04-27,0.8799999952316284,0.8799999952316284,0.8690000176429749,0.8799999952316284,762928
2023-04-28,0.8799999952316284,0.9279999732971191,0.8799999952316284,0.9100000262260437,2614487
2023-05-02,0.9160000085830688,0.9350000023841858,0.9160000085830688,0.9340000152587891,2398666
2023-05-04,0.3889999985694885,0.4189999997615814,0.3804999887943268,0.40149998664855957,7559120
2023-05-05,0.40950000286102295,0.4124999940395355,0.40549999475479126,0.40950000286102295,1505578
2023-05-08,0.40950000286102295,0.4675000011920929,0.4090000092983246,0.46000000834465027,4155594
2023-05-09,0.4690000116825104,0.4690000116825104,0.4449999928474426,0.4560000002384186,2069509
2023-05-10,0.4560000002384186,0.46700000762939453,0.4375,0.4480000138282776,3821754
2023-05-11,0.44999998807907104,0.4620000123977661,0.4284999966621399,0.4399999976158142,1692226
2023-05-12,0.4339999854564667,0.4480000138282776,0.4284999966621399,0.4359999895095825,1861328
2023-05-15,0.4399999976158142,0.44350001215934753,0.4300000071525574,0.4300000071525574,860367
2023-05-16,0.4300000071525574,0.4300000071525574,0.40799999237060547,0.41600000858306885,1615793
2023-05-17,0.41200000047683716,0.43299999833106995,0.41200000047683716,0.4320000112056732,889271
2023-05-18,0.4320000112056732,0.43799999356269836,0.4099999964237213,0.4230000078678131,919022
2023-05-19,0.41600000858306885,0.42399999499320984,0.4124999940395355,0.41999998688697815,1062415
2023-05-22,0.4194999933242798,0.41999998688697815,0.4000000059604645,0.40299999713897705,2143775
2023-05-23,0.40049999952316284,0.40950000286102295,0.4000000059604645,0.40400001406669617,3697343
2023-05-24,0.4000000059604645,0.40450000762939453,0.38999998569488525,0.39899998903274536,1345281
2023-05-25,0.4020000100135803,0.40299999713897705,0.390500009059906,0.3995000123977661,461288
2023-05-26,0.4000000059604645,0.4099999964237213,0.3995000123977661,0.40849998593330383,570265
2023-05-29,0.4090000092983246,0.41350001096725464,0.40450000762939453,0.4074999988079071,234095
2023-05-30,0.4090000092983246,0.4129999876022339,0.4090000092983246,0.4090000092983246,268373
2023-05-31,0.4090000092983246,0.4129999876022339,0.4000000059604645,0.4000000059604645,332577
2023-06-01,0.4000000059604645,0.40450000762939453,0.39649999141693115,0.3970000147819519,194800
2023-06-02,0.4000000059604645,0.40700000524520874,0.3970000147819519,0.40700000524520874,133113
2023-06-05,0.4074999988079071,0.4115000069141388,0.4074999988079071,0.40849998593330383,178863
2023-06-06,0.40799999237060547,0.4129999876022339,0.40799999237060547,0.4104999899864197,75270
2023-06-07,0.4104999899864197,0.4169999957084656,0.4104999899864197,0.4129999876022339,223197
2023-06-09,0.41850000619888306,0.41999998688697815,0.41499999165534973,0.4165000021457672,243010
2023-06-12,0.4165000021457672,0.4165000021457672,0.41100001335144043,0.41200000047683716,143559
2023-06-13,0.41100001335144043,0.41499999165534973,0.41100001335144043,0.41499999165534973,138775
2023-06-14,0.41100001335144043,0.41600000858306885,0.4104999899864197,0.41100001335144043,440792
2023-06-15,0.41100001335144043,0.41999998688697815,0.4099999964237213,0.4194999933242798,120458
2023-06-16,0.41350001096725464,0.42500001192092896,0.41200000047683716,0.41600000858306885,168188
2023-06-19,0.41999998688697815,0.41999998688697815,0.41100001335144043,0.41999998688697815,237849
2023-06-20,0.4194999933242798,0.4194999933242798,0.41449999809265137,0.41499999165534973,126804
2023-06-21,0.4189999997615814,0.41999998688697815,0.40799999237060547,0.41449999809265137,256184
2023-06-22,0.41100001335144043,0.4284999966621399,0.40700000524520874,0.41999998688697815,724868
2023-06-23,0.42750000953674316,0.4345000088214874,0.42399999499320984,0.42399999499320984,329436
2023-06-26,0.4205000102519989,0.429500013589859,0.4205000102519989,0.4255000054836273,184179
2023-06-27,0.4255000054836273,0.42800000309944153,0.41499999165534973,0.4154999852180481,67536
2023-06-28,0.4154999852180481,0.421999990940094,0.40700000524520874,0.4099999964237213,154791
2023-06-29,0.41600000858306885,0.4165000021457672,0.4099999964237213,0.41449999809265137,59274
2023-06-30,0.414000004529953,0.4165000021457672,0.4074999988079071,0.41600000858306885,116798
2023-07-03,0.4180000126361847,0.4180000126361847,0.4104999899864197,0.41100001335144043,128092
2023-07-04,0.41100001335144043,0.41749998927116394,0.4104999899864197,0.41600000858306885,41111
2023-07-05,0.41749998927116394,0.41749998927116394,0.4104999899864197,0.41449999809265137,104532
2023-07-06,0.41499999165534973,0.41499999165534973,0.4115000069141388,0.41499999165534973,55212
2023-07-07,0.41499999165534973,0.4189999997615814,0.41200000047683716,0.41850000619888306,49005
2023-07-10,0.41850000619888306,0.41999998688697815,0.4115000069141388,0.4154999852180481,83295
2023-07-11,0.4189999997615814,0.41999998688697815,0.41200000047683716,0.41999998688697815,140763
2023-07-12,0.414000004529953,0.42399999499320984,0.4129999876022339,0.4194999933242798,263833
2023-07-13,0.41999998688697815,0.4235000014305115,0.41449999809265137,0.4169999957084656,51028
2023-07-14,0.41350001096725464,0.4180000126361847,0.41350001096725464,0.41499999165534973,157015
2023-07-17,0.41499999165534973,0.4189999997615814,0.4115000069141388,0.4169999957084656,114776
2023-07-18,0.41449999809265137,0.4235000014305115,0.4129999876022339,0.4165000021457672,105218
2023-07-19,0.41999998688697815,0.4345000088214874,0.4154999852180481,0.4345000088214874,288977
2023-07-20,0.4334999918937683,0.4334999918937683,0.4205000102519989,0.4205000102519989,172895
2023-07-21,0.42100000381469727,0.42649999260902405,0.4205000102519989,0.42399999499320984,243004
2023-07-24,0.42500001192092896,0.43849998712539673,0.42100000381469727,0.429500013589859,414639
2023-07-25,0.4284999966621399,0.4399999976158142,0.4284999966621399,0.43700000643730164,197834
2023-07-26,0.43700000643730164,0.45899999141693115,0.4334999918937683,0.4514999985694885,607232
2023-07-27,0.44999998807907104,0.45899999141693115,0.44999998807907104,0.45649999380111694,101562
2023-07-28,0.4569999873638153,0.4790000021457672,0.45500001311302185,0.4779999852180481,818409
2023-07-31,0.4794999957084656,0.4884999990463257,0.4729999899864197,0.4884999990463257,447651
2023-08-01,0.4894999861717224,0.5149999856948853,0.4894999861717224,0.5149999856948853,823142
2023-08-02,0.5199999809265137,0.5490000247955322,0.5149999856948853,0.5450000166893005,823392
2023-08-03,0.5490000247955322,0.5619999766349792,0.5260000228881836,0.5419999957084656,576409
2023-08-04,0.5450000166893005,0.5450000166893005,0.5149999856948853,0.5260000228881836,380553
2023-08-07,0.5260000228881836,0.531000018119812,0.5249999761581421,0.5299999713897705,130290
2023-08-08,0.5249999761581421,0.5299999713897705,0.5130000114440918,0.5189999938011169,550558
2023-08-09,0.5170000195503235,0.5239999890327454,0.5139999985694885,0.5180000066757202,160219
2023-08-10,0.5180000066757202,0.5379999876022339,0.5149999856948853,0.5329999923706055,394420
2023-08-11,0.5329999923706055,0.5389999747276306,0.5220000147819519,0.5389999747276306,43404
2023-08-14,0.5389999747276306,0.5490000247955322,0.5329999923706055,0.5479999780654907,98545
2023-08-16,0.5479999780654907,0.5479999780654907,0.5320000052452087,0.5350000262260437,104244
2023-08-17,0.5329999923706055,0.5400000214576721,0.5299999713897705,0.5400000214576721,135956
2023-08-18,0.5440000295639038,0.5440000295639038,0.5230000019073486,0.5289999842643738,96930
2023-08-21,0.5289999842643738,0.5410000085830688,0.5289999842643738,0.5400000214576721,84394
2023-08-22,0.5339999794960022,0.5490000247955322,0.5339999794960022,0.5410000085830688,66427
2023-08-23,0.5490000247955322,0.5490000247955322,0.5400000214576721,0.5460000038146973,52324
2023-08-24,0.5460000038146973,0.5460000038146973,0.5220000147819519,0.5329999923706055,225221
2023-08-25,0.5329999923706055,0.5329999923706055,0.5199999809265137,0.527999997138977,64337
2023-08-28,0.527999997138977,0.5299999713897705,0.5189999938011169,0.5289999842643738,86482
2023-08-29,0.5299999713897705,0.5329999923706055,0.5249999761581421,0.5299999713897705,55153
2023-08-30,0.5299999713897705,0.5329999923706055,0.5230000019073486,0.5329999923706055,50458
2023-08-31,0.5249999761581421,0.5350000262260437,0.5220000147819519,0.5320000052452087,55712
2023-09-01,0.5320000052452087,0.5339999794960022,0.5230000019073486,0.5260000228881836,100530
2023-09-04,0.5260000228881836,0.5299999713897705,0.5220000147819519,0.5299999713897705,155963
2023-09-05,0.5299999713897705,0.5339999794960022,0.5239999890327454,0.5239999890327454,73507
2023-09-06,0.5249999761581421,0.5350000262260437,0.5249999761581421,0.5249999761581421,85316
2023-09-07,0.5249999761581421,0.531000018119812,0.5149999856948853,0.5249999761581421,113393
2023-09-08,0.527999997138977,0.5299999713897705,0.5199999809265137,0.5299999713897705,250385
2023-09-11,0.531000018119812,0.531000018119812,0.5199999809265137,0.527999997138977,59037
2023-09-12,0.527999997138977,0.5389999747276306,0.5210000276565552,0.5389999747276306,100895
2023-09-13,0.527999997138977,0.5350000262260437,0.5260000228881836,0.5329999923706055,26722
2023-09-14,0.5329999923706055,0.5329999923706055,0.5260000228881836,0.5299999713897705,32108
2023-09-15,0.5320000052452087,0.5429999828338623,0.5230000019073486,0.5370000004768372,415559
2023-09-18,0.5429999828338623,0.5899999737739563,0.5429999828338623,0.5559999942779541,580768
2023-09-19,0.5559999942779541,0.5559999942779541,0.5350000262260437,0.5350000262260437,226352
2023-09-20,0.5350000262260437,0.5429999828338623,0.5350000262260437,0.5419999957084656,71794
2023-09-21,0.5350000262260437,0.5479999780654907,0.5350000262260437,0.5450000166893005,121668
2023-09-22,0.5479999780654907,0.5600000023841858,0.5479999780654907,0.5590000152587891,176304
2023-09-25,0.5519999861717224,0.5609999895095825,0.5509999990463257,0.5580000281333923,106151
2023-09-26,0.5580000281333923,0.5600000023841858,0.5490000247955322,0.550000011920929,176703
2023-09-27,0.5479999780654907,0.550000011920929,0.5350000262260437,0.5389999747276306,55580
2023-09-28,0.5379999876022339,0.550000011920929,0.5329999923706055,0.5440000295639038,111532
2023-09-29,0.5440000295639038,0.5569999814033508,0.5350000262260437,0.5540000200271606,294738
2023-10-02,0.5460000038146973,0.5529999732971191,0.5410000085830688,0.5410000085830688,98908
2023-10-03,0.5419999957084656,0.5479999780654907,0.5410000085830688,0.5450000166893005,30389
2023-10-04,0.5400000214576721,0.550000011920929,0.5370000004768372,0.5440000295639038,120526
2023-10-05,0.5440000295639038,0.550000011920929,0.5389999747276306,0.5460000038146973,114671
2023-10-06,0.5460000038146973,0.5569999814033508,0.5400000214576721,0.5490000247955322,236039
2023-10-09,0.5419999957084656,0.5540000200271606,0.5419999957084656,0.5509999990463257,67101
2023-10-10,0.5509999990463257,0.5529999732971191,0.550000011920929,0.5529999732971191,75387
2023-10-11,0.5550000071525574,0.5569999814033508,0.550000011920929,0.5529999732971191,53201
2023-10-12,0.5479999780654907,0.5529999732971191,0.5419999957084656,0.5529999732971191,40434
2023-10-13,0.5519999861717224,0.5559999942779541,0.5440000295639038,0.5559999942779541,70145
2023-10-16,0.5600000023841858,0.5740000009536743,0.5559999942779541,0.5690000057220459,138252
2023-10-17,0.5619999766349792,0.6480000019073486,0.5619999766349792,0.6190000176429749,1011342
2023-10-18,0.621999979019165,0.6349999904632568,0.5809999704360962,0.6179999709129333,296856
2023-10-19,0.6050000190734863,0.6179999709129333,0.5799999833106995,0.6000000238418579,168004
2023-10-20,0.5830000042915344,0.6060000061988831,0.5820000171661377,0.6050000190734863,79822
2023-10-23,0.6050000190734863,0.609000027179718,0.5820000171661377,0.5830000042915344,68047
2023-10-24,0.5830000042915344,0.5879999995231628,0.5680000185966492,0.5680000185966492,177249
2023-10-25,0.5860000252723694,0.5870000123977661,0.5720000267028809,0.5870000123977661,41812
2023-10-26,0.5799999833106995,0.5860000252723694,0.574999988079071,0.5849999785423279,18286
2023-10-27,0.5870000123977661,0.6000000238418579,0.5799999833106995,0.5870000123977661,49237
2023-10-30,0.5989999771118164,0.6200000047683716,0.5989999771118164,0.6150000095367432,212259
2023-10-31,0.6150000095367432,0.6150000095367432,0.6000000238418579,0.6140000224113464,108054
2023-11-02,0.6140000224113464,0.6449999809265137,0.6140000224113464,0.6299999952316284,260182
2023-11-03,0.6169999837875366,0.6330000162124634,0.6100000143051147,0.6320000290870667,103456
2023-11-06,0.6330000162124634,0.6370000243186951,0.6320000290870667,0.6340000033378601,76974
2023-11-07,0.6349999904632568,0.6370000243186951,0.6200000047683716,0.6320000290870667,78983
2023-11-08,0.6320000290870667,0.6340000033378601,0.621999979019165,0.6320000290870667,49034
2023-11-09,0.6320000290870667,0.6370000243186951,0.625,0.6299999952316284,25216
2023-11-10,0.6380000114440918,0.6389999985694885,0.6200000047683716,0.6200000047683716,122003
2023-11-13,0.6290000081062317,0.6600000262260437,0.625,0.6420000195503235,252931
2023-11-14,0.6499999761581421,0.6919999718666077,0.6399999856948853,0.6769999861717224,579960
2023-11-15,0.6800000071525574,0.6890000104904175,0.6600000262260437,0.6700000166893005,239957
2023-11-16,0.6600000262260437,0.6600000262260437,0.6100000143051147,0.6299999952316284,400768
2023-11-17,0.6299999952316284,0.6549999713897705,0.6230000257492065,0.640999972820282,77714
2023-11-20,0.640999972820282,0.640999972820282,0.6209999918937683,0.628000020980835,213847
2023-11-21,0.6230000257492065,0.6299999952316284,0.6200000047683716,0.6230000257492065,91752
2023-11-22,0.6299999952316284,0.6330000162124634,0.6209999918937683,0.6320000290870667,38770
2023-11-23,0.6320000290870667,0.6320000290870667,0.6100000143051147,0.6200000047683716,88839
2023-11-24,0.6200000047683716,0.6200000047683716,0.6000000238418579,0.6129999756813049,165793
2023-11-27,0.6039999723434448,0.6150000095367432,0.6000000238418579,0.609000027179718,198007
2023-11-28,0.6060000061988831,0.6100000143051147,0.6000000238418579,0.6079999804496765,153203
2023-11-29,0.6100000143051147,0.6100000143051147,0.5960000157356262,0.6039999723434448,436012
2023-11-30,0.6079999804496765,0.609000027179718,0.6000000238418579,0.6079999804496765,105153
2023-12-01,0.6019999980926514,0.6079999804496765,0.6000000238418579,0.6079999804496765,60182
2023-12-04,0.6010000109672546,0.6079999804496765,0.6010000109672546,0.6060000061988831,33436
2023-12-05,0.6060000061988831,0.6079999804496765,0.6000000238418579,0.6039999723434448,71812
2023-12-06,0.6069999933242798,0.6159999966621399,0.6050000190734863,0.6069999933242798,89049
2023-12-07,0.6100000143051147,0.6159999966621399,0.6000000238418579,0.6069999933242798,145913
2023-12-08,0.6069999933242798,0.6150000095367432,0.6029999852180481,0.6119999885559082,73947
2023-12-11,0.6100000143051147,0.6460000276565552,0.6100000143051147,0.6309999823570251,208447
2023-12-12,0.6330000162124634,0.6549999713897705,0.6309999823570251,0.6330000162124634,287024
2023-12-13,0.6320000290870667,0.6320000290870667,0.6100000143051147,0.6100000143051147,80300
2023-12-14,0.6230000257492065,0.6449999809265137,0.6110000014305115,0.6389999985694885,173848
2023-12-15,0.6389999985694885,0.6399999856948853,0.6299999952316284,0.6399999856948853,47584
2023-12-18,0.6399999856948853,0.6430000066757202,0.6299999952316284,0.6399999856948853,165878
2023-12-19,0.6389999985694885,0.6389999985694885,0.6299999952316284,0.6389999985694885,144080
2023-12-20,0.6389999985694885,0.6389999985694885,0.6299999952316284,0.6349999904632568,160031
2023-12-21,0.6349999904632568,0.6380000114440918,0.6269999742507935,0.6359999775886536,54465
2023-12-22,0.6299999952316284,0.6399999856948853,0.6230000257492065,0.6269999742507935,128581
2023-12-27,0.6269999742507935,0.6330000162124634,0.6209999918937683,0.6259999871253967,92759
2023-12-28,0.625,0.6299999952316284,0.6200000047683716,0.621999979019165,93722
2023-12-29,0.621999979019165,0.6290000081062317,0.609000027179718,0.6190000176429749,235470
2024-01-02,0.6010000109672546,0.609000027179718,0.5929999947547913,0.6050000190734863,186317
2024-01-03,0.6050000190734863,0.6069999933242798,0.5839999914169312,0.5899999737739563,246998
2024-01-04,0.5899999737739563,0.5989999771118164,0.578000009059906,0.5879999995231628,150155
2024-01-05,0.5879999995231628,0.5879999995231628,0.5559999942779541,0.5699999928474426,140315
2024-01-08,0.5630000233650208,0.5799999833106995,0.5619999766349792,0.5789999961853027,128673
2024-01-09,0.5699999928474426,0.5879999995231628,0.5699999928474426,0.5879999995231628,141621
2024-01-10,0.5799999833106995,0.5889999866485596,0.5770000219345093,0.5889999866485596,22958
2024-01-11,0.578000009059906,0.5889999866485596,0.5709999799728394,0.5849999785423279,60292
2024-01-12,0.5889999866485596,0.5960000157356262,0.5820000171661377,0.5950000286102295,61232
2024-01-15,0.5950000286102295,0.5960000157356262,0.5809999704360962,0.5899999737739563,64009
2024-01-16,0.5899999737739563,0.5899999737739563,0.5699999928474426,0.5730000138282776,63606
2024-01-17,0.5730000138282776,0.5759999752044678,0.5699999928474426,0.574999988079071,114053
2024-01-18,0.5709999799728394,0.5759999752044678,0.5619999766349792,0.574999988079071,32334
2024-01-19,0.574999988079071,0.574999988079071,0.5649999976158142,0.574999988079071,19478
2024-01-22,0.5699999928474426,0.5759999752044678,0.5659999847412109,0.574999988079071,55972
2024-01-23,0.5659999847412109,0.5789999961853027,0.5659999847412109,0.5759999752044678,31105
2024-01-24,0.5740000009536743,0.5770000219345093,0.5659999847412109,0.574999988079071,36170
2024-01-25,0.5669999718666077,0.5740000009536743,0.550000011920929,0.5590000152587891,116250
2024-01-26,0.5590000152587891,0.5720000267028809,0.5400000214576721,0.5450000166893005,130976
2024-01-29,0.5450000166893005,0.550000011920929,0.531000018119812,0.5450000166893005,121884
2024-01-30,0.515999972820282,0.5400000214576721,0.515999972820282,0.5360000133514404,168960
2024-01-31,0.5360000133514404,0.5640000104904175,0.5360000133514404,0.5509999990463257,125596
2024-02-01,0.5450000166893005,0.5529999732971191,0.5410000085830688,0.5509999990463257,59580
2024-02-02,0.5450000166893005,0.5540000200271606,0.5419999957084656,0.5479999780654907,62256
2024-02-05,0.5450000166893005,0.5529999732971191,0.5400000214576721,0.5400000214576721,130514
2024-02-06,0.5339999794960022,0.5460000038146973,0.5339999794960022,0.5400000214576721,34030
2024-02-07,0.5410000085830688,0.5450000166893005,0.5249999761581421,0.5299999713897705,134968
2024-02-08,0.5299999713897705,0.5329999923706055,0.5099999904632568,0.5239999890327454,175722
2024-02-09,0.5220000147819519,0.5249999761581421,0.5130000114440918,0.5220000147819519,184937
2024-02-12,0.5130000114440918,0.5220000147819519,0.5099999904632568,0.5220000147819519,78474
2024-02-13,0.5199999809265137,0.5260000228881836,0.5130000114440918,0.5139999985694885,72078
2024-02-14,0.5059999823570251,0.5120000243186951,0.47049999237060547,0.4964999854564667,424327
2024-02-15,0.4964999854564667,0.4964999854564667,0.47200000286102295,0.47999998927116394,263296
2024-02-16,0.47450000047683716,0.4830000102519989,0.47099998593330383,0.47099998593330383,152169
2024-02-19,0.47099998593330383,0.49000000953674316,0.47099998593330383,0.4880000054836273,230479
2024-02-20,0.4884999990463257,0.49950000643730164,0.4819999933242798,0.4950000047683716,207057
2024-02-21,0.4950000047683716,0.5090000033378601,0.4909999966621399,0.5,212101
2024-02-22,0.5080000162124634,0.515999972820282,0.4984999895095825,0.515999972820282,260700
2024-02-23,0.5199999809265137,0.550000011920929,0.5199999809265137,0.5490000247955322,284951
2024-02-26,0.550000011920929,0.5600000023841858,0.5479999780654907,0.5490000247955322,121089
2024-02-27,0.550000011920929,0.5540000200271606,0.5350000262260437,0.550000011920929,80552
2024-02-28,0.550000011920929,0.5600000023841858,0.5360000133514404,0.5600000023841858,86800
2024-02-29,0.5680000185966492,0.5680000185966492,0.5509999990463257,0.5509999990463257,34151
2024-03-01,0.5609999895095825,0.5640000104904175,0.5519999861717224,0.5619999766349792,71762
2024-03-04,0.5550000071525574,0.5680000185966492,0.5479999780654907,0.5529999732971191,77944
2024-03-05,0.5630000233650208,0.5630000233650208,0.5410000085830688,0.5450000166893005,73284
2024-03-06,0.5400000214576721,0.5460000038146973,0.531000018119812,0.5339999794960022,22070
2024-03-07,0.531000018119812,0.5379999876022339,0.5080000162124634,0.5199999809265137,81438
2024-03-08,0.6499999761581421,0.7200000286102295,0.6309999823570251,0.7200000286102295,6402734
2024-03-11,0.7400000095367432,0.7850000262260437,0.722000002861023,0.7319999933242798,5014978
2024-03-12,0.7400000095367432,0.7580000162124634,0.7200000286102295,0.7300000190734863,1346919
2024-03-13,0.7400000095367432,0.7400000095367432,0.6899999976158142,0.7099999785423279,1297544
2024-03-14,0.7070000171661377,0.7950000166893005,0.7039999961853027,0.7699999809265137,2141534
2024-03-15,0.7699999809265137,0.847000002861023,0.753000020980835,0.8029999732971191,2081988
2024-03-18,0.8080000281333923,0.8379999995231628,0.8050000071525574,0.8299999833106995,1217838
2024-03-19,0.8360000252723694,0.8450000286102295,0.8299999833106995,0.8360000252723694,818075
2024-03-20,0.8420000076293945,0.8420000076293945,0.8130000233650208,0.8299999833106995,452832
2024-03-21,0.8209999799728394,0.8289999961853027,0.7639999985694885,0.8019999861717224,589914
2024-03-22,0.8100000023841858,0.8119999766349792,0.7900000214576721,0.8109999895095825,341148
2024-03-25,0.8080000281333923,0.8199999928474426,0.800000011920929,0.8090000152587891,306471
2024-03-26,0.8100000023841858,0.8180000185966492,0.7979999780654907,0.8050000071525574,275188
2024-03-27,0.8029999732971191,0.8270000219345093,0.800000011920929,0.824999988079071,415580
2024-03-28,0.8259999752044678,0.8840000033378601,0.824999988079071,0.8759999871253967,2095900
2024-04-02,0.8799999952316284,0.9940000176429749,0.8799999952316284,0.9700000286102295,5873062
2024-04-03,0.9890000224113464,0.9890000224113464,0.8799999952316284,0.9079999923706055,3430048
2024-04-04,0.7400000095367432,0.8899999856948853,0.7059999704360962,0.8560000061988831,9372164
2024-04-05,0.871999979019165,0.8899999856948853,0.8230000138282776,0.8299999833106995,3907354
2024-04-08,0.5590000152587891,0.6299999952316284,0.5509999990463257,0.5630000233650208,6778651
2024-04-09,0.5699999928474426,0.5830000042915344,0.5609999895095825,0.5770000219345093,1350865
2024-04-10,0.574999988079071,0.574999988079071,0.550000011920929,0.5519999861717224,1279898
2024-04-11,0.550000011920929,0.550000011920929,0.5199999809265137,0.5429999828338623,1256155
2024-04-12,0.5429999828338623,0.574999988079071,0.5320000052452087,0.5699999928474426,1107328
2024-04-15,0.5699999928474426,0.5830000042915344,0.5580000281333923,0.5640000104904175,1137080
2024-04-16,0.5640000104904175,0.5699999928474426,0.5339999794960022,0.5490000247955322,823893
2024-04-17,0.5400000214576721,0.5550000071525574,0.5379999876022339,0.5400000214576721,295594
2024-04-18,0.5450000166893005,0.550000011920929,0.5299999713897705,0.5400000214576721,339730
2024-04-19,0.5370000004768372,0.5370000004768372,0.5249999761581421,0.5299999713897705,416267
2024-04-22,0.5260000228881836,0.5350000262260437,0.5120000243186951,0.5199999809265137,513301
2024-04-23,0.527999997138977,0.527999997138977,0.49399998784065247,0.5049999952316284,955509
2024-04-24,0.5049999952316284,0.5049999952316284,0.4855000078678131,0.4869999885559082,1024128
2024-04-25,0.4855000078678131,0.4855000078678131,0.46700000762939453,0.47850000858306885,655769
2024-04-26,0.47450000047683716,0.4749999940395355,0.46000000834465027,0.4650000035762787,543813
2024-04-29,0.4650000035762787,0.4794999957084656,0.46399998664855957,0.47600001096725464,667186
2024-04-30,0.4754999876022339,0.49000000953674316,0.4699999988079071,0.4805000126361847,380093
2024-05-02,0.4805000126361847,0.49000000953674316,0.4650000035762787,0.46799999475479126,404880
2024-05-06,0.46000000834465027,0.4724999964237213,0.4300000071525574,0.460999995470047,1169609
2024-05-07,0.4699999988079071,0.4790000021457672,0.460999995470047,0.476500004529953,426759
2024-05-08,0.47099998593330383,0.47099998593330383,0.38199999928474426,0.4194999933242798,7026327
2024-05-09,0.4099999964237213,0.4269999861717224,0.4099999964237213,0.41449999809265137,1257663
2024-05-10,0.41449999809265137,0.4230000078678131,0.4099999964237213,0.41600000858306885,565317
2024-05-13,0.4244999885559082,0.4259999990463257,0.4165000021457672,0.4230000078678131,572333
2024-05-14,0.4259999990463257,0.4259999990463257,0.41600000858306885,0.4205000102519989,483100
2024-05-15,0.41999998688697815,0.429500013589859,0.4165000021457672,0.429500013589859,987177
2024-05-16,0.429500013589859,0.4684999883174896,0.42100000381469727,0.460999995470047,1015896
2024-05-17,0.4620000123977661,0.49549999833106995,0.4620000123977661,0.47200000286102295,980871
2024-05-20,0.4740000069141388,0.4830000102519989,0.46650001406669617,0.47600001096725464,386184
2024-05-21,0.47699999809265137,0.4790000021457672,0.4699999988079071,0.4790000021457672,143207
2024-05-22,0.4790000021457672,0.4794999957084656,0.47099998593330383,0.4749999940395355,175566
2024-05-23,0.47200000286102295,0.5099999904632568,0.47200000286102295,0.49549999833106995,992720
2024-05-24,0.49549999833106995,0.49549999833106995,0.47049999237060547,0.48500001430511475,327143
2024-05-27,0.492000013589859,0.492000013589859,0.47600001096725464,0.47600001096725464,85893
2024-05-28,0.47600001096725464,0.5009999871253967,0.4749999940395355,0.47999998927116394,207886
2024-05-29,0.484499990940094,0.4855000078678131,0.4699999988079071,0.4749999940395355,91772
2024-05-31,0.48100000619888306,0.48100000619888306,0.4580000042915344,0.46000000834465027,164714
2024-06-03,0.46000000834465027,0.47350001335144043,0.46000000834465027,0.47350001335144043,153250
2024-06-04,0.47350001335144043,0.4794999957084656,0.460999995470047,0.46650001406669617,81613
2024-06-05,0.47600001096725464,0.4779999852180481,0.4699999988079071,0.4740000069141388,79137
2024-06-06,0.4740000069141388,0.48100000619888306,0.47099998593330383,0.47600001096725464,65282
2024-06-07,0.47600001096725464,0.47999998927116394,0.4699999988079071,0.476500004529953,60840
2024-06-10,0.476500004529953,0.476500004529953,0.4620000123977661,0.4650000035762787,238629
2024-06-11,0.4650000035762787,0.47999998927116394,0.4650000035762787,0.46950000524520874,84932
2024-06-12,0.46950000524520874,0.4724999964237213,0.46650001406669617,0.4724999964237213,142034
2024-06-13,0.4684999883174896,0.47200000286102295,0.4620000123977661,0.4699999988079071,92215
2024-06-14,0.4699999988079071,0.4724999964237213,0.460999995470047,0.46549999713897705,190013
2024-06-17,0.46799999475479126,0.46799999475479126,0.46000000834465027,0.4645000100135803,153462
2024-06-18,0.4645000100135803,0.4675000011920929,0.46050000190734863,0.46149998903274536,66656
2024-06-19,0.4659999907016754,0.46650001406669617,0.460999995470047,0.46399998664855957,45479
2024-06-20,0.46399998664855957,0.4645000100135803,0.46000000834465027,0.4645000100135803,127027
2024-06-21,0.4645000100135803,0.4645000100135803,0.4569999873638153,0.460999995470047,61051
2024-06-24,0.46050000190734863,0.46399998664855957,0.4580000042915344,0.460999995470047,110551
2024-06-25,0.4634999930858612,0.4634999930858612,0.45750001072883606,0.46000000834465027,43314
2024-06-26,0.46000000834465027,0.4819999933242798,0.4569999873638153,0.47999998927116394,410421
2024-06-27,0.5099999904632568,0.5329999923706055,0.4909999966621399,0.5260000228881836,3042541
2024-06-28,0.5299999713897705,0.5429999828338623,0.5040000081062317,0.515999972820282,927232
2024-07-01,0.5080000162124634,0.5199999809265137,0.5049999952316284,0.5170000195503235,126226
2024-07-02,0.5099999904632568,0.515999972820282,0.49799999594688416,0.49799999594688416,167588
2024-07-03,0.5,0.5090000033378601,0.49799999594688416,0.5049999952316284,50147
2024-07-04,0.5070000290870667,0.5379999876022339,0.5009999871253967,0.527999997138977,340999
2024-07-05,0.527999997138977,0.5350000262260437,0.5149999856948853,0.5239999890327454,166486
2024-07-08,0.5239999890327454,0.5289999842643738,0.515999972820282,0.5249999761581421,99267
2024-07-09,0.527999997138977,0.5299999713897705,0.5109999775886536,0.5199999809265137,203914
2024-07-10,0.5239999890327454,0.5239999890327454,0.5120000243186951,0.5199999809265137,146811
2024-07-11,0.5139999985694885,0.5189999938011169,0.5070000290870667,0.5070000290870667,161417
2024-07-12,0.5090000033378601,0.5109999775886536,0.5049999952316284,0.5099999904632568,53307
2024-07-15,0.5099999904632568,0.5149999856948853,0.503000020980835,0.5099999904632568,160848
2024-07-16,0.5019999742507935,0.5099999904632568,0.5009999871253967,0.5009999871253967,121060
2024-07-17,0.5009999871253967,0.5090000033378601,0.49050000309944153,0.5049999952316284,249832
2024-07-18,0.5,0.5199999809265137,0.49900001287460327,0.5099999904632568,154479
2024-07-19,0.5199999809265137,0.5230000019073486,0.5049999952316284,0.5130000114440918,54182
2024-07-22,0.5099999904632568,0.5130000114440918,0.5009999871253967,0.5019999742507935,119938
2024-07-23,0.5059999823570251,0.5080000162124634,0.4950000047683716,0.49950000643730164,98672
2024-07-24,0.49549999833106995,0.5,0.49000000953674316,0.4945000112056732,161583
2024-07-25,0.49549999833106995,0.5040000081062317,0.49000000953674316,0.5009999871253967,102580
2024-07-26,0.5009999871253967,0.5049999952316284,0.49399998784065247,0.5,113740
2024-07-29,0.5,0.5070000290870667,0.49300000071525574,0.5049999952316284,118042
2024-07-30,0.5049999952316284,0.5090000033378601,0.49300000071525574,0.5059999823570251,105249
2024-07-31,0.5070000290870667,0.5080000162124634,0.5,0.5080000162124634,69858
2024-08-01,0.5080000162124634,0.5080000162124634,0.48100000619888306,0.5,237914
2024-08-02,0.49900001287460327,0.5080000162124634,0.49900001287460327,0.5040000081062317,100875
2024-08-05,0.5009999871253967,0.5009999871253967,0.48100000619888306,0.4970000088214874,301031
2024-08-06,0.48899999260902405,0.49799999594688416,0.48899999260902405,0.4950000047683716,188514
2024-08-07,0.4950000047683716,0.4975000023841858,0.4880000054836273,0.48899999260902405,110398
2024-08-08,0.4869999885559082,0.4970000088214874,0.48500001430511475,0.4950000047683716,44985
2024-08-09,0.4950000047683716,0.49799999594688416,0.4909999966621399,0.49799999594688416,32386
2024-08-12,0.49799999594688416,0.5099999904632568,0.4925000071525574,0.5059999823570251,40095
2024-08-13,0.4934999942779541,0.5070000290870667,0.492000013589859,0.503000020980835,40533
2024-08-14,0.492000013589859,0.5040000081062317,0.492000013589859,0.5019999742507935,83627
2024-08-16,0.5019999742507935,0.5049999952316284,0.4934999942779541,0.5049999952316284,86128
2024-08-19,0.5049999952316284,0.5049999952316284,0.49000000953674316,0.5019999742507935,142746
2024-08-20,0.49300000071525574,0.503000020980835,0.49300000071525574,0.503000020980835,29899
2024-08-21,0.5,0.503000020980835,0.49549999833106995,0.503000020980835,19389
2024-08-22,0.503000020980835,0.5040000081062317,0.4959999918937683,0.5040000081062317,66532
2024-08-23,0.5,0.5099999904632568,0.49900001287460327,0.5099999904632568,177936
2024-08-26,0.5049999952316284,0.5099999904632568,0.5,0.5049999952316284,57345
2024-08-27,0.5090000033378601,0.5360000133514404,0.5090000033378601,0.5220000147819519,307218
2024-08-28,0.5220000147819519,0.6100000143051147,0.5220000147819519,0.5649999976158142,2267468
2024-08-29,0.5509999990463257,0.5600000023841858,0.5260000228881836,0.5400000214576721,693969
2024-08-30,0.531000018119812,0.5440000295639038,0.5239999890327454,0.5389999747276306,213630
2024-09-02,0.5249999761581421,0.6200000047683716,0.5249999761581421,0.5580000281333923,1530086
2024-09-03,0.5580000281333923,0.5740000009536743,0.5569999814033508,0.5580000281333923,464646
2024-09-04,0.5580000281333923,0.5899999737739563,0.550000011920929,0.5799999833106995,858648
2024-09-05,0.5789999961853027,0.5860000252723694,0.5600000023841858,0.5609999895095825,322690
2024-09-06,0.5649999976158142,0.5820000171661377,0.5600000023841858,0.5699999928474426,479891
2024-09-09,0.5690000057220459,0.578000009059906,0.5130000114440918,0.5400000214576721,849366
2024-09-10,0.5440000295639038,0.5490000247955322,0.5400000214576721,0.5450000166893005,31304
2024-09-11,0.5410000085830688,0.5580000281333923,0.5400000214576721,0.5419999957084656,114977
2024-09-12,0.5419999957084656,0.5580000281333923,0.5370000004768372,0.5540000200271606,183366
2024-09-13,0.5410000085830688,0.5600000023841858,0.5410000085830688,0.5519999861717224,126757
2024-09-16,0.5529999732971191,0.5559999942779541,0.5429999828338623,0.550000011920929,39222
2024-09-17,0.5450000166893005,0.550000011920929,0.5370000004768372,0.5450000166893005,131439
2024-09-18,0.5400000214576721,0.5450000166893005,0.5299999713897705,0.531000018119812,223107
2024-09-19,0.5339999794960022,0.5339999794960022,0.5210000276565552,0.5210000276565552,620556
2024-09-20,0.5199999809265137,0.5379999876022339,0.5199999809265137,0.5360000133514404,87129
2024-09-23,0.527999997138977,0.5360000133514404,0.527999997138977,0.5350000262260437,59013
2024-09-24,0.5350000262260437,0.5370000004768372,0.5260000228881836,0.5329999923706055,28121
2024-09-25,0.5260000228881836,0.5339999794960022,0.5230000019073486,0.5230000019073486,30352
2024-09-26,0.5400000214576721,0.550000011920929,0.5260000228881836,0.5400000214576721,97880
2024-09-27,0.5400000214576721,0.5509999990463257,0.531000018119812,0.5479999780654907,211609
2024-09-30,0.5329999923706055,0.5490000247955322,0.5329999923706055,0.5460000038146973,84821
2024-10-01,0.5350000262260437,0.5429999828338623,0.5299999713897705,0.5299999713897705,40286
2024-10-02,0.5350000262260437,0.5600000023841858,0.5350000262260437,0.5400000214576721,94528
2024-10-03,0.5400000214576721,0.5460000038146973,0.5299999713897705,0.5339999794960022,81974
2024-10-04,0.5389999747276306,0.5460000038146973,0.5299999713897705,0.531000018119812,74564
2024-10-07,0.5410000085830688,0.5410000085830688,0.5149999856948853,0.5299999713897705,163597
2024-10-08,0.5360000133514404,0.5410000085830688,0.5260000228881836,0.5339999794960022,113280
2024-10-09,0.5260000228881836,0.5400000214576721,0.5260000228881836,0.5400000214576721,149106
2024-10-10,0.5400000214576721,0.5400000214576721,0.527999997138977,0.5400000214576721,73273
2024-10-11,0.5400000214576721,0.5440000295639038,0.5339999794960022,0.5360000133514404,93490
2024-10-14,0.5350000262260437,0.5400000214576721,0.5339999794960022,0.5339999794960022,69752
2024-10-15,0.5339999794960022,0.5410000085830688,0.531000018119812,0.5339999794960022,163625
2024-10-16,0.5400000214576721,0.5419999957084656,0.5339999794960022,0.5339999794960022,110156
2024-10-17,0.5329999923706055,0.5419999957084656,0.531000018119812,0.531000018119812,117445
2024-10-18,0.5320000052452087,0.6430000066757202,0.5299999713897705,0.6029999852180481,5634750
2024-10-21,0.6000000238418579,0.6570000052452087,0.5849999785423279,0.6050000190734863,2765621
2024-10-22,0.6050000190734863,0.6190000176429749,0.5799999833106995,0.5870000123977661,684737
2024-10-23,0.5879999995231628,0.597000002861023,0.5759999752044678,0.5889999866485596,285677
2024-10-24,0.5879999995231628,0.609000027179718,0.5879999995231628,0.6019999980926514,173703
2024-10-25,0.609000027179718,0.609000027179718,0.5899999737739563,0.5960000157356262,169092
2024-10-28,0.5989999771118164,0.609000027179718,0.5899999737739563,0.5950000286102295,200440
2024-10-29,0.5950000286102295,0.609000027179718,0.5910000205039978,0.609000027179718,191300
2024-10-30,0.6159999966621399,0.6299999952316284,0.6140000224113464,0.6179999709129333,771602
2024-10-31,0.625,0.625,0.6060000061988831,0.6150000095367432,168752
2024-11-04,0.6100000143051147,0.6359999775886536,0.6019999980926514,0.625,361952
2024-11-05,0.6190000176429749,0.625,0.6140000224113464,0.621999979019165,217553
2024-11-06,0.621999979019165,0.6299999952316284,0.6159999966621399,0.6290000081062317,155417
2024-11-07,0.6299999952316284,0.6399999856948853,0.621999979019165,0.6309999823570251,342010
2024-11-08,0.625,0.6370000243186951,0.6240000128746033,0.6340000033378601,144743
2024-11-12,0.6340000033378601,0.6380000114440918,0.6169999837875366,0.6290000081062317,177494
2024-11-13,0.6290000081062317,0.6299999952316284,0.6100000143051147,0.621999979019165,228452
2024-11-14,0.6100000143051147,0.6480000019073486,0.5950000286102295,0.6349999904632568,617913
2024-11-15,0.6389999985694885,0.6389999985694885,0.6129999756813049,0.6190000176429749,196697
2024-11-18,0.6200000047683716,0.625,0.6129999756813049,0.6179999709129333,121635
2024-11-19,0.6230000257492065,0.6230000257492065,0.6010000109672546,0.6060000061988831,277273
2024-11-20,0.6060000061988831,0.6150000095367432,0.6019999980926514,0.6060000061988831,57723
2024-11-21,0.6060000061988831,0.6079999804496765,0.597000002861023,0.6010000109672546,282955
2024-11-22,0.5989999771118164,0.6069999933242798,0.5979999899864197,0.6050000190734863,100745
2024-11-25,0.6000000238418579,0.609000027179718,0.5979999899864197,0.6050000190734863,145553
2024-11-26,0.6010000109672546,0.6069999933242798,0.6000000238418579,0.6039999723434448,69466
2024-11-27,0.6050000190734863,0.6050000190734863,0.593999981880188,0.6000000238418579,97704
2024-11-28,0.5950000286102295,0.6029999852180481,0.5929999947547913,0.6000000238418579,60334
2024-11-29,0.5920000076293945,0.6010000109672546,0.5899999737739563,0.5989999771118164,197454
2024-12-02,0.5989999771118164,0.5989999771118164,0.5879999995231628,0.5950000286102295,98448
2024-12-03,0.5899999737739563,0.5989999771118164,0.5849999785423279,0.593999981880188,110083
2024-12-04,0.593999981880188,0.5960000157356262,0.5920000076293945,0.5929999947547913,29386
2024-12-05,0.5929999947547913,0.593999981880188,0.5910000205039978,0.593999981880188,75795
2024-12-06,0.5920000076293945,0.5989999771118164,0.5899999737739563,0.5960000157356262,109839
2024-12-09,0.5910000205039978,0.5950000286102295,0.5860000252723694,0.5950000286102295,80644
2024-12-10,0.5960000157356262,0.5960000157356262,0.5820000171661377,0.5950000286102295,153165
2024-12-11,0.5950000286102295,0.5960000157356262,0.5839999914169312,0.593999981880188,177443
2024-12-12,0.593999981880188,0.6019999980926514,0.5849999785423279,0.6019999980926514,153938
2024-12-13,0.6420000195503235,0.6449999809265137,0.5960000157356262,0.6019999980926514,736746
2024-12-16,0.6100000143051147,0.6100000143051147,0.6000000238418579,0.6079999804496765,99391
2024-12-17,0.6010000109672546,0.6060000061988831,0.5989999771118164,0.5989999771118164,379606
2024-12-18,0.5979999899864197,0.6050000190734863,0.597000002861023,0.6019999980926514,64001
2024-12-19,0.597000002861023,0.6050000190734863,0.5910000205039978,0.6000000238418579,199206
2024-12-20,0.6000000238418579,0.6019999980926514,0.5920000076293945,0.5950000286102295,73028
2024-12-23,0.5950000286102295,0.6000000238418579,0.5899999737739563,0.5989999771118164,496535
2024-12-27,0.5989999771118164,0.6069999933242798,0.5950000286102295,0.6010000109672546,67553
2024-12-30,0.6010000109672546,0.6100000143051147,0.6000000238418579,0.609000027179718,191899
2025-01-02,0.6029999852180481,0.6200000047683716,0.6029999852180481,0.6150000095367432,255556
2025-01-03,0.6190000176429749,0.6389999985694885,0.6140000224113464,0.6290000081062317,249299
2025-01-07,0.6290000081062317,0.6499999761581421,0.6290000081062317,0.6389999985694885,378601
2025-01-08,0.6399999856948853,0.6460000276565552,0.6290000081062317,0.6340000033378601,127646
2025-01-09,0.6340000033378601,0.6380000114440918,0.6290000081062317,0.6370000243186951,97089
2025-01-10,0.6380000114440918,0.6399999856948853,0.6320000290870667,0.6359999775886536,94658
2025-01-13,0.6399999856948853,0.6449999809265137,0.6299999952316284,0.6309999823570251,129580
2025-01-14,0.6389999985694885,0.6389999985694885,0.6309999823570251,0.6359999775886536,68938
2025-01-15,0.6389999985694885,0.6399999856948853,0.6309999823570251,0.6399999856948853,114613
2025-01-16,0.6399999856948853,0.6499999761581421,0.6359999775886536,0.6449999809265137,187687
2025-01-17,0.6460000276565552,0.6600000262260437,0.6430000066757202,0.6579999923706055,840871
2025-01-20,0.6549999713897705,0.6589999794960022,0.6449999809265137,0.6499999761581421,338538
2025-01-21,0.6499999761581421,0.6499999761581421,0.6359999775886536,0.6399999856948853,83236
2025-01-22,0.6480000019073486,0.6480000019073486,0.6330000162124634,0.6380000114440918,103143
2025-01-23,0.6389999985694885,0.6439999938011169,0.6299999952316284,0.6330000162124634,68567
2025-01-24,0.6330000162124634,0.6370000243186951,0.6209999918937683,0.6320000290870667,261283
2025-01-27,0.6299999952316284,0.6359999775886536,0.625,0.6320000290870667,81375
2025-01-28,0.6340000033378601,0.6399999856948853,0.6240000128746033,0.6290000081062317,149744
2025-01-29,0.6290000081062317,0.6800000071525574,0.621999979019165,0.6349999904632568,1167162
2025-01-30,0.6470000147819519,0.6769999861717224,0.6399999856948853,0.6520000100135803,1294484
2025-01-31,0.652999997138977,0.6539999842643738,0.6399999856948853,0.6439999938011169,150884
2025-02-03,0.6439999938011169,0.6510000228881836,0.6370000243186951,0.6439999938011169,127770
2025-02-04,0.6380000114440918,0.6439999938011169,0.6380000114440918,0.6389999985694885,88013
2025-02-05,0.6370000243186951,0.640999972820282,0.6290000081062317,0.6359999775886536,135026
2025-02-06,0.6359999775886536,0.640999972820282,0.6290000081062317,0.6399999856948853,102260
2025-02-07,0.6399999856948853,0.6510000228881836,0.6309999823570251,0.640999972820282,229953
2025-02-10,0.640999972820282,0.6600000262260437,0.6349999904632568,0.6600000262260437,394605
2025-02-11,0.6600000262260437,0.6600000262260437,0.6499999761581421,0.656000018119812,82113
2025-02-12,0.6570000052452087,0.6669999957084656,0.6499999761581421,0.6520000100135803,312935
2025-02-13,0.6539999842643738,0.6600000262260437,0.6420000195503235,0.6420000195503235,194772
2025-02-14,0.6480000019073486,0.6520000100135803,0.6399999856948853,0.6470000147819519,179800
2025-02-17,0.6480000019073486,0.6499999761581421,0.6399999856948853,0.6489999890327454,218145
2025-02-18,0.6489999890327454,0.671999990940094,0.6489999890327454,0.6690000295639038,383087
2025-02-19,0.6710000038146973,0.6710000038146973,0.6600000262260437,0.6679999828338623,170277
2025-02-20,0.6679999828338623,0.6679999828338623,0.6600000262260437,0.6650000214576721,74472
2025-02-21,0.6650000214576721,0.6840000152587891,0.6650000214576721,0.6700000166893005,347020
2025-02-24,0.6700000166893005,0.6769999861717224,0.6600000262260437,0.6700000166893005,305343
2025-02-25,0.6700000166893005,0.6700000166893005,0.6399999856948853,0.656000018119812,416741
2025-02-26,0.6570000052452087,0.6570000052452087,0.628000020980835,0.6349999904632568,418647
2025-02-27,0.6349999904632568,0.6349999904632568,0.6000000238418579,0.628000020980835,690174
2025-02-28,0.6320000290870667,0.6320000290870667,0.6200000047683716,0.6259999871253967,130854
2025-03-03,0.6200000047683716,0.6259999871253967,0.6050000190734863,0.6190000176429749,180989
2025-03-04,0.6119999885559082,0.6179999709129333,0.6000000238418579,0.6029999852180481,347037
2025-03-05,0.6029999852180481,0.6190000176429749,0.6029999852180481,0.6150000095367432,147117
2025-03-06,0.6150000095367432,0.6209999918937683,0.6110000014305115,0.6110000014305115,75904
2025-03-07,0.6200000047683716,0.6200000047683716,0.6129999756813049,0.6200000047683716,54618
2025-03-10,0.6200000047683716,0.6200000047683716,0.6119999885559082,0.6179999709129333,86091
2025-03-11,0.6200000047683716,0.6639999747276306,0.6140000224113464,0.628000020980835,550456
2025-03-12,0.6370000243186951,0.6480000019073486,0.628000020980835,0.6480000019073486,199523
2025-03-13,0.6480000019073486,0.6549999713897705,0.6399999856948853,0.6480000019073486,239547
2025-03-14,0.6460000276565552,0.6499999761581421,0.6380000114440918,0.6399999856948853,146316
2025-03-17,0.6399999856948853,0.6470000147819519,0.6200000047683716,0.6320000290870667,220201
2025-03-18,0.6320000290870667,0.6430000066757202,0.6320000290870667,0.6430000066757202,128230
2025-03-19,0.6399999856948853,0.6460000276565552,0.6309999823570251,0.6420000195503235,81726
2025-03-20,0.6430000066757202,0.6430000066757202,0.6299999952316284,0.6399999856948853,64943
2025-03-21,0.6399999856948853,0.6420000195503235,0.6299999952316284,0.6420000195503235,38235
2025-03-24,0.6460000276565552,0.6499999761581421,0.6420000195503235,0.6499999761581421,101611
2025-03-25,0.6499999761581421,0.6499999761581421,0.6320000290870667,0.6449999809265137,81855
2025-03-26,0.6489999890327454,0.6489999890327454,0.6349999904632568,0.6430000066757202,102758
2025-03-27,0.6430000066757202,0.6549999713897705,0.6389999985694885,0.6420000195503235,327893
2025-03-28,0.6480000019073486,0.6679999828338623,0.6430000066757202,0.6430000066757202,155839
2025-03-31,0.6439999938011169,0.656000018119812,0.6349999904632568,0.6420000195503235,170082
2025-04-01,0.6449999809265137,0.6449999809265137,0.6330000162124634,0.640999972820282,132888
2025-04-02,0.640999972820282,0.6420000195503235,0.6320000290870667,0.6389999985694885,82167
2025-04-03,0.6370000243186951,0.6370000243186951,0.628000020980835,0.6290000081062317,114157
2025-04-04,0.6380000114440918,0.6380000114440918,0.6150000095367432,0.625,181600
2025-04-07,0.6150000095367432,0.6230000257492065,0.5879999995231628,0.6150000095367432,749292
2025-04-08,0.6240000128746033,0.6299999952316284,0.6079999804496765,0.6200000047683716,162464
2025-04-09,0.6179999709129333,0.6240000128746033,0.6100000143051147,0.6119999885559082,80940
2025-04-10,0.6200000047683716,0.628000020980835,0.6129999756813049,0.6190000176429749,105893
2025-04-11,0.6129999756813049,0.6190000176429749,0.6100000143051147,0.6169999837875366,62342
2025-04-14,0.6200000047683716,0.6230000257492065,0.6150000095367432,0.6169999837875366,101508
2025-04-15,0.6159999966621399,0.6209999918937683,0.6150000095367432,0.6159999966621399,75393
2025-04-16,0.6140000224113464,0.6150000095367432,0.593999981880188,0.6110000014305115,266475
2025-04-17,0.6069999933242798,0.6259999871253967,0.6069999933242798,0.6259999871253967,131412
2025-04-22,0.6259999871253967,0.6940000057220459,0.6200000047683716,0.6840000152587891,1781577
2025-04-23,0.7200000286102295,0.7250000238418579,0.6909999847412109,0.6970000267028809,2077340
2025-04-24,0.699999988079071,0.699999988079071,0.6819999814033508,0.6890000104904175,284904
2025-04-25,0.6890000104904175,0.6919999718666077,0.6499999761581421,0.6700000166893005,513040
2025-04-28,0.6679999828338623,0.6769999861717224,0.6600000262260437,0.6710000038146973,516861
2025-04-29,0.6700000166893005,0.6899999976158142,0.6620000004768372,0.6669999957084656,345849
2025-04-30,0.6819999814033508,0.6990000009536743,0.6779999732971191,0.6880000233650208,1138017
2025-05-02,0.6840000152587891,0.6859999895095825,0.6740000247955322,0.6790000200271606,268308
2025-05-05,0.675000011920929,0.6880000233650208,0.6740000247955322,0.6840000152587891,147689
2025-05-06,0.6840000152587891,0.6880000233650208,0.6420000195503235,0.6549999713897705,1031889
2025-05-07,0.6620000004768372,0.6660000085830688,0.6579999923706055,0.6629999876022339,61745
2025-05-08,0.6629999876022339,0.6650000214576721,0.6549999713897705,0.6650000214576721,65343
2025-05-09,0.6629999876022339,0.6650000214576721,0.6579999923706055,0.6620000004768372,145596
2025-05-12,0.6600000262260437,0.6639999747276306,0.6510000228881836,0.6610000133514404,129255
2025-05-13,0.6610000133514404,0.6650000214576721,0.6600000262260437,0.6650000214576721,182403
2025-05-14,0.6650000214576721,0.6759999990463257,0.6539999842643738,0.6620000004768372,558154
2025-05-15,0.6620000004768372,0.671999990940094,0.6589999794960022,0.6679999828338623,137086
2025-05-16,0.6610000133514404,0.6679999828338623,0.6579999923706055,0.6650000214576721,152314
2025-05-19,0.6650000214576721,0.6650000214576721,0.6499999761581421,0.6610000133514404,209064
2025-05-20,0.6610000133514404,0.6629999876022339,0.6499999761581421,0.6629999876022339,190202
2025-05-21,0.6629999876022339,0.6629999876022339,0.6520000100135803,0.652999997138977,120309
2025-05-22,0.6520000100135803,0.656000018119812,0.6510000228881836,0.656000018119812,90734
2025-05-23,0.652999997138977,0.6570000052452087,0.6470000147819519,0.6570000052452087,208230
2025-05-26,0.6499999761581421,0.6570000052452087,0.6499999761581421,0.656000018119812,179440
2025-05-27,0.656000018119812,0.656000018119812,0.6299999952316284,0.640999972820282,360602
2025-05-28,0.6349999904632568,0.6549999713897705,0.6320000290870667,0.6470000147819519,140407
2025-05-29,0.652999997138977,0.6570000052452087,0.6389999985694885,0.6460000276565552,57809
2025-05-30,0.6489999890327454,0.6489999890327454,0.6370000243186951,0.6460000276565552,145356
2025-06-02,0.6389999985694885,0.6389999985694885,0.6330000162124634,0.6370000243186951,217868
2025-06-03,0.675000011920929,0.6859999895095825,0.6600000262260437,0.6700000166893005,1494510
2025-06-04,0.6700000166893005,0.6850000023841858,0.6679999828338623,0.6800000071525574,294309
2025-06-05,0.6809999942779541,0.6859999895095825,0.6790000200271606,0.6840000152587891,47610
2025-06-06,0.6840000152587891,0.6890000104904175,0.6790000200271606,0.6850000023841858,142037
2025-06-09,0.6869999766349792,0.6890000104904175,0.6729999780654907,0.6800000071525574,564637
2025-06-10,0.6800000071525574,0.7799999713897705,0.6700000166893005,0.7239999771118164,3747777
2025-06-11,0.7400000095367432,0.7689999938011169,0.734000027179718,0.7599999904632568,3261150
2025-06-12,0.7649999856948853,0.7689999938011169,0.753000020980835,0.7570000290870667,1249935
2025-06-13,0.7540000081062317,0.7590000033378601,0.7440000176429749,0.7480000257492065,651808
2025-06-16,0.7450000047683716,0.7670000195503235,0.7409999966621399,0.753000020980835,571369
2025-06-17,0.7540000081062317,0.7590000033378601,0.7509999871253967,0.7549999952316284,235527
2025-06-18,0.7580000162124634,0.7879999876022339,0.7559999823570251,0.7720000147819519,771999
2025-06-20,0.7850000262260437,0.8199999928474426,0.777999997138977,0.8090000152587891,1147825
2025-06-23,0.8100000023841858,0.8169999718666077,0.7900000214576721,0.8040000200271606,410086
2025-06-24,0.8080000281333923,0.8190000057220459,0.8040000200271606,0.8149999976158142,234569
2025-06-25,0.8169999718666077,0.8289999961853027,0.8169999718666077,0.8209999799728394,530957
2025-06-26,0.8259999752044678,0.8270000219345093,0.8140000104904175,0.8270000219345093,579253
2025-06-27,0.8289999961853027,0.8399999737739563,0.828000009059906,0.8349999785423279,583408
2025-06-30,0.8379999995231628,0.8399999737739563,0.7620000243186951,0.8289999961853027,1720503
2025-07-01,0.8489999771118164,0.8500000238418579,0.8190000057220459,0.828000009059906,3261516
2025-07-02,0.8299999833106995,0.8550000190734863,0.8190000057220459,0.8500000238418579,3694703
2025-07-03,0.8420000076293945,0.8519999980926514,0.8389999866485596,0.843999981880188,5320974
2025-07-04,0.2694999873638153,0.29600000381469727,0.2639999985694885,0.29600000381469727,10903984
2025-07-07,0.29600000381469727,0.29600000381469727,0.29600000381469727,0.29600000381469727,0
2025-07-08,0.4480000138282776,0.5,0.382999986410141,0.49900001287460327,12125481
2025-07-09,0.5,0.6579999923706055,0.5,0.550000011920929,18197112
2025-07-10,0.5799999833106995,0.5899999737739563,0.5,0.5210000276565552,6811166
2025-07-11,0.5109999775886536,0.5680000185966492,0.5109999775886536,0.5609999895095825,7999134
2025-07-14,0.5799999833106995,0.6489999890327454,0.5630000233650208,0.6399999856948853,7576715
2025-07-15,0.6499999761581421,0.699999988079071,0.6430000066757202,0.6629999876022339,6889163
2025-07-16,0.6600000262260437,0.6600000262260437,0.593999981880188,0.6100000143051147,4766986
2025-07-17,0.6100000143051147,0.6439999938011169,0.5799999833106995,0.6079999804496765,3520275
2025-07-18,0.6100000143051147,0.6259999871253967,0.6000000238418579,0.6019999980926514,1671810
2025-07-21,0.6039999723434448,0.6100000143051147,0.5649999976158142,0.5699999928474426,2966800
2025-07-22,0.5699999928474426,0.5770000219345093,0.5139999985694885,0.5230000019073486,3751822
2025-07-23,0.5239999890327454,0.5960000157356262,0.5230000019073486,0.5630000233650208,3685498
2025-07-24,0.5680000185966492,0.5839999914169312,0.550000011920929,0.550000011920929,1270553
2025-07-25,0.5590000152587891,0.5659999847412109,0.527999997138977,0.5400000214576721,1543169
2025-07-28,0.5479999780654907,0.5529999732971191,0.5299999713897705,0.531000018119812,939920
2025-07-29,0.5320000052452087,0.5329999923706055,0.5260000228881836,0.5320000052452087,683345
2025-07-30,0.5320000052452087,0.5600000023841858,0.527999997138977,0.5410000085830688,1126969
2025-07-31,0.5479999780654907,0.550000011920929,0.5339999794960022,0.5429999828338623,530716
2025-08-01,0.5389999747276306,0.5389999747276306,0.5299999713897705,0.5350000262260437,422000
2025-08-04,0.5379999876022339,0.5379999876022339,0.5220000147819519,0.5320000052452087,519247
2025-08-05,0.5320000052452087,0.5320000052452087,0.5080000162124634,0.5189999938011169,1354942
2025-08-06,0.5189999938011169,0.5260000228881836,0.5120000243186951,0.5170000195503235,634448
2025-08-07,0.5199999809265137,0.5270000100135803,0.5130000114440918,0.5149999856948853,1002977
2025-08-08,0.5199999809265137,0.5260000228881836,0.5120000243186951,0.5149999856948853,399125
2025-08-11,0.5210000276565552,0.550000011920929,0.5180000066757202,0.5389999747276306,986386
2025-08-12,0.5460000038146973,0.5649999976158142,0.5249999761581421,0.527999997138977,1674661
2025-08-13,0.5350000262260437,0.5410000085830688,0.5049999952316284,0.5199999809265137,1307118
2025-08-14,0.5239999890327454,0.5249999761581421,0.5149999856948853,0.5210000276565552,408006
2025-08-18,0.5239999890327454,0.5289999842643738,0.515999972820282,0.5199999809265137,295560
2025-08-19,0.5270000100135803,0.5320000052452087,0.5189999938011169,0.5189999938011169,326695
2025-08-20,0.5239999890327454,0.5270000100135803,0.515999972820282,0.5199999809265137,165212
2025-08-21,0.5220000147819519,0.5220000147819519,0.5099999904632568,0.5120000243186951,620649
2025-08-22,0.5109999775886536,0.5189999938011169,0.5070000290870667,0.5080000162124634,701447
2025-08-25,0.5080000162124634,0.515999972820282,0.5059999823570251,0.5139999985694885,199258
2025-08-26,0.5170000195503235,0.5180000066757202,0.5099999904632568,0.5130000114440918,169442
2025-08-27,0.5180000066757202,0.5199999809265137,0.5090000033378601,0.5120000243186951,323573
2025-08-28,0.5149999856948853,0.5180000066757202,0.5049999952316284,0.5130000114440918,377798
2025-08-29,0.5120000243186951,0.5180000066757202,0.5109999775886536,0.5130000114440918,165379
2025-09-01,0.5130000114440918,0.5249999761581421,0.5099999904632568,0.5249999761581421,404402
2025-09-02,0.5299999713897705,0.5320000052452087,0.5120000243186951,0.5220000147819519,503253
2025-09-03,0.5270000100135803,0.5350000262260437,0.5149999856948853,0.5350000262260437,371290
2025-09-04,0.5350000262260437,0.5370000004768372,0.5249999761581421,0.5299999713897705,465991
2025-09-05,0.5299999713897705,0.5350000262260437,0.5249999761581421,0.527999997138977,149543
2025-09-08,0.527999997138977,0.5360000133514404,0.5199999809265137,0.5249999761581421,269891
2025-09-09,0.5270000100135803,0.5299999713897705,0.5199999809265137,0.5199999809265137,161114
2025-09-10,0.5199999809265137,0.5270000100135803,0.5059999823570251,0.5109999775886536,680204
2025-09-11,0.5109999775886536,0.5189999938011169,0.5090000033378601,0.5099999904632568,370752
2025-09-12,0.5080000162124634,0.5189999938011169,0.5080000162124634,0.5099999904632568,390288
2025-09-15,0.515999972820282,0.5199999809265137,0.5099999904632568,0.5189999938011169,204534
2025-09-16,0.5199999809265137,0.5239999890327454,0.5120000243186951,0.5199999809265137,265146
2025-09-17,0.5120000243186951,0.5220000147819519,0.5120000243186951,0.5189999938011169,171218
2025-09-18,0.5199999809265137,0.5199999809265137,0.5099999904632568,0.5149999856948853,233441
2025-09-19,0.5189999938011169,0.5199999809265137,0.5099999904632568,0.5149999856948853,152825
2025-09-22,0.5149999856948853,0.5189999938011169,0.5099999904632568,0.5180000066757202,296964
2025-09-23,0.5189999938011169,0.5189999938011169,0.5109999775886536,0.5120000243186951,174223
2025-09-24,0.5120000243186951,0.5189999938011169,0.5109999775886536,0.5149999856948853,119342
2025-09-25,0.5120000243186951,0.5180000066757202,0.5109999775886536,0.5170000195503235,110797
2025-09-26,0.5120000243186951,0.5180000066757202,0.5099999904632568,0.5139999985694885,73783
2025-09-29,0.5170000195503235,0.5170000195503235,0.5080000162124634,0.5139999985694885,256882
2025-09-30,0.5139999985694885,0.515999972820282,0.5099999904632568,0.5109999775886536,125282
2025-10-01,0.5149999856948853,0.515999972820282,0.5080000162124634,0.5080000162124634,213856
2025-10-02,0.515999972820282,0.5189999938011169,0.5080000162124634,0.5170000195503235,192665
2025-10-03,0.5180000066757202,0.5199999809265137,0.5120000243186951,0.5180000066757202,64575
2025-10-06,0.5199999809265137,0.5199999809265137,0.5099999904632568,0.5099999904632568,319132
2025-10-07,0.5109999775886536,0.515999972820282,0.5080000162124634,0.5149999856948853,113189
2025-10-08,0.5149999856948853,0.515999972820282,0.5099999904632568,0.5099999904632568,176853
2025-10-09,0.5099999904632568,0.515999972820282,0.5099999904632568,0.5149999856948853,143665
2025-10-10,0.515999972820282,0.5400000214576721,0.5130000114440918,0.5249999761581421,652259
2025-10-13,0.5299999713897705,0.5339999794960022,0.5230000019073486,0.5339999794960022,185631
2025-10-14,0.5339999794960022,0.5400000214576721,0.5299999713897705,0.5299999713897705,412566
2025-10-15,0.5299999713897705,0.546999990940094,0.5299999713897705,0.5440000295639038,513465
2025-10-16,0.5410000085830688,0.5580000281333923,0.5379999876022339,0.5410000085830688,652601
2025-10-17,0.5460000038146973,0.5479999780654907,0.531000018119812,0.5410000085830688,219018
2025-10-20,0.5410000085830688,0.550000011920929,0.5329999923706055,0.5479999780654907,595143
2025-10-21,0.550000011920929,0.5519999861717224,0.5389999747276306,0.5389999747276306,248117
2025-10-22,0.5400000214576721,0.546999990940094,0.5360000133514404,0.5450000166893005,142750
2025-10-23,0.5460000038146973,0.5479999780654907,0.5389999747276306,0.5429999828338623,116464
2025-10-24,0.5440000295639038,0.5490000247955322,0.5419999957084656,0.5479999780654907,37159
2025-10-27,0.5479999780654907,0.5550000071525574,0.5460000038146973,0.5529999732971191,217637
2025-10-28,0.5550000071525574,0.5559999942779541,0.5450000166893005,0.5540000200271606,119961
2025-10-29,0.5540000200271606,0.5889999866485596,0.5490000247955322,0.5759999752044678,1852861
2025-10-30,0.5799999833106995,0.6019999980926514,0.5699999928474426,0.6019999980926514,1488242
2025-10-31,0.6029999852180481,0.6399999856948853,0.6029999852180481,0.6299999952316284,2300663
2025-11-03,0.6399999856948853,0.6499999761581421,0.6299999952316284,0.6330000162124634,729429
2025-11-04,0.6389999985694885,0.6399999856948853,0.6010000109672546,0.6069999933242798,428193
2025-11-05,0.6069999933242798,0.6150000095367432,0.5740000009536743,0.5799999833106995,1417005
2025-11-06,0.5899999737739563,0.6039999723434448,0.5799999833106995,0.5899999737739563,564721
2025-11-07,0.5839999914169312,0.5960000157356262,0.5699999928474426,0.5799999833106995,522227
2025-11-10,0.5889999866485596,0.5889999866485596,0.5699999928474426,0.5799999833106995,173634
2025-11-12,0.5830000042915344,0.5979999899864197,0.5740000009536743,0.5809999704360962,381450
2025-11-13,0.5899999737739563,0.6000000238418579,0.5600000023841858,0.593999981880188,910170
2025-11-14,0.593999981880188,0.593999981880188,0.5720000267028809,0.5789999961853027,192287
2025-11-17,0.5789999961853027,0.5820000171661377,0.5699999928474426,0.578000009059906,88091
2025-11-18,0.5730000138282776,0.578000009059906,0.5630000233650208,0.5630000233650208,261175
2025-11-19,0.5649999976158142,0.5820000171661377,0.5630000233650208,0.574999988079071,303521
2025-11-20,0.5799999833106995,0.5799999833106995,0.5580000281333923,0.5659999847412109,355830
2025-11-21,0.5569999814033508,0.5669999718666077,0.550000011920929,0.5519999861717224,380406
2025-11-24,0.5590000152587891,0.5590000152587891,0.5350000262260437,0.5479999780654907,407853
2025-11-25,0.546999990940094,0.5479999780654907,0.531000018119812,0.5440000295639038,423489
2025-11-26,0.5440000295639038,0.5460000038146973,0.5370000004768372,0.5440000295639038,188504
2025-11-27,0.546999990940094,0.546999990940094,0.5350000262260437,0.5429999828338623,97659
2025-11-28,0.5429999828338623,0.5460000038146973,0.5400000214576721,0.5450000166893005,115994
2025-12-01,0.5460000038146973,0.5580000281333923,0.5400000214576721,0.5569999814033508,347825
2025-12-02,0.5580000281333923,0.5659999847412109,0.5509999990463257,0.5540000200271606,140937
2025-12-03,0.5649999976158142,0.5649999976158142,0.5550000071525574,0.5550000071525574,160371
2025-12-04,0.5550000071525574,0.5640000104904175,0.5550000071525574,0.5619999766349792,123244
2025-12-05,0.5460000038146973,0.5630000233650208,0.5460000038146973,0.5580000281333923,105417
2025-12-08,0.5619999766349792,0.5630000233650208,0.5400000214576721,0.5460000038146973,228457
2025-12-09,0.550000011920929,0.5569999814033508,0.5400000214576721,0.5519999861717224,110071
2025-12-10,0.5519999861717224,0.5550000071525574,0.5400000214576721,0.5419999957084656,268274
2025-12-11,0.5419999957084656,0.5519999861717224,0.5419999957084656,0.550000011920929,171326
2025-12-12,0.550000011920929,0.5590000152587891,0.5460000038146973,0.5460000038146973,437867
2025-12-15,0.550000011920929,0.5509999990463257,0.5289999842643738,0.5360000133514404,523734
2025-12-16,0.5379999876022339,0.5379999876022339,0.5320000052452087,0.5360000133514404,151126
2025-12-17,0.5360000133514404,0.5360000133514404,0.5189999938011169,0.5299999713897705,407233
2025-12-18,0.5299999713897705,0.5350000262260437,0.5230000019073486,0.531000018119812,168353
2025-12-19,0.5299999713897705,0.5370000004768372,0.5230000019073486,0.5299999713897705,280254
2025-12-22,0.5249999761581421,0.5400000214576721,0.5199999809265137,0.5360000133514404,620710
2025-12-23,0.5400000214576721,0.5400000214576721,0.5299999713897705,0.5329999923706055,180899
2025-12-29,0.5329999923706055,0.550000011920929,0.5299999713897705,0.5410000085830688,759857
2025-12-30,0.5450000166893005,0.5509999990463257,0.5299999713897705,0.5329999923706055,192829
2026-01-02,0.5450000166893005,0.5550000071525574,0.5339999794960022,0.550000011920929,346748
2026-01-05,0.550000011920929,0.550000011920929,0.5419999957084656,0.5419999957084656,250813
2026-01-07,0.5419999957084656,0.5490000247955322,0.5400000214576721,0.5440000295639038,295840
2026-01-08,0.546999990940094,0.546999990940094,0.5360000133514404,0.5450000166893005,179523
2026-01-09,0.550000011920929,0.574999988079071,0.5460000038146973,0.5669999718666077,697637
2026-01-12,0.5740000009536743,0.5879999995231628,0.5600000023841858,0.5860000252723694,440763
2026-01-13,0.5899999737739563,0.625,0.5899999737739563,0.5979999899864197,1173314
2026-01-14,0.5950000286102295,0.6100000143051147,0.5910000205039978,0.6029999852180481,310321
2026-01-15,0.609000027179718,0.6100000143051147,0.5899999737739563,0.6029999852180481,325255
2026-01-16,0.6019999980926514,0.6100000143051147,0.5899999737739563,0.5929999947547913,362186
2026-01-19,0.5910000205039978,0.6000000238418579,0.5910000205039978,0.5979999899864197,90083
2026-01-20,0.6029999852180481,0.6029999852180481,0.5799999833106995,0.5870000123977661,165141
2026-01-21,0.5870000123977661,0.6000000238418579,0.5799999833106995,0.5889999866485596,182595
2026-01-22,0.5929999947547913,0.5989999771118164,0.5830000042915344,0.593999981880188,196873
2026-01-23,0.593999981880188,0.5989999771118164,0.5839999914169312,0.5899999737739563,204805
2026-01-26,0.5899999737739563,0.5910000205039978,0.5789999961853027,0.5799999833106995,334501
2026-01-27,0.5799999833106995,0.5879999995231628,0.574999988079071,0.5839999914169312,87065
2026-01-28,0.5799999833106995,0.5839999914169312,0.5699999928474426,0.5799999833106995,193089
2026-01-29,0.5830000042915344,0.5849999785423279,0.5699999928474426,0.5799999833106995,336074
2026-01-30,0.5870000123977661,0.5870000123977661,0.5699999928474426,0.5799999833106995,219513
2026-02-02,0.5789999961853027,0.5789999961853027,0.5709999799728394,0.5730000138282776,131106
2026-02-03,0.574999988079071,0.574999988079071,0.5649999976158142,0.5649999976158142,157877
2026-02-04,0.5649999976158142,0.5759999752044678,0.5649999976158142,0.5759999752044678,150016
2026-02-05,0.5759999752044678,0.5759999752044678,0.5640000104904175,0.5649999976158142,240096
2026-02-06,0.5699999928474426,0.5709999799728394,0.5550000071525574,0.5640000104904175,221612
2026-02-09,0.5680000185966492,0.5699999928474426,0.5580000281333923,0.5590000152587891,209131
2026-02-10,0.5659999847412109,0.5680000185966492,0.5550000071525574,0.5569999814033508,154757
2026-02-11,0.5559999942779541,0.5690000057220459,0.5550000071525574,0.5609999895095825,104260
2026-02-12,0.5680000185966492,0.5680000185966492,0.5559999942779541,0.5659999847412109,70768
2026-02-13,0.5669999718666077,0.5669999718666077,0.5569999814033508,0.5659999847412109,39663
2026-02-16,0.5659999847412109,0.5659999847412109,0.5600000023841858,0.5649999976158142,48378
2026-02-17,0.5649999976158142,0.5680000185966492,0.5569999814033508,0.5609999895095825,149586
2026-02-18,0.5609999895095825,0.5680000185966492,0.5580000281333923,0.5649999976158142,106915
2026-02-19,0.5659999847412109,0.5669999718666077,0.5580000281333923,0.5640000104904175,56675
2026-02-20,0.5600000023841858,0.5669999718666077,0.5590000152587891,0.5600000023841858,62289
2026-02-23,0.5649999976158142,0.5680000185966492,0.5600000023841858,0.5649999976158142,59224
2026-02-24,0.5659999847412109,0.5740000009536743,0.5600000023841858,0.5659999847412109,215138
2026-02-25,0.5659999847412109,0.5899999737739563,0.5659999847412109,0.5759999752044678,318292
2026-02-26,0.578000009059906,0.5899999737739563,0.5709999799728394,0.5770000219345093,123799
2026-02-27,0.5770000219345093,0.5849999785423279,0.5649999976158142,0.5770000219345093,142081
2026-03-02,0.574999988079071,0.574999988079071,0.5580000281333923,0.5690000057220459,260926
2026-03-03,0.5690000057220459,0.574999988079071,0.5509999990463257,0.5509999990463257,328063
2026-03-04,0.5680000185966492,0.5699999928474426,0.5619999766349792,0.5619999766349792,130871
2026-03-05,0.5699999928474426,0.5699999928474426,0.5600000023841858,0.5649999976158142,85521
2026-03-06,0.5699999928474426,0.5699999928474426,0.5609999895095825,0.5659999847412109,75256
2026-03-09,0.5680000185966492,0.5680000185966492,0.5600000023841858,0.5630000233650208,166913
2026-03-10,0.5669999718666077,0.5770000219345093,0.5630000233650208,0.5699999928474426,259819
2026-03-11,0.5770000219345093,0.5770000219345093,0.5680000185966492,0.5680000185966492,88455
2026-03-12,0.574999988079071,0.5770000219345093,0.5640000104904175,0.5720000267028809,89718
2026-03-13,0.5759999752044678,0.5759999752044678,0.5640000104904175,0.5680000185966492,133125
2026-03-16,0.5740000009536743,0.5740000009536743,0.5600000023841858,0.5630000233650208,195638
2026-03-17,0.5630000233650208,0.574999988079071,0.5619999766349792,0.5680000185966492,273673
2026-03-18,0.574999988079071,0.574999988079071,0.5649999976158142,0.5649999976158142,195293
2026-03-19,0.5659999847412109,0.5730000138282776,0.5379999876022339,0.5540000200271606,757432
2026-03-20,0.5569999814033508,0.5569999814033508,0.5400000214576721,0.5509999990463257,222750
2026-03-23,0.5490000247955322,0.5490000247955322,0.5299999713897705,0.5400000214576721,378255
2026-03-24,0.5400000214576721,0.5400000214576721,0.5299999713897705,0.5350000262260437,117383
2026-03-25,0.5299999713897705,0.5379999876022339,0.5299999713897705,0.5320000052452087,77605
2026-03-26,0.5370000004768372,0.5379999876022339,0.5320000052452087,0.5329999923706055,85598
2026-03-27,0.5320000052452087,0.5379999876022339,0.4984999895095825,0.5120000243186951,693152
2026-03-30,0.5049999952316284,0.5149999856948853,0.49000000953674316,0.4970000088214874,727173
2026-03-31,0.5,0.5199999809265137,0.492000013589859,0.5080000162124634,111812
2026-04-01,0.5149999856948853,0.5270000100135803,0.5,0.515999972820282,158701
2026-04-02,0.5199999809265137,0.527999997138977,0.5109999775886536,0.5170000195503235,102881
2026-04-07,0.5170000195503235,0.5220000147819519,0.5,0.5099999904632568,114848
2026-04-08,0.5199999809265137,0.5720000267028809,0.5,0.5450000166893005,559685
2026-04-09,0.5429999828338623,0.5429999828338623,0.5260000228881836,0.5360000133514404,98377
2026-04-10,0.5350000262260437,0.5429999828338623,0.5220000147819519,0.5249999761581421,285100
2026-04-13,0.5350000262260437,0.5350000262260437,0.5049999952316284,0.5080000162124634,566973
2026-04-14,0.515999972820282,0.515999972820282,0.5070000290870667,0.5090000033378601,111112
2026-04-15,0.5099999904632568,0.5130000114440918,0.5090000033378601,0.5109999775886536,149188
2026-04-16,0.5109999775886536,0.5170000195503235,0.5040000081062317,0.5059999823570251,193879
2026-04-17,0.5139999985694885,0.5139999985694885,0.4945000112056732,0.503000020980835,736027
2026-04-20,0.5009999871253967,0.5080000162124634,0.49799999594688416,0.5019999742507935,300328
2026-04-21,0.5,0.5080000162124634,0.4984999895095825,0.5,108073
2026-04-22,0.5,0.503000020980835,0.49799999594688416,0.49900001287460327,78437
2026-04-23,0.49900001287460327,0.5040000081062317,0.49799999594688416,0.5,132982
2026-04-24,0.5049999952316284,0.5049999952316284,0.4970000088214874,0.5009999871253967,79293
2026-04-27,0.503000020980835,0.5040000081062317,0.49799999594688416,0.49900001287460327,172736
2026-04-28,0.503000020980835,0.5040000081062317,0.49799999594688416,0.5,92031
2026-04-29,0.5040000081062317,0.5070000290870667,0.4984999895095825,0.503000020980835,77974
2026-04-30,0.5049999952316284,0.5049999952316284,0.49900001287460327,0.49900001287460327,185668
2026-05-04,0.5,0.5040000081062317,0.4950000047683716,0.5009999871253967,147547
2026-05-05,0.5,0.5009999871253967,0.4950000047683716,0.5,110138
2026-05-06,0.5,0.5019999742507935,0.4950000047683716,0.5009999871253967,151651
2026-05-07,0.5019999742507935,0.503000020980835,0.4959999918937683,0.49799999594688416,68094
2026-05-08,0.5,0.5019999742507935,0.492000013589859,0.49799999594688416,196327
2026-05-11,0.5,0.503000020980835,0.49149999022483826,0.4984999895095825,168650
2026-05-12,0.4984999895095825,0.5009999871253967,0.49000000953674316,0.4909999966621399,155060
2026-05-13,0.4909999966621399,0.4975000023841858,0.49000000953674316,0.4909999966621399,65332
2026-05-14,0.4964999854564667,0.503000020980835,0.49149999022483826,0.4925000071525574,137264
2026-05-15,0.5,0.5009999871253967,0.4894999861717224,0.4894999861717224,265219
2026-05-18,0.4869999885559082,0.49950000643730164,0.48649999499320984,0.4970000088214874,44558
2026-05-19,0.4984999895095825,0.49950000643730164,0.48750001192092896,0.49399998784065247,71341
2026-05-20,0.49149999022483826,0.5,0.49149999022483826,0.49799999594688416,78026
2026-05-21,0.4975000023841858,0.49900001287460327,0.4975000023841858,0.49900001287460327,46020
2026-05-22,0.49900001287460327,0.5,0.4925000071525574,0.4959999918937683,263938
2026-05-25,0.49950000643730164,0.5120000243186951,0.4934999942779541,0.5099999904632568,354102
2026-05-26,0.5120000243186951,0.5120000243186951,0.4984999895095825,0.5070000290870667,208921
2026-05-27,0.5070000290870667,0.5090000033378601,0.4984999895095825,0.5019999742507935,140227
2026-05-28,0.4984999895095825,0.5019999742507935,0.4984999895095825,0.49950000643730164,65246
2026-05-29,0.5,0.5059999823570251,0.49900001287460327,0.5,309569
2026-06-01,0.5049999952316284,0.5090000033378601,0.5,0.5040000081062317,153156
2026-06-02,0.5049999952316284,0.5099999904632568,0.49900001287460327,0.5070000290870667,233516
2026-06-03,0.5049999952316284,0.5070000290870667,0.503000020980835,0.5059999823570251,32617
2026-06-05,0.5070000290870667,0.5070000290870667,0.49950000643730164,0.5019999742507935,74321
2026-06-08,0.5059999823570251,0.5059999823570251,0.49900001287460327,0.5040000081062317,114335
2026-06-09,0.5040000081062317,0.5049999952316284,0.49399998784065247,0.5,268445
2026-06-10,0.5,0.5,0.4975000023841858,0.49950000643730164,107182
2026-06-11,0.4975000023841858,0.5,0.4975000023841858,0.4975000023841858,76169
2026-06-12,0.4950000047683716,0.5,0.47049999237060547,0.49000000953674316,184882
2026-06-15,0.49000000953674316,0.49000000953674316,0.4749999940395355,0.48750001192092896,95523
2026-06-16,0.48750001192092896,0.4880000054836273,0.4729999899864197,0.47999998927116394,290036
2026-06-17,0.48500001430511475,0.48750001192092896,0.4699999988079071,0.4699999988079071,271471
2026-06-18,0.4699999988079071,0.476500004529953,0.46000000834465027,0.4699999988079071,241071
2026-06-19,0.47600001096725464,0.47600001096725464,0.4350000023841858,0.44749999046325684,479968
2026-06-22,0.4544999897480011,0.4544999897480011,0.42899999022483826,0.42899999022483826,339631
2026-06-23,0.4205000102519989,0.4244999885559082,0.3799999952316284,0.40400001406669617,1066526
2026-06-24,0.40400001406669617,0.4180000126361847,0.3919999897480011,0.4000000059604645,109496
2026-06-25,0.3995000123977661,0.4000000059604645,0.39250001311302185,0.3970000147819519,121124
2026-06-26,0.39800000190734863,0.39800000190734863,0.3880000114440918,0.3889999985694885,176075
2026-06-29,0.38999998569488525,0.38999998569488525,0.3790000081062317,0.38600000739097595,223325
2026-06-30,0.38600000739097595,0.3889999985694885,0.3765000104904175,0.3765000104904175,226162
2026-07-01,0.375,0.3799999952316284,0.3375000059604645,0.3400000035762787,1225359
2026-07-02,0.3400000035762787,0.36000001430511475,0.33550000190734863,0.3569999933242798,428101
2026-07-03,0.35499998927116394,0.36000001430511475,0.34299999475479126,0.351500004529953,213815
2026-07-06,0.3580000102519989,0.3580000102519989,0.3499999940395355,0.35499998927116394,121786
2026-07-07,0.36500000953674316,0.38999998569488525,0.35499998927116394,0.3840000033378601,338217
2026-07-08,0.39800000190734863,0.43700000643730164,0.38999998569488525,0.42399999499320984,793140
2026-07-09,0.4325000047683716,0.43650001287460327,0.4025000035762787,0.40799999237060547,334960
2026-07-10,0.4034999907016754,0.4154999852180481,0.39100000262260437,0.3959999978542328,282395
2026-07-13,0.3959999978542328,0.3959999978542328,0.3564999997615814,0.3790000081062317,422331
2026-07-14,0.3720000088214874,0.3815000057220459,0.36500000953674316,0.3675000071525574,147508
2026-07-15,0.3700000047683716,0.3799999952316284,0.36149999499320984,0.36899998784065247,160870
2026-07-16,0.3785000145435333,0.3790000081062317,0.36500000953674316,0.36800000071525574,60334
2026-07-17,0.36800000071525574,0.37450000643730164,0.3499999940395355,0.36000001430511475,205782
2026-07-20,0.35199999809265137,0.3700000047683716,0.35199999809265137,0.367000013589859,66463
2026-07-21,0.3695000112056732,0.3695000112056732,0.36149999499320984,0.3630000054836273,75707
2026-07-22,0.3634999990463257,0.3734999895095825,0.3605000078678131,0.36649999022483826,133451
2026-07-23,0.36649999022483826,0.3695000112056732,0.3605000078678131,0.36500000953674316,77254
2026-07-24,0.367000013589859,0.3684999942779541,0.3605000078678131,0.36399999260902405,156803
2026-07-27,0.3675000071525574,0.3700000047683716,0.36149999499320984,0.3619999885559082,173504
2026-07-28,0.36800000071525574,0.3700000047683716,0.3605000078678131,0.36800000071525574,144285
2026-07-29,0.3630000054836273,0.36899998784065247,0.36000001430511475,0.36500000953674316,128754
2026-07-30,0.36649999022483826,0.36649999022483826,0.35899999737739563,0.36000001430511475,134192
2026-07-31,0.3564999997615814,0.3659999966621399,0.3564999997615814,0.36500000953674316,98153
2026-08-03,0.36649999022483826,0.3675000071525574,0.3569999933242798,0.3610000014305115,89835
2026-08-04,0.367000013589859,0.367000013589859,0.36000001430511475,0.3610000014305115,22387
2026-08-05,0.3644999861717224,0.3659999966621399,0.36000001430511475,0.3644999861717224,74984
2026-08-06,0.3644999861717224,0.3644999861717224,0.35899999737739563,0.35899999737739563,124545
2026-08-07,0.36000001430511475,0.36000001430511475,0.3499999940395355,0.35499998927116394,185764
2026-08-10,0.3569999933242798,0.3580000102519989,0.35199999809265137,0.35499998927116394,83882
2026-08-11,0.35249999165534973,0.3580000102519989,0.35199999809265137,0.3569999933242798,97752
2026-08-12,0.3659999966621399,0.3659999966621399,0.35499998927116394,0.3619999885559082,121730
2026-08-13,0.3630000054836273,0.38749998807907104,0.3569999933242798,0.3804999887943268,335687
2026-08-14,0.3880000114440918,0.38999998569488525,0.36500000953674316,0.382999986410141,151879
2026-08-17,0.3765000104904175,0.3869999945163727,0.3709999918937683,0.3779999911785126,64153
2026-08-18,0.36399999260902405,0.3700000047683716,0.36399999260902405,0.36899998784065247,66185
2026-08-19,0.36399999260902405,0.3700000047683716,0.3634999990463257,0.36800000071525574,50032
2026-08-20,0.3619999885559082,0.3695000112056732,0.3619999885559082,0.36899998784065247,27869
2026-08-21,0.3659999966621399,0.3695000112056732,0.36000001430511475,0.36500000953674316,83635
2026-08-24,0.3695000112056732,0.3695000112056732,0.3619999885559082,0.3630000054836273,49203
2026-08-25,0.3630000054836273,0.3765000104904175,0.3619999885559082,0.36899998784065247,106457
2026-08-26,0.36649999022483826,0.3765000104904175,0.36250001192092896,0.3634999990463257,77073
2026-08-27,0.3695000112056732,0.3695000112056732,0.3610000014305115,0.3630000054836273,52422
2026-08-28,0.36149999499320984,0.36800000071525574,0.36000001430511475,0.3659999966621399,140735
2026-08-31,0.3619999885559082,0.36800000071525574,0.3605000078678131,0.3605000078678131,40319
2026-09-01,0.3605000078678131,0.36550000309944153,0.35899999737739563,0.3610000014305115,51082
2026-09-02,0.359499990940094,0.359499990940094,0.35199999809265137,0.3580000102519989,121432
2026-09-03,0.35350000858306885,0.359499990940094,0.35199999809265137,0.35249999165534973,54283
2026-09-04,0.3580000102519989,0.35899999737739563,0.3499999940395355,0.35600000619888306,139450
2026-09-08,0.3580000102519989,0.359499990940094,0.34599998593330383,0.3499999940395355,281445
2026-09-09,0.3465000092983246,0.3499999940395355,0.34200000762939453,0.34599998593330383,385394
2026-09-10,0.3425000011920929,0.3479999899864197,0.3084999918937683,0.32499998807907104,660368
2026-09-11,0.32249999046325684,0.32499998807907104,0.3100000023841858,0.32499998807907104,293231
2026-09-14,0.3125,0.32499998807907104,0.3084999918937683,0.3084999918937683,463882
2026-09-15,0.3084999918937683,0.3100000023841858,0.27000001072883606,0.289000004529953,1048071
2026-09-17,0.27399998903274536,0.27399998903274536,0.27000001072883606,0.27399998903274536,16029
