date,open,high,low,close,volume
2021-09-17,6.400000095367432,6.409999847412109,6.320000171661377,6.349999904632568,2837
2021-09-20,6.349999904632568,6.349999904632568,5.960000038146973,6.039999961853027,34838
2021-09-21,6.050000190734863,6.159999847412109,5.550000190734863,5.860000133514404,38388
2021-09-22,5.949999809265137,6.199999809265137,5.909999847412109,6.079999923706055,26647
2021-09-23,6.170000076293945,6.239999771118164,6.0,6.150000095367432,13881
2021-09-24,6.159999847412109,6.260000228881836,6.019999980926514,6.099999904632568,8368
2021-09-27,6.099999904632568,6.099999904632568,5.820000171661377,5.960000038146973,13719
2021-09-28,5.989999771118164,5.989999771118164,5.659999847412109,5.800000190734863,14642
2021-09-29,5.739999771118164,5.800000190734863,5.579999923706055,5.800000190734863,31466
2021-09-30,5.940000057220459,6.400000095367432,5.929999828338623,6.170000076293945,15913
2021-10-01,6.019999980926514,6.190000057220459,5.940000057220459,6.150000095367432,6704
2021-10-04,6.159999847412109,6.159999847412109,5.900000095367432,6.0,13153
2021-10-05,6.0,6.010000228881836,5.860000133514404,5.989999771118164,14803
2021-10-06,6.0,6.179999828338623,5.860000133514404,6.0,20626
2021-10-07,6.099999904632568,6.119999885559082,5.920000076293945,6.050000190734863,6063
2021-10-08,6.039999961853027,6.039999961853027,5.849999904632568,5.949999809265137,11233
2021-10-11,5.96999979019165,5.989999771118164,5.809999942779541,5.980000019073486,8149
2021-10-12,5.980000019073486,5.980000019073486,5.699999809265137,5.820000171661377,16317
2021-10-13,5.829999923706055,5.829999923706055,5.480000019073486,5.599999904632568,31757
2021-10-14,5.599999904632568,5.599999904632568,5.309999942779541,5.559999942779541,89320
2021-10-15,5.559999942779541,5.809999942779541,5.440000057220459,5.650000095367432,35409
2021-10-18,5.650000095367432,5.650000095367432,5.409999847412109,5.579999923706055,19705
2021-10-19,5.579999923706055,5.599999904632568,5.409999847412109,5.5,8876
2021-10-20,5.559999942779541,5.599999904632568,5.389999866485596,5.579999923706055,12210
2021-10-21,5.559999942779541,5.559999942779541,5.420000076293945,5.519999980926514,5695
2021-10-22,5.519999980926514,5.579999923706055,5.449999809265137,5.449999809265137,11962
2021-10-25,5.409999847412109,5.599999904632568,5.409999847412109,5.5,17432
2021-10-26,5.539999961853027,5.579999923706055,5.400000095367432,5.460000038146973,16455
2021-10-27,5.5,5.5,5.409999847412109,5.409999847412109,6385
2021-10-28,5.46999979019165,5.46999979019165,5.400000095367432,5.449999809265137,11417
2021-10-29,5.480000019073486,5.480000019073486,5.380000114440918,5.420000076293945,9795
2021-11-02,5.420000076293945,5.420000076293945,5.349999904632568,5.389999866485596,11680
2021-11-03,5.449999809265137,5.449999809265137,5.199999809265137,5.210000038146973,17593
2021-11-04,5.28000020980835,5.28000020980835,4.885000228881836,4.949999809265137,78328
2021-11-05,4.920000076293945,5.110000133514404,4.920000076293945,5.010000228881836,15447
2021-11-08,5.099999904632568,5.099999904632568,4.949999809265137,4.960000038146973,9064
2021-11-09,5.090000152587891,5.110000133514404,4.920000076293945,4.940000057220459,14211
2021-11-10,4.940000057220459,4.949999809265137,4.800000190734863,4.909999847412109,17785
2021-11-12,4.949999809265137,5.03000020980835,4.909999847412109,4.994999885559082,5059
2021-11-15,5.010000228881836,5.039999961853027,4.925000190734863,5.019999980926514,11034
2021-11-16,5.070000171661377,5.239999771118164,5.059999942779541,5.119999885559082,26873
2021-11-17,5.179999828338623,5.239999771118164,5.099999904632568,5.239999771118164,11194
2021-11-18,5.199999809265137,5.210000038146973,4.96999979019165,4.96999979019165,24178
2021-11-19,5.059999942779541,5.059999942779541,4.809999942779541,4.880000114440918,9967
2021-11-22,4.900000095367432,4.900000095367432,4.579999923706055,4.679999828338623,51836
2021-11-23,4.679999828338623,4.800000190734863,4.40500020980835,4.699999809265137,54015
2021-11-24,4.75,5.199999809265137,4.494999885559082,4.940000057220459,39423
2021-11-25,5.050000190734863,5.199999809265137,5.0,5.159999847412109,23151
2021-11-26,5.150000095367432,5.150000095367432,4.855000019073486,4.96999979019165,11084
2021-11-29,5.090000152587891,5.090000152587891,4.800000190734863,5.079999923706055,2506
2021-11-30,5.070000171661377,5.070000171661377,4.775000095367432,5.0,9344
2021-12-01,5.039999961853027,5.039999961853027,4.835000038146973,4.980000019073486,2128
2021-12-02,4.900000095367432,4.989999771118164,4.755000114440918,4.920000076293945,5468
2021-12-03,4.920000076293945,4.945000171661377,4.75,4.800000190734863,8249
2021-12-06,4.755000114440918,4.784999847412109,4.505000114440918,4.650000095367432,16272
2021-12-07,4.679999828338623,4.679999828338623,4.394999980926514,4.485000133514404,37091
2021-12-08,4.409999847412109,4.494999885559082,4.070000171661377,4.46999979019165,36664
2021-12-09,4.480000019073486,4.480000019073486,4.199999809265137,4.380000114440918,26253
2021-12-10,4.375,4.380000114440918,4.269999980926514,4.349999904632568,10064
2021-12-13,4.360000133514404,4.369999885559082,4.255000114440918,4.320000171661377,94391
2021-12-14,4.300000190734863,4.324999809265137,4.199999809265137,4.300000190734863,74900
2021-12-15,4.309999942779541,4.309999942779541,4.179999828338623,4.230000019073486,7367
2021-12-16,4.190000057220459,4.210000038146973,4.099999904632568,4.110000133514404,33881
2021-12-17,4.105000019073486,4.190000057220459,4.0,4.085000038146973,45398
2021-12-20,4.050000190734863,4.079999923706055,3.6600000858306885,3.8299999237060547,141617
2021-12-21,4.0,4.099999904632568,3.8499999046325684,3.9800000190734863,58224
2021-12-22,3.9000000953674316,4.099999904632568,3.815000057220459,4.054999828338623,143340
2021-12-23,4.059999942779541,4.059999942779541,3.9200000762939453,3.944999933242798,31891
2021-12-27,3.9000000953674316,3.9200000762939453,3.7899999618530273,3.859999895095825,278545
2021-12-28,3.819999933242798,3.8450000286102295,3.625,3.6500000953674316,124023
2021-12-29,3.6500000953674316,4.0,3.6500000953674316,3.880000114440918,27063
2021-12-30,3.940000057220459,4.050000190734863,3.934999942779541,4.050000190734863,12423
2022-01-03,3.819999933242798,4.440000057220459,3.809999942779541,4.300000190734863,52343
2022-01-04,4.389999866485596,4.449999809265137,4.239999771118164,4.340000152587891,28606
2022-01-05,4.449999809265137,4.539999961853027,4.385000228881836,4.539999961853027,7325
2022-01-07,4.599999904632568,4.960000038146973,4.574999809265137,4.775000095367432,28482
2022-01-10,4.920000076293945,4.949999809265137,4.679999828338623,4.824999809265137,47351
2022-01-11,4.894999980926514,4.894999980926514,4.5,4.664999961853027,18771
2022-01-12,4.664999961853027,4.690000057220459,4.5,4.644999980926514,32382
2022-01-13,4.644999980926514,4.644999980926514,4.400000095367432,4.590000152587891,12919
2022-01-14,4.585000038146973,4.585000038146973,4.300000190734863,4.465000152587891,18665
2022-01-17,4.489999771118164,4.489999771118164,4.315000057220459,4.400000095367432,5374
2022-01-18,4.429999828338623,4.480000019073486,4.224999904632568,4.385000228881836,19439
2022-01-19,4.360000133514404,4.360000133514404,4.114999771118164,4.269999980926514,15342
2022-01-20,4.360000133514404,4.400000095367432,4.114999771118164,4.28000020980835,12068
2022-01-21,4.125,4.284999847412109,3.9000000953674316,4.09499979019165,31451
2022-01-24,4.090000152587891,4.090000152587891,3.7049999237060547,3.75,27205
2022-01-25,3.7049999237060547,3.8499999046325684,3.7049999237060547,3.799999952316284,21517
2022-01-26,3.8499999046325684,4.070000171661377,3.8450000286102295,4.039999961853027,19607
2022-01-27,3.9600000381469727,4.059999942779541,3.9549999237060547,4.045000076293945,6346
2022-01-28,4.050000190734863,4.050000190734863,3.7049999237060547,3.9200000762939453,12744
2022-01-31,4.0,4.139999866485596,4.0,4.099999904632568,19993
2022-02-01,4.125,4.235000133514404,4.0,4.085000038146973,8834
2022-02-02,4.090000152587891,4.175000190734863,4.074999809265137,4.150000095367432,11906
2022-02-03,4.170000076293945,4.170000076293945,4.03000020980835,4.09499979019165,5068
2022-02-04,4.099999904632568,4.099999904632568,3.9600000381469727,4.0,2571
2022-02-07,4.0,4.045000076293945,3.7799999713897705,3.934999942779541,16084
2022-02-08,4.0,4.074999809265137,3.859999895095825,4.010000228881836,10416
2022-02-09,4.045000076293945,4.09499979019165,3.9000000953674316,4.09499979019165,9707
2022-02-10,4.09499979019165,4.09499979019165,3.690000057220459,4.03000020980835,27424
2022-02-11,4.03000020980835,4.03000020980835,3.869999885559082,3.9800000190734863,7517
2022-02-14,3.7200000286102295,3.9600000381469727,3.7149999141693115,3.924999952316284,6979
2022-02-15,3.924999952316284,3.9800000190734863,3.865000009536743,3.9549999237060547,9176
2022-02-16,3.9700000286102295,3.994999885559082,3.8350000381469727,3.950000047683716,3148
2022-02-17,3.950000047683716,4.0,3.880000114440918,3.8949999809265137,1612
2022-02-18,3.8949999809265137,3.9649999141693115,3.799999952316284,3.859999895095825,3441
2022-02-21,3.799999952316284,3.799999952316284,3.4600000381469727,3.7200000286102295,19851
2022-02-22,3.5199999809265137,3.700000047683716,3.5199999809265137,3.700000047683716,8891
2022-02-23,3.7249999046325684,3.8299999237060547,3.490000009536743,3.740000009536743,2750
2022-02-24,3.0799999237060547,3.490000009536743,2.8399999141693115,3.0250000953674316,46242
2022-02-25,3.25,3.380000114440918,2.9000000953674316,3.0899999141693115,36212
2022-02-28,2.8550000190734863,3.140000104904175,2.8550000190734863,3.140000104904175,10292
2022-03-01,3.015000104904175,3.0950000286102295,2.990000009536743,3.065000057220459,9699
2022-03-02,3.065000057220459,3.065000057220459,2.9000000953674316,2.9749999046325684,24040
2022-03-03,2.9800000190734863,2.990000009536743,2.8949999809265137,2.9600000381469727,7965
2022-03-04,2.9600000381469727,2.9600000381469727,2.7750000953674316,2.825000047683716,27442
2022-03-07,2.7699999809265137,2.7899999618530273,2.7149999141693115,2.765000104904175,12720
2022-03-08,2.759999990463257,2.9000000953674316,2.75,2.884999990463257,7006
2022-03-09,2.884999990463257,3.140000104904175,2.880000114440918,3.125,23290
2022-03-10,3.125,3.125,2.994999885559082,3.119999885559082,7046
2022-03-11,3.109999895095825,3.2049999237060547,3.009999990463257,3.190000057220459,12683
2022-03-14,3.180000066757202,3.315000057220459,3.115000009536743,3.2899999618530273,8634
2022-03-15,3.2899999618530273,3.2899999618530273,3.1449999809265137,3.259999990463257,12545
2022-03-16,3.259999990463257,3.299999952316284,3.184999942779541,3.2950000762939453,5038
2022-03-17,3.2950000762939453,3.299999952316284,3.0,3.25,35087
2022-03-18,3.244999885559082,3.25,3.0799999237060547,3.200000047683716,7590
2022-03-21,3.190000057220459,3.190000057220459,3.009999990463257,3.069999933242798,18695
2022-03-22,3.075000047683716,3.119999885559082,2.819999933242798,2.984999895095825,81931
2022-03-23,2.984999895095825,3.0899999141693115,2.930000066757202,3.0,16182
2022-03-24,3.0399999618530273,3.0850000381469727,2.9200000762939453,3.0,9869
2022-03-25,3.059999942779541,3.069999933242798,2.9000000953674316,2.990000009536743,11638
2022-03-28,2.9200000762939453,3.0899999141693115,2.8550000190734863,2.994999885559082,24340
2022-03-29,2.9000000953674316,3.0,2.9000000953674316,2.994999885559082,5274
2022-03-30,3.0,3.1549999713897705,2.9600000381469727,3.119999885559082,50447
2022-03-31,3.009999990463257,3.9800000190734863,3.009999990463257,3.75,145116
2022-04-01,3.5999999046325684,3.75,3.440000057220459,3.5899999141693115,37726
2022-04-04,3.5899999141693115,3.5899999141693115,3.240000009536743,3.5199999809265137,32851
2022-04-05,3.515000104904175,3.5199999809265137,3.380000114440918,3.4549999237060547,8119
2022-04-06,3.4549999237060547,3.4549999237060547,3.365000009536743,3.365000009536743,1580
2022-04-07,3.440000057220459,3.6700000762939453,3.319999933242798,3.319999933242798,16099
2022-04-08,3.309999942779541,3.5199999809265137,3.299999952316284,3.4000000953674316,13097
2022-04-11,3.434999942779541,3.494999885559082,3.390000104904175,3.450000047683716,1004
2022-04-12,3.4600000381469727,3.4600000381469727,3.1500000953674316,3.2200000286102295,17440
2022-04-13,3.2249999046325684,3.390000104904175,3.2100000381469727,3.299999952316284,7524
2022-04-14,3.299999952316284,3.380000114440918,3.119999885559082,3.2750000953674316,11719
2022-04-19,3.2750000953674316,3.3499999046325684,3.180000066757202,3.200000047683716,3420
2022-04-20,3.2699999809265137,3.2699999809265137,3.0999999046325684,3.174999952316284,8568
2022-04-21,3.174999952316284,3.174999952316284,2.9600000381469727,3.069999933242798,18449
2022-04-22,3.069999933242798,3.069999933242798,2.880000114440918,3.0,24233
2022-04-25,3.0399999618530273,3.0399999618530273,2.8949999809265137,2.990000009536743,3741
2022-04-26,3.0199999809265137,3.0199999809265137,2.880000114440918,2.944999933242798,6280
2022-04-27,2.984999895095825,2.984999895095825,2.700000047683716,2.759999990463257,42076
2022-04-28,2.799999952316284,2.865000009536743,2.680000066757202,2.799999952316284,29455
2022-04-29,2.8299999237060547,2.8299999237060547,2.6050000190734863,2.740000009536743,27421
2022-05-02,2.700000047683716,2.740000009536743,2.634999990463257,2.700000047683716,4557
2022-05-04,2.740000009536743,2.740000009536743,2.559999942779541,2.6500000953674316,34758
2022-05-05,2.6500000953674316,2.700000047683716,2.575000047683716,2.640000104904175,9942
2022-05-06,2.630000114440918,2.640000104904175,2.5250000953674316,2.609999895095825,13033
2022-05-09,2.634999990463257,2.634999990463257,2.515000104904175,2.5850000381469727,18637
2022-05-10,2.5899999141693115,2.634999990463257,2.5199999809265137,2.5950000286102295,7995
2022-05-11,2.634999990463257,2.634999990463257,2.5399999618530273,2.5999999046325684,9873
2022-05-12,2.609999895095825,2.609999895095825,2.505000114440918,2.559999942779541,9696
2022-05-13,2.549999952316284,2.569999933242798,2.509999990463257,2.565000057220459,10122
2022-05-16,2.5199999809265137,2.569999933242798,2.505000114440918,2.549999952316284,7763
2022-05-17,2.565000057220459,2.565000057220459,2.5,2.549999952316284,14510
2022-05-18,2.549999952316284,2.640000104904175,2.549999952316284,2.634999990463257,13544
2022-05-19,2.625,2.625,2.505000114440918,2.5350000858306885,10924
2022-05-20,2.5399999618530273,2.5450000762939453,2.505000114440918,2.509999990463257,5503
2022-05-23,2.5,2.5450000762939453,2.440000057220459,2.4700000286102295,16941
2022-05-24,2.440000057220459,2.4800000190734863,2.4049999713897705,2.4100000858306885,12266
2022-05-25,2.4600000381469727,2.4600000381469727,2.380000114440918,2.380000114440918,16064
2022-05-26,2.440000057220459,2.4600000381469727,2.384999990463257,2.384999990463257,701
2022-05-27,2.384999990463257,2.4549999237060547,2.365000009536743,2.380000114440918,8521
2022-05-30,2.365000009536743,2.440000057220459,2.2899999618530273,2.3499999046325684,24002
2022-05-31,2.3499999046325684,2.3499999046325684,2.1700000762939453,2.240000009536743,33576
2022-06-01,2.240000009536743,2.240000009536743,1.9900000095367432,2.0399999618530273,98551
2022-06-02,2.049999952316284,2.059999942779541,1.7799999713897705,1.8600000143051147,127742
2022-06-03,1.9199999570846558,1.9420000314712524,1.8600000143051147,1.9199999570846558,21417
2022-06-06,1.909999966621399,1.9479999542236328,1.850000023841858,1.9479999542236328,22246
2022-06-07,1.9500000476837158,2.0999999046325684,1.8700000047683716,2.0,37980
2022-06-08,2.0,2.0,1.8200000524520874,1.8860000371932983,23632
2022-06-09,1.8880000114440918,1.9500000476837158,1.8320000171661377,1.8980000019073486,22145
2022-06-10,1.899999976158142,1.899999976158142,1.7999999523162842,1.8220000267028809,15105
2022-06-13,1.8220000267028809,1.8240000009536743,1.7020000219345093,1.7960000038146973,23179
2022-06-14,1.7879999876022339,1.7879999876022339,1.649999976158142,1.6720000505447388,2525
2022-06-15,1.6720000505447388,1.74399995803833,1.5499999523162842,1.5499999523162842,12488
2022-06-17,1.5499999523162842,1.7400000095367432,1.5499999523162842,1.6419999599456787,10749
2022-06-20,1.6399999856948853,1.7339999675750732,1.5700000524520874,1.590000033378601,14739
2022-06-21,1.6699999570846558,1.74399995803833,1.590000033378601,1.74399995803833,11530
2022-06-22,1.75,1.7760000228881836,1.6759999990463257,1.6799999475479126,5682
2022-06-23,1.6799999475479126,1.7920000553131104,1.6759999990463257,1.7699999809265137,5474
2022-06-24,1.7699999809265137,1.7699999809265137,1.7699999809265137,1.7699999809265137,533
2022-06-27,1.7699999809265137,1.8899999856948853,1.7699999809265137,1.8899999856948853,11329
2022-06-28,1.850000023841858,2.059999942779541,1.850000023841858,2.059999942779541,16226
2022-06-29,2.0299999713897705,2.190000057220459,2.005000114440918,2.134999990463257,58028
2022-06-30,2.134999990463257,2.134999990463257,2.059999942779541,2.059999942779541,4398
2022-07-01,2.115000009536743,2.115000009536743,2.0,2.0,6427
2022-07-04,2.0199999809265137,2.0199999809265137,1.850000023841858,1.899999976158142,9755
2022-07-05,1.9299999475479126,1.9299999475479126,1.840000033378601,1.840000033378601,7848
2022-07-06,1.8919999599456787,1.8919999599456787,1.7599999904632568,1.7999999523162842,16489
2022-07-07,1.8480000495910645,1.8480000495910645,1.7519999742507935,1.840000033378601,5207
2022-07-08,1.840000033378601,1.843999981880188,1.753999948501587,1.8279999494552612,5415
2022-07-11,1.8279999494552612,1.8279999494552612,1.7599999904632568,1.8179999589920044,7993
2022-07-12,1.8480000495910645,1.8480000495910645,1.7680000066757202,1.8320000171661377,2046
2022-07-13,1.8320000171661377,1.8320000171661377,1.75,1.8259999752044678,8321
2022-07-14,1.8259999752044678,1.8259999752044678,1.7200000286102295,1.7999999523162842,8943
2022-07-15,1.7999999523162842,1.7999999523162842,1.7699999809265137,1.7979999780654907,1662
2022-07-18,1.7960000038146973,1.7999999523162842,1.7100000381469727,1.715999960899353,14040
2022-07-19,1.7519999742507935,1.8339999914169312,1.7300000190734863,1.8279999494552612,21581
2022-07-20,1.8279999494552612,1.8899999856948853,1.8259999752044678,1.8899999856948853,11462
2022-07-21,1.8899999856948853,1.8899999856948853,1.809999942779541,1.8899999856948853,1051
2022-07-22,1.8899999856948853,1.8980000019073486,1.8320000171661377,1.840000033378601,7751
2022-07-25,1.899999976158142,1.899999976158142,1.8279999494552612,1.8980000019073486,8237
2022-07-26,1.899999976158142,1.899999976158142,1.8220000267028809,1.8899999856948853,4002
2022-07-27,1.8799999952316284,1.8799999952316284,1.840000033378601,1.8799999952316284,3241
2022-07-28,1.8700000047683716,1.899999976158142,1.8339999914169312,1.899999976158142,3295
2022-07-29,1.899999976158142,2.0199999809265137,1.8819999694824219,2.0,4542
2022-08-01,2.0,2.0,1.7999999523162842,1.850000023841858,23667
2022-08-02,1.850000023841858,1.850000023841858,1.7899999618530273,1.8480000495910645,16431
2022-08-03,1.8380000591278076,1.940000057220459,1.7599999904632568,1.8940000534057617,46045
2022-08-04,1.8880000114440918,1.8880000114440918,1.7699999809265137,1.7960000038146973,52180
2022-08-05,1.7960000038146973,1.8300000429153442,1.7960000038146973,1.8300000429153442,10931
2022-08-08,1.8279999494552612,1.8380000591278076,1.7999999523162842,1.8380000591278076,9512
2022-08-09,1.8380000591278076,1.8459999561309814,1.7999999523162842,1.8459999561309814,2106
2022-08-10,1.843999981880188,1.843999981880188,1.7699999809265137,1.8300000429153442,10923
2022-08-11,1.8420000076293945,1.8420000076293945,1.7999999523162842,1.8380000591278076,10259
2022-08-12,1.8380000591278076,1.8380000591278076,1.7899999618530273,1.7999999523162842,2773
2022-08-16,1.8339999914169312,1.8339999914169312,1.7599999904632568,1.7999999523162842,20911
2022-08-17,1.7999999523162842,1.7999999523162842,1.7960000038146973,1.7960000038146973,286
2022-08-18,1.7899999618530273,1.7979999780654907,1.7719999551773071,1.7979999780654907,10736
2022-08-19,1.7979999780654907,1.7979999780654907,1.7740000486373901,1.7979999780654907,19470
2022-08-22,1.7979999780654907,1.9759999513626099,1.7699999809265137,1.899999976158142,79678
2022-08-23,1.899999976158142,1.899999976158142,1.8600000143051147,1.899999976158142,3335
2022-08-24,1.8880000114440918,1.8880000114440918,1.850000023841858,1.8880000114440918,3757
2022-08-25,1.9199999570846558,1.9199999570846558,1.8300000429153442,1.8799999952316284,3222
2022-08-26,1.9199999570846558,1.9199999570846558,1.8200000524520874,1.8200000524520874,5107
2022-08-29,1.809999942779541,1.8700000047683716,1.7740000486373901,1.7799999713897705,9813
2022-08-30,1.8200000524520874,1.8480000495910645,1.8200000524520874,1.8480000495910645,5618
2022-08-31,1.8799999952316284,1.8799999952316284,1.7699999809265137,1.8200000524520874,11005
2022-09-01,1.8200000524520874,1.850000023841858,1.7719999551773071,1.8279999494552612,2154
2022-09-02,1.8279999494552612,1.8480000495910645,1.7719999551773071,1.8480000495910645,593
2022-09-05,1.8480000495910645,1.8480000495910645,1.7699999809265137,1.8179999589920044,1872
2022-09-06,1.8179999589920044,1.8600000143051147,1.7799999713897705,1.7799999713897705,7172
2022-09-07,1.8580000400543213,1.8580000400543213,1.7799999713897705,1.8420000076293945,1450
2022-09-08,1.843999981880188,1.843999981880188,1.7699999809265137,1.8179999589920044,4732
2022-09-09,1.8179999589920044,1.8380000591278076,1.815999984741211,1.8380000591278076,1723
2022-09-12,1.840000033378601,1.840000033378601,1.7719999551773071,1.7999999523162842,3677
2022-09-13,1.7999999523162842,1.7999999523162842,1.7400000095367432,1.7940000295639038,7607
2022-09-14,1.7899999618530273,1.7899999618530273,1.7000000476837158,1.746000051498413,10295
2022-09-15,1.746000051498413,1.7599999904632568,1.6820000410079956,1.7599999904632568,9545
2022-09-16,1.7799999713897705,1.7799999713897705,1.7200000286102295,1.7699999809265137,1121
2022-09-19,1.7799999713897705,1.7799999713897705,1.7000000476837158,1.7680000066757202,1354
2022-09-20,1.7020000219345093,1.7680000066757202,1.7000000476837158,1.7000000476837158,1934
2022-09-21,1.7380000352859497,1.7400000095367432,1.690000057220459,1.7000000476837158,3768
2022-09-22,1.690000057220459,1.7400000095367432,1.690000057220459,1.7300000190734863,3161
2022-09-23,1.7300000190734863,1.7300000190734863,1.649999976158142,1.649999976158142,10456
2022-09-26,1.6519999504089355,1.659999966621399,1.5800000429153442,1.5800000429153442,14396
2022-09-27,1.5800000429153442,1.7300000190734863,1.5800000429153442,1.7300000190734863,11143
2022-09-28,1.7300000190734863,1.7300000190734863,1.7000000476837158,1.7000000476837158,896
2022-09-29,1.7359999418258667,1.7359999418258667,1.6299999952316284,1.690000057220459,661
2022-09-30,1.690000057220459,1.7259999513626099,1.690000057220459,1.7259999513626099,357
2022-10-03,1.7239999771118164,1.7259999513626099,1.659999966621399,1.7259999513626099,932
2022-10-04,1.7259999513626099,1.7259999513626099,1.7259999513626099,1.7259999513626099,1002
2022-10-05,1.7259999513626099,1.7259999513626099,1.5800000429153442,1.6799999475479126,8688
2022-10-06,1.684000015258789,1.684000015258789,1.5820000171661377,1.6799999475479126,2687
2022-10-07,1.684000015258789,1.684000015258789,1.6399999856948853,1.684000015258789,8269
2022-10-10,1.684000015258789,1.684000015258789,1.659999966621399,1.684000015258789,1248
2022-10-11,1.684000015258789,1.7000000476837158,1.6119999885559082,1.7000000476837158,4033
2022-10-12,1.7000000476837158,1.7000000476837158,1.6460000276565552,1.7000000476837158,788
2022-10-13,1.7000000476837158,1.7000000476837158,1.6480000019073486,1.7000000476837158,604
2022-10-14,1.621999979019165,1.7000000476837158,1.6100000143051147,1.6399999856948853,7879
2022-10-17,1.6399999856948853,1.6440000534057617,1.600000023841858,1.6440000534057617,3255
2022-10-18,1.6440000534057617,1.6519999504089355,1.6139999628067017,1.6519999504089355,1725
2022-10-19,1.6519999504089355,1.6519999504089355,1.6519999504089355,1.6519999504089355,35
2022-10-20,1.6519999504089355,1.6519999504089355,1.600000023841858,1.6440000534057617,7172
2022-10-21,1.6440000534057617,1.6440000534057617,1.600000023841858,1.6380000114440918,1676
2022-10-24,1.6380000114440918,1.6380000114440918,1.6380000114440918,1.6380000114440918,10
2022-10-25,1.6380000114440918,1.659999966621399,1.6019999980926514,1.659999966621399,1346
2022-10-26,1.659999966621399,1.690000057220459,1.6200000047683716,1.6799999475479126,7843
2022-10-27,1.7000000476837158,1.9199999570846558,1.7000000476837158,1.8980000019073486,22136
2022-10-28,1.850000023841858,1.8760000467300415,1.777999997138977,1.850000023841858,4857
2022-10-31,1.8899999856948853,1.9199999570846558,1.8300000429153442,1.9199999570846558,19245
2022-11-02,1.9199999570846558,1.9299999475479126,1.8600000143051147,1.899999976158142,736
2022-11-03,1.9179999828338623,1.9179999828338623,1.850000023841858,1.909999966621399,3109
2022-11-04,1.9179999828338623,2.180000066757202,1.9179999828338623,2.075000047683716,32069
2022-11-07,2.075000047683716,2.075000047683716,1.9500000476837158,1.9800000190734863,5022
2022-11-08,1.9900000095367432,2.075000047683716,1.9199999570846558,2.075000047683716,10511
2022-11-09,2.069999933242798,2.069999933242798,2.0,2.065000057220459,5525
2022-11-10,2.065000057220459,2.069999933242798,1.899999976158142,1.996000051498413,17731
2022-11-14,1.9900000095367432,2.0850000381469727,1.9199999570846558,2.049999952316284,12210
2022-11-15,2.0850000381469727,2.0950000286102295,1.899999976158142,2.0399999618530273,17373
2022-11-16,2.069999933242798,2.069999933242798,1.899999976158142,1.9199999570846558,12595
2022-11-17,1.9179999828338623,1.9199999570846558,1.899999976158142,1.899999976158142,1482
2022-11-18,1.9199999570846558,1.9800000190734863,1.8839999437332153,1.9780000448226929,6695
2022-11-21,1.9780000448226929,1.9780000448226929,1.8519999980926514,1.8559999465942383,14149
2022-11-22,1.9279999732971191,2.0,1.8799999952316284,1.9980000257492065,17825
2022-11-23,1.940000057220459,2.0,1.940000057220459,1.9600000381469727,11569
2022-11-24,1.9600000381469727,2.109999895095825,1.9600000381469727,2.005000114440918,205089
2022-11-25,2.075000047683716,2.0850000381469727,2.0299999713897705,2.059999942779541,5894
2022-11-28,2.0899999141693115,2.0899999141693115,1.9579999446868896,2.075000047683716,19066
2022-11-29,2.069999933242798,2.109999895095825,2.009999990463257,2.0450000762939453,10069
2022-11-30,2.0450000762939453,2.0999999046325684,2.0399999618530273,2.0399999618530273,11176
2022-12-01,2.130000114440918,2.130000114440918,1.9900000095367432,2.0299999713897705,14434
2022-12-02,2.0,2.049999952316284,1.9600000381469727,2.0,8444
2022-12-05,2.0,2.059999942779541,1.9600000381469727,2.059999942779541,12085
2022-12-06,2.0899999141693115,2.0899999141693115,2.0,2.0,3913
2022-12-07,2.049999952316284,2.049999952316284,1.99399995803833,2.0199999809265137,1895
2022-12-08,2.0199999809265137,2.055000066757202,1.9299999475479126,1.996000051498413,26818
2022-12-09,1.9980000257492065,1.9980000257492065,1.899999976158142,1.968000054359436,13781
2022-12-12,1.9240000247955322,1.9900000095367432,1.8799999952316284,1.9700000286102295,22509
2022-12-13,1.9700000286102295,1.9700000286102295,1.8240000009536743,1.9179999828338623,27850
2022-12-14,1.9179999828338623,1.9179999828338623,1.8380000591278076,1.850000023841858,6867
2022-12-15,1.850000023841858,1.8980000019073486,1.850000023841858,1.8880000114440918,3678
2022-12-16,1.899999976158142,1.899999976158142,1.8300000429153442,1.878000020980835,8199
2022-12-19,1.8619999885559082,1.899999976158142,1.8300000429153442,1.8700000047683716,7403
2022-12-20,1.8519999980926514,1.9179999828338623,1.8519999980926514,1.8559999465942383,4859
2022-12-21,1.8960000276565552,2.0,1.8660000562667847,1.9600000381469727,15645
2022-12-22,1.9559999704360962,1.996000051498413,1.899999976158142,1.996000051498413,18319
2022-12-23,1.9900000095367432,1.9900000095367432,1.8980000019073486,1.9500000476837158,15787
2022-12-27,1.940000057220459,1.9500000476837158,1.8799999952316284,1.909999966621399,13015
2022-12-28,1.937999963760376,1.937999963760376,1.8899999856948853,1.9119999408721924,14392
2022-12-29,1.9160000085830688,1.9500000476837158,1.9160000085830688,1.9500000476837158,10007
2022-12-30,1.972000002861023,1.9800000190734863,1.9320000410079956,1.9800000190734863,6664
2023-01-02,1.9800000190734863,2.0899999141693115,1.940000057220459,2.0899999141693115,21264
2023-01-03,2.0799999237060547,2.2850000858306885,2.015000104904175,2.1700000762939453,22412
2023-01-04,2.200000047683716,2.305000066757202,2.184999942779541,2.2200000286102295,33993
2023-01-05,2.2750000953674316,2.2750000953674316,2.200000047683716,2.2750000953674316,27574
2023-01-09,2.259999990463257,2.4700000286102295,2.2149999141693115,2.4700000286102295,57578
2023-01-10,2.4600000381469727,2.7699999809265137,2.4600000381469727,2.7200000286102295,97913
2023-01-11,2.744999885559082,2.744999885559082,2.4800000190734863,2.615000009536743,32817
2023-01-12,2.5999999046325684,2.5999999046325684,2.4700000286102295,2.569999933242798,13946
2023-01-13,2.559999942779541,2.5799999237060547,2.490000009536743,2.559999942779541,9880
2023-01-16,2.549999952316284,2.549999952316284,2.4800000190734863,2.4800000190734863,7438
2023-01-17,2.4800000190734863,2.494999885559082,2.440000057220459,2.490000009536743,20779
2023-01-18,2.490000009536743,2.6500000953674316,2.3499999046325684,2.609999895095825,32696
2023-01-19,2.5999999046325684,2.609999895095825,2.5199999809265137,2.609999895095825,35659
2023-01-20,2.5999999046325684,2.5999999046325684,2.509999990463257,2.5999999046325684,8618
2023-01-23,2.5999999046325684,2.5999999046325684,2.515000104904175,2.5899999141693115,14030
2023-01-24,2.5799999237060547,2.5799999237060547,2.490000009536743,2.5,6726
2023-01-25,2.4700000286102295,2.5399999618530273,2.4000000953674316,2.5199999809265137,11245
2023-01-26,2.5250000953674316,2.5799999237060547,2.5,2.549999952316284,14164
2023-01-27,2.549999952316284,2.549999952316284,2.430000066757202,2.5350000858306885,6873
2023-01-30,2.5350000858306885,2.630000114440918,2.380000114440918,2.5,14423
2023-01-31,2.5450000762939453,2.5450000762939453,2.390000104904175,2.4800000190734863,13303
2023-02-01,2.494999885559082,2.5199999809265137,2.390000104904175,2.490000009536743,8004
2023-02-02,2.490000009536743,2.5350000858306885,2.4000000953674316,2.490000009536743,14753
2023-02-03,2.490000009536743,2.5299999713897705,2.4000000953674316,2.4549999237060547,9468
2023-02-06,2.4549999237060547,2.4549999237060547,2.3550000190734863,2.444999933242798,10211
2023-02-07,2.444999933242798,2.5,2.365000009536743,2.484999895095825,6118
2023-02-08,2.484999895095825,2.509999990463257,2.450000047683716,2.5,3102
2023-02-09,2.5399999618530273,2.6600000858306885,2.4549999237060547,2.615000009536743,35143
2023-02-10,2.640000104904175,2.640000104904175,2.4800000190734863,2.565000057220459,13578
2023-02-13,2.5299999713897705,2.625,2.450000047683716,2.5850000381469727,9132
2023-02-14,2.5899999141693115,2.5899999141693115,2.4100000858306885,2.5250000953674316,3208
2023-02-15,2.680000066757202,2.690000057220459,2.4200000762939453,2.4649999141693115,41749
2023-02-16,2.484999895095825,2.5450000762939453,2.4000000953674316,2.434999942779541,26466
2023-02-17,2.434999942779541,2.450000047683716,2.375,2.4000000953674316,23328
2023-02-20,2.384999990463257,2.384999990463257,2.2149999141693115,2.2850000858306885,23382
2023-02-21,2.309999942779541,2.4200000762939453,2.1600000858306885,2.244999885559082,18936
2023-02-22,2.244999885559082,2.244999885559082,2.140000104904175,2.2200000286102295,4234
2023-02-23,2.2149999141693115,2.2200000286102295,2.0850000381469727,2.194999933242798,71573
2023-02-24,2.194999933242798,2.259999990463257,2.1050000190734863,2.2200000286102295,15541
2023-02-27,2.200000047683716,2.2100000381469727,2.200000047683716,2.200000047683716,4662
2023-02-28,2.200000047683716,2.2200000286102295,2.1700000762939453,2.200000047683716,13734
2023-03-01,2.1449999809265137,2.2950000762939453,2.1449999809265137,2.174999952316284,8111
2023-03-02,2.130000114440918,2.200000047683716,2.130000114440918,2.1600000858306885,3017
2023-03-03,2.1649999618530273,2.2850000858306885,2.1649999618530273,2.200000047683716,13042
2023-03-06,2.2100000381469727,2.2850000858306885,2.200000047683716,2.2799999713897705,9042
2023-03-07,2.359999895095825,2.359999895095825,2.2300000190734863,2.315000057220459,9137
2023-03-08,2.315000057220459,2.315000057220459,2.2200000286102295,2.2799999713897705,2575
2023-03-09,2.2799999713897705,2.2799999713897705,2.2100000381469727,2.255000114440918,18614
2023-03-10,2.25,2.2799999713897705,2.200000047683716,2.259999990463257,28912
2023-03-13,2.255000114440918,2.299999952316284,2.0999999046325684,2.200000047683716,9734
2023-03-14,2.190000057220459,2.190000057220459,2.1549999713897705,2.190000057220459,10262
2023-03-15,2.2100000381469727,2.2100000381469727,2.130000114440918,2.1700000762939453,6668
2023-03-16,2.180000066757202,2.2100000381469727,2.0299999713897705,2.0999999046325684,8025
2023-03-17,2.0999999046325684,2.200000047683716,2.0999999046325684,2.200000047683716,4236
2023-03-20,2.194999933242798,2.2100000381469727,2.1549999713897705,2.2100000381469727,6227
2023-03-21,2.2100000381469727,2.240000009536743,2.184999942779541,2.240000009536743,8607
2023-03-22,2.2249999046325684,2.265000104904175,2.180000066757202,2.265000104904175,9268
2023-03-23,2.2699999809265137,2.2699999809265137,2.2100000381469727,2.25,999
2023-03-24,2.2699999809265137,2.2750000953674316,2.1600000858306885,2.234999895095825,9200
2023-03-27,2.234999895095825,2.234999895095825,2.009999990463257,2.009999990463257,67769
2023-03-28,2.009999990463257,2.0450000762939453,1.899999976158142,1.9780000448226929,14127
2023-03-29,1.9780000448226929,1.9780000448226929,1.75,1.75,81734
2023-03-30,1.7599999904632568,1.8380000591278076,1.7599999904632568,1.8380000591278076,12684
2023-03-31,1.8680000305175781,1.9980000257492065,1.7799999713897705,1.996000051498413,32961
2023-04-03,1.9900000095367432,2.0,1.9199999570846558,1.996000051498413,18621
2023-04-04,1.996000051498413,2.0,1.9299999475479126,1.9980000257492065,5810
2023-04-05,1.9980000257492065,1.9980000257492065,1.9199999570846558,1.9700000286102295,7298
2023-04-06,1.9700000286102295,1.9880000352859497,1.9240000247955322,1.9739999771118164,2013
2023-04-11,1.9700000286102295,2.015000104904175,1.9500000476837158,2.015000104904175,19068
2023-04-12,2.059999942779541,2.130000114440918,2.0,2.115000009536743,31480
2023-04-13,2.115000009536743,2.200000047683716,2.055000066757202,2.200000047683716,9688
2023-04-14,2.200000047683716,2.200000047683716,2.059999942779541,2.174999952316284,3507
2023-04-17,2.180000066757202,2.180000066757202,2.065000057220459,2.0999999046325684,1492
2023-04-18,2.0799999237060547,2.2899999618530273,2.0799999237060547,2.240000009536743,78558
2023-04-19,2.240000009536743,2.450000047683716,2.200000047683716,2.3499999046325684,22998
2023-04-20,2.369999885559082,2.4600000381469727,2.25,2.25,14592
2023-04-21,2.259999990463257,2.299999952316284,2.190000057220459,2.240000009536743,2583
2023-04-24,2.240000009536743,2.299999952316284,2.200000047683716,2.2799999713897705,1502
2023-04-25,2.2899999618530273,2.3499999046325684,2.25,2.309999942779541,23569
2023-04-26,2.309999942779541,2.309999942779541,2.2200000286102295,2.2799999713897705,6915
2023-04-27,2.2200000286102295,2.299999952316284,2.2200000286102295,2.2699999809265137,12792
2023-04-28,2.2799999713897705,2.299999952316284,2.240000009536743,2.240000009536743,3699
2023-05-02,2.240000009536743,2.240000009536743,2.1700000762939453,2.1700000762939453,8146
2023-05-04,2.1700000762939453,2.1700000762939453,2.109999895095825,2.109999895095825,12845
2023-05-05,2.1600000858306885,2.180000066757202,2.119999885559082,2.180000066757202,3157
2023-05-08,2.180000066757202,2.190000057220459,2.180000066757202,2.190000057220459,191
2023-05-09,2.200000047683716,2.200000047683716,2.109999895095825,2.109999895095825,3993
2023-05-10,2.109999895095825,2.140000104904175,2.059999942779541,2.0899999141693115,3909
2023-05-11,2.0899999141693115,2.0899999141693115,2.049999952316284,2.069999933242798,8496
2023-05-12,2.0899999141693115,2.130000114440918,2.059999942779541,2.130000114440918,2887
2023-05-15,2.130000114440918,2.130000114440918,2.059999942779541,2.109999895095825,1110
2023-05-16,2.109999895095825,2.109999895095825,2.0399999618530273,2.0899999141693115,6984
2023-05-17,2.0899999141693115,2.0899999141693115,1.9900000095367432,1.9900000095367432,5822
2023-05-18,2.0,2.059999942779541,2.0,2.059999942779541,1428
2023-05-19,2.059999942779541,2.1600000858306885,2.0199999809265137,2.1600000858306885,10533
2023-05-22,2.0799999237060547,2.1600000858306885,2.0799999237060547,2.1500000953674316,11336
2023-05-23,2.1600000858306885,2.1600000858306885,2.0799999237060547,2.0799999237060547,3513
2023-05-24,2.0899999141693115,2.140000104904175,2.0,2.059999942779541,7595
2023-05-25,2.059999942779541,2.059999942779541,2.0,2.0,6709
2023-05-26,2.049999952316284,2.049999952316284,1.9900000095367432,1.9900000095367432,2248
2023-05-29,1.9950000047683716,2.0399999618530273,1.9950000047683716,2.0,1784
2023-05-30,2.009999990463257,2.009999990463257,1.965000033378601,1.9900000095367432,4192
2023-05-31,1.965000033378601,1.9800000190734863,1.9500000476837158,1.9500000476837158,8792
2023-06-01,1.975000023841858,2.0,1.9299999475479126,1.9299999475479126,4803
2023-06-02,1.9199999570846558,1.9800000190734863,1.9199999570846558,1.9800000190734863,215
2023-06-05,1.9850000143051147,2.0,1.9500000476837158,1.9600000381469727,3356
2023-06-06,1.9450000524520874,2.009999990463257,1.940000057220459,1.940000057220459,6998
2023-06-07,1.9500000476837158,1.9600000381469727,1.9500000476837158,1.9500000476837158,297
2023-06-09,1.9800000190734863,1.9800000190734863,1.975000023841858,1.975000023841858,260
2023-06-12,1.975000023841858,1.975000023841858,1.9500000476837158,1.9500000476837158,415
2023-06-13,1.9500000476837158,1.9500000476837158,1.909999966621399,1.9500000476837158,11451
2023-06-14,1.965000033378601,1.965000033378601,1.9249999523162842,1.9249999523162842,3006
2023-06-15,1.9249999523162842,1.9900000095367432,1.9249999523162842,1.9900000095367432,3733
2023-06-16,1.9900000095367432,1.9900000095367432,1.965000033378601,1.9900000095367432,3242
2023-06-19,1.9900000095367432,2.0,1.9600000381469727,2.0,2082
2023-06-20,2.0,2.0,1.9600000381469727,1.9600000381469727,4367
2023-06-21,1.9950000047683716,2.0,1.934999942779541,1.975000023841858,3110
2023-06-22,1.9550000429153442,1.9950000047683716,1.9550000429153442,1.9600000381469727,1289
2023-06-23,1.9950000047683716,2.0,1.9500000476837158,1.9500000476837158,8407
2023-06-26,1.9950000047683716,1.9950000047683716,1.909999966621399,1.909999966621399,11073
2023-06-27,1.9450000524520874,1.9550000429153442,1.8650000095367432,1.8650000095367432,3580
2023-06-28,1.8799999952316284,1.9500000476837158,1.8799999952316284,1.9450000524520874,4893
2023-06-29,1.9450000524520874,1.9600000381469727,1.899999976158142,1.9600000381469727,3640
2023-06-30,1.9700000286102295,1.9700000286102295,1.9700000286102295,1.9700000286102295,2
2023-07-03,1.9550000429153442,1.9550000429153442,1.9299999475479126,1.9550000429153442,821
2023-07-04,1.9500000476837158,1.9500000476837158,1.8899999856948853,1.9450000524520874,8180
2023-07-05,1.9450000524520874,1.9450000524520874,1.8600000143051147,1.909999966621399,7218
2023-07-06,1.899999976158142,1.899999976158142,1.850000023841858,1.850000023841858,13697
2023-07-07,1.850000023841858,1.909999966621399,1.850000023841858,1.8899999856948853,7309
2023-07-10,1.8899999856948853,2.0,1.8899999856948853,2.0,40452
2023-07-11,2.0,2.130000114440918,2.0,2.109999895095825,14713
2023-07-12,2.130000114440918,2.130000114440918,2.0399999618530273,2.0999999046325684,15715
2023-07-13,2.0999999046325684,2.0999999046325684,2.0399999618530273,2.059999942779541,858
2023-07-14,2.0999999046325684,2.200000047683716,2.059999942779541,2.200000047683716,32846
2023-07-17,2.240000009536743,2.700000047683716,2.200000047683716,2.5999999046325684,119843
2023-07-18,2.5999999046325684,3.549999952316284,2.5999999046325684,3.549999952316284,274894
2023-07-19,3.619999885559082,4.369999885559082,3.4000000953674316,3.5999999046325684,759081
2023-07-20,3.569999933242798,3.6600000858306885,3.3399999141693115,3.359999895095825,72125
2023-07-21,3.440000057220459,3.4800000190734863,3.109999895095825,3.180000066757202,71018
2023-07-24,3.200000047683716,3.430000066757202,3.0999999046325684,3.190000057220459,55774
2023-07-25,3.190000057220459,3.299999952316284,2.950000047683716,3.0299999713897705,77551
2023-07-26,3.059999942779541,3.180000066757202,2.819999933242798,3.0199999809265137,37408
2023-07-27,3.0199999809265137,3.0999999046325684,2.8399999141693115,3.059999942779541,58048
2023-07-28,3.0899999141693115,3.690000057220459,2.9800000190734863,3.5899999141693115,116391
2023-07-31,3.5899999141693115,3.690000057220459,3.4100000858306885,3.5,28902
2023-08-01,3.5,3.5,3.319999933242798,3.319999933242798,11857
2023-08-02,3.319999933242798,3.4000000953674316,3.0799999237060547,3.299999952316284,46529
2023-08-03,3.299999952316284,3.299999952316284,3.140000104904175,3.259999990463257,4813
2023-08-04,3.299999952316284,3.299999952316284,3.130000114440918,3.130000114440918,11937
2023-08-07,3.130000114440918,3.1600000858306885,3.0,3.049999952316284,18317
2023-08-08,3.049999952316284,3.049999952316284,2.799999952316284,2.880000114440918,23631
2023-08-09,2.880000114440918,2.9800000190734863,2.8499999046325684,2.9000000953674316,10602
2023-08-10,2.9800000190734863,3.0999999046325684,2.930000066757202,3.0199999809265137,7340
2023-08-11,3.0399999618530273,3.0399999618530273,2.9700000286102295,3.0,3749
2023-08-14,2.990000009536743,2.990000009536743,2.75,2.809999942779541,24704
2023-08-16,2.8299999237060547,2.8499999046325684,2.75,2.8499999046325684,10572
2023-08-17,2.890000104904175,2.890000104904175,2.7300000190734863,2.799999952316284,9093
2023-08-18,2.799999952316284,2.799999952316284,2.6500000953674316,2.7699999809265137,7767
2023-08-21,2.7699999809265137,2.7699999809265137,2.6500000953674316,2.75,7726
2023-08-22,2.75,2.8399999141693115,2.75,2.809999942779541,4293
2023-08-23,2.8299999237060547,3.2100000381469727,2.700000047683716,3.140000104904175,45213
2023-08-24,3.0899999141693115,3.130000114440918,2.9800000190734863,3.130000114440918,10031
2023-08-25,3.130000114440918,3.130000114440918,2.9100000858306885,2.9100000858306885,5056
2023-08-28,2.990000009536743,2.990000009536743,2.7200000286102295,2.740000009536743,18910
2023-08-29,2.740000009536743,2.809999942779541,2.640000104904175,2.75,7564
2023-08-30,2.75,2.75,2.700000047683716,2.75,1406
2023-08-31,2.75,2.75,2.6600000858306885,2.6600000858306885,5458
2023-09-01,2.6600000858306885,2.700000047683716,2.549999952316284,2.6500000953674316,14766
2023-09-04,2.700000047683716,2.700000047683716,2.609999895095825,2.690000057220459,381
2023-09-05,2.569999933242798,2.680000066757202,2.569999933242798,2.640000104904175,747
2023-09-06,2.690000057220459,2.690000057220459,2.5999999046325684,2.6700000762939453,2276
2023-09-07,2.690000057220459,2.690000057220459,2.690000057220459,2.690000057220459,39
2023-09-08,2.690000057220459,2.690000057220459,2.619999885559082,2.6600000858306885,3143
2023-09-11,2.6600000858306885,2.700000047683716,2.6600000858306885,2.700000047683716,1724
2023-09-12,2.700000047683716,2.700000047683716,2.609999895095825,2.630000114440918,1621
2023-09-13,2.6600000858306885,2.6600000858306885,2.619999885559082,2.619999885559082,608
2023-09-14,2.619999885559082,2.619999885559082,2.4700000286102295,2.619999885559082,11229
2023-09-15,2.619999885559082,2.619999885559082,2.4800000190734863,2.509999990463257,19122
2023-09-18,2.509999990463257,2.619999885559082,2.4700000286102295,2.569999933242798,5761
2023-09-19,2.5999999046325684,2.5999999046325684,2.5999999046325684,2.5999999046325684,36
2023-09-20,2.5999999046325684,2.5999999046325684,2.549999952316284,2.5999999046325684,1494
2023-09-21,2.5999999046325684,2.5999999046325684,2.5799999237060547,2.5799999237060547,526
2023-09-22,2.5399999618530273,2.5799999237060547,2.4800000190734863,2.5299999713897705,3542
2023-09-25,2.5299999713897705,2.5299999713897705,2.430000066757202,2.4600000381469727,3499
2023-09-26,2.450000047683716,2.450000047683716,2.299999952316284,2.359999895095825,26952
2023-09-27,2.359999895095825,2.359999895095825,2.2799999713897705,2.3299999237060547,4284
2023-09-28,2.3299999237060547,2.3299999237060547,2.2799999713897705,2.2799999713897705,4542
2023-09-29,2.2799999713897705,2.2799999713897705,2.190000057220459,2.2799999713897705,7253
2023-10-02,2.200000047683716,2.359999895095825,2.190000057220459,2.2799999713897705,14671
2023-10-03,2.190000057220459,2.2899999618530273,2.119999885559082,2.200000047683716,14305
2023-10-04,2.2799999713897705,2.2799999713897705,2.140000104904175,2.140000104904175,3295
2023-10-05,2.140000104904175,2.140000104904175,2.059999942779541,2.140000104904175,1425
2023-10-06,2.1600000858306885,2.1600000858306885,2.009999990463257,2.0199999809265137,13065
2023-10-09,2.049999952316284,2.359999895095825,2.0199999809265137,2.3299999237060547,29396
2023-10-10,2.3299999237060547,2.3299999237060547,2.2200000286102295,2.2200000286102295,2682
2023-10-11,2.2200000286102295,2.2200000286102295,2.140000104904175,2.200000047683716,5291
2023-10-12,2.200000047683716,2.200000047683716,2.0999999046325684,2.0999999046325684,11867
2023-10-13,2.119999885559082,2.299999952316284,2.119999885559082,2.2799999713897705,12231
2023-10-16,2.299999952316284,2.299999952316284,2.2100000381469727,2.2100000381469727,3640
2023-10-17,2.2200000286102295,2.25,2.2100000381469727,2.25,12704
2023-10-18,2.240000009536743,2.3499999046325684,2.1600000858306885,2.299999952316284,65554
2023-10-19,2.299999952316284,2.299999952316284,2.119999885559082,2.240000009536743,10774
2023-10-20,2.240000009536743,2.240000009536743,2.119999885559082,2.1600000858306885,18255
2023-10-23,2.1600000858306885,2.1600000858306885,2.0999999046325684,2.140000104904175,19573
2023-10-24,2.049999952316284,2.140000104904175,2.0399999618530273,2.069999933242798,9009
2023-10-25,2.059999942779541,2.059999942779541,1.9500000476837158,2.0199999809265137,24866
2023-10-26,2.0199999809265137,2.0399999618530273,1.9500000476837158,2.0399999618530273,10033
2023-10-27,2.0399999618530273,2.0399999618530273,1.9900000095367432,2.0399999618530273,5479
2023-10-30,2.049999952316284,2.0799999237060547,2.049999952316284,2.0799999237060547,522
2023-10-31,2.0899999141693115,2.2899999618530273,2.0799999237060547,2.240000009536743,35159
2023-11-02,2.240000009536743,2.3399999141693115,2.0399999618530273,2.109999895095825,47126
2023-11-03,2.140000104904175,2.140000104904175,2.0299999713897705,2.0899999141693115,19020
2023-11-06,2.069999933242798,2.2200000286102295,2.069999933242798,2.2200000286102295,26446
2023-11-07,2.2699999809265137,2.2699999809265137,2.140000104904175,2.2300000190734863,930
2023-11-08,2.2699999809265137,2.2699999809265137,2.2699999809265137,2.2699999809265137,25
2023-11-09,2.25,2.25,2.0799999237060547,2.1700000762939453,13103
2023-11-10,2.259999990463257,2.259999990463257,2.0799999237060547,2.240000009536743,14239
2023-11-13,2.1600000858306885,2.200000047683716,2.130000114440918,2.200000047683716,4372
2023-11-14,2.25,2.259999990463257,2.119999885559082,2.240000009536743,16598
2023-11-15,2.2699999809265137,2.3399999141693115,2.130000114440918,2.299999952316284,40087
2023-11-16,2.3499999046325684,2.4700000286102295,2.25,2.380000114440918,38437
2023-11-17,2.380000114440918,2.4200000762939453,2.3499999046325684,2.390000104904175,7431
2023-11-20,2.4000000953674316,2.700000047683716,2.4000000953674316,2.630000114440918,45947
2023-11-21,2.700000047683716,2.809999942779541,2.5999999046325684,2.690000057220459,37272
2023-11-22,2.7300000190734863,2.7300000190734863,2.640000104904175,2.690000057220459,2404
2023-11-23,2.700000047683716,2.700000047683716,2.569999933242798,2.640000104904175,5878
2023-11-24,2.640000104904175,2.640000104904175,2.3499999046325684,2.4600000381469727,50847
2023-11-27,2.450000047683716,2.450000047683716,2.2899999618530273,2.3399999141693115,22592
2023-11-28,2.3399999141693115,2.3399999141693115,2.1500000953674316,2.319999933242798,14567
2023-11-29,2.359999895095825,2.359999895095825,2.240000009536743,2.240000009536743,12762
2023-11-30,2.299999952316284,2.299999952316284,2.200000047683716,2.2699999809265137,10977
2023-12-01,2.259999990463257,2.259999990463257,2.2200000286102295,2.25,5514
2023-12-04,2.259999990463257,2.259999990463257,2.180000066757202,2.190000057220459,8778
2023-12-05,2.2100000381469727,2.430000066757202,2.2100000381469727,2.3399999141693115,31703
2023-12-06,2.380000114440918,2.380000114440918,2.2699999809265137,2.2899999618530273,1400
2023-12-07,2.3399999141693115,2.369999885559082,2.319999933242798,2.319999933242798,6531
2023-12-08,2.3499999046325684,2.369999885559082,2.299999952316284,2.3399999141693115,11718
2023-12-11,2.380000114440918,2.380000114440918,2.3499999046325684,2.359999895095825,1114
2023-12-12,2.359999895095825,2.359999895095825,2.299999952316284,2.3399999141693115,6465
2023-12-13,2.3399999141693115,2.380000114440918,2.2799999713897705,2.2899999618530273,39882
2023-12-14,2.2899999618530273,2.3299999237060547,2.25,2.25,23270
2023-12-15,2.2899999618530273,2.299999952316284,2.2300000190734863,2.240000009536743,5580
2023-12-18,2.2300000190734863,2.259999990463257,2.190000057220459,2.259999990463257,25270
2023-12-19,2.259999990463257,2.259999990463257,2.190000057220459,2.2300000190734863,3830
2023-12-20,2.240000009536743,2.240000009536743,2.130000114440918,2.1600000858306885,21250
2023-12-21,2.1500000953674316,2.1500000953674316,2.0999999046325684,2.0999999046325684,31194
2023-12-22,2.140000104904175,2.190000057220459,2.0999999046325684,2.119999885559082,82135
2023-12-27,2.0999999046325684,2.119999885559082,2.009999990463257,2.0399999618530273,57196
2023-12-28,2.130000114440918,2.140000104904175,2.069999933242798,2.069999933242798,31941
2023-12-29,2.119999885559082,2.119999885559082,2.059999942779541,2.0799999237060547,6847
2024-01-02,2.0799999237060547,2.190000057220459,2.0799999237060547,2.0999999046325684,23519
2024-01-03,2.109999895095825,2.1600000858306885,2.0899999141693115,2.119999885559082,10166
2024-01-04,2.180000066757202,2.2300000190734863,2.130000114440918,2.2200000286102295,13193
2024-01-05,2.2300000190734863,2.3299999237060547,2.1600000858306885,2.3299999237060547,24872
2024-01-08,2.299999952316284,2.299999952316284,2.2200000286102295,2.2899999618530273,5859
2024-01-09,2.299999952316284,2.3399999141693115,2.2300000190734863,2.2899999618530273,13369
2024-01-10,2.2899999618530273,2.2899999618530273,2.2200000286102295,2.2300000190734863,4763
2024-01-11,2.25,2.6700000762939453,2.2300000190734863,2.4700000286102295,86670
2024-01-12,2.4700000286102295,2.569999933242798,2.3299999237060547,2.549999952316284,28352
2024-01-15,2.549999952316284,2.549999952316284,2.3499999046325684,2.4200000762939453,17470
2024-01-16,2.390000104904175,2.390000104904175,2.299999952316284,2.299999952316284,13897
2024-01-17,2.359999895095825,2.359999895095825,2.190000057220459,2.190000057220459,17805
2024-01-18,2.2799999713897705,2.2799999713897705,2.200000047683716,2.200000047683716,3556
2024-01-19,2.240000009536743,2.259999990463257,2.200000047683716,2.2100000381469727,1386
2024-01-22,2.25,2.299999952316284,2.2200000286102295,2.2899999618530273,6730
2024-01-23,2.2899999618530273,2.2899999618530273,2.2100000381469727,2.2899999618530273,2216
2024-01-24,2.2899999618530273,2.299999952316284,2.200000047683716,2.2899999618530273,5543
2024-01-25,2.200000047683716,2.2899999618530273,2.200000047683716,2.2899999618530273,1686
2024-01-26,2.2899999618530273,2.2899999618530273,2.200000047683716,2.2699999809265137,7515
2024-01-29,2.2699999809265137,2.2699999809265137,2.2200000286102295,2.2699999809265137,10110
2024-01-30,2.2200000286102295,2.3299999237060547,2.2200000286102295,2.2799999713897705,12356
2024-01-31,2.299999952316284,2.319999933242798,2.299999952316284,2.309999942779541,867
2024-02-01,2.3299999237060547,2.3299999237060547,2.2799999713897705,2.319999933242798,937
2024-02-02,2.319999933242798,2.450000047683716,2.2699999809265137,2.440000057220459,16135
2024-02-05,2.430000066757202,2.569999933242798,2.3499999046325684,2.4600000381469727,29675
2024-02-06,2.569999933242798,2.569999933242798,2.440000057220459,2.549999952316284,10863
2024-02-07,2.549999952316284,2.630000114440918,2.5399999618530273,2.5899999141693115,6902
2024-02-08,2.630000114440918,2.630000114440918,2.4200000762939453,2.4800000190734863,17015
2024-02-09,2.4100000858306885,2.5199999809265137,2.4100000858306885,2.4100000858306885,3904
2024-02-12,2.490000009536743,2.5399999618530273,2.4100000858306885,2.5,20688
2024-02-13,2.5399999618530273,2.5399999618530273,2.3299999237060547,2.390000104904175,24928
2024-02-14,2.390000104904175,2.5,2.3399999141693115,2.490000009536743,18436
2024-02-15,2.490000009536743,2.490000009536743,2.4100000858306885,2.440000057220459,5010
2024-02-16,2.4800000190734863,2.4800000190734863,2.359999895095825,2.430000066757202,5424
2024-02-19,2.4100000858306885,2.4800000190734863,2.359999895095825,2.4800000190734863,12810
2024-02-20,2.4700000286102295,2.619999885559082,2.450000047683716,2.5799999237060547,31113
2024-02-21,2.569999933242798,2.569999933242798,2.5,2.559999942779541,4599
2024-02-22,2.569999933242798,2.5999999046325684,2.440000057220459,2.450000047683716,52618
2024-02-23,2.569999933242798,2.569999933242798,2.4700000286102295,2.5299999713897705,5521
2024-02-26,2.4600000381469727,3.0999999046325684,2.4600000381469727,2.799999952316284,101895
2024-02-27,2.9600000381469727,3.180000066757202,2.809999942779541,2.859999895095825,93751
2024-02-28,2.859999895095825,3.0999999046325684,2.809999942779541,2.9800000190734863,62345
2024-02-29,2.9800000190734863,3.0399999618530273,2.799999952316284,2.8399999141693115,47251
2024-03-01,2.8399999141693115,2.9100000858306885,2.809999942779541,2.859999895095825,13741
2024-03-04,2.890000104904175,2.890000104904175,2.809999942779541,2.869999885559082,10949
2024-03-05,2.8499999046325684,2.869999885559082,2.700000047683716,2.869999885559082,13070
2024-03-06,2.890000104904175,3.1600000858306885,2.8499999046325684,3.0899999141693115,61460
2024-03-07,3.0999999046325684,3.200000047683716,3.0,3.0399999618530273,25099
2024-03-08,3.059999942779541,3.109999895095825,2.9700000286102295,3.0199999809265137,11305
2024-03-11,3.0999999046325684,3.0999999046325684,2.8299999237060547,2.8499999046325684,21771
2024-03-12,2.890000104904175,2.940000057220459,2.799999952316284,2.9000000953674316,8797
2024-03-13,2.880000114440918,2.880000114440918,2.7699999809265137,2.880000114440918,3628
2024-03-14,2.880000114440918,2.890000104904175,2.819999933242798,2.890000104904175,2944
2024-03-15,2.890000104904175,2.890000104904175,2.7699999809265137,2.859999895095825,9359
2024-03-18,2.7699999809265137,2.9000000953674316,2.7699999809265137,2.9000000953674316,6207
2024-03-19,2.890000104904175,2.9000000953674316,2.7899999618530273,2.890000104904175,5184
2024-03-20,2.880000114440918,2.880000114440918,2.5999999046325684,2.680000066757202,12863
2024-03-21,2.75,2.75,2.630000114440918,2.6500000953674316,7912
2024-03-22,2.6500000953674316,2.759999990463257,2.5,2.6500000953674316,14058
2024-03-25,2.6700000762939453,2.6700000762939453,2.569999933242798,2.5999999046325684,4743
2024-03-26,2.6500000953674316,2.6500000953674316,2.5299999713897705,2.5899999141693115,11305
2024-03-27,2.5899999141693115,2.5899999141693115,2.5,2.5,6675
2024-03-28,2.549999952316284,2.930000066757202,2.549999952316284,2.8299999237060547,50438
2024-04-02,2.819999933242798,2.8299999237060547,2.680000066757202,2.75,11294
2024-04-03,2.7300000190734863,2.7899999618530273,2.700000047683716,2.7899999618530273,7403
2024-04-04,2.7899999618530273,2.799999952316284,2.5999999046325684,2.690000057220459,33284
2024-04-05,2.690000057220459,2.7699999809265137,2.6500000953674316,2.7300000190734863,13080
2024-04-08,2.7300000190734863,2.7300000190734863,2.640000104904175,2.7100000381469727,1357
2024-04-09,2.7100000381469727,2.740000009536743,2.6600000858306885,2.6700000762939453,11827
2024-04-10,2.7200000286102295,2.7200000286102295,2.680000066757202,2.690000057220459,3250
2024-04-11,2.7100000381469727,2.869999885559082,2.7100000381469727,2.819999933242798,27842
2024-04-12,2.869999885559082,2.869999885559082,2.859999895095825,2.859999895095825,2235
2024-04-15,2.869999885559082,2.869999885559082,2.640000104904175,2.6700000762939453,22561
2024-04-16,2.7100000381469727,2.7100000381469727,2.5299999713897705,2.640000104904175,13734
2024-04-17,2.640000104904175,2.640000104904175,2.549999952316284,2.640000104904175,2111
2024-04-18,2.6700000762939453,2.6700000762939453,2.609999895095825,2.6600000858306885,2272
2024-04-19,2.6700000762939453,2.6700000762939453,2.609999895095825,2.6600000858306885,909
2024-04-22,2.6600000858306885,2.680000066757202,2.609999895095825,2.680000066757202,7538
2024-04-23,2.700000047683716,2.700000047683716,2.680000066757202,2.680000066757202,13
2024-04-24,2.690000057220459,2.690000057220459,2.5799999237060547,2.6700000762939453,4806
2024-04-25,2.6700000762939453,2.6700000762939453,2.509999990463257,2.5799999237060547,8328
2024-04-26,2.5799999237060547,2.5799999237060547,2.509999990463257,2.5199999809265137,2498
2024-04-29,2.569999933242798,2.569999933242798,2.569999933242798,2.569999933242798,25
2024-04-30,2.569999933242798,2.569999933242798,2.509999990463257,2.569999933242798,2974
2024-05-02,2.569999933242798,2.569999933242798,2.569999933242798,2.569999933242798,460
2024-05-06,2.5899999141693115,2.5899999141693115,2.509999990463257,2.5199999809265137,1525
2024-05-07,2.5799999237060547,2.5799999237060547,2.559999942779541,2.559999942779541,271
2024-05-08,2.559999942779541,2.559999942779541,2.5199999809265137,2.559999942779541,1037
2024-05-09,2.559999942779541,2.569999933242798,2.5199999809265137,2.5199999809265137,2761
2024-05-10,2.569999933242798,2.690000057220459,2.319999933242798,2.690000057220459,37447
2024-05-13,2.5999999046325684,2.5999999046325684,2.559999942779541,2.5999999046325684,10020
2024-05-14,2.5999999046325684,2.5999999046325684,2.5299999713897705,2.5999999046325684,1610
2024-05-15,2.6500000953674316,2.6500000953674316,2.549999952316284,2.640000104904175,5637
2024-05-16,2.680000066757202,2.680000066757202,2.5299999713897705,2.630000114440918,2170
2024-05-17,2.609999895095825,2.609999895095825,2.5299999713897705,2.5299999713897705,2540
2024-05-20,2.5199999809265137,2.5899999141693115,2.5199999809265137,2.569999933242798,6931
2024-05-21,2.5799999237060547,2.5799999237060547,2.490000009536743,2.490000009536743,9744
2024-05-22,2.4800000190734863,2.5399999618530273,2.4700000286102295,2.5199999809265137,5534
2024-05-23,2.5199999809265137,2.5199999809265137,2.4600000381469727,2.4700000286102295,13330
2024-05-24,2.5299999713897705,2.5299999713897705,2.4600000381469727,2.490000009536743,2205
2024-05-27,2.5,2.5,2.450000047683716,2.450000047683716,1380
2024-05-28,2.450000047683716,2.450000047683716,2.359999895095825,2.4100000858306885,27109
2024-05-29,2.4100000858306885,2.450000047683716,2.369999885559082,2.450000047683716,1700
2024-05-31,2.4600000381469727,2.4600000381469727,2.3499999046325684,2.3499999046325684,2842
2024-06-03,2.4000000953674316,2.450000047683716,2.369999885559082,2.450000047683716,2765
2024-06-04,2.4200000762939453,2.440000057220459,2.369999885559082,2.440000057220459,341
2024-06-05,2.450000047683716,2.4600000381469727,2.450000047683716,2.450000047683716,3005
2024-06-06,2.440000057220459,2.440000057220459,2.369999885559082,2.4000000953674316,455
2024-06-07,2.369999885559082,2.369999885559082,2.369999885559082,2.369999885559082,323
2024-06-10,2.4200000762939453,2.4200000762939453,2.3499999046325684,2.4200000762939453,1860
2024-06-11,2.4200000762939453,2.4200000762939453,2.3499999046325684,2.4100000858306885,2657
2024-06-12,2.4100000858306885,2.4100000858306885,2.3499999046325684,2.4100000858306885,2342
2024-06-13,2.3499999046325684,2.390000104904175,2.3499999046325684,2.380000114440918,8234
2024-06-14,2.380000114440918,2.4000000953674316,2.3499999046325684,2.3499999046325684,4883
2024-06-17,2.380000114440918,2.380000114440918,2.309999942779541,2.309999942779541,1239
2024-06-18,2.380000114440918,2.380000114440918,2.299999952316284,2.3299999237060547,4068
2024-06-19,2.380000114440918,2.380000114440918,2.3299999237060547,2.369999885559082,627
2024-06-20,2.369999885559082,2.4000000953674316,2.369999885559082,2.380000114440918,45976
2024-06-21,2.490000009536743,2.5,2.380000114440918,2.5,16453
2024-06-24,2.5,2.5,2.450000047683716,2.490000009536743,2535
2024-06-25,2.5,2.5,2.3499999046325684,2.3499999046325684,15283
2024-06-26,2.390000104904175,2.390000104904175,2.309999942779541,2.390000104904175,5235
2024-06-27,2.3299999237060547,2.4000000953674316,2.3299999237060547,2.4000000953674316,1059
2024-06-28,2.4000000953674316,2.4000000953674316,2.3399999141693115,2.4000000953674316,1917
2024-07-01,2.4100000858306885,2.4100000858306885,2.390000104904175,2.4100000858306885,2997
2024-07-02,2.4100000858306885,2.5,2.4100000858306885,2.450000047683716,28932
2024-07-03,2.440000057220459,2.5,2.3399999141693115,2.450000047683716,6142
2024-07-04,2.4600000381469727,2.4600000381469727,2.2699999809265137,2.2699999809265137,21012
2024-07-05,2.299999952316284,2.309999942779541,2.25,2.309999942779541,10028
2024-07-08,2.2699999809265137,2.319999933242798,2.2699999809265137,2.319999933242798,396
2024-07-09,2.319999933242798,2.319999933242798,2.259999990463257,2.259999990463257,7185
2024-07-10,2.309999942779541,2.309999942779541,2.2699999809265137,2.2699999809265137,3462
2024-07-11,2.309999942779541,2.309999942779541,2.25,2.2899999618530273,1723
2024-07-12,2.2899999618530273,2.2899999618530273,2.259999990463257,2.2799999713897705,1482
2024-07-15,2.25,2.25,2.2200000286102295,2.2200000286102295,4767
2024-07-16,2.200000047683716,2.25,2.119999885559082,2.119999885559082,17467
2024-07-17,2.1700000762939453,2.3299999237060547,2.1700000762939453,2.309999942779541,27697
2024-07-18,2.309999942779541,2.319999933242798,2.240000009536743,2.319999933242798,436
2024-07-19,2.3299999237060547,2.3299999237060547,2.240000009536743,2.2899999618530273,3540
2024-07-22,2.299999952316284,2.299999952316284,2.2300000190734863,2.2300000190734863,3499
2024-07-23,2.299999952316284,2.299999952316284,2.180000066757202,2.2799999713897705,3084
2024-07-24,2.2899999618530273,2.2899999618530273,2.180000066757202,2.2799999713897705,991
2024-07-25,2.2799999713897705,2.2799999713897705,2.200000047683716,2.25,2823
2024-07-26,2.2699999809265137,2.2699999809265137,2.200000047683716,2.2699999809265137,2005
2024-07-29,2.2200000286102295,2.2699999809265137,2.200000047683716,2.2699999809265137,1287
2024-07-30,2.2699999809265137,2.2699999809265137,2.2699999809265137,2.2699999809265137,16
2024-07-31,2.2699999809265137,2.2699999809265137,2.180000066757202,2.240000009536743,8000
2024-08-01,2.2699999809265137,2.2699999809265137,2.1500000953674316,2.190000057220459,16300
2024-08-02,2.190000057220459,2.190000057220459,2.0399999618530273,2.140000104904175,4511
2024-08-05,2.0999999046325684,2.180000066757202,1.840000033378601,2.0,34468
2024-08-06,1.9500000476837158,2.0399999618530273,1.9500000476837158,1.9800000190734863,13179
2024-08-07,1.9800000190734863,2.140000104904175,1.9800000190734863,2.0999999046325684,10333
2024-08-08,2.0999999046325684,2.0999999046325684,2.0,2.0,5476
2024-08-09,2.049999952316284,2.0799999237060547,1.965000033378601,2.059999942779541,13569
2024-08-12,2.059999942779541,2.109999895095825,2.0,2.109999895095825,4885
2024-08-13,2.180000066757202,2.180000066757202,2.0999999046325684,2.1600000858306885,4314
2024-08-14,2.190000057220459,2.25,2.119999885559082,2.25,16736
2024-08-16,2.259999990463257,2.2699999809265137,2.130000114440918,2.2200000286102295,10812
2024-08-19,2.259999990463257,2.259999990463257,2.0899999141693115,2.180000066757202,2110
2024-08-20,2.200000047683716,2.200000047683716,2.049999952316284,2.130000114440918,5648
2024-08-21,2.1700000762939453,2.2100000381469727,2.109999895095825,2.2100000381469727,18750
2024-08-22,2.259999990463257,2.259999990463257,2.130000114440918,2.25,313
2024-08-23,2.25,2.319999933242798,2.1700000762939453,2.309999942779541,16613
2024-08-26,2.309999942779541,2.309999942779541,2.2699999809265137,2.2699999809265137,11
2024-08-27,2.309999942779541,2.309999942779541,2.2300000190734863,2.2300000190734863,1967
2024-08-28,2.2899999618530273,2.2899999618530273,2.2200000286102295,2.2200000286102295,3508
2024-08-29,2.240000009536743,2.240000009536743,2.2200000286102295,2.240000009536743,1141
2024-08-30,2.299999952316284,2.299999952316284,2.240000009536743,2.299999952316284,704
2024-09-02,2.299999952316284,2.3299999237060547,2.299999952316284,2.3299999237060547,2189
2024-09-03,2.3399999141693115,2.3399999141693115,2.319999933242798,2.3299999237060547,2370
2024-09-04,2.3499999046325684,2.3499999046325684,2.2699999809265137,2.2699999809265137,15305
2024-09-05,2.3299999237060547,2.3299999237060547,2.2699999809265137,2.2699999809265137,114
2024-09-06,2.3299999237060547,2.3299999237060547,2.2699999809265137,2.309999942779541,6918
2024-09-09,2.309999942779541,2.309999942779541,2.309999942779541,2.309999942779541,5
2024-09-10,2.309999942779541,2.309999942779541,2.2100000381469727,2.2100000381469727,3326
2024-09-11,2.2899999618530273,2.2899999618530273,2.2100000381469727,2.2100000381469727,391
2024-09-12,2.2899999618530273,2.2899999618530273,2.0999999046325684,2.140000104904175,15577
2024-09-13,2.2799999713897705,2.2799999713897705,2.1600000858306885,2.1600000858306885,6297
2024-09-16,2.2300000190734863,2.2300000190734863,2.1600000858306885,2.2200000286102295,1520
2024-09-17,2.2300000190734863,2.2300000190734863,2.1600000858306885,2.1600000858306885,4708
2024-09-18,2.2100000381469727,2.2100000381469727,2.119999885559082,2.119999885559082,1404
2024-09-19,2.140000104904175,2.180000066757202,2.140000104904175,2.180000066757202,572
2024-09-20,2.190000057220459,2.190000057220459,2.140000104904175,2.140000104904175,705
2024-09-23,2.180000066757202,2.180000066757202,2.0999999046325684,2.0999999046325684,4692
2024-09-24,2.180000066757202,2.180000066757202,2.1600000858306885,2.1700000762939453,2050
2024-09-25,2.1700000762939453,2.1700000762939453,2.069999933242798,2.069999933242798,3090
2024-09-26,2.1600000858306885,2.1600000858306885,2.1600000858306885,2.1600000858306885,1005
2024-09-27,2.180000066757202,2.180000066757202,2.0999999046325684,2.119999885559082,1716
2024-09-30,2.1600000858306885,2.240000009536743,2.130000114440918,2.130000114440918,10331
2024-10-01,2.1500000953674316,2.1500000953674316,2.130000114440918,2.130000114440918,3379
2024-10-02,2.1500000953674316,2.1500000953674316,2.130000114440918,2.130000114440918,6605
2024-10-03,2.1500000953674316,2.1500000953674316,2.059999942779541,2.059999942779541,10646
2024-10-04,2.119999885559082,2.119999885559082,2.119999885559082,2.119999885559082,5
2024-10-07,2.119999885559082,2.119999885559082,2.059999942779541,2.059999942779541,3073
2024-10-08,2.119999885559082,2.119999885559082,2.009999990463257,2.0199999809265137,8591
2024-10-09,2.119999885559082,2.119999885559082,2.0199999809265137,2.0999999046325684,2708
2024-10-10,2.0999999046325684,2.0999999046325684,2.059999942779541,2.059999942779541,601
2024-10-11,2.0899999141693115,2.0899999141693115,2.059999942779541,2.0899999141693115,189
2024-10-14,2.119999885559082,2.119999885559082,2.119999885559082,2.119999885559082,5
2024-10-15,2.109999895095825,2.109999895095825,2.059999942779541,2.059999942779541,186
2024-10-16,2.0999999046325684,2.0999999046325684,2.059999942779541,2.059999942779541,902
2024-10-17,2.0999999046325684,2.0999999046325684,2.059999942779541,2.0799999237060547,53
2024-10-18,2.0999999046325684,2.0999999046325684,2.059999942779541,2.059999942779541,2242
2024-10-21,2.0999999046325684,2.0999999046325684,2.009999990463257,2.009999990463257,7057
2024-10-22,2.059999942779541,2.059999942779541,1.9700000286102295,2.0299999713897705,686
2024-10-23,2.0299999713897705,2.0299999713897705,1.9800000190734863,1.9800000190734863,3381
2024-10-24,2.0,2.0,2.0,2.0,501
2024-10-25,2.0299999713897705,2.0299999713897705,1.8650000095367432,2.0,7709
2024-10-28,1.9049999713897705,2.0,1.899999976158142,1.9900000095367432,3137
2024-10-29,1.9900000095367432,1.9900000095367432,1.909999966621399,1.9199999570846558,558
2024-10-30,1.9850000143051147,1.9850000143051147,1.9700000286102295,1.9700000286102295,451
2024-10-31,2.0,2.0,1.9149999618530273,1.9249999523162842,5712
2024-11-04,1.9550000429153442,1.9550000429153442,1.899999976158142,1.940000057220459,8229
2024-11-05,1.9199999570846558,1.934999942779541,1.9199999570846558,1.9199999570846558,4146
2024-11-06,1.9199999570846558,1.9199999570846558,1.909999966621399,1.909999966621399,770
2024-11-07,1.899999976158142,1.940000057220459,1.899999976158142,1.934999942779541,1109
2024-11-08,1.9049999713897705,1.9149999618530273,1.8899999856948853,1.9149999618530273,4277
2024-11-12,1.940000057220459,1.940000057220459,1.850000023841858,1.9199999570846558,12621
2024-11-13,1.940000057220459,1.940000057220459,1.8550000190734863,1.8550000190734863,1201
2024-11-14,1.9299999475479126,1.9299999475479126,1.8550000190734863,1.8550000190734863,6409
2024-11-15,1.934999942779541,1.934999942779541,1.8049999475479126,1.8949999809265137,32256
2024-11-18,1.940000057220459,1.940000057220459,1.8049999475479126,1.8049999475479126,14177
2024-11-19,1.899999976158142,1.899999976158142,1.7999999523162842,1.8049999475479126,19126
2024-11-20,1.840000033378601,1.840000033378601,1.840000033378601,1.840000033378601,374
2024-11-21,1.7999999523162842,1.850000023841858,1.75,1.7599999904632568,8193
2024-11-22,1.7599999904632568,1.7999999523162842,1.7599999904632568,1.7599999904632568,1922
2024-11-25,1.7999999523162842,1.7999999523162842,1.7899999618530273,1.7999999523162842,3768
2024-11-26,1.899999976158142,1.899999976158142,1.809999942779541,1.809999942779541,1580
2024-11-27,1.809999942779541,1.809999942779541,1.7899999618530273,1.7999999523162842,1418
2024-11-28,1.809999942779541,1.809999942779541,1.7599999904632568,1.784999966621399,3427
2024-11-29,1.784999966621399,1.7899999618530273,1.784999966621399,1.7899999618530273,373
2024-12-02,1.7899999618530273,1.8049999475479126,1.75,1.75,5260
2024-12-03,1.75,1.75,1.659999966621399,1.659999966621399,17277
2024-12-04,1.7000000476837158,1.7200000286102295,1.649999976158142,1.649999976158142,3463
2024-12-05,1.6200000047683716,1.649999976158142,1.6200000047683716,1.6200000047683716,15211
2024-12-06,1.7100000381469727,1.75,1.6200000047683716,1.7400000095367432,33579
2024-12-09,1.7400000095367432,1.7400000095367432,1.6749999523162842,1.6749999523162842,3635
2024-12-10,1.725000023841858,1.7400000095367432,1.600000023841858,1.6200000047683716,25914
2024-12-11,1.6799999475479126,1.6799999475479126,1.590000033378601,1.600000023841858,23459
2024-12-12,1.6150000095367432,1.6699999570846558,1.5549999475479126,1.5800000429153442,23350
2024-12-13,1.5700000524520874,1.5700000524520874,1.5549999475479126,1.5549999475479126,14699
2024-12-16,1.5700000524520874,1.649999976158142,1.559999942779541,1.649999976158142,16609
2024-12-17,1.5800000429153442,1.6100000143051147,1.5800000429153442,1.5800000429153442,1530
2024-12-18,1.5800000429153442,1.5800000429153442,1.475000023841858,1.4900000095367432,25052
2024-12-19,1.475000023841858,1.5499999523162842,1.475000023841858,1.5,23282
2024-12-20,1.5399999618530273,1.5399999618530273,1.4800000190734863,1.4900000095367432,7644
2024-12-23,1.5099999904632568,1.5399999618530273,1.4500000476837158,1.4600000381469727,40810
2024-12-27,1.4600000381469727,1.4600000381469727,1.4299999475479126,1.4299999475479126,26721
2024-12-30,1.465000033378601,1.4700000286102295,1.4199999570846558,1.4500000476837158,13988
2025-01-02,1.4500000476837158,1.4800000190734863,1.4500000476837158,1.4500000476837158,7315
2025-01-03,1.4500000476837158,1.5399999618530273,1.4149999618530273,1.5199999809265137,16724
2025-01-07,1.5199999809265137,1.524999976158142,1.5,1.5199999809265137,3174
2025-01-08,1.5399999618530273,1.5399999618530273,1.4900000095367432,1.4900000095367432,1848
2025-01-09,1.4900000095367432,1.659999966621399,1.4900000095367432,1.600000023841858,54382
2025-01-10,1.6449999809265137,1.649999976158142,1.600000023841858,1.649999976158142,5916
2025-01-13,1.649999976158142,1.649999976158142,1.559999942779541,1.6299999952316284,1371
2025-01-14,1.5850000381469727,1.6299999952316284,1.524999976158142,1.5850000381469727,20207
2025-01-15,1.5850000381469727,1.6050000190734863,1.5499999523162842,1.5499999523162842,15403
2025-01-16,1.625,1.625,1.5449999570846558,1.5449999570846558,3577
2025-01-17,1.590000033378601,1.590000033378601,1.5449999570846558,1.5449999570846558,2801
2025-01-20,1.5449999570846558,1.5750000476837158,1.5299999713897705,1.5299999713897705,42665
2025-01-21,1.6100000143051147,1.6150000095367432,1.5449999570846558,1.5950000286102295,4473
2025-01-22,1.600000023841858,1.6050000190734863,1.5750000476837158,1.5750000476837158,172
2025-01-23,1.5750000476837158,1.5850000381469727,1.534999966621399,1.5850000381469727,1908
2025-01-24,1.6200000047683716,1.6200000047683716,1.5449999570846558,1.5449999570846558,717
2025-01-27,1.600000023841858,1.600000023841858,1.5950000286102295,1.5950000286102295,6235
2025-01-28,1.5950000286102295,1.6649999618530273,1.5950000286102295,1.6649999618530273,34869
2025-01-29,1.690000057220459,1.7949999570846558,1.6649999618530273,1.7899999618530273,22528
2025-01-30,1.7450000047683716,1.7450000047683716,1.7300000190734863,1.7350000143051147,479
2025-01-31,1.7949999570846558,1.7949999570846558,1.7450000047683716,1.7599999904632568,4535
2025-02-03,1.784999966621399,1.7949999570846558,1.7450000047683716,1.7949999570846558,11193
2025-02-04,1.7999999523162842,1.8350000381469727,1.7949999570846558,1.8300000429153442,22303
2025-02-05,1.8300000429153442,1.8899999856948853,1.8300000429153442,1.8899999856948853,11314
2025-02-06,1.8799999952316284,1.9199999570846558,1.8049999475479126,1.8550000190734863,25785
2025-02-07,1.9199999570846558,2.0299999713897705,1.8350000381469727,1.875,31218
2025-02-10,1.899999976158142,2.0899999141693115,1.899999976158142,2.0899999141693115,57504
2025-02-11,2.0999999046325684,2.4600000381469727,2.009999990463257,2.4200000762939453,77911
2025-02-12,2.440000057220459,2.700000047683716,2.4200000762939453,2.5799999237060547,91752
2025-02-13,2.5799999237060547,2.700000047683716,2.509999990463257,2.640000104904175,73917
2025-02-14,2.6600000858306885,2.740000009536743,2.5999999046325684,2.7300000190734863,27185
2025-02-17,2.7300000190734863,2.819999933242798,2.5,2.5,47059
2025-02-18,2.5,2.5899999141693115,2.450000047683716,2.5,33705
2025-02-19,2.640000104904175,2.75,2.4200000762939453,2.4800000190734863,26985
2025-02-20,2.559999942779541,2.559999942779541,2.450000047683716,2.450000047683716,3571
2025-02-21,2.4800000190734863,2.490000009536743,2.4100000858306885,2.4700000286102295,7961
2025-02-24,2.4700000286102295,2.4700000286102295,2.299999952316284,2.450000047683716,15751
2025-02-25,2.4800000190734863,2.4800000190734863,2.359999895095825,2.450000047683716,1011
2025-02-26,2.4800000190734863,2.640000104904175,2.4200000762939453,2.640000104904175,8404
2025-02-27,2.640000104904175,2.680000066757202,2.5899999141693115,2.619999885559082,13563
2025-02-28,2.619999885559082,2.619999885559082,2.5199999809265137,2.5799999237060547,2102
2025-03-03,2.5799999237060547,2.619999885559082,2.5299999713897705,2.5999999046325684,9423
2025-03-04,2.619999885559082,2.619999885559082,2.450000047683716,2.4800000190734863,15821
2025-03-05,2.5,2.5899999141693115,2.5,2.569999933242798,11923
2025-03-06,2.5999999046325684,2.5999999046325684,2.4800000190734863,2.5,5724
2025-03-07,2.5,2.5,2.380000114440918,2.440000057220459,6492
2025-03-10,2.450000047683716,2.450000047683716,2.3299999237060547,2.4200000762939453,5029
2025-03-11,2.4200000762939453,2.440000057220459,2.380000114440918,2.440000057220459,685
2025-03-12,2.4000000953674316,2.440000057220459,2.3299999237060547,2.369999885559082,5118
2025-03-13,2.450000047683716,2.450000047683716,2.3499999046325684,2.3499999046325684,3185
2025-03-14,2.369999885559082,2.569999933242798,2.2699999809265137,2.569999933242798,34087
2025-03-17,2.5999999046325684,2.5999999046325684,2.390000104904175,2.5,24001
2025-03-18,2.559999942779541,2.5799999237060547,2.4700000286102295,2.559999942779541,6227
2025-03-19,2.5999999046325684,2.5999999046325684,2.4700000286102295,2.5299999713897705,7768
2025-03-20,2.5399999618530273,2.5399999618530273,2.4600000381469727,2.4700000286102295,1091
2025-03-21,2.5299999713897705,2.5299999713897705,2.4600000381469727,2.5199999809265137,2236
2025-03-24,2.5299999713897705,2.5299999713897705,2.4800000190734863,2.5299999713897705,11547
2025-03-25,2.440000057220459,2.490000009536743,2.440000057220459,2.440000057220459,4278
2025-03-26,2.490000009536743,2.490000009536743,2.440000057220459,2.4600000381469727,6683
2025-03-27,2.490000009536743,2.490000009536743,2.4000000953674316,2.4000000953674316,6306
2025-03-28,2.4700000286102295,2.509999990463257,2.4000000953674316,2.440000057220459,1347
2025-03-31,2.440000057220459,2.5299999713897705,2.240000009536743,2.5,30206
2025-04-01,2.5,2.5,2.369999885559082,2.4200000762939453,8186
2025-04-02,2.450000047683716,2.4600000381469727,2.2200000286102295,2.3399999141693115,41000
2025-04-03,2.3499999046325684,2.3499999046325684,2.2699999809265137,2.2699999809265137,7525
2025-04-04,2.2799999713897705,2.2899999618530273,2.059999942779541,2.2699999809265137,24103
2025-04-07,2.2100000381469727,2.2100000381469727,2.0199999809265137,2.190000057220459,16132
2025-04-08,2.200000047683716,2.4800000190734863,2.0899999141693115,2.380000114440918,83936
2025-04-09,2.309999942779541,2.380000114440918,2.299999952316284,2.3499999046325684,21364
2025-04-10,2.3499999046325684,2.5,2.299999952316284,2.390000104904175,6657
2025-04-11,2.390000104904175,2.390000104904175,2.309999942779541,2.369999885559082,4533
2025-04-14,2.319999933242798,2.369999885559082,2.319999933242798,2.369999885559082,1080
2025-04-15,2.369999885559082,2.549999952316284,2.2699999809265137,2.5,23370
2025-04-16,2.3499999046325684,2.490000009536743,2.3499999046325684,2.4800000190734863,4472
2025-04-17,2.5,2.700000047683716,2.4800000190734863,2.5899999141693115,46961
2025-04-22,2.5899999141693115,2.6700000762939453,2.3499999046325684,2.3499999046325684,45124
2025-04-23,2.4200000762939453,2.430000066757202,2.25,2.4100000858306885,27647
2025-04-24,2.4000000953674316,2.4000000953674316,2.200000047683716,2.2899999618530273,65760
2025-04-25,2.309999942779541,2.309999942779541,2.180000066757202,2.25,2557
2025-04-28,2.109999895095825,2.259999990463257,2.109999895095825,2.259999990463257,36082
2025-04-29,2.359999895095825,2.4100000858306885,2.180000066757202,2.25,31632
2025-04-30,2.319999933242798,2.319999933242798,2.319999933242798,2.319999933242798,10
2025-05-02,2.2699999809265137,2.2699999809265137,2.180000066757202,2.2300000190734863,6609
2025-05-05,2.200000047683716,2.2300000190734863,2.140000104904175,2.1600000858306885,10601
2025-05-06,2.1700000762939453,2.1700000762939453,1.9550000429153442,1.9800000190734863,71590
2025-05-07,2.0,2.0,1.8300000429153442,1.840000033378601,151828
2025-05-08,1.840000033378601,1.840000033378601,1.6749999523162842,1.7699999809265137,80335
2025-05-09,1.7799999713897705,1.850000023841858,1.7000000476837158,1.7699999809265137,147468
2025-05-12,1.7649999856948853,2.1700000762939453,1.75,2.140000104904175,232617
2025-05-13,2.140000104904175,2.1600000858306885,1.9850000143051147,2.049999952316284,24742
2025-05-14,2.059999942779541,2.1500000953674316,1.9500000476837158,1.9500000476837158,53289
2025-05-15,2.0,2.0,1.909999966621399,1.9500000476837158,3987
2025-05-16,1.975000023841858,1.975000023841858,1.9149999618530273,1.9500000476837158,1907
2025-05-19,1.975000023841858,1.975000023841858,1.975000023841858,1.975000023841858,275
2025-05-20,1.975000023841858,1.975000023841858,1.9199999570846558,1.9700000286102295,2565
2025-05-21,1.9700000286102295,1.9700000286102295,1.899999976158142,1.899999976158142,1006
2025-05-22,1.9450000524520874,1.9500000476837158,1.899999976158142,1.9500000476837158,4510
2025-05-23,1.9500000476837158,1.9500000476837158,1.899999976158142,1.9500000476837158,4345
2025-05-26,1.965000033378601,2.0399999618530273,1.899999976158142,2.0399999618530273,6882
2025-05-27,2.0,2.059999942779541,1.9500000476837158,2.0,11328
2025-05-28,2.049999952316284,2.049999952316284,1.899999976158142,1.9900000095367432,5403
2025-05-29,1.9950000047683716,1.9950000047683716,1.8600000143051147,1.899999976158142,21223
2025-05-30,2.059999942779541,2.4800000190734863,2.0199999809265137,2.1500000953674316,394911
2025-06-02,2.119999885559082,2.2200000286102295,2.0,2.059999942779541,125730
2025-06-03,2.059999942779541,2.119999885559082,1.899999976158142,1.940000057220459,116287
2025-06-04,1.9500000476837158,1.9700000286102295,1.8700000047683716,1.9700000286102295,20437
2025-06-05,2.0,2.0,1.899999976158142,1.9700000286102295,10183
2025-06-06,1.9700000286102295,1.9800000190734863,1.909999966621399,1.9149999618530273,7593
2025-06-09,1.9800000190734863,1.9800000190734863,1.9199999570846558,1.965000033378601,2990
2025-06-10,1.965000033378601,1.9900000095367432,1.909999966621399,1.9600000381469727,4052
2025-06-11,1.9600000381469727,1.9600000381469727,1.8899999856948853,1.9299999475479126,17675
2025-06-12,1.9299999475479126,1.9299999475479126,1.8899999856948853,1.8899999856948853,4577
2025-06-13,1.940000057220459,1.940000057220459,1.8949999809265137,1.8949999809265137,3776
2025-06-16,1.8949999809265137,1.8949999809265137,1.8700000047683716,1.8700000047683716,10574
2025-06-17,1.899999976158142,1.940000057220459,1.8550000190734863,1.8550000190734863,11720
2025-06-18,1.850000023841858,1.8849999904632568,1.8450000286102295,1.8600000143051147,8233
2025-06-20,1.8600000143051147,2.0,1.8450000286102295,1.9600000381469727,55741
2025-06-23,1.9600000381469727,1.9600000381469727,1.899999976158142,1.899999976158142,1094
2025-06-24,1.9450000524520874,1.9450000524520874,1.8849999904632568,1.8899999856948853,2771
2025-06-25,1.940000057220459,1.9600000381469727,1.899999976158142,1.899999976158142,1525
2025-06-26,1.9600000381469727,1.9600000381469727,1.899999976158142,1.899999976158142,1467
2025-06-27,1.9550000429153442,1.9600000381469727,1.899999976158142,1.899999976158142,1331
2025-06-30,1.9600000381469727,1.9600000381469727,1.9550000429153442,1.9600000381469727,427
2025-07-01,1.9450000524520874,1.9550000429153442,1.909999966621399,1.909999966621399,2721
2025-07-02,1.940000057220459,1.940000057220459,1.7999999523162842,1.8200000524520874,51445
2025-07-03,1.8650000095367432,1.899999976158142,1.7999999523162842,1.7999999523162842,51342
2025-07-04,1.8600000143051147,1.8650000095367432,1.809999942779541,1.8300000429153442,1641
2025-07-07,1.8650000095367432,1.8650000095367432,1.809999942779541,1.815000057220459,7483
2025-07-08,1.8650000095367432,1.8849999904632568,1.815000057220459,1.815000057220459,6363
2025-07-09,1.8700000047683716,1.8700000047683716,1.8300000429153442,1.8300000429153442,2086
2025-07-10,1.8700000047683716,1.8700000047683716,1.7699999809265137,1.8350000381469727,11136
2025-07-11,1.8350000381469727,1.8350000381469727,1.7999999523162842,1.7999999523162842,1369
2025-07-14,1.8350000381469727,1.8350000381469727,1.8250000476837158,1.8250000476837158,198
2025-07-15,1.8350000381469727,1.8550000190734863,1.8350000381469727,1.8550000190734863,3121
2025-07-16,1.8650000095367432,1.8650000095367432,1.8049999475479126,1.815000057220459,396
2025-07-17,1.7999999523162842,1.8550000190734863,1.7999999523162842,1.8300000429153442,5025
2025-07-18,1.850000023841858,1.850000023841858,1.8049999475479126,1.8450000286102295,1851
2025-07-21,1.8450000286102295,1.850000023841858,1.840000033378601,1.840000033378601,2651
2025-07-22,1.8350000381469727,1.8350000381469727,1.8049999475479126,1.8049999475479126,513
2025-07-23,1.8300000429153442,1.8849999904632568,1.8200000524520874,1.875,40152
2025-07-24,1.8899999856948853,2.049999952316284,1.8899999856948853,2.0199999809265137,81410
2025-07-25,2.0199999809265137,2.049999952316284,1.840000033378601,2.0199999809265137,101552
2025-07-28,2.0,2.0,1.899999976158142,1.9550000429153442,2483
2025-07-29,1.9550000429153442,1.9550000429153442,1.8949999809265137,1.899999976158142,17072
2025-07-30,1.9299999475479126,2.0399999618530273,1.899999976158142,1.9500000476837158,25160
2025-07-31,1.9800000190734863,1.9900000095367432,1.940000057220459,1.940000057220459,7573
2025-08-01,1.9800000190734863,1.9800000190734863,1.9299999475479126,1.965000033378601,6846
2025-08-04,1.9900000095367432,1.9900000095367432,1.934999942779541,1.934999942779541,101
2025-08-05,1.9700000286102295,1.9900000095367432,1.9700000286102295,1.975000023841858,1425
2025-08-06,1.9900000095367432,1.9900000095367432,1.9299999475479126,1.940000057220459,4320
2025-08-07,1.9900000095367432,1.9900000095367432,1.934999942779541,1.9800000190734863,704
2025-08-08,1.9299999475479126,1.9299999475479126,1.9249999523162842,1.9249999523162842,421
2025-08-11,1.9900000095367432,2.0,1.9249999523162842,1.9249999523162842,24007
2025-08-12,1.9299999475479126,1.9500000476837158,1.9199999570846558,1.9500000476837158,6445
2025-08-13,1.9500000476837158,1.9500000476837158,1.909999966621399,1.909999966621399,6577
2025-08-14,1.899999976158142,1.9149999618530273,1.8799999952316284,1.8849999904632568,2662
2025-08-18,1.8849999904632568,1.909999966621399,1.8700000047683716,1.8849999904632568,10136
2025-08-19,1.8600000143051147,1.8700000047683716,1.8600000143051147,1.8700000047683716,2392
2025-08-20,1.9199999570846558,1.9199999570846558,1.8849999904632568,1.9149999618530273,2407
2025-08-21,1.9149999618530273,1.9199999570846558,1.850000023841858,1.8799999952316284,12796
2025-08-22,1.8550000190734863,1.8799999952316284,1.7999999523162842,1.840000033378601,48845
2025-08-25,1.899999976158142,1.899999976158142,1.809999942779541,1.875,6308
2025-08-26,1.899999976158142,1.9500000476837158,1.8600000143051147,1.940000057220459,34126
2025-08-27,1.9500000476837158,1.9500000476837158,1.899999976158142,1.899999976158142,6037
2025-08-28,1.9500000476837158,1.9500000476837158,1.75,1.7999999523162842,31519
2025-08-29,1.8849999904632568,1.8849999904632568,1.7549999952316284,1.8200000524520874,23325
2025-09-01,1.8799999952316284,1.8799999952316284,1.7899999618530273,1.7999999523162842,24035
2025-09-02,1.8600000143051147,1.8600000143051147,1.784999966621399,1.7999999523162842,4466
2025-09-03,1.8350000381469727,1.8350000381469727,1.75,1.7599999904632568,41862
2025-09-04,1.8200000524520874,1.8200000524520874,1.75,1.8200000524520874,17693
2025-09-05,1.8200000524520874,1.8200000524520874,1.774999976158142,1.7999999523162842,3805
2025-09-08,1.7649999856948853,1.8200000524520874,1.690000057220459,1.784999966621399,46062
2025-09-09,1.784999966621399,1.784999966621399,1.7350000143051147,1.784999966621399,2963
2025-09-10,1.784999966621399,1.784999966621399,1.7100000381469727,1.7699999809265137,17999
2025-09-11,1.7649999856948853,1.7649999856948853,1.7200000286102295,1.7599999904632568,8617
2025-09-12,1.7599999904632568,1.7949999570846558,1.7599999904632568,1.7799999713897705,19526
2025-09-15,1.7899999618530273,1.8650000095367432,1.7899999618530273,1.8650000095367432,25724
2025-09-16,1.8650000095367432,1.8949999809265137,1.8200000524520874,1.8200000524520874,5564
2025-09-17,1.8650000095367432,1.8899999856948853,1.815000057220459,1.875,11367
2025-09-18,1.8200000524520874,1.8600000143051147,1.8049999475479126,1.809999942779541,14271
2025-09-19,1.850000023841858,1.850000023841858,1.809999942779541,1.8450000286102295,901
2025-09-22,1.8350000381469727,1.840000033378601,1.809999942779541,1.809999942779541,10685
2025-09-23,1.840000033378601,1.840000033378601,1.7799999713897705,1.7799999713897705,2626
2025-09-24,1.7799999713897705,1.840000033378601,1.7649999856948853,1.7649999856948853,160
2025-09-25,1.8300000429153442,1.840000033378601,1.774999976158142,1.8300000429153442,2104
2025-09-26,1.8799999952316284,1.8799999952316284,1.774999976158142,1.7799999713897705,3720
2025-09-29,1.850000023841858,1.899999976158142,1.7999999523162842,1.8049999475479126,39944
2025-09-30,1.8700000047683716,1.8700000047683716,1.7949999570846558,1.7949999570846558,10971
2025-10-01,1.850000023841858,1.850000023841858,1.7100000381469727,1.8350000381469727,24581
2025-10-02,1.8350000381469727,1.8350000381469727,1.784999966621399,1.7999999523162842,7265
2025-10-03,1.7999999523162842,1.840000033378601,1.7649999856948853,1.7899999618530273,15745
2025-10-06,1.8350000381469727,1.8350000381469727,1.7649999856948853,1.7899999618530273,10242
2025-10-07,1.7599999904632568,1.7899999618530273,1.7599999904632568,1.7899999618530273,21405
2025-10-08,1.7899999618530273,1.7899999618530273,1.725000023841858,1.7450000047683716,28698
2025-10-09,1.774999976158142,1.7899999618530273,1.7699999809265137,1.7899999618530273,10964
2025-10-10,1.7899999618530273,1.7899999618530273,1.7300000190734863,1.7899999618530273,5556
2025-10-13,1.7699999809265137,1.7699999809265137,1.7300000190734863,1.7699999809265137,21007
2025-10-14,1.7699999809265137,1.7699999809265137,1.7350000143051147,1.7350000143051147,10223
2025-10-15,1.7350000143051147,1.7599999904632568,1.7200000286102295,1.7599999904632568,20438
2025-10-16,1.690000057220459,1.7400000095367432,1.690000057220459,1.725000023841858,25933
2025-10-17,1.725000023841858,1.725000023841858,1.6799999475479126,1.6799999475479126,18174
2025-10-20,1.6749999523162842,1.6799999475479126,1.6749999523162842,1.6799999475479126,9826
2025-10-21,1.6799999475479126,1.6799999475479126,1.5549999475479126,1.6349999904632568,49976
2025-10-22,1.6299999952316284,1.6299999952316284,1.590000033378601,1.6299999952316284,3996
2025-10-23,1.649999976158142,1.659999966621399,1.6399999856948853,1.659999966621399,2363
2025-10-24,1.659999966621399,1.659999966621399,1.6299999952316284,1.6299999952316284,5276
2025-10-27,1.6299999952316284,1.659999966621399,1.5,1.5549999475479126,51075
2025-10-28,1.5549999475479126,1.625,1.5549999475479126,1.625,1972
2025-10-29,1.625,1.649999976158142,1.5750000476837158,1.649999976158142,27290
2025-10-30,1.6449999809265137,1.649999976158142,1.6449999809265137,1.6449999809265137,5099
2025-10-31,1.6549999713897705,1.6549999713897705,1.600000023841858,1.6549999713897705,21642
2025-11-03,1.649999976158142,1.690000057220459,1.6399999856948853,1.690000057220459,19573
2025-11-04,1.6799999475479126,1.690000057220459,1.6299999952316284,1.690000057220459,8762
2025-11-05,1.6950000524520874,1.6950000524520874,1.649999976158142,1.649999976158142,8971
2025-11-06,1.649999976158142,1.649999976158142,1.6200000047683716,1.6449999809265137,14890
2025-11-07,1.6649999618530273,1.6649999618530273,1.6100000143051147,1.659999966621399,10773
2025-11-10,1.659999966621399,1.659999966621399,1.5499999523162842,1.6299999952316284,20149
2025-11-12,1.6349999904632568,1.6349999904632568,1.559999942779541,1.6200000047683716,9202
2025-11-13,1.6200000047683716,1.6200000047683716,1.565000057220459,1.6200000047683716,14696
2025-11-14,1.6200000047683716,1.6200000047683716,1.559999942779541,1.559999942779541,18053
2025-11-17,1.6100000143051147,1.6100000143051147,1.6100000143051147,1.6100000143051147,6
2025-11-18,1.6050000190734863,1.6050000190734863,1.5049999952316284,1.5049999952316284,4749
2025-11-19,1.600000023841858,1.600000023841858,1.5199999809265137,1.600000023841858,3101
2025-11-20,1.600000023841858,1.600000023841858,1.600000023841858,1.600000023841858,1
2025-11-21,1.600000023841858,1.600000023841858,1.5099999904632568,1.600000023841858,6541
2025-11-24,1.559999942779541,1.565000057220459,1.5,1.565000057220459,21321
2025-11-25,1.5499999523162842,1.565000057220459,1.5149999856948853,1.565000057220459,2002
2025-11-26,1.565000057220459,1.5850000381469727,1.5099999904632568,1.5850000381469727,122850
2025-11-27,1.5399999618530273,1.6200000047683716,1.5199999809265137,1.5800000429153442,42462
2025-11-28,1.5800000429153442,1.5800000429153442,1.5049999952316284,1.5499999523162842,21867
2025-12-01,1.5399999618530273,1.5449999570846558,1.524999976158142,1.524999976158142,6122
2025-12-02,1.5499999523162842,1.5700000524520874,1.5049999952316284,1.5700000524520874,17255
2025-12-03,1.565000057220459,1.75,1.559999942779541,1.6749999523162842,192563
2025-12-04,1.6399999856948853,1.815000057220459,1.6399999856948853,1.7599999904632568,84907
2025-12-05,1.7599999904632568,1.7599999904632568,1.659999966621399,1.75,25599
2025-12-08,1.75,1.75,1.6699999570846558,1.690000057220459,5259
2025-12-09,1.7400000095367432,1.7400000095367432,1.6200000047683716,1.6649999618530273,12161
2025-12-10,1.6649999618530273,1.6649999618530273,1.4900000095367432,1.5199999809265137,63004
2025-12-11,1.5199999809265137,1.5499999523162842,1.4950000047683716,1.5449999570846558,50737
2025-12-12,1.5399999618530273,1.5399999618530273,1.5,1.5399999618530273,7113
2025-12-15,1.5,1.5,1.434999942779541,1.4900000095367432,33659
2025-12-16,1.4800000190734863,1.4850000143051147,1.440000057220459,1.4500000476837158,22026
2025-12-17,1.4800000190734863,1.5199999809265137,1.4500000476837158,1.4900000095367432,32255
2025-12-18,1.5199999809265137,1.5499999523162842,1.4600000381469727,1.5,26440
2025-12-19,1.5,1.5,1.4850000143051147,1.5,12412
2025-12-22,1.5,1.5,1.4249999523162842,1.4950000047683716,59826
2025-12-23,1.4700000286102295,1.5800000429153442,1.4700000286102295,1.5299999713897705,174507
2025-12-29,1.5299999713897705,1.5399999618530273,1.5299999713897705,1.5399999618530273,44987
2025-12-30,1.5399999618530273,1.5399999618530273,1.5149999856948853,1.5149999856948853,14444
2026-01-02,1.5,1.7999999523162842,1.5,1.7200000286102295,67580
2026-01-05,1.7000000476837158,1.8200000524520874,1.6299999952316284,1.809999942779541,72671
2026-01-07,1.809999942779541,1.850000023841858,1.7300000190734863,1.7999999523162842,25690
2026-01-08,1.7000000476837158,1.8450000286102295,1.7000000476837158,1.7300000190734863,3360
2026-01-09,1.784999966621399,1.784999966621399,1.6349999904632568,1.649999976158142,6062
2026-01-12,1.649999976158142,1.7999999523162842,1.649999976158142,1.7100000381469727,41788
2026-01-13,1.7599999904632568,1.975000023841858,1.7200000286102295,1.8849999904632568,258426
2026-01-14,1.899999976158142,2.059999942779541,1.850000023841858,1.9600000381469727,155215
2026-01-15,1.9600000381469727,2.2899999618530273,1.8849999904632568,2.240000009536743,326450
2026-01-16,2.1700000762939453,2.2200000286102295,2.0399999618530273,2.0999999046325684,130504
2026-01-19,2.0999999046325684,2.0999999046325684,1.8899999856948853,1.9500000476837158,119791
2026-01-20,1.9900000095367432,2.0799999237060547,1.9900000095367432,2.069999933242798,54879
2026-01-21,2.069999933242798,2.0999999046325684,1.9900000095367432,2.0999999046325684,34632
2026-01-22,2.0999999046325684,2.1600000858306885,2.0199999809265137,2.0999999046325684,17969
2026-01-23,2.0999999046325684,2.140000104904175,1.9600000381469727,2.069999933242798,73542
2026-01-26,2.069999933242798,2.140000104904175,1.9800000190734863,2.0999999046325684,39194
2026-01-27,2.0999999046325684,2.0999999046325684,2.0199999809265137,2.0999999046325684,16960
2026-01-28,2.0999999046325684,2.299999952316284,2.049999952316284,2.299999952316284,122134
2026-01-29,2.2799999713897705,2.380000114440918,2.190000057220459,2.369999885559082,36151
2026-01-30,2.369999885559082,2.369999885559082,2.200000047683716,2.25,78778
2026-02-02,2.25,2.299999952316284,2.109999895095825,2.299999952316284,24453
2026-02-03,2.299999952316284,2.299999952316284,2.1500000953674316,2.2699999809265137,14099
2026-02-04,2.3499999046325684,2.799999952316284,2.3399999141693115,2.619999885559082,170775
2026-02-05,2.5,2.7300000190734863,2.4100000858306885,2.5799999237060547,58496
2026-02-06,2.5,2.559999942779541,2.4200000762939453,2.559999942779541,33341
2026-02-09,2.4600000381469727,2.569999933242798,2.4600000381469727,2.559999942779541,12021
2026-02-10,2.549999952316284,2.569999933242798,2.4000000953674316,2.4700000286102295,27008
2026-02-11,2.440000057220459,2.490000009536743,2.380000114440918,2.450000047683716,19794
2026-02-12,2.450000047683716,2.450000047683716,2.25,2.3399999141693115,21684
2026-02-13,2.450000047683716,2.450000047683716,2.3499999046325684,2.440000057220459,18662
2026-02-16,2.450000047683716,2.5,2.4000000953674316,2.450000047683716,18059
2026-02-17,2.430000066757202,2.6700000762939453,2.4200000762939453,2.5399999618530273,49210
2026-02-18,2.5799999237060547,2.5799999237060547,2.4000000953674316,2.4000000953674316,44636
2026-02-19,2.5,2.5399999618530273,2.380000114440918,2.4200000762939453,29772
2026-02-20,2.4200000762939453,2.4200000762939453,2.390000104904175,2.390000104904175,1996
2026-02-23,2.430000066757202,2.440000057220459,2.319999933242798,2.4200000762939453,15418
2026-02-24,2.4200000762939453,2.4200000762939453,2.299999952316284,2.3499999046325684,7013
2026-02-25,2.4000000953674316,2.4000000953674316,2.299999952316284,2.299999952316284,6539
2026-02-26,2.4100000858306885,2.440000057220459,2.299999952316284,2.4100000858306885,4927
2026-02-27,2.4000000953674316,2.4000000953674316,2.1600000858306885,2.2200000286102295,38090
2026-03-02,2.25,2.3399999141693115,2.0999999046325684,2.3399999141693115,24573
2026-03-03,2.3399999141693115,2.390000104904175,2.140000104904175,2.259999990463257,12461
2026-03-04,2.3499999046325684,2.3499999046325684,2.200000047683716,2.200000047683716,10270
2026-03-05,2.319999933242798,2.319999933242798,2.2300000190734863,2.25,5545
2026-03-06,2.309999942779541,2.309999942779541,2.240000009536743,2.2899999618530273,4641
2026-03-09,2.2899999618530273,2.2899999618530273,2.0799999237060547,2.119999885559082,33719
2026-03-10,2.0999999046325684,2.190000057220459,2.0999999046325684,2.1500000953674316,9153
2026-03-11,2.180000066757202,2.180000066757202,2.059999942779541,2.109999895095825,5627
2026-03-12,2.109999895095825,2.119999885559082,2.0399999618530273,2.119999885559082,4109
2026-03-13,2.130000114440918,2.130000114440918,2.0,2.0,20229
2026-03-16,2.0999999046325684,2.0999999046325684,2.0399999618530273,2.0999999046325684,3892
2026-03-17,2.0999999046325684,2.0999999046325684,2.0,2.0799999237060547,15231
2026-03-18,2.0999999046325684,2.0999999046325684,1.899999976158142,1.9500000476837158,37686
2026-03-19,2.0199999809265137,2.0199999809265137,1.899999976158142,2.0199999809265137,14873
2026-03-20,2.0199999809265137,2.0199999809265137,1.8200000524520874,1.899999976158142,37624
2026-03-23,1.9199999570846558,1.9199999570846558,1.8949999809265137,1.899999976158142,712
2026-03-24,1.9199999570846558,1.9199999570846558,1.8600000143051147,1.9199999570846558,14290
2026-03-25,1.899999976158142,1.940000057220459,1.8450000286102295,1.875,8468
2026-03-26,1.8700000047683716,1.8700000047683716,1.75,1.7899999618530273,30940
2026-03-27,1.8200000524520874,1.8200000524520874,1.7000000476837158,1.7949999570846558,23407
2026-03-30,1.7949999570846558,1.7949999570846558,1.6399999856948853,1.7649999856948853,24305
2026-03-31,1.7949999570846558,1.8450000286102295,1.75,1.840000033378601,1223
2026-04-01,1.840000033378601,1.840000033378601,1.75,1.840000033378601,11252
2026-04-02,1.8899999856948853,1.8899999856948853,1.7899999618530273,1.8450000286102295,1365
2026-04-07,1.7949999570846558,1.8250000476837158,1.75,1.809999942779541,17941
2026-04-08,1.809999942779541,1.840000033378601,1.7549999952316284,1.840000033378601,4219
2026-04-09,1.840000033378601,1.840000033378601,1.75,1.75,4784
2026-04-10,1.809999942779541,1.9900000095367432,1.75,1.9199999570846558,50008
2026-04-13,1.9800000190734863,1.9800000190734863,1.7949999570846558,1.8650000095367432,38019
2026-04-14,1.8700000047683716,1.9249999523162842,1.850000023841858,1.9049999713897705,17320
2026-04-15,1.909999966621399,1.909999966621399,1.8200000524520874,1.8200000524520874,18063
2026-04-16,1.8849999904632568,1.909999966621399,1.850000023841858,1.850000023841858,11114
2026-04-17,1.8949999809265137,1.8949999809265137,1.8200000524520874,1.8200000524520874,6943
2026-04-20,1.8700000047683716,1.8700000047683716,1.7999999523162842,1.8350000381469727,18490
2026-04-21,1.850000023841858,1.850000023841858,1.75,1.7899999618530273,27086
2026-04-22,1.840000033378601,1.840000033378601,1.75,1.784999966621399,19835
2026-04-23,1.815000057220459,1.815000057220459,1.7000000476837158,1.7799999713897705,49020
2026-04-24,1.7799999713897705,1.7899999618530273,1.7200000286102295,1.7899999618530273,12155
2026-04-27,1.7899999618530273,1.7899999618530273,1.7000000476837158,1.75,30449
2026-04-28,1.7899999618530273,1.7899999618530273,1.6749999523162842,1.6799999475479126,16762
2026-04-29,1.7000000476837158,1.774999976158142,1.659999966621399,1.6799999475479126,31779
2026-04-30,1.7799999713897705,1.7799999713897705,1.6799999475479126,1.6799999475479126,9479
2026-05-04,1.75,1.75,1.7000000476837158,1.7000000476837158,24915
2026-05-05,1.7699999809265137,1.7699999809265137,1.7000000476837158,1.7549999952316284,5603
2026-05-06,1.715000033378601,1.7699999809265137,1.6799999475479126,1.7200000286102295,34435
2026-05-07,1.7549999952316284,1.7549999952316284,1.7000000476837158,1.7000000476837158,4480
2026-05-08,1.7350000143051147,1.7649999856948853,1.7000000476837158,1.7649999856948853,9002
2026-05-11,1.7649999856948853,1.7649999856948853,1.659999966621399,1.659999966621399,4877
2026-05-12,1.7599999904632568,1.7599999904632568,1.6649999618530273,1.725000023841858,1688
2026-05-13,1.7599999904632568,1.7599999904632568,1.7000000476837158,1.7400000095367432,6960
2026-05-14,1.7400000095367432,1.7400000095367432,1.649999976158142,1.6950000524520874,19932
2026-05-15,1.6950000524520874,1.6950000524520874,1.6399999856948853,1.649999976158142,34162
2026-05-18,1.649999976158142,1.7050000429153442,1.649999976158142,1.7050000429153442,2889
2026-05-19,1.625,1.690000057220459,1.600000023841858,1.600000023841858,48734
2026-05-20,1.649999976158142,1.649999976158142,1.5950000286102295,1.6349999904632568,2202
2026-05-21,1.6100000143051147,1.6100000143051147,1.5950000286102295,1.600000023841858,8955
2026-05-22,1.6299999952316284,1.6449999809265137,1.5950000286102295,1.5950000286102295,24249
2026-05-25,1.6449999809265137,1.6449999809265137,1.5950000286102295,1.6399999856948853,12392
2026-05-26,1.6449999809265137,1.6449999809265137,1.600000023841858,1.600000023841858,1805
2026-05-27,1.6449999809265137,1.6449999809265137,1.5,1.5750000476837158,26767
2026-05-28,1.5750000476837158,1.7300000190734863,1.5499999523162842,1.600000023841858,92789
2026-05-29,1.600000023841858,1.659999966621399,1.600000023841858,1.6100000143051147,17723
2026-06-01,1.5499999523162842,1.6399999856948853,1.5499999523162842,1.559999942779541,30519
2026-06-02,1.6100000143051147,1.6150000095367432,1.5,1.5049999952316284,40428
2026-06-03,1.5700000524520874,1.649999976158142,1.5,1.5049999952316284,33227
2026-06-05,1.5049999952316284,1.6699999570846558,1.5049999952316284,1.6549999713897705,40928
2026-06-08,1.6699999570846558,1.6699999570846558,1.5049999952316284,1.5099999904632568,71565
2026-06-09,1.5449999570846558,1.590000033378601,1.5199999809265137,1.590000033378601,17255
2026-06-10,1.590000033378601,1.5950000286102295,1.5800000429153442,1.5950000286102295,1903
2026-06-11,1.600000023841858,1.6299999952316284,1.600000023841858,1.6200000047683716,7746
2026-06-12,1.6299999952316284,1.6299999952316284,1.590000033378601,1.590000033378601,1948
2026-06-15,1.590000033378601,1.6349999904632568,1.565000057220459,1.625,3528
2026-06-16,1.625,1.625,1.5199999809265137,1.5499999523162842,17098
2026-06-17,1.5499999523162842,1.6200000047683716,1.4900000095367432,1.4900000095367432,49456
2026-06-18,1.5700000524520874,1.5750000476837158,1.5,1.5,12804
2026-06-19,1.5199999809265137,1.5199999809265137,1.5099999904632568,1.5099999904632568,2970
2026-06-22,1.5549999475479126,1.5549999475479126,1.5,1.5399999618530273,14244
2026-06-23,1.5399999618530273,1.5399999618530273,1.5,1.5,3535
2026-06-24,1.534999966621399,1.5800000429153442,1.5099999904632568,1.5099999904632568,22990
2026-06-25,1.5750000476837158,1.5750000476837158,1.5,1.5,11015
2026-06-26,1.5549999475479126,1.5549999475479126,1.4800000190734863,1.4800000190734863,46948
2026-06-29,1.4800000190734863,1.5,1.475000023841858,1.475000023841858,9431
2026-06-30,1.5199999809265137,1.5449999570846558,1.475000023841858,1.5449999570846558,20501
2026-07-01,1.5199999809265137,1.5399999618530273,1.5199999809265137,1.5199999809265137,4240
2026-07-02,1.5449999570846558,1.5449999570846558,1.5,1.5149999856948853,7261
2026-07-03,1.524999976158142,1.524999976158142,1.4800000190734863,1.4900000095367432,5255
2026-07-06,1.5049999952316284,1.5049999952316284,1.4500000476837158,1.5,20050
2026-07-07,1.5,1.5049999952316284,1.4500000476837158,1.4900000095367432,41750
2026-07-08,1.4900000095367432,1.4900000095367432,1.4550000429153442,1.4900000095367432,10568
2026-07-09,1.4850000143051147,1.4850000143051147,1.434999942779541,1.434999942779541,25625
2026-07-10,1.4800000190734863,1.4800000190734863,1.409999966621399,1.409999966621399,20071
2026-07-13,1.409999966621399,1.4500000476837158,1.3899999856948853,1.3899999856948853,32128
2026-07-14,1.4249999523162842,1.4249999523162842,1.3899999856948853,1.399999976158142,17139
2026-07-15,1.409999966621399,1.440000057220459,1.3600000143051147,1.3799999952316284,36157
2026-07-16,1.434999942779541,1.4450000524520874,1.399999976158142,1.399999976158142,26213
2026-07-17,1.4299999475479126,1.4299999475479126,1.3849999904632568,1.3849999904632568,25028
2026-07-20,1.4199999570846558,1.4199999570846558,1.375,1.3799999952316284,6314
2026-07-21,1.399999976158142,1.399999976158142,1.3550000190734863,1.3600000143051147,37240
2026-07-22,1.3899999856948853,1.4199999570846558,1.3600000143051147,1.3949999809265137,23235
2026-07-23,1.4199999570846558,1.4199999570846558,1.350000023841858,1.3799999952316284,20369
2026-07-24,1.3550000190734863,1.4199999570846558,1.3550000190734863,1.4149999618530273,35380
2026-07-27,1.4249999523162842,1.4249999523162842,1.350000023841858,1.3550000190734863,32203
2026-07-28,1.375,1.4199999570846558,1.350000023841858,1.3650000095367432,17577
2026-07-29,1.409999966621399,1.4149999618530273,1.3550000190734863,1.4149999618530273,41060
2026-07-30,1.409999966621399,1.4900000095367432,1.3650000095367432,1.3949999809265137,54208
2026-07-31,1.465000033378601,1.5099999904632568,1.3949999809265137,1.5099999904632568,45985
2026-08-03,1.5099999904632568,1.6649999618530273,1.4550000429153442,1.649999976158142,126368
2026-08-04,1.649999976158142,1.7549999952316284,1.5499999523162842,1.7000000476837158,114507
2026-08-05,1.7400000095367432,1.7400000095367432,1.6299999952316284,1.7000000476837158,10862
2026-08-06,1.7000000476837158,1.7000000476837158,1.6050000190734863,1.690000057220459,14449
2026-08-07,1.690000057220459,1.7000000476837158,1.6100000143051147,1.6100000143051147,21127
2026-08-10,1.690000057220459,1.690000057220459,1.5099999904632568,1.5099999904632568,40114
2026-08-11,1.565000057220459,1.565000057220459,1.465000033378601,1.5,37581
2026-08-12,1.5199999809265137,1.534999966621399,1.475000023841858,1.5099999904632568,9514
2026-08-13,1.5099999904632568,1.5099999904632568,1.4600000381469727,1.4700000286102295,40669
2026-08-14,1.5099999904632568,1.5099999904632568,1.440000057220459,1.4850000143051147,26920
2026-08-17,1.4850000143051147,1.5,1.4450000524520874,1.4500000476837158,40897
2026-08-18,1.4500000476837158,1.465000033378601,1.440000057220459,1.440000057220459,4747
2026-08-19,1.440000057220459,1.5,1.4299999475479126,1.5,31146
2026-08-20,1.4850000143051147,1.5700000524520874,1.4500000476837158,1.5499999523162842,139143
2026-08-21,1.559999942779541,1.649999976158142,1.4950000047683716,1.5099999904632568,73797
2026-08-24,1.5499999523162842,1.5700000524520874,1.4800000190734863,1.4800000190734863,44177
2026-08-25,1.5,1.5,1.4149999618530273,1.5,47666
2026-08-26,1.5,1.5,1.440000057220459,1.4700000286102295,16894
2026-08-27,1.440000057220459,1.4700000286102295,1.409999966621399,1.409999966621399,35901
2026-08-28,1.4700000286102295,1.4700000286102295,1.3700000047683716,1.434999942779541,62240
2026-08-31,1.440000057220459,1.4500000476837158,1.434999942779541,1.4450000524520874,14649
2026-09-01,1.4800000190734863,1.4800000190734863,1.399999976158142,1.4500000476837158,19134
2026-09-02,1.4550000429153442,1.4550000429153442,1.4299999475479126,1.4299999475479126,503
2026-09-03,1.4550000429153442,1.4550000429153442,1.409999966621399,1.4149999618530273,22253
2026-09-04,1.4550000429153442,1.4550000429153442,1.3700000047683716,1.4199999570846558,34477
2026-09-08,1.3799999952316284,1.3799999952316284,1.3600000143051147,1.3650000095367432,2390
2026-09-09,1.4149999618530273,1.4149999618530273,1.350000023841858,1.3849999904632568,15698
2026-09-10,1.3849999904632568,1.4500000476837158,1.3799999952316284,1.4500000476837158,23922
2026-09-11,1.4450000524520874,1.600000023841858,1.4450000524520874,1.5399999618530273,181344
2026-09-14,1.4900000095367432,1.4900000095367432,1.4500000476837158,1.4500000476837158,7083
2026-09-15,1.4900000095367432,1.5149999856948853,1.4550000429153442,1.5149999856948853,3853
2026-09-17,1.5199999809265137,1.5199999809265137,1.5199999809265137,1.5199999809265137,1
2026-09-18,1.5,1.5,1.475000023841858,1.475000023841858,1020
