date,open,high,low,close,volume
2021-09-17,1.2899999618530273,1.2899999618530273,1.2899999618530273,1.2899999618530273,50
2021-09-20,1.2799999713897705,1.2799999713897705,1.149999976158142,1.149999976158142,4809
2021-09-21,1.149999976158142,1.25,1.149999976158142,1.25,379
2021-09-22,1.25,1.25,1.25,1.25,3178
2021-09-23,1.25,1.25,1.25,1.25,0
2021-09-24,1.2899999618530273,1.2899999618530273,1.2899999618530273,1.2899999618530273,1
2021-09-27,1.149999976158142,1.149999976158142,1.149999976158142,1.149999976158142,1600
2021-09-28,1.2899999618530273,1.2899999618530273,1.2000000476837158,1.2000000476837158,1156
2021-09-29,1.1399999856948853,1.159999966621399,1.1399999856948853,1.159999966621399,2600
2021-09-30,1.159999966621399,1.159999966621399,1.159999966621399,1.159999966621399,0
2021-10-01,1.2599999904632568,1.2699999809265137,1.2599999904632568,1.2699999809265137,1132
2021-10-04,1.25,1.25,1.25,1.25,70
2021-10-05,1.25,1.25,1.25,1.25,0
2021-10-06,1.25,1.25,1.25,1.25,0
2021-10-07,1.25,1.25,1.25,1.25,500
2021-10-08,1.25,1.25,1.25,1.25,0
2021-10-11,1.25,1.25,1.25,1.25,0
2021-10-12,1.2000000476837158,1.2000000476837158,1.2000000476837158,1.2000000476837158,950
2021-10-13,1.2000000476837158,1.2000000476837158,1.2000000476837158,1.2000000476837158,15
2021-10-14,1.100000023841858,1.100000023841858,1.100000023841858,1.100000023841858,13059
2021-10-15,1.2000000476837158,1.25,1.2000000476837158,1.25,2650
2021-10-18,1.25,1.25,1.25,1.25,0
2021-10-19,1.25,1.25,1.25,1.25,0
2021-10-20,1.25,1.25,1.25,1.25,0
2021-10-21,1.2899999618530273,1.2899999618530273,1.1200000047683716,1.1200000047683716,2001
2021-10-22,1.2799999713897705,1.2799999713897705,1.2799999713897705,1.2799999713897705,100
2021-10-25,1.2799999713897705,1.2799999713897705,1.2799999713897705,1.2799999713897705,0
2021-10-26,1.2799999713897705,1.2799999713897705,1.2799999713897705,1.2799999713897705,0
2021-10-27,1.2799999713897705,1.2799999713897705,1.2799999713897705,1.2799999713897705,0
2021-10-28,1.2799999713897705,1.2799999713897705,1.2799999713897705,1.2799999713897705,0
2021-10-29,1.2799999713897705,1.2799999713897705,1.2799999713897705,1.2799999713897705,0
2021-11-02,1.2799999713897705,1.2799999713897705,1.2799999713897705,1.2799999713897705,0
2021-11-03,1.2799999713897705,1.2799999713897705,1.2799999713897705,1.2799999713897705,0
2021-11-04,1.1200000047683716,1.1200000047683716,1.1200000047683716,1.1200000047683716,7000
2021-11-05,1.2799999713897705,1.2799999713897705,1.2799999713897705,1.2799999713897705,1575
2021-11-08,1.2799999713897705,1.2799999713897705,1.1299999952316284,1.1299999952316284,120
2021-11-09,1.2799999713897705,1.2799999713897705,1.25,1.25,1801
2021-11-10,1.1299999952316284,1.1299999952316284,1.1299999952316284,1.1299999952316284,1000
2021-11-12,1.2699999809265137,1.2699999809265137,1.2699999809265137,1.2699999809265137,289
2021-11-15,1.2699999809265137,1.2699999809265137,1.2699999809265137,1.2699999809265137,20
2021-11-16,1.2699999809265137,1.2699999809265137,1.2699999809265137,1.2699999809265137,0
2021-11-17,1.149999976158142,1.149999976158142,1.149999976158142,1.149999976158142,3128
2021-11-18,1.25,1.25,1.1699999570846558,1.1699999570846558,272
2021-11-19,1.1699999570846558,1.1699999570846558,1.1699999570846558,1.1699999570846558,602
2021-11-22,1.1299999952316284,1.2400000095367432,1.1299999952316284,1.2400000095367432,400
2021-11-23,1.2400000095367432,1.2400000095367432,1.2400000095367432,1.2400000095367432,0
2021-11-24,1.2400000095367432,1.2400000095367432,1.2400000095367432,1.2400000095367432,0
2021-11-25,1.1200000047683716,1.2000000476837158,1.1200000047683716,1.2000000476837158,5002
2021-11-26,1.2000000476837158,1.2000000476837158,1.2000000476837158,1.2000000476837158,2677
2021-11-29,1.2000000476837158,1.2000000476837158,1.190000057220459,1.190000057220459,8323
2021-11-30,1.190000057220459,1.190000057220459,1.190000057220459,1.190000057220459,0
2021-12-01,1.2300000190734863,1.2300000190734863,1.2300000190734863,1.2300000190734863,3500
2021-12-02,1.2300000190734863,1.2300000190734863,1.2300000190734863,1.2300000190734863,1200
2021-12-03,1.2300000190734863,1.2300000190734863,1.2300000190734863,1.2300000190734863,0
2021-12-06,1.2300000190734863,1.2300000190734863,1.2300000190734863,1.2300000190734863,0
2021-12-07,1.2300000190734863,1.2300000190734863,1.2300000190734863,1.2300000190734863,0
2021-12-08,1.2300000190734863,1.2300000190734863,1.2300000190734863,1.2300000190734863,0
2021-12-09,1.2300000190734863,1.2300000190734863,1.2300000190734863,1.2300000190734863,0
2021-12-10,1.190000057220459,1.190000057220459,1.190000057220459,1.190000057220459,1735
2021-12-13,1.190000057220459,1.190000057220459,1.1799999475479126,1.1799999475479126,2225
2021-12-14,1.1799999475479126,1.1799999475479126,1.1799999475479126,1.1799999475479126,0
2021-12-15,1.1799999475479126,1.1799999475479126,1.1799999475479126,1.1799999475479126,0
2021-12-16,1.2599999904632568,1.2599999904632568,1.2599999904632568,1.2599999904632568,3795
2021-12-17,1.2599999904632568,1.2599999904632568,1.2599999904632568,1.2599999904632568,0
2021-12-20,1.2599999904632568,1.2599999904632568,1.2599999904632568,1.2599999904632568,700
2021-12-21,1.2599999904632568,1.2599999904632568,1.2599999904632568,1.2599999904632568,94
2021-12-22,1.1200000047683716,1.1200000047683716,1.1200000047683716,1.1200000047683716,1000
2021-12-23,1.1299999952316284,1.1299999952316284,1.1299999952316284,1.1299999952316284,300
2021-12-27,1.25,1.25,1.25,1.25,730
2021-12-28,1.25,1.25,1.25,1.25,500
2021-12-29,1.25,1.25,1.25,1.25,0
2021-12-30,1.25,1.25,1.25,1.25,0
2022-01-03,1.1399999856948853,1.1399999856948853,1.1399999856948853,1.1399999856948853,1000
2022-01-04,1.2000000476837158,1.25,1.2000000476837158,1.25,660
2022-01-05,1.25,1.25,1.25,1.25,0
2022-01-07,1.25,1.25,1.159999966621399,1.159999966621399,13534
2022-01-10,1.340000033378601,1.340000033378601,1.159999966621399,1.159999966621399,2194
2022-01-11,1.159999966621399,1.3300000429153442,1.159999966621399,1.3300000429153442,12727
2022-01-12,1.2799999713897705,1.2799999713897705,1.1699999570846558,1.1699999570846558,1500
2022-01-13,1.2699999809265137,1.2699999809265137,1.2599999904632568,1.2599999904632568,210
2022-01-14,1.2599999904632568,1.2599999904632568,1.2599999904632568,1.2599999904632568,0
2022-01-17,1.2599999904632568,1.2599999904632568,1.2599999904632568,1.2599999904632568,5117
2022-01-18,1.1699999570846558,1.309999942779541,1.1699999570846558,1.309999942779541,3000
2022-01-19,1.3200000524520874,1.3200000524520874,1.3200000524520874,1.3200000524520874,1033
2022-01-20,1.350000023841858,1.350000023841858,1.2400000095367432,1.2400000095367432,18248
2022-01-21,1.350000023841858,1.350000023841858,1.340000033378601,1.340000033378601,5838
2022-01-24,1.340000033378601,1.340000033378601,1.340000033378601,1.340000033378601,0
2022-01-25,1.2999999523162842,1.2999999523162842,1.2000000476837158,1.2000000476837158,201
2022-01-26,1.0099999904632568,1.0700000524520874,1.0099999904632568,1.0700000524520874,43147
2022-01-27,1.1200000047683716,1.2300000190734863,1.1200000047683716,1.2300000190734863,4254
2022-01-28,1.2300000190734863,1.2300000190734863,1.2300000190734863,1.2300000190734863,8723
2022-01-31,1.2899999618530273,1.2899999618530273,1.2400000095367432,1.2400000095367432,1303
2022-02-01,1.25,1.25,1.25,1.25,1
2022-02-02,1.2799999713897705,1.2799999713897705,1.2799999713897705,1.2799999713897705,600
2022-02-03,1.2799999713897705,1.2799999713897705,1.2799999713897705,1.2799999713897705,3
2022-02-04,1.2799999713897705,1.2799999713897705,1.2799999713897705,1.2799999713897705,0
2022-02-07,1.190000057220459,1.190000057220459,1.190000057220459,1.190000057220459,2000
2022-02-08,1.2799999713897705,1.2799999713897705,1.2799999713897705,1.2799999713897705,1
2022-02-09,1.2699999809265137,1.2699999809265137,1.2699999809265137,1.2699999809265137,410
2022-02-10,1.149999976158142,1.2100000381469727,1.149999976158142,1.2100000381469727,2800
2022-02-11,1.2699999809265137,1.2699999809265137,1.2699999809265137,1.2699999809265137,1
2022-02-14,1.059999942779541,1.059999942779541,1.059999942779541,1.059999942779541,1000
2022-02-15,1.1200000047683716,1.2300000190734863,1.1200000047683716,1.2300000190734863,3317
2022-02-16,1.2699999809265137,1.2699999809265137,1.2599999904632568,1.2599999904632568,314
2022-02-17,1.190000057220459,1.190000057220459,1.190000057220459,1.190000057220459,2986
2022-02-18,1.2799999713897705,1.2799999713897705,1.1399999856948853,1.1399999856948853,2050
2022-02-21,1.25,1.25,1.25,1.25,153
2022-02-22,1.25,1.25,1.25,1.25,0
2022-02-23,1.159999966621399,1.2400000095367432,1.159999966621399,1.2400000095367432,1835
2022-02-24,1.1100000143051147,1.2000000476837158,1.1100000143051147,1.2000000476837158,1100
2022-02-25,1.2000000476837158,1.2000000476837158,1.2000000476837158,1.2000000476837158,0
2022-02-28,1.1200000047683716,1.1200000047683716,1.1200000047683716,1.1200000047683716,1000
2022-03-01,1.1200000047683716,1.1200000047683716,1.1200000047683716,1.1200000047683716,1500
2022-03-02,1.2699999809265137,1.2699999809265137,1.2599999904632568,1.2599999904632568,181
2022-03-03,1.2300000190734863,1.2300000190734863,1.2300000190734863,1.2300000190734863,145
2022-03-04,1.190000057220459,1.190000057220459,1.1799999475479126,1.1799999475479126,1666
2022-03-07,1.1799999475479126,1.1799999475479126,1.1799999475479126,1.1799999475479126,0
2022-03-08,1.1799999475479126,1.1799999475479126,1.1799999475479126,1.1799999475479126,930
2022-03-09,1.1799999475479126,1.1799999475479126,1.1799999475479126,1.1799999475479126,0
2022-03-10,1.149999976158142,1.149999976158142,1.149999976158142,1.149999976158142,6000
2022-03-11,1.149999976158142,1.149999976158142,1.149999976158142,1.149999976158142,1
2022-03-14,1.149999976158142,1.149999976158142,1.149999976158142,1.149999976158142,0
2022-03-15,1.149999976158142,1.149999976158142,1.149999976158142,1.149999976158142,0
2022-03-16,1.1100000143051147,1.1100000143051147,1.1100000143051147,1.1100000143051147,500
2022-03-17,1.1699999570846558,1.1699999570846558,1.1699999570846558,1.1699999570846558,1
2022-03-18,1.0399999618530273,1.0399999618530273,1.0399999618530273,1.0399999618530273,4200
2022-03-21,1.0499999523162842,1.0499999523162842,1.0499999523162842,1.0499999523162842,4984
2022-03-22,1.059999942779541,1.059999942779541,1.059999942779541,1.059999942779541,100
2022-03-23,1.059999942779541,1.059999942779541,1.059999942779541,1.059999942779541,0
2022-03-24,1.059999942779541,1.059999942779541,1.059999942779541,1.059999942779541,0
2022-03-25,1.2699999809265137,1.2699999809265137,1.2699999809265137,1.2699999809265137,9658
2022-03-28,1.2999999523162842,1.2999999523162842,1.2300000190734863,1.2300000190734863,2146
2022-03-29,1.340000033378601,1.340000033378601,1.149999976158142,1.149999976158142,997
2022-03-30,1.25,1.2799999713897705,1.25,1.2799999713897705,1511
2022-03-31,1.2799999713897705,1.2799999713897705,1.2799999713897705,1.2799999713897705,4500
2022-04-01,1.3200000524520874,1.3200000524520874,1.2999999523162842,1.2999999523162842,3311
2022-04-04,1.3200000524520874,1.3200000524520874,1.2999999523162842,1.2999999523162842,7163
2022-04-05,1.340000033378601,1.340000033378601,1.340000033378601,1.340000033378601,303
2022-04-06,1.159999966621399,1.159999966621399,1.159999966621399,1.159999966621399,700
2022-04-07,1.309999942779541,1.309999942779541,1.309999942779541,1.309999942779541,5800
2022-04-08,1.309999942779541,1.309999942779541,1.309999942779541,1.309999942779541,0
2022-04-11,1.309999942779541,1.309999942779541,1.1799999475479126,1.1799999475479126,1010
2022-04-12,1.2899999618530273,1.2899999618530273,1.25,1.25,2397
2022-04-13,1.25,1.2899999618530273,1.25,1.2899999618530273,2225
2022-04-14,1.2899999618530273,1.2899999618530273,1.2899999618530273,1.2899999618530273,600
2022-04-19,1.2899999618530273,1.2899999618530273,1.2899999618530273,1.2899999618530273,1610
2022-04-20,1.2200000286102295,1.2200000286102295,1.2200000286102295,1.2200000286102295,1500
2022-04-21,1.2999999523162842,1.2999999523162842,1.2999999523162842,1.2999999523162842,2000
2022-04-22,1.2999999523162842,1.2999999523162842,1.2999999523162842,1.2999999523162842,0
2022-04-25,1.2000000476837158,1.309999942779541,1.2000000476837158,1.309999942779541,1003
2022-04-26,1.309999942779541,1.309999942779541,1.309999942779541,1.309999942779541,0
2022-04-27,1.1699999570846558,1.309999942779541,1.1699999570846558,1.309999942779541,1005
2022-04-28,1.309999942779541,1.309999942779541,1.309999942779541,1.309999942779541,0
2022-04-29,1.309999942779541,1.309999942779541,1.309999942779541,1.309999942779541,0
2022-05-02,1.309999942779541,1.309999942779541,1.309999942779541,1.309999942779541,0
2022-05-04,1.309999942779541,1.309999942779541,1.2000000476837158,1.2000000476837158,2991
2022-05-05,1.309999942779541,1.309999942779541,1.309999942779541,1.309999942779541,3
2022-05-06,1.309999942779541,1.309999942779541,1.309999942779541,1.309999942779541,0
2022-05-09,1.309999942779541,1.309999942779541,1.309999942779541,1.309999942779541,0
2022-05-10,1.309999942779541,1.309999942779541,1.309999942779541,1.309999942779541,10
2022-05-11,1.1799999475479126,1.1799999475479126,1.1799999475479126,1.1799999475479126,923
2022-05-12,1.1799999475479126,1.2799999713897705,1.1799999475479126,1.2799999713897705,520
2022-05-13,1.2999999523162842,1.2999999523162842,1.2999999523162842,1.2999999523162842,300
2022-05-16,1.2899999618530273,1.2899999618530273,1.2899999618530273,1.2899999618530273,129
2022-05-17,1.1799999475479126,1.2899999618530273,1.1799999475479126,1.2899999618530273,367
2022-05-18,1.0,1.090000033378601,1.0,1.090000033378601,970
2022-05-19,1.2899999618530273,1.2899999618530273,1.2899999618530273,1.2899999618530273,501
2022-05-20,1.2899999618530273,1.2899999618530273,1.2899999618530273,1.2899999618530273,0
2022-05-23,1.1200000047683716,1.1200000047683716,1.1200000047683716,1.1200000047683716,500
2022-05-24,1.2000000476837158,1.2899999618530273,1.2000000476837158,1.2899999618530273,700
2022-05-25,1.2899999618530273,1.2899999618530273,1.2899999618530273,1.2899999618530273,100
2022-05-26,1.100000023841858,1.2599999904632568,1.100000023841858,1.2599999904632568,600
2022-05-27,1.1799999475479126,1.2999999523162842,1.1799999475479126,1.2999999523162842,502
2022-05-30,1.2999999523162842,1.2999999523162842,1.2999999523162842,1.2999999523162842,0
2022-05-31,1.2999999523162842,1.2999999523162842,1.2999999523162842,1.2999999523162842,0
2022-06-01,1.100000023841858,1.100000023841858,1.100000023841858,1.100000023841858,500
2022-06-02,1.2400000095367432,1.2400000095367432,1.2400000095367432,1.2400000095367432,3
2022-06-03,1.2999999523162842,1.2999999523162842,1.2999999523162842,1.2999999523162842,2
2022-06-06,1.2999999523162842,1.2999999523162842,1.2999999523162842,1.2999999523162842,0
2022-06-07,1.149999976158142,1.149999976158142,1.149999976158142,1.149999976158142,500
2022-06-08,1.149999976158142,1.149999976158142,1.149999976158142,1.149999976158142,0
2022-06-09,1.149999976158142,1.149999976158142,1.149999976158142,1.149999976158142,1675
2022-06-10,1.2899999618530273,1.2899999618530273,1.2899999618530273,1.2899999618530273,203
2022-06-13,1.100000023841858,1.2100000381469727,1.100000023841858,1.2100000381469727,501
2022-06-14,1.090000033378601,1.090000033378601,1.090000033378601,1.090000033378601,589
2022-06-15,1.2599999904632568,1.2599999904632568,1.2599999904632568,1.2599999904632568,200
2022-06-17,1.159999966621399,1.159999966621399,1.159999966621399,1.159999966621399,300
2022-06-20,1.090000033378601,1.090000033378601,1.090000033378601,1.090000033378601,500
2022-06-21,1.2599999904632568,1.2599999904632568,1.2599999904632568,1.2599999904632568,10
2022-06-22,1.25,1.25,1.25,1.25,200
2022-06-23,1.25,1.25,1.25,1.25,0
2022-06-24,1.25,1.25,1.25,1.25,0
2022-06-27,1.25,1.25,1.25,1.25,0
2022-06-28,1.0099999904632568,1.25,1.0099999904632568,1.25,504
2022-06-29,1.0199999809265137,1.0199999809265137,1.0199999809265137,1.0199999809265137,3072
2022-06-30,1.0499999523162842,1.0499999523162842,1.0499999523162842,1.0499999523162842,1100
2022-07-01,1.2000000476837158,1.2000000476837158,1.2000000476837158,1.2000000476837158,1111
2022-07-04,1.0499999523162842,1.2000000476837158,1.0499999523162842,1.2000000476837158,3768
2022-07-05,1.0499999523162842,1.0499999523162842,1.0499999523162842,1.0499999523162842,4500
2022-07-06,1.0499999523162842,1.0499999523162842,1.0499999523162842,1.0499999523162842,1500
2022-07-07,1.0499999523162842,1.0499999523162842,1.0499999523162842,1.0499999523162842,0
2022-07-08,1.0499999523162842,1.0499999523162842,1.0499999523162842,1.0499999523162842,0
2022-07-11,1.0499999523162842,1.0499999523162842,1.0499999523162842,1.0499999523162842,0
2022-07-12,1.2000000476837158,1.2000000476837158,1.0499999523162842,1.0499999523162842,510
2022-07-13,1.149999976158142,1.149999976158142,1.149999976158142,1.149999976158142,6000
2022-07-14,1.0499999523162842,1.0499999523162842,1.0499999523162842,1.0499999523162842,1543
2022-07-15,1.1699999570846558,1.1699999570846558,1.1699999570846558,1.1699999570846558,4331
2022-07-18,1.0499999523162842,1.0499999523162842,1.0499999523162842,1.0499999523162842,1000
2022-07-19,1.0499999523162842,1.1399999856948853,1.0499999523162842,1.1399999856948853,381
2022-07-20,1.1399999856948853,1.1399999856948853,1.1399999856948853,1.1399999856948853,0
2022-07-21,1.0,1.0,1.0,1.0,500
2022-07-22,1.1299999952316284,1.1299999952316284,1.1299999952316284,1.1299999952316284,10
2022-07-25,1.1299999952316284,1.1299999952316284,1.1299999952316284,1.1299999952316284,0
2022-07-26,1.1299999952316284,1.1299999952316284,1.1299999952316284,1.1299999952316284,500
2022-07-27,1.0499999523162842,1.1299999952316284,1.0499999523162842,1.1299999952316284,300
2022-07-28,1.1299999952316284,1.1299999952316284,1.1299999952316284,1.1299999952316284,0
2022-07-29,1.0499999523162842,1.0499999523162842,0.9800000190734863,0.9800000190734863,660
2022-08-01,1.090000033378601,1.090000033378601,1.090000033378601,1.090000033378601,170
2022-08-02,1.0499999523162842,1.0499999523162842,1.0499999523162842,1.0499999523162842,956
2022-08-03,1.0399999618530273,1.0499999523162842,1.0399999618530273,1.0499999523162842,4020
2022-08-04,1.0499999523162842,1.0499999523162842,1.0499999523162842,1.0499999523162842,250
2022-08-05,1.0499999523162842,1.0499999523162842,1.0499999523162842,1.0499999523162842,0
2022-08-08,0.9800000190734863,1.0299999713897705,0.9800000190734863,1.0299999713897705,600
2022-08-09,1.0499999523162842,1.0499999523162842,1.0499999523162842,1.0499999523162842,50
2022-08-10,1.0499999523162842,1.0499999523162842,1.0499999523162842,1.0499999523162842,10
2022-08-11,1.0499999523162842,1.0499999523162842,1.0499999523162842,1.0499999523162842,0
2022-08-12,1.0,1.0,1.0,1.0,1672
2022-08-16,1.0499999523162842,1.0499999523162842,1.0499999523162842,1.0499999523162842,1050
2022-08-17,0.9900000095367432,0.9900000095367432,0.9900000095367432,0.9900000095367432,5421
2022-08-18,0.9900000095367432,0.9900000095367432,0.9900000095367432,0.9900000095367432,10
2022-08-19,0.9900000095367432,0.9900000095367432,0.9900000095367432,0.9900000095367432,0
2022-08-22,0.9900000095367432,0.9900000095367432,0.9900000095367432,0.9900000095367432,0
2022-08-23,0.9900000095367432,0.9900000095367432,0.9900000095367432,0.9900000095367432,0
2022-08-24,0.9900000095367432,0.9900000095367432,0.9900000095367432,0.9900000095367432,0
2022-08-25,1.1299999952316284,1.1299999952316284,0.9049999713897705,0.9049999713897705,550
2022-08-26,0.9100000262260437,0.9100000262260437,0.9100000262260437,0.9100000262260437,200
2022-08-29,1.0800000429153442,1.1299999952316284,1.0800000429153442,1.1299999952316284,1210
2022-08-30,1.1299999952316284,1.1299999952316284,1.1299999952316284,1.1299999952316284,7
2022-08-31,1.1299999952316284,1.1299999952316284,1.1299999952316284,1.1299999952316284,150
2022-09-01,1.1299999952316284,1.1299999952316284,1.1299999952316284,1.1299999952316284,0
2022-09-02,1.1299999952316284,1.1299999952316284,1.1299999952316284,1.1299999952316284,0
2022-09-05,1.1299999952316284,1.1299999952316284,1.1299999952316284,1.1299999952316284,0
2022-09-06,1.1299999952316284,1.1299999952316284,1.1299999952316284,1.1299999952316284,0
2022-09-07,0.8100000023841858,1.1100000143051147,0.8100000023841858,1.1100000143051147,1993
2022-09-08,1.1100000143051147,1.1100000143051147,1.1100000143051147,1.1100000143051147,0
2022-09-09,1.1100000143051147,1.1100000143051147,1.1100000143051147,1.1100000143051147,0
2022-09-12,1.1100000143051147,1.1100000143051147,1.1100000143051147,1.1100000143051147,0
2022-09-13,0.949999988079071,0.949999988079071,0.949999988079071,0.949999988079071,500
2022-09-14,0.949999988079071,0.949999988079071,0.949999988079071,0.949999988079071,0
2022-09-15,0.949999988079071,0.949999988079071,0.949999988079071,0.949999988079071,0
2022-09-16,1.0099999904632568,1.0099999904632568,1.0099999904632568,1.0099999904632568,2019
2022-09-19,1.0099999904632568,1.0099999904632568,1.0099999904632568,1.0099999904632568,0
2022-09-20,1.0099999904632568,1.0099999904632568,1.0099999904632568,1.0099999904632568,0
2022-09-21,1.1200000047683716,1.1200000047683716,1.1200000047683716,1.1200000047683716,12
2022-09-22,0.824999988079071,1.1100000143051147,0.824999988079071,1.1100000143051147,2287
2022-09-23,1.1200000047683716,1.1200000047683716,1.1200000047683716,1.1200000047683716,4
2022-09-26,1.1200000047683716,1.1200000047683716,1.1200000047683716,1.1200000047683716,0
2022-09-27,0.9049999713897705,1.1200000047683716,0.9049999713897705,1.1200000047683716,1502
2022-09-28,0.9200000166893005,0.9200000166893005,0.9200000166893005,0.9200000166893005,2000
2022-09-29,0.9200000166893005,0.9200000166893005,0.9200000166893005,0.9200000166893005,0
2022-09-30,1.0199999809265137,1.0199999809265137,1.0199999809265137,1.0199999809265137,691
2022-10-03,1.0199999809265137,1.0199999809265137,1.0199999809265137,1.0199999809265137,200
2022-10-04,1.0199999809265137,1.0199999809265137,1.0199999809265137,1.0199999809265137,27
2022-10-05,1.0199999809265137,1.0199999809265137,1.0199999809265137,1.0199999809265137,0
2022-10-06,1.0199999809265137,1.0199999809265137,1.0199999809265137,1.0199999809265137,1045
2022-10-07,0.925000011920929,0.925000011920929,0.925000011920929,0.925000011920929,5563
2022-10-10,1.0,1.1200000047683716,1.0,1.1200000047683716,136
2022-10-11,1.100000023841858,1.100000023841858,1.100000023841858,1.100000023841858,316
2022-10-12,1.100000023841858,1.100000023841858,1.100000023841858,1.100000023841858,0
2022-10-13,1.100000023841858,1.100000023841858,1.100000023841858,1.100000023841858,0
2022-10-14,0.8299999833106995,0.9950000047683716,0.8299999833106995,0.9950000047683716,1300
2022-10-17,0.9950000047683716,0.9950000047683716,0.9950000047683716,0.9950000047683716,365
2022-10-18,0.8349999785423279,0.9950000047683716,0.8349999785423279,0.9950000047683716,1200
2022-10-19,0.9950000047683716,0.9950000047683716,0.9950000047683716,0.9950000047683716,0
2022-10-20,0.9950000047683716,0.9950000047683716,0.9950000047683716,0.9950000047683716,0
2022-10-21,0.9950000047683716,0.9950000047683716,0.9950000047683716,0.9950000047683716,0
2022-10-24,0.9950000047683716,0.9950000047683716,0.9950000047683716,0.9950000047683716,100
2022-10-25,0.9950000047683716,0.9950000047683716,0.9950000047683716,0.9950000047683716,0
2022-10-26,0.9950000047683716,0.9950000047683716,0.9950000047683716,0.9950000047683716,50
2022-10-27,0.9950000047683716,0.9950000047683716,0.9950000047683716,0.9950000047683716,0
2022-10-28,0.9950000047683716,0.9950000047683716,0.9950000047683716,0.9950000047683716,0
2022-10-31,0.8349999785423279,0.8349999785423279,0.8349999785423279,0.8349999785423279,500
2022-11-02,0.949999988079071,0.9950000047683716,0.949999988079071,0.9950000047683716,1078
2022-11-03,0.9950000047683716,0.9950000047683716,0.9750000238418579,0.9750000238418579,135
2022-11-04,0.9750000238418579,0.9750000238418579,0.9750000238418579,0.9750000238418579,0
2022-11-07,0.8949999809265137,1.0,0.8949999809265137,1.0,1186
2022-11-08,1.0,1.0,1.0,1.0,0
2022-11-09,0.9950000047683716,0.9950000047683716,0.9950000047683716,0.9950000047683716,95
2022-11-10,0.9950000047683716,0.9950000047683716,0.9950000047683716,0.9950000047683716,0
2022-11-14,0.949999988079071,0.949999988079071,0.949999988079071,0.949999988079071,200
2022-11-15,0.949999988079071,0.949999988079071,0.949999988079071,0.949999988079071,0
2022-11-16,0.8999999761581421,0.8999999761581421,0.8999999761581421,0.8999999761581421,1000
2022-11-17,0.8999999761581421,0.8999999761581421,0.8999999761581421,0.8999999761581421,1000
2022-11-18,0.8999999761581421,1.0,0.8999999761581421,1.0,1555
2022-11-21,0.9950000047683716,0.9950000047683716,0.9950000047683716,0.9950000047683716,100
2022-11-22,0.9950000047683716,0.9950000047683716,0.9950000047683716,0.9950000047683716,0
2022-11-23,0.9950000047683716,0.9950000047683716,0.9950000047683716,0.9950000047683716,0
2022-11-24,0.8999999761581421,0.8999999761581421,0.8999999761581421,0.8999999761581421,190
2022-11-25,0.9599999785423279,0.9599999785423279,0.9599999785423279,0.9599999785423279,500
2022-11-28,0.8899999856948853,0.9950000047683716,0.8899999856948853,0.9950000047683716,1600
2022-11-29,0.8899999856948853,0.8899999856948853,0.8899999856948853,0.8899999856948853,902
2022-11-30,0.8899999856948853,0.8899999856948853,0.8899999856948853,0.8899999856948853,0
2022-12-01,0.9850000143051147,0.9850000143051147,0.9850000143051147,0.9850000143051147,400
2022-12-02,0.9850000143051147,0.9850000143051147,0.9850000143051147,0.9850000143051147,0
2022-12-05,0.9850000143051147,0.9850000143051147,0.9850000143051147,0.9850000143051147,0
2022-12-06,0.9850000143051147,0.9850000143051147,0.9850000143051147,0.9850000143051147,0
2022-12-07,0.9850000143051147,0.9850000143051147,0.9850000143051147,0.9850000143051147,0
2022-12-08,0.9850000143051147,0.9850000143051147,0.9850000143051147,0.9850000143051147,0
2022-12-09,0.8949999809265137,0.9850000143051147,0.8949999809265137,0.9850000143051147,1215
2022-12-12,0.9850000143051147,0.9850000143051147,0.9850000143051147,0.9850000143051147,0
2022-12-13,0.9850000143051147,0.9850000143051147,0.9850000143051147,0.9850000143051147,0
2022-12-14,0.9850000143051147,0.9850000143051147,0.9850000143051147,0.9850000143051147,0
2022-12-15,0.9850000143051147,0.9850000143051147,0.9850000143051147,0.9850000143051147,0
2022-12-16,0.9850000143051147,0.9850000143051147,0.9850000143051147,0.9850000143051147,0
2022-12-19,0.8999999761581421,0.8999999761581421,0.8999999761581421,0.8999999761581421,1437
2022-12-20,0.8999999761581421,0.8999999761581421,0.8999999761581421,0.8999999761581421,995
2022-12-21,0.9049999713897705,0.9049999713897705,0.9049999713897705,0.9049999713897705,2
2022-12-22,0.9049999713897705,0.9049999713897705,0.9049999713897705,0.9049999713897705,0
2022-12-23,0.9700000286102295,0.9700000286102295,0.9700000286102295,0.9700000286102295,3
2022-12-27,0.9049999713897705,0.9300000071525574,0.9049999713897705,0.9300000071525574,4681
2022-12-28,0.9049999713897705,0.9049999713897705,0.9049999713897705,0.9049999713897705,1100
2022-12-29,0.9049999713897705,0.9049999713897705,0.9049999713897705,0.9049999713897705,900
2022-12-30,0.9049999713897705,0.9049999713897705,0.9049999713897705,0.9049999713897705,0
2023-01-02,0.9049999713897705,0.9049999713897705,0.9049999713897705,0.9049999713897705,0
2023-01-03,0.9300000071525574,1.0,0.9300000071525574,1.0,1400
2023-01-04,1.1200000047683716,1.1200000047683716,1.1200000047683716,1.1200000047683716,918
2023-01-05,1.1200000047683716,1.1200000047683716,1.1200000047683716,1.1200000047683716,600
2023-01-09,1.1100000143051147,1.1100000143051147,1.1100000143051147,1.1100000143051147,2386
2023-01-10,1.1100000143051147,1.1100000143051147,1.1100000143051147,1.1100000143051147,0
2023-01-11,1.1100000143051147,1.1100000143051147,1.1100000143051147,1.1100000143051147,0
2023-01-12,1.0,1.0099999904632568,1.0,1.0099999904632568,3200
2023-01-13,0.9350000023841858,1.0,0.9350000023841858,1.0,1003
2023-01-16,1.0700000524520874,1.0700000524520874,1.0,1.0,3103
2023-01-17,1.0,1.0,1.0,1.0,0
2023-01-18,1.0,1.0,1.0,1.0,0
2023-01-19,1.0,1.0,1.0,1.0,0
2023-01-20,1.0,1.0,1.0,1.0,0
2023-01-23,1.0,1.0,1.0,1.0,0
2023-01-24,0.949999988079071,0.949999988079071,0.949999988079071,0.949999988079071,1500
2023-01-25,0.949999988079071,0.949999988079071,0.949999988079071,0.949999988079071,50
2023-01-26,0.949999988079071,0.949999988079071,0.949999988079071,0.949999988079071,950
2023-01-27,0.9399999976158142,1.0499999523162842,0.9399999976158142,1.0499999523162842,977
2023-01-30,1.059999942779541,1.059999942779541,1.059999942779541,1.059999942779541,300
2023-01-31,1.059999942779541,1.059999942779541,1.059999942779541,1.059999942779541,103
2023-02-01,1.059999942779541,1.059999942779541,1.059999942779541,1.059999942779541,91
2023-02-02,1.059999942779541,1.059999942779541,1.059999942779541,1.059999942779541,0
2023-02-03,1.059999942779541,1.059999942779541,1.059999942779541,1.059999942779541,0
2023-02-06,0.9399999976158142,1.0,0.9399999976158142,1.0,864
2023-02-07,0.9350000023841858,1.0,0.9350000023841858,1.0,5000
2023-02-08,0.9950000047683716,0.9950000047683716,0.9850000143051147,0.9850000143051147,601
2023-02-09,0.9850000143051147,0.9850000143051147,0.9850000143051147,0.9850000143051147,0
2023-02-10,0.9850000143051147,0.9850000143051147,0.9850000143051147,0.9850000143051147,0
2023-02-13,0.9850000143051147,0.9850000143051147,0.9850000143051147,0.9850000143051147,0
2023-02-14,0.9300000071525574,0.9300000071525574,0.9300000071525574,0.9300000071525574,900
2023-02-15,0.9300000071525574,0.9300000071525574,0.9300000071525574,0.9300000071525574,0
2023-02-16,0.9300000071525574,0.9800000190734863,0.9300000071525574,0.9800000190734863,1131
2023-02-17,0.9800000190734863,0.9800000190734863,0.9800000190734863,0.9800000190734863,0
2023-02-20,0.9800000190734863,0.9800000190734863,0.9800000190734863,0.9800000190734863,0
2023-02-21,0.9950000047683716,1.0,0.9950000047683716,1.0,6316
2023-02-22,0.9900000095367432,0.9900000095367432,0.9900000095367432,0.9900000095367432,10000
2023-02-23,0.9900000095367432,0.9900000095367432,0.9900000095367432,0.9900000095367432,0
2023-02-24,0.9900000095367432,0.9900000095367432,0.9900000095367432,0.9900000095367432,29000
2023-02-27,1.0,1.0499999523162842,1.0,1.0499999523162842,998
2023-02-28,1.0399999618530273,1.0399999618530273,1.0399999618530273,1.0399999618530273,20000
2023-03-01,1.0199999809265137,1.0199999809265137,1.0199999809265137,1.0199999809265137,2426
2023-03-02,1.0199999809265137,1.0199999809265137,0.9350000023841858,0.9350000023841858,21190
2023-03-03,1.0099999904632568,1.0099999904632568,1.0099999904632568,1.0099999904632568,775
2023-03-06,1.0099999904632568,1.0099999904632568,1.0099999904632568,1.0099999904632568,0
2023-03-07,0.9449999928474426,0.9449999928474426,0.9449999928474426,0.9449999928474426,80
2023-03-08,0.9449999928474426,0.9449999928474426,0.9449999928474426,0.9449999928474426,0
2023-03-09,0.9449999928474426,0.9449999928474426,0.9449999928474426,0.9449999928474426,0
2023-03-10,0.9449999928474426,0.9449999928474426,0.9449999928474426,0.9449999928474426,2200
2023-03-13,0.9449999928474426,0.9449999928474426,0.9449999928474426,0.9449999928474426,0
2023-03-14,1.0499999523162842,1.0499999523162842,1.0499999523162842,1.0499999523162842,1
2023-03-15,1.0499999523162842,1.0499999523162842,1.0499999523162842,1.0499999523162842,0
2023-03-16,1.0499999523162842,1.0499999523162842,1.0499999523162842,1.0499999523162842,0
2023-03-17,1.0499999523162842,1.0499999523162842,1.0499999523162842,1.0499999523162842,0
2023-03-20,1.0499999523162842,1.0499999523162842,1.0499999523162842,1.0499999523162842,0
2023-03-21,1.0499999523162842,1.0499999523162842,1.0499999523162842,1.0499999523162842,0
2023-03-22,1.0499999523162842,1.0499999523162842,1.0499999523162842,1.0499999523162842,0
2023-03-23,1.0299999713897705,1.0299999713897705,1.0299999713897705,1.0299999713897705,1700
2023-03-24,0.9399999976158142,0.9399999976158142,0.9399999976158142,0.9399999976158142,457
2023-03-27,1.0299999713897705,1.0299999713897705,1.0299999713897705,1.0299999713897705,50
2023-03-28,1.0299999713897705,1.0299999713897705,1.0299999713897705,1.0299999713897705,0
2023-03-29,1.0299999713897705,1.0299999713897705,1.0299999713897705,1.0299999713897705,0
2023-03-30,1.0299999713897705,1.0299999713897705,1.0299999713897705,1.0299999713897705,0
2023-03-31,1.0299999713897705,1.0299999713897705,1.0299999713897705,1.0299999713897705,0
2023-04-03,1.0499999523162842,1.2200000286102295,1.0499999523162842,1.2200000286102295,8676
2023-04-04,1.2200000286102295,1.2200000286102295,1.2200000286102295,1.2200000286102295,2728
2023-04-05,1.25,1.2999999523162842,1.25,1.2999999523162842,4862
2023-04-06,1.2999999523162842,1.2999999523162842,1.2999999523162842,1.2999999523162842,1877
2023-04-11,1.340000033378601,1.340000033378601,1.340000033378601,1.340000033378601,10667
2023-04-12,1.340000033378601,1.399999976158142,1.340000033378601,1.399999976158142,1739
2023-04-13,1.4299999475479126,1.4299999475479126,1.4299999475479126,1.4299999475479126,609
2023-04-14,1.4299999475479126,1.4299999475479126,1.4299999475479126,1.4299999475479126,38
2023-04-17,1.1100000143051147,1.399999976158142,1.1100000143051147,1.399999976158142,4817
2023-04-18,1.3899999856948853,1.3899999856948853,1.3899999856948853,1.3899999856948853,10
2023-04-19,1.3899999856948853,1.3899999856948853,1.3899999856948853,1.3899999856948853,18
2023-04-20,1.3899999856948853,1.3899999856948853,1.3899999856948853,1.3899999856948853,0
2023-04-21,1.3899999856948853,1.3899999856948853,1.3899999856948853,1.3899999856948853,27
2023-04-24,1.399999976158142,1.399999976158142,1.399999976158142,1.399999976158142,524
2023-04-25,1.399999976158142,1.399999976158142,1.3899999856948853,1.3899999856948853,23
2023-04-26,1.2000000476837158,1.3300000429153442,1.2000000476837158,1.3300000429153442,1384
2023-04-27,1.3300000429153442,1.3899999856948853,1.3300000429153442,1.3899999856948853,20
2023-04-28,1.409999966621399,1.409999966621399,1.409999966621399,1.409999966621399,248
2023-05-02,1.3899999856948853,1.3899999856948853,1.3899999856948853,1.3899999856948853,10
2023-05-04,1.3899999856948853,1.3899999856948853,1.3899999856948853,1.3899999856948853,0
2023-05-05,1.3899999856948853,1.3899999856948853,1.3899999856948853,1.3899999856948853,0
2023-05-08,1.149999976158142,1.340000033378601,1.149999976158142,1.340000033378601,2150
2023-05-09,1.340000033378601,1.340000033378601,1.3300000429153442,1.3300000429153442,285
2023-05-10,1.340000033378601,1.340000033378601,1.340000033378601,1.340000033378601,62
2023-05-11,1.3300000429153442,1.3300000429153442,1.3300000429153442,1.3300000429153442,10
2023-05-12,1.3300000429153442,1.3300000429153442,1.3300000429153442,1.3300000429153442,0
2023-05-15,1.3300000429153442,1.3300000429153442,1.3300000429153442,1.3300000429153442,0
2023-05-16,1.2899999618530273,1.2899999618530273,1.159999966621399,1.159999966621399,1014
2023-05-17,1.309999942779541,1.309999942779541,1.2999999523162842,1.2999999523162842,1064
2023-05-18,1.2999999523162842,1.2999999523162842,1.2999999523162842,1.2999999523162842,20
2023-05-19,1.149999976158142,1.3200000524520874,1.149999976158142,1.3200000524520874,4583
2023-05-22,1.1200000047683716,1.1200000047683716,1.1200000047683716,1.1200000047683716,1000
2023-05-23,1.1299999952316284,1.1299999952316284,1.1200000047683716,1.1200000047683716,1184
2023-05-24,1.1200000047683716,1.1200000047683716,1.1200000047683716,1.1200000047683716,2349
2023-05-25,1.1100000143051147,1.2799999713897705,1.1100000143051147,1.2799999713897705,1050
2023-05-26,1.1100000143051147,1.1100000143051147,1.1100000143051147,1.1100000143051147,1000
2023-05-29,1.1100000143051147,1.1100000143051147,1.1100000143051147,1.1100000143051147,2544
2023-05-30,1.0399999618530273,1.0399999618530273,1.0399999618530273,1.0399999618530273,1000
2023-05-31,1.1399999856948853,1.2200000286102295,1.1399999856948853,1.2200000286102295,2
2023-06-01,1.0399999618530273,1.0399999618530273,1.0199999809265137,1.0199999809265137,2400
2023-06-02,1.0299999713897705,1.0299999713897705,1.0299999713897705,1.0299999713897705,1000
2023-06-05,1.0299999713897705,1.1399999856948853,1.0299999713897705,1.1399999856948853,1390
2023-06-06,1.0399999618530273,1.0399999618530273,1.0399999618530273,1.0399999618530273,3235
2023-06-07,1.0299999713897705,1.100000023841858,1.0299999713897705,1.100000023841858,1003
2023-06-09,1.0299999713897705,1.0299999713897705,1.0299999713897705,1.0299999713897705,2999
2023-06-12,1.0299999713897705,1.0299999713897705,1.0299999713897705,1.0299999713897705,1000
2023-06-13,1.1299999952316284,1.1299999952316284,1.1299999952316284,1.1299999952316284,100
2023-06-14,1.0299999713897705,1.1299999952316284,1.0299999713897705,1.1299999952316284,1001
2023-06-15,1.0299999713897705,1.1299999952316284,1.0299999713897705,1.1299999952316284,2510
2023-06-16,1.0299999713897705,1.1200000047683716,1.0299999713897705,1.1200000047683716,1698
2023-06-19,1.1299999952316284,1.1299999952316284,1.1299999952316284,1.1299999952316284,2100
2023-06-20,1.1299999952316284,1.1299999952316284,1.1299999952316284,1.1299999952316284,70
2023-06-21,1.1299999952316284,1.1299999952316284,1.1299999952316284,1.1299999952316284,70
2023-06-22,1.1299999952316284,1.1299999952316284,1.1299999952316284,1.1299999952316284,70
2023-06-23,1.0299999713897705,1.1299999952316284,1.0299999713897705,1.1299999952316284,1170
2023-06-26,1.1299999952316284,1.1299999952316284,1.1299999952316284,1.1299999952316284,0
2023-06-27,1.1299999952316284,1.1299999952316284,1.1299999952316284,1.1299999952316284,0
2023-06-28,1.1299999952316284,1.1299999952316284,1.1299999952316284,1.1299999952316284,0
2023-06-29,1.0399999618530273,1.1299999952316284,1.0399999618530273,1.1299999952316284,4512
2023-06-30,1.0499999523162842,1.1299999952316284,1.0499999523162842,1.1299999952316284,51
2023-07-03,1.1399999856948853,1.1399999856948853,1.1299999952316284,1.1299999952316284,2814
2023-07-04,1.1399999856948853,1.4800000190734863,1.1399999856948853,1.4800000190734863,28111
2023-07-05,1.4800000190734863,1.4800000190734863,1.4800000190734863,1.4800000190734863,0
2023-07-06,2.0,2.0,1.7999999523162842,2.0,90707
2023-07-07,2.0,2.0,2.0,2.0,0
2023-07-10,2.7799999713897705,2.7799999713897705,2.200000047683716,2.200000047683716,63334
2023-07-11,2.380000114440918,2.5999999046325684,1.9500000476837158,2.0799999237060547,42367
2023-07-12,2.0799999237060547,2.5799999237060547,1.940000057220459,2.559999942779541,91163
2023-07-13,2.6600000858306885,3.200000047683716,2.6600000858306885,3.200000047683716,248799
2023-07-14,3.4000000953674316,3.4800000190734863,2.7799999713897705,3.0,147839
2023-07-17,3.1600000858306885,3.1600000858306885,2.5799999237060547,2.6600000858306885,70737
2023-07-18,2.740000009536743,2.9000000953674316,2.4800000190734863,2.6600000858306885,43741
2023-07-19,2.6600000858306885,2.7799999713897705,2.4000000953674316,2.5999999046325684,46009
2023-07-20,2.4200000762939453,2.640000104904175,2.4200000762939453,2.5799999237060547,5540
2023-07-21,2.5799999237060547,2.5799999237060547,2.3399999141693115,2.4000000953674316,31089
2023-07-24,2.380000114440918,2.5,2.259999990463257,2.440000057220459,12838
2023-07-25,2.5399999618530273,2.5399999618530273,2.319999933242798,2.5,5906
2023-07-26,2.440000057220459,2.440000057220459,2.2799999713897705,2.4000000953674316,10265
2023-07-27,2.319999933242798,2.380000114440918,2.299999952316284,2.359999895095825,5845
2023-07-28,2.2799999713897705,2.3399999141693115,2.259999990463257,2.299999952316284,2439
2023-07-31,2.299999952316284,2.319999933242798,2.259999990463257,2.319999933242798,8423
2023-08-01,2.359999895095825,2.740000009536743,2.359999895095825,2.6600000858306885,91257
2023-08-02,2.5999999046325684,2.759999990463257,2.3399999141693115,2.3399999141693115,66949
2023-08-03,2.240000009536743,2.3399999141693115,2.0199999809265137,2.200000047683716,47795
2023-08-04,2.259999990463257,2.259999990463257,2.0399999618530273,2.1600000858306885,11930
2023-08-07,2.2200000286102295,2.2200000286102295,2.0,2.119999885559082,23629
2023-08-08,2.140000104904175,2.140000104904175,1.9700000286102295,2.0399999618530273,11815
2023-08-09,2.0399999618530273,2.0999999046325684,1.9700000286102295,2.0999999046325684,9447
2023-08-10,2.119999885559082,2.119999885559082,2.059999942779541,2.059999942779541,6169
2023-08-11,2.0,2.0399999618530273,1.8700000047683716,2.0399999618530273,7320
2023-08-14,2.0,2.0799999237060547,1.9299999475479126,2.0799999237060547,11584
2023-08-16,2.0799999237060547,2.180000066757202,1.9600000381469727,2.1600000858306885,10485
2023-08-17,2.200000047683716,2.299999952316284,2.0999999046325684,2.259999990463257,35886
2023-08-18,2.259999990463257,2.259999990463257,2.119999885559082,2.180000066757202,5865
2023-08-21,2.240000009536743,2.359999895095825,1.8799999952316284,2.140000104904175,32403
2023-08-22,2.0,2.119999885559082,1.9900000095367432,2.119999885559082,8650
2023-08-23,2.140000104904175,2.140000104904175,1.9500000476837158,2.0799999237060547,838
2023-08-24,2.0799999237060547,2.0799999237060547,2.0799999237060547,2.0799999237060547,655
2023-08-25,1.8300000429153442,2.0,1.8300000429153442,1.9600000381469727,18029
2023-08-28,1.9500000476837158,2.0,1.8200000524520874,1.8899999856948853,2791
2023-08-29,1.8899999856948853,1.8899999856948853,1.7799999713897705,1.8700000047683716,14350
2023-08-30,1.8300000429153442,1.8300000429153442,1.8200000524520874,1.8300000429153442,2407
2023-08-31,1.7999999523162842,1.9700000286102295,1.7999999523162842,1.9299999475479126,2725
2023-09-01,1.9299999475479126,1.9299999475479126,1.9299999475479126,1.9299999475479126,16
2023-09-04,1.899999976158142,1.899999976158142,1.7599999904632568,1.899999976158142,2655
2023-09-05,1.8899999856948853,1.8899999856948853,1.8899999856948853,1.8899999856948853,200
2023-09-06,1.8600000143051147,1.899999976158142,1.7899999618530273,1.8899999856948853,2532
2023-09-07,1.8700000047683716,1.8799999952316284,1.7999999523162842,1.8799999952316284,1365
2023-09-08,1.8700000047683716,1.9800000190734863,1.8700000047683716,1.940000057220459,6120
2023-09-11,1.9500000476837158,1.9500000476837158,1.8799999952316284,1.8799999952316284,1115
2023-09-12,1.9500000476837158,1.9500000476837158,1.8799999952316284,1.940000057220459,867
2023-09-13,1.940000057220459,1.940000057220459,1.940000057220459,1.940000057220459,66
2023-09-14,1.940000057220459,1.940000057220459,1.8700000047683716,1.9299999475479126,1188
2023-09-15,1.809999942779541,1.809999942779541,1.809999942779541,1.809999942779541,2274
2023-09-18,1.899999976158142,1.9199999570846558,1.850000023841858,1.8899999856948853,1006
2023-09-19,1.8799999952316284,1.8799999952316284,1.7000000476837158,1.8799999952316284,7129
2023-09-20,1.850000023841858,1.899999976158142,1.7999999523162842,1.8799999952316284,5064
2023-09-21,1.8799999952316284,1.940000057220459,1.7899999618530273,1.850000023841858,29471
2023-09-22,1.8799999952316284,1.8799999952316284,1.8799999952316284,1.8799999952316284,2
2023-09-25,1.809999942779541,1.8700000047683716,1.6799999475479126,1.840000033378601,8243
2023-09-26,1.840000033378601,1.840000033378601,1.840000033378601,1.840000033378601,0
2023-09-27,1.809999942779541,1.8300000429153442,1.6799999475479126,1.7000000476837158,10454
2023-09-28,1.6399999856948853,1.7999999523162842,1.6200000047683716,1.7999999523162842,1892
2023-09-29,1.649999976158142,1.7400000095367432,1.559999942779541,1.7200000286102295,14666
2023-10-02,1.5800000429153442,1.6699999570846558,1.5,1.6699999570846558,2816
2023-10-03,1.5299999713897705,1.6299999952316284,1.5299999713897705,1.6299999952316284,1167
2023-10-04,1.5800000429153442,1.6200000047683716,1.5,1.6200000047683716,7716
2023-10-05,1.5,1.6299999952316284,1.5,1.6299999952316284,2091
2023-10-06,1.6699999570846558,1.6699999570846558,1.6699999570846558,1.6699999570846558,207
2023-10-09,1.5099999904632568,1.6299999952316284,1.4800000190734863,1.590000033378601,1878
2023-10-10,1.600000023841858,1.7300000190734863,1.600000023841858,1.659999966621399,4285
2023-10-11,1.590000033378601,1.649999976158142,1.590000033378601,1.649999976158142,646
2023-10-12,1.6200000047683716,1.7400000095367432,1.600000023841858,1.7000000476837158,6480
2023-10-13,1.6399999856948853,1.690000057220459,1.600000023841858,1.6699999570846558,4719
2023-10-16,1.690000057220459,1.690000057220459,1.690000057220459,1.690000057220459,326
2023-10-17,1.600000023841858,1.690000057220459,1.600000023841858,1.690000057220459,1197
2023-10-18,1.690000057220459,1.690000057220459,1.690000057220459,1.690000057220459,0
2023-10-19,1.559999942779541,1.690000057220459,1.559999942779541,1.690000057220459,2074
2023-10-20,1.690000057220459,1.690000057220459,1.690000057220459,1.690000057220459,0
2023-10-23,1.690000057220459,1.690000057220459,1.690000057220459,1.690000057220459,0
2023-10-24,1.690000057220459,1.690000057220459,1.690000057220459,1.690000057220459,0
2023-10-25,1.690000057220459,1.690000057220459,1.690000057220459,1.690000057220459,0
2023-10-26,1.6399999856948853,1.6699999570846558,1.6399999856948853,1.6699999570846558,44
2023-10-27,1.600000023841858,1.6799999475479126,1.600000023841858,1.6799999475479126,676
2023-10-30,1.6799999475479126,1.8300000429153442,1.600000023841858,1.809999942779541,6879
2023-10-31,1.809999942779541,1.809999942779541,1.659999966621399,1.7999999523162842,2550
2023-11-02,1.7999999523162842,1.7999999523162842,1.7999999523162842,1.7999999523162842,329
2023-11-03,1.6699999570846558,1.7699999809265137,1.6699999570846558,1.75,1360
2023-11-06,1.7400000095367432,1.809999942779541,1.7400000095367432,1.809999942779541,1463
2023-11-07,1.7999999523162842,1.7999999523162842,1.7999999523162842,1.7999999523162842,1107
2023-11-08,1.659999966621399,1.7899999618530273,1.649999976158142,1.7799999713897705,988
2023-11-09,1.7799999713897705,1.809999942779541,1.649999976158142,1.809999942779541,6029
2023-11-10,1.7400000095367432,1.7400000095367432,1.7400000095367432,1.7400000095367432,20
2023-11-13,1.75,1.75,1.5800000429153442,1.7400000095367432,7468
2023-11-14,1.7799999713897705,1.7799999713897705,1.7799999713897705,1.7799999713897705,395
2023-11-15,1.7799999713897705,1.7799999713897705,1.7799999713897705,1.7799999713897705,0
2023-11-16,1.7000000476837158,1.7000000476837158,1.5299999713897705,1.690000057220459,3250
2023-11-17,1.5700000524520874,1.7200000286102295,1.5700000524520874,1.7200000286102295,32
2023-11-20,1.6200000047683716,1.7599999904632568,1.600000023841858,1.7200000286102295,12407
2023-11-21,1.7000000476837158,1.7100000381469727,1.7000000476837158,1.7100000381469727,16
2023-11-22,1.7000000476837158,2.0399999618530273,1.6200000047683716,1.809999942779541,79097
2023-11-23,1.809999942779541,1.9199999570846558,1.659999966621399,1.7899999618530273,29362
2023-11-24,1.7899999618530273,1.8200000524520874,1.7400000095367432,1.7899999618530273,5060
2023-11-27,1.7899999618530273,1.9800000190734863,1.7000000476837158,1.9800000190734863,33181
2023-11-28,2.0,2.1600000858306885,1.840000033378601,1.850000023841858,78434
2023-11-29,1.9299999475479126,1.9299999475479126,1.8300000429153442,1.899999976158142,6407
2023-11-30,1.9700000286102295,1.9700000286102295,1.7799999713897705,1.8600000143051147,23258
2023-12-01,1.850000023841858,1.909999966621399,1.7799999713897705,1.909999966621399,15519
2023-12-04,1.9199999570846558,1.940000057220459,1.899999976158142,1.940000057220459,11734
2023-12-05,1.9500000476837158,2.2799999713897705,1.9500000476837158,2.200000047683716,110484
2023-12-06,2.200000047683716,2.2799999713897705,2.0999999046325684,2.2799999713897705,23045
2023-12-07,2.319999933242798,2.319999933242798,2.0999999046325684,2.200000047683716,7059
2023-12-08,2.200000047683716,2.2799999713897705,2.0999999046325684,2.1600000858306885,12110
2023-12-11,2.119999885559082,2.200000047683716,2.0799999237060547,2.180000066757202,9839
2023-12-12,2.1600000858306885,2.1600000858306885,1.9800000190734863,2.0799999237060547,16271
2023-12-13,2.119999885559082,2.1600000858306885,1.9800000190734863,2.0999999046325684,13230
2023-12-14,2.0799999237060547,2.180000066757202,2.0,2.0799999237060547,11479
2023-12-15,2.0799999237060547,2.140000104904175,2.059999942779541,2.119999885559082,7869
2023-12-18,2.119999885559082,2.2799999713897705,2.119999885559082,2.200000047683716,110211
2023-12-19,2.240000009536743,2.240000009536743,2.0199999809265137,2.0999999046325684,14778
2023-12-20,2.180000066757202,2.180000066757202,1.9800000190734863,2.0,14588
2023-12-21,2.0799999237060547,2.0799999237060547,1.8799999952316284,2.0399999618530273,21071
2023-12-22,2.0,2.0,1.9199999570846558,1.9700000286102295,4845
2023-12-27,1.899999976158142,1.9700000286102295,1.8600000143051147,1.909999966621399,28145
2023-12-28,1.9700000286102295,1.9700000286102295,1.940000057220459,1.9700000286102295,9127
2023-12-29,1.8600000143051147,2.059999942779541,1.8600000143051147,1.9600000381469727,5512
2024-01-02,2.0999999046325684,2.0999999046325684,1.9800000190734863,1.9800000190734863,8854
2024-01-03,2.0399999618530273,2.0399999618530273,1.8700000047683716,1.9600000381469727,107
2024-01-04,1.9500000476837158,2.0399999618530273,1.8899999856948853,1.9800000190734863,4700
2024-01-05,1.9700000286102295,1.9800000190734863,1.899999976158142,1.9800000190734863,12475
2024-01-08,1.899999976158142,1.899999976158142,1.8700000047683716,1.899999976158142,4739
2024-01-09,1.9500000476837158,1.9500000476837158,1.8700000047683716,1.8899999856948853,1234
2024-01-10,1.8899999856948853,1.9800000190734863,1.8600000143051147,1.899999976158142,8190
2024-01-11,1.8300000429153442,1.940000057220459,1.8300000429153442,1.8799999952316284,13092
2024-01-12,1.9199999570846558,1.9199999570846558,1.8799999952316284,1.899999976158142,1654
2024-01-15,1.899999976158142,1.899999976158142,1.899999976158142,1.899999976158142,0
2024-01-16,1.9199999570846558,1.9199999570846558,1.840000033378601,1.8899999856948853,7020
2024-01-17,1.8799999952316284,1.9800000190734863,1.840000033378601,1.899999976158142,3055
2024-01-18,1.899999976158142,1.940000057220459,1.899999976158142,1.9299999475479126,742
2024-01-19,1.9299999475479126,1.9299999475479126,1.7999999523162842,1.899999976158142,5282
2024-01-22,1.8899999856948853,1.8899999856948853,1.7200000286102295,1.8799999952316284,6719
2024-01-23,1.7699999809265137,1.850000023841858,1.7699999809265137,1.850000023841858,46
2024-01-24,1.850000023841858,1.850000023841858,1.7200000286102295,1.7999999523162842,11494
2024-01-25,1.8700000047683716,1.8700000047683716,1.7599999904632568,1.8700000047683716,2730
2024-01-26,1.8799999952316284,1.8799999952316284,1.8799999952316284,1.8799999952316284,17
2024-01-29,1.7999999523162842,1.8600000143051147,1.7999999523162842,1.8600000143051147,1641
2024-01-30,1.8600000143051147,1.8600000143051147,1.8600000143051147,1.8600000143051147,606
2024-01-31,1.8600000143051147,1.8600000143051147,1.7999999523162842,1.8600000143051147,2042
2024-02-01,1.7999999523162842,1.8600000143051147,1.7599999904632568,1.8600000143051147,2042
2024-02-02,1.7899999618530273,1.8600000143051147,1.7300000190734863,1.809999942779541,16260
2024-02-05,1.809999942779541,1.809999942779541,1.7699999809265137,1.809999942779541,2686
2024-02-06,1.809999942779541,1.8600000143051147,1.809999942779541,1.8600000143051147,2164
2024-02-07,1.850000023841858,1.850000023841858,1.7899999618530273,1.850000023841858,2002
2024-02-08,1.8300000429153442,1.8600000143051147,1.809999942779541,1.8600000143051147,3902
2024-02-09,1.7999999523162842,1.8600000143051147,1.7899999618530273,1.850000023841858,634
2024-02-12,1.850000023841858,1.909999966621399,1.7799999713897705,1.909999966621399,15449
2024-02-13,1.909999966621399,1.9800000190734863,1.899999976158142,1.9800000190734863,19349
2024-02-14,1.9700000286102295,2.140000104904175,1.9700000286102295,2.140000104904175,43836
2024-02-15,2.140000104904175,2.3399999141693115,2.0399999618530273,2.319999933242798,18763
2024-02-16,2.299999952316284,2.740000009536743,2.259999990463257,2.359999895095825,89343
2024-02-19,2.359999895095825,2.4800000190734863,2.1600000858306885,2.3399999141693115,56627
2024-02-20,2.240000009536743,2.3399999141693115,2.0999999046325684,2.259999990463257,26738
2024-02-21,2.0999999046325684,2.299999952316284,2.0999999046325684,2.299999952316284,42368
2024-02-22,2.299999952316284,2.5799999237060547,2.1600000858306885,2.5799999237060547,104541
2024-02-23,2.5799999237060547,2.819999933242798,2.5799999237060547,2.700000047683716,48704
2024-02-26,2.819999933242798,2.8399999141693115,2.5399999618530273,2.6600000858306885,28137
2024-02-27,2.680000066757202,2.7200000286102295,2.5199999809265137,2.7200000286102295,1334
2024-02-28,2.680000066757202,2.680000066757202,2.4800000190734863,2.640000104904175,16356
2024-02-29,2.5,2.619999885559082,2.440000057220459,2.619999885559082,7405
2024-03-01,2.619999885559082,2.619999885559082,2.380000114440918,2.559999942779541,14686
2024-03-04,2.559999942779541,2.559999942779541,2.380000114440918,2.5399999618530273,3345
2024-03-05,2.4000000953674316,2.4800000190734863,2.380000114440918,2.4800000190734863,5345
2024-03-06,2.4600000381469727,2.4800000190734863,2.3399999141693115,2.4800000190734863,9109
2024-03-07,2.4800000190734863,2.5,2.359999895095825,2.4800000190734863,5957
2024-03-08,2.4000000953674316,2.4600000381469727,2.4000000953674316,2.440000057220459,1178
2024-03-11,2.440000057220459,2.5199999809265137,2.4000000953674316,2.5,3579
2024-03-12,2.5,2.5,2.4000000953674316,2.5,857
2024-03-13,2.4800000190734863,2.4800000190734863,2.2799999713897705,2.4200000762939453,11968
2024-03-14,2.4200000762939453,2.4600000381469727,2.2799999713897705,2.4000000953674316,18224
2024-03-15,2.4000000953674316,2.440000057220459,2.4000000953674316,2.4000000953674316,123
2024-03-18,2.440000057220459,2.440000057220459,2.380000114440918,2.440000057220459,2161
2024-03-19,2.319999933242798,2.4200000762939453,2.319999933242798,2.4000000953674316,603
2024-03-20,2.4000000953674316,2.4200000762939453,2.1600000858306885,2.4200000762939453,192
2024-03-21,2.4000000953674316,2.4000000953674316,2.180000066757202,2.380000114440918,12358
2024-03-22,2.2799999713897705,2.5799999237060547,2.2200000286102295,2.5799999237060547,34663
2024-03-25,2.5799999237060547,2.5799999237060547,2.3399999141693115,2.5799999237060547,2485
2024-03-26,2.380000114440918,2.619999885559082,2.380000114440918,2.5799999237060547,8965
2024-03-27,2.5799999237060547,2.5799999237060547,2.559999942779541,2.5799999237060547,534
2024-03-28,2.619999885559082,2.619999885559082,2.4800000190734863,2.5999999046325684,1318
2024-04-02,2.619999885559082,2.619999885559082,2.4200000762939453,2.569999933242798,2850
2024-04-03,2.569999933242798,2.5799999237060547,2.4100000858306885,2.569999933242798,6805
2024-04-04,2.559999942779541,2.569999933242798,2.4000000953674316,2.569999933242798,6268
2024-04-05,2.4100000858306885,2.5,2.4000000953674316,2.5,2874
2024-04-08,2.5,2.5,2.299999952316284,2.4000000953674316,3031
2024-04-09,2.4800000190734863,2.5,2.359999895095825,2.5,8058
2024-04-10,2.4000000953674316,2.5999999046325684,2.4000000953674316,2.440000057220459,20068
2024-04-11,2.5899999141693115,2.880000114440918,2.5,2.5,84449
2024-04-12,2.5999999046325684,2.859999895095825,2.5399999618530273,2.8499999046325684,40325
2024-04-15,2.8299999237060547,2.859999895095825,2.619999885559082,2.8299999237060547,10716
2024-04-16,2.8299999237060547,2.8299999237060547,2.5799999237060547,2.809999942779541,4837
2024-04-17,2.7799999713897705,2.7899999618530273,2.700000047683716,2.759999990463257,428
2024-04-18,2.880000114440918,3.240000009536743,2.799999952316284,3.0,77768
2024-04-19,3.059999942779541,3.059999942779541,2.8299999237060547,3.0299999713897705,17176
2024-04-22,3.0299999713897705,3.0899999141693115,2.8299999237060547,3.0,29471
2024-04-23,3.0899999141693115,3.0899999141693115,2.9000000953674316,2.990000009536743,1507
2024-04-24,2.930000066757202,2.9700000286102295,2.819999933242798,2.940000057220459,21158
2024-04-25,2.9800000190734863,3.200000047683716,2.940000057220459,2.950000047683716,61447
2024-04-26,3.069999933242798,3.069999933242798,2.859999895095825,2.940000057220459,27162
2024-04-29,2.950000047683716,2.950000047683716,2.880000114440918,2.880000114440918,6424
2024-04-30,2.890000104904175,2.940000057220459,2.7899999618530273,2.9000000953674316,7019
2024-05-02,2.9000000953674316,2.950000047683716,2.799999952316284,2.950000047683716,2295
2024-05-06,3.009999990463257,3.1700000762939453,2.7899999618530273,3.1700000762939453,33333
2024-05-07,3.1700000762939453,3.1700000762939453,3.0299999713897705,3.119999885559082,15370
2024-05-08,3.1700000762939453,3.1700000762939453,3.0799999237060547,3.1700000762939453,1122
2024-05-09,3.1600000858306885,3.1700000762939453,3.059999942779541,3.1500000953674316,6481
2024-05-10,3.1500000953674316,3.1700000762939453,3.0199999809265137,3.1500000953674316,10100
2024-05-13,3.1500000953674316,3.4000000953674316,3.1500000953674316,3.4000000953674316,30802
2024-05-14,3.5,4.0,3.5,3.75,38057
2024-05-15,3.799999952316284,3.9600000381469727,3.4700000286102295,3.8299999237060547,19721
2024-05-16,3.8299999237060547,3.8299999237060547,3.75,3.8299999237060547,7139
2024-05-17,3.9200000762939453,3.9200000762939453,3.700000047683716,3.8499999046325684,5815
2024-05-20,3.9200000762939453,3.9200000762939453,3.6500000953674316,3.880000114440918,4596
2024-05-21,3.75,3.890000104904175,3.75,3.8499999046325684,591
2024-05-22,3.8499999046325684,3.890000104904175,3.7100000381469727,3.890000104904175,5826
2024-05-23,3.9200000762939453,3.930000066757202,3.680000066757202,3.930000066757202,8594
2024-05-24,3.9200000762939453,3.9600000381469727,3.6500000953674316,3.940000057220459,1913
2024-05-27,3.950000047683716,3.950000047683716,3.759999990463257,3.950000047683716,1210
2024-05-28,3.859999895095825,3.9100000858306885,3.4800000190734863,3.4800000190734863,14789
2024-05-29,3.700000047683716,3.700000047683716,3.5199999809265137,3.680000066757202,3361
2024-05-31,3.700000047683716,3.700000047683716,3.3299999237060547,3.700000047683716,6134
2024-06-03,3.680000066757202,3.75,3.4000000953674316,3.75,23051
2024-06-04,3.75,3.9000000953674316,3.5799999237060547,3.7799999713897705,17537
2024-06-05,3.7899999618530273,3.7899999618530273,3.680000066757202,3.7699999809265137,2111
2024-06-06,3.7699999809265137,3.869999885559082,3.759999990463257,3.869999885559082,3849
2024-06-07,3.869999885559082,3.869999885559082,3.5999999046325684,3.859999895095825,4607
2024-06-10,3.7799999713897705,3.7799999713897705,3.549999952316284,3.6600000858306885,6266
2024-06-11,4.099999904632568,4.25,3.5,3.6700000762939453,231699
2024-06-12,3.6700000762939453,3.7200000286102295,3.0,3.0199999809265137,207823
2024-06-13,3.0,3.130000114440918,2.9100000858306885,3.069999933242798,65063
2024-06-14,3.0199999809265137,3.0799999237060547,2.8399999141693115,3.0199999809265137,31083
2024-06-17,3.0999999046325684,3.109999895095825,2.9200000762939453,2.9200000762939453,23322
2024-06-18,3.0,3.0,2.7200000286102295,2.8299999237060547,25725
2024-06-19,2.8299999237060547,2.8299999237060547,2.7100000381469727,2.7799999713897705,15858
2024-06-20,2.7899999618530273,2.7899999618530273,2.619999885559082,2.700000047683716,33821
2024-06-21,2.700000047683716,2.700000047683716,2.509999990463257,2.619999885559082,45427
2024-06-24,2.569999933242798,2.7100000381469727,2.5199999809265137,2.6500000953674316,33481
2024-06-25,2.700000047683716,2.75,2.619999885559082,2.700000047683716,19960
2024-06-26,2.700000047683716,2.9000000953674316,2.700000047683716,2.880000114440918,19926
2024-06-27,3.0899999141693115,3.190000057220459,2.9700000286102295,3.069999933242798,71992
2024-06-28,3.119999885559082,3.130000114440918,3.0,3.0999999046325684,12369
2024-07-01,3.0999999046325684,3.190000057220459,3.0199999809265137,3.119999885559082,5034
2024-07-02,3.1500000953674316,3.1500000953674316,3.009999990463257,3.0799999237060547,18104
2024-07-03,3.0799999237060547,3.2899999618530273,3.0799999237060547,3.2699999809265137,40491
2024-07-04,3.259999990463257,3.369999885559082,3.1700000762939453,3.299999952316284,25528
2024-07-05,3.299999952316284,3.359999895095825,3.1600000858306885,3.259999990463257,11734
2024-07-08,3.2799999713897705,3.299999952316284,3.1700000762939453,3.1700000762939453,10981
2024-07-09,3.1700000762939453,3.180000066757202,3.109999895095825,3.119999885559082,7404
2024-07-10,3.109999895095825,3.299999952316284,3.109999895095825,3.240000009536743,7619
2024-07-11,3.240000009536743,3.240000009536743,3.0799999237060547,3.0999999046325684,9629
2024-07-12,3.059999942779541,3.190000057220459,3.059999942779541,3.069999933242798,2419
2024-07-15,3.1600000858306885,3.2200000286102295,3.049999952316284,3.049999952316284,5182
2024-07-16,3.049999952316284,3.049999952316284,2.799999952316284,2.9000000953674316,32013
2024-07-17,2.7699999809265137,2.880000114440918,2.7300000190734863,2.799999952316284,14395
2024-07-18,2.799999952316284,2.799999952316284,2.7200000286102295,2.7899999618530273,6121
2024-07-19,2.869999885559082,2.869999885559082,2.630000114440918,2.759999990463257,16626
2024-07-22,2.680000066757202,2.8299999237060547,2.549999952316284,2.690000057220459,38193
2024-07-23,2.640000104904175,2.759999990463257,2.5999999046325684,2.7200000286102295,9971
2024-07-24,2.7200000286102295,2.7200000286102295,2.5999999046325684,2.7100000381469727,1091
2024-07-25,2.5799999237060547,2.700000047683716,2.5199999809265137,2.5999999046325684,6178
2024-07-26,2.5199999809265137,2.680000066757202,2.5199999809265137,2.6600000858306885,2896
2024-07-29,2.6600000858306885,2.7200000286102295,2.509999990463257,2.680000066757202,3916
2024-07-30,2.6700000762939453,2.6700000762939453,2.569999933242798,2.6700000762939453,530
2024-07-31,2.5999999046325684,2.5999999046325684,2.3499999046325684,2.4700000286102295,13539
2024-08-01,2.559999942779541,2.569999933242798,2.390000104904175,2.390000104904175,13610
2024-08-02,2.4000000953674316,2.450000047683716,2.359999895095825,2.4000000953674316,10517
2024-08-05,2.359999895095825,2.4100000858306885,2.130000114440918,2.2899999618530273,13313
2024-08-06,2.319999933242798,2.3499999046325684,2.319999933242798,2.3399999141693115,3773
2024-08-07,2.3299999237060547,2.369999885559082,2.190000057220459,2.369999885559082,4330
2024-08-08,2.369999885559082,2.4100000858306885,2.049999952316284,2.049999952316284,98242
2024-08-09,2.119999885559082,2.2300000190734863,2.059999942779541,2.0899999141693115,17350
2024-08-12,2.180000066757202,2.180000066757202,2.109999895095825,2.1600000858306885,1153
2024-08-13,2.190000057220459,2.380000114440918,2.130000114440918,2.3399999141693115,15689
2024-08-14,2.309999942779541,2.309999942779541,2.2100000381469727,2.309999942779541,9180
2024-08-16,2.3499999046325684,2.3499999046325684,2.2100000381469727,2.3499999046325684,1343
2024-08-19,2.25,2.3499999046325684,2.2200000286102295,2.319999933242798,2205
2024-08-20,2.200000047683716,2.319999933242798,2.200000047683716,2.299999952316284,1673
2024-08-21,2.299999952316284,2.299999952316284,2.2100000381469727,2.2799999713897705,7481
2024-08-22,2.259999990463257,2.3299999237060547,2.1500000953674316,2.200000047683716,4415
2024-08-23,2.2100000381469727,2.3299999237060547,2.190000057220459,2.3299999237060547,8940
2024-08-26,2.319999933242798,2.369999885559082,2.2300000190734863,2.359999895095825,7156
2024-08-27,2.430000066757202,2.430000066757202,2.259999990463257,2.359999895095825,1370
2024-08-28,2.3499999046325684,2.4100000858306885,2.25,2.3299999237060547,13614
2024-08-29,2.25,2.3299999237060547,2.200000047683716,2.319999933242798,11510
2024-08-30,2.240000009536743,2.319999933242798,2.2300000190734863,2.319999933242798,520
2024-09-02,2.299999952316284,2.299999952316284,2.109999895095825,2.2799999713897705,3973
2024-09-03,2.200000047683716,2.2799999713897705,2.190000057220459,2.2799999713897705,2356
2024-09-04,2.2799999713897705,2.299999952316284,2.119999885559082,2.1600000858306885,4755
2024-09-05,2.180000066757202,2.2699999809265137,2.1700000762939453,2.2699999809265137,3562
2024-09-06,2.2699999809265137,2.359999895095825,2.2699999809265137,2.299999952316284,1010
2024-09-09,2.299999952316284,2.359999895095825,2.1600000858306885,2.2899999618530273,2788
2024-09-10,2.2899999618530273,2.2899999618530273,2.1600000858306885,2.2899999618530273,4947
2024-09-11,2.2699999809265137,2.2699999809265137,2.180000066757202,2.2699999809265137,151
2024-09-12,2.2699999809265137,2.2699999809265137,2.180000066757202,2.180000066757202,2910
2024-09-13,2.240000009536743,2.359999895095825,2.200000047683716,2.299999952316284,3935
2024-09-16,2.25,2.4000000953674316,2.25,2.4000000953674316,2433
2024-09-17,2.4000000953674316,2.4000000953674316,2.180000066757202,2.240000009536743,2420
2024-09-18,2.359999895095825,2.440000057220459,2.2799999713897705,2.2799999713897705,9509
2024-09-19,2.2799999713897705,2.369999885559082,2.200000047683716,2.3399999141693115,2465
2024-09-20,2.390000104904175,2.390000104904175,2.200000047683716,2.3399999141693115,1468
2024-09-23,2.3499999046325684,2.3499999046325684,2.2200000286102295,2.309999942779541,496
2024-09-24,2.309999942779541,2.319999933242798,2.200000047683716,2.309999942779541,4672
2024-09-25,2.200000047683716,2.309999942779541,2.200000047683716,2.309999942779541,10030
2024-09-26,2.369999885559082,2.390000104904175,2.2200000286102295,2.359999895095825,2044
2024-09-27,2.2699999809265137,2.309999942779541,2.200000047683716,2.309999942779541,1537
2024-09-30,2.319999933242798,2.390000104904175,2.200000047683716,2.390000104904175,7887
2024-10-01,2.200000047683716,2.309999942779541,2.200000047683716,2.309999942779541,1605
2024-10-02,2.309999942779541,2.380000114440918,2.2100000381469727,2.380000114440918,2094
2024-10-03,2.369999885559082,2.380000114440918,2.369999885559082,2.380000114440918,50
2024-10-04,2.2200000286102295,2.380000114440918,2.2100000381469727,2.380000114440918,1825
2024-10-07,2.3499999046325684,2.3499999046325684,2.299999952316284,2.299999952316284,1848
2024-10-08,2.3399999141693115,2.3399999141693115,2.200000047683716,2.2799999713897705,8130
2024-10-09,2.2100000381469727,2.2699999809265137,2.190000057220459,2.2699999809265137,302
2024-10-10,2.259999990463257,2.2699999809265137,2.259999990463257,2.2699999809265137,290
2024-10-11,2.200000047683716,2.25,2.180000066757202,2.25,412
2024-10-14,2.25,2.2699999809265137,2.1600000858306885,2.25,2513
2024-10-15,2.25,2.25,2.25,2.25,757
2024-10-16,2.180000066757202,2.240000009536743,2.1500000953674316,2.200000047683716,2712
2024-10-17,2.200000047683716,2.2200000286102295,1.9800000190734863,2.140000104904175,5404
2024-10-18,2.0999999046325684,2.1500000953674316,2.009999990463257,2.1500000953674316,1577
2024-10-21,2.1500000953674316,2.180000066757202,2.140000104904175,2.180000066757202,987
2024-10-22,2.180000066757202,2.180000066757202,2.180000066757202,2.180000066757202,300
2024-10-23,2.109999895095825,2.1700000762939453,2.0999999046325684,2.1700000762939453,1230
2024-10-24,2.1500000953674316,2.190000057220459,2.1500000953674316,2.190000057220459,800
2024-10-25,2.190000057220459,2.299999952316284,2.059999942779541,2.190000057220459,2716
2024-10-28,2.130000114440918,2.1500000953674316,2.0799999237060547,2.1500000953674316,1140
2024-10-29,2.1500000953674316,2.1500000953674316,2.1500000953674316,2.1500000953674316,0
2024-10-30,2.0799999237060547,2.130000114440918,2.0,2.119999885559082,5423
2024-10-31,2.109999895095825,2.109999895095825,2.109999895095825,2.109999895095825,10
2024-11-04,2.0899999141693115,2.0999999046325684,2.0899999141693115,2.0999999046325684,409
2024-11-05,2.0299999713897705,2.0999999046325684,2.0299999713897705,2.0999999046325684,50
2024-11-06,2.0999999046325684,2.130000114440918,1.899999976158142,2.0799999237060547,5123
2024-11-07,2.0,2.0799999237060547,1.9700000286102295,2.0799999237060547,4103
2024-11-08,2.059999942779541,2.059999942779541,1.8600000143051147,1.9500000476837158,5610
2024-11-12,1.8600000143051147,1.8949999809265137,1.715000033378601,1.8450000286102295,18516
2024-11-13,1.8450000286102295,1.8450000286102295,1.7300000190734863,1.8350000381469727,457
2024-11-14,1.8300000429153442,1.8949999809265137,1.7799999713897705,1.8799999952316284,3412
2024-11-15,1.9800000190734863,1.9800000190734863,1.899999976158142,1.899999976158142,1599
2024-11-18,1.9900000095367432,1.9900000095367432,1.7899999618530273,1.9600000381469727,3091
2024-11-19,1.899999976158142,1.899999976158142,1.899999976158142,1.899999976158142,50
2024-11-20,1.784999966621399,1.875,1.7799999713897705,1.875,7970
2024-11-21,1.7899999618530273,1.8650000095367432,1.715000033378601,1.8650000095367432,6523
2024-11-22,1.7999999523162842,1.8650000095367432,1.7400000095367432,1.8650000095367432,5458
2024-11-25,1.8650000095367432,1.8650000095367432,1.7549999952316284,1.850000023841858,2478
2024-11-26,1.8550000190734863,1.8650000095367432,1.850000023841858,1.8650000095367432,2511
2024-11-27,1.9550000429153442,1.9600000381469727,1.7599999904632568,1.850000023841858,4967
2024-11-28,1.850000023841858,1.9299999475479126,1.850000023841858,1.9299999475479126,226
2024-11-29,1.9249999523162842,1.9450000524520874,1.7999999523162842,1.9199999570846558,1851
2024-12-02,1.8200000524520874,1.8200000524520874,1.7999999523162842,1.7999999523162842,3987
2024-12-03,1.8200000524520874,1.9199999570846558,1.7949999570846558,1.7949999570846558,605
2024-12-04,1.8049999475479126,1.9049999713897705,1.7899999618530273,1.8849999904632568,1959
2024-12-05,1.8799999952316284,1.8799999952316284,1.7400000095367432,1.8049999475479126,8789
2024-12-06,1.7549999952316284,1.8200000524520874,1.7300000190734863,1.8200000524520874,8513
2024-12-09,1.8200000524520874,1.875,1.8200000524520874,1.8450000286102295,3291
2024-12-10,1.8200000524520874,1.8350000381469727,1.7000000476837158,1.7949999570846558,9836
2024-12-11,1.7899999618530273,1.8200000524520874,1.7400000095367432,1.8049999475479126,4078
2024-12-12,1.7450000047683716,1.899999976158142,1.7400000095367432,1.7400000095367432,4923
2024-12-13,1.7300000190734863,1.7899999618530273,1.7300000190734863,1.774999976158142,2084
2024-12-16,1.7000000476837158,1.774999976158142,1.684999942779541,1.75,969
2024-12-17,1.75,1.75,1.6950000524520874,1.7300000190734863,43508
2024-12-18,1.6799999475479126,1.784999966621399,1.6799999475479126,1.774999976158142,6127
2024-12-19,1.7799999713897705,1.7799999713897705,1.6950000524520874,1.7799999713897705,701
2024-12-20,1.7799999713897705,1.7799999713897705,1.6799999475479126,1.774999976158142,4357
2024-12-23,1.774999976158142,1.7899999618530273,1.7050000429153442,1.7899999618530273,546
2024-12-27,1.784999966621399,1.7899999618530273,1.784999966621399,1.7899999618530273,222
2024-12-30,1.7899999618530273,1.7899999618530273,1.7050000429153442,1.7100000381469727,7378
2025-01-02,1.965000033378601,1.965000033378601,1.7999999523162842,1.8949999809265137,8540
2025-01-03,1.8949999809265137,1.9950000047683716,1.8899999856948853,1.9950000047683716,7627
2025-01-07,1.9950000047683716,2.180000066757202,1.9950000047683716,2.180000066757202,79204
2025-01-08,2.200000047683716,2.200000047683716,2.0399999618530273,2.190000057220459,7191
2025-01-09,2.190000057220459,2.200000047683716,2.190000057220459,2.190000057220459,605
2025-01-10,2.0899999141693115,2.190000057220459,2.049999952316284,2.1600000858306885,1478
2025-01-13,2.1500000953674316,2.1500000953674316,2.059999942779541,2.140000104904175,678
2025-01-14,2.1500000953674316,2.1600000858306885,2.069999933242798,2.1600000858306885,572
2025-01-15,2.1500000953674316,2.1600000858306885,2.1500000953674316,2.1600000858306885,85
2025-01-16,2.1600000858306885,2.1600000858306885,2.0799999237060547,2.1600000858306885,1592
2025-01-17,2.1600000858306885,2.1600000858306885,2.1600000858306885,2.1600000858306885,0
2025-01-20,2.069999933242798,2.1600000858306885,2.049999952316284,2.0999999046325684,2121
2025-01-21,2.049999952316284,2.1500000953674316,1.9199999570846558,2.1500000953674316,10854
2025-01-22,2.1500000953674316,2.1500000953674316,2.0,2.049999952316284,926
2025-01-23,2.0,2.140000104904175,2.0,2.0899999141693115,1101
2025-01-24,2.0899999141693115,2.109999895095825,2.0899999141693115,2.109999895095825,55
2025-01-27,2.0999999046325684,2.119999885559082,2.049999952316284,2.119999885559082,1108
2025-01-28,2.049999952316284,2.049999952316284,2.049999952316284,2.049999952316284,108
2025-01-29,2.009999990463257,2.049999952316284,1.9850000143051147,2.049999952316284,4492
2025-01-30,1.9850000143051147,2.109999895095825,1.9850000143051147,2.0999999046325684,357
2025-01-31,2.049999952316284,2.049999952316284,2.0299999713897705,2.049999952316284,818
2025-02-03,2.0999999046325684,2.0999999046325684,2.0199999809265137,2.0199999809265137,66
2025-02-04,2.0899999141693115,2.119999885559082,1.9700000286102295,2.0999999046325684,340
2025-02-05,2.0399999618530273,2.119999885559082,1.9700000286102295,2.069999933242798,4642
2025-02-06,1.975000023841858,2.0,1.899999976158142,1.940000057220459,14897
2025-02-07,1.940000057220459,2.0899999141693115,1.940000057220459,2.0,3846
2025-02-10,1.9950000047683716,2.109999895095825,1.934999942779541,2.0899999141693115,9176
2025-02-11,1.9700000286102295,2.069999933242798,1.9500000476837158,2.049999952316284,8116
2025-02-12,2.0,2.0299999713897705,1.9550000429153442,2.0299999713897705,6789
2025-02-13,1.850000023841858,1.9500000476837158,1.7699999809265137,1.940000057220459,166967
2025-02-14,1.934999942779541,1.934999942779541,1.75,1.8300000429153442,85276
2025-02-17,1.8300000429153442,1.8300000429153442,1.7599999904632568,1.7899999618530273,13934
2025-02-18,1.7899999618530273,1.8600000143051147,1.7549999952316284,1.8300000429153442,9106
2025-02-19,1.8300000429153442,1.8300000429153442,1.7000000476837158,1.8049999475479126,13821
2025-02-20,1.7999999523162842,1.809999942779541,1.7300000190734863,1.7999999523162842,3044
2025-02-21,1.75,1.7999999523162842,1.7300000190734863,1.7999999523162842,9404
2025-02-24,1.715000033378601,1.7699999809265137,1.7000000476837158,1.7000000476837158,12789
2025-02-25,1.7000000476837158,1.75,1.7000000476837158,1.7400000095367432,2894
2025-02-26,1.7200000286102295,1.75,1.684999942779541,1.7400000095367432,5190
2025-02-27,1.7300000190734863,1.7300000190734863,1.559999942779541,1.659999966621399,122845
2025-02-28,1.649999976158142,1.649999976158142,1.6399999856948853,1.6399999856948853,5765
2025-03-03,1.6399999856948853,1.684999942779541,1.600000023841858,1.6549999713897705,59170
2025-03-04,1.600000023841858,1.6200000047683716,1.5800000429153442,1.6100000143051147,26242
2025-03-05,1.6150000095367432,1.6399999856948853,1.5800000429153442,1.6299999952316284,49748
2025-03-06,1.625,1.6799999475479126,1.5700000524520874,1.6799999475479126,22793
2025-03-07,1.6150000095367432,1.7200000286102295,1.600000023841858,1.7000000476837158,58446
2025-03-10,1.7000000476837158,1.7050000429153442,1.6200000047683716,1.6799999475479126,90127
2025-03-11,1.6399999856948853,1.7050000429153442,1.6399999856948853,1.7000000476837158,7557
2025-03-12,1.7000000476837158,1.7949999570846558,1.6449999809265137,1.7050000429153442,17900
2025-03-13,1.7000000476837158,1.7050000429153442,1.6449999809265137,1.7050000429153442,20201
2025-03-14,1.6449999809265137,1.7050000429153442,1.6449999809265137,1.6449999809265137,5887
2025-03-17,1.659999966621399,1.7400000095367432,1.6449999809265137,1.7400000095367432,11783
2025-03-18,1.7300000190734863,1.7699999809265137,1.7300000190734863,1.7549999952316284,5592
2025-03-19,1.7450000047683716,1.7450000047683716,1.6699999570846558,1.7400000095367432,5426
2025-03-20,1.6799999475479126,1.7549999952316284,1.6699999570846558,1.715000033378601,5963
2025-03-21,1.715000033378601,1.7649999856948853,1.649999976158142,1.7400000095367432,153208
2025-03-24,1.7000000476837158,1.7599999904632568,1.684999942779541,1.75,5292
2025-03-25,1.659999966621399,1.75,1.659999966621399,1.7450000047683716,818
2025-03-26,1.7450000047683716,1.7450000047683716,1.7400000095367432,1.7450000047683716,3512
2025-03-27,1.7400000095367432,1.7400000095367432,1.7400000095367432,1.7400000095367432,200
2025-03-28,1.7000000476837158,1.7200000286102295,1.659999966621399,1.7200000286102295,1504
2025-03-31,1.6699999570846558,1.75,1.6699999570846558,1.75,1518
2025-04-01,1.7400000095367432,1.7400000095367432,1.6699999570846558,1.7300000190734863,2996
2025-04-02,1.7300000190734863,1.7300000190734863,1.7300000190734863,1.7300000190734863,0
2025-04-03,1.7000000476837158,1.725000023841858,1.7000000476837158,1.725000023841858,125
2025-04-04,1.6799999475479126,1.8300000429153442,1.6799999475479126,1.809999942779541,76621
2025-04-07,1.659999966621399,1.8250000476837158,1.659999966621399,1.8250000476837158,39269
2025-04-08,1.8200000524520874,1.8799999952316284,1.7200000286102295,1.8799999952316284,64593
2025-04-09,1.8799999952316284,1.9249999523162842,1.7400000095367432,1.9199999570846558,25345
2025-04-10,1.8949999809265137,1.9500000476837158,1.7549999952316284,1.940000057220459,20395
2025-04-11,1.8899999856948853,1.9600000381469727,1.8300000429153442,1.9500000476837158,18936
2025-04-14,1.9500000476837158,1.9500000476837158,1.850000023841858,1.9500000476837158,5041
2025-04-15,1.9500000476837158,1.9800000190734863,1.8600000143051147,1.9500000476837158,5797
2025-04-16,1.9700000286102295,1.9900000095367432,1.8550000190734863,1.9900000095367432,7555
2025-04-17,1.9900000095367432,2.109999895095825,1.9500000476837158,2.109999895095825,143605
2025-04-22,2.119999885559082,2.259999990463257,2.0999999046325684,2.240000009536743,34509
2025-04-23,2.2200000286102295,2.25,2.0999999046325684,2.25,69155
2025-04-24,2.069999933242798,2.2899999618530273,2.069999933242798,2.2899999618530273,35074
2025-04-25,2.299999952316284,2.299999952316284,2.259999990463257,2.2699999809265137,8586
2025-04-28,2.2200000286102295,2.299999952316284,2.200000047683716,2.25,5911
2025-04-29,2.259999990463257,2.259999990463257,2.259999990463257,2.259999990463257,318
2025-04-30,2.25,2.259999990463257,2.049999952316284,2.25,17010
2025-05-02,2.25,2.259999990463257,2.25,2.25,163
2025-05-05,2.0899999141693115,2.25,2.0899999141693115,2.190000057220459,71522
2025-05-06,2.0999999046325684,2.2200000286102295,2.0999999046325684,2.1500000953674316,26262
2025-05-07,2.1500000953674316,2.2200000286102295,2.1500000953674316,2.2200000286102295,6315
2025-05-08,2.2200000286102295,2.2200000286102295,2.2200000286102295,2.2200000286102295,1650
2025-05-09,2.25,2.259999990463257,2.1500000953674316,2.259999990463257,3223
2025-05-12,2.259999990463257,2.259999990463257,2.119999885559082,2.240000009536743,2912
2025-05-13,2.119999885559082,2.2200000286102295,2.109999895095825,2.2100000381469727,37700
2025-05-14,2.259999990463257,2.259999990463257,2.1500000953674316,2.25,8110
2025-05-15,2.25,2.25,2.25,2.25,0
2025-05-16,2.25,2.25,2.25,2.25,7
2025-05-19,2.200000047683716,2.2300000190734863,2.1500000953674316,2.2300000190734863,7199
2025-05-20,2.240000009536743,2.240000009536743,2.240000009536743,2.240000009536743,5
2025-05-21,2.240000009536743,2.240000009536743,2.1500000953674316,2.240000009536743,1309
2025-05-22,2.1500000953674316,2.190000057220459,2.0,2.190000057220459,48674
2025-05-23,2.0899999141693115,2.190000057220459,2.0899999141693115,2.190000057220459,216
2025-05-26,2.0899999141693115,2.190000057220459,2.0899999141693115,2.180000066757202,433
2025-05-27,2.180000066757202,2.180000066757202,2.180000066757202,2.180000066757202,9
2025-05-28,2.180000066757202,2.200000047683716,2.1600000858306885,2.200000047683716,9882
2025-05-29,2.0799999237060547,2.2300000190734863,2.0799999237060547,2.2300000190734863,7857
2025-05-30,2.240000009536743,2.2899999618530273,2.1500000953674316,2.1500000953674316,11587
2025-06-02,2.2699999809265137,2.2699999809265137,2.130000114440918,2.25,4576
2025-06-03,2.240000009536743,2.25,2.240000009536743,2.25,3005
2025-06-04,2.25,2.25,2.130000114440918,2.240000009536743,765
2025-06-05,2.130000114440918,2.2300000190734863,2.130000114440918,2.2200000286102295,20711
2025-06-06,2.200000047683716,2.240000009536743,2.200000047683716,2.240000009536743,636
2025-06-09,2.240000009536743,2.2799999713897705,2.140000104904175,2.2699999809265137,8360
2025-06-10,2.2799999713897705,2.2899999618530273,2.240000009536743,2.2799999713897705,31412
2025-06-11,2.2799999713897705,2.299999952316284,2.180000066757202,2.2899999618530273,656
2025-06-12,2.2799999713897705,2.299999952316284,2.2200000286102295,2.25,33520
2025-06-13,2.309999942779541,2.3499999046325684,2.2300000190734863,2.2300000190734863,16313
2025-06-16,2.2899999618530273,2.2899999618530273,2.200000047683716,2.2899999618530273,3530
2025-06-17,2.299999952316284,2.299999952316284,2.299999952316284,2.299999952316284,13807
2025-06-18,2.299999952316284,2.299999952316284,2.1600000858306885,2.2899999618530273,914
2025-06-20,2.2899999618530273,2.2899999618530273,2.2899999618530273,2.2899999618530273,970
2025-06-23,2.1600000858306885,2.2799999713897705,2.1600000858306885,2.259999990463257,3777
2025-06-24,2.259999990463257,2.259999990463257,2.2100000381469727,2.240000009536743,16297
2025-06-25,2.240000009536743,2.259999990463257,2.200000047683716,2.259999990463257,3017
2025-06-26,2.1700000762939453,2.25,2.1600000858306885,2.25,2134
2025-06-27,2.180000066757202,2.259999990463257,2.180000066757202,2.259999990463257,36756
2025-06-30,2.25,2.2899999618530273,2.1600000858306885,2.190000057220459,37087
2025-07-01,2.180000066757202,2.240000009536743,2.180000066757202,2.190000057220459,4466
2025-07-02,2.240000009536743,2.240000009536743,2.0799999237060547,2.200000047683716,10553
2025-07-03,2.1500000953674316,2.200000047683716,2.069999933242798,2.1700000762939453,18784
2025-07-04,2.2100000381469727,2.2100000381469727,2.0799999237060547,2.140000104904175,10376
2025-07-07,2.190000057220459,2.190000057220459,2.059999942779541,2.0799999237060547,26813
2025-07-08,2.059999942779541,2.140000104904175,2.049999952316284,2.069999933242798,18920
2025-07-09,2.190000057220459,2.190000057220459,2.0799999237060547,2.1700000762939453,38933
2025-07-10,2.25,2.25,2.200000047683716,2.200000047683716,695
2025-07-11,2.240000009536743,2.240000009536743,2.2200000286102295,2.2200000286102295,20
2025-07-14,2.0999999046325684,2.200000047683716,2.0799999237060547,2.0799999237060547,12699
2025-07-15,2.190000057220459,2.190000057220459,2.069999933242798,2.180000066757202,2614
2025-07-16,2.180000066757202,2.180000066757202,2.0399999618530273,2.140000104904175,1993
2025-07-17,2.049999952316284,2.1600000858306885,2.049999952316284,2.1600000858306885,2160
2025-07-18,2.1700000762939453,2.190000057220459,2.0799999237060547,2.1600000858306885,2130
2025-07-21,2.180000066757202,2.180000066757202,2.069999933242798,2.180000066757202,3468
2025-07-22,2.059999942779541,2.1700000762939453,2.059999942779541,2.1700000762939453,6675
2025-07-23,2.069999933242798,2.1600000858306885,2.049999952316284,2.130000114440918,20793
2025-07-24,2.140000104904175,2.140000104904175,2.140000104904175,2.140000104904175,1011
2025-07-25,2.0999999046325684,2.140000104904175,2.049999952316284,2.140000104904175,3509
2025-07-28,2.059999942779541,2.1500000953674316,2.059999942779541,2.1500000953674316,65370
2025-07-29,2.1500000953674316,2.25,2.109999895095825,2.109999895095825,38634
2025-07-30,2.25,2.3499999046325684,2.109999895095825,2.240000009536743,20166
2025-07-31,2.319999933242798,2.319999933242798,2.1600000858306885,2.299999952316284,5176
2025-08-01,2.119999885559082,2.259999990463257,2.119999885559082,2.200000047683716,27423
2025-08-04,2.140000104904175,2.240000009536743,2.140000104904175,2.240000009536743,8138
2025-08-05,2.240000009536743,2.2699999809265137,2.140000104904175,2.25,8201
2025-08-06,2.140000104904175,2.3399999141693115,2.140000104904175,2.259999990463257,9218
2025-08-07,2.3399999141693115,2.3399999141693115,2.2799999713897705,2.2899999618530273,245410
2025-08-08,2.2899999618530273,2.2899999618530273,2.2899999618530273,2.2899999618530273,509
2025-08-11,2.2899999618530273,2.2899999618530273,2.2699999809265137,2.2799999713897705,1473
2025-08-12,2.2899999618530273,2.2899999618530273,2.2100000381469727,2.2899999618530273,2148
2025-08-13,2.2799999713897705,2.2799999713897705,2.180000066757202,2.2699999809265137,812
2025-08-14,2.180000066757202,2.180000066757202,2.1700000762939453,2.1700000762939453,3076
2025-08-18,2.259999990463257,2.2699999809265137,2.1700000762939453,2.259999990463257,2251
2025-08-19,2.259999990463257,2.259999990463257,2.180000066757202,2.259999990463257,3898
2025-08-20,2.259999990463257,2.2699999809265137,2.180000066757202,2.25,1423
2025-08-21,2.25,2.25,2.25,2.25,0
2025-08-22,2.259999990463257,2.259999990463257,2.180000066757202,2.259999990463257,3000
2025-08-25,2.2100000381469727,2.25,2.130000114440918,2.25,538
2025-08-26,2.25,2.25,2.25,2.25,245
2025-08-27,2.1600000858306885,2.259999990463257,2.1500000953674316,2.259999990463257,6319
2025-08-28,2.259999990463257,2.259999990463257,2.1500000953674316,2.259999990463257,435
2025-08-29,2.259999990463257,2.259999990463257,2.259999990463257,2.259999990463257,0
2025-09-01,2.259999990463257,2.259999990463257,2.259999990463257,2.259999990463257,0
2025-09-02,2.25,2.259999990463257,2.200000047683716,2.259999990463257,3155
2025-09-03,2.25,2.259999990463257,2.1500000953674316,2.259999990463257,18864
2025-09-04,2.1500000953674316,2.240000009536743,2.1500000953674316,2.240000009536743,295
2025-09-05,2.1600000858306885,2.259999990463257,2.140000104904175,2.140000104904175,2315
2025-09-08,2.140000104904175,2.259999990463257,2.119999885559082,2.2300000190734863,8856
2025-09-09,2.1600000858306885,2.2300000190734863,2.1600000858306885,2.2300000190734863,7350
2025-09-10,2.200000047683716,2.200000047683716,2.200000047683716,2.200000047683716,2000
2025-09-11,2.200000047683716,2.200000047683716,2.200000047683716,2.200000047683716,0
2025-09-12,2.200000047683716,2.240000009536743,2.140000104904175,2.190000057220459,5551
2025-09-15,2.130000114440918,2.299999952316284,2.130000114440918,2.259999990463257,16945
2025-09-16,2.190000057220459,2.25,2.190000057220459,2.25,106
2025-09-17,2.25,2.25,2.25,2.25,0
2025-09-18,2.25,2.25,2.25,2.25,0
2025-09-19,2.190000057220459,2.25,2.190000057220459,2.25,415
2025-09-22,2.25,2.2799999713897705,2.1600000858306885,2.1700000762939453,1053
2025-09-23,2.2100000381469727,2.2799999713897705,2.1700000762939453,2.2799999713897705,55
2025-09-24,2.1500000953674316,2.259999990463257,2.1500000953674316,2.259999990463257,930
2025-09-25,2.259999990463257,2.259999990463257,2.259999990463257,2.259999990463257,5
2025-09-26,2.259999990463257,2.259999990463257,2.259999990463257,2.259999990463257,0
2025-09-29,2.25,2.25,2.25,2.25,32
2025-09-30,2.1700000762939453,2.190000057220459,2.109999895095825,2.190000057220459,2971
2025-10-01,2.2300000190734863,2.240000009536743,2.109999895095825,2.240000009536743,2893
2025-10-02,2.240000009536743,2.240000009536743,2.240000009536743,2.240000009536743,101
2025-10-03,2.240000009536743,2.240000009536743,2.240000009536743,2.240000009536743,0
2025-10-06,2.119999885559082,2.240000009536743,2.119999885559082,2.200000047683716,33296
2025-10-07,2.119999885559082,2.2200000286102295,2.119999885559082,2.200000047683716,666
2025-10-08,2.1500000953674316,2.1500000953674316,2.0899999141693115,2.140000104904175,18261
2025-10-09,2.2200000286102295,2.2200000286102295,2.0799999237060547,2.0799999237060547,2594
2025-10-10,2.0799999237060547,2.259999990463257,2.0799999237060547,2.259999990463257,21217
2025-10-13,2.25,2.259999990463257,2.25,2.259999990463257,131
2025-10-14,2.259999990463257,2.259999990463257,2.119999885559082,2.259999990463257,440
2025-10-15,2.259999990463257,2.2699999809265137,2.109999895095825,2.2699999809265137,4045
2025-10-16,2.2699999809265137,2.2699999809265137,2.140000104904175,2.25,2002
2025-10-17,2.25,2.25,2.25,2.25,0
2025-10-20,2.2699999809265137,2.2699999809265137,2.2699999809265137,2.2699999809265137,300
2025-10-21,2.1700000762939453,2.259999990463257,2.1700000762939453,2.259999990463257,260
2025-10-22,2.25,2.25,2.130000114440918,2.25,2206
2025-10-23,2.25,2.25,2.1500000953674316,2.25,202
2025-10-24,2.25,2.259999990463257,2.25,2.259999990463257,140
2025-10-27,2.259999990463257,2.259999990463257,2.259999990463257,2.259999990463257,100
2025-10-28,2.180000066757202,2.180000066757202,2.140000104904175,2.140000104904175,6591
2025-10-29,2.200000047683716,2.200000047683716,2.130000114440918,2.140000104904175,4030
2025-10-30,2.140000104904175,2.140000104904175,2.140000104904175,2.140000104904175,1091
2025-10-31,2.140000104904175,2.140000104904175,2.049999952316284,2.109999895095825,1345
2025-11-03,2.109999895095825,2.190000057220459,2.109999895095825,2.180000066757202,230
2025-11-04,2.2100000381469727,2.2100000381469727,2.049999952316284,2.180000066757202,10629
2025-11-05,2.180000066757202,2.2100000381469727,2.0899999141693115,2.2100000381469727,1341
2025-11-06,2.200000047683716,2.2100000381469727,2.200000047683716,2.2100000381469727,9
2025-11-07,2.2100000381469727,2.2100000381469727,2.0999999046325684,2.200000047683716,713
2025-11-10,2.200000047683716,2.200000047683716,2.130000114440918,2.130000114440918,975
2025-11-12,2.1700000762939453,2.190000057220459,2.1700000762939453,2.190000057220459,185
2025-11-13,2.180000066757202,2.190000057220459,2.1500000953674316,2.1500000953674316,106
2025-11-14,2.190000057220459,2.190000057220459,2.0999999046325684,2.1700000762939453,428
2025-11-17,2.1700000762939453,2.190000057220459,2.1700000762939453,2.190000057220459,564
2025-11-18,2.190000057220459,2.190000057220459,2.190000057220459,2.190000057220459,0
2025-11-19,2.2100000381469727,2.2100000381469727,2.2100000381469727,2.2100000381469727,50
2025-11-20,2.2100000381469727,2.2100000381469727,2.2100000381469727,2.2100000381469727,0
2025-11-21,2.200000047683716,2.200000047683716,2.1500000953674316,2.1500000953674316,287
2025-11-24,2.130000114440918,2.200000047683716,2.130000114440918,2.200000047683716,1710
2025-11-25,2.0999999046325684,2.200000047683716,2.0999999046325684,2.200000047683716,1485
2025-11-26,2.119999885559082,2.119999885559082,1.909999966621399,2.0999999046325684,4621
2025-11-27,2.1500000953674316,2.1500000953674316,2.009999990463257,2.140000104904175,2849
2025-11-28,2.140000104904175,2.140000104904175,2.119999885559082,2.119999885559082,1507
2025-12-01,2.119999885559082,2.140000104904175,2.049999952316284,2.0999999046325684,6045
2025-12-02,2.109999895095825,2.190000057220459,2.109999895095825,2.180000066757202,288
2025-12-03,2.190000057220459,2.190000057220459,2.0,2.049999952316284,3581
2025-12-04,2.059999942779541,2.180000066757202,2.0,2.0,1440
2025-12-05,2.0,2.1600000858306885,1.9500000476837158,2.059999942779541,3063
2025-12-08,2.059999942779541,2.1500000953674316,2.059999942779541,2.1500000953674316,990
2025-12-09,2.0399999618530273,2.109999895095825,2.009999990463257,2.109999895095825,1876
2025-12-10,2.0899999141693115,2.0899999141693115,2.0899999141693115,2.0899999141693115,30
2025-12-11,2.0199999809265137,2.0199999809265137,1.9299999475479126,1.9299999475479126,1131
2025-12-12,2.0,2.049999952316284,1.909999966621399,2.049999952316284,2565
2025-12-15,2.049999952316284,2.049999952316284,2.0,2.0,89204
2025-12-16,2.0,2.0,1.975000023841858,2.0,25353
2025-12-17,2.0199999809265137,2.0199999809265137,2.0199999809265137,2.0199999809265137,409
2025-12-18,1.9199999570846558,2.0,1.909999966621399,2.0,1078
2025-12-19,2.0,2.0399999618530273,1.8799999952316284,2.0399999618530273,3327
2025-12-22,2.0399999618530273,2.0399999618530273,2.0399999618530273,2.0399999618530273,0
2025-12-23,1.8600000143051147,2.0,1.8600000143051147,1.8650000095367432,10460
2025-12-29,1.8650000095367432,2.0199999809265137,1.8650000095367432,2.0199999809265137,1580
2025-12-30,1.9950000047683716,2.009999990463257,1.899999976158142,1.899999976158142,2111
2026-01-02,1.909999966621399,2.1500000953674316,1.909999966621399,2.0999999046325684,977
2026-01-05,2.0999999046325684,2.0999999046325684,1.9199999570846558,2.0,5747
2026-01-07,2.0799999237060547,2.0999999046325684,2.009999990463257,2.0999999046325684,7655
2026-01-08,2.0299999713897705,2.0999999046325684,1.9249999523162842,2.0999999046325684,3547
2026-01-09,1.965000033378601,2.0999999046325684,1.965000033378601,2.0999999046325684,5346
2026-01-12,2.0999999046325684,2.0999999046325684,1.9600000381469727,2.0899999141693115,2449
2026-01-13,2.009999990463257,2.119999885559082,1.975000023841858,2.0999999046325684,20710
2026-01-14,2.140000104904175,2.190000057220459,2.0,2.0799999237060547,37747
2026-01-15,2.140000104904175,2.140000104904175,1.9800000190734863,2.059999942779541,28600
2026-01-16,2.0,2.0899999141693115,2.0,2.0899999141693115,978
2026-01-19,2.0,2.0799999237060547,1.9800000190734863,2.0799999237060547,7694
2026-01-20,2.0799999237060547,2.0899999141693115,2.009999990463257,2.0899999141693115,2111
2026-01-21,2.0799999237060547,2.180000066757202,2.0,2.180000066757202,34136
2026-01-22,2.180000066757202,2.190000057220459,2.180000066757202,2.180000066757202,3304
2026-01-23,2.180000066757202,2.200000047683716,2.1500000953674316,2.200000047683716,13330
2026-01-26,2.1500000953674316,2.2100000381469727,2.140000104904175,2.2100000381469727,3715
2026-01-27,2.2100000381469727,2.2100000381469727,2.2100000381469727,2.2100000381469727,0
2026-01-28,2.1500000953674316,2.2300000190734863,2.109999895095825,2.2300000190734863,14277
2026-01-29,2.2300000190734863,2.2300000190734863,2.1500000953674316,2.2300000190734863,6679
2026-01-30,2.1600000858306885,2.2100000381469727,2.140000104904175,2.2100000381469727,1037
2026-02-02,2.2100000381469727,2.2100000381469727,2.2100000381469727,2.2100000381469727,0
2026-02-03,2.2100000381469727,2.2100000381469727,2.0999999046325684,2.1700000762939453,1605
2026-02-04,2.140000104904175,2.140000104904175,2.140000104904175,2.140000104904175,60
2026-02-05,2.140000104904175,2.140000104904175,2.140000104904175,2.140000104904175,325
2026-02-06,2.140000104904175,2.140000104904175,2.140000104904175,2.140000104904175,20
2026-02-09,2.069999933242798,2.190000057220459,2.069999933242798,2.190000057220459,3506
2026-02-10,2.1500000953674316,2.190000057220459,2.1500000953674316,2.190000057220459,2980
2026-02-11,2.190000057220459,2.190000057220459,2.190000057220459,2.190000057220459,0
2026-02-12,2.140000104904175,2.190000057220459,2.140000104904175,2.190000057220459,278
2026-02-13,2.190000057220459,2.190000057220459,2.0799999237060547,2.0799999237060547,208
2026-02-16,2.190000057220459,2.190000057220459,2.0799999237060547,2.1700000762939453,1087
2026-02-17,2.1700000762939453,2.1700000762939453,2.0799999237060547,2.1700000762939453,219
2026-02-18,2.1700000762939453,2.1700000762939453,2.1500000953674316,2.1500000953674316,278
2026-02-19,2.059999942779541,2.1500000953674316,2.0299999713897705,2.1500000953674316,1513
2026-02-20,2.059999942779541,2.119999885559082,2.049999952316284,2.119999885559082,2120
2026-02-23,2.0999999046325684,2.1500000953674316,2.0999999046325684,2.1500000953674316,1132
2026-02-24,2.140000104904175,2.140000104904175,2.140000104904175,2.140000104904175,20
2026-02-25,2.049999952316284,2.119999885559082,2.0399999618530273,2.119999885559082,1159
2026-02-26,2.0799999237060547,2.0799999237060547,2.0799999237060547,2.0799999237060547,51
2026-02-27,2.0399999618530273,2.0399999618530273,1.9249999523162842,1.9900000095367432,5550
2026-03-02,2.119999885559082,2.119999885559082,2.0399999618530273,2.0399999618530273,1361
2026-03-03,2.0399999618530273,2.140000104904175,2.0399999618530273,2.140000104904175,1200
2026-03-04,2.119999885559082,2.119999885559082,2.0,2.0999999046325684,356
2026-03-05,2.0999999046325684,2.0999999046325684,2.0999999046325684,2.0999999046325684,63
2026-03-06,2.0999999046325684,2.0999999046325684,2.0999999046325684,2.0999999046325684,29
2026-03-09,2.0999999046325684,2.0999999046325684,1.940000057220459,2.0999999046325684,12545
2026-03-10,2.0999999046325684,2.0999999046325684,2.0999999046325684,2.0999999046325684,463
2026-03-11,1.9700000286102295,2.0999999046325684,1.9600000381469727,2.0999999046325684,4050
2026-03-12,2.0999999046325684,2.0999999046325684,2.0999999046325684,2.0999999046325684,673
2026-03-13,2.0999999046325684,2.0999999046325684,2.049999952316284,2.049999952316284,151
2026-03-16,2.049999952316284,2.049999952316284,2.049999952316284,2.049999952316284,20
2026-03-17,2.0999999046325684,2.0999999046325684,1.9049999713897705,1.9049999713897705,2498
2026-03-18,2.0799999237060547,2.0799999237060547,2.0799999237060547,2.0799999237060547,150
2026-03-19,2.069999933242798,2.069999933242798,1.909999966621399,2.049999952316284,1651
2026-03-20,2.0299999713897705,2.0399999618530273,2.0299999713897705,2.0399999618530273,410
2026-03-23,1.909999966621399,2.0299999713897705,1.909999966621399,2.0299999713897705,301
2026-03-24,2.0199999809265137,2.0199999809265137,1.9199999570846558,1.9199999570846558,1677
2026-03-25,1.9199999570846558,2.009999990463257,1.9199999570846558,2.009999990463257,102
2026-03-26,2.009999990463257,2.0299999713897705,2.009999990463257,2.0299999713897705,635
2026-03-27,1.9199999570846558,2.0999999046325684,1.9199999570846558,2.0999999046325684,603
2026-03-30,1.9199999570846558,2.0399999618530273,1.9199999570846558,2.0,1681
2026-03-31,2.0899999141693115,2.0899999141693115,1.9299999475479126,1.9900000095367432,2925
2026-04-01,1.9199999570846558,2.0899999141693115,1.9199999570846558,2.0899999141693115,764
2026-04-02,1.909999966621399,2.0399999618530273,1.840000033378601,2.0399999618530273,12548
2026-04-07,2.0399999618530273,2.0399999618530273,1.9049999713897705,2.0299999713897705,1267
2026-04-08,2.009999990463257,2.009999990463257,1.8799999952316284,2.009999990463257,5890
2026-04-09,2.009999990463257,2.009999990463257,2.0,2.0,122
2026-04-10,2.0,2.0,2.0,2.0,50
2026-04-13,2.0,2.0,1.9950000047683716,1.9950000047683716,75
2026-04-14,1.8849999904632568,2.0,1.8450000286102295,2.0,10951
2026-04-15,2.0,2.0,1.8600000143051147,1.9600000381469727,10401
2026-04-16,1.9500000476837158,1.9600000381469727,1.8799999952316284,1.9600000381469727,33641
2026-04-17,1.9049999713897705,1.9600000381469727,1.9049999713897705,1.9600000381469727,239
2026-04-20,1.9600000381469727,1.9600000381469727,1.9600000381469727,1.9600000381469727,1048
2026-04-21,1.9600000381469727,1.9600000381469727,1.7649999856948853,1.8550000190734863,105239
2026-04-22,1.850000023841858,1.850000023841858,1.8049999475479126,1.850000023841858,31024
2026-04-23,1.850000023841858,1.8650000095367432,1.850000023841858,1.8650000095367432,2262
2026-04-24,1.8650000095367432,1.8700000047683716,1.774999976158142,1.8700000047683716,824
2026-04-27,1.8700000047683716,1.8700000047683716,1.774999976158142,1.8350000381469727,914
2026-04-28,1.8350000381469727,1.8350000381469727,1.8350000381469727,1.8350000381469727,150
2026-04-29,1.8350000381469727,1.8350000381469727,1.8350000381469727,1.8350000381469727,281
2026-04-30,1.840000033378601,1.840000033378601,1.840000033378601,1.840000033378601,50
2026-05-04,1.840000033378601,1.840000033378601,1.774999976158142,1.7999999523162842,1514
2026-05-05,1.840000033378601,1.9600000381469727,1.840000033378601,1.9600000381469727,490
2026-05-06,1.9600000381469727,1.9600000381469727,1.9600000381469727,1.9600000381469727,102
2026-05-07,1.9600000381469727,1.9600000381469727,1.9600000381469727,1.9600000381469727,300
2026-05-08,1.9450000524520874,1.9450000524520874,1.7899999618530273,1.9450000524520874,2981
2026-05-11,1.9450000524520874,1.9450000524520874,1.899999976158142,1.9450000524520874,1363
2026-05-12,1.9450000524520874,1.9600000381469727,1.7799999713897705,1.940000057220459,1310
2026-05-13,2.069999933242798,2.069999933242798,1.7999999523162842,1.940000057220459,6491
2026-05-14,1.9800000190734863,1.9800000190734863,1.7899999618530273,1.9199999570846558,1886
2026-05-15,1.9199999570846558,1.9199999570846558,1.7999999523162842,1.9199999570846558,1481
2026-05-18,1.9199999570846558,1.9199999570846558,1.7799999713897705,1.8949999809265137,3409
2026-05-19,1.8949999809265137,1.8949999809265137,1.8949999809265137,1.8949999809265137,344
2026-05-20,1.7899999618530273,1.8799999952316284,1.715000033378601,1.7949999570846558,106077
2026-05-21,1.7649999856948853,1.9049999713897705,1.7649999856948853,1.7999999523162842,1515
2026-05-22,1.8949999809265137,1.8949999809265137,1.8949999809265137,1.8949999809265137,30
2026-05-25,1.8949999809265137,1.8949999809265137,1.7100000381469727,1.8949999809265137,1953
2026-05-26,1.7200000286102295,1.7699999809265137,1.7200000286102295,1.7200000286102295,3670
2026-05-27,1.8600000143051147,1.875,1.7200000286102295,1.875,6058
2026-05-28,1.875,1.875,1.7100000381469727,1.809999942779541,14158
2026-05-29,1.7050000429153442,1.7400000095367432,1.659999966621399,1.7400000095367432,11935
2026-06-01,1.649999976158142,1.7200000286102295,1.600000023841858,1.7200000286102295,1614
2026-06-02,1.7300000190734863,1.7300000190734863,1.5750000476837158,1.7100000381469727,3156
2026-06-03,1.6449999809265137,1.75,1.6449999809265137,1.7400000095367432,5050
2026-06-05,1.7400000095367432,1.7450000047683716,1.6200000047683716,1.7450000047683716,669
2026-06-08,1.7400000095367432,1.899999976158142,1.5750000476837158,1.625,9084
2026-06-09,1.659999966621399,1.7200000286102295,1.5,1.5,45635
2026-06-10,1.5549999475479126,1.6699999570846558,1.399999976158142,1.5,45058
2026-06-11,1.649999976158142,1.649999976158142,1.5,1.649999976158142,11927
2026-06-12,1.625,1.6349999904632568,1.4700000286102295,1.5,6566
2026-06-15,1.5,1.5800000429153442,1.5,1.5800000429153442,1065
2026-06-16,1.600000023841858,1.600000023841858,1.5750000476837158,1.5750000476837158,68
2026-06-17,1.5700000524520874,1.5700000524520874,1.5,1.559999942779541,907
2026-06-18,1.559999942779541,1.559999942779541,1.4199999570846558,1.4199999570846558,522
2026-06-19,1.5449999570846558,1.5449999570846558,1.4500000476837158,1.5299999713897705,1841
2026-06-22,1.5299999713897705,1.5499999523162842,1.4299999475479126,1.5,3138
2026-06-23,1.4500000476837158,1.4500000476837158,1.4500000476837158,1.4500000476837158,61
2026-06-24,1.4450000524520874,1.6349999904632568,1.4450000524520874,1.590000033378601,1996
2026-06-25,1.590000033378601,1.590000033378601,1.5499999523162842,1.5850000381469727,1008
2026-06-26,1.5800000429153442,1.5800000429153442,1.4249999523162842,1.565000057220459,4302
2026-06-29,1.565000057220459,1.565000057220459,1.4199999570846558,1.5,103
2026-06-30,1.5,1.5299999713897705,1.3899999856948853,1.3899999856948853,17436
2026-07-01,1.3899999856948853,1.3949999809265137,1.2699999809265137,1.274999976158142,6341
2026-07-02,1.4450000524520874,1.5299999713897705,1.350000023841858,1.5299999713897705,10833
2026-07-03,1.5299999713897705,1.5299999713897705,1.5299999713897705,1.5299999713897705,1091
2026-07-06,1.5199999809265137,1.5299999713897705,1.5199999809265137,1.5299999713897705,98
2026-07-07,1.534999966621399,1.5449999570846558,1.3949999809265137,1.5299999713897705,770
2026-07-08,1.5299999713897705,1.5299999713897705,1.5299999713897705,1.5299999713897705,0
2026-07-09,1.5299999713897705,1.5299999713897705,1.5299999713897705,1.5299999713897705,0
2026-07-10,1.399999976158142,1.5800000429153442,1.3949999809265137,1.3949999809265137,18739
2026-07-13,1.4850000143051147,1.600000023841858,1.4850000143051147,1.5850000381469727,9096
2026-07-14,1.4450000524520874,1.475000023841858,1.4249999523162842,1.4299999475479126,53242
2026-07-15,1.4299999475479126,1.4299999475479126,1.4299999475479126,1.4299999475479126,650
2026-07-16,1.3899999856948853,1.5,1.3849999904632568,1.5,3982
2026-07-17,1.5,1.5,1.5,1.5,0
2026-07-20,1.4199999570846558,1.475000023841858,1.3700000047683716,1.375,11962
2026-07-21,1.375,1.399999976158142,1.375,1.399999976158142,28986
2026-07-22,1.4700000286102295,1.4700000286102295,1.4700000286102295,1.4700000286102295,34
2026-07-23,1.4700000286102295,1.4700000286102295,1.399999976158142,1.4199999570846558,8073
2026-07-24,1.4199999570846558,1.5099999904632568,1.4199999570846558,1.4500000476837158,16763
2026-07-27,1.399999976158142,1.4149999618530273,1.399999976158142,1.4149999618530273,45
2026-07-28,1.4149999618530273,1.4149999618530273,1.4149999618530273,1.4149999618530273,2415
2026-07-29,1.409999966621399,1.4800000190734863,1.3799999952316284,1.4800000190734863,23465
2026-07-30,1.4500000476837158,1.4500000476837158,1.4500000476837158,1.4500000476837158,900
2026-07-31,1.4800000190734863,1.5,1.399999976158142,1.5,184
2026-08-03,1.5,1.5099999904632568,1.5,1.5099999904632568,3600
2026-08-04,1.5099999904632568,1.5099999904632568,1.4600000381469727,1.4600000381469727,5371
2026-08-05,1.4700000286102295,1.5099999904632568,1.4299999475479126,1.5099999904632568,1127
2026-08-06,1.5,1.5,1.4199999570846558,1.4900000095367432,9034
2026-08-07,1.4249999523162842,1.5099999904632568,1.4249999523162842,1.5099999904632568,198
2026-08-10,1.5,1.5099999904632568,1.4199999570846558,1.5099999904632568,10026
2026-08-11,1.5199999809265137,1.5299999713897705,1.4500000476837158,1.5299999713897705,8695
2026-08-12,1.5399999618530273,1.5399999618530273,1.5199999809265137,1.5199999809265137,510
2026-08-13,1.5399999618530273,1.5399999618530273,1.5399999618530273,1.5399999618530273,10
2026-08-14,1.5199999809265137,1.5199999809265137,1.409999966621399,1.4700000286102295,17468
2026-08-17,1.5199999809265137,1.5199999809265137,1.4299999475479126,1.5199999809265137,28
2026-08-18,1.4299999475479126,1.5149999856948853,1.4299999475479126,1.5149999856948853,22120
2026-08-19,1.4500000476837158,1.5149999856948853,1.4299999475479126,1.4299999475479126,14498
2026-08-20,1.4900000095367432,1.5199999809265137,1.4800000190734863,1.4800000190734863,9093
2026-08-21,1.5199999809265137,1.5199999809265137,1.5099999904632568,1.5099999904632568,715
2026-08-24,1.5199999809265137,1.5199999809265137,1.5099999904632568,1.5099999904632568,127
2026-08-25,1.5099999904632568,1.5099999904632568,1.4700000286102295,1.5099999904632568,770
2026-08-26,1.5099999904632568,1.5099999904632568,1.5,1.5,135
2026-08-27,1.4600000381469727,1.4700000286102295,1.4199999570846558,1.4700000286102295,516
2026-08-28,1.5,1.5,1.4199999570846558,1.4700000286102295,3114
2026-08-31,1.4149999618530273,1.4900000095367432,1.399999976158142,1.4900000095367432,12817
2026-09-01,1.4900000095367432,1.4900000095367432,1.3899999856948853,1.3899999856948853,11303
2026-09-02,1.4199999570846558,1.559999942779541,1.3799999952316284,1.559999942779541,95261
2026-09-03,1.559999942779541,1.559999942779541,1.4850000143051147,1.559999942779541,12246
2026-09-04,1.559999942779541,1.6349999904632568,1.5499999523162842,1.600000023841858,2963
2026-09-08,1.600000023841858,1.600000023841858,1.4700000286102295,1.5499999523162842,9471
2026-09-09,1.5299999713897705,1.5299999713897705,1.4700000286102295,1.5299999713897705,2589
2026-09-10,1.5299999713897705,1.5299999713897705,1.4700000286102295,1.475000023841858,7518
2026-09-11,1.5199999809265137,1.5199999809265137,1.4500000476837158,1.5199999809265137,6317
2026-09-14,1.4900000095367432,1.4900000095367432,1.4049999713897705,1.4850000143051147,4025
2026-09-15,1.465000033378601,1.5299999713897705,1.409999966621399,1.5299999713897705,12449
