date,open,high,low,close,volume
2021-09-17,3.4700000286102295,3.4700000286102295,3.4100000858306885,3.450000047683716,4566
2021-09-20,3.4100000858306885,3.4100000858306885,3.2799999713897705,3.2899999618530273,38180
2021-09-21,3.2899999618530273,3.4200000762939453,3.2899999618530273,3.299999952316284,11245
2021-09-22,3.319999933242798,3.390000104904175,3.319999933242798,3.390000104904175,3633
2021-09-23,3.359999895095825,3.359999895095825,3.3399999141693115,3.3399999141693115,3255
2021-09-24,3.3499999046325684,3.359999895095825,3.3399999141693115,3.3399999141693115,6157
2021-09-27,3.3399999141693115,3.4000000953674316,3.3399999141693115,3.3499999046325684,19003
2021-09-28,3.3499999046325684,3.359999895095825,3.3399999141693115,3.3499999046325684,10293
2021-09-29,3.3399999141693115,3.3499999046325684,3.3399999141693115,3.3399999141693115,15302
2021-09-30,3.3499999046325684,3.4000000953674316,3.3499999046325684,3.359999895095825,7262
2021-10-01,3.359999895095825,3.369999885559082,3.359999895095825,3.359999895095825,6719
2021-10-04,3.390000104904175,3.5,3.390000104904175,3.4600000381469727,9590
2021-10-05,3.4700000286102295,3.490000009536743,3.4000000953674316,3.490000009536743,3024
2021-10-06,3.4800000190734863,3.4800000190734863,3.4000000953674316,3.4200000762939453,7054
2021-10-07,3.440000057220459,3.4600000381469727,3.430000066757202,3.430000066757202,12454
2021-10-08,3.430000066757202,3.4700000286102295,3.369999885559082,3.4600000381469727,15924
2021-10-11,3.4600000381469727,3.559999942779541,3.4600000381469727,3.559999942779541,33071
2021-10-12,3.5799999237060547,3.5799999237060547,3.4800000190734863,3.569999933242798,10272
2021-10-13,3.569999933242798,3.569999933242798,3.509999990463257,3.509999990463257,7989
2021-10-14,3.509999990463257,3.549999952316284,3.509999990463257,3.5199999809265137,4025
2021-10-15,3.559999942779541,3.5999999046325684,3.509999990463257,3.5999999046325684,13586
2021-10-18,3.5999999046325684,3.619999885559082,3.559999942779541,3.559999942779541,8304
2021-10-19,3.5199999809265137,3.5799999237060547,3.509999990463257,3.509999990463257,8496
2021-10-20,3.549999952316284,3.549999952316284,3.4700000286102295,3.4700000286102295,7879
2021-10-21,3.5,3.5,3.450000047683716,3.450000047683716,5272
2021-10-22,3.450000047683716,3.450000047683716,3.3499999046325684,3.430000066757202,8322
2021-10-25,3.4000000953674316,3.4000000953674316,3.359999895095825,3.4000000953674316,26729
2021-10-26,3.390000104904175,3.4200000762939453,3.359999895095825,3.4200000762939453,5607
2021-10-27,3.380000114440918,3.4100000858306885,3.3399999141693115,3.390000104904175,5339
2021-10-28,3.390000104904175,3.4700000286102295,3.359999895095825,3.4700000286102295,14380
2021-10-29,3.450000047683716,3.450000047683716,3.369999885559082,3.450000047683716,4421
2021-11-02,3.4200000762939453,3.430000066757202,3.380000114440918,3.4000000953674316,25621
2021-11-03,3.4000000953674316,3.4000000953674316,3.359999895095825,3.369999885559082,8640
2021-11-04,3.380000114440918,3.4100000858306885,3.359999895095825,3.4100000858306885,33355
2021-11-05,3.390000104904175,3.4000000953674316,3.3499999046325684,3.390000104904175,3989
2021-11-08,3.4000000953674316,3.4000000953674316,3.380000114440918,3.380000114440918,2850
2021-11-09,3.380000114440918,3.4000000953674316,3.3499999046325684,3.4000000953674316,18060
2021-11-10,3.4000000953674316,3.4000000953674316,3.3399999141693115,3.380000114440918,18579
2021-11-12,3.3499999046325684,3.4000000953674316,3.3499999046325684,3.380000114440918,5730
2021-11-15,3.369999885559082,3.380000114440918,3.3399999141693115,3.3499999046325684,8210
2021-11-16,3.369999885559082,3.369999885559082,3.299999952316284,3.3299999237060547,12044
2021-11-17,3.299999952316284,3.299999952316284,3.119999885559082,3.240000009536743,24235
2021-11-18,3.2300000190734863,3.25,3.190000057220459,3.2300000190734863,17093
2021-11-19,3.2300000190734863,3.25,3.109999895095825,3.200000047683716,22344
2021-11-22,3.200000047683716,3.200000047683716,3.1700000762939453,3.1700000762939453,5294
2021-11-23,3.119999885559082,3.180000066757202,3.0999999046325684,3.1500000953674316,17231
2021-11-24,3.1600000858306885,3.200000047683716,3.1600000858306885,3.200000047683716,7645
2021-11-25,3.180000066757202,3.25,3.180000066757202,3.240000009536743,11235
2021-11-26,3.25,3.25,3.180000066757202,3.200000047683716,16966
2021-11-29,3.1500000953674316,3.200000047683716,3.1500000953674316,3.200000047683716,5271
2021-11-30,3.190000057220459,3.200000047683716,3.1700000762939453,3.1700000762939453,3698
2021-12-01,3.190000057220459,3.2300000190734863,3.1700000762939453,3.2200000286102295,2005
2021-12-02,3.2200000286102295,3.2200000286102295,3.190000057220459,3.190000057220459,200
2021-12-03,3.200000047683716,3.259999990463257,3.200000047683716,3.2100000381469727,1530
2021-12-06,3.200000047683716,3.240000009536743,3.180000066757202,3.180000066757202,2832
2021-12-07,3.200000047683716,3.2200000286102295,3.180000066757202,3.190000057220459,7966
2021-12-08,3.200000047683716,3.2100000381469727,3.180000066757202,3.200000047683716,15279
2021-12-09,3.200000047683716,3.200000047683716,3.1500000953674316,3.190000057220459,12399
2021-12-10,3.200000047683716,3.200000047683716,3.049999952316284,3.049999952316284,45135
2021-12-13,3.0299999713897705,3.059999942779541,3.0299999713897705,3.0299999713897705,50829
2021-12-14,3.0199999809265137,3.0199999809265137,2.9000000953674316,2.950000047683716,63531
2021-12-15,2.930000066757202,2.950000047683716,2.869999885559082,2.890000104904175,23974
2021-12-16,2.940000057220459,2.950000047683716,2.8399999141693115,2.9000000953674316,24680
2021-12-17,2.9000000953674316,2.9000000953674316,2.869999885559082,2.9000000953674316,3620
2021-12-20,2.9100000858306885,2.9100000858306885,2.8499999046325684,2.8499999046325684,15383
2021-12-21,2.859999895095825,2.9000000953674316,2.8399999141693115,2.8399999141693115,73664
2021-12-22,2.8399999141693115,2.880000114440918,2.819999933242798,2.8399999141693115,30751
2021-12-23,2.8399999141693115,2.9200000762939453,2.819999933242798,2.8499999046325684,56748
2021-12-27,2.8399999141693115,2.8399999141693115,2.759999990463257,2.799999952316284,32404
2021-12-28,2.7899999618530273,2.7899999618530273,2.6500000953674316,2.7100000381469727,24169
2021-12-29,2.75,2.819999933242798,2.7300000190734863,2.7699999809265137,5030
2021-12-30,2.7699999809265137,2.7699999809265137,2.7300000190734863,2.740000009536743,15786
2022-01-03,2.75,2.8299999237060547,2.75,2.819999933242798,49162
2022-01-04,2.859999895095825,2.9700000286102295,2.859999895095825,2.940000057220459,18221
2022-01-05,2.9800000190734863,3.009999990463257,2.940000057220459,2.990000009536743,5264
2022-01-07,2.990000009536743,3.0799999237060547,2.990000009536743,3.069999933242798,11786
2022-01-10,3.0899999141693115,3.1600000858306885,3.009999990463257,3.009999990463257,9119
2022-01-11,2.930000066757202,3.0799999237060547,2.930000066757202,3.0199999809265137,2764
2022-01-12,3.0199999809265137,3.109999895095825,3.0,3.109999895095825,15399
2022-01-13,3.069999933242798,3.0899999141693115,3.0199999809265137,3.0199999809265137,6184
2022-01-14,3.009999990463257,3.0299999713897705,3.009999990463257,3.0199999809265137,4411
2022-01-17,3.0199999809265137,3.0199999809265137,3.0,3.0,3193
2022-01-18,3.009999990463257,3.009999990463257,3.0,3.009999990463257,3356
2022-01-19,3.0399999618530273,3.0999999046325684,3.0399999618530273,3.0399999618530273,11429
2022-01-20,3.0799999237060547,3.0799999237060547,3.0399999618530273,3.0399999618530273,4540
2022-01-21,3.0199999809265137,3.0199999809265137,2.990000009536743,2.990000009536743,1908
2022-01-24,2.990000009536743,2.990000009536743,2.809999942779541,2.809999942779541,21064
2022-01-25,2.799999952316284,2.859999895095825,2.7799999713897705,2.859999895095825,10745
2022-01-26,2.8499999046325684,2.890000104904175,2.8499999046325684,2.880000114440918,1906
2022-01-27,2.8499999046325684,2.859999895095825,2.75,2.809999942779541,13403
2022-01-28,2.799999952316284,2.799999952316284,2.75,2.75,12258
2022-01-31,2.75,2.7799999713897705,2.740000009536743,2.75,30438
2022-02-01,2.75,2.7899999618530273,2.7300000190734863,2.7300000190734863,19650
2022-02-02,2.75,2.799999952316284,2.7200000286102295,2.7200000286102295,30685
2022-02-03,2.740000009536743,2.75,2.7300000190734863,2.740000009536743,8113
2022-02-04,2.740000009536743,2.759999990463257,2.7200000286102295,2.75,25003
2022-02-07,2.75,2.759999990463257,2.700000047683716,2.700000047683716,8300
2022-02-08,2.7200000286102295,2.8299999237060547,2.7100000381469727,2.7200000286102295,23396
2022-02-09,2.7300000190734863,2.7799999713897705,2.7300000190734863,2.7799999713897705,4150
2022-02-10,2.7699999809265137,2.8499999046325684,2.740000009536743,2.7699999809265137,53176
2022-02-11,2.7799999713897705,2.7799999713897705,2.7100000381469727,2.75,10042
2022-02-14,2.7200000286102295,2.7200000286102295,2.640000104904175,2.640000104904175,17340
2022-02-15,2.630000114440918,2.75,2.630000114440918,2.75,25602
2022-02-16,2.740000009536743,2.75,2.700000047683716,2.700000047683716,8121
2022-02-17,2.7300000190734863,2.740000009536743,2.6600000858306885,2.6600000858306885,14344
2022-02-18,2.680000066757202,2.680000066757202,2.640000104904175,2.640000104904175,17397
2022-02-21,2.690000057220459,2.690000057220459,2.4800000190734863,2.549999952316284,26742
2022-02-22,2.5399999618530273,2.5999999046325684,2.509999990463257,2.509999990463257,41379
2022-02-23,2.549999952316284,2.6700000762939453,2.549999952316284,2.549999952316284,22439
2022-02-24,2.4000000953674316,2.4000000953674316,2.2300000190734863,2.319999933242798,38415
2022-02-25,2.380000114440918,2.490000009536743,2.309999942779541,2.490000009536743,34637
2022-02-28,2.5999999046325684,2.6500000953674316,2.5999999046325684,2.5999999046325684,11711
2022-03-01,2.559999942779541,2.5899999141693115,2.490000009536743,2.5,27831
2022-03-02,2.5,3.0199999809265137,2.4800000190734863,2.759999990463257,268980
2022-03-03,2.950000047683716,3.009999990463257,2.700000047683716,2.809999942779541,81353
2022-03-04,2.809999942779541,2.8299999237060547,2.6500000953674316,2.75,50771
2022-03-07,2.700000047683716,2.799999952316284,2.559999942779541,2.6700000762939453,69060
2022-03-08,2.700000047683716,2.75,2.5999999046325684,2.6500000953674316,20375
2022-03-09,2.640000104904175,2.700000047683716,2.4100000858306885,2.549999952316284,103094
2022-03-10,2.5999999046325684,2.609999895095825,2.509999990463257,2.509999990463257,27844
2022-03-11,2.5399999618530273,2.549999952316284,2.5,2.549999952316284,18342
2022-03-14,2.5399999618530273,2.700000047683716,2.5399999618530273,2.630000114440918,31489
2022-03-15,2.619999885559082,2.6600000858306885,2.5999999046325684,2.5999999046325684,24093
2022-03-16,2.609999895095825,2.7300000190734863,2.609999895095825,2.7100000381469727,13736
2022-03-17,2.740000009536743,2.7799999713897705,2.640000104904175,2.700000047683716,19242
2022-03-18,2.690000057220459,3.0999999046325684,2.640000104904175,2.799999952316284,401689
2022-03-21,2.880000114440918,2.9000000953674316,2.690000057220459,2.740000009536743,70780
2022-03-22,2.740000009536743,2.7699999809265137,2.640000104904175,2.700000047683716,50261
2022-03-23,2.700000047683716,2.7300000190734863,2.6500000953674316,2.690000057220459,40504
2022-03-24,2.700000047683716,2.7100000381469727,2.609999895095825,2.6600000858306885,41084
2022-03-25,2.6700000762939453,2.8399999141693115,2.640000104904175,2.8399999141693115,153312
2022-03-28,2.799999952316284,2.950000047683716,2.799999952316284,2.859999895095825,77079
2022-03-29,2.9200000762939453,2.930000066757202,2.799999952316284,2.869999885559082,47400
2022-03-30,2.880000114440918,2.890000104904175,2.819999933242798,2.869999885559082,11742
2022-03-31,2.869999885559082,2.869999885559082,2.809999942779541,2.8299999237060547,14878
2022-04-01,2.8399999141693115,2.8499999046325684,2.7799999713897705,2.8299999237060547,21814
2022-04-04,2.869999885559082,2.869999885559082,2.7799999713897705,2.809999942779541,15952
2022-04-05,2.8299999237060547,2.8299999237060547,2.690000057220459,2.7100000381469727,55421
2022-04-06,2.690000057220459,2.690000057220459,2.5999999046325684,2.609999895095825,51026
2022-04-07,2.640000104904175,2.700000047683716,2.640000104904175,2.640000104904175,26757
2022-04-08,2.640000104904175,2.690000057220459,2.619999885559082,2.680000066757202,8937
2022-04-11,2.630000114440918,2.7899999618530273,2.630000114440918,2.6600000858306885,81997
2022-04-12,2.690000057220459,2.7100000381469727,2.6600000858306885,2.700000047683716,32724
2022-04-13,2.700000047683716,2.700000047683716,2.6500000953674316,2.680000066757202,13561
2022-04-14,2.690000057220459,2.690000057220459,2.559999942779541,2.640000104904175,54577
2022-04-19,2.640000104904175,2.640000104904175,2.5999999046325684,2.630000114440918,20305
2022-04-20,2.630000114440918,2.6700000762939453,2.5999999046325684,2.630000114440918,15137
2022-04-21,2.609999895095825,2.630000114440918,2.5899999141693115,2.5899999141693115,10690
2022-04-22,2.5899999141693115,2.619999885559082,2.559999942779541,2.5999999046325684,8944
2022-04-25,2.559999942779541,2.5799999237060547,2.5399999618530273,2.569999933242798,7677
2022-04-26,2.569999933242798,2.569999933242798,2.509999990463257,2.5199999809265137,14375
2022-04-27,2.509999990463257,2.559999942779541,2.509999990463257,2.559999942779541,8210
2022-04-28,2.559999942779541,2.569999933242798,2.509999990463257,2.559999942779541,6808
2022-04-29,2.569999933242798,2.569999933242798,2.5199999809265137,2.559999942779541,13748
2022-05-02,2.5199999809265137,2.5299999713897705,2.4700000286102295,2.5299999713897705,16376
2022-05-04,2.5299999713897705,2.5399999618530273,2.5,2.5299999713897705,6812
2022-05-05,2.549999952316284,2.559999942779541,2.5,2.559999942779541,36311
2022-05-06,2.5199999809265137,2.5399999618530273,2.490000009536743,2.5299999713897705,15216
2022-05-09,2.5299999713897705,2.549999952316284,2.5,2.5299999713897705,11116
2022-05-10,2.5299999713897705,2.5299999713897705,2.4800000190734863,2.5199999809265137,2587
2022-05-11,2.5199999809265137,2.5899999141693115,2.490000009536743,2.569999933242798,16127
2022-05-12,2.5,2.5399999618530273,2.4600000381469727,2.5199999809265137,9299
2022-05-13,2.509999990463257,2.5799999237060547,2.509999990463257,2.5399999618530273,4321
2022-05-16,2.559999942779541,2.569999933242798,2.549999952316284,2.569999933242798,5191
2022-05-17,2.569999933242798,2.5999999046325684,2.5399999618530273,2.5999999046325684,8648
2022-05-18,2.5799999237060547,2.5899999141693115,2.549999952316284,2.5899999141693115,11421
2022-05-19,2.559999942779541,2.5999999046325684,2.549999952316284,2.5799999237060547,10795
2022-05-20,2.5799999237060547,2.680000066757202,2.5799999237060547,2.6700000762939453,11776
2022-05-23,2.6700000762939453,2.6700000762939453,2.5899999141693115,2.640000104904175,5871
2022-05-24,2.640000104904175,2.6500000953674316,2.5899999141693115,2.640000104904175,4215
2022-05-25,2.640000104904175,2.640000104904175,2.609999895095825,2.630000114440918,748
2022-05-26,2.640000104904175,2.640000104904175,2.5999999046325684,2.640000104904175,1028
2022-05-27,2.640000104904175,2.640000104904175,2.559999942779541,2.640000104904175,6211
2022-05-30,2.640000104904175,2.6700000762939453,2.5999999046325684,2.6700000762939453,4061
2022-05-31,2.640000104904175,2.6500000953674316,2.640000104904175,2.6500000953674316,3279
2022-06-01,2.6500000953674316,2.6500000953674316,2.5999999046325684,2.640000104904175,1987
2022-06-02,2.5999999046325684,2.6600000858306885,2.5999999046325684,2.630000114440918,5869
2022-06-03,2.6700000762939453,2.6700000762939453,2.5999999046325684,2.6600000858306885,9545
2022-06-06,2.6600000858306885,2.6600000858306885,2.609999895095825,2.640000104904175,6451
2022-06-07,2.640000104904175,2.640000104904175,2.5999999046325684,2.630000114440918,2869
2022-06-08,2.640000104904175,2.640000104904175,2.5999999046325684,2.619999885559082,1615
2022-06-09,2.619999885559082,2.630000114440918,2.5799999237060547,2.5799999237060547,1633
2022-06-10,2.5799999237060547,2.5999999046325684,2.549999952316284,2.5999999046325684,7425
2022-06-13,2.549999952316284,2.569999933242798,2.5299999713897705,2.569999933242798,12015
2022-06-14,2.5199999809265137,2.549999952316284,2.4600000381469727,2.549999952316284,6588
2022-06-15,2.569999933242798,2.569999933242798,2.509999990463257,2.569999933242798,573
2022-06-17,2.569999933242798,2.569999933242798,2.5299999713897705,2.5299999713897705,1712
2022-06-20,2.5199999809265137,2.5299999713897705,2.5,2.5299999713897705,1305
2022-06-21,2.5399999618530273,2.5399999618530273,2.509999990463257,2.5399999618530273,1676
2022-06-22,2.5399999618530273,2.5399999618530273,2.5299999713897705,2.5299999713897705,1655
2022-06-23,2.5,2.5199999809265137,2.5,2.5199999809265137,860
2022-06-24,2.490000009536743,2.5,2.440000057220459,2.490000009536743,6513
2022-06-27,2.490000009536743,2.5,2.490000009536743,2.5,3740
2022-06-28,2.5,2.5,2.4700000286102295,2.4700000286102295,2671
2022-06-29,2.5,2.5799999237060547,2.490000009536743,2.5799999237060547,13406
2022-06-30,2.5199999809265137,2.569999933242798,2.5199999809265137,2.559999942779541,800
2022-07-01,2.509999990463257,2.7200000286102295,2.509999990463257,2.5999999046325684,51803
2022-07-04,2.619999885559082,2.619999885559082,2.559999942779541,2.609999895095825,1499
2022-07-05,2.5899999141693115,2.5999999046325684,2.5399999618530273,2.5399999618530273,5560
2022-07-06,2.5199999809265137,2.5399999618530273,2.4800000190734863,2.509999990463257,8767
2022-07-07,2.559999942779541,2.559999942779541,2.5,2.549999952316284,13350
2022-07-08,2.549999952316284,2.640000104904175,2.549999952316284,2.609999895095825,10345
2022-07-11,2.609999895095825,2.609999895095825,2.569999933242798,2.5999999046325684,1271
2022-07-12,2.559999942779541,2.630000114440918,2.559999942779541,2.619999885559082,2202
2022-07-13,2.630000114440918,2.630000114440918,2.559999942779541,2.5999999046325684,3298
2022-07-14,2.5799999237060547,2.630000114440918,2.5799999237060547,2.630000114440918,1970
2022-07-15,2.630000114440918,2.640000104904175,2.569999933242798,2.5999999046325684,3391
2022-07-18,2.5899999141693115,2.6500000953674316,2.5899999141693115,2.6500000953674316,9306
2022-07-19,2.5799999237060547,2.6500000953674316,2.5799999237060547,2.6500000953674316,10801
2022-07-20,2.619999885559082,2.690000057220459,2.619999885559082,2.690000057220459,9027
2022-07-21,2.569999933242798,2.619999885559082,2.5399999618530273,2.5999999046325684,15986
2022-07-22,2.5799999237060547,2.640000104904175,2.559999942779541,2.609999895095825,3358
2022-07-25,2.640000104904175,2.640000104904175,2.559999942779541,2.609999895095825,23961
2022-07-26,2.5799999237060547,2.5899999141693115,2.569999933242798,2.5899999141693115,1725
2022-07-27,2.5999999046325684,2.5999999046325684,2.559999942779541,2.5899999141693115,8803
2022-07-28,2.5999999046325684,2.5999999046325684,2.5999999046325684,2.5999999046325684,1550
2022-07-29,2.5899999141693115,2.5899999141693115,2.5399999618530273,2.5799999237060547,3485
2022-08-01,2.5799999237060547,2.5899999141693115,2.559999942779541,2.5899999141693115,6674
2022-08-02,2.559999942779541,2.609999895095825,2.559999942779541,2.609999895095825,1964
2022-08-03,2.609999895095825,2.6600000858306885,2.609999895095825,2.6600000858306885,6391
2022-08-04,2.609999895095825,2.6700000762939453,2.5999999046325684,2.6500000953674316,8776
2022-08-05,2.6500000953674316,2.6500000953674316,2.5899999141693115,2.630000114440918,6734
2022-08-08,2.630000114440918,2.6500000953674316,2.5899999141693115,2.6500000953674316,1496
2022-08-09,2.6500000953674316,2.6500000953674316,2.5899999141693115,2.5899999141693115,1988
2022-08-10,2.640000104904175,2.640000104904175,2.5899999141693115,2.630000114440918,496
2022-08-11,2.630000114440918,2.6500000953674316,2.609999895095825,2.6500000953674316,1805
2022-08-12,2.640000104904175,2.6600000858306885,2.609999895095825,2.6600000858306885,1180
2022-08-16,2.609999895095825,2.6700000762939453,2.5999999046325684,2.6700000762939453,3777
2022-08-17,2.609999895095825,2.619999885559082,2.4100000858306885,2.5799999237060547,41732
2022-08-18,2.549999952316284,2.5799999237060547,2.549999952316284,2.5799999237060547,1250
2022-08-19,2.5799999237060547,2.5799999237060547,2.4700000286102295,2.549999952316284,1646
2022-08-22,2.5399999618530273,2.5399999618530273,2.4600000381469727,2.5,49719
2022-08-23,2.5,2.559999942779541,2.5,2.559999942779541,3873
2022-08-24,2.559999942779541,2.75,2.549999952316284,2.5999999046325684,73397
2022-08-25,2.5999999046325684,2.5999999046325684,2.5,2.559999942779541,17701
2022-08-26,2.559999942779541,2.569999933242798,2.4700000286102295,2.5199999809265137,27279
2022-08-29,2.5,2.5,2.440000057220459,2.5,5770
2022-08-30,2.5,2.549999952316284,2.4100000858306885,2.4100000858306885,13948
2022-08-31,2.430000066757202,2.4700000286102295,2.359999895095825,2.359999895095825,11217
2022-09-01,2.380000114440918,2.380000114440918,2.2799999713897705,2.3399999141693115,25192
2022-09-02,2.309999942779541,2.390000104904175,2.2799999713897705,2.359999895095825,12223
2022-09-05,2.299999952316284,2.359999895095825,2.2799999713897705,2.359999895095825,8426
2022-09-06,2.309999942779541,2.309999942779541,2.259999990463257,2.259999990463257,12249
2022-09-07,2.259999990463257,2.299999952316284,2.2100000381469727,2.299999952316284,9038
2022-09-08,2.2799999713897705,2.359999895095825,2.2799999713897705,2.3399999141693115,7507
2022-09-09,2.3399999141693115,2.359999895095825,2.319999933242798,2.3299999237060547,15045
2022-09-12,2.319999933242798,2.3499999046325684,2.2899999618530273,2.3499999046325684,4401
2022-09-13,2.319999933242798,2.450000047683716,2.319999933242798,2.380000114440918,16701
2022-09-14,2.319999933242798,2.4200000762939453,2.319999933242798,2.4200000762939453,9052
2022-09-15,2.4200000762939453,2.4200000762939453,2.359999895095825,2.4000000953674316,322
2022-09-16,2.430000066757202,2.430000066757202,2.3499999046325684,2.4000000953674316,1921
2022-09-19,2.4000000953674316,2.4100000858306885,2.3499999046325684,2.4100000858306885,1209
2022-09-20,2.4100000858306885,2.4100000858306885,2.4100000858306885,2.4100000858306885,0
2022-09-21,2.4100000858306885,2.4100000858306885,2.3499999046325684,2.380000114440918,3167
2022-09-22,2.369999885559082,2.380000114440918,2.3499999046325684,2.380000114440918,2551
2022-09-23,2.380000114440918,2.380000114440918,2.299999952316284,2.319999933242798,4817
2022-09-26,2.309999942779541,2.309999942779541,2.299999952316284,2.299999952316284,1100
2022-09-27,2.2799999713897705,2.319999933242798,2.25,2.319999933242798,1526
2022-09-28,2.309999942779541,2.309999942779541,2.25,2.2899999618530273,4361
2022-09-29,2.2699999809265137,2.319999933242798,2.2699999809265137,2.319999933242798,1273
2022-09-30,2.299999952316284,2.380000114440918,2.2799999713897705,2.299999952316284,15639
2022-10-03,2.299999952316284,2.299999952316284,2.2300000190734863,2.2899999618530273,21588
2022-10-04,2.2300000190734863,2.2899999618530273,2.180000066757202,2.259999990463257,16132
2022-10-05,2.259999990463257,2.359999895095825,2.259999990463257,2.3499999046325684,2797
2022-10-06,2.309999942779541,2.369999885559082,2.299999952316284,2.359999895095825,1400
2022-10-07,2.3499999046325684,2.390000104904175,2.309999942779541,2.390000104904175,4103
2022-10-10,2.390000104904175,2.390000104904175,2.3399999141693115,2.380000114440918,1252
2022-10-11,2.4000000953674316,2.4000000953674316,2.3499999046325684,2.380000114440918,170
2022-10-12,2.4000000953674316,2.4000000953674316,2.2899999618530273,2.369999885559082,6651
2022-10-13,2.369999885559082,2.369999885559082,2.309999942779541,2.309999942779541,242
2022-10-14,2.299999952316284,2.299999952316284,2.299999952316284,2.299999952316284,3820
2022-10-17,2.299999952316284,2.299999952316284,2.299999952316284,2.299999952316284,2600
2022-10-18,2.319999933242798,2.319999933242798,2.2799999713897705,2.2799999713897705,2896
2022-10-19,2.259999990463257,2.319999933242798,2.259999990463257,2.319999933242798,540
2022-10-20,2.299999952316284,2.299999952316284,2.299999952316284,2.299999952316284,500
2022-10-21,2.2799999713897705,2.2799999713897705,2.240000009536743,2.240000009536743,4500
2022-10-24,2.25,2.299999952316284,2.25,2.2899999618530273,1250
2022-10-25,2.299999952316284,2.299999952316284,2.2699999809265137,2.2899999618530273,1266
2022-10-26,2.2899999618530273,2.359999895095825,2.2899999618530273,2.319999933242798,12372
2022-10-27,2.299999952316284,2.319999933242798,2.299999952316284,2.319999933242798,3050
2022-10-28,2.3299999237060547,2.3499999046325684,2.319999933242798,2.319999933242798,8893
2022-10-31,2.319999933242798,2.369999885559082,2.319999933242798,2.369999885559082,4690
2022-11-02,2.369999885559082,2.4000000953674316,2.369999885559082,2.390000104904175,8288
2022-11-03,2.380000114440918,2.380000114440918,2.3299999237060547,2.3399999141693115,4396
2022-11-04,2.3399999141693115,2.490000009536743,2.3299999237060547,2.490000009536743,30888
2022-11-07,2.450000047683716,2.4800000190734863,2.3499999046325684,2.4000000953674316,20510
2022-11-08,2.3499999046325684,2.4100000858306885,2.319999933242798,2.359999895095825,30411
2022-11-09,2.3299999237060547,2.3499999046325684,2.259999990463257,2.319999933242798,20683
2022-11-10,2.319999933242798,2.3299999237060547,2.200000047683716,2.299999952316284,43106
2022-11-14,2.3299999237060547,2.390000104904175,2.3299999237060547,2.3499999046325684,11784
2022-11-15,2.369999885559082,2.380000114440918,2.2799999713897705,2.3399999141693115,32237
2022-11-16,2.3499999046325684,2.3499999046325684,2.2799999713897705,2.319999933242798,2318
2022-11-17,2.369999885559082,2.4000000953674316,2.319999933242798,2.3399999141693115,43506
2022-11-18,2.4000000953674316,2.4000000953674316,2.3299999237060547,2.359999895095825,51929
2022-11-21,2.369999885559082,2.4000000953674316,2.3399999141693115,2.380000114440918,18216
2022-11-22,2.380000114440918,2.4200000762939453,2.3399999141693115,2.359999895095825,17874
2022-11-23,2.380000114440918,2.390000104904175,2.359999895095825,2.359999895095825,8746
2022-11-24,2.380000114440918,2.4100000858306885,2.359999895095825,2.380000114440918,78367
2022-11-25,2.4000000953674316,2.4000000953674316,2.369999885559082,2.380000114440918,7802
2022-11-28,2.390000104904175,2.390000104904175,2.3499999046325684,2.369999885559082,6166
2022-11-29,2.369999885559082,2.390000104904175,2.369999885559082,2.369999885559082,36122
2022-11-30,2.369999885559082,2.390000104904175,2.3399999141693115,2.390000104904175,22326
2022-12-01,2.4000000953674316,2.4000000953674316,2.369999885559082,2.380000114440918,6883
2022-12-02,2.359999895095825,2.369999885559082,2.319999933242798,2.3499999046325684,24090
2022-12-05,2.3499999046325684,2.369999885559082,2.3499999046325684,2.369999885559082,5948
2022-12-06,2.369999885559082,2.369999885559082,2.369999885559082,2.369999885559082,6234
2022-12-07,2.359999895095825,2.369999885559082,2.3399999141693115,2.359999895095825,5011
2022-12-08,2.359999895095825,2.359999895095825,2.3399999141693115,2.359999895095825,3389
2022-12-09,2.359999895095825,2.4000000953674316,2.359999895095825,2.390000104904175,12833
2022-12-12,2.390000104904175,2.390000104904175,2.359999895095825,2.390000104904175,8614
2022-12-13,2.390000104904175,2.390000104904175,2.3499999046325684,2.3499999046325684,11507
2022-12-14,2.390000104904175,2.390000104904175,2.380000114440918,2.380000114440918,1920
2022-12-15,2.380000114440918,2.380000114440918,2.3399999141693115,2.3399999141693115,11702
2022-12-16,2.3299999237060547,2.3399999141693115,2.319999933242798,2.319999933242798,34179
2022-12-19,2.309999942779541,2.319999933242798,2.299999952316284,2.299999952316284,50394
2022-12-20,2.299999952316284,2.299999952316284,2.259999990463257,2.2799999713897705,30153
2022-12-21,2.2799999713897705,2.299999952316284,2.2699999809265137,2.299999952316284,22271
2022-12-22,2.299999952316284,2.299999952316284,2.2799999713897705,2.299999952316284,17126
2022-12-23,2.299999952316284,2.299999952316284,2.25,2.2799999713897705,64557
2022-12-27,2.2799999713897705,2.2799999713897705,2.2300000190734863,2.259999990463257,116999
2022-12-28,2.259999990463257,2.2799999713897705,2.25,2.2799999713897705,99360
2022-12-29,2.2699999809265137,2.2899999618530273,2.2699999809265137,2.2799999713897705,54584
2022-12-30,2.2799999713897705,2.2899999618530273,2.259999990463257,2.2899999618530273,21729
2023-01-02,2.2899999618530273,2.359999895095825,2.2899999618530273,2.319999933242798,21089
2023-01-03,2.3299999237060547,2.380000114440918,2.309999942779541,2.369999885559082,124174
2023-01-04,2.380000114440918,2.609999895095825,2.380000114440918,2.5899999141693115,199281
2023-01-05,2.5899999141693115,2.640000104904175,2.5299999713897705,2.5999999046325684,72453
2023-01-09,2.609999895095825,2.640000104904175,2.5799999237060547,2.630000114440918,40245
2023-01-10,2.640000104904175,2.640000104904175,2.5899999141693115,2.630000114440918,21626
2023-01-11,2.640000104904175,2.6600000858306885,2.5799999237060547,2.5999999046325684,38497
2023-01-12,2.609999895095825,2.6500000953674316,2.5999999046325684,2.619999885559082,36257
2023-01-13,2.630000114440918,2.630000114440918,2.569999933242798,2.5999999046325684,19226
2023-01-16,2.5999999046325684,2.5999999046325684,2.559999942779541,2.5899999141693115,22209
2023-01-17,2.5899999141693115,2.5999999046325684,2.4800000190734863,2.5399999618530273,42890
2023-01-18,2.569999933242798,2.569999933242798,2.490000009536743,2.5199999809265137,26828
2023-01-19,2.559999942779541,2.569999933242798,2.5199999809265137,2.559999942779541,4993
2023-01-20,2.549999952316284,2.549999952316284,2.5199999809265137,2.549999952316284,3856
2023-01-23,2.5299999713897705,2.569999933242798,2.5299999713897705,2.559999942779541,7571
2023-01-24,2.5399999618530273,2.5999999046325684,2.5399999618530273,2.559999942779541,12802
2023-01-25,2.5899999141693115,2.5899999141693115,2.509999990463257,2.5199999809265137,10900
2023-01-26,2.5199999809265137,2.5899999141693115,2.509999990463257,2.569999933242798,22132
2023-01-27,2.5799999237060547,2.5799999237060547,2.5399999618530273,2.569999933242798,10983
2023-01-30,2.549999952316284,2.5899999141693115,2.549999952316284,2.559999942779541,25248
2023-01-31,2.559999942779541,2.569999933242798,2.509999990463257,2.559999942779541,18400
2023-02-01,2.5799999237060547,2.5899999141693115,2.5199999809265137,2.569999933242798,42725
2023-02-02,2.559999942779541,2.5899999141693115,2.5199999809265137,2.5299999713897705,58928
2023-02-03,2.5299999713897705,2.5899999141693115,2.4200000762939453,2.5299999713897705,98242
2023-02-06,2.549999952316284,2.5799999237060547,2.4600000381469727,2.5,78356
2023-02-07,2.5299999713897705,2.559999942779541,2.4800000190734863,2.4800000190734863,7063
2023-02-08,2.5,2.5399999618530273,2.490000009536743,2.509999990463257,16363
2023-02-09,2.5199999809265137,2.5199999809265137,2.490000009536743,2.5199999809265137,11551
2023-02-10,2.5199999809265137,2.5299999713897705,2.430000066757202,2.5,35831
2023-02-13,2.4700000286102295,2.5,2.4200000762939453,2.4800000190734863,28509
2023-02-14,2.4700000286102295,2.490000009536743,2.430000066757202,2.4800000190734863,30440
2023-02-15,2.440000057220459,2.4800000190734863,2.430000066757202,2.4800000190734863,20753
2023-02-16,2.4700000286102295,2.4800000190734863,2.430000066757202,2.4800000190734863,24745
2023-02-17,2.4800000190734863,2.490000009536743,2.4700000286102295,2.490000009536743,1219
2023-02-20,2.4800000190734863,2.5,2.4700000286102295,2.4800000190734863,11392
2023-02-21,2.4800000190734863,2.5399999618530273,2.4600000381469727,2.509999990463257,31130
2023-02-22,2.509999990463257,2.5299999713897705,2.490000009536743,2.5299999713897705,15423
2023-02-23,2.509999990463257,2.5399999618530273,2.490000009536743,2.5199999809265137,8293
2023-02-24,2.5299999713897705,2.569999933242798,2.5199999809265137,2.549999952316284,17747
2023-02-27,2.5299999713897705,2.559999942779541,2.5199999809265137,2.5399999618530273,11258
2023-02-28,2.5399999618530273,2.680000066757202,2.5199999809265137,2.640000104904175,282659
2023-03-01,2.6600000858306885,2.799999952316284,2.640000104904175,2.6600000858306885,135229
2023-03-02,2.6600000858306885,2.7300000190734863,2.619999885559082,2.680000066757202,64713
2023-03-03,2.6600000858306885,2.700000047683716,2.630000114440918,2.700000047683716,29979
2023-03-06,2.700000047683716,2.7300000190734863,2.6500000953674316,2.680000066757202,32029
2023-03-07,2.680000066757202,2.7100000381469727,2.6500000953674316,2.6600000858306885,21769
2023-03-08,2.6600000858306885,2.680000066757202,2.630000114440918,2.6600000858306885,15326
2023-03-09,2.6600000858306885,2.6700000762939453,2.630000114440918,2.6600000858306885,15421
2023-03-10,2.6500000953674316,2.6600000858306885,2.5799999237060547,2.630000114440918,23664
2023-03-13,2.5999999046325684,2.609999895095825,2.5299999713897705,2.559999942779541,52059
2023-03-14,2.5399999618530273,2.5799999237060547,2.5299999713897705,2.569999933242798,9096
2023-03-15,2.569999933242798,2.569999933242798,2.509999990463257,2.5299999713897705,34224
2023-03-16,2.559999942779541,2.559999942779541,2.5,2.5,21557
2023-03-17,2.509999990463257,2.5799999237060547,2.509999990463257,2.569999933242798,15714
2023-03-20,2.549999952316284,2.559999942779541,2.509999990463257,2.549999952316284,12569
2023-03-21,2.549999952316284,2.6500000953674316,2.549999952316284,2.5899999141693115,22178
2023-03-22,2.609999895095825,2.7200000286102295,2.609999895095825,2.7200000286102295,36236
2023-03-23,2.700000047683716,2.700000047683716,2.640000104904175,2.690000057220459,16162
2023-03-24,2.6700000762939453,2.6700000762939453,2.549999952316284,2.5799999237060547,51106
2023-03-27,2.609999895095825,3.0299999713897705,2.5999999046325684,2.9100000858306885,315078
2023-03-28,2.9600000381469727,3.5,2.9100000858306885,3.240000009536743,649750
2023-03-29,3.2699999809265137,3.549999952316284,3.0799999237060547,3.2200000286102295,595503
2023-03-30,3.2300000190734863,3.4200000762939453,3.049999952316284,3.3299999237060547,202556
2023-03-31,3.3299999237060547,3.3299999237060547,3.0799999237060547,3.2799999713897705,130945
2023-04-03,3.25,3.25,3.0,3.0799999237060547,209142
2023-04-04,3.0799999237060547,3.130000114440918,3.049999952316284,3.130000114440918,74426
2023-04-05,3.1500000953674316,3.200000047683716,3.0999999046325684,3.190000057220459,41044
2023-04-06,3.2200000286102295,3.359999895095825,3.1500000953674316,3.2100000381469727,100253
2023-04-11,3.25,3.680000066757202,3.25,3.5799999237060547,399170
2023-04-12,3.619999885559082,3.7300000190734863,3.509999990463257,3.5299999713897705,304817
2023-04-13,3.5299999713897705,3.559999942779541,3.369999885559082,3.4200000762939453,205653
2023-04-14,3.4600000381469727,3.5899999141693115,3.4100000858306885,3.490000009536743,106257
2023-04-17,3.5,3.549999952316284,3.4600000381469727,3.5199999809265137,64243
2023-04-18,3.490000009536743,3.6600000858306885,3.490000009536743,3.5999999046325684,130799
2023-04-19,3.5999999046325684,3.640000104904175,3.5,3.549999952316284,70083
2023-04-20,3.549999952316284,3.549999952316284,3.240000009536743,3.2899999618530273,413835
2023-04-21,3.2899999618530273,3.2899999618530273,3.1600000858306885,3.25,159652
2023-04-24,3.25,3.2799999713897705,3.1700000762939453,3.259999990463257,65013
2023-04-25,3.25,3.25,3.0999999046325684,3.0999999046325684,102638
2023-04-26,3.109999895095825,3.259999990463257,3.109999895095825,3.259999990463257,110339
2023-04-27,3.259999990463257,3.3299999237060547,3.190000057220459,3.240000009536743,87695
2023-04-28,3.2200000286102295,3.2200000286102295,3.1600000858306885,3.1600000858306885,22172
2023-05-02,3.1500000953674316,3.1500000953674316,3.0199999809265137,3.059999942779541,149531
2023-05-04,3.0299999713897705,3.0799999237060547,2.9200000762939453,2.950000047683716,74054
2023-05-05,2.9700000286102295,2.990000009536743,2.859999895095825,2.9100000858306885,75943
2023-05-08,2.9200000762939453,2.9800000190734863,2.9000000953674316,2.9600000381469727,27338
2023-05-09,2.940000057220459,3.0,2.880000114440918,2.990000009536743,44824
2023-05-10,2.990000009536743,3.049999952316284,2.950000047683716,3.0399999618530273,39425
2023-05-11,3.119999885559082,3.2300000190734863,3.0799999237060547,3.130000114440918,71341
2023-05-12,3.200000047683716,3.200000047683716,3.0999999046325684,3.130000114440918,19518
2023-05-15,3.1500000953674316,3.200000047683716,3.0999999046325684,3.119999885559082,23340
2023-05-16,3.119999885559082,3.1700000762939453,3.0899999141693115,3.119999885559082,22694
2023-05-17,3.109999895095825,3.109999895095825,3.0399999618530273,3.0399999618530273,37377
2023-05-18,3.049999952316284,3.069999933242798,3.009999990463257,3.0199999809265137,33424
2023-05-19,3.0,3.0,2.9100000858306885,2.930000066757202,54143
2023-05-22,2.930000066757202,2.990000009536743,2.930000066757202,2.9600000381469727,54425
2023-05-23,2.9700000286102295,3.0,2.930000066757202,2.940000057220459,37454
2023-05-24,2.9800000190734863,2.990000009536743,2.890000104904175,2.890000104904175,30509
2023-05-25,2.9000000953674316,2.9000000953674316,2.859999895095825,2.890000104904175,17100
2023-05-26,2.880000114440918,2.9000000953674316,2.799999952316284,2.880000114440918,29211
2023-05-29,2.880000114440918,2.880000114440918,2.8299999237060547,2.8499999046325684,27610
2023-05-30,2.8499999046325684,2.880000114440918,2.8399999141693115,2.859999895095825,15606
2023-05-31,2.859999895095825,2.859999895095825,2.819999933242798,2.8499999046325684,26699
2023-06-01,2.8499999046325684,2.8499999046325684,2.759999990463257,2.809999942779541,26774
2023-06-02,2.799999952316284,2.869999885559082,2.759999990463257,2.8499999046325684,25981
2023-06-05,2.869999885559082,2.869999885559082,2.819999933242798,2.819999933242798,14499
2023-06-06,2.819999933242798,2.859999895095825,2.819999933242798,2.859999895095825,2740
2023-06-07,2.859999895095825,2.9600000381469727,2.859999895095825,2.9200000762939453,34380
2023-06-09,2.950000047683716,2.9600000381469727,2.9000000953674316,2.9100000858306885,38257
2023-06-12,2.9600000381469727,3.0999999046325684,2.950000047683716,3.0299999713897705,92731
2023-06-13,3.0199999809265137,3.069999933242798,3.009999990463257,3.009999990463257,18102
2023-06-14,3.049999952316284,3.049999952316284,3.0,3.0,46508
2023-06-15,3.0,3.0299999713897705,2.9200000762939453,2.990000009536743,16709
2023-06-16,3.0,3.0399999618530273,3.0,3.0,15343
2023-06-19,3.0,3.0199999809265137,2.9800000190734863,3.0199999809265137,3156
2023-06-20,2.9800000190734863,2.990000009536743,2.9600000381469727,2.9600000381469727,4242
2023-06-21,2.9800000190734863,3.009999990463257,2.9000000953674316,3.0,13334
2023-06-22,2.990000009536743,3.0,2.9200000762939453,2.9600000381469727,4450
2023-06-23,2.9800000190734863,2.9800000190734863,2.9200000762939453,2.950000047683716,5605
2023-06-26,2.9200000762939453,2.9800000190734863,2.890000104904175,2.9200000762939453,9734
2023-06-27,2.950000047683716,2.950000047683716,2.880000114440918,2.9000000953674316,14095
2023-06-28,2.880000114440918,2.9200000762939453,2.859999895095825,2.880000114440918,14682
2023-06-29,2.940000057220459,2.9700000286102295,2.880000114440918,2.950000047683716,17237
2023-06-30,2.9100000858306885,2.9800000190734863,2.880000114440918,2.9000000953674316,25910
2023-07-03,2.9000000953674316,2.940000057220459,2.9000000953674316,2.930000066757202,8826
2023-07-04,2.9100000858306885,2.930000066757202,2.859999895095825,2.9200000762939453,19699
2023-07-05,2.9200000762939453,3.1500000953674316,2.819999933242798,2.9200000762939453,81200
2023-07-06,2.8299999237060547,2.859999895095825,2.7799999713897705,2.819999933242798,20487
2023-07-07,2.8299999237060547,2.9200000762939453,2.809999942779541,2.8299999237060547,27042
2023-07-10,2.8399999141693115,2.9000000953674316,2.7799999713897705,2.819999933242798,33981
2023-07-11,2.819999933242798,2.8499999046325684,2.7899999618530273,2.809999942779541,11715
2023-07-12,2.8299999237060547,2.859999895095825,2.8299999237060547,2.8299999237060547,7645
2023-07-13,2.859999895095825,2.869999885559082,2.8399999141693115,2.859999895095825,17937
2023-07-14,2.859999895095825,2.880000114440918,2.809999942779541,2.809999942779541,25348
2023-07-17,2.8499999046325684,2.880000114440918,2.799999952316284,2.859999895095825,14501
2023-07-18,2.859999895095825,2.890000104904175,2.799999952316284,2.880000114440918,30735
2023-07-19,2.880000114440918,2.880000114440918,2.809999942779541,2.8299999237060547,23861
2023-07-20,2.8499999046325684,2.880000114440918,2.809999942779541,2.8499999046325684,7190
2023-07-21,2.8399999141693115,2.9100000858306885,2.8299999237060547,2.9100000858306885,13969
2023-07-24,2.9000000953674316,2.9600000381469727,2.809999942779541,2.880000114440918,29787
2023-07-25,2.869999885559082,2.869999885559082,2.7799999713897705,2.8299999237060547,37263
2023-07-26,2.799999952316284,2.799999952316284,2.700000047683716,2.7300000190734863,94273
2023-07-27,2.7300000190734863,2.7799999713897705,2.700000047683716,2.700000047683716,52322
2023-07-28,2.690000057220459,2.7100000381469727,2.6600000858306885,2.680000066757202,28376
2023-07-31,2.6700000762939453,2.7100000381469727,2.640000104904175,2.7100000381469727,14823
2023-08-01,2.690000057220459,2.799999952316284,2.690000057220459,2.7799999713897705,33318
2023-08-02,2.7799999713897705,2.7799999713897705,2.680000066757202,2.740000009536743,13554
2023-08-03,2.690000057220459,2.7200000286102295,2.690000057220459,2.7100000381469727,3535
2023-08-04,2.7300000190734863,2.7300000190734863,2.680000066757202,2.680000066757202,12336
2023-08-07,2.680000066757202,2.759999990463257,2.680000066757202,2.7100000381469727,20007
2023-08-08,2.690000057220459,2.690000057220459,2.6700000762939453,2.6700000762939453,5581
2023-08-09,2.6700000762939453,2.700000047683716,2.630000114440918,2.6700000762939453,15156
2023-08-10,2.6700000762939453,2.7300000190734863,2.6700000762939453,2.7100000381469727,17789
2023-08-11,2.7100000381469727,2.7100000381469727,2.690000057220459,2.690000057220459,4285
2023-08-14,2.700000047683716,2.700000047683716,2.6600000858306885,2.6600000858306885,4425
2023-08-16,2.6700000762939453,2.700000047683716,2.6500000953674316,2.6700000762939453,11113
2023-08-17,2.680000066757202,2.700000047683716,2.6700000762939453,2.690000057220459,5044
2023-08-18,2.6700000762939453,2.700000047683716,2.6500000953674316,2.6500000953674316,5917
2023-08-21,2.6600000858306885,2.6600000858306885,2.640000104904175,2.6500000953674316,7906
2023-08-22,2.640000104904175,2.640000104904175,2.609999895095825,2.640000104904175,11013
2023-08-23,2.619999885559082,2.680000066757202,2.609999895095825,2.640000104904175,16104
2023-08-24,2.6600000858306885,2.6600000858306885,2.609999895095825,2.6500000953674316,5339
2023-08-25,2.6500000953674316,2.6500000953674316,2.619999885559082,2.6500000953674316,2248
2023-08-28,2.6600000858306885,2.6600000858306885,2.619999885559082,2.6600000858306885,3000
2023-08-29,2.630000114440918,2.6600000858306885,2.5999999046325684,2.609999895095825,15817
2023-08-30,2.6500000953674316,2.6600000858306885,2.5799999237060547,2.630000114440918,4136
2023-08-31,2.640000104904175,2.6500000953674316,2.5799999237060547,2.619999885559082,8784
2023-09-01,2.619999885559082,2.640000104904175,2.619999885559082,2.640000104904175,1363
2023-09-04,2.640000104904175,2.640000104904175,2.559999942779541,2.630000114440918,21917
2023-09-05,2.630000114440918,2.630000114440918,2.5999999046325684,2.630000114440918,1161
2023-09-06,2.609999895095825,2.640000104904175,2.5799999237060547,2.5899999141693115,5811
2023-09-07,2.5899999141693115,2.640000104904175,2.559999942779541,2.609999895095825,3195
2023-09-08,2.5899999141693115,2.6700000762939453,2.5799999237060547,2.6700000762939453,19047
2023-09-11,2.6500000953674316,2.6700000762939453,2.569999933242798,2.640000104904175,9077
2023-09-12,2.640000104904175,2.6700000762939453,2.5899999141693115,2.6700000762939453,8709
2023-09-13,2.619999885559082,2.690000057220459,2.619999885559082,2.690000057220459,9372
2023-09-14,2.680000066757202,2.759999990463257,2.680000066757202,2.7100000381469727,11727
2023-09-15,2.759999990463257,2.7899999618530273,2.700000047683716,2.7899999618530273,29992
2023-09-18,2.7799999713897705,2.7899999618530273,2.700000047683716,2.7799999713897705,13279
2023-09-19,2.75,2.75,2.680000066757202,2.75,4911
2023-09-20,2.7100000381469727,2.7300000190734863,2.700000047683716,2.7200000286102295,3504
2023-09-21,2.7100000381469727,2.7100000381469727,2.6700000762939453,2.6700000762939453,2657
2023-09-22,2.680000066757202,2.740000009536743,2.680000066757202,2.740000009536743,4937
2023-09-25,2.700000047683716,2.740000009536743,2.680000066757202,2.680000066757202,1550
2023-09-26,2.7200000286102295,2.7300000190734863,2.680000066757202,2.690000057220459,1186
2023-09-27,2.700000047683716,2.7100000381469727,2.609999895095825,2.6600000858306885,6674
2023-09-28,2.630000114440918,2.630000114440918,2.5,2.5899999141693115,20238
2023-09-29,2.5199999809265137,2.5899999141693115,2.450000047683716,2.549999952316284,39314
2023-10-02,2.549999952316284,2.559999942779541,2.509999990463257,2.509999990463257,2658
2023-10-03,2.5199999809265137,2.5199999809265137,2.5,2.5,5051
2023-10-04,2.490000009536743,2.509999990463257,2.490000009536743,2.5,945
2023-10-05,2.5,2.5,2.4800000190734863,2.490000009536743,4292
2023-10-06,2.4800000190734863,2.490000009536743,2.430000066757202,2.450000047683716,15070
2023-10-09,2.450000047683716,2.450000047683716,2.4100000858306885,2.430000066757202,9900
2023-10-10,2.430000066757202,2.549999952316284,2.4200000762939453,2.5399999618530273,15653
2023-10-11,2.5,2.549999952316284,2.5,2.549999952316284,4141
2023-10-12,2.549999952316284,2.549999952316284,2.450000047683716,2.4800000190734863,6314
2023-10-13,2.4700000286102295,2.619999885559082,2.4700000286102295,2.5999999046325684,35741
2023-10-16,2.630000114440918,2.640000104904175,2.5899999141693115,2.5999999046325684,2811
2023-10-17,2.5799999237060547,2.630000114440918,2.5799999237060547,2.630000114440918,1754
2023-10-18,2.630000114440918,2.6700000762939453,2.5799999237060547,2.5999999046325684,8177
2023-10-19,2.5999999046325684,2.5999999046325684,2.5799999237060547,2.5799999237060547,3577
2023-10-20,2.559999942779541,2.5999999046325684,2.5199999809265137,2.559999942779541,4421
2023-10-23,2.5899999141693115,2.5899999141693115,2.509999990463257,2.5799999237060547,26962
2023-10-24,2.5899999141693115,2.640000104904175,2.5899999141693115,2.630000114440918,3466
2023-10-25,2.619999885559082,2.630000114440918,2.559999942779541,2.559999942779541,6262
2023-10-26,2.569999933242798,2.619999885559082,2.5399999618530273,2.619999885559082,9916
2023-10-27,2.609999895095825,2.609999895095825,2.5199999809265137,2.559999942779541,14376
2023-10-30,2.559999942779541,2.5999999046325684,2.5299999713897705,2.559999942779541,6723
2023-10-31,2.569999933242798,2.5799999237060547,2.559999942779541,2.5799999237060547,6525
2023-11-02,2.5799999237060547,2.5899999141693115,2.549999952316284,2.5799999237060547,10133
2023-11-03,2.5799999237060547,2.630000114440918,2.569999933242798,2.609999895095825,11524
2023-11-06,2.5999999046325684,2.609999895095825,2.5799999237060547,2.609999895095825,2360
2023-11-07,2.5999999046325684,2.609999895095825,2.569999933242798,2.5999999046325684,4454
2023-11-08,2.569999933242798,2.5899999141693115,2.559999942779541,2.559999942779541,9545
2023-11-09,2.549999952316284,2.609999895095825,2.549999952316284,2.569999933242798,12649
2023-11-10,2.569999933242798,2.609999895095825,2.569999933242798,2.5899999141693115,2108
2023-11-13,2.5799999237060547,2.5999999046325684,2.559999942779541,2.559999942779541,5112
2023-11-14,2.5799999237060547,2.5799999237060547,2.5399999618530273,2.569999933242798,14820
2023-11-15,2.569999933242798,2.569999933242798,2.509999990463257,2.549999952316284,43543
2023-11-16,2.5399999618530273,2.5999999046325684,2.5199999809265137,2.569999933242798,37017
2023-11-17,2.569999933242798,2.569999933242798,2.559999942779541,2.569999933242798,4309
2023-11-20,2.559999942779541,2.5899999141693115,2.5399999618530273,2.5799999237060547,25515
2023-11-21,2.5799999237060547,2.5799999237060547,2.559999942779541,2.559999942779541,3673
2023-11-22,2.559999942779541,2.5799999237060547,2.559999942779541,2.559999942779541,1139
2023-11-23,2.559999942779541,2.5999999046325684,2.549999952316284,2.569999933242798,38483
2023-11-24,2.569999933242798,2.5899999141693115,2.5399999618530273,2.569999933242798,9089
2023-11-27,2.559999942779541,2.5799999237060547,2.5299999713897705,2.569999933242798,14469
2023-11-28,2.559999942779541,2.5899999141693115,2.559999942779541,2.569999933242798,5695
2023-11-29,2.5899999141693115,2.75,2.569999933242798,2.7200000286102295,109863
2023-11-30,2.680000066757202,2.7100000381469727,2.5799999237060547,2.690000057220459,6410
2023-12-01,2.6700000762939453,2.690000057220459,2.5799999237060547,2.6600000858306885,18107
2023-12-04,2.680000066757202,2.680000066757202,2.640000104904175,2.640000104904175,8460
2023-12-05,2.640000104904175,2.640000104904175,2.549999952316284,2.640000104904175,50735
2023-12-06,2.619999885559082,2.630000114440918,2.549999952316284,2.5999999046325684,29269
2023-12-07,2.5799999237060547,2.5899999141693115,2.569999933242798,2.5799999237060547,9589
2023-12-08,2.5899999141693115,2.619999885559082,2.569999933242798,2.5999999046325684,32426
2023-12-11,2.5999999046325684,2.6600000858306885,2.5999999046325684,2.630000114440918,41522
2023-12-12,2.609999895095825,2.6500000953674316,2.5999999046325684,2.619999885559082,44073
2023-12-13,2.619999885559082,2.6500000953674316,2.619999885559082,2.6500000953674316,11159
2023-12-14,2.6500000953674316,2.6600000858306885,2.630000114440918,2.630000114440918,8163
2023-12-15,2.6500000953674316,2.690000057220459,2.640000104904175,2.680000066757202,20424
2023-12-18,2.680000066757202,2.700000047683716,2.609999895095825,2.640000104904175,25194
2023-12-19,2.630000114440918,2.6500000953674316,2.619999885559082,2.630000114440918,4405
2023-12-20,2.619999885559082,2.640000104904175,2.5899999141693115,2.640000104904175,15756
2023-12-21,2.640000104904175,2.6500000953674316,2.5999999046325684,2.609999895095825,8955
2023-12-22,2.619999885559082,2.6600000858306885,2.609999895095825,2.6500000953674316,24835
2023-12-27,2.5999999046325684,2.640000104904175,2.5999999046325684,2.630000114440918,70887
2023-12-28,2.609999895095825,2.6600000858306885,2.609999895095825,2.6500000953674316,18666
2023-12-29,2.640000104904175,2.6700000762939453,2.640000104904175,2.6500000953674316,4799
2024-01-02,2.6500000953674316,2.740000009536743,2.640000104904175,2.7300000190734863,35491
2024-01-03,2.7300000190734863,2.7300000190734863,2.619999885559082,2.680000066757202,66680
2024-01-04,2.6600000858306885,2.680000066757202,2.640000104904175,2.640000104904175,6635
2024-01-05,2.6500000953674316,2.690000057220459,2.640000104904175,2.690000057220459,20030
2024-01-08,2.690000057220459,2.7200000286102295,2.6700000762939453,2.7100000381469727,21604
2024-01-09,2.7100000381469727,2.819999933242798,2.7100000381469727,2.799999952316284,65530
2024-01-10,2.809999942779541,2.809999942779541,2.7300000190734863,2.7300000190734863,22441
2024-01-11,2.75,2.759999990463257,2.7300000190734863,2.759999990463257,2180
2024-01-12,2.759999990463257,2.759999990463257,2.680000066757202,2.740000009536743,15961
2024-01-15,2.740000009536743,2.75,2.640000104904175,2.690000057220459,31607
2024-01-16,2.6600000858306885,2.680000066757202,2.5999999046325684,2.6600000858306885,12048
2024-01-17,2.6600000858306885,2.6600000858306885,2.569999933242798,2.640000104904175,29137
2024-01-18,2.619999885559082,2.6600000858306885,2.609999895095825,2.619999885559082,4291
2024-01-19,2.630000114440918,2.680000066757202,2.630000114440918,2.680000066757202,5233
2024-01-22,2.680000066757202,2.680000066757202,2.569999933242798,2.609999895095825,31996
2024-01-23,2.609999895095825,2.640000104904175,2.5799999237060547,2.640000104904175,4819
2024-01-24,2.640000104904175,2.6500000953674316,2.619999885559082,2.630000114440918,5969
2024-01-25,2.630000114440918,2.630000114440918,2.5399999618530273,2.5999999046325684,28265
2024-01-26,2.5899999141693115,2.609999895095825,2.5399999618530273,2.609999895095825,12642
2024-01-29,2.5999999046325684,2.6700000762939453,2.569999933242798,2.6500000953674316,45958
2024-01-30,2.6500000953674316,2.6500000953674316,2.5899999141693115,2.5899999141693115,7160
2024-01-31,2.5999999046325684,2.640000104904175,2.5899999141693115,2.609999895095825,8775
2024-02-01,2.5999999046325684,2.619999885559082,2.5799999237060547,2.609999895095825,14720
2024-02-02,2.609999895095825,2.619999885559082,2.5799999237060547,2.609999895095825,18906
2024-02-05,2.630000114440918,2.630000114440918,2.5799999237060547,2.5899999141693115,11812
2024-02-06,2.5799999237060547,2.619999885559082,2.5799999237060547,2.5999999046325684,12206
2024-02-07,2.5899999141693115,2.5999999046325684,2.5799999237060547,2.5999999046325684,2878
2024-02-08,2.5999999046325684,2.5999999046325684,2.5399999618530273,2.549999952316284,30883
2024-02-09,2.5899999141693115,2.5899999141693115,2.549999952316284,2.549999952316284,12061
2024-02-12,2.569999933242798,2.569999933242798,2.5399999618530273,2.569999933242798,13410
2024-02-13,2.5799999237060547,2.5799999237060547,2.5399999618530273,2.5399999618530273,14021
2024-02-14,2.549999952316284,2.5799999237060547,2.5399999618530273,2.559999942779541,4029
2024-02-15,2.559999942779541,2.5899999141693115,2.5399999618530273,2.5399999618530273,15985
2024-02-16,2.5899999141693115,2.5899999141693115,2.5199999809265137,2.5199999809265137,47873
2024-02-19,2.5399999618530273,2.5799999237060547,2.5199999809265137,2.5299999713897705,7980
2024-02-20,2.549999952316284,2.559999942779541,2.5199999809265137,2.5399999618530273,15880
2024-02-21,2.5299999713897705,2.549999952316284,2.509999990463257,2.5199999809265137,27841
2024-02-22,2.5199999809265137,2.5399999618530273,2.5199999809265137,2.5399999618530273,15421
2024-02-23,2.5299999713897705,2.5399999618530273,2.4800000190734863,2.5399999618530273,28554
2024-02-26,2.5299999713897705,2.559999942779541,2.5199999809265137,2.559999942779541,9977
2024-02-27,2.559999942779541,2.559999942779541,2.5299999713897705,2.5399999618530273,1349
2024-02-28,2.549999952316284,2.559999942779541,2.5299999713897705,2.5299999713897705,5202
2024-02-29,2.5199999809265137,2.559999942779541,2.509999990463257,2.5299999713897705,14321
2024-03-01,2.5299999713897705,2.569999933242798,2.490000009536743,2.5399999618530273,16509
2024-03-04,2.5399999618530273,2.549999952316284,2.4600000381469727,2.490000009536743,23093
2024-03-05,2.4800000190734863,2.5999999046325684,2.4700000286102295,2.5399999618530273,44293
2024-03-06,2.549999952316284,2.5799999237060547,2.4800000190734863,2.5299999713897705,16969
2024-03-07,2.5199999809265137,2.5999999046325684,2.5,2.549999952316284,23681
2024-03-08,2.549999952316284,2.549999952316284,2.5,2.5399999618530273,10175
2024-03-11,2.5199999809265137,2.569999933242798,2.5199999809265137,2.569999933242798,6512
2024-03-12,2.559999942779541,2.559999942779541,2.5299999713897705,2.5299999713897705,6452
2024-03-13,2.5299999713897705,2.559999942779541,2.5299999713897705,2.559999942779541,2842
2024-03-14,2.559999942779541,2.569999933242798,2.5,2.569999933242798,16253
2024-03-15,2.5299999713897705,2.5899999141693115,2.5299999713897705,2.569999933242798,10654
2024-03-18,2.549999952316284,2.5899999141693115,2.5399999618530273,2.559999942779541,7487
2024-03-19,2.490000009536743,2.5999999046325684,2.490000009536743,2.5999999046325684,39997
2024-03-20,2.5999999046325684,2.6500000953674316,2.559999942779541,2.619999885559082,24951
2024-03-21,2.609999895095825,2.640000104904175,2.5899999141693115,2.609999895095825,5811
2024-03-22,2.5799999237060547,2.609999895095825,2.5799999237060547,2.609999895095825,9316
2024-03-25,2.5999999046325684,2.609999895095825,2.549999952316284,2.569999933242798,5873
2024-03-26,2.559999942779541,2.609999895095825,2.549999952316284,2.609999895095825,4751
2024-03-27,2.5999999046325684,2.609999895095825,2.549999952316284,2.5899999141693115,2950
2024-03-28,2.5899999141693115,2.5999999046325684,2.569999933242798,2.569999933242798,818
2024-04-02,2.5899999141693115,2.5999999046325684,2.5,2.559999942779541,25647
2024-04-03,2.559999942779541,2.5899999141693115,2.559999942779541,2.559999942779541,9122
2024-04-04,2.559999942779541,2.5899999141693115,2.5399999618530273,2.569999933242798,7271
2024-04-05,2.5999999046325684,2.700000047683716,2.5999999046325684,2.640000104904175,43940
2024-04-08,2.680000066757202,2.680000066757202,2.5999999046325684,2.6500000953674316,11625
2024-04-09,2.6600000858306885,2.690000057220459,2.6500000953674316,2.680000066757202,9725
2024-04-10,2.680000066757202,2.690000057220459,2.640000104904175,2.680000066757202,7205
2024-04-11,2.6700000762939453,2.7100000381469727,2.640000104904175,2.680000066757202,17150
2024-04-12,2.680000066757202,2.7100000381469727,2.6700000762939453,2.6700000762939453,12295
2024-04-15,2.680000066757202,2.700000047683716,2.680000066757202,2.700000047683716,3714
2024-04-16,2.700000047683716,2.740000009536743,2.640000104904175,2.690000057220459,15944
2024-04-17,2.690000057220459,2.690000057220459,2.6500000953674316,2.680000066757202,2215
2024-04-18,2.680000066757202,2.680000066757202,2.609999895095825,2.619999885559082,7966
2024-04-19,2.5999999046325684,2.609999895095825,2.5899999141693115,2.609999895095825,3791
2024-04-22,2.640000104904175,2.6600000858306885,2.5999999046325684,2.609999895095825,6317
2024-04-23,2.6500000953674316,2.6600000858306885,2.609999895095825,2.619999885559082,1405
2024-04-24,2.609999895095825,2.6500000953674316,2.5999999046325684,2.5999999046325684,5606
2024-04-25,2.5999999046325684,2.609999895095825,2.5899999141693115,2.5999999046325684,6379
2024-04-26,2.609999895095825,2.680000066757202,2.609999895095825,2.609999895095825,6382
2024-04-29,2.6500000953674316,2.6600000858306885,2.5999999046325684,2.5999999046325684,3075
2024-04-30,2.5999999046325684,2.619999885559082,2.559999942779541,2.619999885559082,8933
2024-05-02,2.569999933242798,2.619999885559082,2.569999933242798,2.5799999237060547,1114
2024-05-06,2.609999895095825,2.630000114440918,2.5899999141693115,2.5899999141693115,2405
2024-05-07,2.5899999141693115,2.619999885559082,2.5799999237060547,2.619999885559082,2324
2024-05-08,2.609999895095825,2.6500000953674316,2.609999895095825,2.609999895095825,4800
2024-05-09,2.640000104904175,2.640000104904175,2.609999895095825,2.640000104904175,7873
2024-05-10,2.640000104904175,2.759999990463257,2.640000104904175,2.7300000190734863,77037
2024-05-13,2.7799999713897705,2.8499999046325684,2.75,2.8399999141693115,92176
2024-05-14,2.8299999237060547,3.0999999046325684,2.759999990463257,2.9800000190734863,253349
2024-05-15,3.0,3.0899999141693115,2.8499999046325684,2.9700000286102295,110904
2024-05-16,2.940000057220459,2.9800000190734863,2.75,2.880000114440918,62011
2024-05-17,2.880000114440918,2.9100000858306885,2.809999942779541,2.9000000953674316,22043
2024-05-20,2.890000104904175,2.9000000953674316,2.799999952316284,2.8299999237060547,16857
2024-05-21,2.890000104904175,3.049999952316284,2.859999895095825,3.0,113085
2024-05-22,3.0,3.0,2.930000066757202,2.9700000286102295,13141
2024-05-23,2.950000047683716,2.990000009536743,2.9100000858306885,2.9200000762939453,13617
2024-05-24,2.9200000762939453,2.9600000381469727,2.869999885559082,2.9000000953674316,25662
2024-05-27,2.940000057220459,2.950000047683716,2.9000000953674316,2.940000057220459,8742
2024-05-28,2.930000066757202,2.950000047683716,2.880000114440918,2.930000066757202,21294
2024-05-29,2.9200000762939453,2.940000057220459,2.880000114440918,2.9000000953674316,26672
2024-05-31,2.9000000953674316,2.9000000953674316,2.8299999237060547,2.8299999237060547,12682
2024-06-03,2.8299999237060547,2.9800000190734863,2.8299999237060547,2.9800000190734863,64826
2024-06-04,2.9800000190734863,2.9800000190734863,2.9200000762939453,2.950000047683716,4856
2024-06-05,2.9200000762939453,2.950000047683716,2.880000114440918,2.930000066757202,16659
2024-06-06,2.890000104904175,2.940000057220459,2.890000104904175,2.9200000762939453,4067
2024-06-07,2.9200000762939453,2.930000066757202,2.880000114440918,2.930000066757202,4177
2024-06-10,2.9200000762939453,2.930000066757202,2.890000104904175,2.890000104904175,5224
2024-06-11,2.9200000762939453,2.9200000762939453,2.880000114440918,2.890000104904175,9363
2024-06-12,2.9000000953674316,2.9200000762939453,2.890000104904175,2.9200000762939453,6790
2024-06-13,2.9200000762939453,2.9200000762939453,2.799999952316284,2.819999933242798,26863
2024-06-14,2.819999933242798,2.819999933242798,2.75,2.7699999809265137,25174
2024-06-17,2.740000009536743,2.819999933242798,2.740000009536743,2.819999933242798,8286
2024-06-18,2.7899999618530273,2.819999933242798,2.7699999809265137,2.7799999713897705,9418
2024-06-19,2.799999952316284,2.799999952316284,2.7300000190734863,2.7799999713897705,45892
2024-06-20,2.799999952316284,2.799999952316284,2.759999990463257,2.799999952316284,4749
2024-06-21,2.799999952316284,2.809999942779541,2.7699999809265137,2.7699999809265137,3518
2024-06-24,2.7899999618530273,2.799999952316284,2.75,2.7899999618530273,3934
2024-06-25,2.7899999618530273,2.799999952316284,2.75,2.7799999713897705,8115
2024-06-26,2.7699999809265137,2.799999952316284,2.7699999809265137,2.799999952316284,4561
2024-06-27,2.799999952316284,2.819999933242798,2.7899999618530273,2.7899999618530273,8501
2024-06-28,2.799999952316284,2.819999933242798,2.7699999809265137,2.7799999713897705,11294
2024-07-01,2.7899999618530273,2.819999933242798,2.7799999713897705,2.7899999618530273,8639
2024-07-02,2.8299999237060547,2.8399999141693115,2.7899999618530273,2.8299999237060547,19319
2024-07-03,2.7699999809265137,2.799999952316284,2.640000104904175,2.7799999713897705,40009
2024-07-04,2.7899999618530273,2.7899999618530273,2.680000066757202,2.7300000190734863,23937
2024-07-05,2.7100000381469727,2.7300000190734863,2.6600000858306885,2.690000057220459,7440
2024-07-08,2.690000057220459,2.740000009536743,2.690000057220459,2.740000009536743,5598
2024-07-09,2.7200000286102295,2.740000009536743,2.680000066757202,2.700000047683716,12063
2024-07-10,2.700000047683716,2.740000009536743,2.700000047683716,2.7200000286102295,4462
2024-07-11,2.700000047683716,2.7200000286102295,2.700000047683716,2.7200000286102295,5108
2024-07-12,2.7200000286102295,2.7300000190734863,2.7100000381469727,2.7300000190734863,3388
2024-07-15,2.7200000286102295,2.7300000190734863,2.680000066757202,2.700000047683716,2767
2024-07-16,2.7200000286102295,2.7300000190734863,2.680000066757202,2.7300000190734863,7837
2024-07-17,2.700000047683716,2.75,2.6700000762939453,2.75,18160
2024-07-18,2.740000009536743,2.799999952316284,2.7200000286102295,2.7899999618530273,24007
2024-07-19,2.799999952316284,2.880000114440918,2.759999990463257,2.859999895095825,34892
2024-07-22,2.859999895095825,2.950000047683716,2.859999895095825,2.940000057220459,50116
2024-07-23,2.950000047683716,2.950000047683716,2.8399999141693115,2.8499999046325684,32656
2024-07-24,2.859999895095825,2.859999895095825,2.7699999809265137,2.8299999237060547,11703
2024-07-25,2.799999952316284,2.8399999141693115,2.759999990463257,2.819999933242798,12810
2024-07-26,2.7799999713897705,2.890000104904175,2.759999990463257,2.8499999046325684,10052
2024-07-29,2.8399999141693115,2.859999895095825,2.819999933242798,2.859999895095825,7467
2024-07-30,2.859999895095825,2.869999885559082,2.809999942779541,2.869999885559082,6682
2024-07-31,2.880000114440918,2.880000114440918,2.799999952316284,2.859999895095825,11004
2024-08-01,2.8299999237060547,2.8499999046325684,2.7799999713897705,2.7799999713897705,16567
2024-08-02,2.7799999713897705,2.880000114440918,2.7799999713897705,2.7799999713897705,10795
2024-08-05,2.759999990463257,2.759999990463257,2.619999885559082,2.700000047683716,58810
2024-08-06,2.6600000858306885,2.7200000286102295,2.6600000858306885,2.680000066757202,8350
2024-08-07,2.700000047683716,2.740000009536743,2.6600000858306885,2.700000047683716,12035
2024-08-08,2.700000047683716,2.7300000190734863,2.680000066757202,2.7100000381469727,6473
2024-08-09,2.700000047683716,2.7200000286102295,2.700000047683716,2.7200000286102295,1502
2024-08-12,2.7100000381469727,2.75,2.7100000381469727,2.75,5386
2024-08-13,2.740000009536743,2.759999990463257,2.7200000286102295,2.759999990463257,5519
2024-08-14,2.75,2.75,2.700000047683716,2.75,3344
2024-08-16,2.7200000286102295,2.75,2.7200000286102295,2.7300000190734863,3872
2024-08-19,2.7300000190734863,2.75,2.7200000286102295,2.740000009536743,17335
2024-08-20,2.7100000381469727,2.740000009536743,2.700000047683716,2.7300000190734863,6543
2024-08-21,2.7300000190734863,2.740000009536743,2.700000047683716,2.7200000286102295,5476
2024-08-22,2.7200000286102295,2.7699999809265137,2.700000047683716,2.7699999809265137,11436
2024-08-23,2.700000047683716,2.7699999809265137,2.700000047683716,2.759999990463257,22196
2024-08-26,2.7200000286102295,2.740000009536743,2.700000047683716,2.740000009536743,15186
2024-08-27,2.7200000286102295,2.740000009536743,2.700000047683716,2.740000009536743,15084
2024-08-28,2.740000009536743,2.75,2.7100000381469727,2.75,4878
2024-08-29,2.75,2.75,2.700000047683716,2.740000009536743,20700
2024-08-30,2.7300000190734863,2.740000009536743,2.700000047683716,2.700000047683716,1320
2024-09-02,2.700000047683716,2.7699999809265137,2.700000047683716,2.7699999809265137,6746
2024-09-03,2.75,2.75,2.7100000381469727,2.7100000381469727,3260
2024-09-04,2.7100000381469727,2.7200000286102295,2.700000047683716,2.7200000286102295,2302
2024-09-05,2.700000047683716,2.700000047683716,2.690000057220459,2.700000047683716,4507
2024-09-06,2.700000047683716,2.7200000286102295,2.680000066757202,2.7200000286102295,800
2024-09-09,2.7200000286102295,2.7200000286102295,2.680000066757202,2.690000057220459,2995
2024-09-10,2.7100000381469727,2.7100000381469727,2.6700000762939453,2.6700000762939453,1242
2024-09-11,2.680000066757202,2.700000047683716,2.680000066757202,2.690000057220459,4559
2024-09-12,2.690000057220459,2.7200000286102295,2.690000057220459,2.7100000381469727,924
2024-09-13,2.700000047683716,2.7200000286102295,2.690000057220459,2.690000057220459,788
2024-09-16,2.690000057220459,2.7100000381469727,2.690000057220459,2.7100000381469727,293
2024-09-17,2.700000047683716,2.7200000286102295,2.6600000858306885,2.690000057220459,11256
2024-09-18,2.690000057220459,2.690000057220459,2.630000114440918,2.6500000953674316,14105
2024-09-19,2.6700000762939453,2.680000066757202,2.630000114440918,2.6600000858306885,2842
2024-09-20,2.640000104904175,2.6600000858306885,2.640000104904175,2.6500000953674316,524
2024-09-23,2.640000104904175,2.6600000858306885,2.619999885559082,2.6600000858306885,14449
2024-09-24,2.6500000953674316,2.6600000858306885,2.619999885559082,2.6600000858306885,5913
2024-09-25,2.6600000858306885,2.6600000858306885,2.5799999237060547,2.630000114440918,19856
2024-09-26,2.619999885559082,2.640000104904175,2.5799999237060547,2.630000114440918,6918
2024-09-27,2.630000114440918,2.640000104904175,2.5799999237060547,2.640000104904175,1754
2024-09-30,2.5999999046325684,2.640000104904175,2.5799999237060547,2.630000114440918,1429
2024-10-01,2.630000114440918,2.640000104904175,2.5999999046325684,2.640000104904175,2061
2024-10-02,2.630000114440918,2.640000104904175,2.5999999046325684,2.5999999046325684,834
2024-10-03,2.630000114440918,2.6500000953674316,2.609999895095825,2.6500000953674316,3566
2024-10-04,2.640000104904175,2.6500000953674316,2.5199999809265137,2.609999895095825,16315
2024-10-07,2.609999895095825,2.609999895095825,2.5299999713897705,2.5999999046325684,2568
2024-10-08,2.559999942779541,2.640000104904175,2.559999942779541,2.5999999046325684,9239
2024-10-09,2.5999999046325684,2.630000114440918,2.5999999046325684,2.5999999046325684,2008
2024-10-10,2.619999885559082,2.619999885559082,2.5999999046325684,2.5999999046325684,10433
2024-10-11,2.609999895095825,2.6500000953674316,2.5999999046325684,2.6500000953674316,4006
2024-10-14,2.609999895095825,2.6500000953674316,2.5999999046325684,2.630000114440918,6677
2024-10-15,2.630000114440918,2.6500000953674316,2.609999895095825,2.6500000953674316,12771
2024-10-16,2.6500000953674316,2.6500000953674316,2.5999999046325684,2.609999895095825,3930
2024-10-17,2.619999885559082,2.640000104904175,2.609999895095825,2.640000104904175,11407
2024-10-18,2.640000104904175,2.6600000858306885,2.609999895095825,2.640000104904175,612
2024-10-21,2.640000104904175,2.6500000953674316,2.619999885559082,2.6500000953674316,4376
2024-10-22,2.6500000953674316,2.6500000953674316,2.619999885559082,2.640000104904175,1933
2024-10-23,2.619999885559082,2.630000114440918,2.5899999141693115,2.609999895095825,5943
2024-10-24,2.619999885559082,2.630000114440918,2.609999895095825,2.609999895095825,139
2024-10-25,2.609999895095825,2.640000104904175,2.609999895095825,2.630000114440918,1326
2024-10-28,2.619999885559082,2.630000114440918,2.609999895095825,2.630000114440918,4450
2024-10-29,2.630000114440918,2.690000057220459,2.619999885559082,2.680000066757202,18697
2024-10-30,2.6500000953674316,2.6600000858306885,2.5999999046325684,2.619999885559082,4993
2024-10-31,2.630000114440918,2.640000104904175,2.619999885559082,2.619999885559082,1483
2024-11-04,2.630000114440918,2.630000114440918,2.609999895095825,2.609999895095825,3230
2024-11-05,2.630000114440918,2.6500000953674316,2.619999885559082,2.619999885559082,1950
2024-11-06,2.640000104904175,2.640000104904175,2.619999885559082,2.619999885559082,41
2024-11-07,2.619999885559082,2.619999885559082,2.5899999141693115,2.619999885559082,3957
2024-11-08,2.619999885559082,2.619999885559082,2.5899999141693115,2.609999895095825,3779
2024-11-12,2.609999895095825,2.6600000858306885,2.609999895095825,2.640000104904175,8902
2024-11-13,2.640000104904175,2.640000104904175,2.5899999141693115,2.5899999141693115,5570
2024-11-14,2.5899999141693115,2.5999999046325684,2.559999942779541,2.5999999046325684,3970
2024-11-15,2.5999999046325684,2.630000114440918,2.569999933242798,2.569999933242798,18041
2024-11-18,2.559999942779541,2.5799999237060547,2.5199999809265137,2.569999933242798,17786
2024-11-19,2.5799999237060547,2.5799999237060547,2.430000066757202,2.5,61213
2024-11-20,2.5,2.5299999713897705,2.450000047683716,2.5,3822
2024-11-21,2.5,2.5199999809265137,2.490000009536743,2.5,4797
2024-11-22,2.5199999809265137,2.5399999618530273,2.4800000190734863,2.5399999618530273,1233
2024-11-25,2.5399999618530273,2.549999952316284,2.4800000190734863,2.549999952316284,5143
2024-11-26,2.5399999618530273,2.559999942779541,2.509999990463257,2.559999942779541,6057
2024-11-27,2.559999942779541,2.569999933242798,2.549999952316284,2.569999933242798,1029
2024-11-28,2.559999942779541,2.559999942779541,2.549999952316284,2.549999952316284,210
2024-11-29,2.559999942779541,2.609999895095825,2.549999952316284,2.5799999237060547,10825
2024-12-02,2.5799999237060547,2.5799999237060547,2.4800000190734863,2.569999933242798,22667
2024-12-03,2.569999933242798,2.569999933242798,2.5299999713897705,2.559999942779541,277
2024-12-04,2.549999952316284,2.559999942779541,2.549999952316284,2.559999942779541,4269
2024-12-05,2.549999952316284,2.5999999046325684,2.5399999618530273,2.5799999237060547,16639
2024-12-06,2.5899999141693115,2.630000114440918,2.569999933242798,2.619999885559082,14449
2024-12-09,2.619999885559082,2.640000104904175,2.5899999141693115,2.630000114440918,9580
2024-12-10,2.630000114440918,2.640000104904175,2.5999999046325684,2.619999885559082,16434
2024-12-11,2.5999999046325684,2.630000114440918,2.5999999046325684,2.630000114440918,11576
2024-12-12,2.5999999046325684,2.640000104904175,2.5999999046325684,2.5999999046325684,18368
2024-12-13,2.5999999046325684,2.619999885559082,2.5999999046325684,2.5999999046325684,5712
2024-12-16,2.5999999046325684,2.619999885559082,2.5999999046325684,2.619999885559082,7784
2024-12-17,2.5999999046325684,2.619999885559082,2.5999999046325684,2.5999999046325684,34352
2024-12-18,2.5999999046325684,2.5999999046325684,2.490000009536743,2.5799999237060547,74285
2024-12-19,2.5199999809265137,2.569999933242798,2.4800000190734863,2.5199999809265137,12004
2024-12-20,2.5,2.5,2.440000057220459,2.450000047683716,31289
2024-12-23,2.4600000381469727,2.490000009536743,2.319999933242798,2.4200000762939453,34861
2024-12-27,2.359999895095825,2.440000057220459,2.359999895095825,2.440000057220459,3871
2024-12-30,2.450000047683716,2.490000009536743,2.380000114440918,2.490000009536743,7394
2025-01-02,2.440000057220459,2.569999933242798,2.430000066757202,2.559999942779541,14911
2025-01-03,2.5299999713897705,2.569999933242798,2.509999990463257,2.569999933242798,7086
2025-01-07,2.569999933242798,2.569999933242798,2.5199999809265137,2.5299999713897705,6349
2025-01-08,2.5299999713897705,2.559999942779541,2.509999990463257,2.5199999809265137,4835
2025-01-09,2.509999990463257,2.5399999618530273,2.5,2.509999990463257,4207
2025-01-10,2.509999990463257,2.5299999713897705,2.5,2.5299999713897705,3415
2025-01-13,2.5,2.5399999618530273,2.5,2.5399999618530273,12933
2025-01-14,2.5399999618530273,2.5399999618530273,2.490000009536743,2.509999990463257,6695
2025-01-15,2.5399999618530273,2.5399999618530273,2.490000009536743,2.490000009536743,4775
2025-01-16,2.5,2.5,2.490000009536743,2.5,1250
2025-01-17,2.5199999809265137,2.5299999713897705,2.4800000190734863,2.4800000190734863,4457
2025-01-20,2.5199999809265137,2.5199999809265137,2.4600000381469727,2.4600000381469727,3494
2025-01-21,2.5,2.5,2.4600000381469727,2.4600000381469727,5015
2025-01-22,2.5,2.509999990463257,2.5,2.509999990463257,2447
2025-01-23,2.4800000190734863,2.5199999809265137,2.4700000286102295,2.5199999809265137,3444
2025-01-24,2.5199999809265137,2.5299999713897705,2.5,2.509999990463257,2198
2025-01-27,2.509999990463257,2.5199999809265137,2.5,2.5199999809265137,3494
2025-01-28,2.5199999809265137,2.5299999713897705,2.4800000190734863,2.5199999809265137,9812
2025-01-29,2.5199999809265137,2.5299999713897705,2.5,2.5,1005
2025-01-30,2.5199999809265137,2.549999952316284,2.509999990463257,2.5199999809265137,7625
2025-01-31,2.5299999713897705,2.5799999237060547,2.5299999713897705,2.569999933242798,7841
2025-02-03,2.569999933242798,2.609999895095825,2.5199999809265137,2.609999895095825,42725
2025-02-04,2.609999895095825,2.640000104904175,2.5899999141693115,2.630000114440918,10562
2025-02-05,2.630000114440918,2.640000104904175,2.5999999046325684,2.630000114440918,14646
2025-02-06,2.5999999046325684,2.630000114440918,2.5999999046325684,2.630000114440918,5405
2025-02-07,2.5999999046325684,2.640000104904175,2.5999999046325684,2.640000104904175,3802
2025-02-10,2.5799999237060547,2.640000104904175,2.559999942779541,2.640000104904175,32521
2025-02-11,2.640000104904175,2.6700000762939453,2.609999895095825,2.640000104904175,9659
2025-02-12,2.6700000762939453,2.680000066757202,2.619999885559082,2.630000114440918,14221
2025-02-13,2.630000114440918,2.6600000858306885,2.630000114440918,2.640000104904175,4063
2025-02-14,2.6600000858306885,2.6600000858306885,2.640000104904175,2.6600000858306885,3777
2025-02-17,2.6700000762939453,2.7200000286102295,2.6600000858306885,2.700000047683716,30778
2025-02-18,2.700000047683716,2.7899999618530273,2.700000047683716,2.7699999809265137,29949
2025-02-19,2.7699999809265137,2.799999952316284,2.740000009536743,2.7799999713897705,14228
2025-02-20,2.759999990463257,2.7799999713897705,2.700000047683716,2.740000009536743,9588
2025-02-21,2.7200000286102295,2.75,2.700000047683716,2.7200000286102295,7263
2025-02-24,2.7100000381469727,2.740000009536743,2.690000057220459,2.740000009536743,8754
2025-02-25,2.740000009536743,2.75,2.700000047683716,2.7300000190734863,4391
2025-02-26,2.75,2.7899999618530273,2.75,2.759999990463257,8826
2025-02-27,2.7699999809265137,2.7799999713897705,2.7300000190734863,2.740000009536743,3075
2025-02-28,2.7300000190734863,2.740000009536743,2.680000066757202,2.740000009536743,10007
2025-03-03,2.7300000190734863,2.7300000190734863,2.680000066757202,2.7100000381469727,21763
2025-03-04,2.700000047683716,2.7300000190734863,2.6700000762939453,2.6700000762939453,11500
2025-03-05,2.680000066757202,2.75,2.680000066757202,2.740000009536743,7546
2025-03-06,2.740000009536743,3.0899999141693115,2.7200000286102295,2.9200000762939453,85853
2025-03-07,2.9200000762939453,3.049999952316284,2.9200000762939453,2.950000047683716,37183
2025-03-10,2.940000057220459,2.950000047683716,2.890000104904175,2.940000057220459,12836
2025-03-11,2.9000000953674316,2.930000066757202,2.819999933242798,2.859999895095825,22881
2025-03-12,2.859999895095825,2.9000000953674316,2.859999895095825,2.9000000953674316,2334
2025-03-13,2.880000114440918,2.9200000762939453,2.869999885559082,2.9000000953674316,5938
2025-03-14,2.9000000953674316,2.9000000953674316,2.8499999046325684,2.8499999046325684,7104
2025-03-17,2.8499999046325684,2.9700000286102295,2.7799999713897705,2.9000000953674316,46639
2025-03-18,2.9200000762939453,2.950000047683716,2.9000000953674316,2.930000066757202,19712
2025-03-19,2.9200000762939453,2.930000066757202,2.869999885559082,2.9200000762939453,12234
2025-03-20,2.9200000762939453,2.930000066757202,2.869999885559082,2.9000000953674316,7679
2025-03-21,2.880000114440918,2.9000000953674316,2.869999885559082,2.9000000953674316,4040
2025-03-24,2.869999885559082,2.9200000762939453,2.8499999046325684,2.890000104904175,5561
2025-03-25,2.890000104904175,2.9000000953674316,2.8499999046325684,2.890000104904175,4640
2025-03-26,2.890000104904175,2.890000104904175,2.859999895095825,2.890000104904175,3614
2025-03-27,2.859999895095825,2.880000114440918,2.8499999046325684,2.8499999046325684,6360
2025-03-28,2.859999895095825,2.890000104904175,2.700000047683716,2.819999933242798,38262
2025-03-31,2.809999942779541,2.809999942779541,2.7300000190734863,2.7899999618530273,14211
2025-04-01,2.759999990463257,2.799999952316284,2.759999990463257,2.799999952316284,5489
2025-04-02,2.7799999713897705,2.799999952316284,2.759999990463257,2.799999952316284,4647
2025-04-03,2.7899999618530273,2.7899999618530273,2.6600000858306885,2.7300000190734863,39639
2025-04-04,2.7200000286102295,2.7300000190734863,2.5999999046325684,2.6600000858306885,12954
2025-04-07,2.549999952316284,2.5899999141693115,2.5,2.5799999237060547,18496
2025-04-08,2.5799999237060547,2.5999999046325684,2.5799999237060547,2.5799999237060547,3866
2025-04-09,2.5799999237060547,2.5899999141693115,2.509999990463257,2.5799999237060547,7825
2025-04-10,2.619999885559082,2.6500000953674316,2.609999895095825,2.619999885559082,10572
2025-04-11,2.619999885559082,2.640000104904175,2.5899999141693115,2.640000104904175,4279
2025-04-14,2.640000104904175,2.680000066757202,2.5799999237060547,2.680000066757202,6625
2025-04-15,2.6500000953674316,2.7200000286102295,2.630000114440918,2.7200000286102295,15112
2025-04-16,2.7200000286102295,2.7200000286102295,2.6700000762939453,2.700000047683716,451
2025-04-17,2.690000057220459,2.690000057220459,2.6500000953674316,2.690000057220459,9658
2025-04-22,2.690000057220459,2.7100000381469727,2.640000104904175,2.700000047683716,12300
2025-04-23,2.6500000953674316,2.700000047683716,2.640000104904175,2.690000057220459,16909
2025-04-24,2.690000057220459,2.690000057220459,2.6700000762939453,2.690000057220459,2109
2025-04-25,2.680000066757202,2.75,2.6600000858306885,2.75,11539
2025-04-28,2.7699999809265137,2.8499999046325684,2.7200000286102295,2.7699999809265137,67627
2025-04-29,2.7699999809265137,2.7899999618530273,2.75,2.7799999713897705,4207
2025-04-30,2.7799999713897705,2.7799999713897705,2.7200000286102295,2.7699999809265137,8654
2025-05-02,2.7699999809265137,2.819999933242798,2.7699999809265137,2.819999933242798,17964
2025-05-05,2.8399999141693115,2.8399999141693115,2.7300000190734863,2.809999942779541,16719
2025-05-06,2.799999952316284,2.799999952316284,2.75,2.7799999713897705,5931
2025-05-07,2.7799999713897705,2.7799999713897705,2.75,2.75,43156
2025-05-08,2.759999990463257,2.7899999618530273,2.75,2.759999990463257,8484
2025-05-09,2.7799999713897705,2.7899999618530273,2.7300000190734863,2.7699999809265137,7348
2025-05-12,2.7699999809265137,2.819999933242798,2.740000009536743,2.7699999809265137,25318
2025-05-13,2.7699999809265137,2.819999933242798,2.7699999809265137,2.819999933242798,4799
2025-05-14,2.799999952316284,2.819999933242798,2.759999990463257,2.809999942779541,7560
2025-05-15,2.7699999809265137,2.809999942779541,2.75,2.809999942779541,12303
2025-05-16,2.809999942779541,2.819999933242798,2.759999990463257,2.7799999713897705,8063
2025-05-19,2.7899999618530273,2.799999952316284,2.759999990463257,2.7799999713897705,5542
2025-05-20,2.7899999618530273,2.7899999618530273,2.759999990463257,2.759999990463257,3586
2025-05-21,2.7699999809265137,2.7699999809265137,2.7200000286102295,2.759999990463257,8004
2025-05-22,2.759999990463257,2.759999990463257,2.7100000381469727,2.7100000381469727,1897
2025-05-23,2.7100000381469727,2.7100000381469727,2.6700000762939453,2.690000057220459,10014
2025-05-26,2.690000057220459,2.700000047683716,2.630000114440918,2.680000066757202,19590
2025-05-27,2.6500000953674316,2.680000066757202,2.640000104904175,2.640000104904175,8102
2025-05-28,2.640000104904175,2.690000057220459,2.619999885559082,2.6500000953674316,21111
2025-05-29,2.640000104904175,2.700000047683716,2.630000114440918,2.640000104904175,35946
2025-05-30,2.6700000762939453,2.680000066757202,2.619999885559082,2.6500000953674316,44979
2025-06-02,2.640000104904175,2.7100000381469727,2.630000114440918,2.640000104904175,28575
2025-06-03,2.640000104904175,2.6600000858306885,2.640000104904175,2.6500000953674316,7062
2025-06-04,2.6500000953674316,2.6700000762939453,2.630000114440918,2.6600000858306885,11207
2025-06-05,2.6600000858306885,2.6600000858306885,2.5899999141693115,2.5899999141693115,38632
2025-06-06,2.5999999046325684,2.619999885559082,2.5899999141693115,2.609999895095825,23667
2025-06-09,2.609999895095825,2.6600000858306885,2.609999895095825,2.630000114440918,6408
2025-06-10,2.640000104904175,2.680000066757202,2.640000104904175,2.680000066757202,4044
2025-06-11,2.680000066757202,2.680000066757202,2.6500000953674316,2.680000066757202,2453
2025-06-12,2.6700000762939453,2.690000057220459,2.6500000953674316,2.680000066757202,5725
2025-06-13,2.680000066757202,2.680000066757202,2.5999999046325684,2.640000104904175,17486
2025-06-16,2.619999885559082,2.690000057220459,2.619999885559082,2.6700000762939453,3909
2025-06-17,2.680000066757202,2.680000066757202,2.6600000858306885,2.6700000762939453,2690
2025-06-18,2.6600000858306885,2.6600000858306885,2.630000114440918,2.6600000858306885,3966
2025-06-20,2.640000104904175,2.6600000858306885,2.630000114440918,2.6600000858306885,3230
2025-06-23,2.6600000858306885,2.680000066757202,2.640000104904175,2.6700000762939453,2558
2025-06-24,2.6700000762939453,2.680000066757202,2.6500000953674316,2.6500000953674316,10738
2025-06-25,2.6600000858306885,2.6600000858306885,2.630000114440918,2.630000114440918,8782
2025-06-26,2.630000114440918,2.6600000858306885,2.630000114440918,2.6600000858306885,6678
2025-06-27,2.6600000858306885,2.6700000762939453,2.619999885559082,2.630000114440918,28710
2025-06-30,2.6500000953674316,2.6600000858306885,2.619999885559082,2.6600000858306885,2667
2025-07-01,2.6600000858306885,2.680000066757202,2.630000114440918,2.680000066757202,4585
2025-07-02,2.6500000953674316,2.690000057220459,2.619999885559082,2.630000114440918,17319
2025-07-03,2.630000114440918,2.680000066757202,2.630000114440918,2.640000104904175,64868
2025-07-04,2.5899999141693115,2.609999895095825,2.549999952316284,2.549999952316284,45881
2025-07-07,2.569999933242798,2.569999933242798,2.5199999809265137,2.5399999618530273,19012
2025-07-08,2.5399999618530273,2.5399999618530273,2.5399999618530273,2.5399999618530273,12580
2025-07-09,2.5399999618530273,2.549999952316284,2.5199999809265137,2.549999952316284,2939
2025-07-10,2.5399999618530273,2.549999952316284,2.5299999713897705,2.5399999618530273,37937
2025-07-11,2.549999952316284,2.569999933242798,2.5299999713897705,2.549999952316284,52772
2025-07-14,2.559999942779541,2.559999942779541,2.5199999809265137,2.549999952316284,9672
2025-07-15,2.549999952316284,2.549999952316284,2.5199999809265137,2.5299999713897705,23138
2025-07-16,2.5199999809265137,2.5799999237060547,2.5199999809265137,2.5299999713897705,14652
2025-07-17,2.549999952316284,2.549999952316284,2.5299999713897705,2.549999952316284,5311
2025-07-18,2.559999942779541,2.5999999046325684,2.5399999618530273,2.549999952316284,25463
2025-07-21,2.5799999237060547,2.619999885559082,2.5799999237060547,2.5999999046325684,12404
2025-07-22,2.569999933242798,2.619999885559082,2.569999933242798,2.619999885559082,7044
2025-07-23,2.5999999046325684,2.640000104904175,2.5999999046325684,2.640000104904175,4113
2025-07-24,2.640000104904175,3.059999942779541,2.640000104904175,2.8299999237060547,421442
2025-07-25,2.880000114440918,2.990000009536743,2.7899999618530273,2.859999895095825,240242
2025-07-28,2.9000000953674316,3.009999990463257,2.880000114440918,2.940000057220459,441228
2025-07-29,2.9600000381469727,2.990000009536743,2.890000104904175,2.9000000953674316,85754
2025-07-30,2.9000000953674316,2.940000057220459,2.819999933242798,2.890000104904175,70116
2025-07-31,2.9200000762939453,2.9200000762939453,2.8399999141693115,2.859999895095825,42896
2025-08-01,2.8299999237060547,2.930000066757202,2.819999933242798,2.890000104904175,31604
2025-08-04,2.890000104904175,2.930000066757202,2.8499999046325684,2.880000114440918,23922
2025-08-05,2.890000104904175,2.930000066757202,2.8399999141693115,2.859999895095825,30503
2025-08-06,2.890000104904175,2.9000000953674316,2.8399999141693115,2.8499999046325684,31060
2025-08-07,2.880000114440918,2.9000000953674316,2.799999952316284,2.859999895095825,37093
2025-08-08,2.880000114440918,2.880000114440918,2.8399999141693115,2.8399999141693115,12329
2025-08-11,2.8399999141693115,2.859999895095825,2.799999952316284,2.8299999237060547,40563
2025-08-12,2.8499999046325684,2.8499999046325684,2.8299999237060547,2.8499999046325684,1989
2025-08-13,2.819999933242798,2.8499999046325684,2.799999952316284,2.8499999046325684,24109
2025-08-14,2.8499999046325684,2.859999895095825,2.7899999618530273,2.809999942779541,58984
2025-08-18,2.8299999237060547,2.8499999046325684,2.7899999618530273,2.799999952316284,23136
2025-08-19,2.799999952316284,2.8299999237060547,2.7799999713897705,2.809999942779541,47199
2025-08-20,2.8299999237060547,2.9000000953674316,2.8299999237060547,2.8499999046325684,122195
2025-08-21,2.869999885559082,2.9100000858306885,2.819999933242798,2.8499999046325684,71858
2025-08-22,2.819999933242798,2.869999885559082,2.7100000381469727,2.809999942779541,106148
2025-08-25,2.799999952316284,2.8499999046325684,2.7799999713897705,2.8499999046325684,19130
2025-08-26,2.8399999141693115,2.869999885559082,2.819999933242798,2.8499999046325684,18099
2025-08-27,2.8499999046325684,2.859999895095825,2.819999933242798,2.819999933242798,6771
2025-08-28,2.819999933242798,2.8399999141693115,2.7899999618530273,2.7899999618530273,13864
2025-08-29,2.819999933242798,2.8499999046325684,2.7899999618530273,2.799999952316284,4847
2025-09-01,2.799999952316284,2.8499999046325684,2.759999990463257,2.8299999237060547,14925
2025-09-02,2.8299999237060547,2.8299999237060547,2.7799999713897705,2.7899999618530273,1972
2025-09-03,2.819999933242798,2.8499999046325684,2.809999942779541,2.809999942779541,9251
2025-09-04,2.8399999141693115,2.8399999141693115,2.799999952316284,2.8299999237060547,12930
2025-09-05,2.8299999237060547,2.8399999141693115,2.7899999618530273,2.819999933242798,20493
2025-09-08,2.7899999618530273,2.819999933242798,2.7799999713897705,2.809999942779541,11213
2025-09-09,2.809999942779541,2.930000066757202,2.799999952316284,2.880000114440918,60902
2025-09-10,2.869999885559082,2.890000104904175,2.799999952316284,2.880000114440918,85190
2025-09-11,2.880000114440918,2.9000000953674316,2.799999952316284,2.890000104904175,47569
2025-09-12,2.880000114440918,2.880000114440918,2.8299999237060547,2.8499999046325684,34840
2025-09-15,2.8399999141693115,2.9000000953674316,2.8399999141693115,2.859999895095825,46075
2025-09-16,2.859999895095825,2.9200000762939453,2.8399999141693115,2.9100000858306885,43607
2025-09-17,2.9100000858306885,3.0,2.880000114440918,3.0,81201
2025-09-18,3.009999990463257,3.2200000286102295,3.0,3.140000104904175,526308
2025-09-19,3.130000114440918,3.140000104904175,3.059999942779541,3.119999885559082,56981
2025-09-22,3.119999885559082,3.119999885559082,3.0399999618530273,3.0999999046325684,45262
2025-09-23,3.0999999046325684,3.25,3.0299999713897705,3.2200000286102295,271540
2025-09-24,3.200000047683716,3.3499999046325684,3.180000066757202,3.3499999046325684,275427
2025-09-25,3.359999895095825,3.380000114440918,3.25,3.3499999046325684,222163
2025-09-26,3.2899999618530273,3.3499999046325684,3.0999999046325684,3.1600000858306885,171082
2025-09-29,3.2100000381469727,3.240000009536743,3.0799999237060547,3.140000104904175,249259
2025-09-30,3.1700000762939453,3.2100000381469727,3.109999895095825,3.190000057220459,137750
2025-10-01,3.180000066757202,3.180000066757202,3.0999999046325684,3.1700000762939453,56748
2025-10-02,3.200000047683716,3.200000047683716,3.130000114440918,3.180000066757202,69748
2025-10-03,3.240000009536743,3.809999942779541,3.200000047683716,3.7100000381469727,840565
2025-10-06,3.75,3.7699999809265137,3.549999952316284,3.690000057220459,263253
2025-10-07,3.690000057220459,3.700000047683716,3.5399999618530273,3.5399999618530273,102563
2025-10-08,3.5399999618530273,3.630000114440918,3.4600000381469727,3.5799999237060547,104657
2025-10-09,3.5899999141693115,3.6500000953674316,3.490000009536743,3.5,85903
2025-10-10,3.450000047683716,3.5,3.4000000953674316,3.4000000953674316,58391
2025-10-13,3.359999895095825,3.390000104904175,3.240000009536743,3.259999990463257,219769
2025-10-14,3.259999990463257,3.509999990463257,3.119999885559082,3.4000000953674316,294218
2025-10-15,3.4000000953674316,3.4700000286102295,3.309999942779541,3.430000066757202,77929
2025-10-16,3.4100000858306885,3.490000009536743,3.3499999046325684,3.4800000190734863,48354
2025-10-17,3.4700000286102295,3.4700000286102295,3.3299999237060547,3.380000114440918,23121
2025-10-20,3.390000104904175,3.4700000286102295,3.359999895095825,3.4100000858306885,20699
2025-10-21,3.4100000858306885,3.4600000381469727,3.3499999046325684,3.430000066757202,28564
2025-10-22,3.450000047683716,3.450000047683716,3.299999952316284,3.3499999046325684,26424
2025-10-23,3.380000114440918,3.450000047683716,3.3499999046325684,3.4000000953674316,23467
2025-10-24,3.4000000953674316,3.4000000953674316,3.309999942779541,3.3499999046325684,23441
2025-10-27,3.3499999046325684,3.3499999046325684,3.1700000762939453,3.200000047683716,67099
2025-10-28,3.200000047683716,3.319999933242798,3.200000047683716,3.299999952316284,32565
2025-10-29,3.430000066757202,3.6500000953674316,3.430000066757202,3.549999952316284,345271
2025-10-30,3.509999990463257,3.569999933242798,3.430000066757202,3.4800000190734863,32525
2025-10-31,3.4800000190734863,3.609999895095825,3.4100000858306885,3.5899999141693115,60510
2025-11-03,3.569999933242798,3.6500000953674316,3.5199999809265137,3.5999999046325684,41559
2025-11-04,3.5999999046325684,3.5999999046325684,3.4000000953674316,3.450000047683716,64760
2025-11-05,3.509999990463257,3.509999990463257,3.380000114440918,3.380000114440918,42624
2025-11-06,3.4600000381469727,3.4700000286102295,3.380000114440918,3.440000057220459,29702
2025-11-07,3.4200000762939453,3.430000066757202,3.380000114440918,3.4100000858306885,9238
2025-11-10,3.4100000858306885,3.4700000286102295,3.4100000858306885,3.4600000381469727,8232
2025-11-12,3.4700000286102295,3.490000009536743,3.4000000953674316,3.4700000286102295,22377
2025-11-13,3.4800000190734863,3.5299999713897705,3.4000000953674316,3.4000000953674316,35455
2025-11-14,3.369999885559082,3.430000066757202,3.299999952316284,3.4200000762939453,65369
2025-11-17,3.4200000762939453,3.4700000286102295,3.3399999141693115,3.380000114440918,28477
2025-11-18,3.390000104904175,3.440000057220459,3.3399999141693115,3.4000000953674316,26719
2025-11-19,3.4000000953674316,3.4200000762939453,3.3299999237060547,3.380000114440918,10812
2025-11-20,3.359999895095825,3.390000104904175,3.3499999046325684,3.3499999046325684,2401
2025-11-21,3.390000104904175,3.390000104904175,3.2200000286102295,3.259999990463257,43761
2025-11-24,3.259999990463257,3.3499999046325684,3.2300000190734863,3.2899999618530273,37085
2025-11-25,3.3299999237060547,3.430000066757202,3.299999952316284,3.4200000762939453,19868
2025-11-26,3.4200000762939453,3.4200000762939453,3.359999895095825,3.4100000858306885,5827
2025-11-27,3.4000000953674316,3.4100000858306885,3.3299999237060547,3.4100000858306885,16499
2025-11-28,3.4100000858306885,3.4200000762939453,3.3399999141693115,3.369999885559082,9242
2025-12-01,3.380000114440918,3.380000114440918,3.299999952316284,3.299999952316284,26712
2025-12-02,3.2699999809265137,3.3499999046325684,3.180000066757202,3.190000057220459,64706
2025-12-03,3.190000057220459,3.2300000190734863,3.180000066757202,3.2200000286102295,17011
2025-12-04,3.2300000190734863,3.2300000190734863,3.190000057220459,3.2100000381469727,9459
2025-12-05,3.2200000286102295,3.2200000286102295,3.1700000762939453,3.200000047683716,26998
2025-12-08,3.2100000381469727,3.25,3.1600000858306885,3.190000057220459,19635
2025-12-09,3.180000066757202,3.2100000381469727,3.180000066757202,3.2100000381469727,12483
2025-12-10,3.2100000381469727,3.2200000286102295,3.1700000762939453,3.190000057220459,10285
2025-12-11,3.190000057220459,3.2200000286102295,3.180000066757202,3.2200000286102295,10331
2025-12-12,3.2300000190734863,3.240000009536743,3.190000057220459,3.2200000286102295,23801
2025-12-15,3.2200000286102295,3.2799999713897705,3.1500000953674316,3.25,66525
2025-12-16,3.2100000381469727,3.2699999809265137,3.1500000953674316,3.1600000858306885,99387
2025-12-17,3.1600000858306885,3.200000047683716,3.0799999237060547,3.190000057220459,60518
2025-12-18,3.190000057220459,3.190000057220459,3.1500000953674316,3.190000057220459,11026
2025-12-19,3.1700000762939453,3.200000047683716,3.1500000953674316,3.190000057220459,14665
2025-12-22,3.190000057220459,3.190000057220459,3.109999895095825,3.130000114440918,18763
2025-12-23,3.1500000953674316,3.2200000286102295,3.1500000953674316,3.2100000381469727,30660
2025-12-29,3.2100000381469727,3.3299999237060547,3.180000066757202,3.2899999618530273,25522
2025-12-30,3.259999990463257,3.299999952316284,3.200000047683716,3.2300000190734863,26268
2026-01-02,3.25,3.3499999046325684,3.200000047683716,3.2799999713897705,20772
2026-01-05,3.25,3.5,3.25,3.4800000190734863,62201
2026-01-07,3.4000000953674316,3.490000009536743,3.390000104904175,3.440000057220459,51951
2026-01-08,3.4800000190734863,3.4800000190734863,3.299999952316284,3.3399999141693115,50786
2026-01-09,3.3399999141693115,3.369999885559082,3.2899999618530273,3.3299999237060547,25570
2026-01-12,3.3499999046325684,3.4200000762939453,3.319999933242798,3.3499999046325684,34195
2026-01-13,3.3499999046325684,3.390000104904175,3.319999933242798,3.369999885559082,12489
2026-01-14,3.3499999046325684,3.369999885559082,3.299999952316284,3.309999942779541,11380
2026-01-15,3.309999942779541,3.3399999141693115,3.2899999618530273,3.299999952316284,42129
2026-01-16,3.3299999237060547,3.3299999237060547,3.2799999713897705,3.299999952316284,62024
2026-01-19,3.319999933242798,3.3399999141693115,3.2799999713897705,3.309999942779541,14661
2026-01-20,3.299999952316284,3.309999942779541,3.180000066757202,3.200000047683716,42509
2026-01-21,3.2300000190734863,3.2300000190734863,3.069999933242798,3.1500000953674316,50303
2026-01-22,3.130000114440918,3.2899999618530273,3.069999933242798,3.2799999713897705,109356
2026-01-23,3.2699999809265137,3.2799999713897705,3.1600000858306885,3.180000066757202,23157
2026-01-26,3.180000066757202,3.200000047683716,3.1500000953674316,3.1600000858306885,26888
2026-01-27,3.1700000762939453,3.2300000190734863,3.0999999046325684,3.190000057220459,33133
2026-01-28,3.200000047683716,3.2699999809265137,3.0999999046325684,3.240000009536743,47526
2026-01-29,3.25,3.25,3.1700000762939453,3.2300000190734863,12856
2026-01-30,3.2200000286102295,3.2200000286102295,3.119999885559082,3.1700000762939453,20493
2026-02-02,3.119999885559082,3.140000104904175,3.0799999237060547,3.0899999141693115,47870
2026-02-03,3.0899999141693115,3.180000066757202,3.049999952316284,3.0999999046325684,32914
2026-02-04,3.0899999141693115,3.1500000953674316,3.0799999237060547,3.130000114440918,11096
2026-02-05,3.130000114440918,3.180000066757202,3.0799999237060547,3.0999999046325684,27317
2026-02-06,3.0999999046325684,3.1700000762939453,3.0799999237060547,3.1700000762939453,15405
2026-02-09,3.1700000762939453,3.1700000762939453,3.0899999141693115,3.130000114440918,16449
2026-02-10,3.119999885559082,3.1700000762939453,3.0999999046325684,3.1600000858306885,8504
2026-02-11,3.0799999237060547,3.240000009536743,3.0799999237060547,3.200000047683716,16408
2026-02-12,3.200000047683716,3.2300000190734863,3.1500000953674316,3.190000057220459,17527
2026-02-13,3.190000057220459,3.2300000190734863,3.119999885559082,3.180000066757202,21809
2026-02-16,3.180000066757202,3.2100000381469727,3.109999895095825,3.200000047683716,39168
2026-02-17,3.200000047683716,3.2200000286102295,3.119999885559082,3.180000066757202,34258
2026-02-18,3.190000057220459,3.200000047683716,3.140000104904175,3.180000066757202,6383
2026-02-19,3.1700000762939453,3.190000057220459,3.140000104904175,3.1500000953674316,8156
2026-02-20,3.1600000858306885,3.1600000858306885,3.119999885559082,3.140000104904175,19750
2026-02-23,3.1500000953674316,3.1500000953674316,3.119999885559082,3.1500000953674316,3787
2026-02-24,3.130000114440918,3.1700000762939453,3.0999999046325684,3.140000104904175,16592
2026-02-25,3.140000104904175,3.1500000953674316,3.109999895095825,3.1500000953674316,5829
2026-02-26,3.1600000858306885,3.1600000858306885,3.119999885559082,3.119999885559082,5827
2026-02-27,3.140000104904175,3.2100000381469727,3.140000104904175,3.1700000762939453,28692
2026-03-02,3.1700000762939453,3.190000057220459,3.140000104904175,3.180000066757202,6697
2026-03-03,3.1600000858306885,3.190000057220459,2.950000047683716,3.0899999141693115,52193
2026-03-04,3.0899999141693115,3.1600000858306885,3.0199999809265137,3.0899999141693115,20028
2026-03-05,3.140000104904175,3.1500000953674316,3.0999999046325684,3.140000104904175,8672
2026-03-06,3.140000104904175,3.140000104904175,3.0799999237060547,3.0999999046325684,19111
2026-03-09,3.0999999046325684,3.0999999046325684,2.9700000286102295,3.0199999809265137,31701
2026-03-10,3.0299999713897705,3.0899999141693115,3.009999990463257,3.069999933242798,14247
2026-03-11,3.069999933242798,3.0899999141693115,3.0399999618530273,3.0899999141693115,11526
2026-03-12,3.0799999237060547,3.359999895095825,3.0799999237060547,3.299999952316284,109530
2026-03-13,3.299999952316284,3.3499999046325684,3.2200000286102295,3.3299999237060547,21686
2026-03-16,3.3299999237060547,3.380000114440918,3.2699999809265137,3.3399999141693115,43076
2026-03-17,3.3399999141693115,3.3399999141693115,3.2300000190734863,3.25,19221
2026-03-18,3.25,3.299999952316284,3.2300000190734863,3.2899999618530273,16731
2026-03-19,3.2799999713897705,3.2799999713897705,3.2100000381469727,3.2100000381469727,29135
2026-03-20,3.200000047683716,3.2100000381469727,3.119999885559082,3.190000057220459,21472
2026-03-23,3.119999885559082,3.1700000762939453,3.0799999237060547,3.0999999046325684,26107
2026-03-24,3.119999885559082,3.2100000381469727,3.119999885559082,3.1700000762939453,12640
2026-03-25,3.180000066757202,3.2100000381469727,3.140000104904175,3.190000057220459,14114
2026-03-26,3.190000057220459,3.2100000381469727,3.130000114440918,3.190000057220459,11134
2026-03-27,3.2200000286102295,3.2200000286102295,3.0199999809265137,3.069999933242798,36126
2026-03-30,3.049999952316284,3.049999952316284,2.950000047683716,2.9800000190734863,62540
2026-03-31,2.9800000190734863,3.049999952316284,2.9800000190734863,3.009999990463257,9044
2026-04-01,3.009999990463257,3.069999933242798,3.009999990463257,3.0199999809265137,4691
2026-04-02,3.049999952316284,3.069999933242798,3.0,3.0299999713897705,9301
2026-04-07,3.0299999713897705,3.059999942779541,3.009999990463257,3.059999942779541,12509
2026-04-08,3.059999942779541,3.109999895095825,3.0199999809265137,3.0899999141693115,9774
2026-04-09,3.0899999141693115,3.0899999141693115,3.049999952316284,3.0799999237060547,4544
2026-04-10,3.0799999237060547,3.0799999237060547,3.0399999618530273,3.059999942779541,5073
2026-04-13,3.0399999618530273,3.109999895095825,3.0399999618530273,3.0799999237060547,17971
2026-04-14,3.0899999141693115,3.200000047683716,3.069999933242798,3.119999885559082,60272
2026-04-15,3.180000066757202,3.2899999618530273,3.130000114440918,3.180000066757202,88255
2026-04-16,3.200000047683716,3.2200000286102295,3.119999885559082,3.1700000762939453,12413
2026-04-17,3.140000104904175,3.1700000762939453,3.069999933242798,3.130000114440918,76980
2026-04-20,3.109999895095825,3.130000114440918,3.069999933242798,3.0899999141693115,21297
2026-04-21,3.0899999141693115,3.1500000953674316,3.0799999237060547,3.0999999046325684,9393
2026-04-22,3.130000114440918,3.130000114440918,3.0899999141693115,3.0999999046325684,8433
2026-04-23,3.130000114440918,3.130000114440918,3.049999952316284,3.0899999141693115,20620
2026-04-24,3.069999933242798,3.0899999141693115,3.059999942779541,3.059999942779541,12833
2026-04-27,3.059999942779541,3.0999999046325684,3.0199999809265137,3.059999942779541,28136
2026-04-28,3.0799999237060547,3.0899999141693115,3.0199999809265137,3.0399999618530273,24238
2026-04-29,3.059999942779541,3.0799999237060547,3.0299999713897705,3.049999952316284,5140
2026-04-30,3.069999933242798,3.0999999046325684,3.0399999618530273,3.069999933242798,8909
2026-05-04,3.0799999237060547,3.130000114440918,3.049999952316284,3.109999895095825,25428
2026-05-05,3.119999885559082,3.1600000858306885,3.119999885559082,3.140000104904175,26877
2026-05-06,3.1500000953674316,3.190000057220459,3.130000114440918,3.1600000858306885,16135
2026-05-07,3.1600000858306885,3.180000066757202,3.140000104904175,3.1700000762939453,20125
2026-05-08,3.1600000858306885,3.1600000858306885,3.119999885559082,3.130000114440918,17386
2026-05-11,3.130000114440918,3.1500000953674316,3.0799999237060547,3.109999895095825,8642
2026-05-12,3.0999999046325684,3.140000104904175,3.0799999237060547,3.140000104904175,2517
2026-05-13,3.109999895095825,3.1500000953674316,3.0999999046325684,3.1500000953674316,9577
2026-05-14,3.1500000953674316,3.1700000762939453,3.130000114440918,3.1600000858306885,21147
2026-05-15,3.130000114440918,3.1700000762939453,3.130000114440918,3.1600000858306885,4490
2026-05-18,3.1700000762939453,3.180000066757202,3.109999895095825,3.109999895095825,27231
2026-05-19,3.1700000762939453,3.1700000762939453,3.119999885559082,3.1500000953674316,8207
2026-05-20,3.140000104904175,3.1500000953674316,3.0799999237060547,3.140000104904175,15151
2026-05-21,3.140000104904175,3.1500000953674316,3.109999895095825,3.1500000953674316,5110
2026-05-22,3.1500000953674316,3.1500000953674316,3.119999885559082,3.140000104904175,4627
2026-05-25,3.119999885559082,3.1500000953674316,3.059999942779541,3.0999999046325684,11245
2026-05-26,3.130000114440918,3.140000104904175,3.119999885559082,3.140000104904175,1984
2026-05-27,3.119999885559082,3.140000104904175,3.0899999141693115,3.0999999046325684,7817
2026-05-28,3.130000114440918,3.140000104904175,3.0799999237060547,3.0799999237060547,4486
2026-05-29,3.0799999237060547,3.109999895095825,3.059999942779541,3.109999895095825,15798
2026-06-01,3.109999895095825,3.130000114440918,3.069999933242798,3.119999885559082,14241
2026-06-02,3.119999885559082,3.1500000953674316,3.069999933242798,3.140000104904175,9884
2026-06-03,3.140000104904175,3.1600000858306885,3.0999999046325684,3.1500000953674316,13857
2026-06-05,3.1600000858306885,3.1600000858306885,3.0999999046325684,3.0999999046325684,19383
2026-06-08,3.109999895095825,3.119999885559082,3.069999933242798,3.109999895095825,9933
2026-06-09,3.059999942779541,3.109999895095825,3.049999952316284,3.069999933242798,11572
2026-06-10,3.0899999141693115,3.0899999141693115,3.049999952316284,3.069999933242798,11138
2026-06-11,3.069999933242798,3.0999999046325684,3.059999942779541,3.0999999046325684,10332
2026-06-12,3.069999933242798,3.109999895095825,3.069999933242798,3.0799999237060547,16126
2026-06-15,3.119999885559082,3.119999885559082,3.059999942779541,3.069999933242798,16827
2026-06-16,3.069999933242798,3.119999885559082,3.059999942779541,3.0899999141693115,10395
2026-06-17,3.0999999046325684,3.1500000953674316,3.0999999046325684,3.0999999046325684,30137
2026-06-18,3.119999885559082,3.119999885559082,3.069999933242798,3.069999933242798,5293
2026-06-19,3.069999933242798,3.0999999046325684,3.069999933242798,3.0799999237060547,19052
2026-06-22,3.0899999141693115,3.109999895095825,3.069999933242798,3.0899999141693115,17592
2026-06-23,3.069999933242798,3.0899999141693115,3.049999952316284,3.0799999237060547,5819
2026-06-24,3.0799999237060547,3.0799999237060547,3.049999952316284,3.0799999237060547,7342
2026-06-25,3.0799999237060547,3.0799999237060547,3.049999952316284,3.069999933242798,4486
2026-06-26,3.069999933242798,3.069999933242798,3.059999942779541,3.069999933242798,4882
2026-06-29,3.0799999237060547,3.109999895095825,3.069999933242798,3.109999895095825,4513
2026-06-30,3.119999885559082,3.140000104904175,3.049999952316284,3.0999999046325684,5325
2026-07-01,3.0899999141693115,3.109999895095825,2.990000009536743,3.0,78224
2026-07-02,3.0,3.0299999713897705,2.9700000286102295,3.0,54585
2026-07-03,2.990000009536743,2.990000009536743,2.9100000858306885,2.940000057220459,16487
2026-07-06,2.940000057220459,3.0,2.9200000762939453,2.990000009536743,72950
2026-07-07,3.0,3.0,2.950000047683716,3.0,9261
2026-07-08,2.990000009536743,3.0,2.9600000381469727,2.9600000381469727,4998
2026-07-09,3.0,3.059999942779541,2.9800000190734863,3.0299999713897705,62697
2026-07-10,3.0199999809265137,3.0199999809265137,2.950000047683716,2.990000009536743,20486
2026-07-13,3.0,3.0,2.9700000286102295,3.0,26980
2026-07-14,3.0,3.0,2.9700000286102295,2.990000009536743,5720
2026-07-15,3.0,3.0,2.9800000190734863,2.990000009536743,20074
2026-07-16,3.0,3.0,2.9700000286102295,3.0,3844
2026-07-17,3.0,3.0,2.9800000190734863,2.9800000190734863,10224
2026-07-20,2.9800000190734863,3.0,2.9800000190734863,2.990000009536743,18672
2026-07-21,2.990000009536743,2.990000009536743,2.9600000381469727,2.9800000190734863,27272
2026-07-22,2.9800000190734863,2.990000009536743,2.9600000381469727,2.9700000286102295,20153
2026-07-23,2.9700000286102295,2.9700000286102295,2.940000057220459,2.950000047683716,25365
2026-07-24,2.950000047683716,2.9600000381469727,2.930000066757202,2.930000066757202,9877
2026-07-27,2.950000047683716,2.9600000381469727,2.9200000762939453,2.950000047683716,9560
2026-07-28,2.950000047683716,2.9600000381469727,2.9100000858306885,2.9600000381469727,18841
2026-07-29,2.950000047683716,2.950000047683716,2.9000000953674316,2.940000057220459,16727
2026-07-30,2.940000057220459,2.940000057220459,2.8499999046325684,2.8499999046325684,15577
2026-07-31,2.8499999046325684,2.990000009536743,2.8499999046325684,2.940000057220459,56708
2026-08-03,2.990000009536743,3.0199999809265137,2.9600000381469727,3.0,20904
2026-08-04,3.0,3.0199999809265137,2.9700000286102295,3.0199999809265137,14096
2026-08-05,3.0,3.0199999809265137,2.9600000381469727,3.0199999809265137,11841
2026-08-06,3.0,3.0,2.9700000286102295,3.0,23117
2026-08-07,3.0,3.0,2.9700000286102295,2.9700000286102295,9917
2026-08-10,2.9800000190734863,3.0799999237060547,2.9700000286102295,3.059999942779541,177266
2026-08-11,3.0799999237060547,3.0799999237060547,3.0,3.059999942779541,90320
2026-08-12,3.049999952316284,3.109999895095825,3.0399999618530273,3.069999933242798,45402
2026-08-13,3.0999999046325684,3.240000009536743,3.0799999237060547,3.119999885559082,111685
2026-08-14,3.119999885559082,3.1500000953674316,3.0999999046325684,3.1500000953674316,36644
2026-08-17,3.0999999046325684,3.1600000858306885,3.059999942779541,3.0899999141693115,12817
2026-08-18,3.059999942779541,3.0999999046325684,3.049999952316284,3.0899999141693115,18469
2026-08-19,3.0899999141693115,3.130000114440918,3.0399999618530273,3.0999999046325684,19884
2026-08-20,3.069999933242798,3.119999885559082,3.049999952316284,3.109999895095825,7885
2026-08-21,3.0999999046325684,3.109999895095825,3.0399999618530273,3.0999999046325684,16639
2026-08-24,3.0799999237060547,3.1500000953674316,3.059999942779541,3.140000104904175,22208
2026-08-25,3.1600000858306885,3.1600000858306885,3.0999999046325684,3.140000104904175,26989
2026-08-26,3.1500000953674316,3.25,3.1500000953674316,3.200000047683716,68969
2026-08-27,3.200000047683716,3.25,3.180000066757202,3.2300000190734863,31785
2026-08-28,3.240000009536743,3.240000009536743,3.180000066757202,3.2300000190734863,7305
2026-08-31,3.2200000286102295,3.259999990463257,3.200000047683716,3.259999990463257,23037
2026-09-01,3.259999990463257,3.3299999237060547,3.259999990463257,3.309999942779541,58027
2026-09-02,3.309999942779541,3.3299999237060547,3.259999990463257,3.319999933242798,11351
2026-09-03,3.3299999237060547,3.3299999237060547,3.2300000190734863,3.2799999713897705,28515
2026-09-04,3.240000009536743,3.2799999713897705,3.119999885559082,3.2300000190734863,35436
2026-09-08,3.1500000953674316,3.2100000381469727,3.1500000953674316,3.2100000381469727,11036
2026-09-09,3.2100000381469727,3.25,3.180000066757202,3.25,20906
2026-09-10,3.25,3.259999990463257,3.190000057220459,3.2300000190734863,17480
2026-09-11,3.2300000190734863,3.2300000190734863,3.140000104904175,3.190000057220459,30258
2026-09-14,3.109999895095825,3.180000066757202,3.0999999046325684,3.1600000858306885,46272
2026-09-15,3.140000104904175,3.1600000858306885,3.109999895095825,3.130000114440918,20571
2026-09-17,3.0899999141693115,3.0899999141693115,3.059999942779541,3.059999942779541,3295
2026-09-18,3.1500000953674316,3.1700000762939453,3.130000114440918,3.140000104904175,10236
