date,open,high,low,close,volume
2021-09-17,12.020000457763672,12.100000381469727,11.65999984741211,11.800000190734863,3241
2021-09-20,11.899999618530273,11.979999542236328,11.100000381469727,11.100000381469727,5777
2021-09-21,11.239999771118164,11.239999771118164,10.960000038146973,11.199999809265137,2711
2021-09-22,11.0,11.460000038146973,10.920000076293945,11.199999809265137,3046
2021-09-23,11.140000343322754,11.15999984741211,10.739999771118164,10.779999732971191,8445
2021-09-24,10.779999732971191,10.960000038146973,10.65999984741211,10.920000076293945,2462
2021-09-27,10.920000076293945,11.0,10.899999618530273,11.0,1742
2021-09-28,11.15999984741211,11.15999984741211,10.65999984741211,10.9399995803833,3366
2021-09-29,10.800000190734863,10.899999618530273,10.65999984741211,10.899999618530273,1040
2021-09-30,10.9399995803833,10.9399995803833,10.399999618530273,10.779999732971191,4325
2021-10-01,10.739999771118164,10.739999771118164,10.5,10.720000267028809,2336
2021-10-04,10.539999961853027,10.600000381469727,10.420000076293945,10.5,6642
2021-10-05,10.399999618530273,10.600000381469727,10.0,10.600000381469727,7780
2021-10-06,10.600000381469727,10.600000381469727,10.020000457763672,10.399999618530273,3496
2021-10-07,10.380000114440918,10.380000114440918,10.0,10.119999885559082,5069
2021-10-08,10.039999961853027,10.399999618530273,10.0,10.319999694824219,7104
2021-10-11,10.34000015258789,10.399999618530273,10.0,10.359999656677246,7194
2021-10-12,10.380000114440918,10.399999618530273,10.199999809265137,10.399999618530273,4737
2021-10-13,10.380000114440918,10.380000114440918,10.039999961853027,10.239999771118164,2985
2021-10-14,10.199999809265137,10.34000015258789,9.9399995803833,10.180000305175781,5907
2021-10-15,10.15999984741211,10.199999809265137,9.979999542236328,10.140000343322754,4465
2021-10-18,10.020000457763672,10.100000381469727,9.800000190734863,9.979999542236328,4058
2021-10-19,9.819999694824219,9.979999542236328,9.800000190734863,9.899999618530273,1867
2021-10-20,9.899999618530273,9.979999542236328,9.859999656677246,9.949999809265137,3028
2021-10-21,9.90999984741211,9.979999542236328,9.529999732971191,9.920000076293945,7443
2021-10-22,9.920000076293945,9.920000076293945,9.5600004196167,9.619999885559082,2233
2021-10-25,9.579999923706055,9.699999809265137,9.399999618530273,9.649999618530273,9338
2021-10-26,9.699999809265137,9.699999809265137,9.460000038146973,9.699999809265137,2126
2021-10-27,9.479999542236328,9.670000076293945,9.479999542236328,9.5,1007
2021-10-28,9.5,9.640000343322754,9.100000381469727,9.359999656677246,12008
2021-10-29,9.359999656677246,9.399999618530273,8.600000381469727,8.800000190734863,23645
2021-11-02,8.699999809265137,8.800000190734863,8.0,8.260000228881836,19220
2021-11-03,8.199999809265137,9.199999809265137,7.829999923706055,9.199999809265137,25782
2021-11-04,9.199999809265137,9.399999618530273,8.550000190734863,8.8100004196167,8980
2021-11-05,8.609999656677246,9.199999809265137,8.210000038146973,8.899999618530273,15056
2021-11-08,8.970000267028809,9.140000343322754,8.800000190734863,9.100000381469727,16283
2021-11-09,9.100000381469727,9.100000381469727,8.720000267028809,8.960000038146973,11050
2021-11-10,8.760000228881836,8.960000038146973,8.420000076293945,8.699999809265137,8788
2021-11-12,8.4399995803833,8.600000381469727,8.300000190734863,8.579999923706055,4356
2021-11-15,8.300000190734863,8.579999923706055,8.239999771118164,8.239999771118164,4061
2021-11-16,8.199999809265137,8.300000190734863,7.820000171661377,7.989999771118164,47147
2021-11-17,8.0,8.079999923706055,7.800000190734863,7.800000190734863,51095
2021-11-18,7.800000190734863,7.989999771118164,7.800000190734863,7.900000095367432,7898
2021-11-19,7.900000095367432,7.920000076293945,7.5,7.920000076293945,25310
2021-11-22,7.920000076293945,7.920000076293945,7.760000228881836,7.880000114440918,5610
2021-11-23,7.730000019073486,8.0,7.619999885559082,7.739999771118164,9702
2021-11-24,7.800000190734863,7.800000190734863,7.599999904632568,7.699999809265137,4832
2021-11-25,7.619999885559082,7.639999866485596,7.400000095367432,7.46999979019165,8395
2021-11-26,7.46999979019165,7.489999771118164,7.199999809265137,7.349999904632568,11442
2021-11-29,7.400000095367432,7.400000095367432,7.199999809265137,7.300000190734863,6295
2021-11-30,7.199999809265137,7.199999809265137,6.800000190734863,6.800000190734863,13329
2021-12-01,6.900000095367432,7.0,6.679999828338623,6.889999866485596,5274
2021-12-02,6.889999866485596,7.0,6.599999904632568,6.730000019073486,13095
2021-12-03,6.730000019073486,6.900000095367432,6.619999885559082,6.889999866485596,7788
2021-12-06,6.960000038146973,7.659999847412109,6.960000038146973,7.300000190734863,15874
2021-12-07,7.400000095367432,7.760000228881836,7.150000095367432,7.5,36587
2021-12-08,7.679999828338623,7.699999809265137,7.300000190734863,7.650000095367432,7294
2021-12-09,7.690000057220459,9.199999809265137,7.480000019073486,8.880000114440918,32537
2021-12-10,9.199999809265137,10.5,9.0,10.0,39848
2021-12-13,10.0,10.4399995803833,9.359999656677246,10.0600004196167,21391
2021-12-14,10.100000381469727,10.699999809265137,9.699999809265137,10.600000381469727,24207
2021-12-15,10.800000190734863,10.899999618530273,9.699999809265137,10.420000076293945,39014
2021-12-16,10.420000076293945,10.899999618530273,10.0,10.479999542236328,20005
2021-12-17,10.479999542236328,10.5,9.699999809265137,9.979999542236328,21864
2021-12-20,9.8100004196167,9.979999542236328,8.34000015258789,8.869999885559082,27622
2021-12-21,8.869999885559082,8.970000267028809,8.300000190734863,8.649999618530273,25348
2021-12-22,8.600000381469727,8.880000114440918,8.449999809265137,8.880000114440918,11158
2021-12-23,8.899999618530273,8.920000076293945,8.75,8.789999961853027,12337
2021-12-27,8.75,8.75,8.020000457763672,8.149999618530273,36119
2021-12-28,8.010000228881836,8.350000381469727,7.849999904632568,8.0,63740
2021-12-29,8.1899995803833,8.699999809265137,8.0,8.680000305175781,30630
2021-12-30,8.680000305175781,9.279999732971191,8.680000305175781,8.899999618530273,6727
2022-01-03,9.199999809265137,9.880000114440918,9.0,9.680000305175781,13343
2022-01-04,9.84000015258789,11.300000190734863,9.5,11.180000305175781,34957
2022-01-05,11.180000305175781,11.180000305175781,10.100000381469727,10.399999618530273,7730
2022-01-07,10.65999984741211,11.180000305175781,10.5,10.920000076293945,12813
2022-01-10,10.920000076293945,11.079999923706055,10.0600004196167,10.5600004196167,26878
2022-01-11,10.0600004196167,10.5,9.649999618530273,10.420000076293945,42414
2022-01-12,10.699999809265137,11.279999732971191,10.34000015258789,10.899999618530273,18703
2022-01-13,11.460000038146973,11.460000038146973,10.899999618530273,11.180000305175781,8417
2022-01-14,11.0,11.0,10.4399995803833,10.979999542236328,7941
2022-01-17,11.399999618530273,11.399999618530273,10.579999923706055,10.9399995803833,4910
2022-01-18,10.9399995803833,11.180000305175781,10.5,10.960000038146973,1923
2022-01-19,10.880000114440918,10.899999618530273,10.380000114440918,10.720000267028809,11220
2022-01-20,10.5600004196167,10.600000381469727,10.199999809265137,10.520000457763672,8828
2022-01-21,10.180000305175781,10.359999656677246,9.800000190734863,10.279999732971191,8062
2022-01-24,10.079999923706055,10.079999923706055,8.300000190734863,9.1899995803833,25767
2022-01-25,9.0,9.899999618530273,9.0,9.489999771118164,14364
2022-01-26,9.300000190734863,9.699999809265137,9.199999809265137,9.680000305175781,12416
2022-01-27,9.329999923706055,9.880000114440918,9.0,9.699999809265137,9479
2022-01-28,9.6899995803833,9.6899995803833,9.40999984741211,9.65999984741211,2861
2022-01-31,9.65999984741211,9.65999984741211,9.0,9.180000305175781,13871
2022-02-01,9.069999694824219,9.180000305175781,8.600000381469727,8.779999732971191,12062
2022-02-02,8.779999732971191,9.279999732971191,8.699999809265137,9.199999809265137,6103
2022-02-03,9.199999809265137,9.279999732971191,8.899999618530273,9.15999984741211,5467
2022-02-04,8.880000114440918,9.149999618530273,8.699999809265137,8.890000343322754,5866
2022-02-07,8.899999618530273,8.899999618530273,8.319999694824219,8.520000457763672,7306
2022-02-08,8.380000114440918,8.880000114440918,8.350000381469727,8.800000190734863,5417
2022-02-09,8.789999961853027,8.789999961853027,8.40999984741211,8.760000228881836,2512
2022-02-10,8.75,8.800000190734863,8.5,8.800000190734863,3007
2022-02-11,8.529999732971191,8.65999984741211,8.3100004196167,8.470000267028809,5160
2022-02-14,8.399999618530273,8.399999618530273,7.75,8.380000114440918,21186
2022-02-15,8.380000114440918,8.380000114440918,7.800000190734863,8.350000381469727,9993
2022-02-16,8.4399995803833,8.800000190734863,8.350000381469727,8.449999809265137,5737
2022-02-17,8.5,8.720000267028809,7.900000095367432,8.399999618530273,7732
2022-02-18,9.0,9.0,8.34000015258789,8.779999732971191,16337
2022-02-21,8.770000457763672,8.920000076293945,8.350000381469727,8.489999771118164,3190
2022-02-22,8.369999885559082,8.5,8.0,8.170000076293945,6102
2022-02-23,8.199999809265137,8.329999923706055,8.020000457763672,8.260000228881836,740
2022-02-24,7.800000190734863,8.149999618530273,6.900000095367432,6.900000095367432,29844
2022-02-25,7.0,7.949999809265137,7.0,7.860000133514404,26301
2022-02-28,7.300000190734863,7.840000152587891,7.0,7.300000190734863,22154
2022-03-01,7.440000057220459,7.699999809265137,7.019999980926514,7.210000038146973,8308
2022-03-02,7.199999809265137,7.210000038146973,6.800000190734863,7.090000152587891,11417
2022-03-03,7.119999885559082,7.119999885559082,6.53000020980835,6.800000190734863,8782
2022-03-04,6.730000019073486,6.840000152587891,6.559999942779541,6.699999809265137,5294
2022-03-07,6.679999828338623,6.679999828338623,6.300000190734863,6.320000171661377,11238
2022-03-08,6.449999809265137,6.5,6.309999942779541,6.309999942779541,7428
2022-03-09,6.320000171661377,6.5,6.21999979019165,6.389999866485596,15072
2022-03-10,6.400000095367432,6.5,6.21999979019165,6.5,10912
2022-03-11,6.489999771118164,6.5,6.269999980926514,6.300000190734863,10867
2022-03-14,6.300000190734863,6.599999904632568,6.289999961853027,6.289999961853027,10079
2022-03-15,6.300000190734863,6.949999809265137,6.28000020980835,6.659999847412109,19521
2022-03-16,6.659999847412109,6.829999923706055,6.550000190734863,6.800000190734863,10512
2022-03-17,6.769999980926514,7.179999828338623,6.769999980926514,7.179999828338623,23083
2022-03-18,7.099999904632568,7.119999885559082,6.699999809265137,6.949999809265137,8365
2022-03-21,6.949999809265137,7.199999809265137,6.5,7.190000057220459,11626
2022-03-22,7.010000228881836,7.380000114440918,7.010000228881836,7.300000190734863,4241
2022-03-23,7.300000190734863,7.5,7.300000190734863,7.480000019073486,5543
2022-03-24,7.159999847412109,7.599999904632568,7.159999847412109,7.599999904632568,1696
2022-03-25,7.25,7.650000095367432,7.21999979019165,7.639999866485596,1898
2022-03-28,7.650000095367432,7.650000095367432,7.320000171661377,7.639999866485596,4148
2022-03-29,7.650000095367432,7.800000190734863,7.400000095367432,7.480000019073486,7516
2022-03-30,7.590000152587891,7.880000114440918,7.5,7.75,1310
2022-03-31,7.789999961853027,8.0,7.75,7.980000019073486,7819
2022-04-01,8.0,8.0,7.699999809265137,7.989999771118164,10328
2022-04-04,7.980000019073486,8.0,7.800000190734863,8.0,6340
2022-04-05,7.809999942779541,8.0,7.75,8.0,1615
2022-04-06,8.0,8.0,7.75,8.0,5488
2022-04-07,8.0,8.0,7.610000133514404,7.800000190734863,3705
2022-04-08,7.800000190734863,8.199999809265137,7.699999809265137,8.199999809265137,4299
2022-04-11,8.020000457763672,8.1899995803833,7.510000228881836,8.100000381469727,3410
2022-04-12,7.840000152587891,8.0600004196167,7.659999847412109,7.929999828338623,4425
2022-04-13,8.5,8.520000457763672,7.639999866485596,8.0,4018
2022-04-14,8.079999923706055,8.079999923706055,7.860000133514404,7.860000133514404,1763
2022-04-19,7.860000133514404,7.980000019073486,7.71999979019165,7.800000190734863,951
2022-04-20,7.760000228881836,8.100000381469727,7.360000133514404,7.739999771118164,10806
2022-04-21,7.5,7.599999904632568,7.5,7.579999923706055,456
2022-04-22,7.599999904632568,7.739999771118164,7.0,7.480000019073486,6690
2022-04-25,7.480000019073486,7.599999904632568,6.940000057220459,7.199999809265137,5175
2022-04-26,7.0,7.179999828338623,6.900000095367432,7.079999923706055,773
2022-04-27,6.900000095367432,7.179999828338623,6.71999979019165,7.179999828338623,3280
2022-04-28,7.199999809265137,8.0,7.199999809265137,7.820000171661377,8941
2022-04-29,7.239999771118164,7.840000152587891,7.239999771118164,7.840000152587891,2066
2022-05-02,7.5,7.5,7.0,7.199999809265137,1853
2022-05-04,7.300000190734863,7.400000095367432,7.139999866485596,7.340000152587891,1680
2022-05-05,7.360000133514404,7.360000133514404,7.119999885559082,7.28000020980835,693
2022-05-06,7.119999885559082,7.239999771118164,6.699999809265137,6.980000019073486,5391
2022-05-09,6.800000190734863,6.900000095367432,6.699999809265137,6.880000114440918,1212
2022-05-10,6.900000095367432,6.900000095367432,6.5,6.71999979019165,4578
2022-05-11,6.71999979019165,6.78000020980835,6.400000095367432,6.739999771118164,15058
2022-05-12,6.300000190734863,6.559999942779541,6.199999809265137,6.480000019073486,3712
2022-05-13,6.320000171661377,6.739999771118164,6.320000171661377,6.320000171661377,1905
2022-05-16,6.320000171661377,6.860000133514404,6.320000171661377,6.71999979019165,1415
2022-05-17,6.699999809265137,6.800000190734863,6.0,6.559999942779541,33277
2022-05-18,6.559999942779541,6.559999942779541,6.059999942779541,6.340000152587891,6964
2022-05-19,6.320000171661377,6.320000171661377,6.0,6.28000020980835,1537
2022-05-20,6.079999923706055,6.320000171661377,5.820000171661377,5.940000057220459,22955
2022-05-23,5.900000095367432,6.0,5.880000114440918,5.980000019073486,9391
2022-05-24,5.920000076293945,5.940000057220459,5.699999809265137,5.800000190734863,9548
2022-05-25,5.599999904632568,5.900000095367432,5.559999942779541,5.699999809265137,3071
2022-05-26,5.699999809265137,5.820000171661377,5.699999809265137,5.800000190734863,2973
2022-05-27,5.880000114440918,5.960000038146973,5.800000190734863,5.920000076293945,6749
2022-05-30,5.940000057220459,6.119999885559082,5.880000114440918,6.099999904632568,22641
2022-05-31,5.940000057220459,6.199999809265137,5.800000190734863,5.900000095367432,7400
2022-06-01,5.900000095367432,6.079999923706055,5.900000095367432,6.019999980926514,3836
2022-06-02,6.059999942779541,6.059999942779541,5.71999979019165,5.900000095367432,5967
2022-06-03,5.840000152587891,6.039999961853027,5.800000190734863,5.800000190734863,6920
2022-06-06,5.920000076293945,6.0,5.920000076293945,6.0,2341
2022-06-07,6.0,6.059999942779541,5.71999979019165,5.940000057220459,55596
2022-06-08,5.940000057220459,6.0,5.800000190734863,5.940000057220459,1195
2022-06-09,5.940000057220459,5.940000057220459,5.599999904632568,5.800000190734863,1915
2022-06-10,5.599999904632568,5.940000057220459,5.340000152587891,5.78000020980835,9025
2022-06-13,5.5,5.78000020980835,5.400000095367432,5.619999885559082,2717
2022-06-14,5.440000057220459,5.739999771118164,5.440000057220459,5.739999771118164,1394
2022-06-15,5.739999771118164,5.739999771118164,5.340000152587891,5.460000038146973,2569
2022-06-17,5.360000133514404,5.679999828338623,5.28000020980835,5.599999904632568,5773
2022-06-20,5.599999904632568,5.599999904632568,5.059999942779541,5.360000133514404,4336
2022-06-21,5.099999904632568,5.360000133514404,4.940000057220459,5.099999904632568,14255
2022-06-22,5.019999980926514,5.019999980926514,4.889999866485596,5.0,10325
2022-06-23,4.820000171661377,5.480000019073486,4.800000190734863,5.380000114440918,6038
2022-06-24,5.059999942779541,5.300000190734863,4.699999809265137,4.940000057220459,9027
2022-06-27,4.989999771118164,4.989999771118164,4.5,4.75,11692
2022-06-28,4.769999980926514,5.159999847412109,4.730000019073486,4.75,20123
2022-06-29,4.75,4.980000019073486,4.5,4.769999980926514,10177
2022-06-30,4.699999809265137,4.699999809265137,4.690000057220459,4.699999809265137,505
2022-07-01,4.760000228881836,4.760000228881836,4.320000171661377,4.460000038146973,8774
2022-07-04,4.5,4.610000133514404,4.449999809265137,4.590000152587891,2934
2022-07-05,4.460000038146973,4.590000152587891,4.369999885559082,4.590000152587891,2272
2022-07-06,4.400000095367432,4.800000190734863,4.400000095367432,4.75,9981
2022-07-07,4.449999809265137,4.75,4.440000057220459,4.75,1846
2022-07-08,4.75,4.800000190734863,4.610000133514404,4.789999961853027,6429
2022-07-11,4.800000190734863,4.800000190734863,4.699999809265137,4.800000190734863,5678
2022-07-12,4.800000190734863,5.179999828338623,4.78000020980835,5.099999904632568,27805
2022-07-13,5.0,6.480000019073486,5.0,5.900000095367432,38113
2022-07-14,6.21999979019165,6.21999979019165,5.320000171661377,5.78000020980835,9357
2022-07-15,5.78000020980835,6.320000171661377,5.699999809265137,6.320000171661377,4185
2022-07-18,6.320000171661377,6.320000171661377,5.860000133514404,6.159999847412109,4859
2022-07-19,6.21999979019165,6.360000133514404,5.920000076293945,6.199999809265137,17784
2022-07-20,6.0,6.460000038146973,6.0,6.440000057220459,8416
2022-07-21,6.199999809265137,6.420000076293945,6.039999961853027,6.380000114440918,1846
2022-07-22,6.360000133514404,6.380000114440918,5.900000095367432,6.079999923706055,5023
2022-07-25,6.079999923706055,6.139999866485596,5.71999979019165,5.980000019073486,20749
2022-07-26,6.019999980926514,6.059999942779541,5.860000133514404,6.0,420
2022-07-27,6.139999866485596,6.139999866485596,5.739999771118164,5.960000038146973,1550
2022-07-28,5.739999771118164,5.960000038146973,5.699999809265137,5.920000076293945,5208
2022-07-29,5.78000020980835,5.920000076293945,5.71999979019165,5.880000114440918,5304
2022-08-01,5.739999771118164,5.880000114440918,5.460000038146973,5.880000114440918,9451
2022-08-02,5.760000228881836,5.800000190734863,5.760000228881836,5.760000228881836,1346
2022-08-03,5.659999847412109,5.699999809265137,5.519999980926514,5.699999809265137,4126
2022-08-04,5.599999904632568,5.599999904632568,5.300000190734863,5.599999904632568,7595
2022-08-05,5.599999904632568,5.699999809265137,5.300000190734863,5.5,7711
2022-08-08,5.619999885559082,6.199999809265137,5.619999885559082,6.199999809265137,10481
2022-08-09,5.820000171661377,6.400000095367432,5.78000020980835,6.099999904632568,5878
2022-08-10,6.099999904632568,6.099999904632568,5.860000133514404,6.099999904632568,2157
2022-08-11,6.099999904632568,6.300000190734863,5.800000190734863,6.28000020980835,13304
2022-08-12,6.300000190734863,6.659999847412109,6.119999885559082,6.340000152587891,25786
2022-08-16,6.340000152587891,6.340000152587891,6.179999828338623,6.320000171661377,9211
2022-08-17,6.28000020980835,6.5,6.28000020980835,6.5,11668
2022-08-18,6.480000019073486,6.960000038146973,6.480000019073486,6.760000228881836,13225
2022-08-19,6.699999809265137,6.739999771118164,6.539999961853027,6.679999828338623,5408
2022-08-22,6.699999809265137,6.760000228881836,6.480000019073486,6.760000228881836,7620
2022-08-23,6.460000038146973,6.679999828338623,6.460000038146973,6.599999904632568,10929
2022-08-24,6.599999904632568,6.699999809265137,6.579999923706055,6.619999885559082,6240
2022-08-25,6.679999828338623,6.699999809265137,6.5,6.679999828338623,8205
2022-08-26,6.659999847412109,6.760000228881836,6.460000038146973,6.699999809265137,7499
2022-08-29,6.519999980926514,6.679999828338623,6.0,6.400000095367432,4545
2022-08-30,6.019999980926514,6.659999847412109,6.019999980926514,6.659999847412109,6004
2022-08-31,6.659999847412109,6.679999828338623,6.300000190734863,6.659999847412109,5665
2022-09-01,6.400000095367432,6.699999809265137,6.400000095367432,6.699999809265137,9899
2022-09-02,6.599999904632568,7.099999904632568,6.5,7.0,24083
2022-09-05,6.699999809265137,7.5,6.699999809265137,7.400000095367432,6608
2022-09-06,7.400000095367432,7.800000190734863,7.400000095367432,7.400000095367432,15486
2022-09-07,7.619999885559082,7.880000114440918,7.400000095367432,7.5,12167
2022-09-08,7.679999828338623,7.880000114440918,7.679999828338623,7.800000190734863,12309
2022-09-09,7.880000114440918,8.65999984741211,7.880000114440918,8.380000114440918,21434
2022-09-12,8.260000228881836,9.899999618530273,8.199999809265137,9.399999618530273,26296
2022-09-13,9.699999809265137,9.899999618530273,9.220000267028809,9.460000038146973,18610
2022-09-14,9.460000038146973,9.699999809265137,9.180000305175781,9.479999542236328,9842
2022-09-15,9.220000267028809,9.239999771118164,8.760000228881836,9.119999885559082,8260
2022-09-16,8.800000190734863,9.100000381469727,8.760000228881836,9.100000381469727,7343
2022-09-19,9.199999809265137,9.199999809265137,8.859999656677246,9.15999984741211,7019
2022-09-20,9.15999984741211,9.380000114440918,9.0,9.380000114440918,18640
2022-09-21,9.380000114440918,9.399999618530273,9.119999885559082,9.359999656677246,5985
2022-09-22,9.079999923706055,9.359999656677246,8.800000190734863,8.800000190734863,17620
2022-09-23,8.760000228881836,9.180000305175781,8.760000228881836,9.180000305175781,4531
2022-09-26,9.079999923706055,9.279999732971191,8.899999618530273,9.260000228881836,5656
2022-09-27,8.960000038146973,9.279999732971191,8.960000038146973,9.100000381469727,3823
2022-09-28,9.0,9.0,8.619999885559082,8.899999618530273,9106
2022-09-29,8.899999618530273,8.979999542236328,8.600000381469727,8.899999618530273,3134
2022-09-30,8.899999618530273,8.979999542236328,8.399999618530273,8.800000190734863,11312
2022-10-03,8.600000381469727,8.880000114440918,8.34000015258789,8.779999732971191,6092
2022-10-04,8.859999656677246,8.859999656677246,8.239999771118164,8.279999732971191,5010
2022-10-05,8.420000076293945,8.779999732971191,8.119999885559082,8.420000076293945,5065
2022-10-06,8.4399995803833,8.640000343322754,8.119999885559082,8.5,2793
2022-10-07,8.15999984741211,8.479999542236328,8.15999984741211,8.4399995803833,5351
2022-10-10,8.4399995803833,8.779999732971191,8.199999809265137,8.380000114440918,4615
2022-10-11,8.260000228881836,8.399999618530273,8.039999961853027,8.300000190734863,2870
2022-10-12,8.300000190734863,8.300000190734863,8.020000457763672,8.300000190734863,2369
2022-10-13,8.199999809265137,8.199999809265137,7.960000038146973,8.079999923706055,3548
2022-10-14,8.079999923706055,8.640000343322754,8.079999923706055,8.4399995803833,729
2022-10-17,8.4399995803833,8.899999618530273,8.199999809265137,8.5,5046
2022-10-18,8.5,9.0,8.5,8.899999618530273,11300
2022-10-19,8.520000457763672,9.0,8.520000457763672,8.960000038146973,693
2022-10-20,8.960000038146973,8.960000038146973,8.5600004196167,8.800000190734863,4122
2022-10-21,8.899999618530273,8.9399995803833,8.539999961853027,8.579999923706055,8491
2022-10-24,8.579999923706055,8.619999885559082,8.5,8.5600004196167,4189
2022-10-25,8.380000114440918,8.5600004196167,8.199999809265137,8.399999618530273,2930
2022-10-26,8.399999618530273,8.5,8.119999885559082,8.239999771118164,5237
2022-10-27,8.199999809265137,8.880000114440918,8.199999809265137,8.5,3466
2022-10-28,8.5,8.5,8.420000076293945,8.5,1438
2022-10-31,8.5,8.680000305175781,8.420000076293945,8.680000305175781,3515
2022-11-02,8.520000457763672,8.800000190734863,8.520000457763672,8.5600004196167,2484
2022-11-03,8.65999984741211,8.65999984741211,8.300000190734863,8.300000190734863,5388
2022-11-04,8.359999656677246,8.5,8.359999656677246,8.479999542236328,1743
2022-11-07,8.260000228881836,8.5600004196167,8.180000305175781,8.380000114440918,4170
2022-11-08,8.420000076293945,8.779999732971191,8.300000190734863,8.699999809265137,4874
2022-11-09,8.699999809265137,8.699999809265137,8.34000015258789,8.5,1213
2022-11-10,8.479999542236328,8.600000381469727,8.300000190734863,8.600000381469727,2189
2022-11-14,8.600000381469727,8.779999732971191,8.319999694824219,8.680000305175781,1717
2022-11-15,8.699999809265137,8.699999809265137,8.199999809265137,8.539999961853027,8164
2022-11-16,8.539999961853027,8.539999961853027,8.15999984741211,8.380000114440918,3655
2022-11-17,8.300000190734863,8.300000190734863,8.140000343322754,8.239999771118164,2714
2022-11-18,8.300000190734863,8.300000190734863,8.15999984741211,8.300000190734863,3227
2022-11-21,8.300000190734863,8.300000190734863,7.139999866485596,7.699999809265137,14334
2022-11-22,7.619999885559082,7.800000190734863,7.460000038146973,7.800000190734863,1930
2022-11-23,7.559999942779541,7.71999979019165,7.5,7.599999904632568,992
2022-11-24,7.360000133514404,7.480000019073486,6.78000020980835,7.199999809265137,25660
2022-11-25,6.960000038146973,7.260000228881836,6.940000057220459,7.21999979019165,5426
2022-11-28,6.980000019073486,7.0,6.699999809265137,6.980000019073486,6633
2022-11-29,6.980000019073486,7.079999923706055,6.78000020980835,7.059999942779541,3603
2022-11-30,6.860000133514404,7.099999904632568,6.840000152587891,7.099999904632568,3257
2022-12-01,7.099999904632568,7.099999904632568,6.800000190734863,6.900000095367432,2252
2022-12-02,6.699999809265137,6.860000133514404,6.679999828338623,6.820000171661377,1724
2022-12-05,6.760000228881836,7.0,6.5,6.739999771118164,7066
2022-12-06,6.679999828338623,6.940000057220459,6.5,6.639999866485596,7761
2022-12-07,6.679999828338623,6.699999809265137,6.440000057220459,6.599999904632568,8110
2022-12-08,6.599999904632568,6.599999904632568,6.400000095367432,6.460000038146973,6538
2022-12-09,6.539999961853027,6.980000019073486,6.519999980926514,6.659999847412109,3593
2022-12-12,6.679999828338623,6.980000019073486,6.5,6.800000190734863,14921
2022-12-13,6.800000190734863,6.940000057220459,6.519999980926514,6.900000095367432,7156
2022-12-14,6.679999828338623,6.900000095367432,6.519999980926514,6.880000114440918,6113
2022-12-15,6.880000114440918,6.900000095367432,6.519999980926514,6.840000152587891,2771
2022-12-16,6.840000152587891,6.900000095367432,6.519999980926514,6.599999904632568,8540
2022-12-19,6.599999904632568,6.699999809265137,6.579999923706055,6.639999866485596,2286
2022-12-20,6.659999847412109,6.659999847412109,6.559999942779541,6.599999904632568,875
2022-12-21,6.599999904632568,6.920000076293945,6.559999942779541,6.880000114440918,7924
2022-12-22,6.980000019073486,7.199999809265137,6.980000019073486,7.139999866485596,9046
2022-12-23,7.199999809265137,7.199999809265137,6.900000095367432,7.179999828338623,5232
2022-12-27,7.179999828338623,7.440000057220459,6.900000095367432,7.300000190734863,84118
2022-12-28,7.260000228881836,8.380000114440918,7.139999866485596,8.180000305175781,29521
2022-12-29,8.180000305175781,8.319999694824219,7.539999961853027,8.100000381469727,6788
2022-12-30,8.260000228881836,8.300000190734863,7.800000190734863,8.15999984741211,38147
2023-01-02,8.15999984741211,8.260000228881836,7.940000057220459,8.0,1125
2023-01-03,8.0,8.199999809265137,7.900000095367432,8.039999961853027,7545
2023-01-04,8.039999961853027,8.039999961853027,7.800000190734863,8.039999961853027,6577
2023-01-05,8.039999961853027,8.140000343322754,7.900000095367432,8.140000343322754,6768
2023-01-09,8.140000343322754,8.140000343322754,7.840000152587891,8.0,7637
2023-01-10,7.900000095367432,8.0,7.840000152587891,8.0,875
2023-01-11,8.039999961853027,8.359999656677246,7.920000076293945,8.34000015258789,9352
2023-01-12,8.300000190734863,8.899999618530273,8.300000190734863,8.899999618530273,13216
2023-01-13,8.899999618530273,8.899999618530273,8.4399995803833,8.579999923706055,5030
2023-01-16,8.899999618530273,8.899999618530273,8.199999809265137,8.539999961853027,2514
2023-01-17,8.539999961853027,8.539999961853027,8.020000457763672,8.300000190734863,5579
2023-01-18,8.380000114440918,8.520000457763672,8.359999656677246,8.520000457763672,1039
2023-01-19,8.520000457763672,9.199999809265137,8.5,8.619999885559082,17918
2023-01-20,8.800000190734863,8.800000190734863,8.619999885559082,8.779999732971191,1868
2023-01-23,8.800000190734863,8.800000190734863,8.640000343322754,8.779999732971191,1725
2023-01-24,8.800000190734863,9.539999961853027,8.779999732971191,9.15999984741211,6219
2023-01-25,9.15999984741211,9.800000190734863,9.100000381469727,9.699999809265137,24800
2023-01-26,9.699999809265137,9.699999809265137,9.399999618530273,9.699999809265137,4996
2023-01-27,9.34000015258789,9.380000114440918,9.020000457763672,9.279999732971191,8831
2023-01-30,9.279999732971191,9.5,9.260000228881836,9.479999542236328,971
2023-01-31,9.479999542236328,9.5,9.279999732971191,9.5,1521
2023-02-01,9.5,9.5,9.0,9.260000228881836,6782
2023-02-02,9.5,9.800000190734863,9.359999656677246,9.699999809265137,10206
2023-02-03,9.600000381469727,9.600000381469727,9.399999618530273,9.539999961853027,14655
2023-02-06,9.539999961853027,9.539999961853027,9.300000190734863,9.5,7838
2023-02-07,9.399999618530273,9.4399995803833,9.199999809265137,9.399999618530273,7579
2023-02-08,9.420000076293945,9.699999809265137,9.0,9.680000305175781,19556
2023-02-09,9.5,9.699999809265137,9.399999618530273,9.600000381469727,5983
2023-02-10,9.65999984741211,9.899999618530273,9.520000457763672,9.800000190734863,15598
2023-02-13,9.800000190734863,9.899999618530273,9.760000228881836,9.899999618530273,11913
2023-02-14,9.899999618530273,9.899999618530273,9.619999885559082,9.880000114440918,2690
2023-02-15,9.65999984741211,10.0,9.65999984741211,9.960000038146973,15859
2023-02-16,10.0,10.199999809265137,9.800000190734863,10.0,15040
2023-02-17,10.199999809265137,10.399999618530273,10.0,10.350000381469727,16344
2023-02-20,10.300000190734863,10.300000190734863,9.880000114440918,10.050000190734863,7187
2023-02-21,10.050000190734863,10.300000190734863,10.0,10.300000190734863,5574
2023-02-22,10.199999809265137,10.350000381469727,9.899999618530273,10.300000190734863,3550
2023-02-23,10.0,10.199999809265137,9.800000190734863,10.199999809265137,11533
2023-02-24,10.149999618530273,10.350000381469727,9.920000076293945,10.350000381469727,4918
2023-02-27,10.350000381469727,10.5,9.979999542236328,10.5,7476
2023-02-28,10.25,10.649999618530273,10.199999809265137,10.600000381469727,4570
2023-03-01,10.600000381469727,10.800000190734863,10.199999809265137,10.5,4468
2023-03-02,10.5,10.850000381469727,10.149999618530273,10.800000190734863,7138
2023-03-03,10.699999809265137,10.75,10.449999809265137,10.75,8390
2023-03-06,10.800000190734863,10.800000190734863,10.550000190734863,10.75,5545
2023-03-07,10.75,10.75,10.600000381469727,10.75,5664
2023-03-08,10.75,10.75,10.399999618530273,10.399999618530273,1868
2023-03-09,10.399999618530273,10.399999618530273,9.9399995803833,10.300000190734863,10589
2023-03-10,10.199999809265137,10.25,9.84000015258789,10.25,8410
2023-03-13,10.0,10.300000190734863,9.619999885559082,9.979999542236328,10264
2023-03-14,9.979999542236328,9.979999542236328,9.65999984741211,9.84000015258789,10263
2023-03-15,9.819999694824219,10.149999618530273,9.65999984741211,10.100000381469727,5534
2023-03-16,10.100000381469727,10.149999618530273,9.800000190734863,10.100000381469727,3045
2023-03-17,10.100000381469727,10.25,10.0,10.25,3629
2023-03-20,10.300000190734863,10.300000190734863,9.800000190734863,10.199999809265137,3409
2023-03-21,10.199999809265137,10.25,9.899999618530273,10.149999618530273,6669
2023-03-22,10.149999618530273,10.300000190734863,9.9399995803833,10.199999809265137,8514
2023-03-23,10.149999618530273,10.350000381469727,9.800000190734863,10.199999809265137,4364
2023-03-24,10.25,10.300000190734863,9.899999618530273,10.100000381469727,5339
2023-03-27,10.100000381469727,10.149999618530273,9.899999618530273,10.0,9720
2023-03-28,9.300000190734863,10.0,9.15999984741211,9.880000114440918,25090
2023-03-29,9.880000114440918,9.880000114440918,7.980000019073486,8.600000381469727,43887
2023-03-30,8.5,9.0,7.119999885559082,8.380000114440918,44851
2023-03-31,8.380000114440918,8.979999542236328,8.039999961853027,8.819999694824219,22714
2023-04-03,8.899999618530273,8.899999618530273,8.399999618530273,8.699999809265137,4259
2023-04-04,8.699999809265137,8.699999809265137,8.300000190734863,8.680000305175781,4379
2023-04-05,8.680000305175781,8.680000305175781,8.359999656677246,8.420000076293945,5995
2023-04-06,8.5,8.699999809265137,8.300000190734863,8.680000305175781,8812
2023-04-11,8.5,8.600000381469727,8.479999542236328,8.479999542236328,6549
2023-04-12,8.479999542236328,8.920000076293945,8.359999656677246,8.920000076293945,5961
2023-04-13,8.920000076293945,9.0,8.720000267028809,8.920000076293945,4080
2023-04-14,9.0,9.119999885559082,8.600000381469727,8.880000114440918,5282
2023-04-17,8.880000114440918,8.880000114440918,8.5,8.800000190734863,3697
2023-04-18,8.460000038146973,9.079999923706055,8.460000038146973,8.899999618530273,7980
2023-04-19,8.600000381469727,8.720000267028809,8.199999809265137,8.359999656677246,20390
2023-04-20,8.319999694824219,8.5,8.279999732971191,8.5,10712
2023-04-21,8.5,8.600000381469727,8.260000228881836,8.279999732971191,5367
2023-04-24,8.539999961853027,8.539999961853027,8.199999809265137,8.199999809265137,4275
2023-04-25,8.199999809265137,8.5,8.119999885559082,8.5,3272
2023-04-26,8.199999809265137,8.399999618530273,8.039999961853027,8.399999618530273,9426
2023-04-27,8.399999618530273,8.399999618530273,8.0600004196167,8.300000190734863,2020
2023-04-28,8.0600004196167,8.180000305175781,8.020000457763672,8.180000305175781,6459
2023-05-02,8.199999809265137,8.199999809265137,8.039999961853027,8.039999961853027,496
2023-05-04,8.199999809265137,8.600000381469727,8.199999809265137,8.600000381469727,11354
2023-05-05,8.600000381469727,8.699999809265137,8.399999618530273,8.680000305175781,8250
2023-05-08,8.539999961853027,8.720000267028809,8.460000038146973,8.720000267028809,3567
2023-05-09,8.699999809265137,8.699999809265137,8.5,8.5,8030
2023-05-10,8.5600004196167,8.739999771118164,8.460000038146973,8.5,15819
2023-05-11,8.739999771118164,8.739999771118164,8.380000114440918,8.5600004196167,6850
2023-05-12,8.4399995803833,8.84000015258789,8.4399995803833,8.600000381469727,2490
2023-05-15,8.600000381469727,8.600000381469727,8.420000076293945,8.5600004196167,1737
2023-05-16,8.65999984741211,8.699999809265137,8.5,8.5,4732
2023-05-17,8.779999732971191,9.020000457763672,7.639999866485596,8.579999923706055,52100
2023-05-18,8.5,8.819999694824219,8.5,8.680000305175781,12488
2023-05-19,8.680000305175781,8.680000305175781,8.420000076293945,8.420000076293945,5051
2023-05-22,8.420000076293945,8.4399995803833,8.380000114440918,8.4399995803833,4740
2023-05-23,8.640000343322754,8.640000343322754,8.300000190734863,8.300000190734863,2373
2023-05-24,8.300000190734863,8.600000381469727,8.300000190734863,8.579999923706055,5742
2023-05-25,8.619999885559082,8.619999885559082,8.239999771118164,8.579999923706055,1265
2023-05-26,8.279999732971191,8.579999923706055,8.15999984741211,8.5600004196167,8930
2023-05-29,8.5,8.5,8.319999694824219,8.319999694824219,1280
2023-05-30,8.300000190734863,8.34000015258789,8.300000190734863,8.319999694824219,2176
2023-05-31,8.460000038146973,8.5,8.220000267028809,8.479999542236328,2701
2023-06-01,8.4399995803833,8.880000114440918,8.4399995803833,8.800000190734863,6889
2023-06-02,8.800000190734863,8.800000190734863,8.460000038146973,8.460000038146973,1092
2023-06-05,8.4399995803833,8.4399995803833,8.239999771118164,8.239999771118164,3992
2023-06-06,8.239999771118164,8.4399995803833,8.220000267028809,8.260000228881836,3129
2023-06-07,8.399999618530273,8.399999618530273,8.239999771118164,8.380000114440918,1587
2023-06-09,8.239999771118164,8.479999542236328,8.15999984741211,8.479999542236328,5699
2023-06-12,8.4399995803833,8.4399995803833,8.199999809265137,8.220000267028809,767
2023-06-13,8.220000267028809,8.220000267028809,8.119999885559082,8.119999885559082,4086
2023-06-14,8.15999984741211,8.300000190734863,8.039999961853027,8.279999732971191,1905
2023-06-15,8.279999732971191,8.279999732971191,8.020000457763672,8.020000457763672,3044
2023-06-16,8.039999961853027,8.180000305175781,8.039999961853027,8.180000305175781,502
2023-06-19,8.180000305175781,8.180000305175781,8.020000457763672,8.15999984741211,1519
2023-06-20,8.15999984741211,8.15999984741211,8.079999923706055,8.079999923706055,59
2023-06-21,8.039999961853027,8.039999961853027,7.800000190734863,7.900000095367432,9153
2023-06-22,8.0,8.0,7.900000095367432,7.900000095367432,423
2023-06-23,7.900000095367432,7.980000019073486,7.71999979019165,7.980000019073486,259
2023-06-26,7.900000095367432,7.900000095367432,7.840000152587891,7.840000152587891,2286
2023-06-27,7.840000152587891,7.840000152587891,7.400000095367432,7.78000020980835,3013
2023-06-28,7.78000020980835,7.78000020980835,7.599999904632568,7.599999904632568,770
2023-06-29,7.699999809265137,7.760000228881836,7.659999847412109,7.659999847412109,789
2023-06-30,7.760000228881836,8.0,7.599999904632568,7.980000019073486,4740
2023-07-03,7.980000019073486,7.980000019073486,7.980000019073486,7.980000019073486,480
2023-07-04,7.599999904632568,7.980000019073486,7.400000095367432,7.5,8752
2023-07-05,7.5,7.71999979019165,7.400000095367432,7.440000057220459,1260
2023-07-06,7.21999979019165,7.71999979019165,7.21999979019165,7.519999980926514,1811
2023-07-07,7.519999980926514,7.800000190734863,7.519999980926514,7.599999904632568,1485
2023-07-10,7.800000190734863,7.900000095367432,7.71999979019165,7.71999979019165,2504
2023-07-11,7.840000152587891,7.860000133514404,7.460000038146973,7.820000171661377,3350
2023-07-12,7.820000171661377,7.820000171661377,7.559999942779541,7.559999942779541,1818
2023-07-13,7.539999961853027,7.579999923706055,7.019999980926514,7.360000133514404,4647
2023-07-14,7.360000133514404,7.71999979019165,7.360000133514404,7.699999809265137,2216
2023-07-17,7.360000133514404,7.860000133514404,7.360000133514404,7.860000133514404,1016
2023-07-18,7.860000133514404,7.960000038146973,7.840000152587891,7.960000038146973,1298
2023-07-19,7.960000038146973,8.0,7.78000020980835,7.800000190734863,1482
2023-07-20,7.659999847412109,7.880000114440918,7.400000095367432,7.679999828338623,1101
2023-07-21,7.679999828338623,7.760000228881836,7.300000190734863,7.760000228881836,11328
2023-07-24,7.760000228881836,7.78000020980835,7.380000114440918,7.699999809265137,623
2023-07-25,7.699999809265137,7.699999809265137,7.420000076293945,7.420000076293945,1331
2023-07-26,7.320000171661377,7.5,7.320000171661377,7.5,2030
2023-07-27,7.400000095367432,7.480000019073486,6.940000057220459,7.179999828338623,16898
2023-07-28,7.179999828338623,7.659999847412109,7.179999828338623,7.360000133514404,11819
2023-07-31,7.360000133514404,7.360000133514404,6.920000076293945,6.920000076293945,6153
2023-08-01,7.119999885559082,7.119999885559082,6.960000038146973,7.019999980926514,4368
2023-08-02,6.900000095367432,7.119999885559082,6.71999979019165,7.119999885559082,7395
2023-08-03,7.21999979019165,7.260000228881836,6.920000076293945,7.0,1200
2023-08-04,7.199999809265137,7.199999809265137,6.400000095367432,6.940000057220459,7225
2023-08-07,6.599999904632568,6.840000152587891,6.5,6.840000152587891,10694
2023-08-08,6.840000152587891,6.840000152587891,6.619999885559082,6.659999847412109,615
2023-08-09,6.71999979019165,6.71999979019165,6.579999923706055,6.579999923706055,2152
2023-08-10,6.639999866485596,6.960000038146973,6.460000038146973,6.679999828338623,7662
2023-08-11,6.679999828338623,7.0,6.659999847412109,6.980000019073486,5829
2023-08-14,6.860000133514404,7.019999980926514,6.599999904632568,7.019999980926514,2037
2023-08-16,6.980000019073486,6.980000019073486,6.699999809265137,6.699999809265137,3402
2023-08-17,6.71999979019165,6.980000019073486,6.599999904632568,6.599999904632568,12645
2023-08-18,7.0,7.039999961853027,6.659999847412109,6.78000020980835,8698
2023-08-21,6.760000228881836,6.880000114440918,6.760000228881836,6.880000114440918,2952
2023-08-22,6.880000114440918,6.960000038146973,6.840000152587891,6.960000038146973,1677
2023-08-23,6.800000190734863,6.920000076293945,6.699999809265137,6.920000076293945,1130
2023-08-24,6.920000076293945,6.960000038146973,6.800000190734863,6.960000038146973,606
2023-08-25,6.980000019073486,6.980000019073486,6.639999866485596,6.800000190734863,4137
2023-08-28,6.860000133514404,6.980000019073486,6.639999866485596,6.639999866485596,2571
2023-08-29,6.659999847412109,6.860000133514404,6.559999942779541,6.800000190734863,3344
2023-08-30,6.800000190734863,6.800000190734863,6.760000228881836,6.78000020980835,2323
2023-08-31,6.78000020980835,6.78000020980835,6.699999809265137,6.760000228881836,406
2023-09-01,6.739999771118164,6.739999771118164,6.599999904632568,6.699999809265137,2807
2023-09-04,6.699999809265137,6.699999809265137,6.599999904632568,6.699999809265137,1932
2023-09-05,6.699999809265137,6.71999979019165,6.420000076293945,6.579999923706055,4582
2023-09-06,6.639999866485596,6.760000228881836,6.5,6.760000228881836,6048
2023-09-07,6.599999904632568,6.800000190734863,6.599999904632568,6.599999904632568,1761
2023-09-08,6.760000228881836,6.760000228881836,6.440000057220459,6.659999847412109,3153
2023-09-11,6.420000076293945,6.739999771118164,6.400000095367432,6.599999904632568,3327
2023-09-12,6.599999904632568,6.639999866485596,6.400000095367432,6.559999942779541,7417
2023-09-13,6.559999942779541,6.559999942779541,6.5,6.539999961853027,1798
2023-09-14,6.599999904632568,6.599999904632568,6.579999923706055,6.599999904632568,1415
2023-09-15,6.619999885559082,6.900000095367432,6.619999885559082,6.800000190734863,1530
2023-09-18,6.800000190734863,6.800000190734863,6.5,6.599999904632568,2475
2023-09-19,6.599999904632568,6.639999866485596,6.599999904632568,6.639999866485596,1143
2023-09-20,6.639999866485596,6.800000190734863,6.639999866485596,6.800000190734863,1932
2023-09-21,6.880000114440918,6.880000114440918,6.460000038146973,6.699999809265137,2060
2023-09-22,6.619999885559082,6.78000020980835,6.619999885559082,6.78000020980835,108
2023-09-25,6.820000171661377,6.880000114440918,6.800000190734863,6.880000114440918,210
2023-09-26,6.900000095367432,6.900000095367432,6.699999809265137,6.880000114440918,155
2023-09-27,6.460000038146973,6.579999923706055,6.119999885559082,6.300000190734863,17088
2023-09-28,6.119999885559082,6.420000076293945,6.019999980926514,6.420000076293945,8009
2023-09-29,6.420000076293945,6.420000076293945,6.420000076293945,6.420000076293945,0
2023-10-02,6.420000076293945,6.420000076293945,6.420000076293945,6.420000076293945,0
2023-10-03,6.420000076293945,6.420000076293945,6.420000076293945,6.420000076293945,0
2023-10-04,6.420000076293945,6.420000076293945,6.420000076293945,6.420000076293945,0
2023-10-05,6.420000076293945,6.420000076293945,6.420000076293945,6.420000076293945,0
2023-10-06,6.420000076293945,6.420000076293945,6.420000076293945,6.420000076293945,0
2023-10-09,6.420000076293945,6.420000076293945,6.420000076293945,6.420000076293945,0
2023-10-10,6.420000076293945,6.420000076293945,6.420000076293945,6.420000076293945,0
2023-10-11,6.420000076293945,6.420000076293945,6.420000076293945,6.420000076293945,0
2023-10-12,6.420000076293945,6.420000076293945,6.420000076293945,6.420000076293945,0
2023-10-13,6.420000076293945,6.420000076293945,6.420000076293945,6.420000076293945,0
2023-10-16,6.420000076293945,6.420000076293945,6.420000076293945,6.420000076293945,0
2023-10-17,6.420000076293945,6.420000076293945,6.420000076293945,6.420000076293945,0
2023-10-18,6.420000076293945,6.420000076293945,6.420000076293945,6.420000076293945,0
2023-10-19,6.420000076293945,6.420000076293945,6.420000076293945,6.420000076293945,0
2023-10-20,6.420000076293945,6.420000076293945,6.420000076293945,6.420000076293945,0
2023-10-23,6.420000076293945,6.420000076293945,6.420000076293945,6.420000076293945,0
2023-10-24,6.420000076293945,6.420000076293945,6.420000076293945,6.420000076293945,0
2023-10-25,6.420000076293945,6.420000076293945,6.420000076293945,6.420000076293945,0
2023-10-26,6.420000076293945,6.420000076293945,6.420000076293945,6.420000076293945,0
2023-10-27,6.420000076293945,6.420000076293945,6.420000076293945,6.420000076293945,0
2023-10-30,6.420000076293945,6.420000076293945,6.420000076293945,6.420000076293945,0
2023-10-31,6.420000076293945,6.420000076293945,6.420000076293945,6.420000076293945,0
2023-11-02,6.420000076293945,6.420000076293945,6.420000076293945,6.420000076293945,0
2023-11-03,6.420000076293945,6.420000076293945,6.420000076293945,6.420000076293945,0
2023-11-06,6.420000076293945,6.420000076293945,6.420000076293945,6.420000076293945,0
2023-11-07,6.420000076293945,6.420000076293945,6.420000076293945,6.420000076293945,0
2023-11-08,6.420000076293945,6.420000076293945,6.420000076293945,6.420000076293945,0
2023-11-09,6.420000076293945,6.420000076293945,6.420000076293945,6.420000076293945,0
2023-11-10,6.420000076293945,6.420000076293945,6.420000076293945,6.420000076293945,0
2023-11-13,6.420000076293945,6.420000076293945,6.420000076293945,6.420000076293945,0
2023-11-14,6.420000076293945,6.420000076293945,6.420000076293945,6.420000076293945,0
2023-11-15,6.420000076293945,6.420000076293945,6.420000076293945,6.420000076293945,0
2023-11-16,6.420000076293945,6.420000076293945,6.420000076293945,6.420000076293945,0
2023-11-17,6.420000076293945,6.420000076293945,6.420000076293945,6.420000076293945,0
2023-11-20,6.420000076293945,6.420000076293945,6.420000076293945,6.420000076293945,0
2023-11-21,6.420000076293945,6.420000076293945,6.420000076293945,6.420000076293945,0
2023-11-22,6.420000076293945,6.420000076293945,6.420000076293945,6.420000076293945,0
2023-11-23,6.420000076293945,6.420000076293945,6.420000076293945,6.420000076293945,0
2023-11-24,6.420000076293945,6.420000076293945,6.420000076293945,6.420000076293945,0
2023-11-27,6.420000076293945,6.420000076293945,6.420000076293945,6.420000076293945,0
2023-11-28,6.420000076293945,6.420000076293945,6.420000076293945,6.420000076293945,0
2023-11-29,6.420000076293945,6.420000076293945,6.420000076293945,6.420000076293945,0
2023-11-30,6.420000076293945,6.420000076293945,6.420000076293945,6.420000076293945,0
2023-12-01,6.420000076293945,6.420000076293945,6.420000076293945,6.420000076293945,0
2023-12-04,6.420000076293945,6.420000076293945,6.420000076293945,6.420000076293945,0
2023-12-05,6.420000076293945,6.420000076293945,6.420000076293945,6.420000076293945,0
2023-12-06,6.400000095367432,6.880000114440918,6.400000095367432,6.400000095367432,15035
2023-12-07,6.119999885559082,6.440000057220459,6.019999980926514,6.420000076293945,22712
2023-12-08,6.420000076293945,6.420000076293945,6.019999980926514,6.059999942779541,7330
2023-12-11,6.079999923706055,6.21999979019165,5.760000228881836,6.079999923706055,15657
2023-12-12,6.0,6.059999942779541,5.900000095367432,6.039999961853027,2763
2023-12-13,5.880000114440918,6.400000095367432,5.820000171661377,6.059999942779541,7470
2023-12-14,6.059999942779541,6.199999809265137,5.920000076293945,6.159999847412109,6587
2023-12-15,6.159999847412109,6.159999847412109,5.960000038146973,6.0,2352
2023-12-18,6.0,6.0,5.400000095367432,5.599999904632568,26681
2023-12-19,5.519999980926514,5.599999904632568,5.400000095367432,5.599999904632568,9225
2023-12-20,5.400000095367432,5.579999923706055,5.400000095367432,5.559999942779541,6294
2023-12-21,5.400000095367432,5.5,5.380000114440918,5.5,4201
2023-12-22,5.5,5.559999942779541,5.400000095367432,5.420000076293945,6359
2023-12-27,5.400000095367432,5.400000095367432,5.139999866485596,5.239999771118164,24823
2023-12-28,5.239999771118164,5.880000114440918,5.239999771118164,5.800000190734863,5171
2023-12-29,5.800000190734863,5.860000133514404,5.300000190734863,5.380000114440918,5894
2024-01-02,5.380000114440918,5.559999942779541,5.179999828338623,5.380000114440918,8779
2024-01-03,5.199999809265137,5.360000133514404,5.199999809265137,5.360000133514404,1543
2024-01-04,5.360000133514404,5.460000038146973,5.360000133514404,5.440000057220459,1150
2024-01-05,5.440000057220459,5.480000019073486,5.440000057220459,5.480000019073486,554
2024-01-08,5.480000019073486,5.480000019073486,5.440000057220459,5.480000019073486,282
2024-01-09,5.420000076293945,5.659999847412109,5.420000076293945,5.659999847412109,3258
2024-01-10,5.679999828338623,5.679999828338623,5.519999980926514,5.679999828338623,3524
2024-01-11,5.679999828338623,5.860000133514404,5.679999828338623,5.78000020980835,2968
2024-01-12,5.860000133514404,5.860000133514404,5.840000152587891,5.840000152587891,24
2024-01-15,5.840000152587891,5.840000152587891,5.360000133514404,5.539999961853027,7686
2024-01-16,5.420000076293945,5.539999961853027,5.420000076293945,5.420000076293945,635
2024-01-17,5.340000152587891,5.340000152587891,5.28000020980835,5.300000190734863,3400
2024-01-18,5.360000133514404,5.5,5.360000133514404,5.5,119
2024-01-19,5.340000152587891,6.400000095367432,5.320000171661377,5.800000190734863,9424
2024-01-22,6.139999866485596,6.159999847412109,5.840000152587891,5.980000019073486,830
2024-01-23,6.0,6.0,5.900000095367432,5.900000095367432,56
2024-01-24,5.900000095367432,5.900000095367432,5.800000190734863,5.800000190734863,1832
2024-01-25,5.900000095367432,5.900000095367432,5.900000095367432,5.900000095367432,2
2024-01-26,5.900000095367432,5.900000095367432,5.860000133514404,5.860000133514404,153
2024-01-29,5.880000114440918,5.880000114440918,5.599999904632568,5.699999809265137,366
2024-01-30,5.699999809265137,5.840000152587891,5.599999904632568,5.599999904632568,505
2024-01-31,5.5,5.579999923706055,5.28000020980835,5.579999923706055,666
2024-02-01,5.599999904632568,5.599999904632568,5.460000038146973,5.460000038146973,16
2024-02-02,5.440000057220459,5.440000057220459,5.21999979019165,5.400000095367432,1883
2024-02-05,5.300000190734863,5.400000095367432,5.300000190734863,5.380000114440918,368
2024-02-06,5.300000190734863,5.300000190734863,5.300000190734863,5.300000190734863,390
2024-02-07,5.400000095367432,5.400000095367432,5.300000190734863,5.300000190734863,252
2024-02-08,5.300000190734863,5.340000152587891,5.300000190734863,5.340000152587891,265
2024-02-09,5.400000095367432,5.5,5.320000171661377,5.320000171661377,789
2024-02-12,5.320000171661377,5.5,5.320000171661377,5.5,861
2024-02-13,5.440000057220459,5.71999979019165,5.340000152587891,5.340000152587891,560
2024-02-14,5.300000190734863,5.559999942779541,5.300000190734863,5.559999942779541,40
2024-02-15,5.559999942779541,5.559999942779541,5.260000228881836,5.260000228881836,1005
2024-02-16,5.260000228881836,5.400000095367432,5.079999923706055,5.28000020980835,7431
2024-02-19,5.28000020980835,5.320000171661377,5.099999904632568,5.320000171661377,3231
2024-02-20,5.320000171661377,5.920000076293945,5.320000171661377,5.760000228881836,4962
2024-02-21,5.760000228881836,5.760000228881836,5.539999961853027,5.539999961853027,103
2024-02-22,5.639999866485596,5.900000095367432,5.639999866485596,5.739999771118164,2327
2024-02-23,5.760000228881836,5.960000038146973,5.599999904632568,5.960000038146973,3935
2024-02-26,5.820000171661377,5.980000019073486,5.820000171661377,5.980000019073486,145
2024-02-27,5.880000114440918,5.980000019073486,5.880000114440918,5.980000019073486,2616
2024-02-28,5.980000019073486,5.980000019073486,5.699999809265137,5.940000057220459,2652
2024-02-29,5.980000019073486,7.199999809265137,5.980000019073486,7.199999809265137,20319
2024-03-01,7.400000095367432,7.760000228881836,7.119999885559082,7.119999885559082,59303
2024-03-04,7.0,7.019999980926514,6.5,6.699999809265137,10035
2024-03-05,6.940000057220459,6.940000057220459,6.400000095367432,6.519999980926514,3717
2024-03-06,6.659999847412109,6.699999809265137,6.199999809265137,6.480000019073486,8049
2024-03-07,6.480000019073486,6.5,6.159999847412109,6.199999809265137,1876
2024-03-08,6.300000190734863,6.539999961853027,6.0,6.539999961853027,6190
2024-03-11,6.539999961853027,7.099999904632568,6.400000095367432,7.099999904632568,3103
2024-03-12,7.099999904632568,7.400000095367432,6.400000095367432,7.199999809265137,26450
2024-03-13,7.199999809265137,7.599999904632568,7.059999942779541,7.460000038146973,14747
2024-03-14,7.559999942779541,7.800000190734863,7.400000095367432,7.400000095367432,25850
2024-03-15,7.380000114440918,8.619999885559082,7.199999809265137,8.600000381469727,106192
2024-03-18,9.180000305175781,9.5,8.020000457763672,8.600000381469727,43520
2024-03-19,8.699999809265137,9.100000381469727,8.0600004196167,8.579999923706055,17704
2024-03-20,8.579999923706055,8.800000190734863,8.220000267028809,8.220000267028809,10885
2024-03-21,8.239999771118164,8.460000038146973,8.119999885559082,8.460000038146973,1559
2024-03-22,8.460000038146973,8.680000305175781,8.119999885559082,8.140000343322754,4405
2024-03-25,8.600000381469727,8.600000381469727,8.140000343322754,8.5,8394
2024-03-26,8.5,8.680000305175781,8.279999732971191,8.65999984741211,21346
2024-03-27,8.520000457763672,8.680000305175781,8.239999771118164,8.239999771118164,2766
2024-03-28,8.239999771118164,8.479999542236328,7.820000171661377,8.300000190734863,14012
2024-04-02,8.300000190734863,8.300000190734863,7.880000114440918,8.180000305175781,2428
2024-04-03,8.399999618530273,8.399999618530273,7.900000095367432,8.279999732971191,1030
2024-04-04,8.079999923706055,8.880000114440918,7.739999771118164,8.4399995803833,38666
2024-04-05,8.399999618530273,8.399999618530273,7.900000095367432,8.399999618530273,12138
2024-04-08,8.359999656677246,8.380000114440918,7.699999809265137,7.980000019073486,21658
2024-04-09,7.900000095367432,8.100000381469727,7.800000190734863,8.100000381469727,9911
2024-04-10,8.039999961853027,8.039999961853027,7.599999904632568,7.900000095367432,6892
2024-04-11,8.15999984741211,8.15999984741211,7.739999771118164,8.0,1867
2024-04-12,7.900000095367432,8.0,7.71999979019165,8.0,657
2024-04-15,7.940000057220459,8.0,7.599999904632568,7.659999847412109,3892
2024-04-16,7.639999866485596,7.699999809265137,7.420000076293945,7.659999847412109,13681
2024-04-17,7.440000057220459,7.579999923706055,7.380000114440918,7.380000114440918,2491
2024-04-18,7.559999942779541,7.579999923706055,7.420000076293945,7.539999961853027,1285
2024-04-19,7.420000076293945,7.420000076293945,7.340000152587891,7.340000152587891,4427
2024-04-22,7.340000152587891,7.400000095367432,7.139999866485596,7.400000095367432,9337
2024-04-23,7.400000095367432,7.400000095367432,7.139999866485596,7.199999809265137,6742
2024-04-24,7.260000228881836,7.400000095367432,7.119999885559082,7.400000095367432,2312
2024-04-25,7.139999866485596,7.300000190734863,6.800000190734863,7.039999961853027,21238
2024-04-26,7.039999961853027,7.099999904632568,6.880000114440918,7.099999904632568,529
2024-04-29,6.920000076293945,7.099999904632568,6.679999828338623,7.039999961853027,7540
2024-04-30,7.019999980926514,7.019999980926514,6.460000038146973,6.599999904632568,28393
2024-05-02,6.539999961853027,6.699999809265137,6.539999961853027,6.699999809265137,551
2024-05-06,6.71999979019165,6.71999979019165,6.599999904632568,6.599999904632568,1182
2024-05-07,6.71999979019165,7.699999809265137,6.71999979019165,7.0,23248
2024-05-08,7.139999866485596,7.539999961853027,7.139999866485596,7.440000057220459,735
2024-05-09,7.019999980926514,7.099999904632568,6.920000076293945,7.019999980926514,3058
2024-05-10,6.78000020980835,7.28000020980835,6.639999866485596,6.639999866485596,15768
2024-05-13,6.639999866485596,7.099999904632568,6.300000190734863,6.579999923706055,12119
2024-05-14,6.5,7.059999942779541,6.420000076293945,7.0,11373
2024-05-15,6.980000019073486,6.980000019073486,6.659999847412109,6.920000076293945,362
2024-05-16,6.920000076293945,7.179999828338623,6.800000190734863,6.800000190734863,7789
2024-05-17,6.639999866485596,6.639999866485596,6.519999980926514,6.599999904632568,1956
2024-05-20,6.760000228881836,6.78000020980835,6.559999942779541,6.679999828338623,562
2024-05-21,6.679999828338623,6.679999828338623,6.400000095367432,6.400000095367432,2439
2024-05-22,6.400000095367432,6.599999904632568,6.380000114440918,6.420000076293945,4541
2024-05-23,6.420000076293945,6.559999942779541,6.380000114440918,6.420000076293945,1584
2024-05-24,6.400000095367432,6.420000076293945,6.199999809265137,6.420000076293945,9914
2024-05-27,6.340000152587891,6.420000076293945,6.079999923706055,6.420000076293945,5940
2024-05-28,6.21999979019165,6.340000152587891,6.119999885559082,6.340000152587891,2570
2024-05-29,6.340000152587891,6.5,6.21999979019165,6.21999979019165,1950
2024-05-31,6.480000019073486,6.71999979019165,6.320000171661377,6.539999961853027,4663
2024-06-03,6.599999904632568,6.659999847412109,6.5,6.659999847412109,1800
2024-06-04,6.699999809265137,6.78000020980835,6.519999980926514,6.559999942779541,1452
2024-06-05,6.659999847412109,6.659999847412109,6.579999923706055,6.599999904632568,3839
2024-06-06,6.599999904632568,6.599999904632568,6.599999904632568,6.599999904632568,148
2024-06-07,6.599999904632568,7.980000019073486,6.599999904632568,7.699999809265137,17255
2024-06-10,7.880000114440918,8.079999923706055,7.159999847412109,7.599999904632568,16052
2024-06-11,7.599999904632568,7.980000019073486,7.599999904632568,7.599999904632568,5753
2024-06-12,7.559999942779541,8.0,7.559999942779541,7.820000171661377,4007
2024-06-13,7.820000171661377,7.980000019073486,7.5,7.699999809265137,2877
2024-06-14,7.71999979019165,7.71999979019165,7.300000190734863,7.599999904632568,1567
2024-06-17,7.360000133514404,7.800000190734863,7.360000133514404,7.5,826
2024-06-18,7.440000057220459,7.800000190734863,7.440000057220459,7.5,1987
2024-06-19,7.5,7.5,7.5,7.5,2018
2024-06-20,7.5,7.5,7.300000190734863,7.5,2000
2024-06-21,7.480000019073486,7.980000019073486,7.420000076293945,7.739999771118164,14255
2024-06-24,7.599999904632568,7.960000038146973,7.599999904632568,7.78000020980835,23634
2024-06-25,7.619999885559082,7.699999809265137,7.400000095367432,7.699999809265137,3061
2024-06-26,7.679999828338623,7.679999828338623,7.679999828338623,7.679999828338623,10
2024-06-27,7.420000076293945,7.420000076293945,7.400000095367432,7.400000095367432,3153
2024-06-28,7.800000190734863,8.0,7.579999923706055,8.0,18211
2024-07-01,7.739999771118164,7.980000019073486,7.739999771118164,7.820000171661377,1227
2024-07-02,7.820000171661377,8.0,7.820000171661377,7.900000095367432,2711
2024-07-03,7.760000228881836,7.880000114440918,7.699999809265137,7.880000114440918,3064
2024-07-04,7.920000076293945,7.920000076293945,7.71999979019165,7.900000095367432,159
2024-07-05,7.900000095367432,8.0,7.900000095367432,7.900000095367432,2669
2024-07-08,8.0,8.0,7.559999942779541,7.739999771118164,4955
2024-07-09,7.739999771118164,7.739999771118164,7.599999904632568,7.599999904632568,3300
2024-07-10,7.760000228881836,7.980000019073486,7.760000228881836,7.800000190734863,2035
2024-07-11,7.900000095367432,7.900000095367432,7.820000171661377,7.820000171661377,1191
2024-07-12,7.639999866485596,7.820000171661377,7.599999904632568,7.820000171661377,1998
2024-07-15,7.599999904632568,7.820000171661377,7.599999904632568,7.820000171661377,1260
2024-07-16,7.800000190734863,7.820000171661377,7.699999809265137,7.699999809265137,3608
2024-07-17,7.699999809265137,7.820000171661377,7.699999809265137,7.800000190734863,1276
2024-07-18,7.699999809265137,8.0,7.699999809265137,7.980000019073486,1755
2024-07-19,7.960000038146973,7.960000038146973,7.960000038146973,7.960000038146973,25
2024-07-22,7.860000133514404,7.860000133514404,7.699999809265137,7.760000228881836,1590
2024-07-23,7.760000228881836,7.760000228881836,7.699999809265137,7.699999809265137,246
2024-07-24,7.599999904632568,7.679999828338623,7.599999904632568,7.599999904632568,966
2024-07-25,7.559999942779541,7.559999942779541,7.0,7.28000020980835,16967
2024-07-26,7.139999866485596,7.360000133514404,7.139999866485596,7.340000152587891,1134
2024-07-29,7.340000152587891,7.360000133514404,6.699999809265137,6.800000190734863,9623
2024-07-30,6.800000190734863,6.800000190734863,6.699999809265137,6.699999809265137,5527
2024-07-31,6.800000190734863,6.800000190734863,6.71999979019165,6.71999979019165,2130
2024-08-01,6.739999771118164,6.739999771118164,6.699999809265137,6.699999809265137,1680
2024-08-02,6.679999828338623,6.800000190734863,6.5,6.800000190734863,2699
2024-08-05,6.5,6.5,6.0,6.139999866485596,8604
2024-08-06,6.340000152587891,6.360000133514404,6.159999847412109,6.320000171661377,898
2024-08-07,6.300000190734863,6.300000190734863,6.0,6.28000020980835,3125
2024-08-08,6.28000020980835,6.400000095367432,6.099999904632568,6.400000095367432,1165
2024-08-09,6.400000095367432,6.400000095367432,6.199999809265137,6.400000095367432,1626
2024-08-12,6.400000095367432,6.400000095367432,6.300000190734863,6.300000190734863,545
2024-08-13,6.400000095367432,6.400000095367432,6.400000095367432,6.400000095367432,2267
2024-08-14,6.400000095367432,6.400000095367432,6.300000190734863,6.340000152587891,1621
2024-08-16,6.340000152587891,6.340000152587891,6.340000152587891,6.340000152587891,0
2024-08-19,6.340000152587891,7.460000038146973,6.300000190734863,6.5,26260
2024-08-20,6.440000057220459,6.440000057220459,6.400000095367432,6.440000057220459,1748
2024-08-21,6.460000038146973,6.460000038146973,6.460000038146973,6.460000038146973,102
2024-08-22,6.460000038146973,6.599999904632568,6.239999771118164,6.260000228881836,4284
2024-08-23,6.5,6.519999980926514,6.5,6.5,204
2024-08-26,6.5,6.5,6.5,6.5,150
2024-08-27,6.300000190734863,6.300000190734863,6.300000190734863,6.300000190734863,1250
2024-08-28,6.300000190734863,6.300000190734863,6.300000190734863,6.300000190734863,0
2024-08-29,6.0,6.0,5.320000171661377,5.599999904632568,104795
2024-08-30,5.699999809265137,6.0,5.679999828338623,5.900000095367432,40288
2024-09-02,5.900000095367432,5.980000019073486,5.71999979019165,5.960000038146973,9708
2024-09-03,5.820000171661377,5.940000057220459,5.800000190734863,5.940000057220459,2868
2024-09-04,5.940000057220459,5.940000057220459,5.739999771118164,5.940000057220459,235
2024-09-05,5.78000020980835,5.940000057220459,5.78000020980835,5.940000057220459,168
2024-09-06,5.900000095367432,6.0,5.78000020980835,5.78000020980835,2714
2024-09-09,5.980000019073486,6.0,5.820000171661377,6.0,916
2024-09-10,6.0,6.0,6.0,6.0,2477
2024-09-11,5.840000152587891,5.840000152587891,5.800000190734863,5.800000190734863,1226
2024-09-12,5.840000152587891,5.840000152587891,5.739999771118164,5.739999771118164,1043
2024-09-13,6.0,6.0,5.739999771118164,5.980000019073486,17
2024-09-16,5.980000019073486,5.980000019073486,5.980000019073486,5.980000019073486,9
2024-09-17,5.760000228881836,5.920000076293945,5.71999979019165,5.920000076293945,749
2024-09-18,5.71999979019165,5.900000095367432,5.71999979019165,5.900000095367432,127
2024-09-19,5.920000076293945,5.920000076293945,5.880000114440918,5.880000114440918,127
2024-09-20,5.920000076293945,5.920000076293945,5.760000228881836,5.760000228881836,200
2024-09-23,5.760000228881836,5.880000114440918,5.739999771118164,5.739999771118164,2591
2024-09-24,5.880000114440918,5.880000114440918,5.619999885559082,5.619999885559082,1974
2024-09-25,5.619999885559082,5.619999885559082,5.519999980926514,5.619999885559082,1782
2024-09-26,5.599999904632568,5.619999885559082,5.539999961853027,5.539999961853027,1968
2024-09-27,5.599999904632568,5.599999904632568,5.539999961853027,5.539999961853027,412
2024-09-30,5.559999942779541,5.599999904632568,5.559999942779541,5.599999904632568,11564
2024-10-01,5.599999904632568,5.880000114440918,5.599999904632568,5.619999885559082,2146
2024-10-02,5.840000152587891,5.840000152587891,5.599999904632568,5.599999904632568,1107
2024-10-03,5.760000228881836,5.760000228881836,5.519999980926514,5.519999980926514,700
2024-10-04,5.679999828338623,5.940000057220459,5.679999828338623,5.940000057220459,6752
2024-10-07,5.940000057220459,6.119999885559082,5.800000190734863,5.800000190734863,30445
2024-10-08,5.699999809265137,5.699999809265137,5.639999866485596,5.639999866485596,10100
2024-10-09,5.800000190734863,5.940000057220459,5.599999904632568,5.71999979019165,7345
2024-10-10,5.800000190734863,5.840000152587891,5.659999847412109,5.840000152587891,894
2024-10-11,5.920000076293945,6.059999942779541,5.599999904632568,6.059999942779541,4225
2024-10-14,5.980000019073486,6.0,5.619999885559082,5.800000190734863,1804
2024-10-15,6.0,6.0,5.800000190734863,5.920000076293945,6719
2024-10-16,5.900000095367432,6.039999961853027,5.900000095367432,6.0,3625
2024-10-17,5.900000095367432,6.059999942779541,5.900000095367432,6.0,7244
2024-10-18,6.0,6.0,5.800000190734863,5.840000152587891,6382
2024-10-21,5.840000152587891,6.059999942779541,5.820000171661377,5.820000171661377,689
2024-10-22,5.840000152587891,6.039999961853027,5.820000171661377,5.900000095367432,5134
2024-10-23,6.059999942779541,6.139999866485596,5.900000095367432,5.920000076293945,4147
2024-10-24,5.980000019073486,6.0,5.900000095367432,5.900000095367432,5432
2024-10-25,6.039999961853027,6.099999904632568,5.900000095367432,5.900000095367432,3971
2024-10-28,5.900000095367432,5.980000019073486,5.800000190734863,5.800000190734863,15017
2024-10-29,5.900000095367432,5.940000057220459,5.860000133514404,5.860000133514404,2560
2024-10-30,5.900000095367432,6.099999904632568,5.900000095367432,5.900000095367432,3379
2024-10-31,5.900000095367432,6.119999885559082,5.800000190734863,5.820000171661377,3540
2024-11-04,5.820000171661377,6.059999942779541,5.820000171661377,5.860000133514404,2985
2024-11-05,6.039999961853027,6.199999809265137,5.880000114440918,5.920000076293945,7411
2024-11-06,5.880000114440918,6.239999771118164,5.880000114440918,5.980000019073486,6555
2024-11-07,5.980000019073486,6.0,5.860000133514404,6.0,11140
2024-11-08,6.099999904632568,6.5,6.0,6.0,3422
2024-11-12,6.0,6.5,5.940000057220459,5.980000019073486,5522
2024-11-13,5.960000038146973,6.380000114440918,5.880000114440918,5.960000038146973,7274
2024-11-14,6.019999980926514,6.28000020980835,6.0,6.019999980926514,6607
2024-11-15,6.199999809265137,6.199999809265137,5.900000095367432,5.900000095367432,1682
2024-11-18,5.960000038146973,6.159999847412109,5.960000038146973,6.0,10228
2024-11-19,5.940000057220459,6.139999866485596,5.940000057220459,6.139999866485596,4954
2024-11-20,6.139999866485596,6.199999809265137,5.960000038146973,6.199999809265137,16145
2024-11-21,6.239999771118164,6.300000190734863,5.900000095367432,6.300000190734863,10841
2024-11-22,6.300000190734863,6.5,6.21999979019165,6.400000095367432,5399
2024-11-25,6.5,7.840000152587891,6.400000095367432,7.71999979019165,60593
2024-11-26,7.5,7.840000152587891,7.119999885559082,7.5,16666
2024-11-27,7.199999809265137,7.440000057220459,7.039999961853027,7.360000133514404,9573
2024-11-28,7.079999923706055,7.460000038146973,7.019999980926514,7.440000057220459,1855
2024-11-29,7.340000152587891,7.440000057220459,7.300000190734863,7.300000190734863,1020
2024-12-02,7.400000095367432,7.800000190734863,7.300000190734863,7.599999904632568,5513
2024-12-03,7.659999847412109,7.659999847412109,7.5,7.519999980926514,6572
2024-12-04,7.300000190734863,7.659999847412109,7.300000190734863,7.559999942779541,8579
2024-12-05,7.639999866485596,7.820000171661377,7.5,7.800000190734863,21723
2024-12-06,7.800000190734863,7.960000038146973,7.800000190734863,7.960000038146973,16962
2024-12-09,8.0,8.319999694824219,8.0,8.239999771118164,25943
2024-12-10,8.199999809265137,8.5,7.960000038146973,8.100000381469727,20413
2024-12-11,8.199999809265137,8.279999732971191,7.400000095367432,8.100000381469727,11111
2024-12-12,8.079999923706055,8.5,7.880000114440918,8.5,52353
2024-12-13,8.5,8.5,8.15999984741211,8.199999809265137,16685
2024-12-16,8.460000038146973,8.579999923706055,8.300000190734863,8.460000038146973,15010
2024-12-17,8.34000015258789,8.579999923706055,8.34000015258789,8.399999618530273,4224
2024-12-18,8.579999923706055,8.619999885559082,8.399999618530273,8.399999618530273,17143
2024-12-19,8.4399995803833,8.640000343322754,8.020000457763672,8.399999618530273,27957
2024-12-20,8.239999771118164,8.5,8.199999809265137,8.399999618530273,12021
2024-12-23,8.680000305175781,8.680000305175781,8.399999618530273,8.460000038146973,5442
2024-12-27,8.460000038146973,8.5,8.260000228881836,8.5,10815
2024-12-30,8.460000038146973,8.5,8.199999809265137,8.199999809265137,4421
2025-01-02,8.199999809265137,8.779999732971191,8.199999809265137,8.5,5759
2025-01-03,8.420000076293945,8.5,8.100000381469727,8.460000038146973,8131
2025-01-07,8.5,8.640000343322754,8.220000267028809,8.34000015258789,15071
2025-01-08,8.34000015258789,8.600000381469727,8.34000015258789,8.420000076293945,28454
2025-01-09,8.380000114440918,8.399999618530273,8.199999809265137,8.399999618530273,7834
2025-01-10,8.420000076293945,8.600000381469727,8.279999732971191,8.5,10136
2025-01-13,8.5,8.5,8.420000076293945,8.460000038146973,6673
2025-01-14,8.399999618530273,8.399999618530273,8.319999694824219,8.399999618530273,15202
2025-01-15,8.399999618530273,8.479999542236328,8.119999885559082,8.479999542236328,11386
2025-01-16,8.479999542236328,8.479999542236328,8.199999809265137,8.300000190734863,1302
2025-01-17,8.300000190734863,8.460000038146973,8.0,8.380000114440918,5823
2025-01-20,8.399999618530273,8.800000190734863,8.220000267028809,8.220000267028809,16808
2025-01-21,8.699999809265137,8.84000015258789,8.520000457763672,8.779999732971191,4875
2025-01-22,8.479999542236328,8.760000228881836,8.300000190734863,8.760000228881836,251
2025-01-23,8.760000228881836,8.760000228881836,8.399999618530273,8.739999771118164,3678
2025-01-24,8.760000228881836,8.800000190734863,8.399999618530273,8.699999809265137,3119
2025-01-27,8.699999809265137,8.699999809265137,8.34000015258789,8.5,1783
2025-01-28,8.760000228881836,8.760000228881836,8.5,8.5,837
2025-01-29,8.359999656677246,8.539999961853027,8.319999694824219,8.5,1296
2025-01-30,8.359999656677246,8.5,7.539999961853027,7.679999828338623,36260
2025-01-31,7.139999866485596,8.399999618530273,7.099999904632568,7.699999809265137,17486
2025-02-03,7.699999809265137,7.699999809265137,7.320000171661377,7.699999809265137,3025
2025-02-04,7.699999809265137,7.900000095367432,7.619999885559082,7.71999979019165,2144
2025-02-05,7.599999904632568,7.659999847412109,7.099999904632568,7.28000020980835,23828
2025-02-06,7.28000020980835,7.440000057220459,7.0,7.28000020980835,15950
2025-02-07,7.21999979019165,7.360000133514404,7.199999809265137,7.199999809265137,4474
2025-02-10,7.139999866485596,7.179999828338623,7.0,7.099999904632568,11198
2025-02-11,7.179999828338623,7.179999828338623,7.119999885559082,7.159999847412109,222
2025-02-12,7.159999847412109,7.159999847412109,7.079999923706055,7.119999885559082,1294
2025-02-13,7.119999885559082,7.119999885559082,7.079999923706055,7.119999885559082,20
2025-02-14,7.119999885559082,7.260000228881836,6.960000038146973,6.960000038146973,13244
2025-02-17,7.079999923706055,7.079999923706055,6.519999980926514,6.880000114440918,7126
2025-02-18,6.960000038146973,7.0,6.71999979019165,6.800000190734863,6451
2025-02-19,6.699999809265137,6.920000076293945,6.699999809265137,6.699999809265137,3858
2025-02-20,6.820000171661377,6.820000171661377,6.619999885559082,6.78000020980835,2145
2025-02-21,6.78000020980835,6.860000133514404,6.679999828338623,6.860000133514404,952
2025-02-24,6.679999828338623,6.800000190734863,6.599999904632568,6.800000190734863,469
2025-02-25,6.599999904632568,6.900000095367432,6.5,6.840000152587891,1749
2025-02-26,6.78000020980835,6.940000057220459,6.78000020980835,6.940000057220459,1018
2025-02-27,6.78000020980835,6.800000190734863,6.5,6.78000020980835,2168
2025-02-28,6.78000020980835,6.800000190734863,6.739999771118164,6.800000190734863,598
2025-03-03,6.800000190734863,6.800000190734863,6.71999979019165,6.800000190734863,1110
2025-03-04,6.739999771118164,6.739999771118164,6.079999923706055,6.199999809265137,28355
2025-03-05,6.159999847412109,6.239999771118164,5.599999904632568,5.960000038146973,42986
2025-03-06,5.940000057220459,5.940000057220459,5.71999979019165,5.860000133514404,3973
2025-03-07,5.800000190734863,5.980000019073486,5.78000020980835,5.880000114440918,3237
2025-03-10,5.800000190734863,5.840000152587891,5.71999979019165,5.840000152587891,2580
2025-03-11,5.820000171661377,6.039999961853027,5.699999809265137,5.820000171661377,2874
2025-03-12,6.0,6.28000020980835,5.519999980926514,5.800000190734863,14998
2025-03-13,5.639999866485596,5.940000057220459,5.639999866485596,5.860000133514404,3686
2025-03-14,5.920000076293945,6.019999980926514,5.880000114440918,6.0,7828
2025-03-17,6.019999980926514,6.059999942779541,5.900000095367432,6.019999980926514,9897
2025-03-18,6.059999942779541,6.199999809265137,6.0,6.199999809265137,14635
2025-03-19,6.340000152587891,7.159999847412109,6.340000152587891,6.800000190734863,34281
2025-03-20,6.699999809265137,6.78000020980835,6.420000076293945,6.739999771118164,2056
2025-03-21,6.519999980926514,6.519999980926514,6.340000152587891,6.519999980926514,16248
2025-03-24,6.599999904632568,6.920000076293945,6.599999904632568,6.880000114440918,8154
2025-03-25,6.679999828338623,6.880000114440918,6.5,6.539999961853027,4453
2025-03-26,6.519999980926514,6.820000171661377,6.400000095367432,6.400000095367432,1671
2025-03-27,6.400000095367432,6.699999809265137,6.380000114440918,6.679999828338623,1762
2025-03-28,6.400000095367432,6.599999904632568,6.400000095367432,6.599999904632568,315
2025-03-31,6.5,6.5,6.21999979019165,6.380000114440918,2795
2025-04-01,6.360000133514404,6.360000133514404,6.21999979019165,6.360000133514404,2761
2025-04-02,6.239999771118164,6.300000190734863,6.21999979019165,6.21999979019165,789
2025-04-03,6.21999979019165,6.21999979019165,6.0,6.199999809265137,2236
2025-04-04,6.039999961853027,6.099999904632568,5.539999961853027,5.539999961853027,16662
2025-04-07,5.5,6.380000114440918,5.0,6.28000020980835,19486
2025-04-08,6.28000020980835,6.28000020980835,5.699999809265137,5.78000020980835,8611
2025-04-09,5.739999771118164,5.739999771118164,5.340000152587891,5.480000019073486,6014
2025-04-10,5.659999847412109,5.860000133514404,5.400000095367432,5.860000133514404,20837
2025-04-11,5.860000133514404,5.980000019073486,5.5,5.800000190734863,9437
2025-04-14,5.699999809265137,5.960000038146973,5.579999923706055,5.920000076293945,5429
2025-04-15,5.800000190734863,5.920000076293945,5.699999809265137,5.920000076293945,360
2025-04-16,5.71999979019165,5.860000133514404,5.699999809265137,5.71999979019165,1270
2025-04-17,5.960000038146973,5.960000038146973,5.699999809265137,5.940000057220459,1979
2025-04-22,5.800000190734863,5.920000076293945,5.71999979019165,5.920000076293945,608
2025-04-23,5.920000076293945,6.28000020980835,5.900000095367432,6.260000228881836,2835
2025-04-24,6.239999771118164,6.239999771118164,6.179999828338623,6.179999828338623,52
2025-04-25,6.239999771118164,6.239999771118164,5.619999885559082,5.699999809265137,15585
2025-04-28,5.699999809265137,5.940000057220459,5.579999923706055,5.880000114440918,4671
2025-04-29,5.659999847412109,5.78000020980835,5.400000095367432,5.699999809265137,2155
2025-04-30,5.699999809265137,5.699999809265137,5.699999809265137,5.699999809265137,160
2025-05-02,5.679999828338623,5.679999828338623,5.5,5.559999942779541,1083
2025-05-05,5.659999847412109,5.659999847412109,5.599999904632568,5.599999904632568,807
2025-05-06,5.559999942779541,5.659999847412109,5.400000095367432,5.460000038146973,3280
2025-05-07,5.480000019073486,5.980000019073486,5.0,5.5,30888
2025-05-08,5.5,5.5,5.119999885559082,5.300000190734863,8207
2025-05-09,5.300000190734863,5.300000190734863,5.239999771118164,5.260000228881836,10760
2025-05-12,5.300000190734863,5.300000190734863,5.0,5.260000228881836,6777
2025-05-13,5.260000228881836,5.28000020980835,5.139999866485596,5.28000020980835,910
2025-05-14,5.239999771118164,5.239999771118164,5.179999828338623,5.21999979019165,1530
2025-05-15,5.21999979019165,5.300000190734863,5.199999809265137,5.300000190734863,1944
2025-05-16,5.21999979019165,5.21999979019165,5.139999866485596,5.159999847412109,1665
2025-05-19,5.28000020980835,5.400000095367432,5.039999961853027,5.300000190734863,5237
2025-05-20,5.099999904632568,5.300000190734863,5.099999904632568,5.300000190734863,1624
2025-05-21,5.260000228881836,5.28000020980835,5.0,5.28000020980835,1462
2025-05-22,5.079999923706055,5.300000190734863,5.039999961853027,5.300000190734863,1810
2025-05-23,5.300000190734863,5.360000133514404,5.019999980926514,5.28000020980835,2227
2025-05-26,5.239999771118164,5.239999771118164,5.199999809265137,5.199999809265137,445
2025-05-27,5.0,5.239999771118164,4.800000190734863,5.199999809265137,27451
2025-05-28,5.199999809265137,5.199999809265137,5.0,5.179999828338623,152
2025-05-29,5.179999828338623,5.179999828338623,4.949999809265137,5.079999923706055,753
2025-05-30,5.079999923706055,5.239999771118164,4.949999809265137,5.239999771118164,3463
2025-06-02,5.239999771118164,5.300000190734863,5.019999980926514,5.239999771118164,2020
2025-06-03,5.239999771118164,5.239999771118164,5.099999904632568,5.099999904632568,1425
2025-06-04,5.099999904632568,5.21999979019165,5.099999904632568,5.21999979019165,2646
2025-06-05,5.21999979019165,5.21999979019165,5.21999979019165,5.21999979019165,0
2025-06-06,5.119999885559082,5.21999979019165,4.800000190734863,5.099999904632568,10550
2025-06-09,5.099999904632568,5.21999979019165,5.099999904632568,5.21999979019165,1077
2025-06-10,5.099999904632568,5.199999809265137,5.099999904632568,5.099999904632568,2752
2025-06-11,5.059999942779541,5.179999828338623,5.059999942779541,5.179999828338623,224
2025-06-12,5.059999942779541,5.099999904632568,5.059999942779541,5.099999904632568,1237
2025-06-13,5.079999923706055,5.159999847412109,5.059999942779541,5.099999904632568,417
2025-06-16,5.099999904632568,5.159999847412109,5.079999923706055,5.079999923706055,2619
2025-06-17,5.079999923706055,5.079999923706055,5.0,5.0,2902
2025-06-18,4.900000095367432,5.0,4.690000057220459,5.0,24720
2025-06-20,4.989999771118164,5.019999980926514,4.929999828338623,5.0,3958
2025-06-23,4.949999809265137,5.0,4.849999904632568,5.0,2623
2025-06-24,4.989999771118164,4.989999771118164,4.820000171661377,4.849999904632568,1153
2025-06-25,4.900000095367432,4.940000057220459,4.800000190734863,4.940000057220459,3364
2025-06-26,4.900000095367432,4.900000095367432,4.900000095367432,4.900000095367432,922
2025-06-27,4.760000228881836,4.900000095367432,4.75,4.860000133514404,19019
2025-06-30,4.900000095367432,5.159999847412109,4.699999809265137,4.699999809265137,7082
2025-07-01,4.699999809265137,4.710000038146973,4.670000076293945,4.699999809265137,5264
2025-07-02,4.659999847412109,4.659999847412109,4.510000228881836,4.599999904632568,6218
2025-07-03,4.610000133514404,4.639999866485596,4.5,4.639999866485596,7407
2025-07-04,4.599999904632568,4.639999866485596,4.550000190734863,4.639999866485596,2678
2025-07-07,4.550000190734863,4.739999771118164,4.550000190734863,4.699999809265137,4168
2025-07-08,4.679999828338623,4.789999961853027,4.679999828338623,4.789999961853027,2893
2025-07-09,4.699999809265137,4.860000133514404,4.690000057220459,4.860000133514404,3880
2025-07-10,4.809999942779541,4.809999942779541,4.699999809265137,4.699999809265137,2000
2025-07-11,4.849999904632568,4.889999866485596,4.730000019073486,4.840000152587891,3268
2025-07-14,4.840000152587891,4.840000152587891,4.840000152587891,4.840000152587891,0
2025-07-15,4.730000019073486,4.889999866485596,4.730000019073486,4.739999771118164,3409
2025-07-16,4.739999771118164,4.739999771118164,4.739999771118164,4.739999771118164,1
2025-07-17,4.869999885559082,4.869999885559082,4.860000133514404,4.860000133514404,485
2025-07-18,4.869999885559082,5.0,4.869999885559082,5.0,1507
2025-07-21,4.949999809265137,5.0,4.789999961853027,4.789999961853027,2012
2025-07-22,4.809999942779541,4.809999942779541,4.809999942779541,4.809999942779541,728
2025-07-23,4.840000152587891,4.980000019073486,4.840000152587891,4.980000019073486,2432
2025-07-24,4.989999771118164,5.0,4.989999771118164,5.0,925
2025-07-25,5.0,5.0,4.840000152587891,5.0,2148
2025-07-28,5.0,5.0,4.900000095367432,4.989999771118164,707
2025-07-29,4.849999904632568,4.849999904632568,4.820000171661377,4.820000171661377,1101
2025-07-30,4.820000171661377,4.889999866485596,4.809999942779541,4.889999866485596,4183
2025-07-31,4.900000095367432,4.940000057220459,4.900000095367432,4.929999828338623,561
2025-08-01,4.929999828338623,4.929999828338623,4.75,4.900000095367432,5520
2025-08-04,4.900000095367432,4.900000095367432,4.900000095367432,4.900000095367432,0
2025-08-05,4.800000190734863,4.889999866485596,4.800000190734863,4.849999904632568,969
2025-08-06,4.840000152587891,4.840000152587891,4.840000152587891,4.840000152587891,471
2025-08-07,4.840000152587891,4.840000152587891,4.840000152587891,4.840000152587891,333
2025-08-08,4.840000152587891,4.840000152587891,4.769999980926514,4.829999923706055,1334
2025-08-11,4.769999980926514,4.769999980926514,4.619999885559082,4.619999885559082,1203
2025-08-12,4.630000114440918,4.699999809265137,4.630000114440918,4.699999809265137,1639
2025-08-13,4.639999866485596,4.699999809265137,4.639999866485596,4.699999809265137,3563
2025-08-14,4.699999809265137,4.699999809265137,4.699999809265137,4.699999809265137,11348
2025-08-18,4.699999809265137,4.699999809265137,4.699999809265137,4.699999809265137,1600
2025-08-19,4.699999809265137,4.699999809265137,4.699999809265137,4.699999809265137,550
2025-08-20,4.699999809265137,4.699999809265137,4.699999809265137,4.699999809265137,0
2025-08-21,4.699999809265137,5.0,4.699999809265137,5.0,9421
2025-08-22,4.900000095367432,4.900000095367432,4.900000095367432,4.900000095367432,551
2025-08-25,4.800000190734863,4.800000190734863,4.800000190734863,4.800000190734863,117
2025-08-26,4.849999904632568,4.900000095367432,4.800000190734863,4.900000095367432,6973
2025-08-27,4.900000095367432,4.900000095367432,4.900000095367432,4.900000095367432,2008
2025-08-28,4.78000020980835,4.900000095367432,4.78000020980835,4.900000095367432,2730
2025-08-29,4.900000095367432,4.900000095367432,4.900000095367432,4.900000095367432,680
2025-09-01,4.78000020980835,4.800000190734863,4.670000076293945,4.800000190734863,3365
2025-09-02,4.699999809265137,4.699999809265137,4.570000171661377,4.699999809265137,2688
2025-09-03,4.659999847412109,4.800000190734863,4.659999847412109,4.800000190734863,8500
2025-09-04,4.800000190734863,4.800000190734863,4.800000190734863,4.800000190734863,4852
2025-09-05,4.800000190734863,4.900000095367432,4.710000038146973,4.900000095367432,9676
2025-09-08,4.900000095367432,4.900000095367432,4.820000171661377,4.820000171661377,1208
2025-09-09,4.820000171661377,5.21999979019165,4.710000038146973,4.900000095367432,15140
2025-09-10,5.019999980926514,5.199999809265137,5.0,5.099999904632568,3647
2025-09-11,5.059999942779541,5.179999828338623,4.980000019073486,5.139999866485596,17611
2025-09-12,5.0,5.5,5.0,5.199999809265137,4225
2025-09-15,5.0,5.099999904632568,4.980000019073486,5.099999904632568,3174
2025-09-16,5.099999904632568,5.179999828338623,5.0,5.0,2809
2025-09-17,5.0,5.099999904632568,4.920000076293945,5.0,2435
2025-09-18,5.0,6.320000171661377,5.0,5.659999847412109,146340
2025-09-19,5.679999828338623,6.0,5.599999904632568,5.980000019073486,43430
2025-09-22,5.980000019073486,6.0,5.71999979019165,5.71999979019165,12304
2025-09-23,5.739999771118164,5.960000038146973,5.539999961853027,5.739999771118164,8047
2025-09-24,5.760000228881836,6.239999771118164,5.760000228881836,6.21999979019165,27923
2025-09-25,6.0,6.099999904632568,5.820000171661377,6.079999923706055,4687
2025-09-26,6.0,6.440000057220459,5.820000171661377,6.440000057220459,77530
2025-09-29,6.440000057220459,6.480000019073486,6.179999828338623,6.360000133514404,38686
2025-09-30,6.400000095367432,6.400000095367432,6.179999828338623,6.400000095367432,16027
2025-10-01,6.21999979019165,6.400000095367432,6.199999809265137,6.400000095367432,6672
2025-10-02,6.519999980926514,6.880000114440918,6.400000095367432,6.840000152587891,168694
2025-10-03,6.920000076293945,7.78000020980835,6.860000133514404,7.300000190734863,202314
2025-10-06,7.400000095367432,8.119999885559082,7.380000114440918,8.100000381469727,167144
2025-10-07,8.199999809265137,8.460000038146973,7.840000152587891,8.079999923706055,135758
2025-10-08,7.820000171661377,8.460000038146973,7.559999942779541,7.900000095367432,147693
2025-10-09,8.0,8.119999885559082,7.5,7.5,97787
2025-10-10,7.699999809265137,8.039999961853027,7.420000076293945,7.880000114440918,93855
2025-10-13,8.380000114440918,8.380000114440918,7.900000095367432,8.199999809265137,89549
2025-10-14,8.220000267028809,8.220000267028809,7.900000095367432,8.140000343322754,159850
2025-10-15,8.34000015258789,8.460000038146973,7.820000171661377,8.079999923706055,140987
2025-10-16,7.960000038146973,8.0600004196167,7.559999942779541,7.659999847412109,50785
2025-10-17,7.699999809265137,7.820000171661377,7.320000171661377,7.519999980926514,37876
2025-10-20,7.659999847412109,7.659999847412109,7.099999904632568,7.28000020980835,62116
2025-10-21,7.28000020980835,7.28000020980835,7.0,7.260000228881836,49377
2025-10-22,7.239999771118164,7.5,7.179999828338623,7.440000057220459,47838
2025-10-23,7.440000057220459,7.599999904632568,7.320000171661377,7.579999923706055,26579
2025-10-24,7.619999885559082,7.800000190734863,7.380000114440918,7.539999961853027,49279
2025-10-27,7.639999866485596,7.940000057220459,7.539999961853027,7.940000057220459,30767
2025-10-28,7.940000057220459,8.15999984741211,7.320000171661377,7.539999961853027,48308
2025-10-29,7.5,7.679999828338623,7.300000190734863,7.480000019073486,15987
2025-10-30,7.320000171661377,7.579999923706055,6.920000076293945,6.920000076293945,25123
2025-10-31,6.920000076293945,7.199999809265137,6.860000133514404,7.0,37645
2025-11-03,6.920000076293945,6.980000019073486,6.659999847412109,6.900000095367432,16930
2025-11-04,6.880000114440918,6.900000095367432,6.260000228881836,6.760000228881836,24406
2025-11-05,6.699999809265137,6.699999809265137,6.5,6.579999923706055,9276
2025-11-06,6.559999942779541,6.760000228881836,6.300000190734863,6.739999771118164,18593
2025-11-07,6.699999809265137,6.699999809265137,6.099999904632568,6.199999809265137,38001
2025-11-10,6.059999942779541,6.380000114440918,5.920000076293945,6.099999904632568,44694
2025-11-12,6.139999866485596,6.260000228881836,5.800000190734863,6.159999847412109,9155
2025-11-13,6.079999923706055,6.179999828338623,5.840000152587891,6.179999828338623,10038
2025-11-14,6.099999904632568,6.179999828338623,5.880000114440918,6.099999904632568,5801
2025-11-17,6.099999904632568,6.099999904632568,5.920000076293945,6.0,6275
2025-11-18,5.920000076293945,6.0,5.559999942779541,5.840000152587891,11865
2025-11-19,5.619999885559082,6.039999961853027,5.619999885559082,5.900000095367432,6603
2025-11-20,6.039999961853027,6.079999923706055,5.860000133514404,6.079999923706055,1917
2025-11-21,6.079999923706055,6.079999923706055,5.800000190734863,5.800000190734863,5416
2025-11-24,5.900000095367432,5.980000019073486,5.539999961853027,5.800000190734863,8210
2025-11-25,5.940000057220459,5.940000057220459,5.599999904632568,5.800000190734863,2684
2025-11-26,5.800000190734863,5.800000190734863,5.699999809265137,5.71999979019165,1917
2025-11-27,5.71999979019165,5.760000228881836,5.659999847412109,5.760000228881836,3945
2025-11-28,5.760000228881836,5.800000190734863,5.71999979019165,5.760000228881836,870
2025-12-01,5.800000190734863,5.800000190734863,5.619999885559082,5.760000228881836,1725
2025-12-02,5.78000020980835,5.78000020980835,5.539999961853027,5.760000228881836,5773
2025-12-03,5.71999979019165,5.71999979019165,5.460000038146973,5.699999809265137,9499
2025-12-04,5.5,5.579999923706055,5.300000190734863,5.480000019073486,11507
2025-12-05,5.400000095367432,5.5,5.320000171661377,5.5,726
2025-12-08,5.400000095367432,5.400000095367432,5.059999942779541,5.360000133514404,8941
2025-12-09,5.400000095367432,5.519999980926514,5.300000190734863,5.480000019073486,4623
2025-12-10,5.260000228881836,5.460000038146973,5.079999923706055,5.199999809265137,31128
2025-12-11,5.320000171661377,5.320000171661377,5.0,5.119999885559082,18289
2025-12-12,5.099999904632568,5.159999847412109,5.099999904632568,5.119999885559082,5694
2025-12-15,5.019999980926514,5.119999885559082,5.0,5.119999885559082,5484
2025-12-16,5.039999961853027,5.059999942779541,4.539999961853027,4.900000095367432,50386
2025-12-17,4.900000095367432,4.900000095367432,4.690000057220459,4.690000057220459,25465
2025-12-18,4.760000228881836,4.789999961853027,4.760000228881836,4.760000228881836,3262
2025-12-19,4.760000228881836,4.900000095367432,4.690000057220459,4.880000114440918,8275
2025-12-22,4.880000114440918,4.980000019073486,4.739999771118164,4.880000114440918,24581
2025-12-23,4.78000020980835,4.800000190734863,4.559999942779541,4.800000190734863,41380
2025-12-29,4.800000190734863,4.800000190734863,4.679999828338623,4.800000190734863,7291
2025-12-30,4.610000133514404,4.760000228881836,4.599999904632568,4.699999809265137,28838
2026-01-02,4.699999809265137,4.699999809265137,4.599999904632568,4.699999809265137,23407
2026-01-05,4.699999809265137,4.699999809265137,4.570000171661377,4.579999923706055,28384
2026-01-07,4.599999904632568,4.860000133514404,4.570000171661377,4.71999979019165,39265
2026-01-08,4.860000133514404,4.980000019073486,4.679999828338623,4.789999961853027,45164
2026-01-09,4.829999923706055,4.829999923706055,4.670000076293945,4.699999809265137,14632
2026-01-12,4.699999809265137,4.889999866485596,4.699999809265137,4.849999904632568,15216
2026-01-13,4.849999904632568,4.860000133514404,4.75,4.840000152587891,6032
2026-01-14,4.840000152587891,4.840000152587891,4.670000076293945,4.670000076293945,11093
2026-01-15,4.679999828338623,4.800000190734863,4.679999828338623,4.75,2768
2026-01-16,4.789999961853027,4.789999961853027,4.579999923706055,4.579999923706055,9129
2026-01-19,4.510000228881836,4.699999809265137,4.510000228881836,4.559999942779541,19264
2026-01-20,4.679999828338623,4.679999828338623,4.5,4.659999847412109,4044
2026-01-21,4.670000076293945,4.670000076293945,4.449999809265137,4.630000114440918,10851
2026-01-22,4.619999885559082,4.650000095367432,4.440000057220459,4.639999866485596,24118
2026-01-23,4.670000076293945,4.800000190734863,4.550000190734863,4.800000190734863,31851
2026-01-26,4.849999904632568,4.900000095367432,4.699999809265137,4.849999904632568,27238
2026-01-27,4.849999904632568,4.849999904632568,4.599999904632568,4.789999961853027,5149
2026-01-28,4.789999961853027,4.789999961853027,4.610000133514404,4.619999885559082,4442
2026-01-29,4.619999885559082,4.889999866485596,4.619999885559082,4.730000019073486,10456
2026-01-30,4.800000190734863,4.800000190734863,4.699999809265137,4.699999809265137,5959
2026-02-02,4.599999904632568,4.730000019073486,4.550000190734863,4.650000095367432,7167
2026-02-03,4.550000190734863,4.699999809265137,4.550000190734863,4.699999809265137,4429
2026-02-04,4.690000057220459,4.699999809265137,4.510000228881836,4.679999828338623,4738
2026-02-05,4.679999828338623,4.679999828338623,4.400000095367432,4.590000152587891,17652
2026-02-06,4.579999923706055,4.659999847412109,4.449999809265137,4.599999904632568,10034
2026-02-09,4.480000019073486,4.599999904632568,4.480000019073486,4.590000152587891,1327
2026-02-10,4.670000076293945,4.670000076293945,4.480000019073486,4.519999980926514,7809
2026-02-11,4.53000020980835,4.699999809265137,4.5,4.619999885559082,11255
2026-02-12,4.619999885559082,4.619999885559082,4.489999771118164,4.579999923706055,7149
2026-02-13,4.5,4.579999923706055,4.400000095367432,4.519999980926514,9595
2026-02-16,4.550000190734863,4.599999904632568,4.5,4.519999980926514,3851
2026-02-17,4.579999923706055,4.619999885559082,4.550000190734863,4.559999942779541,2199
2026-02-18,4.550000190734863,4.619999885559082,4.440000057220459,4.570000171661377,13365
2026-02-19,4.480000019073486,4.599999904632568,4.400000095367432,4.480000019073486,7879
2026-02-20,4.440000057220459,4.639999866485596,4.380000114440918,4.539999961853027,26969
2026-02-23,4.400000095367432,4.46999979019165,4.349999904632568,4.46999979019165,4316
2026-02-24,4.400000095367432,4.449999809265137,4.300000190734863,4.449999809265137,8221
2026-02-25,4.050000190734863,4.440000057220459,4.039999961853027,4.389999866485596,57272
2026-02-26,4.389999866485596,4.409999847412109,4.21999979019165,4.409999847412109,3359
2026-02-27,4.420000076293945,4.420000076293945,4.300000190734863,4.300000190734863,2594
2026-03-02,4.289999961853027,4.289999961853027,4.119999885559082,4.25,4691
2026-03-03,4.159999847412109,4.239999771118164,4.099999904632568,4.179999828338623,2999
2026-03-04,4.099999904632568,4.230000019073486,4.03000020980835,4.199999809265137,3920
2026-03-05,4.079999923706055,4.340000152587891,4.059999942779541,4.340000152587891,14716
2026-03-06,4.340000152587891,4.46999979019165,4.300000190734863,4.429999828338623,5818
2026-03-09,4.28000020980835,4.420000076293945,4.269999980926514,4.420000076293945,6425
2026-03-10,4.360000133514404,4.46999979019165,4.340000152587891,4.46999979019165,17942
2026-03-11,4.46999979019165,4.46999979019165,4.210000038146973,4.440000057220459,1827
2026-03-12,4.400000095367432,4.46999979019165,4.400000095367432,4.449999809265137,16548
2026-03-13,4.449999809265137,4.46999979019165,4.269999980926514,4.449999809265137,53190
2026-03-16,4.46999979019165,4.920000076293945,4.46999979019165,4.880000114440918,91872
2026-03-17,4.800000190734863,4.800000190734863,4.369999885559082,4.650000095367432,40390
2026-03-18,4.650000095367432,4.78000020980835,4.440000057220459,4.480000019073486,19198
2026-03-19,4.440000057220459,4.739999771118164,4.440000057220459,4.690000057220459,28582
2026-03-20,4.449999809265137,4.699999809265137,4.449999809265137,4.670000076293945,27254
2026-03-23,4.670000076293945,4.670000076293945,4.329999923706055,4.5,46128
2026-03-24,4.46999979019165,4.46999979019165,4.21999979019165,4.349999904632568,12078
2026-03-25,4.440000057220459,4.53000020980835,4.320000171661377,4.489999771118164,27252
2026-03-26,4.489999771118164,4.489999771118164,4.21999979019165,4.300000190734863,7944
2026-03-27,4.269999980926514,4.420000076293945,4.199999809265137,4.269999980926514,8209
2026-03-30,4.300000190734863,4.300000190734863,4.130000114440918,4.28000020980835,1349
2026-03-31,4.269999980926514,4.300000190734863,4.269999980926514,4.300000190734863,1025
2026-04-01,4.300000190734863,4.340000152587891,4.199999809265137,4.340000152587891,1454
2026-04-02,4.340000152587891,4.489999771118164,4.21999979019165,4.489999771118164,4928
2026-04-07,4.480000019073486,4.699999809265137,4.400000095367432,4.679999828338623,31220
2026-04-08,4.699999809265137,4.710000038146973,4.519999980926514,4.679999828338623,7575
2026-04-09,4.599999904632568,4.699999809265137,4.599999904632568,4.679999828338623,4927
2026-04-10,4.679999828338623,4.900000095367432,4.679999828338623,4.900000095367432,56256
2026-04-13,4.980000019073486,5.199999809265137,4.980000019073486,5.099999904632568,43661
2026-04-14,5.079999923706055,5.159999847412109,4.920000076293945,5.139999866485596,13731
2026-04-15,5.159999847412109,5.21999979019165,5.099999904632568,5.179999828338623,25923
2026-04-16,5.21999979019165,5.320000171661377,5.079999923706055,5.159999847412109,25447
2026-04-17,5.199999809265137,5.260000228881836,4.949999809265137,5.099999904632568,19725
2026-04-20,4.949999809265137,5.199999809265137,4.829999923706055,4.980000019073486,26037
2026-04-21,4.960000038146973,5.179999828338623,4.900000095367432,5.119999885559082,4585
2026-04-22,5.139999866485596,5.260000228881836,4.849999904632568,5.0,8987
2026-04-23,5.199999809265137,5.199999809265137,5.019999980926514,5.159999847412109,6123
2026-04-24,5.159999847412109,5.199999809265137,4.980000019073486,5.119999885559082,11678
2026-04-27,5.019999980926514,5.260000228881836,5.0,5.099999904632568,7420
2026-04-28,5.079999923706055,5.079999923706055,4.800000190734863,4.900000095367432,50284
2026-04-29,4.840000152587891,5.079999923706055,4.840000152587891,5.059999942779541,18682
2026-04-30,5.260000228881836,5.300000190734863,4.800000190734863,5.199999809265137,58050
2026-05-04,5.059999942779541,5.199999809265137,4.940000057220459,5.159999847412109,8956
2026-05-05,5.019999980926514,5.119999885559082,4.900000095367432,5.099999904632568,20556
2026-05-06,5.099999904632568,5.199999809265137,4.800000190734863,4.980000019073486,24002
2026-05-07,4.980000019073486,4.980000019073486,4.800000190734863,4.920000076293945,21106
2026-05-08,4.920000076293945,4.949999809265137,4.699999809265137,4.820000171661377,43365
2026-05-11,4.710000038146973,4.900000095367432,4.659999847412109,4.889999866485596,14853
2026-05-12,4.900000095367432,4.900000095367432,4.630000114440918,4.699999809265137,15025
2026-05-13,4.699999809265137,4.840000152587891,4.619999885559082,4.75,18736
2026-05-14,4.789999961853027,4.789999961853027,4.610000133514404,4.75,3883
2026-05-15,4.650000095367432,4.75,4.639999866485596,4.650000095367432,1923
2026-05-18,4.480000019073486,4.630000114440918,4.420000076293945,4.599999904632568,19164
2026-05-19,4.480000019073486,4.789999961853027,4.480000019073486,4.78000020980835,18556
2026-05-20,4.78000020980835,4.820000171661377,4.699999809265137,4.789999961853027,20647
2026-05-21,4.820000171661377,5.019999980926514,4.739999771118164,5.019999980926514,69426
2026-05-22,4.989999771118164,4.989999771118164,4.699999809265137,4.840000152587891,33222
2026-05-25,4.920000076293945,5.019999980926514,4.730000019073486,4.960000038146973,22580
2026-05-26,5.0,5.0,4.809999942779541,4.96999979019165,27506
2026-05-27,5.0,5.360000133514404,4.829999923706055,5.28000020980835,169121
2026-05-28,5.360000133514404,5.599999904632568,4.940000057220459,5.099999904632568,71947
2026-05-29,5.480000019073486,5.480000019073486,4.940000057220459,5.179999828338623,45113
2026-06-01,5.019999980926514,5.199999809265137,4.699999809265137,5.019999980926514,21303
2026-06-02,5.079999923706055,5.079999923706055,4.659999847412109,4.769999980926514,40147
2026-06-03,4.769999980926514,4.960000038146973,4.630000114440918,4.800000190734863,14771
2026-06-05,4.889999866485596,4.889999866485596,4.75,4.849999904632568,3071
2026-06-08,4.949999809265137,4.949999809265137,4.619999885559082,4.75,22340
2026-06-09,4.75,4.800000190734863,4.619999885559082,4.78000020980835,4278
2026-06-10,4.78000020980835,4.78000020980835,4.599999904632568,4.71999979019165,2973
2026-06-11,4.610000133514404,4.699999809265137,4.519999980926514,4.699999809265137,10711
2026-06-12,4.599999904632568,4.699999809265137,4.539999961853027,4.659999847412109,4239
2026-06-15,4.559999942779541,4.659999847412109,4.559999942779541,4.650000095367432,2925
2026-06-16,4.650000095367432,4.650000095367432,4.510000228881836,4.510000228881836,14060
2026-06-17,4.5,4.849999904632568,4.449999809265137,4.849999904632568,76325
2026-06-18,4.900000095367432,4.949999809265137,4.809999942779541,4.949999809265137,9783
2026-06-19,4.900000095367432,4.96999979019165,4.769999980926514,4.900000095367432,795
2026-06-22,4.980000019073486,5.0,4.75,4.880000114440918,3752
2026-06-23,5.0,5.0,4.75,4.900000095367432,7763
2026-06-24,4.889999866485596,4.889999866485596,4.699999809265137,4.699999809265137,2694
2026-06-25,4.699999809265137,4.849999904632568,4.5,4.730000019073486,5706
2026-06-26,4.610000133514404,4.730000019073486,4.5,4.679999828338623,10603
2026-06-29,4.53000020980835,4.679999828338623,4.480000019073486,4.650000095367432,3496
2026-06-30,4.639999866485596,4.650000095367432,4.639999866485596,4.650000095367432,1156
2026-07-01,4.5,4.539999961853027,4.400000095367432,4.510000228881836,9327
2026-07-02,4.5,4.53000020980835,4.360000133514404,4.480000019073486,5720
2026-07-03,4.409999847412109,4.510000228881836,4.349999904632568,4.5,11085
2026-07-06,4.5,4.510000228881836,4.340000152587891,4.449999809265137,7679
2026-07-07,4.400000095367432,4.480000019073486,4.340000152587891,4.440000057220459,2723
2026-07-08,4.5,4.5,4.400000095367432,4.400000095367432,7570
2026-07-09,4.400000095367432,4.5,4.329999923706055,4.449999809265137,4618
2026-07-10,4.389999866485596,4.519999980926514,4.300000190734863,4.46999979019165,8232
2026-07-13,4.380000114440918,4.409999847412109,4.150000095367432,4.190000057220459,21887
2026-07-14,4.300000190734863,4.300000190734863,3.940000057220459,4.139999866485596,32226
2026-07-15,4.059999942779541,4.170000076293945,4.059999942779541,4.090000152587891,6885
2026-07-16,4.019999980926514,4.159999847412109,4.0,4.090000152587891,6250
2026-07-17,3.9200000762939453,4.039999961853027,3.9100000858306885,4.039999961853027,13595
2026-07-20,4.039999961853027,4.039999961853027,3.9100000858306885,3.990000009536743,2630
2026-07-21,3.950000047683716,4.0,3.950000047683716,3.990000009536743,12547
2026-07-22,3.9200000762939453,4.150000095367432,3.9200000762939453,4.150000095367432,7126
2026-07-23,4.0,4.150000095367432,4.0,4.0,1255
2026-07-24,4.0,4.099999904632568,3.950000047683716,4.0,5066
2026-07-27,4.0,4.099999904632568,3.9100000858306885,4.0,1783
2026-07-28,4.0,4.079999923706055,3.9700000286102295,4.050000190734863,4947
2026-07-29,4.050000190734863,4.119999885559082,3.9700000286102295,4.0,3640
2026-07-30,4.03000020980835,4.119999885559082,3.990000009536743,4.119999885559082,2914
2026-07-31,4.010000228881836,4.090000152587891,3.930000066757202,3.9700000286102295,7022
2026-08-03,3.9700000286102295,4.0,3.9100000858306885,4.0,3725
2026-08-04,4.0,4.050000190734863,3.8499999046325684,4.010000228881836,7878
2026-08-05,4.010000228881836,4.010000228881836,3.859999895095825,3.990000009536743,5714
2026-08-06,3.9000000953674316,4.0,3.9000000953674316,4.0,2700
2026-08-07,3.9100000858306885,3.990000009536743,3.819999933242798,3.990000009536743,2521
2026-08-10,4.010000228881836,4.010000228881836,3.700000047683716,4.0,8353
2026-08-11,3.9700000286102295,3.9700000286102295,3.8299999237060547,3.9000000953674316,6527
2026-08-12,3.8299999237060547,3.950000047683716,3.7699999809265137,3.7699999809265137,11488
2026-08-13,3.9200000762939453,3.9200000762939453,3.7799999713897705,3.9100000858306885,6190
2026-08-14,3.819999933242798,3.9000000953674316,3.799999952316284,3.9000000953674316,1314
2026-08-17,3.9000000953674316,3.9000000953674316,3.880000114440918,3.880000114440918,249
2026-08-18,3.759999990463257,3.9200000762939453,3.759999990463257,3.9000000953674316,5459
2026-08-19,3.9200000762939453,3.9200000762939453,3.5899999141693115,3.5999999046325684,32805
2026-08-20,3.700000047683716,3.7200000286102295,3.5999999046325684,3.7200000286102295,803
2026-08-21,3.630000114440918,3.7699999809265137,3.5799999237060547,3.700000047683716,13982
2026-08-24,3.700000047683716,3.950000047683716,3.5999999046325684,3.7899999618530273,22017
2026-08-25,3.7899999618530273,3.7899999618530273,3.5899999141693115,3.690000057220459,47612
2026-08-26,3.7200000286102295,3.7200000286102295,3.5799999237060547,3.690000057220459,9842
2026-08-27,3.690000057220459,3.7100000381469727,3.5999999046325684,3.700000047683716,14630
2026-08-28,3.700000047683716,3.700000047683716,3.549999952316284,3.6500000953674316,11739
2026-08-31,3.5399999618530273,3.6500000953674316,3.5399999618530273,3.5999999046325684,4722
2026-09-01,3.6600000858306885,3.6600000858306885,3.4600000381469727,3.5,16235
2026-09-02,3.4700000286102295,3.75,3.4700000286102295,3.6500000953674316,11087
2026-09-03,3.640000104904175,3.6500000953674316,3.5999999046325684,3.6500000953674316,1365
2026-09-04,3.6500000953674316,3.809999942779541,3.5,3.640000104904175,20348
2026-09-08,3.8499999046325684,3.890000104904175,3.8299999237060547,3.890000104904175,7398
2026-09-09,3.890000104904175,3.950000047683716,3.8499999046325684,3.950000047683716,2817
2026-09-10,3.950000047683716,4.0,3.8499999046325684,3.990000009536743,6210
2026-09-11,3.8499999046325684,4.0,3.8299999237060547,4.0,5027
2026-09-14,4.0,4.039999961853027,3.740000009536743,3.9800000190734863,13539
2026-09-15,3.799999952316284,3.9600000381469727,3.799999952316284,3.940000057220459,14755
2026-09-17,3.7100000381469727,3.7300000190734863,3.549999952316284,3.5999999046325684,2285
