date,open,high,low,close,volume
2021-09-17,9.420000076293945,9.760000228881836,9.420000076293945,9.720000267028809,9546
2021-09-20,9.720000267028809,9.720000267028809,9.119999885559082,9.319999694824219,47819
2021-09-21,9.199999809265137,9.5,9.039999961853027,9.5,40531
2021-09-22,9.539999961853027,9.720000267028809,9.539999961853027,9.680000305175781,19207
2021-09-23,9.680000305175781,9.859999656677246,9.5600004196167,9.859999656677246,10463
2021-09-24,9.84000015258789,9.979999542236328,9.739999771118164,9.920000076293945,22709
2021-09-27,9.899999618530273,9.899999618530273,9.720000267028809,9.819999694824219,2663
2021-09-28,9.779999732971191,9.819999694824219,9.520000457763672,9.800000190734863,3415
2021-09-29,9.779999732971191,9.800000190734863,9.579999923706055,9.579999923706055,7909
2021-09-30,9.600000381469727,9.779999732971191,9.520000457763672,9.779999732971191,7551
2021-10-01,9.520000457763672,9.760000228881836,9.5,9.680000305175781,8420
2021-10-04,9.680000305175781,9.680000305175781,9.399999618530273,9.539999961853027,18379
2021-10-05,9.539999961853027,9.539999961853027,9.239999771118164,9.239999771118164,7757
2021-10-06,9.319999694824219,9.399999618530273,9.140000343322754,9.260000228881836,12496
2021-10-07,9.140000343322754,9.300000190734863,9.140000343322754,9.279999732971191,3290
2021-10-08,9.239999771118164,9.279999732971191,9.15999984741211,9.260000228881836,13316
2021-10-11,9.199999809265137,9.380000114440918,9.199999809265137,9.380000114440918,6049
2021-10-12,9.220000267028809,9.380000114440918,9.220000267028809,9.300000190734863,4395
2021-10-13,9.300000190734863,9.300000190734863,9.180000305175781,9.260000228881836,11137
2021-10-14,9.199999809265137,9.260000228881836,9.199999809265137,9.260000228881836,570
2021-10-15,9.260000228881836,9.319999694824219,9.199999809265137,9.300000190734863,3295
2021-10-18,9.199999809265137,9.420000076293945,9.15999984741211,9.399999618530273,22994
2021-10-19,9.399999618530273,9.65999984741211,9.399999618530273,9.579999923706055,30400
2021-10-20,9.579999923706055,9.579999923706055,9.380000114440918,9.380000114440918,2935
2021-10-21,9.380000114440918,9.4399995803833,9.300000190734863,9.300000190734863,6623
2021-10-22,9.300000190734863,9.479999542236328,9.300000190734863,9.399999618530273,2355
2021-10-25,9.239999771118164,9.399999618530273,9.199999809265137,9.239999771118164,9970
2021-10-26,9.199999809265137,9.359999656677246,9.180000305175781,9.199999809265137,9385
2021-10-27,9.180000305175781,9.319999694824219,9.119999885559082,9.15999984741211,10913
2021-10-28,9.140000343322754,9.319999694824219,9.140000343322754,9.140000343322754,3765
2021-10-29,9.140000343322754,9.239999771118164,9.039999961853027,9.100000381469727,14914
2021-11-02,9.100000381469727,9.239999771118164,8.800000190734863,9.0,27053
2021-11-03,9.0,9.0600004196167,8.920000076293945,8.9399995803833,4535
2021-11-04,8.899999618530273,8.960000038146973,8.640000343322754,8.640000343322754,42871
2021-11-05,8.600000381469727,8.779999732971191,8.399999618530273,8.600000381469727,36165
2021-11-08,8.600000381469727,8.640000343322754,8.319999694824219,8.479999542236328,24716
2021-11-09,8.479999542236328,8.479999542236328,8.0600004196167,8.319999694824219,40488
2021-11-10,8.319999694824219,8.579999923706055,8.140000343322754,8.520000457763672,10625
2021-11-12,8.359999656677246,8.359999656677246,7.960000038146973,8.199999809265137,121995
2021-11-15,8.180000305175781,8.380000114440918,7.980000019073486,8.380000114440918,54298
2021-11-16,8.300000190734863,8.300000190734863,8.199999809265137,8.199999809265137,7852
2021-11-17,8.119999885559082,8.260000228881836,8.119999885559082,8.260000228881836,7758
2021-11-18,8.199999809265137,8.199999809265137,7.960000038146973,8.180000305175781,24653
2021-11-19,8.0,8.180000305175781,7.78000020980835,7.860000133514404,28920
2021-11-22,7.699999809265137,7.78000020980835,7.559999942779541,7.760000228881836,28588
2021-11-23,7.699999809265137,7.980000019073486,7.699999809265137,7.900000095367432,8606
2021-11-24,7.940000057220459,7.940000057220459,7.78000020980835,7.900000095367432,6838
2021-11-25,7.900000095367432,7.980000019073486,7.900000095367432,7.980000019073486,1905
2021-11-26,7.980000019073486,7.980000019073486,7.699999809265137,7.699999809265137,46163
2021-11-29,7.699999809265137,8.15999984741211,7.699999809265137,8.15999984741211,20237
2021-11-30,8.15999984741211,8.279999732971191,8.020000457763672,8.279999732971191,4092
2021-12-01,8.319999694824219,8.4399995803833,8.260000228881836,8.4399995803833,6483
2021-12-02,8.4399995803833,8.460000038146973,8.279999732971191,8.399999618530273,6446
2021-12-03,8.399999618530273,8.479999542236328,8.300000190734863,8.380000114440918,19125
2021-12-06,8.359999656677246,8.359999656677246,8.220000267028809,8.319999694824219,6577
2021-12-07,8.239999771118164,8.300000190734863,8.220000267028809,8.239999771118164,8452
2021-12-08,8.319999694824219,8.479999542236328,8.239999771118164,8.479999542236328,5995
2021-12-09,8.399999618530273,8.399999618530273,8.34000015258789,8.34000015258789,6043
2021-12-10,8.359999656677246,8.5600004196167,8.34000015258789,8.460000038146973,12652
2021-12-13,8.460000038146973,8.460000038146973,8.279999732971191,8.4399995803833,17795
2021-12-14,8.319999694824219,8.319999694824219,8.199999809265137,8.199999809265137,6031
2021-12-15,8.239999771118164,8.260000228881836,8.020000457763672,8.15999984741211,8716
2021-12-16,8.180000305175781,8.199999809265137,7.840000152587891,8.079999923706055,16866
2021-12-17,7.980000019073486,8.100000381469727,7.940000057220459,8.100000381469727,2969
2021-12-20,7.960000038146973,8.0,7.900000095367432,7.940000057220459,19226
2021-12-21,8.0,8.0,7.900000095367432,7.900000095367432,5946
2021-12-22,7.900000095367432,7.940000057220459,7.800000190734863,7.940000057220459,9107
2021-12-23,7.840000152587891,8.0,7.800000190734863,7.920000076293945,15462
2021-12-27,7.920000076293945,7.920000076293945,7.739999771118164,7.840000152587891,34213
2021-12-28,7.840000152587891,7.880000114440918,7.71999979019165,7.800000190734863,27139
2021-12-29,7.800000190734863,7.960000038146973,7.78000020980835,7.960000038146973,10896
2021-12-30,8.0,8.079999923706055,7.820000171661377,7.900000095367432,15696
2022-01-03,8.100000381469727,8.180000305175781,8.0,8.180000305175781,11698
2022-01-04,8.220000267028809,8.279999732971191,8.15999984741211,8.239999771118164,6027
2022-01-05,8.300000190734863,8.380000114440918,8.239999771118164,8.359999656677246,15035
2022-01-07,8.300000190734863,8.359999656677246,8.199999809265137,8.34000015258789,3378
2022-01-10,8.399999618530273,8.399999618530273,8.239999771118164,8.34000015258789,7581
2022-01-11,8.34000015258789,8.34000015258789,8.260000228881836,8.34000015258789,7076
2022-01-12,8.34000015258789,8.359999656677246,8.239999771118164,8.239999771118164,5593
2022-01-13,8.239999771118164,8.380000114440918,8.199999809265137,8.319999694824219,5790
2022-01-14,8.319999694824219,8.380000114440918,8.220000267028809,8.34000015258789,3897
2022-01-17,8.380000114440918,8.380000114440918,8.239999771118164,8.359999656677246,2750
2022-01-18,8.34000015258789,8.359999656677246,8.180000305175781,8.180000305175781,9408
2022-01-19,8.199999809265137,8.199999809265137,8.0,8.15999984741211,9010
2022-01-20,8.260000228881836,8.260000228881836,8.079999923706055,8.100000381469727,5565
2022-01-21,8.100000381469727,8.100000381469727,7.900000095367432,7.960000038146973,9539
2022-01-24,7.900000095367432,7.900000095367432,7.440000057220459,7.460000038146973,14494
2022-01-25,7.480000019073486,7.539999961853027,7.400000095367432,7.519999980926514,13873
2022-01-26,7.599999904632568,7.900000095367432,7.599999904632568,7.860000133514404,3043
2022-01-27,7.699999809265137,7.800000190734863,7.599999904632568,7.800000190734863,4550
2022-01-28,7.699999809265137,7.78000020980835,7.5,7.78000020980835,5740
2022-01-31,7.78000020980835,8.140000343322754,7.760000228881836,8.039999961853027,25363
2022-02-01,8.140000343322754,8.140000343322754,8.079999923706055,8.079999923706055,6181
2022-02-02,8.079999923706055,8.100000381469727,7.940000057220459,8.020000457763672,3252
2022-02-03,8.0600004196167,8.0600004196167,7.900000095367432,7.900000095367432,4624
2022-02-04,8.0,8.039999961853027,7.860000133514404,8.039999961853027,1204
2022-02-07,8.020000457763672,8.039999961853027,7.860000133514404,8.020000457763672,4089
2022-02-08,7.980000019073486,8.0,7.840000152587891,7.960000038146973,3215
2022-02-09,7.960000038146973,8.0,7.880000114440918,7.980000019073486,2128
2022-02-10,7.980000019073486,7.980000019073486,7.900000095367432,7.940000057220459,679
2022-02-11,7.980000019073486,7.980000019073486,7.840000152587891,7.900000095367432,4481
2022-02-14,7.820000171661377,7.820000171661377,7.579999923706055,7.699999809265137,13886
2022-02-15,7.800000190734863,7.800000190734863,7.619999885559082,7.739999771118164,4174
2022-02-16,7.739999771118164,7.78000020980835,7.699999809265137,7.739999771118164,1514
2022-02-17,7.800000190734863,7.860000133514404,7.619999885559082,7.619999885559082,8106
2022-02-18,7.679999828338623,7.699999809265137,7.519999980926514,7.599999904632568,8703
2022-02-21,7.639999866485596,7.639999866485596,7.039999961853027,7.400000095367432,28109
2022-02-22,7.400000095367432,7.5,7.199999809265137,7.460000038146973,9456
2022-02-23,7.5,7.599999904632568,7.480000019073486,7.5,7754
2022-02-24,7.099999904632568,7.099999904632568,6.619999885559082,6.800000190734863,56930
2022-02-25,6.760000228881836,7.099999904632568,6.760000228881836,6.980000019073486,30942
2022-02-28,7.099999904632568,7.78000020980835,7.0,7.320000171661377,14956
2022-03-01,7.5,7.5,7.420000076293945,7.5,7408
2022-03-02,7.400000095367432,7.400000095367432,7.019999980926514,7.28000020980835,23490
2022-03-03,7.239999771118164,7.300000190734863,6.860000133514404,6.900000095367432,28488
2022-03-04,6.900000095367432,6.960000038146973,6.739999771118164,6.840000152587891,25226
2022-03-07,6.78000020980835,6.800000190734863,6.659999847412109,6.71999979019165,31649
2022-03-08,6.860000133514404,6.860000133514404,6.699999809265137,6.699999809265137,12898
2022-03-09,6.739999771118164,6.800000190734863,6.699999809265137,6.71999979019165,7309
2022-03-10,6.800000190734863,6.800000190734863,6.699999809265137,6.699999809265137,2963
2022-03-11,6.699999809265137,6.699999809265137,6.539999961853027,6.679999828338623,24856
2022-03-14,6.699999809265137,6.880000114440918,6.639999866485596,6.639999866485596,10267
2022-03-15,6.739999771118164,6.739999771118164,6.579999923706055,6.599999904632568,63439
2022-03-16,6.619999885559082,6.940000057220459,6.579999923706055,6.659999847412109,27600
2022-03-17,6.699999809265137,7.300000190734863,6.699999809265137,7.139999866485596,38921
2022-03-18,7.300000190734863,8.020000457763672,7.199999809265137,7.78000020980835,147628
2022-03-21,7.940000057220459,8.199999809265137,7.599999904632568,7.980000019073486,92936
2022-03-22,8.020000457763672,8.15999984741211,8.0,8.039999961853027,69562
2022-03-23,8.140000343322754,8.15999984741211,8.0,8.079999923706055,54734
2022-03-24,8.079999923706055,8.119999885559082,7.900000095367432,7.940000057220459,114549
2022-03-25,8.0,8.0600004196167,7.840000152587891,8.0,53317
2022-03-28,8.0600004196167,8.079999923706055,7.980000019073486,8.039999961853027,55933
2022-03-29,8.0600004196167,8.119999885559082,8.039999961853027,8.119999885559082,55661
2022-03-30,8.15999984741211,8.220000267028809,8.039999961853027,8.180000305175781,63921
2022-03-31,8.199999809265137,8.199999809265137,8.039999961853027,8.100000381469727,67374
2022-04-01,8.15999984741211,8.15999984741211,8.079999923706055,8.100000381469727,33026
2022-04-04,8.180000305175781,8.680000305175781,8.119999885559082,8.34000015258789,128845
2022-04-05,8.399999618530273,8.579999923706055,8.399999618530273,8.399999618530273,58852
2022-04-06,8.5600004196167,8.5600004196167,8.279999732971191,8.359999656677246,93267
2022-04-07,8.399999618530273,8.4399995803833,8.300000190734863,8.359999656677246,41555
2022-04-08,8.399999618530273,8.4399995803833,8.279999732971191,8.319999694824219,65165
2022-04-11,8.399999618530273,8.399999618530273,8.220000267028809,8.300000190734863,105448
2022-04-12,8.34000015258789,8.380000114440918,8.279999732971191,8.300000190734863,80141
2022-04-13,8.300000190734863,8.460000038146973,8.279999732971191,8.359999656677246,107532
2022-04-14,8.399999618530273,8.420000076293945,8.239999771118164,8.260000228881836,129754
2022-04-19,6.739999771118164,7.340000152587891,6.739999771118164,7.260000228881836,87327
2022-04-20,7.260000228881836,7.260000228881836,6.840000152587891,6.880000114440918,49474
2022-04-21,6.840000152587891,6.840000152587891,6.519999980926514,6.579999923706055,68649
2022-04-22,6.679999828338623,6.679999828338623,6.260000228881836,6.360000133514404,94596
2022-04-25,6.360000133514404,6.360000133514404,6.099999904632568,6.119999885559082,57581
2022-04-26,6.119999885559082,6.199999809265137,6.079999923706055,6.139999866485596,42919
2022-04-27,6.139999866485596,6.139999866485596,5.960000038146973,6.079999923706055,28980
2022-04-28,6.099999904632568,6.099999904632568,5.860000133514404,5.900000095367432,30002
2022-04-29,6.0,6.0,5.539999961853027,5.800000190734863,50283
2022-05-02,5.800000190734863,6.079999923706055,5.71999979019165,6.0,15310
2022-05-04,5.980000019073486,5.980000019073486,5.840000152587891,5.860000133514404,9826
2022-05-05,5.920000076293945,5.920000076293945,5.860000133514404,5.920000076293945,27083
2022-05-06,5.860000133514404,5.900000095367432,5.71999979019165,5.71999979019165,6966
2022-05-09,5.71999979019165,5.739999771118164,5.659999847412109,5.739999771118164,24711
2022-05-10,5.739999771118164,5.860000133514404,5.659999847412109,5.840000152587891,6654
2022-05-11,5.800000190734863,5.880000114440918,5.800000190734863,5.800000190734863,5896
2022-05-12,5.800000190734863,5.800000190734863,5.579999923706055,5.639999866485596,18710
2022-05-13,5.639999866485596,5.78000020980835,5.599999904632568,5.760000228881836,5806
2022-05-16,5.840000152587891,5.880000114440918,5.659999847412109,5.880000114440918,11286
2022-05-17,5.900000095367432,5.960000038146973,5.800000190734863,5.820000171661377,9324
2022-05-18,5.820000171661377,5.960000038146973,5.820000171661377,5.900000095367432,1610
2022-05-19,5.960000038146973,5.960000038146973,5.880000114440918,5.940000057220459,888
2022-05-20,5.940000057220459,5.940000057220459,5.820000171661377,5.900000095367432,5505
2022-05-23,5.900000095367432,6.0,5.800000190734863,6.0,8764
2022-05-24,6.0,6.0,5.840000152587891,5.840000152587891,7219
2022-05-25,5.820000171661377,5.960000038146973,5.699999809265137,5.900000095367432,10784
2022-05-26,5.900000095367432,5.900000095367432,5.800000190734863,5.900000095367432,2423
2022-05-27,6.0,6.099999904632568,5.820000171661377,5.920000076293945,34561
2022-05-30,6.0,6.480000019073486,6.0,6.400000095367432,75476
2022-05-31,6.420000076293945,6.5,6.340000152587891,6.360000133514404,23227
2022-06-01,6.480000019073486,6.480000019073486,6.360000133514404,6.400000095367432,24389
2022-06-02,6.400000095367432,6.400000095367432,6.159999847412109,6.260000228881836,10772
2022-06-03,6.260000228881836,6.300000190734863,6.099999904632568,6.099999904632568,1927
2022-06-06,6.139999866485596,6.480000019073486,6.0,6.440000057220459,11919
2022-06-07,6.300000190734863,6.300000190734863,6.139999866485596,6.159999847412109,2736
2022-06-08,6.28000020980835,6.28000020980835,5.880000114440918,6.0,10640
2022-06-09,6.0,6.099999904632568,5.840000152587891,5.860000133514404,6133
2022-06-10,5.860000133514404,5.860000133514404,5.840000152587891,5.840000152587891,3238
2022-06-13,5.840000152587891,5.840000152587891,5.539999961853027,5.619999885559082,16184
2022-06-14,5.619999885559082,5.639999866485596,5.440000057220459,5.639999866485596,20446
2022-06-15,5.639999866485596,5.659999847412109,5.579999923706055,5.639999866485596,9022
2022-06-17,5.539999961853027,5.639999866485596,5.539999961853027,5.639999866485596,4687
2022-06-20,5.78000020980835,5.800000190734863,5.639999866485596,5.78000020980835,15600
2022-06-21,5.739999771118164,5.800000190734863,5.739999771118164,5.739999771118164,3007
2022-06-22,5.820000171661377,5.860000133514404,5.639999866485596,5.639999866485596,3984
2022-06-23,5.639999866485596,5.840000152587891,5.639999866485596,5.840000152587891,32836
2022-06-24,5.71999979019165,5.78000020980835,5.699999809265137,5.78000020980835,3151
2022-06-27,5.800000190734863,5.860000133514404,5.739999771118164,5.800000190734863,3868
2022-06-28,5.800000190734863,5.840000152587891,5.760000228881836,5.840000152587891,1453
2022-06-29,5.760000228881836,5.880000114440918,5.71999979019165,5.880000114440918,6422
2022-06-30,5.760000228881836,5.900000095367432,5.71999979019165,5.800000190734863,2555
2022-07-01,5.760000228881836,5.78000020980835,5.699999809265137,5.699999809265137,70784
2022-07-04,5.699999809265137,5.880000114440918,5.699999809265137,5.800000190734863,1809
2022-07-05,5.800000190734863,5.840000152587891,5.800000190734863,5.800000190734863,7880
2022-07-06,5.739999771118164,5.860000133514404,5.699999809265137,5.860000133514404,509
2022-07-07,5.860000133514404,5.860000133514404,5.71999979019165,5.800000190734863,396
2022-07-08,5.800000190734863,5.800000190734863,5.760000228881836,5.760000228881836,540
2022-07-11,5.800000190734863,5.800000190734863,5.699999809265137,5.699999809265137,2610
2022-07-12,5.699999809265137,5.699999809265137,5.619999885559082,5.699999809265137,15719
2022-07-13,5.679999828338623,5.679999828338623,5.539999961853027,5.679999828338623,2633
2022-07-14,5.619999885559082,5.659999847412109,5.519999980926514,5.519999980926514,2293
2022-07-15,5.539999961853027,5.659999847412109,5.260000228881836,5.539999961853027,17638
2022-07-18,5.320000171661377,5.5,5.300000190734863,5.440000057220459,1047
2022-07-19,5.400000095367432,5.400000095367432,5.360000133514404,5.400000095367432,1390
2022-07-20,5.420000076293945,5.460000038146973,5.380000114440918,5.400000095367432,7034
2022-07-21,5.420000076293945,5.420000076293945,5.340000152587891,5.360000133514404,3530
2022-07-22,5.400000095367432,5.420000076293945,5.400000095367432,5.400000095367432,2803
2022-07-25,5.380000114440918,5.460000038146973,5.300000190734863,5.400000095367432,25408
2022-07-26,5.440000057220459,5.440000057220459,5.420000076293945,5.420000076293945,3074
2022-07-27,5.400000095367432,5.440000057220459,5.400000095367432,5.440000057220459,3545
2022-07-28,5.420000076293945,5.440000057220459,5.400000095367432,5.420000076293945,22672
2022-07-29,5.420000076293945,5.820000171661377,5.400000095367432,5.820000171661377,16510
2022-08-01,5.800000190734863,5.940000057220459,5.800000190734863,5.860000133514404,5548
2022-08-02,5.860000133514404,5.920000076293945,5.699999809265137,5.699999809265137,6469
2022-08-03,5.699999809265137,5.800000190734863,5.659999847412109,5.699999809265137,4090
2022-08-04,5.739999771118164,5.860000133514404,5.699999809265137,5.800000190734863,13194
2022-08-05,5.739999771118164,5.78000020980835,5.679999828338623,5.71999979019165,4703
2022-08-08,5.800000190734863,5.800000190734863,5.639999866485596,5.800000190734863,3457
2022-08-09,5.800000190734863,5.800000190734863,5.699999809265137,5.800000190734863,3312
2022-08-10,5.800000190734863,5.800000190734863,5.699999809265137,5.800000190734863,2920
2022-08-11,5.739999771118164,5.820000171661377,5.739999771118164,5.820000171661377,3928
2022-08-12,5.820000171661377,5.840000152587891,5.800000190734863,5.840000152587891,3733
2022-08-16,5.840000152587891,5.840000152587891,5.800000190734863,5.840000152587891,5428
2022-08-17,5.840000152587891,5.860000133514404,5.800000190734863,5.860000133514404,6165
2022-08-18,5.940000057220459,6.159999847412109,5.920000076293945,6.159999847412109,3956
2022-08-19,6.139999866485596,6.139999866485596,6.099999904632568,6.099999904632568,228
2022-08-22,6.099999904632568,6.099999904632568,5.800000190734863,5.880000114440918,4362
2022-08-23,5.880000114440918,5.880000114440918,5.699999809265137,5.860000133514404,1555
2022-08-24,5.800000190734863,5.800000190734863,5.800000190734863,5.800000190734863,1279
2022-08-25,5.78000020980835,5.78000020980835,5.739999771118164,5.760000228881836,5610
2022-08-26,5.820000171661377,6.099999904632568,5.820000171661377,5.900000095367432,12673
2022-08-29,5.900000095367432,5.900000095367432,5.78000020980835,5.78000020980835,7940
2022-08-30,5.699999809265137,5.739999771118164,5.599999904632568,5.739999771118164,28869
2022-08-31,5.71999979019165,5.760000228881836,5.579999923706055,5.699999809265137,6952
2022-09-01,5.699999809265137,5.699999809265137,5.599999904632568,5.599999904632568,2525
2022-09-02,5.699999809265137,5.71999979019165,5.559999942779541,5.71999979019165,1724
2022-09-05,5.71999979019165,5.71999979019165,5.619999885559082,5.699999809265137,867
2022-09-06,5.599999904632568,5.659999847412109,5.599999904632568,5.659999847412109,1756
2022-09-07,5.699999809265137,5.71999979019165,5.380000114440918,5.679999828338623,29268
2022-09-08,5.679999828338623,5.699999809265137,5.139999866485596,5.400000095367432,20764
2022-09-09,5.360000133514404,5.639999866485596,5.260000228881836,5.599999904632568,11604
2022-09-12,5.599999904632568,5.619999885559082,5.440000057220459,5.5,1299
2022-09-13,5.199999809265137,5.480000019073486,5.199999809265137,5.460000038146973,12459
2022-09-14,5.460000038146973,5.760000228881836,5.119999885559082,5.679999828338623,29608
2022-09-15,5.679999828338623,5.679999828338623,5.360000133514404,5.539999961853027,13932
2022-09-16,5.420000076293945,5.599999904632568,5.400000095367432,5.460000038146973,3032
2022-09-19,5.5,5.5,5.239999771118164,5.360000133514404,15710
2022-09-20,5.440000057220459,5.440000057220459,5.199999809265137,5.300000190734863,5482
2022-09-21,5.400000095367432,5.400000095367432,5.199999809265137,5.340000152587891,21265
2022-09-22,5.440000057220459,5.440000057220459,5.199999809265137,5.420000076293945,13630
2022-09-23,5.300000190734863,5.400000095367432,5.199999809265137,5.380000114440918,15297
2022-09-26,5.300000190734863,5.340000152587891,5.059999942779541,5.059999942779541,20278
2022-09-27,5.300000190734863,5.300000190734863,5.059999942779541,5.099999904632568,7595
2022-09-28,5.099999904632568,5.179999828338623,5.039999961853027,5.059999942779541,6550
2022-09-29,5.0,5.079999923706055,5.0,5.019999980926514,17050
2022-09-30,5.059999942779541,5.079999923706055,5.0,5.079999923706055,13943
2022-10-03,5.019999980926514,5.079999923706055,5.0,5.079999923706055,7000
2022-10-04,5.079999923706055,5.159999847412109,5.0,5.099999904632568,29017
2022-10-05,5.139999866485596,5.28000020980835,5.079999923706055,5.28000020980835,15410
2022-10-06,5.260000228881836,5.260000228881836,5.099999904632568,5.139999866485596,2292
2022-10-07,5.119999885559082,5.260000228881836,5.059999942779541,5.059999942779541,4283
2022-10-10,5.059999942779541,5.21999979019165,5.059999942779541,5.179999828338623,32595
2022-10-11,5.059999942779541,5.159999847412109,5.039999961853027,5.039999961853027,3347
2022-10-12,5.059999942779541,5.119999885559082,5.0,5.079999923706055,16496
2022-10-13,4.940000057220459,5.079999923706055,4.940000057220459,5.079999923706055,4534
2022-10-14,5.039999961853027,5.099999904632568,5.0,5.099999904632568,23718
2022-10-17,5.099999904632568,5.099999904632568,5.0,5.099999904632568,12671
2022-10-18,5.119999885559082,5.239999771118164,5.019999980926514,5.239999771118164,10857
2022-10-19,5.059999942779541,5.239999771118164,5.019999980926514,5.199999809265137,1930
2022-10-20,5.260000228881836,5.28000020980835,5.159999847412109,5.159999847412109,1207
2022-10-21,5.079999923706055,5.239999771118164,5.059999942779541,5.21999979019165,3613
2022-10-24,5.099999904632568,5.099999904632568,5.059999942779541,5.059999942779541,1407
2022-10-25,5.139999866485596,5.21999979019165,5.099999904632568,5.21999979019165,9028
2022-10-26,5.159999847412109,5.21999979019165,5.099999904632568,5.21999979019165,12115
2022-10-27,5.139999866485596,5.199999809265137,5.119999885559082,5.119999885559082,5247
2022-10-28,5.099999904632568,5.260000228881836,5.059999942779541,5.21999979019165,16236
2022-10-31,5.21999979019165,5.21999979019165,5.139999866485596,5.21999979019165,12336
2022-11-02,5.039999961853027,5.340000152587891,5.039999961853027,5.320000171661377,24892
2022-11-03,5.119999885559082,5.320000171661377,5.119999885559082,5.119999885559082,29278
2022-11-04,5.199999809265137,5.300000190734863,5.119999885559082,5.300000190734863,4983
2022-11-07,5.300000190734863,5.320000171661377,5.300000190734863,5.320000171661377,1168
2022-11-08,5.340000152587891,5.380000114440918,5.320000171661377,5.380000114440918,2072
2022-11-09,5.159999847412109,5.28000020980835,5.139999866485596,5.139999866485596,20966
2022-11-10,5.159999847412109,5.239999771118164,5.139999866485596,5.179999828338623,4553
2022-11-14,5.21999979019165,5.559999942779541,5.21999979019165,5.400000095367432,20597
2022-11-15,5.400000095367432,5.539999961853027,5.400000095367432,5.539999961853027,3768
2022-11-16,5.28000020980835,5.480000019073486,5.28000020980835,5.480000019073486,22516
2022-11-17,5.460000038146973,5.480000019073486,5.260000228881836,5.260000228881836,17863
2022-11-18,5.260000228881836,5.380000114440918,5.260000228881836,5.360000133514404,12579
2022-11-21,5.300000190734863,5.360000133514404,5.199999809265137,5.239999771118164,13145
2022-11-22,5.28000020980835,5.300000190734863,5.199999809265137,5.28000020980835,2748
2022-11-23,5.28000020980835,5.28000020980835,5.21999979019165,5.28000020980835,6596
2022-11-24,5.21999979019165,5.360000133514404,5.21999979019165,5.360000133514404,9943
2022-11-25,5.360000133514404,5.480000019073486,5.28000020980835,5.420000076293945,110014
2022-11-28,5.400000095367432,5.480000019073486,5.260000228881836,5.360000133514404,2709
2022-11-29,5.340000152587891,5.5,5.300000190734863,5.480000019073486,9758
2022-11-30,5.480000019073486,5.5,5.400000095367432,5.5,3876
2022-12-01,5.340000152587891,5.480000019073486,5.340000152587891,5.480000019073486,26281
2022-12-02,5.460000038146973,5.559999942779541,5.460000038146973,5.559999942779541,60319
2022-12-05,5.579999923706055,5.639999866485596,5.5,5.579999923706055,10606
2022-12-06,5.619999885559082,5.739999771118164,5.579999923706055,5.639999866485596,8191
2022-12-07,5.639999866485596,5.71999979019165,5.639999866485596,5.699999809265137,13774
2022-12-08,5.619999885559082,5.78000020980835,5.619999885559082,5.760000228881836,9549
2022-12-09,5.699999809265137,5.71999979019165,5.579999923706055,5.71999979019165,8277
2022-12-12,5.659999847412109,5.659999847412109,5.519999980926514,5.619999885559082,11317
2022-12-13,5.599999904632568,5.599999904632568,5.460000038146973,5.599999904632568,8320
2022-12-14,5.619999885559082,5.760000228881836,5.599999904632568,5.71999979019165,5824
2022-12-15,5.699999809265137,5.71999979019165,5.619999885559082,5.619999885559082,6509
2022-12-16,5.619999885559082,5.679999828338623,5.539999961853027,5.679999828338623,6550
2022-12-19,5.599999904632568,5.71999979019165,5.599999904632568,5.71999979019165,5208
2022-12-20,5.639999866485596,5.78000020980835,5.639999866485596,5.78000020980835,11029
2022-12-21,5.800000190734863,6.059999942779541,5.800000190734863,5.980000019073486,55281
2022-12-22,5.940000057220459,5.940000057220459,5.739999771118164,5.739999771118164,5591
2022-12-23,5.800000190734863,5.900000095367432,5.78000020980835,5.78000020980835,3811
2022-12-27,5.820000171661377,5.820000171661377,5.699999809265137,5.699999809265137,16352
2022-12-28,5.760000228881836,5.760000228881836,5.519999980926514,5.639999866485596,14132
2022-12-29,5.599999904632568,5.699999809265137,5.559999942779541,5.699999809265137,26666
2022-12-30,5.579999923706055,5.78000020980835,5.579999923706055,5.78000020980835,6615
2023-01-02,5.760000228881836,5.78000020980835,5.739999771118164,5.760000228881836,3938
2023-01-03,5.800000190734863,5.820000171661377,5.639999866485596,5.739999771118164,18625
2023-01-04,5.78000020980835,5.940000057220459,5.739999771118164,5.880000114440918,23400
2023-01-05,5.940000057220459,5.940000057220459,5.880000114440918,5.900000095367432,43119
2023-01-09,5.940000057220459,6.139999866485596,5.900000095367432,6.079999923706055,24325
2023-01-10,6.079999923706055,6.159999847412109,6.019999980926514,6.099999904632568,50497
2023-01-11,6.159999847412109,6.179999828338623,5.940000057220459,5.940000057220459,14526
2023-01-12,5.920000076293945,6.099999904632568,5.900000095367432,6.099999904632568,7802
2023-01-13,6.019999980926514,6.159999847412109,6.019999980926514,6.159999847412109,4904
2023-01-16,6.179999828338623,6.199999809265137,6.0,6.119999885559082,6814
2023-01-17,6.179999828338623,6.179999828338623,6.059999942779541,6.119999885559082,4970
2023-01-18,6.119999885559082,6.199999809265137,6.099999904632568,6.179999828338623,3818
2023-01-19,6.179999828338623,6.179999828338623,6.079999923706055,6.099999904632568,10122
2023-01-20,6.119999885559082,6.28000020980835,6.099999904632568,6.159999847412109,10422
2023-01-23,6.28000020980835,6.28000020980835,6.159999847412109,6.260000228881836,4599
2023-01-24,6.179999828338623,6.28000020980835,6.099999904632568,6.239999771118164,7510
2023-01-25,6.260000228881836,6.28000020980835,6.059999942779541,6.159999847412109,16425
2023-01-26,6.159999847412109,6.199999809265137,6.079999923706055,6.119999885559082,19567
2023-01-27,6.159999847412109,6.28000020980835,6.159999847412109,6.28000020980835,5376
2023-01-30,6.239999771118164,6.320000171661377,6.139999866485596,6.239999771118164,6811
2023-01-31,6.239999771118164,6.260000228881836,6.059999942779541,6.159999847412109,6959
2023-02-01,6.179999828338623,6.239999771118164,6.139999866485596,6.139999866485596,5244
2023-02-02,6.139999866485596,6.300000190734863,6.139999866485596,6.21999979019165,7066
2023-02-03,6.239999771118164,6.239999771118164,6.159999847412109,6.179999828338623,529
2023-02-06,6.260000228881836,6.260000228881836,6.099999904632568,6.099999904632568,5130
2023-02-07,6.119999885559082,6.239999771118164,6.119999885559082,6.159999847412109,7377
2023-02-08,6.239999771118164,6.239999771118164,6.139999866485596,6.21999979019165,9527
2023-02-09,6.239999771118164,6.260000228881836,6.21999979019165,6.260000228881836,3643
2023-02-10,6.199999809265137,6.260000228881836,6.139999866485596,6.139999866485596,4466
2023-02-13,6.199999809265137,6.199999809265137,6.139999866485596,6.199999809265137,10791
2023-02-14,6.199999809265137,6.300000190734863,6.159999847412109,6.260000228881836,12746
2023-02-15,6.199999809265137,6.400000095367432,6.139999866485596,6.400000095367432,17793
2023-02-16,6.400000095367432,6.480000019073486,6.300000190734863,6.400000095367432,8877
2023-02-17,6.360000133514404,6.559999942779541,6.300000190734863,6.5,35718
2023-02-20,6.460000038146973,6.5,6.440000057220459,6.460000038146973,17365
2023-02-21,6.5,6.5,6.28000020980835,6.28000020980835,9966
2023-02-22,6.300000190734863,6.360000133514404,6.099999904632568,6.360000133514404,10111
2023-02-23,6.260000228881836,6.360000133514404,6.199999809265137,6.260000228881836,17015
2023-02-24,6.320000171661377,6.400000095367432,6.199999809265137,6.199999809265137,10601
2023-02-27,6.340000152587891,6.340000152587891,6.099999904632568,6.139999866485596,12415
2023-02-28,6.139999866485596,6.300000190734863,6.139999866485596,6.199999809265137,8879
2023-03-01,6.239999771118164,6.239999771118164,6.159999847412109,6.159999847412109,7446
2023-03-02,6.199999809265137,6.199999809265137,6.139999866485596,6.199999809265137,5877
2023-03-03,6.21999979019165,6.260000228881836,6.159999847412109,6.260000228881836,7261
2023-03-06,6.239999771118164,6.400000095367432,6.159999847412109,6.320000171661377,35465
2023-03-07,6.360000133514404,6.360000133514404,6.199999809265137,6.28000020980835,24577
2023-03-08,6.340000152587891,6.400000095367432,6.239999771118164,6.380000114440918,12032
2023-03-09,6.5,7.019999980926514,6.5,6.800000190734863,75757
2023-03-10,6.760000228881836,6.760000228881836,6.300000190734863,6.579999923706055,75402
2023-03-13,6.5,6.559999942779541,6.21999979019165,6.320000171661377,44363
2023-03-14,6.440000057220459,6.460000038146973,6.179999828338623,6.460000038146973,34658
2023-03-15,6.460000038146973,6.460000038146973,6.159999847412109,6.340000152587891,17248
2023-03-16,6.320000171661377,6.400000095367432,6.159999847412109,6.360000133514404,22329
2023-03-17,6.300000190734863,6.5,6.300000190734863,6.480000019073486,16372
2023-03-20,6.5,6.5,6.28000020980835,6.300000190734863,8333
2023-03-21,6.320000171661377,6.519999980926514,6.320000171661377,6.5,11472
2023-03-22,6.519999980926514,6.539999961853027,6.380000114440918,6.519999980926514,2463
2023-03-23,6.519999980926514,6.519999980926514,6.440000057220459,6.519999980926514,4536
2023-03-24,6.0,6.079999923706055,5.539999961853027,6.019999980926514,171116
2023-03-27,6.0,6.079999923706055,5.940000057220459,6.019999980926514,57199
2023-03-28,6.019999980926514,6.019999980926514,5.760000228881836,5.860000133514404,68279
2023-03-29,5.78000020980835,5.860000133514404,5.539999961853027,5.699999809265137,64432
2023-03-30,5.639999866485596,5.679999828338623,5.539999961853027,5.679999828338623,35238
2023-03-31,5.659999847412109,5.840000152587891,5.659999847412109,5.820000171661377,28748
2023-04-03,5.820000171661377,5.820000171661377,5.300000190734863,5.599999904632568,54273
2023-04-04,5.599999904632568,5.71999979019165,5.5,5.699999809265137,23353
2023-04-05,5.739999771118164,5.739999771118164,5.579999923706055,5.579999923706055,11867
2023-04-06,5.699999809265137,5.739999771118164,5.599999904632568,5.71999979019165,17440
2023-04-11,5.71999979019165,5.739999771118164,5.659999847412109,5.739999771118164,10177
2023-04-12,5.739999771118164,5.960000038146973,5.699999809265137,5.940000057220459,56746
2023-04-13,5.880000114440918,6.039999961853027,5.739999771118164,6.0,36505
2023-04-14,6.039999961853027,6.099999904632568,6.0,6.0,22546
2023-04-17,6.079999923706055,6.099999904632568,6.019999980926514,6.079999923706055,8912
2023-04-18,6.099999904632568,6.119999885559082,6.059999942779541,6.059999942779541,7667
2023-04-19,6.059999942779541,6.099999904632568,6.0,6.099999904632568,11154
2023-04-20,6.0,6.079999923706055,6.0,6.079999923706055,3814
2023-04-21,6.079999923706055,6.119999885559082,5.960000038146973,6.119999885559082,5128
2023-04-24,6.039999961853027,6.079999923706055,6.039999961853027,6.039999961853027,3863
2023-04-25,6.119999885559082,6.119999885559082,5.800000190734863,5.860000133514404,21248
2023-04-26,5.980000019073486,6.159999847412109,5.980000019073486,6.099999904632568,20153
2023-04-27,6.059999942779541,6.179999828338623,6.059999942779541,6.079999923706055,4900
2023-04-28,6.159999847412109,6.159999847412109,6.019999980926514,6.059999942779541,16672
2023-05-02,6.059999942779541,6.179999828338623,6.059999942779541,6.159999847412109,16764
2023-05-04,6.159999847412109,6.239999771118164,6.099999904632568,6.159999847412109,36960
2023-05-05,6.119999885559082,6.199999809265137,6.099999904632568,6.119999885559082,7862
2023-05-08,6.119999885559082,6.340000152587891,6.119999885559082,6.320000171661377,10591
2023-05-09,6.320000171661377,6.400000095367432,6.320000171661377,6.360000133514404,4878
2023-05-10,6.320000171661377,6.440000057220459,6.179999828338623,6.340000152587891,15698
2023-05-11,6.380000114440918,6.559999942779541,6.340000152587891,6.440000057220459,52119
2023-05-12,6.559999942779541,6.699999809265137,6.539999961853027,6.699999809265137,43114
2023-05-15,6.699999809265137,6.880000114440918,6.659999847412109,6.880000114440918,36327
2023-05-16,6.880000114440918,7.059999942779541,6.860000133514404,6.920000076293945,15091
2023-05-17,6.840000152587891,7.019999980926514,6.800000190734863,6.800000190734863,42850
2023-05-18,6.860000133514404,7.079999923706055,6.800000190734863,7.019999980926514,40038
2023-05-19,6.820000171661377,7.039999961853027,6.800000190734863,6.800000190734863,41034
2023-05-22,6.900000095367432,7.139999866485596,6.900000095367432,7.0,24432
2023-05-23,7.0,7.019999980926514,6.800000190734863,6.940000057220459,16894
2023-05-24,6.900000095367432,6.900000095367432,6.739999771118164,6.820000171661377,11132
2023-05-25,6.760000228881836,6.840000152587891,6.699999809265137,6.800000190734863,3190
2023-05-26,6.699999809265137,6.800000190734863,6.039999961853027,6.659999847412109,43446
2023-05-29,6.21999979019165,6.579999923706055,6.199999809265137,6.5,67964
2023-05-30,6.5,6.559999942779541,6.400000095367432,6.440000057220459,7545
2023-05-31,6.480000019073486,6.480000019073486,6.239999771118164,6.28000020980835,15568
2023-06-01,6.300000190734863,6.380000114440918,6.300000190734863,6.340000152587891,2712
2023-06-02,6.400000095367432,6.400000095367432,6.260000228881836,6.400000095367432,15159
2023-06-05,6.400000095367432,6.400000095367432,6.320000171661377,6.340000152587891,5246
2023-06-06,6.340000152587891,6.400000095367432,6.340000152587891,6.400000095367432,4535
2023-06-07,6.400000095367432,6.400000095367432,6.300000190734863,6.300000190734863,5428
2023-06-09,6.380000114440918,6.480000019073486,6.300000190734863,6.300000190734863,13002
2023-06-12,6.360000133514404,6.420000076293945,6.320000171661377,6.420000076293945,5920
2023-06-13,6.440000057220459,6.639999866485596,6.440000057220459,6.519999980926514,10508
2023-06-14,6.5,6.599999904632568,6.5,6.519999980926514,1143
2023-06-15,6.599999904632568,6.599999904632568,6.5,6.599999904632568,1609
2023-06-16,6.5,6.579999923706055,6.420000076293945,6.559999942779541,7229
2023-06-19,6.579999923706055,6.599999904632568,6.460000038146973,6.460000038146973,17383
2023-06-20,6.539999961853027,6.539999961853027,6.420000076293945,6.440000057220459,18106
2023-06-21,6.480000019073486,6.480000019073486,6.420000076293945,6.420000076293945,2682
2023-06-22,6.5,6.5,6.380000114440918,6.380000114440918,5302
2023-06-23,6.460000038146973,6.460000038146973,6.380000114440918,6.380000114440918,3248
2023-06-26,6.400000095367432,6.420000076293945,6.380000114440918,6.420000076293945,3001
2023-06-27,6.440000057220459,6.440000057220459,6.360000133514404,6.400000095367432,11996
2023-06-28,6.400000095367432,6.420000076293945,6.360000133514404,6.400000095367432,9803
2023-06-29,6.380000114440918,6.460000038146973,6.360000133514404,6.460000038146973,2726
2023-06-30,6.400000095367432,6.5,6.400000095367432,6.400000095367432,3294
2023-07-03,6.5,6.940000057220459,6.5,6.900000095367432,29875
2023-07-04,6.880000114440918,6.900000095367432,6.760000228881836,6.900000095367432,11310
2023-07-05,6.900000095367432,6.900000095367432,6.699999809265137,6.71999979019165,6437
2023-07-06,6.71999979019165,6.840000152587891,6.699999809265137,6.71999979019165,33318
2023-07-07,6.739999771118164,6.880000114440918,6.739999771118164,6.860000133514404,2286
2023-07-10,6.880000114440918,7.300000190734863,6.880000114440918,7.28000020980835,19949
2023-07-11,7.28000020980835,7.360000133514404,7.079999923706055,7.300000190734863,35806
2023-07-12,7.380000114440918,7.5,7.380000114440918,7.5,21808
2023-07-13,7.5,7.5,7.059999942779541,7.480000019073486,11353
2023-07-14,7.480000019073486,7.480000019073486,7.199999809265137,7.400000095367432,9932
2023-07-17,7.5,7.800000190734863,7.480000019073486,7.599999904632568,56778
2023-07-18,7.599999904632568,8.039999961853027,7.579999923706055,8.020000457763672,96447
2023-07-19,8.020000457763672,8.279999732971191,8.0,8.199999809265137,48205
2023-07-20,8.399999618530273,8.699999809265137,8.100000381469727,8.399999618530273,52966
2023-07-21,8.399999618530273,8.399999618530273,8.039999961853027,8.34000015258789,22251
2023-07-24,8.34000015258789,8.460000038146973,8.199999809265137,8.399999618530273,21993
2023-07-25,8.199999809265137,8.399999618530273,8.180000305175781,8.260000228881836,14855
2023-07-26,8.300000190734863,8.300000190734863,8.15999984741211,8.279999732971191,9895
2023-07-27,8.199999809265137,8.199999809265137,8.0,8.100000381469727,15095
2023-07-28,8.039999961853027,8.100000381469727,7.980000019073486,7.980000019073486,10187
2023-07-31,8.079999923706055,8.760000228881836,7.980000019073486,8.180000305175781,83824
2023-08-01,8.199999809265137,8.239999771118164,8.020000457763672,8.0600004196167,8222
2023-08-02,8.0600004196167,8.15999984741211,7.960000038146973,7.960000038146973,8732
2023-08-03,7.840000152587891,8.100000381469727,7.71999979019165,7.920000076293945,6275
2023-08-04,8.0,8.100000381469727,7.820000171661377,7.880000114440918,2677
2023-08-07,8.0,8.0,7.800000190734863,7.960000038146973,1899
2023-08-08,7.940000057220459,8.0,7.800000190734863,7.880000114440918,5509
2023-08-09,7.980000019073486,8.0,7.840000152587891,7.940000057220459,5055
2023-08-10,7.940000057220459,8.0,7.78000020980835,7.860000133514404,7811
2023-08-11,7.860000133514404,7.860000133514404,7.800000190734863,7.840000152587891,239
2023-08-14,7.820000171661377,7.980000019073486,7.820000171661377,7.980000019073486,638
2023-08-16,7.960000038146973,7.960000038146973,7.820000171661377,7.940000057220459,587
2023-08-17,7.880000114440918,7.940000057220459,7.860000133514404,7.900000095367432,1360
2023-08-18,7.980000019073486,7.980000019073486,7.78000020980835,7.880000114440918,3327
2023-08-21,7.880000114440918,8.0,7.78000020980835,7.960000038146973,2730
2023-08-22,7.980000019073486,7.980000019073486,7.739999771118164,7.860000133514404,3769
2023-08-23,7.739999771118164,7.800000190734863,7.519999980926514,7.739999771118164,5823
2023-08-24,7.880000114440918,7.880000114440918,7.739999771118164,7.760000228881836,3517
2023-08-25,7.739999771118164,7.860000133514404,7.539999961853027,7.579999923706055,12266
2023-08-28,7.679999828338623,7.860000133514404,7.679999828338623,7.860000133514404,2721
2023-08-29,7.860000133514404,8.199999809265137,7.860000133514404,8.100000381469727,17837
2023-08-30,8.039999961853027,8.039999961853027,7.840000152587891,8.0,5320
2023-08-31,7.920000076293945,8.100000381469727,7.900000095367432,8.039999961853027,2374
2023-09-01,8.119999885559082,8.15999984741211,7.800000190734863,8.100000381469727,48367
2023-09-04,8.15999984741211,8.15999984741211,8.0,8.079999923706055,7267
2023-09-05,8.020000457763672,8.140000343322754,8.0,8.119999885559082,17238
2023-09-06,8.140000343322754,8.34000015258789,8.0,8.0,37758
2023-09-07,8.239999771118164,8.279999732971191,7.940000057220459,8.039999961853027,69304
2023-09-08,8.039999961853027,8.039999961853027,7.920000076293945,8.0,42682
2023-09-11,8.0,8.359999656677246,7.960000038146973,8.079999923706055,134600
2023-09-12,8.199999809265137,8.260000228881836,7.960000038146973,8.100000381469727,39018
2023-09-13,8.039999961853027,8.100000381469727,7.960000038146973,7.960000038146973,20841
2023-09-14,8.020000457763672,8.020000457763672,7.619999885559082,7.900000095367432,22125
2023-09-15,7.860000133514404,8.0,7.71999979019165,7.900000095367432,13682
2023-09-18,8.0,8.0,7.820000171661377,7.820000171661377,6469
2023-09-19,7.960000038146973,7.960000038146973,7.699999809265137,7.699999809265137,5673
2023-09-20,7.78000020980835,8.020000457763672,7.739999771118164,7.760000228881836,4382
2023-09-21,7.71999979019165,7.940000057220459,7.659999847412109,7.900000095367432,3342
2023-09-22,7.980000019073486,8.0,7.739999771118164,7.860000133514404,5332
2023-09-25,7.860000133514404,7.980000019073486,7.820000171661377,7.940000057220459,822
2023-09-26,7.800000190734863,7.800000190734863,7.579999923706055,7.639999866485596,15130
2023-09-27,7.599999904632568,7.639999866485596,7.159999847412109,7.199999809265137,30337
2023-09-28,7.300000190734863,7.300000190734863,6.960000038146973,6.980000019073486,14598
2023-09-29,6.960000038146973,7.179999828338623,6.960000038146973,7.059999942779541,48073
2023-10-02,7.0,7.019999980926514,6.940000057220459,6.940000057220459,10204
2023-10-03,7.059999942779541,7.079999923706055,6.800000190734863,6.920000076293945,18338
2023-10-04,6.920000076293945,7.019999980926514,6.820000171661377,7.0,11628
2023-10-05,7.0,7.0,6.900000095367432,6.900000095367432,7116
2023-10-06,6.960000038146973,6.980000019073486,6.860000133514404,6.960000038146973,6401
2023-10-09,6.880000114440918,7.159999847412109,6.880000114440918,7.059999942779541,14547
2023-10-10,7.039999961853027,7.340000152587891,7.039999961853027,7.260000228881836,5912
2023-10-11,7.239999771118164,7.539999961853027,7.119999885559082,7.260000228881836,8704
2023-10-12,7.21999979019165,7.480000019073486,7.079999923706055,7.099999904632568,31290
2023-10-13,7.099999904632568,7.159999847412109,7.039999961853027,7.059999942779541,48457
2023-10-16,7.059999942779541,7.239999771118164,7.059999942779541,7.21999979019165,27960
2023-10-17,7.099999904632568,7.239999771118164,7.079999923706055,7.199999809265137,184659
2023-10-18,7.199999809265137,7.659999847412109,7.199999809265137,7.519999980926514,27346
2023-10-19,7.5,7.5,7.360000133514404,7.5,3055
2023-10-20,7.460000038146973,7.5,7.260000228881836,7.5,4102
2023-10-23,7.559999942779541,7.639999866485596,7.440000057220459,7.639999866485596,5504
2023-10-24,7.619999885559082,7.78000020980835,7.619999885559082,7.619999885559082,3577
2023-10-25,7.800000190734863,7.800000190734863,7.639999866485596,7.78000020980835,2995
2023-10-26,7.71999979019165,7.800000190734863,7.699999809265137,7.800000190734863,6469
2023-10-27,7.800000190734863,7.920000076293945,7.800000190734863,7.800000190734863,8877
2023-10-30,7.860000133514404,7.860000133514404,7.739999771118164,7.739999771118164,16633
2023-10-31,7.699999809265137,7.739999771118164,7.659999847412109,7.71999979019165,9380
2023-11-02,7.840000152587891,7.840000152587891,7.679999828338623,7.679999828338623,16052
2023-11-03,7.739999771118164,7.739999771118164,7.639999866485596,7.699999809265137,3023
2023-11-06,7.699999809265137,7.820000171661377,7.699999809265137,7.820000171661377,6058
2023-11-07,7.699999809265137,7.760000228881836,7.599999904632568,7.599999904632568,8508
2023-11-08,7.579999923706055,7.739999771118164,7.5,7.679999828338623,7367
2023-11-09,7.619999885559082,7.679999828338623,7.599999904632568,7.619999885559082,2627
2023-11-10,7.559999942779541,7.679999828338623,7.559999942779541,7.559999942779541,13287
2023-11-13,7.559999942779541,7.679999828338623,7.559999942779541,7.659999847412109,27330
2023-11-14,7.659999847412109,7.679999828338623,7.599999904632568,7.679999828338623,63982
2023-11-15,7.679999828338623,7.679999828338623,7.539999961853027,7.679999828338623,26529
2023-11-16,7.639999866485596,7.639999866485596,7.380000114440918,7.5,17638
2023-11-17,7.519999980926514,7.559999942779541,7.420000076293945,7.5,4855
2023-11-20,7.5,7.679999828338623,7.5,7.679999828338623,33075
2023-11-21,7.679999828338623,7.679999828338623,7.639999866485596,7.639999866485596,3973
2023-11-22,7.679999828338623,7.679999828338623,7.579999923706055,7.579999923706055,7884
2023-11-23,7.579999923706055,7.679999828338623,7.559999942779541,7.679999828338623,9695
2023-11-24,7.579999923706055,7.599999904632568,6.980000019073486,7.21999979019165,48337
2023-11-27,7.239999771118164,7.239999771118164,7.019999980926514,7.099999904632568,7488
2023-11-28,7.019999980926514,7.099999904632568,6.920000076293945,7.079999923706055,13511
2023-11-29,6.960000038146973,7.179999828338623,6.920000076293945,6.960000038146973,10219
2023-11-30,6.960000038146973,7.099999904632568,6.960000038146973,7.0,4908
2023-12-01,7.0,7.179999828338623,7.0,7.159999847412109,10711
2023-12-04,7.159999847412109,7.199999809265137,7.159999847412109,7.179999828338623,2198
2023-12-05,7.179999828338623,7.360000133514404,7.139999866485596,7.159999847412109,9745
2023-12-06,7.199999809265137,7.360000133514404,7.159999847412109,7.179999828338623,5286
2023-12-07,7.179999828338623,7.28000020980835,7.159999847412109,7.28000020980835,2891
2023-12-08,7.300000190734863,7.300000190734863,7.179999828338623,7.239999771118164,5577
2023-12-11,7.199999809265137,7.199999809265137,7.019999980926514,7.199999809265137,21738
2023-12-12,7.199999809265137,7.360000133514404,7.099999904632568,7.199999809265137,16166
2023-12-13,7.300000190734863,7.480000019073486,7.239999771118164,7.400000095367432,12099
2023-12-14,7.480000019073486,7.659999847412109,7.480000019073486,7.599999904632568,20098
2023-12-15,7.599999904632568,7.619999885559082,7.360000133514404,7.360000133514404,27880
2023-12-18,7.380000114440918,7.559999942779541,7.380000114440918,7.400000095367432,7059
2023-12-19,7.400000095367432,7.480000019073486,7.400000095367432,7.460000038146973,15854
2023-12-20,7.480000019073486,7.480000019073486,7.380000114440918,7.380000114440918,10676
2023-12-21,7.400000095367432,7.5,7.380000114440918,7.380000114440918,10419
2023-12-22,7.400000095367432,7.559999942779541,7.380000114440918,7.519999980926514,11025
2023-12-27,7.519999980926514,7.519999980926514,7.340000152587891,7.400000095367432,25254
2023-12-28,7.420000076293945,7.559999942779541,7.420000076293945,7.5,16503
2023-12-29,7.539999961853027,7.860000133514404,7.5,7.739999771118164,26077
2024-01-02,7.760000228881836,7.960000038146973,7.679999828338623,7.679999828338623,15947
2024-01-03,7.639999866485596,7.860000133514404,7.639999866485596,7.800000190734863,7012
2024-01-04,7.800000190734863,7.960000038146973,7.639999866485596,7.920000076293945,20359
2024-01-05,8.0,8.15999984741211,7.900000095367432,8.039999961853027,33755
2024-01-08,8.0600004196167,8.079999923706055,7.860000133514404,8.020000457763672,11570
2024-01-09,8.020000457763672,8.0600004196167,7.880000114440918,7.900000095367432,8974
2024-01-10,8.0,8.0,7.880000114440918,7.960000038146973,6592
2024-01-11,7.960000038146973,8.0,7.900000095367432,8.0,3972
2024-01-12,8.0,8.0,7.840000152587891,7.940000057220459,9740
2024-01-15,7.960000038146973,7.960000038146973,7.820000171661377,7.820000171661377,2974
2024-01-16,7.820000171661377,7.860000133514404,7.800000190734863,7.820000171661377,3035
2024-01-17,7.820000171661377,7.820000171661377,7.5,7.519999980926514,8973
2024-01-18,7.460000038146973,7.679999828338623,7.199999809265137,7.460000038146973,22052
2024-01-19,7.619999885559082,7.619999885559082,7.440000057220459,7.440000057220459,1965
2024-01-22,7.400000095367432,7.599999904632568,7.400000095367432,7.440000057220459,3148
2024-01-23,7.599999904632568,7.599999904632568,7.460000038146973,7.5,803
2024-01-24,7.519999980926514,7.659999847412109,7.519999980926514,7.519999980926514,2449
2024-01-25,7.5,7.599999904632568,7.5,7.579999923706055,5815
2024-01-26,7.5,7.599999904632568,7.440000057220459,7.440000057220459,3720
2024-01-29,7.440000057220459,7.940000057220459,7.440000057220459,7.599999904632568,5092
2024-01-30,7.599999904632568,7.599999904632568,7.559999942779541,7.559999942779541,784
2024-01-31,7.679999828338623,7.679999828338623,7.440000057220459,7.440000057220459,4874
2024-02-01,7.519999980926514,7.599999904632568,7.5,7.539999961853027,2074
2024-02-02,7.599999904632568,7.699999809265137,7.5,7.619999885559082,37360
2024-02-05,7.699999809265137,7.699999809265137,7.579999923706055,7.679999828338623,4129
2024-02-06,7.619999885559082,7.760000228881836,7.599999904632568,7.71999979019165,30589
2024-02-07,7.71999979019165,7.739999771118164,7.699999809265137,7.699999809265137,8092
2024-02-08,7.699999809265137,7.760000228881836,7.639999866485596,7.71999979019165,17540
2024-02-09,7.679999828338623,7.71999979019165,7.679999828338623,7.699999809265137,12010
2024-02-12,7.699999809265137,7.920000076293945,7.699999809265137,7.71999979019165,18534
2024-02-13,7.71999979019165,7.880000114440918,7.71999979019165,7.71999979019165,14022
2024-02-14,7.760000228881836,7.820000171661377,7.760000228881836,7.820000171661377,306
2024-02-15,7.820000171661377,7.820000171661377,7.739999771118164,7.820000171661377,4409
2024-02-16,7.800000190734863,7.860000133514404,7.739999771118164,7.860000133514404,1574
2024-02-19,7.900000095367432,8.0600004196167,7.820000171661377,7.960000038146973,12288
2024-02-20,7.960000038146973,8.0,7.699999809265137,7.71999979019165,21906
2024-02-21,7.699999809265137,7.880000114440918,7.699999809265137,7.800000190734863,4805
2024-02-22,7.800000190734863,7.840000152587891,7.739999771118164,7.739999771118164,725
2024-02-23,7.739999771118164,7.820000171661377,7.679999828338623,7.820000171661377,11628
2024-02-26,7.820000171661377,7.820000171661377,7.659999847412109,7.659999847412109,7415
2024-02-27,7.699999809265137,7.78000020980835,7.659999847412109,7.699999809265137,2897
2024-02-28,7.699999809265137,7.71999979019165,7.639999866485596,7.659999847412109,4062
2024-02-29,7.699999809265137,7.760000228881836,7.679999828338623,7.699999809265137,2063
2024-03-01,7.699999809265137,7.739999771118164,7.679999828338623,7.739999771118164,2660
2024-03-04,7.739999771118164,7.800000190734863,7.699999809265137,7.699999809265137,4434
2024-03-05,7.679999828338623,7.699999809265137,7.679999828338623,7.699999809265137,3793
2024-03-06,7.739999771118164,7.940000057220459,7.699999809265137,7.860000133514404,9914
2024-03-07,7.960000038146973,7.960000038146973,7.840000152587891,7.880000114440918,3101
2024-03-08,7.800000190734863,7.900000095367432,7.699999809265137,7.760000228881836,3176
2024-03-11,7.760000228881836,7.900000095367432,7.760000228881836,7.840000152587891,1686
2024-03-12,7.840000152587891,7.840000152587891,7.739999771118164,7.800000190734863,1876
2024-03-13,7.739999771118164,7.880000114440918,7.739999771118164,7.760000228881836,3738
2024-03-14,7.800000190734863,7.860000133514404,7.800000190734863,7.800000190734863,3034
2024-03-15,7.739999771118164,7.880000114440918,7.559999942779541,7.760000228881836,45844
2024-03-18,7.619999885559082,8.319999694824219,7.599999904632568,8.119999885559082,206825
2024-03-19,8.380000114440918,8.460000038146973,8.260000228881836,8.260000228881836,95071
2024-03-20,8.420000076293945,8.619999885559082,8.420000076293945,8.579999923706055,134665
2024-03-21,8.579999923706055,8.619999885559082,8.479999542236328,8.600000381469727,45838
2024-03-22,8.619999885559082,8.619999885559082,8.5,8.600000381469727,51802
2024-03-25,8.619999885559082,8.739999771118164,8.600000381469727,8.739999771118164,53738
2024-03-26,8.760000228881836,8.800000190734863,8.65999984741211,8.760000228881836,15875
2024-03-27,8.800000190734863,8.800000190734863,8.619999885559082,8.779999732971191,23119
2024-03-28,8.779999732971191,8.800000190734863,8.739999771118164,8.779999732971191,24079
2024-04-02,8.779999732971191,8.899999618530273,8.779999732971191,8.880000114440918,58999
2024-04-03,8.899999618530273,8.979999542236328,8.819999694824219,8.920000076293945,59206
2024-04-04,8.9399995803833,9.0,8.899999618530273,9.0,41247
2024-04-05,9.0600004196167,9.100000381469727,8.899999618530273,9.0600004196167,31407
2024-04-08,9.100000381469727,9.260000228881836,9.0600004196167,9.239999771118164,37791
2024-04-09,9.239999771118164,9.34000015258789,9.220000267028809,9.300000190734863,44539
2024-04-10,9.239999771118164,9.319999694824219,9.220000267028809,9.279999732971191,33592
2024-04-11,9.279999732971191,9.300000190734863,9.100000381469727,9.260000228881836,25154
2024-04-12,9.199999809265137,9.359999656677246,9.119999885559082,9.180000305175781,19374
2024-04-15,9.220000267028809,9.260000228881836,9.140000343322754,9.199999809265137,19566
2024-04-16,9.199999809265137,9.199999809265137,8.640000343322754,8.979999542236328,83798
2024-04-17,9.0,9.140000343322754,9.0,9.119999885559082,19698
2024-04-18,9.199999809265137,9.199999809265137,9.0,9.100000381469727,15816
2024-04-19,9.100000381469727,9.100000381469727,9.0,9.020000457763672,7737
2024-04-22,9.100000381469727,9.100000381469727,8.9399995803833,9.100000381469727,43047
2024-04-23,9.100000381469727,9.180000305175781,9.079999923706055,9.140000343322754,55656
2024-04-24,9.140000343322754,9.479999542236328,9.0600004196167,9.380000114440918,147998
2024-04-25,9.420000076293945,9.5600004196167,9.399999618530273,9.479999542236328,87624
2024-04-26,9.600000381469727,9.65999984741211,9.520000457763672,9.640000343322754,111547
2024-04-29,9.680000305175781,9.899999618530273,9.65999984741211,9.880000114440918,120042
2024-04-30,9.880000114440918,9.9399995803833,9.800000190734863,9.899999618530273,163201
2024-05-02,8.739999771118164,8.920000076293945,8.239999771118164,8.5,171542
2024-05-06,8.5600004196167,8.579999923706055,8.260000228881836,8.319999694824219,37733
2024-05-07,8.319999694824219,8.319999694824219,8.0600004196167,8.220000267028809,43089
2024-05-08,8.260000228881836,8.279999732971191,7.960000038146973,8.100000381469727,33124
2024-05-09,8.100000381469727,8.15999984741211,7.920000076293945,8.100000381469727,14983
2024-05-10,8.0600004196167,8.119999885559082,7.760000228881836,7.940000057220459,57475
2024-05-13,7.940000057220459,8.079999923706055,7.900000095367432,7.980000019073486,45075
2024-05-14,7.980000019073486,8.020000457763672,7.900000095367432,8.0,14536
2024-05-15,7.940000057220459,8.199999809265137,7.920000076293945,8.100000381469727,24615
2024-05-16,8.15999984741211,8.300000190734863,8.100000381469727,8.220000267028809,27705
2024-05-17,8.260000228881836,8.260000228881836,8.119999885559082,8.180000305175781,14846
2024-05-20,8.199999809265137,8.399999618530273,8.180000305175781,8.300000190734863,28202
2024-05-21,8.279999732971191,8.420000076293945,8.279999732971191,8.380000114440918,14996
2024-05-22,8.380000114440918,8.380000114440918,8.220000267028809,8.380000114440918,11837
2024-05-23,8.260000228881836,8.359999656677246,8.180000305175781,8.239999771118164,9095
2024-05-24,8.180000305175781,8.239999771118164,8.039999961853027,8.15999984741211,11184
2024-05-27,8.0600004196167,8.199999809265137,7.980000019073486,8.039999961853027,13578
2024-05-28,8.0,8.039999961853027,7.440000057220459,7.760000228881836,51101
2024-05-29,7.739999771118164,7.760000228881836,7.440000057220459,7.539999961853027,63853
2024-05-31,7.400000095367432,7.400000095367432,7.099999904632568,7.380000114440918,40273
2024-06-03,7.300000190734863,7.340000152587891,7.119999885559082,7.239999771118164,21354
2024-06-04,7.159999847412109,7.239999771118164,7.119999885559082,7.179999828338623,36448
2024-06-05,7.0,7.099999904632568,6.880000114440918,6.980000019073486,58571
2024-06-06,7.0,7.119999885559082,6.960000038146973,7.119999885559082,23482
2024-06-07,7.099999904632568,7.21999979019165,7.079999923706055,7.21999979019165,13347
2024-06-10,7.21999979019165,7.21999979019165,7.0,7.059999942779541,25646
2024-06-11,7.079999923706055,7.139999866485596,6.900000095367432,6.900000095367432,21568
2024-06-12,7.0,7.0,6.800000190734863,6.820000171661377,29627
2024-06-13,6.880000114440918,6.880000114440918,6.760000228881836,6.760000228881836,16055
2024-06-14,6.739999771118164,6.840000152587891,6.659999847412109,6.699999809265137,27967
2024-06-17,6.679999828338623,6.800000190734863,6.679999828338623,6.699999809265137,6118
2024-06-18,6.71999979019165,6.880000114440918,6.659999847412109,6.699999809265137,12926
2024-06-19,6.699999809265137,6.880000114440918,6.699999809265137,6.78000020980835,9482
2024-06-20,6.800000190734863,7.0,6.800000190734863,6.860000133514404,4418
2024-06-21,6.880000114440918,7.199999809265137,6.880000114440918,7.139999866485596,25423
2024-06-24,7.139999866485596,7.139999866485596,6.800000190734863,7.119999885559082,8703
2024-06-25,7.159999847412109,7.159999847412109,6.900000095367432,7.159999847412109,5589
2024-06-26,7.099999904632568,7.199999809265137,7.019999980926514,7.059999942779541,3542
2024-06-27,7.179999828338623,7.179999828338623,7.059999942779541,7.099999904632568,1547
2024-06-28,7.039999961853027,7.119999885559082,7.019999980926514,7.039999961853027,4504
2024-07-01,7.0,7.139999866485596,6.960000038146973,7.079999923706055,9879
2024-07-02,7.079999923706055,7.099999904632568,6.940000057220459,7.079999923706055,10913
2024-07-03,6.960000038146973,7.119999885559082,6.920000076293945,6.980000019073486,14561
2024-07-04,7.079999923706055,7.099999904632568,7.019999980926514,7.039999961853027,3713
2024-07-05,7.079999923706055,7.099999904632568,7.019999980926514,7.039999961853027,4042
2024-07-08,7.039999961853027,7.099999904632568,6.940000057220459,7.079999923706055,9012
2024-07-09,7.079999923706055,7.360000133514404,7.019999980926514,7.139999866485596,30409
2024-07-10,7.21999979019165,7.320000171661377,7.179999828338623,7.199999809265137,14570
2024-07-11,7.21999979019165,7.340000152587891,7.21999979019165,7.300000190734863,8405
2024-07-12,7.300000190734863,7.380000114440918,7.28000020980835,7.300000190734863,6911
2024-07-15,7.340000152587891,7.380000114440918,7.300000190734863,7.380000114440918,3120
2024-07-16,7.380000114440918,7.480000019073486,7.119999885559082,7.28000020980835,13048
2024-07-17,7.28000020980835,7.320000171661377,7.119999885559082,7.199999809265137,2661
2024-07-18,7.199999809265137,7.28000020980835,7.119999885559082,7.239999771118164,4533
2024-07-19,7.159999847412109,7.360000133514404,7.099999904632568,7.340000152587891,13000
2024-07-22,7.300000190734863,7.300000190734863,7.159999847412109,7.260000228881836,4088
2024-07-23,7.239999771118164,7.260000228881836,7.119999885559082,7.239999771118164,7673
2024-07-24,7.239999771118164,7.239999771118164,7.039999961853027,7.159999847412109,6734
2024-07-25,7.079999923706055,7.079999923706055,6.860000133514404,7.039999961853027,13530
2024-07-26,7.039999961853027,7.119999885559082,6.900000095367432,6.900000095367432,7579
2024-07-29,7.0,7.0,6.900000095367432,6.920000076293945,3399
2024-07-30,6.920000076293945,7.059999942779541,6.920000076293945,7.059999942779541,7535
2024-07-31,6.940000057220459,7.199999809265137,6.940000057220459,7.199999809265137,8100
2024-08-01,7.159999847412109,7.239999771118164,7.159999847412109,7.239999771118164,5629
2024-08-02,7.199999809265137,7.199999809265137,6.980000019073486,6.980000019073486,5711
2024-08-05,6.800000190734863,6.980000019073486,6.519999980926514,6.739999771118164,38036
2024-08-06,6.619999885559082,6.78000020980835,6.539999961853027,6.760000228881836,13806
2024-08-07,6.760000228881836,6.900000095367432,6.760000228881836,6.820000171661377,7777
2024-08-08,6.820000171661377,6.900000095367432,6.699999809265137,6.900000095367432,7283
2024-08-09,6.739999771118164,7.0,6.739999771118164,7.0,2044
2024-08-12,7.099999904632568,7.139999866485596,6.860000133514404,7.059999942779541,3410
2024-08-13,7.099999904632568,7.099999904632568,6.900000095367432,7.019999980926514,8155
2024-08-14,7.079999923706055,7.079999923706055,6.860000133514404,7.079999923706055,6723
2024-08-16,6.940000057220459,7.079999923706055,6.900000095367432,7.0,3101
2024-08-19,6.900000095367432,6.980000019073486,6.860000133514404,6.960000038146973,3081
2024-08-20,6.940000057220459,7.0,6.920000076293945,6.920000076293945,3125
2024-08-21,6.940000057220459,7.059999942779541,6.940000057220459,7.059999942779541,4925
2024-08-22,6.960000038146973,7.139999866485596,6.960000038146973,7.099999904632568,5242
2024-08-23,7.099999904632568,7.099999904632568,6.960000038146973,7.099999904632568,6967
2024-08-26,7.159999847412109,7.159999847412109,6.900000095367432,7.039999961853027,7269
2024-08-27,6.920000076293945,7.0,6.920000076293945,6.960000038146973,2815
2024-08-28,6.980000019073486,7.059999942779541,6.960000038146973,7.059999942779541,1788
2024-08-29,6.960000038146973,7.21999979019165,6.960000038146973,7.199999809265137,10315
2024-08-30,7.199999809265137,7.480000019073486,7.099999904632568,7.360000133514404,30499
2024-09-02,7.360000133514404,7.360000133514404,7.139999866485596,7.239999771118164,23641
2024-09-03,7.239999771118164,7.360000133514404,7.199999809265137,7.300000190734863,10233
2024-09-04,7.28000020980835,7.28000020980835,6.980000019073486,7.179999828338623,29260
2024-09-05,7.179999828338623,7.199999809265137,7.019999980926514,7.179999828338623,3364
2024-09-06,7.179999828338623,7.179999828338623,7.0,7.159999847412109,4534
2024-09-09,7.159999847412109,7.28000020980835,7.079999923706055,7.159999847412109,13365
2024-09-10,7.239999771118164,7.239999771118164,7.079999923706055,7.199999809265137,769
2024-09-11,7.179999828338623,7.179999828338623,6.960000038146973,7.099999904632568,12345
2024-09-12,7.0,7.159999847412109,6.960000038146973,7.159999847412109,3391
2024-09-13,7.139999866485596,7.159999847412109,7.0,7.159999847412109,5654
2024-09-16,6.980000019073486,7.119999885559082,6.980000019073486,6.980000019073486,2636
2024-09-17,6.980000019073486,7.159999847412109,6.960000038146973,7.099999904632568,1343
2024-09-18,7.0,7.099999904632568,7.0,7.079999923706055,1117
2024-09-19,7.079999923706055,7.119999885559082,6.900000095367432,6.960000038146973,8865
2024-09-20,6.980000019073486,7.059999942779541,6.820000171661377,7.039999961853027,8192
2024-09-23,7.059999942779541,7.059999942779541,6.940000057220459,6.940000057220459,6014
2024-09-24,6.900000095367432,7.019999980926514,6.900000095367432,6.900000095367432,5026
2024-09-25,6.900000095367432,6.940000057220459,6.840000152587891,6.940000057220459,12272
2024-09-26,6.900000095367432,6.940000057220459,6.820000171661377,6.880000114440918,6649
2024-09-27,6.960000038146973,6.960000038146973,6.840000152587891,6.860000133514404,53531
2024-09-30,6.840000152587891,6.980000019073486,6.840000152587891,6.980000019073486,10177
2024-10-01,6.900000095367432,7.079999923706055,6.820000171661377,6.900000095367432,5962
2024-10-02,6.960000038146973,7.099999904632568,6.760000228881836,6.820000171661377,24056
2024-10-03,6.820000171661377,6.980000019073486,6.800000190734863,6.800000190734863,4938
2024-10-04,6.940000057220459,6.940000057220459,6.760000228881836,6.900000095367432,6914
2024-10-07,6.78000020980835,6.880000114440918,6.619999885559082,6.840000152587891,4319
2024-10-08,6.840000152587891,6.860000133514404,6.639999866485596,6.800000190734863,12675
2024-10-09,6.800000190734863,6.820000171661377,6.699999809265137,6.739999771118164,3116
2024-10-10,6.820000171661377,6.860000133514404,6.71999979019165,6.71999979019165,1207
2024-10-11,6.860000133514404,6.980000019073486,6.78000020980835,6.78000020980835,4019
2024-10-14,6.800000190734863,6.960000038146973,6.800000190734863,6.820000171661377,1843
2024-10-15,6.900000095367432,6.960000038146973,6.739999771118164,6.739999771118164,7739
2024-10-16,6.840000152587891,6.860000133514404,6.71999979019165,6.860000133514404,4120
2024-10-17,6.78000020980835,6.880000114440918,6.679999828338623,6.679999828338623,5454
2024-10-18,6.71999979019165,6.820000171661377,6.659999847412109,6.800000190734863,7413
2024-10-21,6.800000190734863,6.820000171661377,6.71999979019165,6.78000020980835,5343
2024-10-22,6.840000152587891,6.840000152587891,6.71999979019165,6.71999979019165,5209
2024-10-23,6.820000171661377,6.820000171661377,6.659999847412109,6.659999847412109,5563
2024-10-24,6.679999828338623,6.78000020980835,6.679999828338623,6.679999828338623,3372
2024-10-25,6.760000228881836,6.78000020980835,6.619999885559082,6.699999809265137,10573
2024-10-28,6.699999809265137,6.699999809265137,6.539999961853027,6.619999885559082,4521
2024-10-29,6.639999866485596,6.760000228881836,6.639999866485596,6.760000228881836,3697
2024-10-30,6.699999809265137,6.699999809265137,6.659999847412109,6.679999828338623,7482
2024-10-31,6.679999828338623,6.679999828338623,6.519999980926514,6.599999904632568,8551
2024-11-04,6.599999904632568,6.739999771118164,6.539999961853027,6.739999771118164,2707
2024-11-05,6.739999771118164,6.739999771118164,6.599999904632568,6.599999904632568,6933
2024-11-06,6.559999942779541,6.71999979019165,6.539999961853027,6.539999961853027,4259
2024-11-07,6.639999866485596,6.639999866485596,6.5,6.639999866485596,8551
2024-11-08,6.599999904632568,6.699999809265137,6.559999942779541,6.699999809265137,2312
2024-11-12,6.679999828338623,6.699999809265137,6.480000019073486,6.659999847412109,4969
2024-11-13,6.659999847412109,6.699999809265137,6.559999942779541,6.699999809265137,5424
2024-11-14,6.699999809265137,6.699999809265137,6.539999961853027,6.539999961853027,5245
2024-11-15,6.559999942779541,6.639999866485596,6.559999942779541,6.639999866485596,1571
2024-11-18,6.639999866485596,6.639999866485596,6.559999942779541,6.579999923706055,7054
2024-11-19,6.579999923706055,6.699999809265137,6.5,6.639999866485596,16457
2024-11-20,6.699999809265137,6.699999809265137,6.5,6.679999828338623,6207
2024-11-21,6.679999828338623,6.679999828338623,6.539999961853027,6.679999828338623,846
2024-11-22,6.679999828338623,6.739999771118164,6.599999904632568,6.679999828338623,13033
2024-11-25,6.539999961853027,6.679999828338623,6.5,6.639999866485596,8360
2024-11-26,6.599999904632568,6.599999904632568,6.460000038146973,6.480000019073486,6287
2024-11-27,6.5,6.559999942779541,6.320000171661377,6.460000038146973,6188
2024-11-28,6.440000057220459,6.440000057220459,6.360000133514404,6.380000114440918,3751
2024-11-29,6.340000152587891,6.380000114440918,6.099999904632568,6.239999771118164,7354
2024-12-02,6.28000020980835,6.28000020980835,6.079999923706055,6.260000228881836,9189
2024-12-03,6.119999885559082,6.239999771118164,6.119999885559082,6.239999771118164,5524
2024-12-04,6.239999771118164,6.239999771118164,6.119999885559082,6.159999847412109,8408
2024-12-05,6.139999866485596,6.239999771118164,6.119999885559082,6.239999771118164,5317
2024-12-06,6.179999828338623,6.239999771118164,6.119999885559082,6.239999771118164,6472
2024-12-09,6.21999979019165,6.239999771118164,6.079999923706055,6.099999904632568,11952
2024-12-10,6.139999866485596,6.139999866485596,6.0,6.119999885559082,41504
2024-12-11,6.139999866485596,6.380000114440918,6.099999904632568,6.300000190734863,15353
2024-12-12,6.21999979019165,6.300000190734863,6.139999866485596,6.28000020980835,4742
2024-12-13,6.28000020980835,6.28000020980835,6.199999809265137,6.199999809265137,2398
2024-12-16,6.21999979019165,6.300000190734863,6.019999980926514,6.179999828338623,11663
2024-12-17,6.099999904632568,6.260000228881836,6.039999961853027,6.059999942779541,10770
2024-12-18,6.039999961853027,6.199999809265137,5.920000076293945,6.079999923706055,21242
2024-12-19,6.079999923706055,6.079999923706055,5.960000038146973,5.960000038146973,7376
2024-12-20,6.0,6.0,5.699999809265137,5.800000190734863,41251
2024-12-23,5.880000114440918,5.900000095367432,5.519999980926514,5.699999809265137,83385
2024-12-27,5.760000228881836,6.099999904632568,5.760000228881836,6.0,11996
2024-12-30,6.0,6.28000020980835,5.920000076293945,6.239999771118164,5793
2025-01-02,6.239999771118164,6.559999942779541,6.199999809265137,6.440000057220459,7291
2025-01-03,6.460000038146973,6.539999961853027,6.440000057220459,6.539999961853027,4760
2025-01-07,6.559999942779541,6.659999847412109,6.400000095367432,6.460000038146973,8230
2025-01-08,6.460000038146973,6.460000038146973,6.340000152587891,6.340000152587891,5089
2025-01-09,6.340000152587891,6.420000076293945,6.28000020980835,6.420000076293945,1469
2025-01-10,6.320000171661377,6.480000019073486,6.300000190734863,6.440000057220459,8776
2025-01-13,6.440000057220459,6.480000019073486,6.360000133514404,6.440000057220459,968
2025-01-14,6.440000057220459,6.460000038146973,6.340000152587891,6.380000114440918,2084
2025-01-15,6.420000076293945,6.420000076293945,6.340000152587891,6.340000152587891,2883
2025-01-16,6.400000095367432,6.420000076293945,6.28000020980835,6.360000133514404,4482
2025-01-17,6.400000095367432,6.420000076293945,6.179999828338623,6.28000020980835,6865
2025-01-20,6.300000190734863,6.380000114440918,6.21999979019165,6.360000133514404,2491
2025-01-21,6.360000133514404,6.400000095367432,6.260000228881836,6.400000095367432,2560
2025-01-22,6.400000095367432,6.420000076293945,6.300000190734863,6.320000171661377,8303
2025-01-23,6.340000152587891,6.460000038146973,6.300000190734863,6.400000095367432,2382
2025-01-24,6.400000095367432,6.480000019073486,6.239999771118164,6.28000020980835,15066
2025-01-27,6.28000020980835,6.28000020980835,6.21999979019165,6.21999979019165,2503
2025-01-28,6.260000228881836,6.260000228881836,6.199999809265137,6.21999979019165,6081
2025-01-29,6.260000228881836,6.400000095367432,6.159999847412109,6.199999809265137,4486
2025-01-30,6.300000190734863,6.400000095367432,6.199999809265137,6.300000190734863,5953
2025-01-31,6.380000114440918,6.380000114440918,6.21999979019165,6.300000190734863,1727
2025-02-03,6.360000133514404,6.420000076293945,6.260000228881836,6.320000171661377,13275
2025-02-04,6.320000171661377,6.320000171661377,6.179999828338623,6.300000190734863,5832
2025-02-05,6.260000228881836,6.300000190734863,6.21999979019165,6.21999979019165,2218
2025-02-06,6.21999979019165,6.300000190734863,6.199999809265137,6.21999979019165,2850
2025-02-07,6.199999809265137,6.320000171661377,6.199999809265137,6.320000171661377,3052
2025-02-10,6.360000133514404,6.400000095367432,6.300000190734863,6.360000133514404,6576
2025-02-11,6.380000114440918,6.380000114440918,6.260000228881836,6.340000152587891,2391
2025-02-12,6.320000171661377,6.400000095367432,6.300000190734863,6.400000095367432,3892
2025-02-13,6.380000114440918,6.400000095367432,6.340000152587891,6.400000095367432,4608
2025-02-14,6.400000095367432,6.420000076293945,6.340000152587891,6.340000152587891,5661
2025-02-17,6.380000114440918,6.440000057220459,6.300000190734863,6.420000076293945,5590
2025-02-18,6.420000076293945,6.460000038146973,6.360000133514404,6.400000095367432,17379
2025-02-19,6.400000095367432,6.5,6.380000114440918,6.480000019073486,6484
2025-02-20,6.380000114440918,6.5,6.380000114440918,6.380000114440918,17008
2025-02-21,6.420000076293945,6.539999961853027,6.400000095367432,6.539999961853027,8631
2025-02-24,6.539999961853027,6.800000190734863,6.5,6.559999942779541,26136
2025-02-25,6.679999828338623,6.760000228881836,6.559999942779541,6.579999923706055,12898
2025-02-26,6.71999979019165,6.739999771118164,6.599999904632568,6.639999866485596,8012
2025-02-27,6.699999809265137,6.900000095367432,6.699999809265137,6.739999771118164,25329
2025-02-28,6.760000228881836,6.840000152587891,6.519999980926514,6.78000020980835,9536
2025-03-03,6.880000114440918,6.880000114440918,6.619999885559082,6.78000020980835,2761
2025-03-04,6.78000020980835,6.78000020980835,6.539999961853027,6.679999828338623,7970
2025-03-05,6.599999904632568,6.78000020980835,6.599999904632568,6.639999866485596,4865
2025-03-06,6.639999866485596,6.78000020980835,6.619999885559082,6.699999809265137,1818
2025-03-07,6.699999809265137,6.78000020980835,6.639999866485596,6.639999866485596,3173
2025-03-10,6.639999866485596,6.639999866485596,6.539999961853027,6.539999961853027,7353
2025-03-11,6.539999961853027,6.639999866485596,6.539999961853027,6.619999885559082,2204
2025-03-12,6.619999885559082,6.639999866485596,6.519999980926514,6.539999961853027,4778
2025-03-13,6.539999961853027,6.619999885559082,6.519999980926514,6.619999885559082,3939
2025-03-14,6.619999885559082,6.639999866485596,6.539999961853027,6.619999885559082,3617
2025-03-17,6.639999866485596,6.639999866485596,6.599999904632568,6.639999866485596,14103
2025-03-18,6.639999866485596,6.639999866485596,6.599999904632568,6.639999866485596,7070
2025-03-19,6.639999866485596,6.800000190734863,6.619999885559082,6.78000020980835,9090
2025-03-20,6.800000190734863,7.099999904632568,6.659999847412109,7.019999980926514,22258
2025-03-21,7.019999980926514,7.139999866485596,6.840000152587891,6.960000038146973,19696
2025-03-24,6.920000076293945,6.960000038146973,6.78000020980835,6.78000020980835,26812
2025-03-25,6.860000133514404,6.860000133514404,6.71999979019165,6.800000190734863,5651
2025-03-26,6.820000171661377,6.820000171661377,6.699999809265137,6.739999771118164,5992
2025-03-27,6.760000228881836,6.760000228881836,6.659999847412109,6.699999809265137,45971
2025-03-28,6.760000228881836,6.760000228881836,6.5,6.679999828338623,31194
2025-03-31,6.679999828338623,6.679999828338623,6.559999942779541,6.579999923706055,8165
2025-04-01,6.679999828338623,6.679999828338623,6.5,6.679999828338623,15872
2025-04-02,6.679999828338623,6.800000190734863,6.639999866485596,6.639999866485596,19858
2025-04-03,6.619999885559082,6.679999828338623,6.5,6.5,23039
2025-04-04,6.480000019073486,6.599999904632568,6.199999809265137,6.400000095367432,16965
2025-04-07,6.420000076293945,6.900000095367432,6.059999942779541,6.679999828338623,108325
2025-04-08,6.739999771118164,6.840000152587891,6.679999828338623,6.78000020980835,44789
2025-04-09,6.619999885559082,6.78000020980835,6.539999961853027,6.679999828338623,45517
2025-04-10,6.960000038146973,6.960000038146973,6.679999828338623,6.679999828338623,42524
2025-04-11,6.679999828338623,6.800000190734863,6.599999904632568,6.78000020980835,11395
2025-04-14,6.800000190734863,7.079999923706055,6.78000020980835,6.940000057220459,39392
2025-04-15,6.960000038146973,6.980000019073486,6.860000133514404,6.880000114440918,31643
2025-04-16,6.880000114440918,6.980000019073486,6.880000114440918,6.880000114440918,7761
2025-04-17,6.880000114440918,6.980000019073486,6.880000114440918,6.960000038146973,4681
2025-04-22,6.940000057220459,6.940000057220459,6.880000114440918,6.920000076293945,8550
2025-04-23,6.860000133514404,6.920000076293945,6.840000152587891,6.920000076293945,19000
2025-04-24,6.900000095367432,6.900000095367432,6.800000190734863,6.840000152587891,18566
2025-04-25,6.860000133514404,6.960000038146973,6.820000171661377,6.940000057220459,13031
2025-04-28,6.940000057220459,6.960000038146973,6.880000114440918,6.880000114440918,20684
2025-04-29,6.880000114440918,6.920000076293945,6.699999809265137,6.900000095367432,195297
2025-04-30,6.900000095367432,6.960000038146973,6.840000152587891,6.880000114440918,14433
2025-05-02,6.840000152587891,6.920000076293945,6.840000152587891,6.920000076293945,2565
2025-05-05,6.920000076293945,6.960000038146973,6.860000133514404,6.860000133514404,8199
2025-05-06,6.940000057220459,6.960000038146973,6.820000171661377,6.920000076293945,14987
2025-05-07,6.920000076293945,7.179999828338623,6.860000133514404,7.0,208165
2025-05-08,6.980000019073486,7.099999904632568,6.900000095367432,7.099999904632568,97589
2025-05-09,7.039999961853027,7.099999904632568,6.920000076293945,7.0,35928
2025-05-12,7.079999923706055,7.079999923706055,7.0,7.059999942779541,16508
2025-05-13,7.079999923706055,7.079999923706055,7.0,7.019999980926514,6713
2025-05-14,7.0,7.079999923706055,7.0,7.019999980926514,6974
2025-05-15,7.0,7.28000020980835,7.0,7.199999809265137,783120
2025-05-16,7.239999771118164,7.239999771118164,7.199999809265137,7.21999979019165,38087
2025-05-19,7.199999809265137,7.21999979019165,7.199999809265137,7.199999809265137,35621
2025-05-20,7.199999809265137,7.21999979019165,7.199999809265137,7.199999809265137,45713
2025-05-21,7.199999809265137,7.239999771118164,7.159999847412109,7.159999847412109,37351
2025-05-22,7.159999847412109,7.320000171661377,7.099999904632568,7.300000190734863,96726
2025-05-23,7.300000190734863,7.300000190734863,7.119999885559082,7.199999809265137,753804
2025-05-26,7.179999828338623,7.260000228881836,7.179999828338623,7.260000228881836,17596
2025-05-27,7.260000228881836,7.260000228881836,7.139999866485596,7.199999809265137,202477
2025-05-28,7.239999771118164,7.400000095367432,7.199999809265137,7.360000133514404,418362
2025-05-29,7.360000133514404,7.360000133514404,7.21999979019165,7.260000228881836,1694828
2025-05-30,7.360000133514404,7.360000133514404,7.159999847412109,7.159999847412109,3093
2025-06-02,7.139999866485596,7.360000133514404,7.119999885559082,7.360000133514404,14349
2025-06-03,7.380000114440918,7.380000114440918,7.179999828338623,7.199999809265137,9685
2025-06-04,7.360000133514404,7.5,7.300000190734863,7.440000057220459,24361
2025-06-05,7.460000038146973,7.5,7.400000095367432,7.480000019073486,9008
2025-06-06,7.480000019073486,7.679999828338623,7.420000076293945,7.639999866485596,27762
2025-06-09,7.659999847412109,7.71999979019165,7.539999961853027,7.619999885559082,6447
2025-06-10,7.699999809265137,7.760000228881836,7.619999885559082,7.760000228881836,115677
2025-06-11,7.78000020980835,7.880000114440918,7.760000228881836,7.860000133514404,9599
2025-06-12,7.860000133514404,7.860000133514404,7.639999866485596,7.659999847412109,1876
2025-06-13,7.639999866485596,7.659999847412109,7.599999904632568,7.619999885559082,11482
2025-06-16,7.619999885559082,7.659999847412109,7.619999885559082,7.659999847412109,5035
2025-06-17,7.619999885559082,7.78000020980835,7.619999885559082,7.619999885559082,2978
2025-06-18,7.619999885559082,7.800000190734863,7.619999885559082,7.800000190734863,4799
2025-06-20,7.760000228881836,7.900000095367432,7.659999847412109,7.699999809265137,5155
2025-06-23,7.679999828338623,7.699999809265137,7.659999847412109,7.659999847412109,5014
2025-06-24,7.659999847412109,7.78000020980835,7.659999847412109,7.78000020980835,6585
2025-06-25,7.739999771118164,7.860000133514404,7.659999847412109,7.800000190734863,1228
2025-06-26,7.800000190734863,7.840000152587891,7.699999809265137,7.840000152587891,6490
2025-06-27,7.71999979019165,7.840000152587891,7.699999809265137,7.71999979019165,4457
2025-06-30,7.820000171661377,7.820000171661377,7.639999866485596,7.760000228881836,5998
2025-07-01,7.760000228881836,7.840000152587891,7.659999847412109,7.820000171661377,18344
2025-07-02,7.840000152587891,7.880000114440918,7.699999809265137,7.860000133514404,16075
2025-07-03,7.860000133514404,7.860000133514404,7.21999979019165,7.659999847412109,260990
2025-07-04,7.300000190734863,7.440000057220459,7.059999942779541,7.300000190734863,12122
2025-07-07,7.300000190734863,7.360000133514404,7.159999847412109,7.239999771118164,2912
2025-07-08,7.300000190734863,7.320000171661377,7.239999771118164,7.300000190734863,3011
2025-07-09,7.340000152587891,7.460000038146973,7.260000228881836,7.260000228881836,15616
2025-07-10,7.28000020980835,7.460000038146973,7.28000020980835,7.400000095367432,1929
2025-07-11,7.320000171661377,7.480000019073486,7.320000171661377,7.340000152587891,952
2025-07-14,7.320000171661377,7.480000019073486,7.320000171661377,7.480000019073486,5195
2025-07-15,7.480000019073486,7.619999885559082,7.320000171661377,7.460000038146973,33379
2025-07-16,7.460000038146973,7.639999866485596,7.460000038146973,7.639999866485596,3849
2025-07-17,7.639999866485596,7.679999828338623,7.460000038146973,7.679999828338623,4380
2025-07-18,7.679999828338623,7.679999828338623,7.599999904632568,7.599999904632568,2968
2025-07-21,7.619999885559082,7.679999828338623,7.5,7.5,3332
2025-07-22,7.5,7.619999885559082,7.480000019073486,7.619999885559082,5194
2025-07-23,7.5,7.699999809265137,7.5,7.579999923706055,7501
2025-07-24,7.639999866485596,7.639999866485596,7.539999961853027,7.599999904632568,2183
2025-07-25,7.579999923706055,7.619999885559082,7.579999923706055,7.599999904632568,1478
2025-07-28,7.639999866485596,7.820000171661377,7.619999885559082,7.800000190734863,18431
2025-07-29,7.639999866485596,7.820000171661377,7.619999885559082,7.679999828338623,6891
2025-07-30,7.659999847412109,7.840000152587891,7.659999847412109,7.679999828338623,4864
2025-07-31,7.679999828338623,7.800000190734863,7.579999923706055,7.679999828338623,4313
2025-08-01,7.679999828338623,7.739999771118164,7.579999923706055,7.599999904632568,3947
2025-08-04,7.599999904632568,7.739999771118164,7.599999904632568,7.599999904632568,1605
2025-08-05,7.599999904632568,7.800000190734863,7.579999923706055,7.71999979019165,9180
2025-08-06,7.659999847412109,8.039999961853027,7.659999847412109,8.039999961853027,45616
2025-08-07,8.0600004196167,8.239999771118164,7.940000057220459,8.039999961853027,31734
2025-08-08,8.020000457763672,8.199999809265137,8.020000457763672,8.020000457763672,4553
2025-08-11,8.119999885559082,8.119999885559082,8.0600004196167,8.079999923706055,2647
2025-08-12,8.020000457763672,8.100000381469727,8.020000457763672,8.020000457763672,4240
2025-08-13,8.0,8.119999885559082,7.980000019073486,8.119999885559082,4642
2025-08-14,8.15999984741211,8.180000305175781,7.980000019073486,8.100000381469727,4478
2025-08-18,8.15999984741211,8.199999809265137,7.980000019073486,8.039999961853027,7138
2025-08-19,8.039999961853027,8.100000381469727,8.039999961853027,8.039999961853027,3127
2025-08-20,8.039999961853027,8.199999809265137,8.039999961853027,8.199999809265137,10010
2025-08-21,8.199999809265137,8.199999809265137,8.079999923706055,8.199999809265137,23554
2025-08-22,8.079999923706055,8.199999809265137,8.079999923706055,8.100000381469727,11897
2025-08-25,8.119999885559082,8.34000015258789,8.119999885559082,8.34000015258789,19100
2025-08-26,8.359999656677246,8.399999618530273,8.260000228881836,8.380000114440918,9750
2025-08-27,8.319999694824219,8.380000114440918,8.220000267028809,8.279999732971191,7438
2025-08-28,8.279999732971191,8.279999732971191,8.140000343322754,8.260000228881836,9093
2025-08-29,8.140000343322754,8.239999771118164,8.140000343322754,8.140000343322754,11393
2025-09-01,8.140000343322754,8.300000190734863,8.100000381469727,8.140000343322754,6328
2025-09-02,8.180000305175781,8.319999694824219,8.180000305175781,8.300000190734863,5938
2025-09-03,8.140000343322754,8.300000190734863,8.140000343322754,8.180000305175781,4463
2025-09-04,8.180000305175781,8.300000190734863,8.15999984741211,8.300000190734863,2697
2025-09-05,8.15999984741211,8.300000190734863,8.119999885559082,8.180000305175781,276348
2025-09-08,8.180000305175781,8.399999618530273,8.180000305175781,8.399999618530273,581830
2025-09-09,8.5,8.5,8.260000228881836,8.319999694824219,5966
2025-09-10,8.420000076293945,8.579999923706055,8.279999732971191,8.399999618530273,735962
2025-09-11,8.399999618530273,8.479999542236328,8.260000228881836,8.479999542236328,256022
2025-09-12,8.300000190734863,8.539999961853027,8.300000190734863,8.359999656677246,18266
2025-09-15,8.359999656677246,8.399999618530273,8.319999694824219,8.319999694824219,19238
2025-09-16,8.34000015258789,8.479999542236328,8.319999694824219,8.4399995803833,5878
2025-09-17,8.4399995803833,8.619999885559082,8.4399995803833,8.600000381469727,22673
2025-09-18,8.619999885559082,8.739999771118164,8.600000381469727,8.680000305175781,19036
2025-09-19,8.520000457763672,8.760000228881836,8.520000457763672,8.699999809265137,7830
2025-09-22,8.720000267028809,8.760000228881836,8.579999923706055,8.760000228881836,16783
2025-09-23,8.640000343322754,8.899999618530273,8.640000343322754,8.880000114440918,20452
2025-09-24,8.819999694824219,8.819999694824219,8.680000305175781,8.699999809265137,11997
2025-09-25,8.640000343322754,8.760000228881836,8.640000343322754,8.640000343322754,5585
2025-09-26,8.640000343322754,8.800000190734863,8.640000343322754,8.779999732971191,10748
2025-09-29,8.779999732971191,8.800000190734863,8.640000343322754,8.800000190734863,29576
2025-09-30,8.800000190734863,8.819999694824219,8.720000267028809,8.720000267028809,16404
2025-10-01,8.720000267028809,8.779999732971191,8.699999809265137,8.779999732971191,6734
2025-10-02,8.699999809265137,8.960000038146973,8.699999809265137,8.960000038146973,20293
2025-10-03,8.960000038146973,8.960000038146973,8.760000228881836,8.800000190734863,6855
2025-10-06,8.760000228881836,8.899999618530273,8.739999771118164,8.899999618530273,2112
2025-10-07,8.899999618530273,8.899999618530273,8.760000228881836,8.859999656677246,7530
2025-10-08,8.859999656677246,8.859999656677246,8.680000305175781,8.720000267028809,4523
2025-10-09,8.720000267028809,8.880000114440918,8.680000305175781,8.880000114440918,3301
2025-10-10,8.859999656677246,8.859999656677246,8.739999771118164,8.819999694824219,424
2025-10-13,8.819999694824219,8.859999656677246,8.800000190734863,8.800000190734863,3283
2025-10-14,8.800000190734863,8.899999618530273,8.300000190734863,8.300000190734863,20417
2025-10-15,8.300000190734863,8.5,8.15999984741211,8.5,2009
2025-10-16,8.539999961853027,8.539999961853027,8.359999656677246,8.460000038146973,1382
2025-10-17,8.460000038146973,8.460000038146973,8.300000190734863,8.420000076293945,1683
2025-10-20,8.300000190734863,8.5,8.300000190734863,8.5,9830
2025-10-21,8.399999618530273,8.479999542236328,8.319999694824219,8.380000114440918,2074
2025-10-22,8.380000114440918,8.420000076293945,8.239999771118164,8.239999771118164,6242
2025-10-23,8.319999694824219,8.319999694824219,8.279999732971191,8.279999732971191,1599
2025-10-24,8.239999771118164,8.300000190734863,8.180000305175781,8.239999771118164,3349
2025-10-27,8.15999984741211,8.220000267028809,7.840000152587891,7.900000095367432,29327
2025-10-28,8.0,8.0,7.900000095367432,7.980000019073486,4800
2025-10-29,7.980000019073486,7.980000019073486,7.699999809265137,7.860000133514404,11808
2025-10-30,7.699999809265137,7.940000057220459,7.699999809265137,7.739999771118164,8892
2025-10-31,7.739999771118164,7.940000057220459,7.739999771118164,7.820000171661377,4702
2025-11-03,7.820000171661377,8.420000076293945,7.820000171661377,8.0600004196167,4870
2025-11-04,8.0600004196167,8.0600004196167,7.820000171661377,7.920000076293945,2935
2025-11-05,7.78000020980835,7.980000019073486,7.699999809265137,7.78000020980835,4332
2025-11-06,7.78000020980835,7.980000019073486,7.78000020980835,7.920000076293945,3500
2025-11-07,7.960000038146973,7.960000038146973,7.78000020980835,7.78000020980835,4535
2025-11-10,7.840000152587891,7.900000095367432,7.760000228881836,7.880000114440918,4454
2025-11-12,7.900000095367432,8.140000343322754,7.820000171661377,8.0,3876
2025-11-13,8.119999885559082,8.220000267028809,7.920000076293945,8.119999885559082,13021
2025-11-14,8.199999809265137,8.199999809265137,8.119999885559082,8.140000343322754,1990
2025-11-17,8.140000343322754,8.220000267028809,8.119999885559082,8.15999984741211,5582
2025-11-18,8.180000305175781,8.220000267028809,8.100000381469727,8.100000381469727,5008
2025-11-19,8.100000381469727,8.100000381469727,8.020000457763672,8.0600004196167,3602
2025-11-20,8.020000457763672,8.15999984741211,8.020000457763672,8.15999984741211,1360
2025-11-21,8.020000457763672,8.199999809265137,8.020000457763672,8.15999984741211,11669
2025-11-24,8.039999961853027,8.180000305175781,8.039999961853027,8.180000305175781,4823
2025-11-25,8.119999885559082,8.380000114440918,8.039999961853027,8.34000015258789,19165
2025-11-26,8.199999809265137,8.380000114440918,8.199999809265137,8.300000190734863,4091
2025-11-27,8.300000190734863,8.300000190734863,8.15999984741211,8.300000190734863,7682
2025-11-28,8.359999656677246,8.539999961853027,8.359999656677246,8.520000457763672,62939
2025-12-01,8.539999961853027,8.600000381469727,8.420000076293945,8.600000381469727,2105
2025-12-02,8.619999885559082,8.619999885559082,8.479999542236328,8.600000381469727,5441
2025-12-03,8.600000381469727,8.640000343322754,8.5,8.640000343322754,12575
2025-12-04,8.600000381469727,8.619999885559082,8.5600004196167,8.5600004196167,4097
2025-12-05,8.640000343322754,8.640000343322754,8.5600004196167,8.579999923706055,2903
2025-12-08,8.5600004196167,8.600000381469727,8.5600004196167,8.600000381469727,11535
2025-12-09,8.600000381469727,8.600000381469727,8.579999923706055,8.579999923706055,5667
2025-12-10,8.579999923706055,8.619999885559082,8.579999923706055,8.579999923706055,4430
2025-12-11,8.600000381469727,8.619999885559082,8.479999542236328,8.5600004196167,7471
2025-12-12,8.520000457763672,8.5600004196167,8.479999542236328,8.479999542236328,3730
2025-12-15,8.460000038146973,8.5600004196167,8.180000305175781,8.479999542236328,21320
2025-12-16,8.5,8.600000381469727,8.420000076293945,8.460000038146973,124956
2025-12-17,8.5600004196167,8.5600004196167,8.479999542236328,8.5,1829
2025-12-18,8.5,8.619999885559082,8.5,8.600000381469727,4439
2025-12-19,8.600000381469727,8.600000381469727,8.4399995803833,8.600000381469727,2195
2025-12-22,8.4399995803833,8.600000381469727,8.4399995803833,8.460000038146973,5718
2025-12-23,8.460000038146973,8.5600004196167,8.279999732971191,8.279999732971191,7452
2025-12-29,8.359999656677246,8.600000381469727,8.300000190734863,8.5,20387
2025-12-30,8.5,8.739999771118164,8.4399995803833,8.680000305175781,4854
2026-01-02,8.680000305175781,8.680000305175781,8.5,8.65999984741211,4792
2026-01-05,8.819999694824219,9.140000343322754,8.800000190734863,9.140000343322754,42727
2026-01-07,9.140000343322754,9.260000228881836,9.079999923706055,9.239999771118164,15094
2026-01-08,9.260000228881836,9.260000228881836,9.15999984741211,9.180000305175781,4943
2026-01-09,9.15999984741211,9.239999771118164,8.739999771118164,9.239999771118164,15000
2026-01-12,9.239999771118164,9.300000190734863,9.199999809265137,9.300000190734863,6806
2026-01-13,9.199999809265137,9.380000114440918,9.199999809265137,9.34000015258789,10133
2026-01-14,9.380000114440918,9.5,9.15999984741211,9.199999809265137,10925
2026-01-15,9.380000114440918,9.380000114440918,9.100000381469727,9.359999656677246,2882
2026-01-16,9.359999656677246,9.399999618530273,9.180000305175781,9.380000114440918,6264
2026-01-19,9.319999694824219,9.380000114440918,9.119999885559082,9.239999771118164,4314
2026-01-20,9.140000343322754,9.260000228881836,9.039999961853027,9.100000381469727,6387
2026-01-21,9.079999923706055,9.180000305175781,9.0,9.020000457763672,8816
2026-01-22,9.020000457763672,9.239999771118164,9.020000457763672,9.239999771118164,3204
2026-01-23,9.239999771118164,9.260000228881836,9.180000305175781,9.239999771118164,3037
2026-01-26,9.380000114440918,9.5,9.300000190734863,9.359999656677246,11091
2026-01-27,9.380000114440918,9.380000114440918,9.199999809265137,9.359999656677246,1984
2026-01-28,9.380000114440918,9.380000114440918,9.199999809265137,9.300000190734863,3375
2026-01-29,9.300000190734863,9.319999694824219,9.220000267028809,9.300000190734863,2533
2026-01-30,9.300000190734863,9.300000190734863,9.199999809265137,9.199999809265137,2831
2026-02-02,9.180000305175781,9.180000305175781,8.920000076293945,9.0600004196167,7217
2026-02-03,9.0600004196167,9.220000267028809,8.9399995803833,9.220000267028809,5783
2026-02-04,9.220000267028809,9.319999694824219,9.220000267028809,9.300000190734863,4296
2026-02-05,9.15999984741211,9.300000190734863,9.0,9.0,10996
2026-02-06,9.0,9.079999923706055,8.960000038146973,8.960000038146973,6965
2026-02-09,9.0600004196167,9.15999984741211,8.960000038146973,9.15999984741211,15842
2026-02-10,9.15999984741211,9.220000267028809,9.0,9.180000305175781,2407
2026-02-11,9.220000267028809,9.220000267028809,9.020000457763672,9.100000381469727,2639
2026-02-12,9.199999809265137,9.260000228881836,9.100000381469727,9.199999809265137,1391
2026-02-13,9.180000305175781,9.180000305175781,8.800000190734863,9.140000343322754,5446
2026-02-16,9.140000343322754,9.15999984741211,9.079999923706055,9.15999984741211,1843
2026-02-17,9.079999923706055,9.15999984741211,9.0,9.15999984741211,1383
2026-02-18,9.119999885559082,9.140000343322754,9.079999923706055,9.079999923706055,4059
2026-02-19,9.15999984741211,9.15999984741211,8.800000190734863,9.039999961853027,4619
2026-02-20,9.0,9.039999961853027,8.800000190734863,8.800000190734863,4563
2026-02-23,8.779999732971191,8.960000038146973,8.640000343322754,8.899999618530273,7097
2026-02-24,8.899999618530273,8.899999618530273,8.720000267028809,8.859999656677246,3472
2026-02-25,8.760000228881836,8.859999656677246,8.720000267028809,8.859999656677246,4088
2026-02-26,8.800000190734863,8.880000114440918,8.619999885559082,8.640000343322754,2973
2026-02-27,8.819999694824219,8.9399995803833,8.640000343322754,8.899999618530273,3093
2026-03-02,8.819999694824219,8.899999618530273,8.699999809265137,8.739999771118164,13263
2026-03-03,8.739999771118164,8.739999771118164,8.239999771118164,8.420000076293945,13051
2026-03-04,8.420000076293945,8.84000015258789,8.239999771118164,8.600000381469727,3692
2026-03-05,8.600000381469727,8.600000381469727,8.300000190734863,8.579999923706055,1588
2026-03-06,8.399999618530273,8.619999885559082,8.239999771118164,8.239999771118164,3021
2026-03-09,8.5,8.579999923706055,8.239999771118164,8.4399995803833,3736
2026-03-10,8.4399995803833,8.600000381469727,8.220000267028809,8.34000015258789,2894
2026-03-11,8.520000457763672,8.5600004196167,8.420000076293945,8.5600004196167,815
2026-03-12,8.5600004196167,8.579999923706055,8.380000114440918,8.380000114440918,1670
2026-03-13,8.539999961853027,8.539999961853027,8.319999694824219,8.319999694824219,2315
2026-03-16,8.319999694824219,8.380000114440918,8.300000190734863,8.300000190734863,2329
2026-03-17,8.260000228881836,8.300000190734863,8.220000267028809,8.300000190734863,2899
2026-03-18,8.300000190734863,8.65999984741211,8.239999771118164,8.65999984741211,11853
2026-03-19,8.65999984741211,8.65999984741211,8.260000228881836,8.5,7383
2026-03-20,8.539999961853027,8.760000228881836,8.319999694824219,8.739999771118164,6711
2026-03-23,8.739999771118164,8.739999771118164,8.300000190734863,8.600000381469727,23865
2026-03-24,8.479999542236328,8.579999923706055,8.319999694824219,8.319999694824219,8446
2026-03-25,8.4399995803833,8.680000305175781,8.4399995803833,8.520000457763672,4311
2026-03-26,8.5600004196167,8.600000381469727,8.460000038146973,8.600000381469727,1391
2026-03-27,8.600000381469727,8.600000381469727,8.359999656677246,8.399999618530273,3841
2026-03-30,8.520000457763672,8.539999961853027,8.5,8.5,3960
2026-03-31,8.399999618530273,8.5600004196167,8.359999656677246,8.539999961853027,5766
2026-04-01,8.460000038146973,8.539999961853027,8.460000038146973,8.460000038146973,447
2026-04-02,8.5,8.5,8.479999542236328,8.479999542236328,143
2026-04-07,8.479999542236328,8.5,8.300000190734863,8.479999542236328,2979
2026-04-08,8.479999542236328,8.640000343322754,8.460000038146973,8.5,3077
2026-04-09,8.5,8.5,8.5,8.5,1064
2026-04-10,8.5,8.800000190734863,8.5,8.739999771118164,3628
2026-04-13,8.539999961853027,9.699999809265137,8.539999961853027,9.600000381469727,43670
2026-04-14,9.600000381469727,9.760000228881836,9.520000457763672,9.65999984741211,34250
2026-04-15,9.4399995803833,9.800000190734863,9.4399995803833,9.800000190734863,24242
2026-04-16,9.800000190734863,10.0,9.800000190734863,9.979999542236328,10475
2026-04-17,9.960000038146973,10.850000381469727,9.9399995803833,10.850000381469727,54521
2026-04-20,10.899999618530273,10.899999618530273,10.199999809265137,10.899999618530273,29534
2026-04-21,10.699999809265137,10.899999618530273,10.649999618530273,10.75,6439
2026-04-22,10.699999809265137,10.699999809265137,10.449999809265137,10.449999809265137,9856
2026-04-23,10.449999809265137,10.5,10.350000381469727,10.399999618530273,5686
2026-04-24,10.350000381469727,10.5,10.350000381469727,10.5,4210
2026-04-27,10.5,10.5,10.399999618530273,10.5,15359
2026-04-28,10.5,10.699999809265137,10.449999809265137,10.449999809265137,8325
2026-04-29,10.600000381469727,10.800000190734863,10.5,10.600000381469727,18429
2026-04-30,10.699999809265137,10.800000190734863,10.600000381469727,10.649999618530273,7891
2026-05-04,10.75,11.100000381469727,10.550000190734863,11.0,31557
2026-05-05,11.050000190734863,11.149999618530273,10.899999618530273,11.100000381469727,41085
2026-05-06,11.199999809265137,11.25,10.899999618530273,11.149999618530273,61817
2026-05-07,11.199999809265137,11.399999618530273,11.149999618530273,11.399999618530273,46871
2026-05-08,11.399999618530273,11.449999809265137,11.300000190734863,11.350000381469727,40640
2026-05-11,11.5,11.5,11.199999809265137,11.199999809265137,91290
2026-05-12,11.449999809265137,11.449999809265137,10.800000190734863,11.149999618530273,75249
2026-05-13,11.149999618530273,11.149999618530273,10.850000381469727,11.0,59599
2026-05-14,11.100000381469727,11.149999618530273,10.75,11.0,156342
2026-05-15,9.260000228881836,9.899999618530273,9.260000228881836,9.800000190734863,49571
2026-05-18,9.800000190734863,9.84000015258789,9.420000076293945,9.460000038146973,14278
2026-05-19,9.420000076293945,9.520000457763672,9.279999732971191,9.399999618530273,20612
2026-05-20,9.34000015258789,9.399999618530273,8.859999656677246,9.380000114440918,32694
2026-05-21,9.380000114440918,9.380000114440918,9.020000457763672,9.300000190734863,15697
2026-05-22,9.300000190734863,9.300000190734863,8.84000015258789,9.020000457763672,15653
2026-05-25,9.020000457763672,9.199999809265137,8.960000038146973,9.100000381469727,10950
2026-05-26,9.119999885559082,9.119999885559082,8.720000267028809,8.800000190734863,22684
2026-05-27,8.800000190734863,9.0,8.619999885559082,8.84000015258789,15770
2026-05-28,8.800000190734863,8.800000190734863,8.65999984741211,8.779999732971191,7957
2026-05-29,8.640000343322754,8.899999618530273,8.640000343322754,8.84000015258789,5546
2026-06-01,8.819999694824219,8.84000015258789,8.520000457763672,8.5600004196167,7689
2026-06-02,8.520000457763672,8.800000190734863,8.520000457763672,8.779999732971191,4571
2026-06-03,8.779999732971191,8.800000190734863,8.600000381469727,8.739999771118164,5455
2026-06-05,8.739999771118164,8.779999732971191,8.579999923706055,8.699999809265137,6124
2026-06-08,8.600000381469727,8.619999885559082,8.420000076293945,8.5,11220
2026-06-09,8.680000305175781,8.680000305175781,8.0600004196167,8.5,25657
2026-06-10,8.5,8.5,8.239999771118164,8.399999618530273,2494
2026-06-11,8.380000114440918,8.399999618530273,8.260000228881836,8.399999618530273,3954
2026-06-12,8.640000343322754,8.680000305175781,8.420000076293945,8.619999885559082,5521
2026-06-15,8.619999885559082,8.680000305175781,8.420000076293945,8.520000457763672,8546
2026-06-16,8.539999961853027,8.640000343322754,8.199999809265137,8.359999656677246,8724
2026-06-17,8.399999618530273,8.520000457763672,8.359999656677246,8.5,3262
2026-06-18,8.5,8.579999923706055,8.399999618530273,8.5,4425
2026-06-19,8.5600004196167,8.5600004196167,8.399999618530273,8.399999618530273,6418
2026-06-22,8.380000114440918,8.5600004196167,8.380000114440918,8.539999961853027,2540
2026-06-23,8.479999542236328,8.5,8.399999618530273,8.479999542236328,6064
2026-06-24,8.4399995803833,8.4399995803833,8.220000267028809,8.420000076293945,10089
2026-06-25,8.420000076293945,8.420000076293945,8.260000228881836,8.380000114440918,1935
2026-06-26,8.380000114440918,8.380000114440918,8.319999694824219,8.34000015258789,1956
2026-06-29,8.300000190734863,8.34000015258789,8.220000267028809,8.34000015258789,3229
2026-06-30,8.239999771118164,8.34000015258789,8.220000267028809,8.34000015258789,4933
2026-07-01,8.34000015258789,8.34000015258789,8.260000228881836,8.34000015258789,8059
2026-07-02,8.399999618530273,8.399999618530273,8.239999771118164,8.300000190734863,1488
2026-07-03,8.279999732971191,8.479999542236328,8.279999732971191,8.479999542236328,18342
2026-07-06,8.420000076293945,8.479999542236328,8.279999732971191,8.460000038146973,7385
2026-07-07,8.460000038146973,8.600000381469727,8.399999618530273,8.600000381469727,4699
2026-07-08,8.479999542236328,8.699999809265137,8.34000015258789,8.579999923706055,9472
2026-07-09,8.5,8.5,8.319999694824219,8.479999542236328,2255
2026-07-10,8.5,8.5,8.34000015258789,8.5,5586
2026-07-13,8.399999618530273,8.5600004196167,8.380000114440918,8.5600004196167,3911
2026-07-14,8.5600004196167,8.779999732971191,8.539999961853027,8.65999984741211,9064
2026-07-15,8.699999809265137,8.739999771118164,8.5600004196167,8.619999885559082,2674
2026-07-16,8.699999809265137,8.699999809265137,8.5600004196167,8.640000343322754,1502
2026-07-17,8.640000343322754,8.640000343322754,8.479999542236328,8.539999961853027,4815
2026-07-20,8.460000038146973,8.600000381469727,8.460000038146973,8.539999961853027,3131
2026-07-21,8.579999923706055,8.619999885559082,8.460000038146973,8.539999961853027,4960
2026-07-22,8.600000381469727,8.619999885559082,8.460000038146973,8.5,2738
2026-07-23,8.5600004196167,8.600000381469727,8.5,8.600000381469727,3997
2026-07-24,8.600000381469727,8.720000267028809,8.5,8.680000305175781,2688
2026-07-27,8.680000305175781,8.699999809265137,8.619999885559082,8.619999885559082,2252
2026-07-28,8.680000305175781,8.699999809265137,8.520000457763672,8.5600004196167,4415
2026-07-29,8.539999961853027,8.5600004196167,8.300000190734863,8.4399995803833,19871
2026-07-30,8.34000015258789,8.4399995803833,8.220000267028809,8.380000114440918,10842
2026-07-31,8.319999694824219,8.420000076293945,8.300000190734863,8.34000015258789,10612
2026-08-03,8.220000267028809,8.4399995803833,8.119999885559082,8.319999694824219,14950
2026-08-04,8.34000015258789,8.420000076293945,8.260000228881836,8.420000076293945,6020
2026-08-05,8.420000076293945,8.5600004196167,8.319999694824219,8.5,4915
2026-08-06,8.460000038146973,8.539999961853027,8.359999656677246,8.5,1799
2026-08-07,8.5,8.5,8.359999656677246,8.479999542236328,2932
2026-08-10,8.479999542236328,8.479999542236328,8.34000015258789,8.359999656677246,4888
2026-08-11,8.359999656677246,8.359999656677246,8.260000228881836,8.319999694824219,10806
2026-08-12,8.300000190734863,8.420000076293945,8.260000228881836,8.380000114440918,11378
2026-08-13,8.380000114440918,8.4399995803833,8.319999694824219,8.399999618530273,4723
2026-08-14,8.399999618530273,8.4399995803833,8.34000015258789,8.34000015258789,1062
2026-08-17,8.34000015258789,8.420000076293945,8.300000190734863,8.359999656677246,10319
2026-08-18,8.380000114440918,8.399999618530273,8.300000190734863,8.399999618530273,1639
2026-08-19,8.399999618530273,8.399999618530273,8.319999694824219,8.34000015258789,727
2026-08-20,8.34000015258789,8.399999618530273,8.319999694824219,8.319999694824219,2009
2026-08-21,8.319999694824219,8.319999694824219,8.220000267028809,8.300000190734863,8806
2026-08-24,8.300000190734863,8.300000190734863,8.119999885559082,8.279999732971191,13607
2026-08-25,8.119999885559082,8.260000228881836,8.119999885559082,8.260000228881836,7424
2026-08-26,8.260000228881836,8.260000228881836,8.15999984741211,8.180000305175781,4696
2026-08-27,8.15999984741211,8.239999771118164,8.15999984741211,8.199999809265137,5386
2026-08-28,8.15999984741211,8.300000190734863,8.15999984741211,8.300000190734863,4432
2026-08-31,8.300000190734863,8.319999694824219,8.220000267028809,8.319999694824219,3186
2026-09-01,8.319999694824219,8.319999694824219,8.220000267028809,8.260000228881836,1378
2026-09-02,8.199999809265137,8.279999732971191,8.15999984741211,8.199999809265137,3879
2026-09-03,8.220000267028809,8.279999732971191,8.119999885559082,8.199999809265137,2360
2026-09-04,8.15999984741211,8.220000267028809,8.119999885559082,8.199999809265137,4292
2026-09-08,8.260000228881836,8.260000228881836,8.199999809265137,8.199999809265137,3297
2026-09-09,8.260000228881836,8.279999732971191,8.15999984741211,8.279999732971191,2373
2026-09-10,8.279999732971191,8.279999732971191,8.15999984741211,8.260000228881836,1498
2026-09-11,8.260000228881836,8.260000228881836,8.039999961853027,8.140000343322754,9262
2026-09-14,8.180000305175781,8.180000305175781,8.079999923706055,8.15999984741211,3029
2026-09-15,8.180000305175781,8.199999809265137,8.039999961853027,8.199999809265137,4879
2026-09-17,8.0,8.15999984741211,8.0,8.15999984741211,1350
