date,open,high,low,close,volume
2021-09-17,4.199999809265137,4.679999828338623,4.159999847412109,4.340000152587891,15833
2021-09-20,4.400000095367432,4.400000095367432,4.159999847412109,4.380000114440918,1965
2021-09-21,4.320000171661377,4.320000171661377,4.300000190734863,4.300000190734863,1510
2021-09-22,4.170000076293945,4.269999980926514,3.759999990463257,4.269999980926514,11011
2021-09-23,4.059999942779541,4.159999847412109,3.8399999141693115,3.8399999141693115,3801
2021-09-24,3.8399999141693115,3.990000009536743,3.8299999237060547,3.9000000953674316,2527
2021-09-27,4.059999942779541,4.090000152587891,3.9000000953674316,4.050000190734863,541
2021-09-28,4.0,4.0,3.990000009536743,3.990000009536743,3305
2021-09-29,3.990000009536743,4.050000190734863,3.990000009536743,4.0,645
2021-09-30,4.039999961853027,4.050000190734863,4.0,4.0,3305
2021-10-01,3.9000000953674316,4.599999904632568,3.9000000953674316,4.480000019073486,13997
2021-10-04,4.5,4.5,4.150000095367432,4.289999961853027,6923
2021-10-05,4.289999961853027,4.289999961853027,4.019999980926514,4.050000190734863,2586
2021-10-06,3.990000009536743,3.990000009536743,3.75,3.940000057220459,3551
2021-10-07,3.9200000762939453,4.150000095367432,3.740000009536743,3.950000047683716,12271
2021-10-08,3.950000047683716,4.25,3.930000066757202,4.0,28331
2021-10-11,4.090000152587891,4.150000095367432,3.809999942779541,3.990000009536743,4576
2021-10-12,3.7899999618530273,4.03000020980835,3.7899999618530273,3.890000104904175,46642
2021-10-13,3.799999952316284,3.9000000953674316,3.619999885559082,3.700000047683716,5055
2021-10-14,3.8399999141693115,3.869999885559082,3.700000047683716,3.799999952316284,1646
2021-10-15,3.200000047683716,3.5,3.109999895095825,3.1700000762939453,20684
2021-10-18,3.1600000858306885,3.799999952316284,3.1600000858306885,3.4000000953674316,18017
2021-10-19,3.680000066757202,4.059999942779541,3.430000066757202,4.050000190734863,33291
2021-10-20,4.090000152587891,4.150000095367432,3.799999952316284,4.0,21942
2021-10-21,3.990000009536743,3.990000009536743,3.640000104904175,3.819999933242798,4508
2021-10-22,3.700000047683716,3.799999952316284,3.450000047683716,3.680000066757202,8610
2021-10-25,3.5,3.7100000381469727,3.2200000286102295,3.4600000381469727,3327
2021-10-26,3.440000057220459,3.440000057220459,3.299999952316284,3.4000000953674316,1447
2021-10-27,3.4200000762939453,3.4200000762939453,3.200000047683716,3.200000047683716,4984
2021-10-28,3.390000104904175,3.4000000953674316,3.369999885559082,3.390000104904175,1310
2021-10-29,3.380000114440918,3.490000009536743,3.380000114440918,3.490000009536743,482
2021-11-02,3.450000047683716,3.450000047683716,3.109999895095825,3.109999895095825,27134
2021-11-03,3.0899999141693115,3.0899999141693115,2.7200000286102295,3.0,15750
2021-11-04,2.950000047683716,2.950000047683716,2.7300000190734863,2.940000057220459,10478
2021-11-05,2.9000000953674316,2.9000000953674316,2.740000009536743,2.799999952316284,2549
2021-11-08,2.75,2.890000104904175,2.75,2.799999952316284,750
2021-11-09,2.75,2.75,2.619999885559082,2.619999885559082,6712
2021-11-10,2.619999885559082,2.990000009536743,2.619999885559082,2.700000047683716,22827
2021-11-12,2.690000057220459,2.869999885559082,2.5,2.859999895095825,6846
2021-11-15,2.9000000953674316,2.9000000953674316,2.859999895095825,2.9000000953674316,435
2021-11-16,2.819999933242798,2.819999933242798,2.7300000190734863,2.819999933242798,1340
2021-11-17,2.700000047683716,2.700000047683716,2.700000047683716,2.700000047683716,782
2021-11-18,2.700000047683716,2.700000047683716,2.5999999046325684,2.5999999046325684,1867
2021-11-19,2.559999942779541,2.799999952316284,2.5399999618530273,2.799999952316284,2185
2021-11-22,2.809999942779541,2.809999942779541,2.799999952316284,2.799999952316284,700
2021-11-23,2.6600000858306885,2.799999952316284,2.6600000858306885,2.799999952316284,2483
2021-11-24,2.700000047683716,2.700000047683716,2.549999952316284,2.619999885559082,4093
2021-11-25,2.5999999046325684,2.5999999046325684,2.5999999046325684,2.5999999046325684,250
2021-11-26,2.5999999046325684,2.5999999046325684,2.5999999046325684,2.5999999046325684,923
2021-11-29,2.569999933242798,2.6700000762939453,2.569999933242798,2.6700000762939453,644
2021-11-30,2.549999952316284,2.5999999046325684,2.549999952316284,2.5999999046325684,240
2021-12-01,2.700000047683716,2.7899999618530273,2.509999990463257,2.509999990463257,2480
2021-12-02,2.5199999809265137,2.5899999141693115,2.5199999809265137,2.5899999141693115,41
2021-12-03,2.5899999141693115,2.5899999141693115,2.5,2.5,95
2021-12-06,2.5,2.5,2.490000009536743,2.5,2150
2021-12-07,2.549999952316284,2.549999952316284,2.549999952316284,2.549999952316284,200
2021-12-08,2.5199999809265137,2.5199999809265137,2.5199999809265137,2.5199999809265137,370
2021-12-09,2.490000009536743,2.5,2.299999952316284,2.299999952316284,7317
2021-12-10,2.299999952316284,2.299999952316284,1.899999976158142,2.0,27026
2021-12-13,2.0,2.200000047683716,1.9199999570846558,2.1700000762939453,7063
2021-12-14,2.2799999713897705,2.2799999713897705,2.0999999046325684,2.119999885559082,3795
2021-12-15,2.059999942779541,2.200000047683716,2.049999952316284,2.200000047683716,9218
2021-12-16,2.200000047683716,2.390000104904175,2.200000047683716,2.380000114440918,11202
2021-12-17,2.380000114440918,2.5999999046325684,2.380000114440918,2.5,9082
2021-12-20,2.4600000381469727,2.4600000381469727,2.4600000381469727,2.4600000381469727,1435
2021-12-21,2.450000047683716,2.450000047683716,2.25,2.25,9250
2021-12-22,2.200000047683716,2.359999895095825,2.200000047683716,2.25,1270
2021-12-23,2.259999990463257,2.7200000286102295,2.259999990463257,2.7100000381469727,10164
2021-12-27,2.5999999046325684,2.5999999046325684,2.3399999141693115,2.4700000286102295,13919
2021-12-28,2.4800000190734863,2.4800000190734863,2.3399999141693115,2.3399999141693115,5050
2021-12-29,2.4000000953674316,2.4200000762939453,2.3399999141693115,2.4200000762939453,3650
2021-12-30,2.3499999046325684,2.5299999713897705,2.3499999046325684,2.430000066757202,2542
2022-01-03,2.5,2.549999952316284,2.5,2.549999952316284,660
2022-01-04,2.5,2.5899999141693115,2.5,2.5899999141693115,3055
2022-01-05,2.5999999046325684,2.859999895095825,2.5999999046325684,2.859999895095825,7397
2022-01-07,2.859999895095825,3.4000000953674316,2.859999895095825,3.299999952316284,18025
2022-01-10,3.430000066757202,4.139999866485596,3.430000066757202,4.139999866485596,51529
2022-01-11,4.449999809265137,5.179999828338623,4.449999809265137,5.179999828338623,75149
2022-01-12,6.400000095367432,6.400000095367432,4.5,4.5,202367
2022-01-13,4.5,4.949999809265137,4.070000171661377,4.71999979019165,62282
2022-01-14,4.739999771118164,4.900000095367432,4.300000190734863,4.679999828338623,15155
2022-01-17,4.659999847412109,4.659999847412109,3.950000047683716,4.099999904632568,39344
2022-01-18,4.289999961853027,4.289999961853027,3.5999999046325684,3.5999999046325684,17616
2022-01-19,3.5999999046325684,3.8499999046325684,3.299999952316284,3.319999933242798,13766
2022-01-20,3.2799999713897705,3.930000066757202,3.0199999809265137,3.799999952316284,54123
2022-01-21,3.799999952316284,3.8399999141693115,3.690000057220459,3.700000047683716,5349
2022-01-24,3.359999895095825,3.5799999237060547,3.2300000190734863,3.299999952316284,11563
2022-01-25,3.440000057220459,3.440000057220459,3.1500000953674316,3.299999952316284,7762
2022-01-26,3.200000047683716,3.390000104904175,3.0999999046325684,3.369999885559082,2353
2022-01-27,3.200000047683716,3.3499999046325684,3.0999999046325684,3.2899999618530273,6854
2022-01-28,3.180000066757202,3.299999952316284,3.109999895095825,3.2200000286102295,9886
2022-01-31,3.2200000286102295,3.2200000286102295,3.0999999046325684,3.200000047683716,1839
2022-02-01,3.2100000381469727,3.3499999046325684,3.140000104904175,3.2799999713897705,4868
2022-02-02,3.2799999713897705,3.3299999237060547,3.1700000762939453,3.1700000762939453,1957
2022-02-03,3.240000009536743,3.309999942779541,3.109999895095825,3.2899999618530273,2082
2022-02-04,3.2899999618530273,3.700000047683716,3.2899999618530273,3.5799999237060547,13832
2022-02-07,3.619999885559082,3.8399999141693115,3.3399999141693115,3.640000104904175,13727
2022-02-08,3.4000000953674316,3.630000114440918,3.4000000953674316,3.619999885559082,1075
2022-02-09,3.5,3.5899999141693115,3.4000000953674316,3.5,1585
2022-02-10,3.5,3.5,3.200000047683716,3.369999885559082,3577
2022-02-11,3.3499999046325684,3.4000000953674316,3.3499999046325684,3.4000000953674316,668
2022-02-14,3.4000000953674316,3.4000000953674316,3.1700000762939453,3.299999952316284,1680
2022-02-15,3.1600000858306885,3.4200000762939453,3.0999999046325684,3.4200000762939453,1032
2022-02-16,3.4000000953674316,3.4800000190734863,3.4000000953674316,3.4600000381469727,408
2022-02-17,3.4800000190734863,3.7799999713897705,3.4000000953674316,3.4000000953674316,9322
2022-02-18,3.440000057220459,3.4800000190734863,3.0999999046325684,3.2799999713897705,1052
2022-02-21,3.299999952316284,3.5,3.180000066757202,3.359999895095825,5975
2022-02-22,3.049999952316284,3.3399999141693115,3.0399999618530273,3.200000047683716,5491
2022-02-23,3.2100000381469727,3.299999952316284,3.0999999046325684,3.200000047683716,3727
2022-02-24,2.9000000953674316,3.0999999046325684,2.609999895095825,2.9200000762939453,14283
2022-02-25,2.9200000762939453,3.140000104904175,2.9200000762939453,3.140000104904175,556
2022-02-28,3.140000104904175,3.140000104904175,2.9000000953674316,3.130000114440918,453
2022-03-01,2.9200000762939453,3.0,2.680000066757202,3.0,3788
2022-03-02,3.0,3.0,2.700000047683716,2.9000000953674316,7902
2022-03-03,2.859999895095825,2.9100000858306885,2.569999933242798,2.75,12933
2022-03-04,2.740000009536743,2.740000009536743,2.4000000953674316,2.7200000286102295,11723
2022-03-07,2.700000047683716,2.950000047683716,2.4800000190734863,2.950000047683716,5545
2022-03-08,2.9000000953674316,2.9000000953674316,2.9000000953674316,2.9000000953674316,5
2022-03-09,2.75,2.799999952316284,2.7100000381469727,2.799999952316284,1515
2022-03-10,2.799999952316284,2.809999942779541,2.640000104904175,2.809999942779541,2498
2022-03-11,2.819999933242798,2.880000114440918,2.619999885559082,2.759999990463257,4091
2022-03-14,2.759999990463257,2.9000000953674316,2.640000104904175,2.9000000953674316,5652
2022-03-15,2.940000057220459,3.0299999713897705,2.859999895095825,2.9800000190734863,1370
2022-03-16,2.859999895095825,3.0,2.859999895095825,3.0,1191
2022-03-17,2.990000009536743,3.1500000953674316,2.819999933242798,2.819999933242798,2701
2022-03-18,2.799999952316284,2.880000114440918,2.640000104904175,2.819999933242798,5723
2022-03-21,2.7799999713897705,3.880000114440918,2.7799999713897705,3.75,45803
2022-03-22,3.7200000286102295,3.7200000286102295,3.319999933242798,3.4000000953674316,13948
2022-03-23,3.4000000953674316,3.4000000953674316,3.140000104904175,3.3399999141693115,3694
2022-03-24,3.180000066757202,3.5199999809265137,3.0299999713897705,3.5,9515
2022-03-25,3.299999952316284,3.680000066757202,3.299999952316284,3.569999933242798,4645
2022-03-28,3.569999933242798,3.5999999046325684,3.299999952316284,3.4800000190734863,2570
2022-03-29,3.4600000381469727,3.4600000381469727,3.240000009536743,3.390000104904175,1605
2022-03-30,3.390000104904175,3.390000104904175,3.2300000190734863,3.359999895095825,707
2022-03-31,3.2100000381469727,3.299999952316284,3.1600000858306885,3.299999952316284,2041
2022-04-01,3.2799999713897705,3.2799999713897705,3.2799999713897705,3.2799999713897705,225
2022-04-04,3.2899999618530273,3.299999952316284,3.200000047683716,3.2899999618530273,1074
2022-04-05,3.2899999618530273,3.2899999618530273,3.0,3.0,9135
2022-04-06,3.059999942779541,3.059999942779541,3.0,3.0,4350
2022-04-07,3.119999885559082,3.119999885559082,3.0999999046325684,3.0999999046325684,36
2022-04-08,3.0999999046325684,3.0999999046325684,2.9100000858306885,3.0999999046325684,4466
2022-04-11,2.9700000286102295,3.0899999141693115,2.9700000286102295,3.0899999141693115,75
2022-04-12,3.0899999141693115,3.0899999141693115,3.0899999141693115,3.0899999141693115,2
2022-04-13,3.0,3.0799999237060547,3.0,3.0799999237060547,110
2022-04-14,3.0799999237060547,3.0799999237060547,3.049999952316284,3.049999952316284,433
2022-04-19,3.049999952316284,3.0799999237060547,2.809999942779541,3.0199999809265137,4974
2022-04-20,3.0199999809265137,3.0399999618530273,2.9100000858306885,3.0399999618530273,560
2022-04-21,3.009999990463257,3.0799999237060547,2.880000114440918,2.9000000953674316,840
2022-04-22,2.9000000953674316,3.0299999713897705,2.880000114440918,2.880000114440918,73
2022-04-25,3.0,3.0,3.0,3.0,517
2022-04-26,3.0,3.0,2.799999952316284,2.950000047683716,1760
2022-04-27,2.9000000953674316,2.990000009536743,2.9000000953674316,2.990000009536743,618
2022-04-28,2.990000009536743,2.990000009536743,2.869999885559082,2.940000057220459,390
2022-04-29,2.809999942779541,2.990000009536743,2.799999952316284,2.990000009536743,1385
2022-05-02,2.9000000953674316,2.9100000858306885,2.9000000953674316,2.9100000858306885,204
2022-05-04,3.0199999809265137,3.059999942779541,3.0199999809265137,3.049999952316284,213
2022-05-05,3.049999952316284,3.049999952316284,2.880000114440918,2.990000009536743,565
2022-05-06,2.990000009536743,2.990000009536743,2.7200000286102295,2.9800000190734863,2598
2022-05-09,2.8499999046325684,2.8499999046325684,2.8499999046325684,2.8499999046325684,2010
2022-05-10,2.819999933242798,2.9000000953674316,2.799999952316284,2.9000000953674316,658
2022-05-11,2.759999990463257,2.7799999713897705,2.640000104904175,2.7799999713897705,260
2022-05-12,2.6600000858306885,2.75,2.5799999237060547,2.700000047683716,1060
2022-05-13,2.700000047683716,2.700000047683716,2.700000047683716,2.700000047683716,221
2022-05-16,2.5299999713897705,2.75,2.5299999713897705,2.75,569
2022-05-17,2.75,2.75,2.75,2.75,0
2022-05-18,2.700000047683716,2.700000047683716,2.700000047683716,2.700000047683716,10
2022-05-19,2.700000047683716,2.700000047683716,2.6500000953674316,2.6500000953674316,210
2022-05-20,2.700000047683716,2.700000047683716,2.5799999237060547,2.680000066757202,2077
2022-05-23,2.680000066757202,2.680000066757202,2.680000066757202,2.680000066757202,0
2022-05-24,2.559999942779541,2.630000114440918,2.5299999713897705,2.630000114440918,1022
2022-05-25,2.509999990463257,2.619999885559082,2.5,2.619999885559082,1513
2022-05-26,2.509999990463257,2.5399999618530273,2.3399999141693115,2.5399999618530273,2578
2022-05-27,2.549999952316284,2.5999999046325684,2.450000047683716,2.5999999046325684,1162
2022-05-30,2.5,2.609999895095825,2.5,2.609999895095825,210
2022-05-31,2.609999895095825,2.609999895095825,2.609999895095825,2.609999895095825,0
2022-06-01,2.619999885559082,2.759999990463257,2.619999885559082,2.759999990463257,1001
2022-06-02,2.759999990463257,2.759999990463257,2.759999990463257,2.759999990463257,10
2022-06-03,2.759999990463257,2.759999990463257,2.759999990463257,2.759999990463257,590
2022-06-06,2.6500000953674316,2.7699999809265137,2.6500000953674316,2.7699999809265137,614
2022-06-07,2.7699999809265137,2.819999933242798,2.6600000858306885,2.819999933242798,601
2022-06-08,2.7100000381469727,3.259999990463257,2.7100000381469727,2.9200000762939453,17966
2022-06-09,3.140000104904175,3.569999933242798,2.7899999618530273,2.7899999618530273,61214
2022-06-10,2.7899999618530273,2.940000057220459,2.6600000858306885,2.7300000190734863,11256
2022-06-13,2.740000009536743,2.740000009536743,2.5999999046325684,2.700000047683716,4692
2022-06-14,2.609999895095825,2.6500000953674316,2.5399999618530273,2.6500000953674316,2993
2022-06-15,2.680000066757202,2.859999895095825,2.619999885559082,2.8399999141693115,1175
2022-06-17,2.799999952316284,2.799999952316284,2.5399999618530273,2.799999952316284,809
2022-06-20,2.7899999618530273,2.799999952316284,2.7899999618530273,2.799999952316284,15
2022-06-21,2.640000104904175,2.8399999141693115,2.5399999618530273,2.819999933242798,3243
2022-06-22,2.799999952316284,2.799999952316284,2.5999999046325684,2.759999990463257,241
2022-06-23,2.759999990463257,2.759999990463257,2.5799999237060547,2.7200000286102295,1849
2022-06-24,2.75,2.75,2.5999999046325684,2.7300000190734863,710
2022-06-27,2.5999999046325684,2.5999999046325684,2.5399999618530273,2.5399999618530273,1589
2022-06-28,2.700000047683716,2.700000047683716,2.5,2.700000047683716,3465
2022-06-29,2.690000057220459,2.690000057220459,2.690000057220459,2.690000057220459,10
2022-06-30,2.690000057220459,2.690000057220459,2.5,2.6600000858306885,522
2022-07-01,2.6700000762939453,2.700000047683716,2.6700000762939453,2.700000047683716,1127
2022-07-04,2.700000047683716,2.700000047683716,2.319999933242798,2.680000066757202,774
2022-07-05,2.4200000762939453,2.6500000953674316,2.380000114440918,2.6500000953674316,8763
2022-07-06,2.5999999046325684,2.6500000953674316,2.4200000762939453,2.5999999046325684,2740
2022-07-07,2.5999999046325684,2.5999999046325684,2.4200000762939453,2.4200000762939453,1515
2022-07-08,2.5799999237060547,2.5799999237060547,2.450000047683716,2.450000047683716,1100
2022-07-11,2.4000000953674316,2.5299999713897705,2.380000114440918,2.5199999809265137,705
2022-07-12,2.5199999809265137,2.5899999141693115,2.319999933242798,2.559999942779541,2029
2022-07-13,2.5399999618530273,2.5399999618530273,2.3399999141693115,2.4100000858306885,1011
2022-07-14,2.380000114440918,2.509999990463257,2.1700000762939453,2.2300000190734863,2510
2022-07-15,2.3299999237060547,2.430000066757202,2.119999885559082,2.4200000762939453,848
2022-07-18,2.2300000190734863,2.4200000762939453,2.200000047683716,2.309999942779541,5390
2022-07-19,2.309999942779541,2.3499999046325684,1.875,2.309999942779541,29778
2022-07-20,2.299999952316284,2.3299999237060547,2.2100000381469727,2.240000009536743,3575
2022-07-21,2.299999952316284,2.309999942779541,2.299999952316284,2.309999942779541,310
2022-07-22,2.180000066757202,2.309999942779541,1.899999976158142,1.899999976158142,5837
2022-07-25,2.0899999141693115,2.430000066757202,2.0899999141693115,2.430000066757202,16488
2022-07-26,2.440000057220459,2.8399999141693115,2.440000057220459,2.8399999141693115,42159
2022-07-27,2.880000114440918,3.4800000190734863,2.880000114440918,3.0999999046325684,33271
2022-07-28,3.0799999237060547,3.180000066757202,2.950000047683716,3.180000066757202,8216
2022-07-29,3.200000047683716,3.200000047683716,3.1500000953674316,3.200000047683716,2576
2022-08-01,3.200000047683716,3.299999952316284,3.0999999046325684,3.0999999046325684,368
2022-08-02,3.0899999141693115,3.0899999141693115,2.9200000762939453,2.9200000762939453,210
2022-08-03,2.8299999237060547,3.0,2.799999952316284,2.799999952316284,1521
2022-08-04,2.7799999713897705,2.880000114440918,2.700000047683716,2.8399999141693115,4104
2022-08-05,2.8399999141693115,2.8399999141693115,2.8399999141693115,2.8399999141693115,10
2022-08-08,2.740000009536743,2.8399999141693115,2.5799999237060547,2.7200000286102295,10390
2022-08-09,2.7200000286102295,2.7200000286102295,2.559999942779541,2.569999933242798,1010
2022-08-10,2.559999942779541,2.5999999046325684,2.5,2.5999999046325684,3310
2022-08-11,2.549999952316284,2.619999885559082,2.4000000953674316,2.5999999046325684,5110
2022-08-12,2.5,2.630000114440918,2.4600000381469727,2.630000114440918,1769
2022-08-16,2.640000104904175,2.6600000858306885,2.5,2.509999990463257,4424
2022-08-17,2.509999990463257,2.509999990463257,2.440000057220459,2.4800000190734863,3655
2022-08-18,2.5399999618530273,2.5899999141693115,2.4100000858306885,2.5899999141693115,896
2022-08-19,2.5899999141693115,2.6600000858306885,2.559999942779541,2.640000104904175,2261
2022-08-22,2.640000104904175,2.640000104904175,2.450000047683716,2.5999999046325684,1752
2022-08-23,2.5899999141693115,2.5899999141693115,2.3499999046325684,2.3499999046325684,11424
2022-08-24,2.359999895095825,2.559999942779541,2.299999952316284,2.4200000762939453,22466
2022-08-25,2.430000066757202,2.4700000286102295,2.3499999046325684,2.4700000286102295,718
2022-08-26,2.4700000286102295,2.4700000286102295,2.4700000286102295,2.4700000286102295,0
2022-08-29,2.4600000381469727,2.4600000381469727,2.4600000381469727,2.4600000381469727,410
2022-08-30,2.4600000381469727,2.5,2.4600000381469727,2.5,2630
2022-08-31,2.5199999809265137,2.5199999809265137,2.5199999809265137,2.5199999809265137,180
2022-09-01,2.5299999713897705,2.569999933242798,2.5299999713897705,2.569999933242798,1253
2022-09-02,2.4000000953674316,2.619999885559082,2.309999942779541,2.619999885559082,2654
2022-09-05,2.4000000953674316,2.740000009536743,2.4000000953674316,2.740000009536743,1199
2022-09-06,2.5199999809265137,2.7300000190734863,2.5199999809265137,2.640000104904175,2177
2022-09-07,2.630000114440918,2.640000104904175,2.630000114440918,2.640000104904175,102
2022-09-08,2.6500000953674316,2.6500000953674316,2.6500000953674316,2.6500000953674316,103
2022-09-09,2.5199999809265137,2.640000104904175,2.509999990463257,2.640000104904175,2845
2022-09-12,2.5199999809265137,2.5999999046325684,2.4200000762939453,2.5,1272
2022-09-13,2.359999895095825,2.5399999618530273,2.359999895095825,2.5399999618530273,1077
2022-09-14,2.430000066757202,2.440000057220459,2.200000047683716,2.390000104904175,7565
2022-09-15,2.390000104904175,2.4000000953674316,2.299999952316284,2.390000104904175,3456
2022-09-16,2.4000000953674316,2.490000009536743,2.3499999046325684,2.4800000190734863,3015
2022-09-19,2.4800000190734863,2.4800000190734863,2.2699999809265137,2.4700000286102295,2042
2022-09-20,2.5,2.5799999237060547,2.450000047683716,2.5799999237060547,980
2022-09-21,2.4000000953674316,2.569999933242798,2.4000000953674316,2.569999933242798,1332
2022-09-22,2.559999942779541,2.5899999141693115,2.3299999237060547,2.5299999713897705,3638
2022-09-23,2.5,2.5,2.3499999046325684,2.490000009536743,1225
2022-09-26,2.4800000190734863,2.4800000190734863,2.359999895095825,2.359999895095825,3198
2022-09-27,2.359999895095825,2.5899999141693115,2.359999895095825,2.5899999141693115,3008
2022-09-28,2.5999999046325684,2.640000104904175,2.5999999046325684,2.640000104904175,2112
2022-09-29,2.6600000858306885,2.7200000286102295,2.569999933242798,2.7200000286102295,1585
2022-09-30,2.940000057220459,2.9600000381469727,2.299999952316284,2.5899999141693115,11455
2022-10-03,2.5199999809265137,2.740000009536743,2.509999990463257,2.6500000953674316,4509
2022-10-04,2.700000047683716,2.890000104904175,2.700000047683716,2.799999952316284,3141
2022-10-05,2.8499999046325684,2.8499999046325684,2.6600000858306885,2.8499999046325684,3527
2022-10-06,2.8399999141693115,2.8499999046325684,2.5799999237060547,2.799999952316284,569
2022-10-07,2.819999933242798,2.890000104904175,2.819999933242798,2.890000104904175,225
2022-10-10,2.9800000190734863,3.0199999809265137,2.799999952316284,2.799999952316284,13697
2022-10-11,2.799999952316284,2.799999952316284,2.700000047683716,2.75,1495
2022-10-12,2.75,2.7899999618530273,2.640000104904175,2.7899999618530273,2330
2022-10-13,2.700000047683716,2.7799999713897705,2.700000047683716,2.759999990463257,2500
2022-10-14,2.799999952316284,2.799999952316284,2.799999952316284,2.799999952316284,130
2022-10-17,2.799999952316284,2.799999952316284,2.640000104904175,2.7899999618530273,1181
2022-10-18,2.7899999618530273,2.7899999618530273,2.640000104904175,2.640000104904175,288
2022-10-19,2.759999990463257,2.759999990463257,2.5399999618530273,2.5399999618530273,1564
2022-10-20,2.6500000953674316,2.799999952316284,2.630000114440918,2.700000047683716,3111
2022-10-21,2.690000057220459,2.7799999713897705,2.430000066757202,2.559999942779541,4340
2022-10-24,2.440000057220459,2.799999952316284,2.4000000953674316,2.690000057220459,4906
2022-10-25,2.690000057220459,2.690000057220459,2.5999999046325684,2.5999999046325684,217
2022-10-26,2.569999933242798,2.680000066757202,2.569999933242798,2.6600000858306885,940
2022-10-27,2.5999999046325684,2.5999999046325684,2.5799999237060547,2.5799999237060547,30
2022-10-28,2.5799999237060547,2.5799999237060547,2.5,2.5,949
2022-10-31,2.5,2.5899999141693115,2.4000000953674316,2.5899999141693115,85
2022-11-02,2.559999942779541,2.559999942779541,2.309999942779541,2.3499999046325684,12451
2022-11-03,2.4600000381469727,2.4600000381469727,2.309999942779541,2.3299999237060547,5758
2022-11-04,2.3299999237060547,2.430000066757202,2.299999952316284,2.430000066757202,4918
2022-11-07,2.450000047683716,2.5,2.440000057220459,2.5,11403
2022-11-08,2.5,2.5899999141693115,2.5,2.5899999141693115,720
2022-11-09,2.5199999809265137,2.5899999141693115,2.5199999809265137,2.5899999141693115,1786
2022-11-10,2.5899999141693115,2.6700000762939453,2.5199999809265137,2.6600000858306885,3477
2022-11-14,2.6600000858306885,2.6600000858306885,2.440000057220459,2.549999952316284,4172
2022-11-15,2.549999952316284,2.549999952316284,2.549999952316284,2.549999952316284,250
2022-11-16,2.5,2.5,2.359999895095825,2.5,3216
2022-11-17,2.4200000762939453,2.5999999046325684,2.4200000762939453,2.5999999046325684,3576
2022-11-18,2.5999999046325684,2.6700000762939453,2.5999999046325684,2.6700000762939453,775
2022-11-21,2.700000047683716,2.700000047683716,2.5199999809265137,2.609999895095825,2560
2022-11-22,2.609999895095825,2.609999895095825,2.609999895095825,2.609999895095825,0
2022-11-23,2.619999885559082,2.690000057220459,2.619999885559082,2.690000057220459,1228
2022-11-24,2.7799999713897705,2.7799999713897705,2.740000009536743,2.7799999713897705,1415
2022-11-25,2.740000009536743,2.7799999713897705,2.5799999237060547,2.7799999713897705,6551
2022-11-28,2.7799999713897705,2.7899999618530273,2.700000047683716,2.7799999713897705,1410
2022-11-29,2.799999952316284,2.799999952316284,2.759999990463257,2.7899999618530273,1454
2022-11-30,2.7899999618530273,2.7899999618530273,2.7899999618530273,2.7899999618530273,35
2022-12-01,2.7899999618530273,2.7899999618530273,2.7899999618530273,2.7899999618530273,495
2022-12-02,2.7799999713897705,2.7799999713897705,2.7799999713897705,2.7799999713897705,20
2022-12-05,2.7799999713897705,2.7799999713897705,2.700000047683716,2.7799999713897705,931
2022-12-06,2.7799999713897705,2.7799999713897705,2.7799999713897705,2.7799999713897705,100
2022-12-07,2.7899999618530273,2.7899999618530273,2.7899999618530273,2.7899999618530273,20
2022-12-08,2.7899999618530273,2.7899999618530273,2.640000104904175,2.759999990463257,2837
2022-12-09,2.75,2.75,2.7300000190734863,2.7300000190734863,256
2022-12-12,2.75,2.75,2.640000104904175,2.640000104904175,148
2022-12-13,2.7300000190734863,2.740000009536743,2.7300000190734863,2.740000009536743,50
2022-12-14,2.740000009536743,2.75,2.740000009536743,2.75,76
2022-12-15,2.740000009536743,2.740000009536743,2.740000009536743,2.740000009536743,10
2022-12-16,2.740000009536743,2.740000009536743,2.700000047683716,2.700000047683716,31
2022-12-19,2.700000047683716,2.700000047683716,2.640000104904175,2.640000104904175,372
2022-12-20,2.640000104904175,2.640000104904175,2.640000104904175,2.640000104904175,0
2022-12-21,2.640000104904175,2.640000104904175,2.640000104904175,2.640000104904175,33
2022-12-22,2.640000104904175,2.640000104904175,2.640000104904175,2.640000104904175,0
2022-12-23,2.630000114440918,2.630000114440918,2.5799999237060547,2.5799999237060547,360
2022-12-27,2.5799999237060547,2.630000114440918,2.5399999618530273,2.5399999618530273,3980
2022-12-28,2.5999999046325684,2.6700000762939453,2.5999999046325684,2.5999999046325684,115
2022-12-29,2.5999999046325684,2.609999895095825,2.509999990463257,2.609999895095825,6070
2022-12-30,2.609999895095825,2.759999990463257,2.609999895095825,2.759999990463257,771
2023-01-02,2.759999990463257,2.9000000953674316,2.759999990463257,2.880000114440918,620
2023-01-03,2.880000114440918,2.9000000953674316,2.880000114440918,2.9000000953674316,2195
2023-01-04,2.890000104904175,3.1700000762939453,2.890000104904175,3.1500000953674316,24066
2023-01-05,3.2899999618530273,4.199999809265137,3.2899999618530273,4.199999809265137,160466
2023-01-09,4.199999809265137,4.380000114440918,3.6600000858306885,3.799999952316284,160008
2023-01-10,3.799999952316284,3.799999952316284,3.4600000381469727,3.75,41754
2023-01-11,3.7799999713897705,3.930000066757202,3.5899999141693115,3.8299999237060547,37013
2023-01-12,3.880000114440918,3.890000104904175,3.640000104904175,3.7699999809265137,23711
2023-01-13,3.7100000381469727,3.819999933242798,3.619999885559082,3.799999952316284,11709
2023-01-16,3.809999942779541,3.890000104904175,3.75,3.8499999046325684,20625
2023-01-17,3.8399999141693115,3.8499999046325684,3.680000066757202,3.759999990463257,16767
2023-01-18,3.809999942779541,3.880000114440918,3.7100000381469727,3.8499999046325684,3527
2023-01-19,3.680000066757202,3.7699999809265137,3.5199999809265137,3.549999952316284,26565
2023-01-20,3.6500000953674316,3.7100000381469727,3.5199999809265137,3.680000066757202,6689
2023-01-23,3.690000057220459,3.690000057220459,3.5399999618530273,3.5999999046325684,6362
2023-01-24,3.5399999618530273,3.5999999046325684,3.5199999809265137,3.5999999046325684,2406
2023-01-25,3.5899999141693115,4.239999771118164,3.5299999713897705,3.809999942779541,40234
2023-01-26,3.880000114440918,3.9200000762939453,3.6500000953674316,3.8499999046325684,23106
2023-01-27,3.8499999046325684,3.8499999046325684,3.680000066757202,3.8499999046325684,1434
2023-01-30,3.8499999046325684,3.8499999046325684,3.6600000858306885,3.740000009536743,6964
2023-01-31,3.740000009536743,3.740000009536743,3.450000047683716,3.700000047683716,9684
2023-02-01,3.5799999237060547,3.680000066757202,3.4600000381469727,3.5899999141693115,15308
2023-02-02,3.6500000953674316,3.6500000953674316,3.4000000953674316,3.5799999237060547,10415
2023-02-03,3.5799999237060547,3.75,3.4600000381469727,3.75,18517
2023-02-06,3.75,3.7799999713897705,3.5999999046325684,3.759999990463257,5254
2023-02-07,3.75,3.8499999046325684,3.630000114440918,3.8499999046325684,5228
2023-02-08,3.859999895095825,3.859999895095825,3.680000066757202,3.799999952316284,4587
2023-02-09,3.680000066757202,3.799999952316284,3.569999933242798,3.7300000190734863,9264
2023-02-10,3.7200000286102295,3.75,3.4800000190734863,3.619999885559082,9005
2023-02-13,3.5399999618530273,3.5399999618530273,3.3399999141693115,3.509999990463257,13820
2023-02-14,3.4100000858306885,3.5399999618530273,3.4100000858306885,3.5399999618530273,621
2023-02-15,3.450000047683716,3.549999952316284,3.2200000286102295,3.390000104904175,6088
2023-02-16,3.3399999141693115,3.390000104904175,3.3399999141693115,3.390000104904175,2702
2023-02-17,3.4600000381469727,3.5399999618530273,3.450000047683716,3.5399999618530273,4613
2023-02-20,3.5199999809265137,3.549999952316284,3.5199999809265137,3.549999952316284,1202
2023-02-21,3.5299999713897705,3.5399999618530273,3.4000000953674316,3.5199999809265137,1355
2023-02-22,3.5,3.5,3.380000114440918,3.4800000190734863,665
2023-02-23,3.4800000190734863,3.4800000190734863,3.4200000762939453,3.4200000762939453,95
2023-02-24,3.4100000858306885,3.4100000858306885,3.369999885559082,3.4000000953674316,271
2023-02-27,3.2200000286102295,3.440000057220459,3.2200000286102295,3.3499999046325684,5374
2023-02-28,3.430000066757202,3.430000066757202,3.130000114440918,3.25,9444
2023-03-01,3.130000114440918,3.25,3.130000114440918,3.2300000190734863,3662
2023-03-02,3.4000000953674316,3.430000066757202,3.2200000286102295,3.3299999237060547,3500
2023-03-03,3.3299999237060547,3.3299999237060547,3.3299999237060547,3.3299999237060547,110
2023-03-06,3.3299999237060547,3.3299999237060547,3.2200000286102295,3.2899999618530273,977
2023-03-07,3.2899999618530273,3.3499999046325684,3.2200000286102295,3.3499999046325684,1183
2023-03-08,3.369999885559082,3.390000104904175,3.259999990463257,3.390000104904175,326
2023-03-09,3.3499999046325684,3.3499999046325684,3.3499999046325684,3.3499999046325684,2
2023-03-10,3.3499999046325684,3.3499999046325684,3.1700000762939453,3.3299999237060547,4963
2023-03-13,3.309999942779541,3.309999942779541,3.180000066757202,3.2799999713897705,1314
2023-03-14,3.2799999713897705,3.2799999713897705,3.2799999713897705,3.2799999713897705,0
2023-03-15,3.200000047683716,3.240000009536743,3.140000104904175,3.2300000190734863,3681
2023-03-16,3.190000057220459,3.190000057220459,3.0,3.0999999046325684,7091
2023-03-17,3.0999999046325684,3.0999999046325684,2.8499999046325684,2.950000047683716,5026
2023-03-20,2.990000009536743,3.0299999713897705,2.859999895095825,3.0299999713897705,8482
2023-03-21,3.0299999713897705,3.0299999713897705,2.990000009536743,2.990000009536743,1900
2023-03-22,3.059999942779541,3.059999942779541,2.9800000190734863,2.9800000190734863,35
2023-03-23,3.049999952316284,3.049999952316284,2.9800000190734863,2.9800000190734863,1276
2023-03-24,2.9800000190734863,2.990000009536743,2.9200000762939453,2.9800000190734863,432
2023-03-27,2.930000066757202,3.0,2.9100000858306885,3.0,1447
2023-03-28,3.0,3.0,3.0,3.0,5
2023-03-29,2.9800000190734863,2.9800000190734863,2.9000000953674316,2.9800000190734863,380
2023-03-30,2.890000104904175,2.990000009536743,2.859999895095825,2.9700000286102295,1363
2023-03-31,2.8399999141693115,2.9700000286102295,2.8299999237060547,2.9700000286102295,3127
2023-04-03,2.9800000190734863,3.299999952316284,2.9800000190734863,3.130000114440918,6591
2023-04-04,3.0299999713897705,3.130000114440918,2.7799999713897705,3.0,15935
2023-04-05,3.0,3.0,3.0,3.0,10
2023-04-06,3.0,3.0,3.0,3.0,5
2023-04-11,2.940000057220459,2.9800000190734863,2.940000057220459,2.950000047683716,324
2023-04-12,2.950000047683716,2.950000047683716,2.950000047683716,2.950000047683716,0
2023-04-13,2.950000047683716,2.950000047683716,2.950000047683716,2.950000047683716,142
2023-04-14,2.950000047683716,2.950000047683716,2.950000047683716,2.950000047683716,1198
2023-04-17,2.9000000953674316,2.950000047683716,2.9000000953674316,2.950000047683716,1609
2023-04-18,2.9800000190734863,2.9800000190734863,2.9800000190734863,2.9800000190734863,60
2023-04-19,2.9800000190734863,3.0,2.9800000190734863,3.0,54
2023-04-20,3.0,3.0,3.0,3.0,661
2023-04-21,3.0,3.0,2.950000047683716,2.950000047683716,970
2023-04-24,3.0,3.0799999237060547,3.0,3.0799999237060547,111
2023-04-25,3.0799999237060547,3.0799999237060547,2.950000047683716,3.0,382
2023-04-26,3.009999990463257,3.009999990463257,2.9000000953674316,2.990000009536743,1526
2023-04-27,2.9700000286102295,2.9800000190734863,2.880000114440918,2.9800000190734863,582
2023-04-28,2.880000114440918,3.0,2.880000114440918,3.0,1450
2023-05-02,3.0,3.0,2.859999895095825,2.859999895095825,127
2023-05-04,2.859999895095825,2.9800000190734863,2.859999895095825,2.950000047683716,687
2023-05-05,2.9700000286102295,3.119999885559082,2.869999885559082,3.119999885559082,979
2023-05-08,3.119999885559082,3.180000066757202,3.0999999046325684,3.0999999046325684,539
2023-05-09,3.180000066757202,3.190000057220459,3.180000066757202,3.190000057220459,20
2023-05-10,3.2100000381469727,3.2100000381469727,3.0799999237060547,3.1600000858306885,1066
2023-05-11,3.200000047683716,3.200000047683716,3.0799999237060547,3.180000066757202,746
2023-05-12,3.1500000953674316,3.1500000953674316,3.1500000953674316,3.1500000953674316,5
2023-05-15,3.049999952316284,3.1500000953674316,3.0,3.1500000953674316,2471
2023-05-16,3.1500000953674316,3.1500000953674316,2.9800000190734863,3.0799999237060547,321
2023-05-17,3.0,3.0,2.9100000858306885,2.9800000190734863,1462
2023-05-18,3.069999933242798,3.069999933242798,2.7699999809265137,2.950000047683716,9059
2023-05-19,2.950000047683716,2.950000047683716,2.819999933242798,2.9000000953674316,320
2023-05-22,2.9000000953674316,2.9000000953674316,2.7899999618530273,2.880000114440918,1831
2023-05-23,2.869999885559082,3.0799999237060547,2.680000066757202,2.950000047683716,11655
2023-05-24,2.8399999141693115,2.940000057220459,2.799999952316284,2.859999895095825,2410
2023-05-25,2.799999952316284,2.890000104904175,2.7300000190734863,2.7699999809265137,4837
2023-05-26,2.7699999809265137,2.940000057220459,2.7699999809265137,2.930000066757202,3537
2023-05-29,2.930000066757202,2.930000066757202,2.8299999237060547,2.9000000953674316,1198
2023-05-30,2.9000000953674316,2.9000000953674316,2.7200000286102295,2.880000114440918,1889
2023-05-31,2.890000104904175,2.9000000953674316,2.819999933242798,2.880000114440918,562
2023-06-01,2.9000000953674316,2.9100000858306885,2.819999933242798,2.880000114440918,775
2023-06-02,2.8499999046325684,2.869999885559082,2.799999952316284,2.869999885559082,410
2023-06-05,2.9000000953674316,2.9000000953674316,2.7699999809265137,2.9000000953674316,2358
2023-06-06,2.9000000953674316,2.9000000953674316,2.9000000953674316,2.9000000953674316,979
2023-06-07,2.880000114440918,2.880000114440918,2.880000114440918,2.880000114440918,267
2023-06-09,2.8399999141693115,2.9000000953674316,2.8399999141693115,2.890000104904175,2168
2023-06-12,2.9000000953674316,2.9000000953674316,2.869999885559082,2.9000000953674316,2453
2023-06-13,2.9000000953674316,2.930000066757202,2.890000104904175,2.9200000762939453,2832
2023-06-14,2.9000000953674316,3.049999952316284,2.9000000953674316,3.049999952316284,5416
2023-06-15,3.049999952316284,3.1500000953674316,3.0299999713897705,3.1500000953674316,4630
2023-06-16,3.119999885559082,3.259999990463257,3.0999999046325684,3.190000057220459,17877
2023-06-19,3.259999990463257,3.7200000286102295,3.2300000190734863,3.690000057220459,34371
2023-06-20,3.75,4.099999904632568,3.5199999809265137,4.099999904632568,23353
2023-06-21,4.0,4.840000152587891,3.9100000858306885,4.480000019073486,192912
2023-06-22,4.539999961853027,4.78000020980835,3.690000057220459,3.690000057220459,81981
2023-06-23,3.7799999713897705,4.0,3.5999999046325684,3.9000000953674316,15165
2023-06-26,3.859999895095825,4.079999923706055,3.700000047683716,3.8399999141693115,8452
2023-06-27,3.799999952316284,3.799999952316284,3.490000009536743,3.690000057220459,12145
2023-06-28,3.630000114440918,3.7699999809265137,3.3299999237060547,3.640000104904175,22971
2023-06-29,3.3499999046325684,3.5999999046325684,3.3499999046325684,3.5,15377
2023-06-30,3.4000000953674316,3.5,3.3399999141693115,3.4000000953674316,12949
2023-07-03,3.450000047683716,3.4700000286102295,3.259999990463257,3.380000114440918,1806
2023-07-04,3.2699999809265137,3.380000114440918,3.2300000190734863,3.380000114440918,1984
2023-07-05,3.2300000190734863,3.380000114440918,3.2300000190734863,3.369999885559082,400
2023-07-06,3.4000000953674316,3.450000047683716,3.299999952316284,3.4100000858306885,802
2023-07-07,3.4100000858306885,3.5799999237060547,3.4100000858306885,3.5,4067
2023-07-10,3.5,3.5,3.3499999046325684,3.4700000286102295,4687
2023-07-11,3.490000009536743,3.5,3.2200000286102295,3.3499999046325684,9192
2023-07-12,3.299999952316284,3.4200000762939453,3.299999952316284,3.4100000858306885,460
2023-07-13,3.4000000953674316,3.4000000953674316,3.4000000953674316,3.4000000953674316,215
2023-07-14,3.3399999141693115,3.4000000953674316,3.3399999141693115,3.4000000953674316,2002
2023-07-17,3.4000000953674316,3.440000057220459,3.4000000953674316,3.440000057220459,2353
2023-07-18,3.440000057220459,3.440000057220459,3.3299999237060547,3.4000000953674316,408
2023-07-19,3.4000000953674316,3.4000000953674316,3.319999933242798,3.319999933242798,2615
2023-07-20,3.309999942779541,3.440000057220459,3.2300000190734863,3.440000057220459,3373
2023-07-21,3.4000000953674316,3.6500000953674316,3.4000000953674316,3.6500000953674316,7672
2023-07-24,3.6500000953674316,3.6500000953674316,3.4600000381469727,3.5999999046325684,1006
2023-07-25,3.5999999046325684,3.5999999046325684,3.4700000286102295,3.5999999046325684,35
2023-07-26,3.5999999046325684,3.5999999046325684,3.4700000286102295,3.569999933242798,1486
2023-07-27,3.5999999046325684,3.5999999046325684,3.5,3.5999999046325684,3777
2023-07-28,3.5,3.5899999141693115,3.4600000381469727,3.5,634
2023-07-31,3.569999933242798,3.6600000858306885,3.5399999618530273,3.619999885559082,1306
2023-08-01,3.619999885559082,3.619999885559082,3.619999885559082,3.619999885559082,449
2023-08-02,3.609999895095825,3.640000104904175,3.4600000381469727,3.5999999046325684,968
2023-08-03,3.4600000381469727,3.6500000953674316,3.4600000381469727,3.5999999046325684,2616
2023-08-04,3.6600000858306885,3.6600000858306885,3.490000009536743,3.490000009536743,1210
2023-08-07,3.5999999046325684,3.640000104904175,3.4200000762939453,3.630000114440918,2195
2023-08-08,3.4800000190734863,3.5999999046325684,3.4800000190734863,3.5999999046325684,1375
2023-08-09,3.4600000381469727,3.4600000381469727,3.4600000381469727,3.4600000381469727,549
2023-08-10,3.5,3.5899999141693115,3.5,3.5899999141693115,1130
2023-08-11,3.5899999141693115,3.8499999046325684,3.5899999141693115,3.7899999618530273,8058
2023-08-14,3.680000066757202,3.7799999713897705,3.509999990463257,3.759999990463257,2856
2023-08-16,3.5999999046325684,3.75,3.4000000953674316,3.4800000190734863,4343
2023-08-17,3.450000047683716,3.5999999046325684,3.450000047683716,3.5999999046325684,3350
2023-08-18,3.5899999141693115,3.6500000953674316,3.440000057220459,3.5999999046325684,6004
2023-08-21,3.5399999618530273,3.5399999618530273,3.299999952316284,3.390000104904175,8241
2023-08-22,3.390000104904175,3.549999952316284,3.390000104904175,3.5,2522
2023-08-23,3.509999990463257,3.549999952316284,3.259999990463257,3.4200000762939453,1291
2023-08-24,3.4000000953674316,3.430000066757202,3.4000000953674316,3.430000066757202,1557
2023-08-25,3.4000000953674316,3.5399999618530273,3.4000000953674316,3.450000047683716,1450
2023-08-28,3.440000057220459,3.440000057220459,3.440000057220459,3.440000057220459,1095
2023-08-29,3.440000057220459,3.440000057220459,3.440000057220459,3.440000057220459,0
2023-08-30,3.440000057220459,3.440000057220459,3.3399999141693115,3.4000000953674316,140
2023-08-31,3.4000000953674316,3.4000000953674316,3.299999952316284,3.4000000953674316,160
2023-09-01,3.4000000953674316,3.6500000953674316,3.4000000953674316,3.5999999046325684,6270
2023-09-04,3.5,3.5999999046325684,3.4600000381469727,3.4600000381469727,850
2023-09-05,3.5399999618530273,3.609999895095825,3.450000047683716,3.609999895095825,2335
2023-09-06,3.5999999046325684,3.6500000953674316,3.5999999046325684,3.6500000953674316,1879
2023-09-07,3.5,3.5899999141693115,3.440000057220459,3.5299999713897705,1069
2023-09-08,3.450000047683716,3.450000047683716,3.3399999141693115,3.440000057220459,2074
2023-09-11,3.440000057220459,3.509999990463257,3.259999990463257,3.4800000190734863,14153
2023-09-12,3.4800000190734863,3.5999999046325684,3.4800000190734863,3.490000009536743,6188
2023-09-13,3.5899999141693115,3.5999999046325684,3.4800000190734863,3.5899999141693115,11308
2023-09-14,3.5899999141693115,3.5899999141693115,3.5199999809265137,3.5199999809265137,1248
2023-09-15,3.5199999809265137,3.5299999713897705,3.5199999809265137,3.5199999809265137,263
2023-09-18,3.5199999809265137,3.5199999809265137,3.490000009536743,3.490000009536743,1281
2023-09-19,3.490000009536743,3.490000009536743,3.490000009536743,3.490000009536743,0
2023-09-20,3.490000009536743,3.549999952316284,3.4800000190734863,3.549999952316284,3770
2023-09-21,3.549999952316284,3.549999952316284,3.549999952316284,3.549999952316284,0
2023-09-22,3.549999952316284,3.549999952316284,3.549999952316284,3.549999952316284,0
2023-09-25,3.490000009536743,3.490000009536743,3.490000009536743,3.490000009536743,350
2023-09-26,3.490000009536743,3.490000009536743,3.490000009536743,3.490000009536743,54
2023-09-27,3.490000009536743,3.490000009536743,3.4000000953674316,3.4000000953674316,1615
2023-09-28,3.319999933242798,3.319999933242798,3.0399999618530273,3.1500000953674316,6737
2023-09-29,3.0999999046325684,3.4000000953674316,3.0999999046325684,3.4000000953674316,3155
2023-10-02,3.4000000953674316,3.4700000286102295,3.299999952316284,3.299999952316284,2250
2023-10-03,3.4200000762939453,3.430000066757202,3.3299999237060547,3.390000104904175,749
2023-10-04,3.299999952316284,3.299999952316284,3.0999999046325684,3.180000066757202,3834
2023-10-05,3.299999952316284,3.299999952316284,3.1500000953674316,3.1500000953674316,3095
2023-10-06,3.130000114440918,3.2100000381469727,3.0,3.2100000381469727,2440
2023-10-09,3.299999952316284,3.299999952316284,3.059999942779541,3.2799999713897705,2777
2023-10-10,3.2799999713897705,3.2799999713897705,3.2799999713897705,3.2799999713897705,67
2023-10-11,3.200000047683716,3.200000047683716,3.180000066757202,3.180000066757202,630
2023-10-12,3.1600000858306885,3.1600000858306885,3.0399999618530273,3.0399999618530273,1190
2023-10-13,3.0299999713897705,3.0299999713897705,2.799999952316284,2.990000009536743,4829
2023-10-16,2.990000009536743,3.0799999237060547,2.940000057220459,2.940000057220459,586
2023-10-17,2.940000057220459,3.0199999809265137,2.9000000953674316,2.940000057220459,2434
2023-10-18,2.940000057220459,2.950000047683716,2.9000000953674316,2.9000000953674316,2920
2023-10-19,2.880000114440918,2.9000000953674316,2.799999952316284,2.799999952316284,7905
2023-10-20,2.8399999141693115,2.9600000381469727,2.8399999141693115,2.9600000381469727,1153
2023-10-23,2.940000057220459,2.940000057220459,2.6600000858306885,2.880000114440918,3393
2023-10-24,2.7300000190734863,2.799999952316284,2.7300000190734863,2.759999990463257,1718
2023-10-25,2.759999990463257,2.759999990463257,2.759999990463257,2.759999990463257,1055
2023-10-26,2.819999933242798,2.859999895095825,2.799999952316284,2.799999952316284,444
2023-10-27,2.799999952316284,2.880000114440918,2.75,2.8499999046325684,2704
2023-10-30,2.8499999046325684,2.9200000762939453,2.799999952316284,2.9200000762939453,2080
2023-10-31,2.799999952316284,2.930000066757202,2.75,2.75,4417
2023-11-02,2.8499999046325684,2.890000104904175,2.6700000762939453,2.880000114440918,15879
2023-11-03,2.859999895095825,2.9000000953674316,2.859999895095825,2.9000000953674316,1439
2023-11-06,2.9000000953674316,2.9000000953674316,2.8299999237060547,2.9000000953674316,1499
2023-11-07,2.9000000953674316,2.990000009536743,2.880000114440918,2.990000009536743,2952
2023-11-08,2.9700000286102295,3.2200000286102295,2.9700000286102295,3.2200000286102295,405
2023-11-09,3.2200000286102295,3.2200000286102295,3.0999999046325684,3.2200000286102295,649
2023-11-10,3.2200000286102295,3.2200000286102295,3.0999999046325684,3.0999999046325684,1000
2023-11-13,3.0999999046325684,3.200000047683716,3.0999999046325684,3.0999999046325684,1086
2023-11-14,3.0999999046325684,3.1500000953674316,2.9200000762939453,3.1500000953674316,1693
2023-11-15,3.1500000953674316,3.1500000953674316,3.069999933242798,3.069999933242798,55
2023-11-16,3.0899999141693115,3.0899999141693115,3.0,3.0,7103
2023-11-17,3.0,3.0,3.0,3.0,63
2023-11-20,3.0899999141693115,3.109999895095825,2.8499999046325684,3.0999999046325684,3034
2023-11-21,3.0999999046325684,3.0999999046325684,3.0,3.0,1621
2023-11-22,3.0,3.0,2.940000057220459,2.940000057220459,275
2023-11-23,2.940000057220459,2.940000057220459,2.940000057220459,2.940000057220459,0
2023-11-24,2.940000057220459,3.0399999618530273,2.880000114440918,2.880000114440918,364
2023-11-27,2.8499999046325684,2.880000114440918,2.799999952316284,2.799999952316284,3969
2023-11-28,2.880000114440918,2.9700000286102295,2.759999990463257,2.9700000286102295,879
2023-11-29,3.0,3.0,2.809999942779541,2.809999942779541,1222
2023-11-30,2.809999942779541,2.859999895095825,2.799999952316284,2.859999895095825,3681
2023-12-01,2.859999895095825,2.9000000953674316,2.6600000858306885,2.9000000953674316,1582
2023-12-04,2.9000000953674316,2.9000000953674316,2.809999942779541,2.890000104904175,1078
2023-12-05,2.880000114440918,2.880000114440918,2.880000114440918,2.880000114440918,55
2023-12-06,2.880000114440918,2.880000114440918,2.880000114440918,2.880000114440918,0
2023-12-07,2.869999885559082,2.869999885559082,2.809999942779541,2.8399999141693115,2640
2023-12-08,2.5999999046325684,2.869999885559082,2.5999999046325684,2.869999885559082,3143
2023-12-11,2.7300000190734863,2.9000000953674316,2.700000047683716,2.9000000953674316,2079
2023-12-12,2.8399999141693115,2.8499999046325684,2.759999990463257,2.759999990463257,890
2023-12-13,2.809999942779541,2.859999895095825,2.740000009536743,2.75,2210
2023-12-14,2.8299999237060547,2.8299999237060547,2.549999952316284,2.7899999618530273,4891
2023-12-15,2.5899999141693115,2.7899999618530273,2.5899999141693115,2.6500000953674316,2522
2023-12-18,2.609999895095825,2.609999895095825,2.5399999618530273,2.559999942779541,5133
2023-12-19,2.559999942779541,2.7799999713897705,2.549999952316284,2.75,24382
2023-12-20,2.7300000190734863,2.740000009536743,2.559999942779541,2.700000047683716,11985
2023-12-21,2.680000066757202,2.680000066757202,2.680000066757202,2.680000066757202,445
2023-12-22,2.700000047683716,2.700000047683716,2.690000057220459,2.690000057220459,2130
2023-12-27,2.690000057220459,2.7200000286102295,2.559999942779541,2.7200000286102295,9074
2023-12-28,2.7200000286102295,2.7200000286102295,2.6500000953674316,2.690000057220459,1451
2023-12-29,2.640000104904175,2.700000047683716,2.640000104904175,2.700000047683716,1800
2024-01-02,2.700000047683716,2.700000047683716,2.6600000858306885,2.6600000858306885,17
2024-01-03,2.6600000858306885,2.6600000858306885,2.6500000953674316,2.6600000858306885,1501
2024-01-04,2.6600000858306885,2.7300000190734863,2.5799999237060547,2.7300000190734863,4837
2024-01-05,2.7100000381469727,2.7100000381469727,2.450000047683716,2.5999999046325684,7542
2024-01-08,2.5999999046325684,2.640000104904175,2.549999952316284,2.619999885559082,3968
2024-01-09,2.549999952316284,2.630000114440918,2.5,2.630000114440918,2587
2024-01-10,2.559999942779541,2.609999895095825,2.549999952316284,2.609999895095825,915
2024-01-11,2.5399999618530273,2.5999999046325684,2.5199999809265137,2.5999999046325684,150
2024-01-12,2.5999999046325684,2.5999999046325684,2.5999999046325684,2.5999999046325684,0
2024-01-15,2.5399999618530273,2.5399999618530273,2.5,2.5,1176
2024-01-16,2.569999933242798,2.609999895095825,2.5,2.5999999046325684,2836
2024-01-17,2.630000114440918,2.680000066757202,2.630000114440918,2.6700000762939453,2200
2024-01-18,2.6700000762939453,2.6700000762939453,2.6700000762939453,2.6700000762939453,10
2024-01-19,2.5899999141693115,2.630000114440918,2.5899999141693115,2.630000114440918,310
2024-01-22,2.609999895095825,2.6600000858306885,2.609999895095825,2.6600000858306885,300
2024-01-23,2.619999885559082,2.619999885559082,2.619999885559082,2.619999885559082,100
2024-01-24,2.619999885559082,2.6500000953674316,2.619999885559082,2.6500000953674316,30
2024-01-25,2.6500000953674316,2.6500000953674316,2.549999952316284,2.549999952316284,862
2024-01-26,2.559999942779541,2.609999895095825,2.559999942779541,2.609999895095825,30
2024-01-29,2.609999895095825,2.609999895095825,2.549999952316284,2.5799999237060547,1235
2024-01-30,2.569999933242798,2.569999933242798,2.5399999618530273,2.5399999618530273,119
2024-01-31,2.5399999618530273,2.630000114440918,2.5399999618530273,2.5899999141693115,1247
2024-02-01,2.630000114440918,2.630000114440918,2.630000114440918,2.630000114440918,100
2024-02-02,2.5999999046325684,2.619999885559082,2.559999942779541,2.619999885559082,919
2024-02-05,2.619999885559082,2.619999885559082,2.619999885559082,2.619999885559082,200
2024-02-06,2.559999942779541,2.6500000953674316,2.5399999618530273,2.630000114440918,2124
2024-02-07,2.630000114440918,2.630000114440918,2.630000114440918,2.630000114440918,0
2024-02-08,2.5999999046325684,2.5999999046325684,2.559999942779541,2.559999942779541,686
2024-02-09,2.559999942779541,2.559999942779541,2.5199999809265137,2.5199999809265137,400
2024-02-12,2.5299999713897705,2.5799999237060547,2.450000047683716,2.5399999618530273,5332
2024-02-13,2.5199999809265137,2.549999952316284,2.5199999809265137,2.549999952316284,540
2024-02-14,2.5399999618530273,2.690000057220459,2.5399999618530273,2.690000057220459,3000
2024-02-15,2.6700000762939453,2.680000066757202,2.6700000762939453,2.6700000762939453,719
2024-02-16,2.6700000762939453,2.680000066757202,2.549999952316284,2.6600000858306885,3050
2024-02-19,2.6600000858306885,2.6600000858306885,2.6600000858306885,2.6600000858306885,10
2024-02-20,2.559999942779541,2.6700000762939453,2.559999942779541,2.6700000762939453,695
2024-02-21,2.6700000762939453,2.6700000762939453,2.6700000762939453,2.6700000762939453,214
2024-02-22,2.6700000762939453,2.6700000762939453,2.569999933242798,2.6700000762939453,335
2024-02-23,2.6700000762939453,2.6700000762939453,2.549999952316284,2.640000104904175,3275
2024-02-26,2.630000114440918,2.630000114440918,2.5399999618530273,2.5999999046325684,3546
2024-02-27,2.5799999237060547,2.5799999237060547,2.5799999237060547,2.5799999237060547,291
2024-02-28,2.5799999237060547,2.5799999237060547,2.5299999713897705,2.5299999713897705,1850
2024-02-29,2.5299999713897705,2.5299999713897705,2.5199999809265137,2.5199999809265137,660
2024-03-01,2.4000000953674316,2.5199999809265137,2.4000000953674316,2.509999990463257,1057
2024-03-04,2.4800000190734863,2.509999990463257,2.4700000286102295,2.4700000286102295,140
2024-03-05,2.4700000286102295,2.5199999809265137,2.4700000286102295,2.5199999809265137,101
2024-03-06,2.559999942779541,2.5999999046325684,2.559999942779541,2.5999999046325684,591
2024-03-07,2.5999999046325684,2.609999895095825,2.5999999046325684,2.609999895095825,413
2024-03-08,2.609999895095825,2.619999885559082,2.609999895095825,2.619999885559082,900
2024-03-11,2.640000104904175,2.640000104904175,2.609999895095825,2.609999895095825,271
2024-03-12,2.630000114440918,2.630000114440918,2.609999895095825,2.609999895095825,5
2024-03-13,2.549999952316284,2.549999952316284,2.549999952316284,2.549999952316284,141
2024-03-14,2.559999942779541,2.609999895095825,2.559999942779541,2.609999895095825,316
2024-03-15,2.609999895095825,2.609999895095825,2.5,2.5,2645
2024-03-18,2.5,2.569999933242798,2.5,2.569999933242798,1063
2024-03-19,2.569999933242798,2.569999933242798,2.569999933242798,2.569999933242798,9
2024-03-20,2.569999933242798,2.569999933242798,2.509999990463257,2.559999942779541,106
2024-03-21,2.5999999046325684,2.680000066757202,2.5999999046325684,2.6600000858306885,5501
2024-03-22,2.5799999237060547,2.5799999237060547,2.559999942779541,2.559999942779541,142
2024-03-25,2.559999942779541,2.6700000762939453,2.559999942779541,2.6700000762939453,756
2024-03-26,2.6700000762939453,2.6700000762939453,2.6700000762939453,2.6700000762939453,38
2024-03-27,2.5799999237060547,2.5799999237060547,2.569999933242798,2.569999933242798,131
2024-03-28,2.619999885559082,2.619999885559082,2.619999885559082,2.619999885559082,10
2024-04-02,2.569999933242798,2.5799999237060547,2.559999942779541,2.559999942779541,616
2024-04-03,2.640000104904175,2.6500000953674316,2.4000000953674316,2.4000000953674316,4185
2024-04-04,2.450000047683716,2.5799999237060547,2.440000057220459,2.5799999237060547,1561
2024-04-05,2.5799999237060547,2.5799999237060547,2.5799999237060547,2.5799999237060547,117
2024-04-08,2.5,2.5,2.4200000762939453,2.430000066757202,1919
2024-04-09,2.430000066757202,2.4800000190734863,2.430000066757202,2.4800000190734863,488
2024-04-10,2.4800000190734863,2.4800000190734863,2.440000057220459,2.440000057220459,55
2024-04-11,2.440000057220459,2.450000047683716,2.440000057220459,2.450000047683716,550
2024-04-12,2.430000066757202,2.430000066757202,2.4200000762939453,2.4200000762939453,3249
2024-04-15,2.4200000762939453,2.4200000762939453,2.4200000762939453,2.4200000762939453,813
2024-04-16,2.4200000762939453,2.4800000190734863,2.4200000762939453,2.4800000190734863,428
2024-04-17,2.4700000286102295,2.4700000286102295,2.4700000286102295,2.4700000286102295,5
2024-04-18,2.4700000286102295,2.4700000286102295,2.2799999713897705,2.450000047683716,4508
2024-04-19,2.4600000381469727,2.4600000381469727,2.4600000381469727,2.4600000381469727,1200
2024-04-22,2.4600000381469727,2.4800000190734863,2.450000047683716,2.4800000190734863,1005
2024-04-23,2.4600000381469727,2.4600000381469727,2.4600000381469727,2.4600000381469727,10
2024-04-24,2.4600000381469727,2.5,2.450000047683716,2.450000047683716,4257
2024-04-25,2.4000000953674316,2.4100000858306885,2.4000000953674316,2.4100000858306885,5247
2024-04-26,2.4200000762939453,2.450000047683716,2.4200000762939453,2.450000047683716,1018
2024-04-29,2.4600000381469727,2.5199999809265137,2.4600000381469727,2.5199999809265137,1120
2024-04-30,2.5399999618530273,2.5399999618530273,2.5399999618530273,2.5399999618530273,150
2024-05-02,2.5399999618530273,2.5399999618530273,2.5399999618530273,2.5399999618530273,80
2024-05-06,2.5399999618530273,2.549999952316284,2.5399999618530273,2.549999952316284,217
2024-05-07,2.549999952316284,2.549999952316284,2.450000047683716,2.450000047683716,2121
2024-05-08,2.4600000381469727,2.4800000190734863,2.4000000953674316,2.4800000190734863,2105
2024-05-09,2.4800000190734863,2.4800000190734863,2.4800000190734863,2.4800000190734863,1005
2024-05-10,2.5199999809265137,2.5199999809265137,2.5199999809265137,2.5199999809265137,15
2024-05-13,2.450000047683716,2.549999952316284,2.450000047683716,2.549999952316284,1172
2024-05-14,2.4600000381469727,2.5299999713897705,2.359999895095825,2.5299999713897705,1016
2024-05-15,2.5199999809265137,2.5299999713897705,2.5199999809265137,2.5299999713897705,317
2024-05-16,2.5,2.5,2.359999895095825,2.5,2043
2024-05-17,2.5,2.5199999809265137,2.5,2.5199999809265137,935
2024-05-20,2.430000066757202,2.509999990463257,2.299999952316284,2.509999990463257,1629
2024-05-21,2.5,2.5,2.430000066757202,2.5,165
2024-05-22,2.430000066757202,2.509999990463257,2.430000066757202,2.509999990463257,1373
2024-05-23,2.5199999809265137,2.559999942779541,2.5199999809265137,2.559999942779541,385
2024-05-24,2.559999942779541,2.559999942779541,2.559999942779541,2.559999942779541,0
2024-05-27,2.559999942779541,2.559999942779541,2.559999942779541,2.559999942779541,5
2024-05-28,2.549999952316284,2.549999952316284,2.549999952316284,2.549999952316284,25
2024-05-29,2.4600000381469727,2.549999952316284,2.4600000381469727,2.549999952316284,305
2024-05-31,2.549999952316284,2.549999952316284,2.549999952316284,2.549999952316284,140
2024-06-03,2.549999952316284,2.549999952316284,2.549999952316284,2.549999952316284,0
2024-06-04,2.5299999713897705,2.549999952316284,2.5299999713897705,2.549999952316284,200
2024-06-05,2.549999952316284,2.549999952316284,2.4700000286102295,2.4700000286102295,200
2024-06-06,2.5299999713897705,2.549999952316284,2.4600000381469727,2.549999952316284,250
2024-06-07,2.5,2.5399999618530273,2.4600000381469727,2.5399999618530273,215
2024-06-10,2.5399999618530273,2.5399999618530273,2.5399999618530273,2.5399999618530273,10
2024-06-11,2.5399999618530273,2.5399999618530273,2.5399999618530273,2.5399999618530273,396
2024-06-12,2.5299999713897705,2.5399999618530273,2.5299999713897705,2.5399999618530273,899
2024-06-13,2.5399999618530273,2.5399999618530273,2.5399999618530273,2.5399999618530273,44
2024-06-14,2.5,2.5,2.4700000286102295,2.4700000286102295,437
2024-06-17,2.4700000286102295,2.509999990463257,2.4700000286102295,2.509999990463257,533
2024-06-18,2.509999990463257,2.509999990463257,2.4800000190734863,2.4800000190734863,13
2024-06-19,2.4800000190734863,2.5,2.380000114440918,2.5,4630
2024-06-20,2.4200000762939453,2.5,2.4000000953674316,2.5,1842
2024-06-21,2.5,2.5399999618530273,2.450000047683716,2.5399999618530273,1224
2024-06-24,2.450000047683716,2.450000047683716,2.450000047683716,2.450000047683716,367
2024-06-25,2.380000114440918,2.5199999809265137,2.380000114440918,2.5199999809265137,651
2024-06-26,2.4200000762939453,2.5199999809265137,2.4200000762939453,2.5199999809265137,275
2024-06-27,2.5199999809265137,2.5199999809265137,2.509999990463257,2.5199999809265137,614
2024-06-28,2.5199999809265137,2.559999942779541,2.5199999809265137,2.559999942779541,2155
2024-07-01,2.559999942779541,2.559999942779541,2.549999952316284,2.559999942779541,404
2024-07-02,2.559999942779541,2.559999942779541,2.559999942779541,2.559999942779541,0
2024-07-03,2.559999942779541,2.559999942779541,2.4700000286102295,2.559999942779541,294
2024-07-04,2.559999942779541,2.559999942779541,2.559999942779541,2.559999942779541,5
2024-07-05,2.559999942779541,2.559999942779541,2.559999942779541,2.559999942779541,0
2024-07-08,2.549999952316284,2.559999942779541,2.549999952316284,2.559999942779541,96
2024-07-09,2.559999942779541,2.559999942779541,2.559999942779541,2.559999942779541,35
2024-07-10,2.559999942779541,2.559999942779541,2.380000114440918,2.559999942779541,2061
2024-07-11,2.559999942779541,2.559999942779541,2.430000066757202,2.430000066757202,25
2024-07-12,2.380000114440918,2.4000000953674316,2.259999990463257,2.259999990463257,1725
2024-07-15,2.430000066757202,2.490000009536743,2.4100000858306885,2.490000009536743,1020
2024-07-16,2.490000009536743,2.549999952316284,2.4800000190734863,2.5,2086
2024-07-17,2.549999952316284,2.549999952316284,2.450000047683716,2.5299999713897705,325
2024-07-18,2.450000047683716,2.5299999713897705,2.450000047683716,2.5299999713897705,405
2024-07-19,2.490000009536743,2.490000009536743,2.490000009536743,2.490000009536743,400
2024-07-22,2.450000047683716,2.450000047683716,2.390000104904175,2.390000104904175,572
2024-07-23,2.180000066757202,2.4000000953674316,2.1600000858306885,2.25,30119
2024-07-24,2.2899999618530273,2.2899999618530273,2.2899999618530273,2.2899999618530273,5
2024-07-25,2.299999952316284,2.319999933242798,2.299999952316284,2.319999933242798,500
2024-07-26,2.319999933242798,2.319999933242798,2.119999885559082,2.309999942779541,3589
2024-07-29,2.140000104904175,2.3299999237060547,2.140000104904175,2.3299999237060547,862
2024-07-30,2.3299999237060547,2.4200000762939453,2.3299999237060547,2.4200000762939453,940
2024-07-31,2.4200000762939453,2.4600000381469727,2.359999895095825,2.450000047683716,1874
2024-08-01,2.4800000190734863,2.490000009536743,2.4100000858306885,2.4600000381469727,204
2024-08-02,2.390000104904175,2.490000009536743,2.390000104904175,2.490000009536743,200
2024-08-05,2.3499999046325684,2.3499999046325684,2.3499999046325684,2.3499999046325684,550
2024-08-06,2.3499999046325684,2.3499999046325684,2.3499999046325684,2.3499999046325684,426
2024-08-07,2.3499999046325684,2.3499999046325684,2.3399999141693115,2.3399999141693115,43
2024-08-08,2.299999952316284,2.3399999141693115,2.2699999809265137,2.3399999141693115,24202
2024-08-09,2.3399999141693115,2.3399999141693115,2.3299999237060547,2.3399999141693115,1005
2024-08-12,2.3399999141693115,2.3399999141693115,2.3399999141693115,2.3399999141693115,5
2024-08-13,2.3499999046325684,2.3499999046325684,2.3399999141693115,2.3399999141693115,1455
2024-08-14,2.3499999046325684,2.4000000953674316,2.3499999046325684,2.4000000953674316,2724
2024-08-16,2.4800000190734863,2.4800000190734863,2.4000000953674316,2.4000000953674316,515
2024-08-19,2.4000000953674316,2.4200000762939453,2.1600000858306885,2.4200000762939453,1170
2024-08-20,2.3399999141693115,2.3399999141693115,2.3399999141693115,2.3399999141693115,66
2024-08-21,2.3399999141693115,2.3399999141693115,2.3399999141693115,2.3399999141693115,0
2024-08-22,2.4200000762939453,2.4200000762939453,2.3399999141693115,2.3399999141693115,935
2024-08-23,2.440000057220459,2.490000009536743,2.319999933242798,2.4700000286102295,431
2024-08-26,2.4700000286102295,2.4700000286102295,2.259999990463257,2.4600000381469727,510
2024-08-27,2.369999885559082,2.369999885559082,2.2699999809265137,2.369999885559082,855
2024-08-28,2.430000066757202,2.5299999713897705,2.430000066757202,2.5,4947
2024-08-29,2.490000009536743,2.490000009536743,2.4600000381469727,2.4600000381469727,105
2024-08-30,2.450000047683716,2.4600000381469727,2.3499999046325684,2.4600000381469727,881
2024-09-02,2.4000000953674316,2.4700000286102295,2.3499999046325684,2.3499999046325684,1786
2024-09-03,2.4000000953674316,2.4800000190734863,2.3499999046325684,2.4800000190734863,1689
2024-09-04,2.4800000190734863,2.549999952316284,2.4700000286102295,2.549999952316284,1316
2024-09-05,2.5299999713897705,2.5299999713897705,2.5299999713897705,2.5299999713897705,10
2024-09-06,2.4600000381469727,2.5299999713897705,2.450000047683716,2.5299999713897705,605
2024-09-09,2.5299999713897705,2.5299999713897705,2.369999885559082,2.5,557
2024-09-10,2.430000066757202,2.5199999809265137,2.369999885559082,2.440000057220459,666
2024-09-11,2.430000066757202,2.5199999809265137,2.430000066757202,2.509999990463257,351
2024-09-12,2.509999990463257,2.509999990463257,2.509999990463257,2.509999990463257,0
2024-09-13,2.509999990463257,2.509999990463257,2.430000066757202,2.430000066757202,722
2024-09-16,2.3499999046325684,2.4200000762939453,2.3499999046325684,2.3499999046325684,3421
2024-09-17,2.430000066757202,2.430000066757202,2.430000066757202,2.430000066757202,33
2024-09-18,2.359999895095825,2.359999895095825,2.3499999046325684,2.3499999046325684,216
2024-09-19,2.3499999046325684,2.3499999046325684,2.3499999046325684,2.3499999046325684,0
2024-09-20,2.3499999046325684,2.4200000762939453,2.299999952316284,2.4200000762939453,2482
2024-09-23,2.4200000762939453,2.4200000762939453,2.299999952316284,2.3399999141693115,8
2024-09-24,2.3399999141693115,2.4100000858306885,2.3399999141693115,2.4100000858306885,182
2024-09-25,2.319999933242798,2.4000000953674316,2.319999933242798,2.4000000953674316,41
2024-09-26,2.3299999237060547,2.4000000953674316,2.309999942779541,2.4000000953674316,1238
2024-09-27,2.319999933242798,2.4000000953674316,2.180000066757202,2.380000114440918,2114
2024-09-30,2.390000104904175,2.4100000858306885,2.359999895095825,2.359999895095825,3161
2024-10-01,2.3499999046325684,2.4200000762939453,2.3499999046325684,2.3499999046325684,1157
2024-10-02,2.4200000762939453,2.430000066757202,2.309999942779541,2.309999942779541,573
2024-10-03,2.390000104904175,2.4000000953674316,2.390000104904175,2.4000000953674316,200
2024-10-04,2.4200000762939453,2.4200000762939453,2.4100000858306885,2.4200000762939453,1417
2024-10-07,2.4200000762939453,2.4200000762939453,2.4200000762939453,2.4200000762939453,5
2024-10-08,2.4100000858306885,2.4100000858306885,2.4100000858306885,2.4100000858306885,20
2024-10-09,2.3399999141693115,2.3399999141693115,2.3399999141693115,2.3399999141693115,550
2024-10-10,2.359999895095825,2.390000104904175,2.359999895095825,2.390000104904175,203
2024-10-11,2.390000104904175,2.390000104904175,2.390000104904175,2.390000104904175,0
2024-10-14,2.4000000953674316,2.4000000953674316,2.4000000953674316,2.4000000953674316,263
2024-10-15,2.4000000953674316,2.4000000953674316,2.4000000953674316,2.4000000953674316,0
2024-10-16,2.3299999237060547,2.3299999237060547,2.3299999237060547,2.3299999237060547,100
2024-10-17,2.4000000953674316,2.4000000953674316,2.4000000953674316,2.4000000953674316,200
2024-10-18,2.4000000953674316,2.4000000953674316,2.4000000953674316,2.4000000953674316,0
2024-10-21,2.319999933242798,2.319999933242798,2.200000047683716,2.319999933242798,1305
2024-10-22,2.25,2.359999895095825,2.25,2.359999895095825,600
2024-10-23,2.369999885559082,2.4000000953674316,2.309999942779541,2.309999942779541,396
2024-10-24,2.319999933242798,2.4200000762939453,2.319999933242798,2.390000104904175,1733
2024-10-25,2.390000104904175,2.390000104904175,2.390000104904175,2.390000104904175,0
2024-10-28,2.390000104904175,2.390000104904175,2.390000104904175,2.390000104904175,0
2024-10-29,2.390000104904175,2.4100000858306885,2.390000104904175,2.4100000858306885,130
2024-10-30,2.390000104904175,2.4000000953674316,2.390000104904175,2.4000000953674316,370
2024-10-31,2.4000000953674316,2.4000000953674316,2.4000000953674316,2.4000000953674316,5
2024-11-04,2.4000000953674316,2.4000000953674316,2.319999933242798,2.4000000953674316,336
2024-11-05,2.4000000953674316,2.4000000953674316,2.4000000953674316,2.4000000953674316,15
2024-11-06,2.4000000953674316,2.4200000762939453,2.259999990463257,2.4200000762939453,1200
2024-11-07,2.4200000762939453,2.4200000762939453,2.4200000762939453,2.4200000762939453,5
2024-11-08,2.4000000953674316,2.4000000953674316,2.190000057220459,2.299999952316284,9596
2024-11-12,2.299999952316284,2.4000000953674316,2.299999952316284,2.319999933242798,635
2024-11-13,2.3399999141693115,2.3399999141693115,2.200000047683716,2.200000047683716,459
2024-11-14,2.180000066757202,2.180000066757202,2.059999942779541,2.1500000953674316,917
2024-11-15,1.9700000286102295,2.0,1.940000057220459,1.9700000286102295,13960
2024-11-18,1.9700000286102295,2.0,1.7999999523162842,1.9900000095367432,2285
2024-11-19,1.9199999570846558,1.9900000095367432,1.9199999570846558,1.9900000095367432,1105
2024-11-20,1.9199999570846558,1.9199999570846558,1.75,1.8899999856948853,2632
2024-11-21,1.8700000047683716,1.8700000047683716,1.725000023841858,1.8300000429153442,3879
2024-11-22,1.8300000429153442,1.8899999856948853,1.8200000524520874,1.8200000524520874,956
2024-11-25,1.8300000429153442,1.899999976158142,1.809999942779541,1.8799999952316284,1631
2024-11-26,1.809999942779541,1.8700000047683716,1.649999976158142,1.8300000429153442,403
2024-11-27,1.8300000429153442,1.899999976158142,1.7200000286102295,1.899999976158142,2255
2024-11-28,1.9199999570846558,1.9199999570846558,1.7400000095367432,1.7999999523162842,123
2024-11-29,1.75,1.9249999523162842,1.75,1.9199999570846558,398
2024-12-02,1.9199999570846558,1.9199999570846558,1.9199999570846558,1.9199999570846558,0
2024-12-03,1.9199999570846558,1.940000057220459,1.75,1.940000057220459,770
2024-12-04,1.9199999570846558,1.9199999570846558,1.6799999475479126,1.840000033378601,3880
2024-12-05,1.840000033378601,1.840000033378601,1.75,1.75,1337
2024-12-06,1.75,1.7599999904632568,1.7200000286102295,1.7200000286102295,2884
2024-12-09,1.7699999809265137,1.7699999809265137,1.7699999809265137,1.7699999809265137,15
2024-12-10,1.7699999809265137,1.7799999713897705,1.6699999570846558,1.7699999809265137,2184
2024-12-11,1.7699999809265137,1.7899999618530273,1.7699999809265137,1.7799999713897705,5105
2024-12-12,1.75,1.75,1.75,1.75,960
2024-12-13,1.7100000381469727,1.7200000286102295,1.559999942779541,1.6799999475479126,4475
2024-12-16,1.6200000047683716,1.690000057220459,1.4700000286102295,1.4700000286102295,7188
2024-12-17,1.4700000286102295,1.6799999475479126,1.4700000286102295,1.6799999475479126,26345
2024-12-18,1.690000057220459,1.75,1.524999976158142,1.690000057220459,14382
2024-12-19,1.6799999475479126,1.6799999475479126,1.5499999523162842,1.559999942779541,1544
2024-12-20,1.559999942779541,1.600000023841858,1.5499999523162842,1.600000023841858,7537
2024-12-23,1.600000023841858,1.659999966621399,1.5,1.6200000047683716,9323
2024-12-27,1.6299999952316284,1.6299999952316284,1.6200000047683716,1.6200000047683716,1500
2024-12-30,1.6200000047683716,1.6200000047683716,1.559999942779541,1.6200000047683716,1890
2025-01-02,1.5199999809265137,1.7200000286102295,1.5199999809265137,1.7200000286102295,3435
2025-01-03,1.7200000286102295,1.7400000095367432,1.7200000286102295,1.7400000095367432,35
2025-01-07,1.7400000095367432,1.7999999523162842,1.7000000476837158,1.7999999523162842,7754
2025-01-08,1.8200000524520874,2.0,1.7999999523162842,1.9800000190734863,9982
2025-01-09,1.9299999475479126,1.9800000190734863,1.9299999475479126,1.9299999475479126,5144
2025-01-10,1.9500000476837158,1.9800000190734863,1.9199999570846558,1.9700000286102295,8428
2025-01-13,1.9900000095367432,2.619999885559082,1.9700000286102295,2.619999885559082,19319
2025-01-14,2.8499999046325684,3.0,2.319999933242798,2.4000000953674316,37759
2025-01-15,2.5199999809265137,2.609999895095825,2.4000000953674316,2.609999895095825,9156
2025-01-16,2.509999990463257,2.5199999809265137,2.4200000762939453,2.4200000762939453,2995
2025-01-17,2.4100000858306885,2.509999990463257,2.4100000858306885,2.4800000190734863,360
2025-01-20,2.4800000190734863,2.619999885559082,2.450000047683716,2.450000047683716,3294
2025-01-21,2.450000047683716,2.4600000381469727,2.450000047683716,2.450000047683716,263
2025-01-22,2.440000057220459,2.440000057220459,2.440000057220459,2.440000057220459,4002
2025-01-23,2.450000047683716,2.450000047683716,2.450000047683716,2.450000047683716,1218
2025-01-24,2.450000047683716,2.450000047683716,2.390000104904175,2.4000000953674316,2216
2025-01-27,2.4000000953674316,2.4600000381469727,2.4000000953674316,2.4600000381469727,1005
2025-01-28,2.4700000286102295,2.680000066757202,2.4700000286102295,2.5799999237060547,8368
2025-01-29,2.5999999046325684,2.6500000953674316,2.5999999046325684,2.6500000953674316,3713
2025-01-30,2.630000114440918,2.630000114440918,2.259999990463257,2.4000000953674316,13342
2025-01-31,2.4100000858306885,2.4100000858306885,2.2899999618530273,2.369999885559082,3317
2025-02-03,2.3499999046325684,2.390000104904175,2.2799999713897705,2.390000104904175,2530
2025-02-04,2.390000104904175,2.390000104904175,2.319999933242798,2.380000114440918,137
2025-02-05,2.380000114440918,2.380000114440918,2.3399999141693115,2.380000114440918,1695
2025-02-06,2.369999885559082,2.369999885559082,2.3499999046325684,2.359999895095825,305
2025-02-07,2.319999933242798,2.319999933242798,2.109999895095825,2.2300000190734863,4016
2025-02-10,2.240000009536743,2.2799999713897705,2.240000009536743,2.259999990463257,2275
2025-02-11,2.2699999809265137,2.2699999809265137,2.1700000762939453,2.180000066757202,1625
2025-02-12,2.180000066757202,2.25,2.180000066757202,2.2200000286102295,134
2025-02-13,2.2300000190734863,2.2300000190734863,2.059999942779541,2.190000057220459,1871
2025-02-14,2.1500000953674316,2.1500000953674316,1.9600000381469727,2.0299999713897705,2101
2025-02-17,2.0199999809265137,2.190000057220459,2.0,2.190000057220459,4084
2025-02-18,2.059999942779541,2.109999895095825,1.9800000190734863,2.109999895095825,1822
2025-02-19,2.0999999046325684,2.0999999046325684,1.9800000190734863,1.9800000190734863,1311
2025-02-20,1.9800000190734863,2.0899999141693115,1.9800000190734863,2.0899999141693115,2055
2025-02-21,2.049999952316284,2.049999952316284,2.049999952316284,2.049999952316284,100
2025-02-24,2.0,2.009999990463257,2.0,2.0,577
2025-02-25,1.9800000190734863,1.9800000190734863,1.8600000143051147,1.899999976158142,1389
2025-02-26,1.9800000190734863,1.9800000190734863,1.784999966621399,1.7899999618530273,4544
2025-02-27,1.8200000524520874,1.940000057220459,1.7050000429153442,1.840000033378601,4867
2025-02-28,1.840000033378601,1.840000033378601,1.7100000381469727,1.8200000524520874,530
2025-03-03,1.7599999904632568,1.8300000429153442,1.7300000190734863,1.8300000429153442,1070
2025-03-04,1.8300000429153442,1.8300000429153442,1.6799999475479126,1.7799999713897705,3485
2025-03-05,1.725000023841858,1.725000023841858,1.649999976158142,1.6699999570846558,130
2025-03-06,1.6799999475479126,1.7649999856948853,1.6799999475479126,1.7649999856948853,2364
2025-03-07,1.7450000047683716,1.75,1.7300000190734863,1.7300000190734863,1994
2025-03-10,1.7200000286102295,1.8899999856948853,1.600000023841858,1.8799999952316284,4661
2025-03-11,1.899999976158142,2.0199999809265137,1.899999976158142,2.0,1929
2025-03-12,1.75,2.0,1.75,1.9500000476837158,660
2025-03-13,1.8200000524520874,1.9500000476837158,1.8200000524520874,1.9500000476837158,992
2025-03-14,1.9850000143051147,1.9850000143051147,1.9800000190734863,1.9800000190734863,46
2025-03-17,1.9149999618530273,1.9550000429153442,1.9149999618530273,1.9199999570846558,120
2025-03-18,1.8949999809265137,1.8949999809265137,1.8899999856948853,1.8899999856948853,143
2025-03-19,1.850000023841858,1.8550000190734863,1.75,1.8550000190734863,1608
2025-03-20,1.8550000190734863,1.8550000190734863,1.8550000190734863,1.8550000190734863,0
2025-03-21,1.8550000190734863,1.8550000190734863,1.7999999523162842,1.7999999523162842,845
2025-03-24,1.7999999523162842,1.7999999523162842,1.7999999523162842,1.7999999523162842,20
2025-03-25,1.7999999523162842,1.7999999523162842,1.7999999523162842,1.7999999523162842,10
2025-03-26,1.7999999523162842,1.7999999523162842,1.6799999475479126,1.715000033378601,2189
2025-03-27,1.7000000476837158,1.7000000476837158,1.7000000476837158,1.7000000476837158,341
2025-03-28,1.684999942779541,1.684999942779541,1.6399999856948853,1.6399999856948853,49
2025-03-31,1.6399999856948853,1.690000057220459,1.6399999856948853,1.6699999570846558,843
2025-04-01,1.690000057220459,1.690000057220459,1.649999976158142,1.649999976158142,634
2025-04-02,1.690000057220459,1.7799999713897705,1.600000023841858,1.600000023841858,3981
2025-04-03,1.5499999523162842,1.6399999856948853,1.5,1.6399999856948853,3264
2025-04-04,1.5399999618530273,1.6399999856948853,1.5399999618530273,1.6399999856948853,13
2025-04-07,1.6399999856948853,1.659999966621399,1.5299999713897705,1.659999966621399,1395
2025-04-08,1.659999966621399,1.659999966621399,1.659999966621399,1.659999966621399,0
2025-04-09,1.559999942779541,1.559999942779541,1.559999942779541,1.559999942779541,300
2025-04-10,1.5700000524520874,1.6399999856948853,1.4800000190734863,1.6299999952316284,5608
2025-04-11,1.590000033378601,1.600000023841858,1.4600000381469727,1.600000023841858,12442
2025-04-14,1.5,1.5499999523162842,1.4500000476837158,1.5199999809265137,4654
2025-04-15,1.5199999809265137,1.5199999809265137,1.4700000286102295,1.4800000190734863,2763
2025-04-16,1.4900000095367432,1.4900000095367432,1.3600000143051147,1.3899999856948853,8299
2025-04-17,1.440000057220459,1.4500000476837158,1.3200000524520874,1.3300000429153442,4070
2025-04-22,1.3300000429153442,1.440000057220459,1.3300000429153442,1.4199999570846558,852
2025-04-23,1.350000023841858,1.4199999570846558,1.340000033378601,1.4199999570846558,1580
2025-04-24,1.4199999570846558,1.4199999570846558,1.350000023841858,1.3700000047683716,3697
2025-04-25,1.3700000047683716,1.3700000047683716,1.340000033378601,1.3700000047683716,242
2025-04-28,1.3700000047683716,1.4299999475479126,1.3700000047683716,1.4299999475479126,1555
2025-04-29,1.4299999475479126,1.4299999475479126,1.3600000143051147,1.3600000143051147,1061
2025-04-30,1.3600000143051147,1.7899999618530273,1.3600000143051147,1.7799999713897705,15475
2025-05-02,1.7699999809265137,2.1600000858306885,1.600000023841858,2.140000104904175,25305
2025-05-05,2.1600000858306885,2.5799999237060547,2.0999999046325684,2.180000066757202,87901
2025-05-06,2.1600000858306885,2.180000066757202,1.7400000095367432,1.899999976158142,33300
2025-05-07,1.899999976158142,2.180000066757202,1.899999976158142,2.0199999809265137,20724
2025-05-08,2.0799999237060547,2.0799999237060547,1.850000023841858,2.059999942779541,15825
2025-05-09,2.059999942779541,2.059999942779541,1.9199999570846558,2.0399999618530273,1105
2025-05-12,1.8899999856948853,2.1600000858306885,1.8700000047683716,2.1600000858306885,4169
2025-05-13,2.119999885559082,2.1600000858306885,2.0199999809265137,2.1600000858306885,1627
2025-05-14,2.0999999046325684,2.0999999046325684,1.8899999856948853,2.0,5333
2025-05-15,2.0,2.0,1.899999976158142,1.9700000286102295,5788
2025-05-16,1.9199999570846558,1.9199999570846558,1.809999942779541,1.850000023841858,12994
2025-05-19,1.809999942779541,1.9800000190734863,1.7599999904632568,1.940000057220459,20204
2025-05-20,1.899999976158142,1.899999976158142,1.7999999523162842,1.7999999523162842,6723
2025-05-21,1.809999942779541,1.909999966621399,1.7899999618530273,1.909999966621399,3340
2025-05-22,1.809999942779541,1.9800000190734863,1.7899999618530273,1.9600000381469727,5720
2025-05-23,1.9500000476837158,1.9500000476837158,1.9500000476837158,1.9500000476837158,22
2025-05-26,1.9500000476837158,1.9500000476837158,1.9500000476837158,1.9500000476837158,5
2025-05-27,1.8899999856948853,1.899999976158142,1.809999942779541,1.809999942779541,287
2025-05-28,1.809999942779541,1.809999942779541,1.809999942779541,1.809999942779541,1180
2025-05-29,1.809999942779541,1.809999942779541,1.809999942779541,1.809999942779541,130
2025-05-30,1.7899999618530273,1.7899999618530273,1.7899999618530273,1.7899999618530273,483
2025-06-02,1.7599999904632568,1.7599999904632568,1.7599999904632568,1.7599999904632568,549
2025-06-03,1.7300000190734863,1.7300000190734863,1.7000000476837158,1.7300000190734863,2038
2025-06-04,1.659999966621399,1.7400000095367432,1.659999966621399,1.7400000095367432,1759
2025-06-05,1.7300000190734863,1.7400000095367432,1.7000000476837158,1.7000000476837158,769
2025-06-06,1.7000000476837158,1.7000000476837158,1.6699999570846558,1.6699999570846558,21
2025-06-09,1.6699999570846558,1.6699999570846558,1.659999966621399,1.659999966621399,547
2025-06-10,1.659999966621399,1.659999966621399,1.559999942779541,1.6100000143051147,8184
2025-06-11,1.600000023841858,1.6100000143051147,1.600000023841858,1.6100000143051147,4035
2025-06-12,1.6100000143051147,1.6100000143051147,1.600000023841858,1.600000023841858,540
2025-06-13,1.600000023841858,1.600000023841858,1.600000023841858,1.600000023841858,506
2025-06-16,1.559999942779541,1.559999942779541,1.4700000286102295,1.559999942779541,1959
2025-06-17,1.559999942779541,1.590000033378601,1.5499999523162842,1.590000033378601,23
2025-06-18,1.6200000047683716,1.6200000047683716,1.6100000143051147,1.6100000143051147,486
2025-06-20,1.600000023841858,1.6200000047683716,1.600000023841858,1.6200000047683716,1027
2025-06-23,1.6200000047683716,1.6200000047683716,1.6200000047683716,1.6200000047683716,10
2025-06-24,1.6200000047683716,1.6200000047683716,1.6200000047683716,1.6200000047683716,10
2025-06-25,1.6200000047683716,1.6200000047683716,1.5800000429153442,1.5800000429153442,35
2025-06-26,1.5800000429153442,1.659999966621399,1.5800000429153442,1.659999966621399,2343
2025-06-27,1.7000000476837158,1.7000000476837158,1.7000000476837158,1.7000000476837158,50
2025-06-30,1.659999966621399,1.8200000524520874,1.659999966621399,1.659999966621399,1426
2025-07-01,1.7200000286102295,1.8700000047683716,1.7100000381469727,1.7999999523162842,2729
2025-07-02,1.9299999475479126,1.9500000476837158,1.809999942779541,1.809999942779541,14311
2025-07-03,1.899999976158142,1.9800000190734863,1.7999999523162842,1.9500000476837158,689
2025-07-04,1.8600000143051147,1.9800000190734863,1.8600000143051147,1.9800000190734863,355
2025-07-07,1.9199999570846558,1.9700000286102295,1.899999976158142,1.9600000381469727,368
2025-07-08,1.8600000143051147,1.9600000381469727,1.7400000095367432,1.7599999904632568,1587
2025-07-09,1.8200000524520874,1.899999976158142,1.8200000524520874,1.899999976158142,2559
2025-07-10,1.8200000524520874,1.8899999856948853,1.8200000524520874,1.8899999856948853,11
2025-07-11,1.8799999952316284,1.8899999856948853,1.7699999809265137,1.8600000143051147,588
2025-07-14,1.8600000143051147,1.899999976158142,1.840000033378601,1.899999976158142,615
2025-07-15,1.7999999523162842,1.899999976158142,1.7599999904632568,1.8799999952316284,1769
2025-07-16,1.8700000047683716,1.9800000190734863,1.840000033378601,1.9800000190734863,4677
2025-07-17,1.9800000190734863,2.200000047683716,1.8200000524520874,2.200000047683716,2602
2025-07-18,2.200000047683716,2.4000000953674316,1.9800000190734863,2.380000114440918,4738
2025-07-21,2.380000114440918,2.4000000953674316,2.1600000858306885,2.380000114440918,5325
2025-07-22,2.380000114440918,2.380000114440918,2.1600000858306885,2.359999895095825,2035
2025-07-23,2.359999895095825,2.440000057220459,2.259999990463257,2.4200000762939453,8033
2025-07-24,2.4200000762939453,2.5,2.200000047683716,2.4000000953674316,7924
2025-07-25,2.4600000381469727,2.5,2.259999990463257,2.5,2805
2025-07-28,2.4000000953674316,2.6600000858306885,2.1600000858306885,2.6600000858306885,14142
2025-07-29,2.6600000858306885,2.7200000286102295,2.4000000953674316,2.640000104904175,4202
2025-07-30,2.680000066757202,2.680000066757202,2.4200000762939453,2.4600000381469727,2508
2025-07-31,2.4200000762939453,2.4600000381469727,2.4200000762939453,2.4600000381469727,6
2025-08-01,2.4600000381469727,2.640000104904175,2.359999895095825,2.5199999809265137,838
2025-08-04,2.5199999809265137,2.5199999809265137,2.3399999141693115,2.5,145
2025-08-05,2.5,2.5,2.5,2.5,0
2025-08-06,2.5,2.5,2.200000047683716,2.200000047683716,5431
2025-08-07,2.319999933242798,2.440000057220459,2.200000047683716,2.3399999141693115,1292
2025-08-08,2.4200000762939453,2.4200000762939453,2.380000114440918,2.4200000762939453,2167
2025-08-11,2.299999952316284,2.4800000190734863,2.299999952316284,2.4000000953674316,1786
2025-08-12,2.380000114440918,2.4600000381469727,2.2799999713897705,2.4600000381469727,16
2025-08-13,2.440000057220459,2.440000057220459,2.200000047683716,2.2799999713897705,3264
2025-08-14,2.2799999713897705,2.2799999713897705,2.2799999713897705,2.2799999713897705,0
2025-08-18,2.2799999713897705,2.2799999713897705,2.2799999713897705,2.2799999713897705,0
2025-08-19,2.200000047683716,2.200000047683716,2.200000047683716,2.200000047683716,36
2025-08-20,2.200000047683716,2.200000047683716,2.180000066757202,2.180000066757202,669
2025-08-21,2.180000066757202,2.180000066757202,2.180000066757202,2.180000066757202,19
2025-08-22,2.1600000858306885,2.1600000858306885,2.1600000858306885,2.1600000858306885,412
2025-08-25,2.1600000858306885,2.1600000858306885,2.1600000858306885,2.1600000858306885,30
2025-08-26,2.1600000858306885,2.1600000858306885,2.1600000858306885,2.1600000858306885,5
2025-08-27,2.1600000858306885,2.1600000858306885,2.1600000858306885,2.1600000858306885,837
2025-08-28,2.1600000858306885,2.259999990463257,2.0999999046325684,2.259999990463257,6266
2025-08-29,1.9500000476837158,1.9500000476837158,1.9500000476837158,1.9500000476837158,5338
2025-09-01,2.0399999618530273,2.240000009536743,2.0399999618530273,2.0999999046325684,13074
2025-09-02,2.059999942779541,2.059999942779541,2.059999942779541,2.059999942779541,5
2025-09-03,2.1600000858306885,2.2799999713897705,2.1600000858306885,2.240000009536743,2882
2025-09-04,2.1600000858306885,2.259999990463257,2.1600000858306885,2.259999990463257,924
2025-09-05,2.200000047683716,2.2799999713897705,2.200000047683716,2.2799999713897705,39
2025-09-08,2.2799999713897705,2.2799999713897705,2.119999885559082,2.200000047683716,39
2025-09-09,2.2799999713897705,2.5,2.200000047683716,2.200000047683716,11884
2025-09-10,2.240000009536743,2.240000009536743,2.1600000858306885,2.200000047683716,5332
2025-09-11,2.1600000858306885,2.200000047683716,2.140000104904175,2.200000047683716,994
2025-09-12,2.200000047683716,2.299999952316284,2.200000047683716,2.299999952316284,553
2025-09-15,2.1600000858306885,2.240000009536743,2.1600000858306885,2.1600000858306885,445
2025-09-16,2.180000066757202,2.200000047683716,2.180000066757202,2.200000047683716,745
2025-09-17,2.180000066757202,2.240000009536743,2.180000066757202,2.240000009536743,426
2025-09-18,2.2200000286102295,2.299999952316284,2.140000104904175,2.140000104904175,2589
2025-09-19,2.119999885559082,2.119999885559082,2.119999885559082,2.119999885559082,1000
2025-09-22,2.1600000858306885,2.240000009536743,2.1600000858306885,2.240000009536743,100
2025-09-23,2.200000047683716,2.240000009536743,2.0799999237060547,2.119999885559082,298
2025-09-24,2.119999885559082,2.259999990463257,2.119999885559082,2.140000104904175,334
2025-09-25,2.1600000858306885,2.2799999713897705,2.1600000858306885,2.2799999713897705,1893
2025-09-26,2.259999990463257,2.259999990463257,2.200000047683716,2.200000047683716,120
2025-09-29,2.200000047683716,2.2799999713897705,2.200000047683716,2.200000047683716,574
2025-09-30,2.200000047683716,2.299999952316284,2.200000047683716,2.299999952316284,5196
2025-10-01,2.299999952316284,2.359999895095825,2.259999990463257,2.359999895095825,3171
2025-10-02,2.319999933242798,2.380000114440918,2.180000066757202,2.380000114440918,1136
2025-10-03,2.259999990463257,2.4800000190734863,2.259999990463257,2.4800000190734863,4418
2025-10-06,2.359999895095825,2.5799999237060547,2.200000047683716,2.5199999809265137,43326
2025-10-07,2.5199999809265137,2.5199999809265137,2.4000000953674316,2.4000000953674316,5250
2025-10-08,2.5799999237060547,2.5799999237060547,2.440000057220459,2.5799999237060547,680
2025-10-09,2.5799999237060547,2.680000066757202,2.3399999141693115,2.680000066757202,5631
2025-10-10,2.6600000858306885,2.6600000858306885,2.359999895095825,2.5199999809265137,18528
2025-10-13,2.440000057220459,2.4600000381469727,2.2799999713897705,2.299999952316284,16649
2025-10-14,2.319999933242798,2.359999895095825,2.259999990463257,2.259999990463257,800
2025-10-15,2.259999990463257,2.259999990463257,2.1600000858306885,2.240000009536743,1177
2025-10-16,2.240000009536743,2.240000009536743,2.240000009536743,2.240000009536743,0
2025-10-17,2.259999990463257,2.259999990463257,2.2200000286102295,2.2200000286102295,142
2025-10-20,2.2200000286102295,2.2200000286102295,2.2200000286102295,2.2200000286102295,68
2025-10-21,2.2200000286102295,2.2200000286102295,2.2200000286102295,2.2200000286102295,0
2025-10-22,2.2200000286102295,2.2200000286102295,2.2200000286102295,2.2200000286102295,60
2025-10-23,2.2200000286102295,2.2200000286102295,2.2200000286102295,2.2200000286102295,0
2025-10-24,2.2200000286102295,2.2200000286102295,2.2200000286102295,2.2200000286102295,480
2025-10-27,2.259999990463257,2.3399999141693115,2.180000066757202,2.319999933242798,895
2025-10-28,2.3399999141693115,2.3399999141693115,2.0799999237060547,2.0799999237060547,19360
2025-10-29,2.1600000858306885,2.1600000858306885,2.1600000858306885,2.1600000858306885,75
2025-10-30,2.180000066757202,2.200000047683716,2.0799999237060547,2.0999999046325684,388
2025-10-31,2.0999999046325684,2.0999999046325684,2.0999999046325684,2.0999999046325684,0
2025-11-03,2.2200000286102295,2.2200000286102295,2.059999942779541,2.0799999237060547,3400
2025-11-04,2.119999885559082,2.200000047683716,2.119999885559082,2.200000047683716,50
2025-11-05,2.0999999046325684,2.200000047683716,2.0999999046325684,2.200000047683716,1305
2025-11-06,2.140000104904175,2.200000047683716,2.140000104904175,2.200000047683716,25
2025-11-07,2.200000047683716,2.200000047683716,2.1600000858306885,2.200000047683716,16
2025-11-10,2.1600000858306885,2.200000047683716,2.1600000858306885,2.200000047683716,18
2025-11-12,2.1600000858306885,2.200000047683716,2.1600000858306885,2.1600000858306885,15
2025-11-13,2.1600000858306885,2.200000047683716,1.9500000476837158,2.200000047683716,1978
2025-11-14,2.200000047683716,2.200000047683716,2.0999999046325684,2.200000047683716,10701
2025-11-17,2.200000047683716,2.2799999713897705,2.200000047683716,2.2799999713897705,6441
2025-11-18,2.2799999713897705,2.299999952316284,2.240000009536743,2.299999952316284,530
2025-11-19,2.240000009536743,2.299999952316284,2.180000066757202,2.299999952316284,110
2025-11-20,2.240000009536743,2.319999933242798,2.240000009536743,2.319999933242798,129
2025-11-21,2.200000047683716,2.319999933242798,2.200000047683716,2.319999933242798,10
2025-11-24,2.240000009536743,2.240000009536743,2.1600000858306885,2.2200000286102295,60
2025-11-25,2.240000009536743,2.319999933242798,2.119999885559082,2.299999952316284,26
2025-11-26,2.299999952316284,2.299999952316284,2.299999952316284,2.299999952316284,5
2025-11-27,2.240000009536743,2.240000009536743,2.200000047683716,2.200000047683716,40
2025-11-28,2.200000047683716,2.2200000286102295,2.200000047683716,2.2200000286102295,2954
2025-12-01,2.240000009536743,2.259999990463257,2.119999885559082,2.259999990463257,988
2025-12-02,2.200000047683716,2.200000047683716,2.0199999809265137,2.0999999046325684,4494
2025-12-03,2.0999999046325684,2.0999999046325684,2.0999999046325684,2.0999999046325684,400
2025-12-04,2.0,2.0,2.0,2.0,950
2025-12-05,2.0999999046325684,2.0999999046325684,2.0999999046325684,2.0999999046325684,10
2025-12-08,2.0999999046325684,2.0999999046325684,2.0999999046325684,2.0999999046325684,0
2025-12-09,2.059999942779541,2.0999999046325684,2.059999942779541,2.0999999046325684,3000
2025-12-10,2.0999999046325684,2.0999999046325684,2.0999999046325684,2.0999999046325684,0
2025-12-11,1.9900000095367432,2.0999999046325684,1.9700000286102295,2.0799999237060547,385
2025-12-12,2.0399999618530273,2.0999999046325684,2.0399999618530273,2.0999999046325684,54
2025-12-15,2.0399999618530273,2.0399999618530273,1.4800000190734863,1.4800000190734863,13790
2025-12-16,1.4500000476837158,1.4700000286102295,1.0800000429153442,1.190000057220459,106096
2025-12-17,1.190000057220459,1.2899999618530273,1.1799999475479126,1.2300000190734863,41750
2025-12-18,1.2300000190734863,1.2300000190734863,1.1200000047683716,1.1799999475479126,13486
2025-12-19,1.100000023841858,1.1799999475479126,1.100000023841858,1.1799999475479126,1434
2025-12-22,1.1100000143051147,1.1299999952316284,1.100000023841858,1.1100000143051147,8669
2025-12-23,1.100000023841858,1.190000057220459,1.0800000429153442,1.190000057220459,2982
2025-12-29,1.1799999475479126,1.1799999475479126,1.0800000429153442,1.1399999856948853,4612
2025-12-30,1.1399999856948853,1.2000000476837158,1.0800000429153442,1.2000000476837158,4365
2026-01-02,1.1200000047683716,1.2200000286102295,1.1200000047683716,1.2200000286102295,1419
2026-01-05,1.190000057220459,1.2200000286102295,1.190000057220459,1.2200000286102295,500
2026-01-07,1.190000057220459,1.2799999713897705,1.190000057220459,1.2699999809265137,7467
2026-01-08,1.2699999809265137,1.309999942779541,1.1699999570846558,1.309999942779541,3162
2026-01-09,1.2999999523162842,1.2999999523162842,1.2200000286102295,1.2899999618530273,2110
2026-01-12,1.2899999618530273,1.2899999618530273,1.2400000095367432,1.2699999809265137,631
2026-01-13,1.2799999713897705,1.2799999713897705,1.2200000286102295,1.2699999809265137,2721
2026-01-14,1.2200000286102295,1.2599999904632568,1.2200000286102295,1.2599999904632568,9663
2026-01-15,1.2599999904632568,1.2599999904632568,1.190000057220459,1.2300000190734863,252
2026-01-16,1.25,1.2699999809265137,1.2100000381469727,1.2699999809265137,4495
2026-01-19,1.2599999904632568,1.2699999809265137,1.2000000476837158,1.25,1348
2026-01-20,1.25,1.2699999809265137,1.25,1.2599999904632568,1834
2026-01-21,1.2599999904632568,1.2799999713897705,1.2200000286102295,1.2799999713897705,401
2026-01-22,1.2799999713897705,1.2799999713897705,1.2799999713897705,1.2799999713897705,10
2026-01-23,1.2699999809265137,1.2699999809265137,1.2100000381469727,1.2599999904632568,265
2026-01-26,1.2000000476837158,1.2400000095367432,1.2000000476837158,1.2300000190734863,3322
2026-01-27,1.1699999570846558,1.2000000476837158,1.1200000047683716,1.190000057220459,20054
2026-01-28,1.1200000047683716,1.1699999570846558,1.100000023841858,1.159999966621399,6341
2026-01-29,1.159999966621399,1.159999966621399,1.0800000429153442,1.1200000047683716,5845
2026-01-30,1.1200000047683716,1.1200000047683716,1.1200000047683716,1.1200000047683716,1648
2026-02-02,1.090000033378601,1.090000033378601,1.090000033378601,1.090000033378601,10
2026-02-03,1.090000033378601,1.100000023841858,1.0199999809265137,1.100000023841858,5132
2026-02-04,1.1200000047683716,1.1200000047683716,1.0399999618530273,1.1200000047683716,1714
2026-02-05,1.1200000047683716,1.1299999952316284,1.059999942779541,1.059999942779541,722
2026-02-06,1.100000023841858,1.1299999952316284,1.100000023841858,1.1299999952316284,257
2026-02-09,1.0800000429153442,1.1399999856948853,1.0800000429153442,1.1399999856948853,311
2026-02-10,1.1200000047683716,1.159999966621399,1.1200000047683716,1.159999966621399,2610
2026-02-11,1.149999976158142,1.159999966621399,1.149999976158142,1.159999966621399,1786
2026-02-12,1.1399999856948853,1.1399999856948853,1.1200000047683716,1.1200000047683716,7444
2026-02-13,1.1200000047683716,1.1200000047683716,1.0399999618530273,1.0499999523162842,12354
2026-02-16,1.0499999523162842,1.149999976158142,1.0499999523162842,1.1399999856948853,8608
2026-02-17,1.0800000429153442,1.149999976158142,1.0399999618530273,1.0499999523162842,643
2026-02-18,1.149999976158142,1.149999976158142,1.0499999523162842,1.0499999523162842,3750
2026-02-19,1.0499999523162842,1.0800000429153442,1.0499999523162842,1.059999942779541,136
2026-02-20,1.0499999523162842,1.090000033378601,1.0399999618530273,1.0399999618530273,1084
2026-02-23,1.0399999618530273,1.0399999618530273,1.0399999618530273,1.0399999618530273,20
2026-02-24,1.0700000524520874,1.0700000524520874,1.0399999618530273,1.0399999618530273,85
2026-02-25,1.0399999618530273,1.0700000524520874,1.0399999618530273,1.0399999618530273,411
2026-02-26,1.0399999618530273,1.059999942779541,1.0,1.0099999904632568,5761
2026-02-27,1.0099999904632568,1.2799999713897705,1.0099999904632568,1.2799999713897705,52609
2026-03-02,1.2200000286102295,1.2799999713897705,1.149999976158142,1.2200000286102295,10634
2026-03-03,1.159999966621399,1.1699999570846558,1.100000023841858,1.1299999952316284,12238
2026-03-04,1.1100000143051147,1.2200000286102295,1.0800000429153442,1.2200000286102295,15163
2026-03-05,1.2100000381469727,1.2100000381469727,1.100000023841858,1.100000023841858,56448
2026-03-06,1.1299999952316284,1.1799999475479126,1.100000023841858,1.1799999475479126,9037
2026-03-09,1.1699999570846558,1.1699999570846558,1.1699999570846558,1.1699999570846558,10
2026-03-10,1.1100000143051147,1.159999966621399,1.1100000143051147,1.159999966621399,238
2026-03-11,1.159999966621399,1.159999966621399,1.149999976158142,1.149999976158142,1239
2026-03-12,1.1299999952316284,1.1399999856948853,1.1299999952316284,1.1299999952316284,1288
2026-03-13,1.1299999952316284,1.1299999952316284,1.1299999952316284,1.1299999952316284,207
2026-03-16,1.1299999952316284,1.1299999952316284,1.1299999952316284,1.1299999952316284,3709
2026-03-17,1.1299999952316284,1.1299999952316284,1.1299999952316284,1.1299999952316284,10
2026-03-18,1.1299999952316284,1.1799999475479126,1.1299999952316284,1.1799999475479126,855
2026-03-19,1.1299999952316284,1.1299999952316284,1.1100000143051147,1.1299999952316284,397
2026-03-20,1.1299999952316284,1.159999966621399,1.1299999952316284,1.1299999952316284,1272
2026-03-23,1.090000033378601,1.090000033378601,1.090000033378601,1.090000033378601,295
2026-03-24,1.090000033378601,1.1799999475479126,1.090000033378601,1.1699999570846558,5707
2026-03-25,1.1200000047683716,1.1200000047683716,1.1200000047683716,1.1200000047683716,2
2026-03-26,1.1200000047683716,1.159999966621399,1.1200000047683716,1.159999966621399,12
2026-03-27,1.1200000047683716,1.159999966621399,1.090000033378601,1.1100000143051147,2223
2026-03-30,1.0800000429153442,1.1399999856948853,1.0800000429153442,1.1399999856948853,343
2026-03-31,1.1399999856948853,1.1399999856948853,1.1399999856948853,1.1399999856948853,17
2026-04-01,1.100000023841858,1.100000023841858,1.100000023841858,1.100000023841858,630
2026-04-02,1.1200000047683716,1.1299999952316284,1.1200000047683716,1.1299999952316284,400
2026-04-07,1.1399999856948853,1.149999976158142,1.1399999856948853,1.149999976158142,1120
2026-04-08,1.149999976158142,1.149999976158142,1.149999976158142,1.149999976158142,0
2026-04-09,1.100000023841858,1.159999966621399,1.090000033378601,1.159999966621399,146
2026-04-10,1.159999966621399,1.159999966621399,1.159999966621399,1.159999966621399,5
2026-04-13,1.059999942779541,1.1399999856948853,1.059999942779541,1.1399999856948853,624
2026-04-14,1.149999976158142,1.159999966621399,1.1399999856948853,1.1399999856948853,986
2026-04-15,1.100000023841858,1.149999976158142,1.100000023841858,1.1299999952316284,4974
2026-04-16,1.159999966621399,1.159999966621399,1.100000023841858,1.100000023841858,313
2026-04-17,1.090000033378601,1.090000033378601,1.090000033378601,1.090000033378601,100
2026-04-20,1.1399999856948853,1.1699999570846558,1.1399999856948853,1.1699999570846558,1000
2026-04-21,1.1699999570846558,1.2000000476837158,1.1699999570846558,1.190000057220459,20500
2026-04-22,1.159999966621399,1.159999966621399,1.1299999952316284,1.1399999856948853,5199
2026-04-23,1.1200000047683716,1.1200000047683716,1.1200000047683716,1.1200000047683716,125
2026-04-24,1.1299999952316284,1.1299999952316284,1.100000023841858,1.100000023841858,410
2026-04-27,1.090000033378601,1.090000033378601,1.0800000429153442,1.0800000429153442,867
2026-04-28,1.0800000429153442,1.0800000429153442,1.0800000429153442,1.0800000429153442,10
2026-04-29,1.0800000429153442,1.0800000429153442,1.0800000429153442,1.0800000429153442,615
2026-04-30,1.0800000429153442,1.0800000429153442,1.0499999523162842,1.0499999523162842,9015
2026-05-04,1.0199999809265137,1.0399999618530273,1.0099999904632568,1.0399999618530273,6954
2026-05-05,1.0399999618530273,1.0399999618530273,1.0099999904632568,1.0099999904632568,663
2026-05-06,1.0099999904632568,1.0399999618530273,1.0099999904632568,1.0399999618530273,50
2026-05-07,1.0499999523162842,1.149999976158142,1.0499999523162842,1.0800000429153442,10304
2026-05-08,1.1100000143051147,1.1100000143051147,1.0800000429153442,1.0800000429153442,1250
2026-05-11,1.0800000429153442,1.100000023841858,1.0800000429153442,1.100000023841858,310
2026-05-12,1.0800000429153442,1.1799999475479126,1.0800000429153442,1.1799999475479126,3385
2026-05-13,1.1799999475479126,1.2100000381469727,1.090000033378601,1.090000033378601,9027
2026-05-14,1.090000033378601,1.090000033378601,1.090000033378601,1.090000033378601,33
2026-05-15,1.090000033378601,1.090000033378601,1.090000033378601,1.090000033378601,0
2026-05-18,1.090000033378601,1.090000033378601,1.0700000524520874,1.0700000524520874,253
2026-05-19,1.0700000524520874,1.0700000524520874,1.059999942779541,1.059999942779541,3129
2026-05-20,1.0299999713897705,1.0800000429153442,1.0199999809265137,1.0399999618530273,3632
2026-05-21,1.0399999618530273,1.0399999618530273,1.0399999618530273,1.0399999618530273,0
2026-05-22,1.059999942779541,1.0800000429153442,1.0199999809265137,1.0800000429153442,3460
2026-05-25,1.0800000429153442,1.1100000143051147,1.0800000429153442,1.1100000143051147,2807
2026-05-26,1.1100000143051147,1.1100000143051147,1.1100000143051147,1.1100000143051147,1000
2026-05-27,1.1100000143051147,1.1100000143051147,1.1100000143051147,1.1100000143051147,0
2026-05-28,1.1100000143051147,1.1100000143051147,1.1100000143051147,1.1100000143051147,0
2026-05-29,1.1100000143051147,1.1100000143051147,1.0800000429153442,1.100000023841858,2688
2026-06-01,1.0800000429153442,1.1200000047683716,1.0499999523162842,1.1200000047683716,1120
2026-06-02,1.1200000047683716,1.1200000047683716,1.1200000047683716,1.1200000047683716,0
2026-06-03,1.1200000047683716,1.1200000047683716,1.1200000047683716,1.1200000047683716,0
2026-06-05,1.0099999904632568,1.0700000524520874,0.9449999928474426,0.9449999928474426,64567
2026-06-08,1.0,1.0499999523162842,0.949999988079071,1.0099999904632568,5885
2026-06-09,0.9700000286102295,0.9700000286102295,0.9700000286102295,0.9700000286102295,132
2026-06-10,0.9700000286102295,0.9700000286102295,0.9599999785423279,0.9700000286102295,9589
2026-06-11,0.9700000286102295,0.9700000286102295,0.800000011920929,0.9100000262260437,23262
2026-06-12,0.9300000071525574,0.9300000071525574,0.9300000071525574,0.9300000071525574,749
2026-06-15,0.8849999904632568,0.8999999761581421,0.8600000143051147,0.8600000143051147,14700
2026-06-16,0.8600000143051147,0.9200000166893005,0.8600000143051147,0.8700000047683716,5516
2026-06-17,0.8700000047683716,0.8899999856948853,0.8700000047683716,0.8899999856948853,1154
2026-06-18,0.8500000238418579,0.8500000238418579,0.824999988079071,0.824999988079071,2060
2026-06-19,0.824999988079071,0.824999988079071,0.824999988079071,0.824999988079071,3364
2026-06-22,0.8299999833106995,0.9100000262260437,0.8100000023841858,0.8399999737739563,15149
2026-06-23,0.8399999737739563,0.8999999761581421,0.8399999737739563,0.8999999761581421,9667
2026-06-24,0.8999999761581421,0.8999999761581421,0.8799999952316284,0.8799999952316284,52
2026-06-25,0.8799999952316284,0.8799999952316284,0.8799999952316284,0.8799999952316284,0
2026-06-26,0.8899999856948853,0.8899999856948853,0.8899999856948853,0.8899999856948853,48
2026-06-29,0.8899999856948853,0.8899999856948853,0.8899999856948853,0.8899999856948853,0
2026-06-30,0.8899999856948853,0.8899999856948853,0.8899999856948853,0.8899999856948853,0
2026-07-01,0.8700000047683716,0.8799999952316284,0.8500000238418579,0.8799999952316284,950
2026-07-02,0.8799999952316284,0.8799999952316284,0.8799999952316284,0.8799999952316284,0
2026-07-03,0.8899999856948853,0.8899999856948853,0.8799999952316284,0.8899999856948853,1476
2026-07-06,0.8799999952316284,0.8799999952316284,0.8600000143051147,0.8600000143051147,30
2026-07-07,0.8500000238418579,0.8500000238418579,0.8399999737739563,0.8399999737739563,100
2026-07-08,0.8299999833106995,0.8299999833106995,0.8299999833106995,0.8299999833106995,2000
2026-07-09,0.8299999833106995,0.8500000238418579,0.8299999833106995,0.8500000238418579,1193
2026-07-10,0.8600000143051147,0.8700000047683716,0.8600000143051147,0.8600000143051147,6047
2026-07-13,0.8600000143051147,0.8600000143051147,0.8600000143051147,0.8600000143051147,0
2026-07-14,0.8600000143051147,0.8600000143051147,0.8600000143051147,0.8600000143051147,15
2026-07-15,0.8700000047683716,0.8799999952316284,0.8700000047683716,0.8799999952316284,57
2026-07-16,0.8500000238418579,0.8500000238418579,0.7799999713897705,0.7799999713897705,5000
2026-07-17,0.7950000166893005,0.8199999928474426,0.7950000166893005,0.8199999928474426,4581
2026-07-20,0.8149999976158142,0.8149999976158142,0.800000011920929,0.800000011920929,490
2026-07-21,0.800000011920929,0.800000011920929,0.7799999713897705,0.800000011920929,1058
2026-07-22,0.800000011920929,0.800000011920929,0.7900000214576721,0.7900000214576721,897
2026-07-23,0.800000011920929,0.800000011920929,0.7799999713897705,0.7799999713897705,761
2026-07-24,0.7699999809265137,0.7699999809265137,0.7699999809265137,0.7699999809265137,16
2026-07-27,0.7699999809265137,0.7699999809265137,0.7699999809265137,0.7699999809265137,0
2026-07-28,0.7699999809265137,0.7900000214576721,0.7599999904632568,0.7900000214576721,226
2026-07-29,0.7900000214576721,0.7900000214576721,0.7900000214576721,0.7900000214576721,0
2026-07-30,0.800000011920929,0.800000011920929,0.7599999904632568,0.7599999904632568,3906
2026-07-31,0.7599999904632568,0.7599999904632568,0.7599999904632568,0.7599999904632568,20
2026-08-03,0.7599999904632568,0.7749999761581421,0.7599999904632568,0.7749999761581421,1515
2026-08-04,0.7749999761581421,0.7749999761581421,0.7749999761581421,0.7749999761581421,147
2026-08-05,0.7749999761581421,0.7749999761581421,0.7649999856948853,0.7649999856948853,1002
2026-08-06,0.7649999856948853,0.7749999761581421,0.7649999856948853,0.7649999856948853,1532
2026-08-07,0.7699999809265137,0.7749999761581421,0.7200000286102295,0.7599999904632568,26928
2026-08-10,0.7649999856948853,0.7799999713897705,0.7200000286102295,0.7799999713897705,27278
2026-08-11,0.7799999713897705,0.8149999976158142,0.7300000190734863,0.8149999976158142,4639
2026-08-12,0.7900000214576721,0.8500000238418579,0.7900000214576721,0.8500000238418579,9375
2026-08-13,0.8600000143051147,0.8799999952316284,0.8600000143051147,0.8799999952316284,3395
2026-08-14,0.8299999833106995,1.059999942779541,0.8299999833106995,1.059999942779541,14806
2026-08-17,1.059999942779541,1.090000033378601,0.9549999833106995,1.0099999904632568,11142
2026-08-18,1.0,1.0399999618530273,1.0,1.0,2227
2026-08-19,0.9800000190734863,0.9800000190734863,0.9599999785423279,0.9599999785423279,1701
2026-08-20,1.0,1.0,1.0,1.0,50
2026-08-21,0.9599999785423279,1.0,0.8700000047683716,0.949999988079071,4234
2026-08-24,1.090000033378601,1.090000033378601,1.0,1.0399999618530273,12793
2026-08-25,1.059999942779541,1.100000023841858,0.9599999785423279,0.9649999737739563,20990
2026-08-26,0.9649999737739563,1.0299999713897705,0.9649999737739563,0.9649999737739563,5305
2026-08-27,1.0,1.0,0.9599999785423279,0.9599999785423279,25
2026-08-28,0.9649999737739563,0.9649999737739563,0.9649999737739563,0.9649999737739563,99
2026-08-31,1.0,1.0199999809265137,1.0,1.0199999809265137,800
2026-09-01,1.0199999809265137,1.0199999809265137,0.9649999737739563,0.9900000095367432,1154
2026-09-02,0.9900000095367432,0.9900000095367432,0.9900000095367432,0.9900000095367432,24
2026-09-03,0.9900000095367432,1.0,0.9900000095367432,1.0,929
2026-09-04,1.0,1.0,0.9750000238418579,0.9750000238418579,220
2026-09-08,1.2400000095367432,1.4900000095367432,1.190000057220459,1.4900000095367432,73859
2026-09-09,1.7200000286102295,1.9800000190734863,1.5499999523162842,1.909999966621399,280441
2026-09-10,1.899999976158142,2.440000057220459,1.899999976158142,2.440000057220459,286929
2026-09-11,2.880000114440918,3.1600000858306885,2.0199999809265137,2.5999999046325684,501380
2026-09-14,2.5999999046325684,2.680000066757202,1.909999966621399,1.940000057220459,308233
2026-09-15,2.0,2.0,1.850000023841858,1.8700000047683716,68117
2026-09-17,1.649999976158142,1.7200000286102295,1.649999976158142,1.7200000286102295,544
