date,open,high,low,close,volume
2021-09-17,0.9419999718666077,0.9419999718666077,0.9120000004768372,0.9340000152587891,16273
2021-09-20,0.9120000004768372,0.9300000071525574,0.8920000195503235,0.9259999990463257,13496
2021-09-21,0.9300000071525574,0.9300000071525574,0.9300000071525574,0.9300000071525574,20
2021-09-22,0.8920000195503235,0.9300000071525574,0.8920000195503235,0.9300000071525574,5020
2021-09-23,0.9200000166893005,0.9200000166893005,0.9200000166893005,0.9200000166893005,2000
2021-09-24,0.9300000071525574,0.9300000071525574,0.8920000195503235,0.9259999990463257,452
2021-09-27,0.9259999990463257,0.9259999990463257,0.9259999990463257,0.9259999990463257,0
2021-09-28,0.9200000166893005,0.9200000166893005,0.9200000166893005,0.9200000166893005,50
2021-09-29,1.0,1.2000000476837158,0.9700000286102295,1.2000000476837158,723870
2021-09-30,1.2999999523162842,1.5800000429153442,1.2699999809265137,1.5800000429153442,1614844
2021-10-01,1.5800000429153442,1.7300000190734863,1.350000023841858,1.375,1055065
2021-10-04,1.3700000047683716,1.4500000476837158,1.2350000143051147,1.340000033378601,549370
2021-10-05,1.3650000095367432,1.440000057220459,1.225000023841858,1.2699999809265137,380333
2021-10-06,1.274999976158142,1.2999999523162842,1.215000033378601,1.2400000095367432,126370
2021-10-07,1.2450000047683716,1.284999966621399,1.2200000286102295,1.2599999904632568,57430
2021-10-08,1.2450000047683716,1.25,1.1649999618530273,1.2000000476837158,228062
2021-10-11,1.1549999713897705,1.399999976158142,1.1549999713897705,1.3899999856948853,258388
2021-10-12,1.399999976158142,1.399999976158142,1.284999966621399,1.340000033378601,137406
2021-10-13,1.3350000381469727,1.350000023841858,1.2200000286102295,1.2450000047683716,134260
2021-10-14,1.25,1.4800000190734863,1.2400000095367432,1.2799999713897705,213262
2021-10-15,1.2799999713897705,1.340000033378601,1.2649999856948853,1.2999999523162842,53985
2021-10-18,1.2999999523162842,1.3700000047683716,1.2799999713897705,1.3600000143051147,116297
2021-10-19,1.3600000143051147,1.3700000047683716,1.2999999523162842,1.3350000381469727,42968
2021-10-20,1.3300000429153442,1.3300000429153442,1.2450000047683716,1.2899999618530273,46532
2021-10-21,1.2599999904632568,1.274999976158142,1.2300000190734863,1.2699999809265137,19307
2021-10-22,1.2699999809265137,1.309999942779541,1.2300000190734863,1.309999942779541,39641
2021-10-25,1.3250000476837158,1.350000023841858,1.2050000429153442,1.2300000190734863,60511
2021-10-26,1.2100000381469727,1.2350000143051147,1.2100000381469727,1.2300000190734863,6587
2021-10-27,1.2350000143051147,1.2350000143051147,1.1299999952316284,1.2200000286102295,54182
2021-10-28,1.190000057220459,1.2050000429153442,1.159999966621399,1.2050000429153442,17024
2021-10-29,1.1699999570846558,1.2100000381469727,1.159999966621399,1.1699999570846558,9297
2021-11-02,1.149999976158142,1.1699999570846558,1.1299999952316284,1.159999966621399,28715
2021-11-03,1.159999966621399,1.159999966621399,1.1100000143051147,1.1399999856948853,13019
2021-11-04,1.1399999856948853,1.1549999713897705,1.0299999713897705,1.1150000095367432,66938
2021-11-05,1.1150000095367432,1.1150000095367432,1.059999942779541,1.100000023841858,61826
2021-11-08,1.1150000095367432,1.1150000095367432,1.059999942779541,1.100000023841858,13733
2021-11-09,1.100000023841858,1.1150000095367432,1.059999942779541,1.059999942779541,9742
2021-11-10,1.0499999523162842,1.100000023841858,1.0,1.0399999618530273,55119
2021-11-12,1.0499999523162842,1.1100000143051147,1.0149999856948853,1.1100000143051147,69146
2021-11-15,1.0950000286102295,1.0950000286102295,1.0099999904632568,1.0850000381469727,22278
2021-11-16,1.0800000429153442,1.0800000429153442,1.0199999809265137,1.065000057220459,6515
2021-11-17,1.065000057220459,1.065000057220459,1.0149999856948853,1.0499999523162842,8813
2021-11-18,1.0499999523162842,1.065000057220459,1.024999976158142,1.0499999523162842,16309
2021-11-19,1.0199999809265137,1.0449999570846558,0.9800000190734863,1.0,40877
2021-11-22,1.034999966621399,1.0399999618530273,0.9620000123977661,1.0399999618530273,43134
2021-11-23,1.0399999618530273,1.0499999523162842,1.0,1.024999976158142,4368
2021-11-24,1.0199999809265137,1.0399999618530273,1.0,1.0199999809265137,4945
2021-11-25,1.0,1.0399999618530273,1.0,1.0149999856948853,18173
2021-11-26,0.9919999837875366,1.0149999856948853,0.984000027179718,1.0,25199
2021-11-29,1.024999976158142,1.024999976158142,0.9800000190734863,1.0149999856948853,5232
2021-11-30,1.0199999809265137,1.100000023841858,0.9800000190734863,1.100000023841858,24621
2021-12-01,1.100000023841858,1.159999966621399,1.0549999475479126,1.0549999475479126,11193
2021-12-02,1.0499999523162842,1.0499999523162842,1.0149999856948853,1.0449999570846558,4584
2021-12-03,1.0449999570846558,1.0449999570846558,1.0399999618530273,1.0449999570846558,171
2021-12-06,1.0449999570846558,1.0449999570846558,1.0399999618530273,1.0399999618530273,1059
2021-12-07,1.024999976158142,1.0499999523162842,1.024999976158142,1.0399999618530273,2749
2021-12-08,1.0399999618530273,1.0399999618530273,1.024999976158142,1.0399999618530273,1022
2021-12-09,1.0399999618530273,1.0499999523162842,0.9900000095367432,1.0499999523162842,56099
2021-12-10,1.0499999523162842,1.059999942779541,1.0499999523162842,1.059999942779541,1945
2021-12-13,1.059999942779541,1.065000057220459,1.059999942779541,1.065000057220459,488
2021-12-14,1.065000057220459,1.0700000524520874,1.0399999618530273,1.0700000524520874,5987
2021-12-15,1.0399999618530273,1.059999942779541,1.0199999809265137,1.0499999523162842,17185
2021-12-16,1.0399999618530273,1.059999942779541,1.024999976158142,1.059999942779541,4702
2021-12-17,1.059999942779541,1.059999942779541,1.0,1.0499999523162842,5806
2021-12-20,1.0399999618530273,1.0399999618530273,0.9599999785423279,1.0299999713897705,6844
2021-12-21,1.024999976158142,1.0700000524520874,0.9900000095367432,1.0449999570846558,30704
2021-12-22,1.059999942779541,1.059999942779541,1.059999942779541,1.059999942779541,55
2021-12-23,1.059999942779541,1.059999942779541,1.024999976158142,1.0499999523162842,461
2021-12-27,1.0499999523162842,1.0499999523162842,1.0,1.0399999618530273,17081
2021-12-28,1.0,1.0399999618530273,1.0,1.0299999713897705,8043
2021-12-29,1.0299999713897705,1.149999976158142,1.0,1.1100000143051147,29281
2021-12-30,1.059999942779541,1.100000023841858,1.0199999809265137,1.100000023841858,10876
2022-01-03,1.059999942779541,1.184999942779541,1.0549999475479126,1.1200000047683716,29382
2022-01-04,1.125,1.125,1.0399999618530273,1.100000023841858,14392
2022-01-05,1.090000033378601,1.090000033378601,1.0299999713897705,1.0700000524520874,10487
2022-01-07,1.065000057220459,1.1699999570846558,1.065000057220459,1.149999976158142,40571
2022-01-10,1.149999976158142,1.2300000190734863,1.149999976158142,1.149999976158142,87894
2022-01-11,1.1399999856948853,1.1549999713897705,1.0750000476837158,1.1200000047683716,40667
2022-01-12,1.125,1.1799999475479126,1.1100000143051147,1.1799999475479126,62481
2022-01-13,1.190000057220459,1.190000057220459,1.1200000047683716,1.159999966621399,19699
2022-01-14,1.1549999713897705,1.1799999475479126,1.1150000095367432,1.149999976158142,7876
2022-01-17,1.1150000095367432,1.1699999570846558,1.1150000095367432,1.1649999618530273,6152
2022-01-18,1.1150000095367432,1.1150000095367432,1.1150000095367432,1.1150000095367432,231
2022-01-19,1.1150000095367432,1.1449999809265137,1.100000023841858,1.1200000047683716,3739
2022-01-20,1.1200000047683716,1.1200000047683716,1.0800000429153442,1.1100000143051147,9333
2022-01-21,1.1100000143051147,1.1100000143051147,1.0700000524520874,1.090000033378601,2682
2022-01-24,1.090000033378601,1.090000033378601,0.9620000123977661,0.9620000123977661,46061
2022-01-25,0.9959999918937683,1.0,0.9639999866485596,1.0,40536
2022-01-26,1.0199999809265137,1.0499999523162842,1.0049999952316284,1.0199999809265137,17301
2022-01-27,1.0099999904632568,1.024999976158142,1.0099999904632568,1.024999976158142,1514
2022-01-28,1.024999976158142,1.034999966621399,1.024999976158142,1.034999966621399,1075
2022-01-31,1.034999966621399,1.034999966621399,1.034999966621399,1.034999966621399,300
2022-02-01,1.0299999713897705,1.034999966621399,1.0299999713897705,1.034999966621399,211
2022-02-02,1.0149999856948853,1.090000033378601,1.0149999856948853,1.090000033378601,18362
2022-02-03,1.0850000381469727,1.0850000381469727,1.0399999618530273,1.059999942779541,6265
2022-02-04,1.0299999713897705,1.0399999618530273,0.9919999837875366,0.9940000176429749,11989
2022-02-07,1.0399999618530273,1.0399999618530273,1.0399999618530273,1.0399999618530273,11
2022-02-08,0.9940000176429749,1.0399999618530273,0.9940000176429749,1.0399999618530273,4181
2022-02-09,1.0299999713897705,1.0299999713897705,0.9919999837875366,1.0149999856948853,17313
2022-02-10,1.0,1.0149999856948853,1.0,1.0149999856948853,5018
2022-02-11,0.9959999918937683,1.0950000286102295,0.9959999918937683,1.0549999475479126,104247
2022-02-14,1.0099999904632568,1.0299999713897705,0.9940000176429749,1.0199999809265137,15822
2022-02-15,1.059999942779541,1.059999942779541,1.0,1.0449999570846558,6766
2022-02-16,1.0149999856948853,1.024999976158142,1.0,1.0199999809265137,12020
2022-02-17,1.0199999809265137,1.059999942779541,1.0049999952316284,1.0299999713897705,7350
2022-02-18,1.0449999570846558,1.0449999570846558,1.0449999570846558,1.0449999570846558,22
2022-02-21,1.034999966621399,1.034999966621399,0.9319999814033508,1.0149999856948853,23806
2022-02-22,1.0,1.0049999952316284,1.0,1.0049999952316284,3032
2022-02-23,1.0049999952316284,1.0049999952316284,0.9620000123977661,0.9620000123977661,6644
2022-02-24,0.9300000071525574,0.949999988079071,0.8899999856948853,0.9459999799728394,33269
2022-02-25,0.9459999799728394,1.0049999952316284,0.9100000262260437,1.0049999952316284,5429
2022-02-28,0.9800000190734863,1.0750000476837158,0.9800000190734863,1.0499999523162842,71372
2022-03-01,1.0399999618530273,1.065000057220459,1.0149999856948853,1.0449999570846558,34037
2022-03-02,1.0449999570846558,1.340000033378601,1.0449999570846558,1.340000033378601,358978
2022-03-03,1.409999966621399,1.7699999809265137,1.399999976158142,1.659999966621399,934540
2022-03-04,1.6950000524520874,1.75,1.4500000476837158,1.6799999475479126,274121
2022-03-07,1.690000057220459,1.75,1.5299999713897705,1.534999966621399,35283
2022-03-08,1.659999966621399,1.659999966621399,1.2400000095367432,1.3300000429153442,86859
2022-03-09,1.3300000429153442,1.565000057220459,1.25,1.4500000476837158,49876
2022-03-10,1.4900000095367432,1.590000033378601,1.3450000286102295,1.4700000286102295,73566
2022-03-11,1.409999966621399,1.4600000381469727,1.2699999809265137,1.2699999809265137,10116
2022-03-14,1.3799999952316284,1.3899999856948853,1.25,1.3250000476837158,17619
2022-03-15,1.3250000476837158,1.3250000476837158,1.2699999809265137,1.2949999570846558,10750
2022-03-16,1.2699999809265137,1.3899999856948853,1.159999966621399,1.3899999856948853,71513
2022-03-17,1.3899999856948853,1.5950000286102295,1.2400000095367432,1.3350000381469727,290454
2022-03-18,1.309999942779541,1.3600000143051147,1.2000000476837158,1.3300000429153442,35168
2022-03-21,1.2799999713897705,1.3300000429153442,1.2599999904632568,1.2949999570846558,5907
2022-03-22,1.2949999570846558,1.3049999475479126,1.2200000286102295,1.25,23999
2022-03-23,1.2450000047683716,1.309999942779541,1.2000000476837158,1.2999999523162842,43925
2022-03-24,1.2999999523162842,1.340000033378601,1.2799999713897705,1.340000033378601,36117
2022-03-25,1.340000033378601,1.399999976158142,1.2899999618530273,1.3700000047683716,22557
2022-03-28,1.3700000047683716,1.399999976158142,1.340000033378601,1.3899999856948853,5774
2022-03-29,1.3700000047683716,1.399999976158142,1.2799999713897705,1.3350000381469727,12547
2022-03-30,1.2699999809265137,1.350000023841858,1.2699999809265137,1.350000023841858,41697
2022-03-31,1.340000033378601,1.350000023841858,1.2949999570846558,1.3300000429153442,13198
2022-04-01,1.309999942779541,1.3450000286102295,1.309999942779541,1.3450000286102295,5342
2022-04-04,1.3450000286102295,1.3450000286102295,1.2899999618530273,1.340000033378601,4543
2022-04-05,1.3300000429153442,1.3450000286102295,1.3200000524520874,1.3450000286102295,4570
2022-04-06,1.3450000286102295,1.399999976158142,1.3450000286102295,1.399999976158142,12447
2022-04-07,1.350000023841858,1.3899999856948853,1.340000033378601,1.3899999856948853,1762
2022-04-08,1.3899999856948853,1.3899999856948853,1.2999999523162842,1.3600000143051147,4505
2022-04-11,1.350000023841858,1.4850000143051147,1.25,1.399999976158142,353099
2022-04-12,1.399999976158142,1.4299999475479126,1.350000023841858,1.399999976158142,15418
2022-04-13,1.3949999809265137,1.465000033378601,1.3799999952316284,1.465000033378601,45997
2022-04-14,1.465000033378601,1.4900000095367432,1.399999976158142,1.4800000190734863,27243
2022-04-19,1.4600000381469727,1.4600000381469727,1.3200000524520874,1.3200000524520874,36593
2022-04-20,1.3200000524520874,1.3700000047683716,1.2799999713897705,1.2999999523162842,29957
2022-04-21,1.2999999523162842,1.2999999523162842,1.2100000381469727,1.2699999809265137,42818
2022-04-22,1.2699999809265137,1.2999999523162842,1.2599999904632568,1.2999999523162842,3750
2022-04-25,1.2949999570846558,1.440000057220459,1.25,1.4049999713897705,114025
2022-04-26,1.4199999570846558,1.4249999523162842,1.284999966621399,1.3300000429153442,48168
2022-04-27,1.350000023841858,1.5,1.350000023841858,1.3899999856948853,83524
2022-04-28,1.399999976158142,1.5399999618530273,1.399999976158142,1.5149999856948853,57790
2022-04-29,1.5,1.5199999809265137,1.4550000429153442,1.5199999809265137,15494
2022-05-02,1.5199999809265137,1.590000033378601,1.4600000381469727,1.5800000429153442,38325
2022-05-04,1.5750000476837158,1.5750000476837158,1.4299999475479126,1.5399999618530273,12421
2022-05-05,1.5399999618530273,1.5399999618530273,1.4500000476837158,1.5199999809265137,2510
2022-05-06,1.5199999809265137,1.5399999618530273,1.3899999856948853,1.4700000286102295,23215
2022-05-09,1.4700000286102295,1.4700000286102295,1.4700000286102295,1.4700000286102295,0
2022-05-10,1.440000057220459,1.5399999618530273,1.2999999523162842,1.4700000286102295,26371
2022-05-11,1.399999976158142,1.4600000381469727,1.340000033378601,1.3899999856948853,5233
2022-05-12,1.3700000047683716,1.399999976158142,1.3200000524520874,1.3700000047683716,8321
2022-05-13,1.3600000143051147,1.399999976158142,1.3600000143051147,1.399999976158142,1047
2022-05-16,1.3600000143051147,1.399999976158142,1.2799999713897705,1.350000023841858,13758
2022-05-17,1.3949999809265137,1.3949999809265137,1.2999999523162842,1.350000023841858,3189
2022-05-18,1.3899999856948853,1.3899999856948853,1.2549999952316284,1.3049999475479126,26090
2022-05-19,1.2799999713897705,1.3700000047683716,1.2200000286102295,1.3049999475479126,13138
2022-05-20,1.2699999809265137,1.309999942779541,1.2699999809265137,1.309999942779541,2729
2022-05-23,1.309999942779541,1.3200000524520874,1.309999942779541,1.3200000524520874,4158
2022-05-24,1.2799999713897705,1.3700000047683716,1.2799999713897705,1.340000033378601,4693
2022-05-25,1.2799999713897705,1.350000023841858,1.215000033378601,1.309999942779541,7813
2022-05-26,1.309999942779541,1.309999942779541,1.2400000095367432,1.309999942779541,5841
2022-05-27,1.309999942779541,1.309999942779541,1.2549999952316284,1.309999942779541,457
2022-05-30,1.2899999618530273,1.309999942779541,1.25,1.3049999475479126,6840
2022-05-31,1.3049999475479126,1.309999942779541,1.2200000286102295,1.2799999713897705,11318
2022-06-01,1.2599999904632568,1.2999999523162842,1.2599999904632568,1.2999999523162842,200
2022-06-02,1.2899999618530273,1.2899999618530273,1.2000000476837158,1.2899999618530273,31145
2022-06-03,1.2899999618530273,1.309999942779541,1.2300000190734863,1.2899999618530273,22249
2022-06-06,1.3200000524520874,1.3300000429153442,1.25,1.309999942779541,5690
2022-06-07,1.2899999618530273,1.3049999475479126,1.190000057220459,1.2450000047683716,24378
2022-06-08,1.25,1.2799999713897705,1.2100000381469727,1.2799999713897705,1671
2022-06-09,1.25,1.2799999713897705,1.25,1.274999976158142,2022
2022-06-10,1.215000033378601,1.2699999809265137,1.2050000429153442,1.2699999809265137,1995
2022-06-13,1.2699999809265137,1.2699999809265137,1.1950000524520874,1.2200000286102295,3541
2022-06-14,1.2300000190734863,1.2699999809265137,1.2300000190734863,1.2699999809265137,88
2022-06-15,1.2300000190734863,1.2699999809265137,1.2300000190734863,1.2699999809265137,1382
2022-06-17,1.2400000095367432,1.2699999809265137,1.2400000095367432,1.25,2728
2022-06-20,1.2200000286102295,1.2599999904632568,1.2200000286102295,1.2549999952316284,1422
2022-06-21,1.2400000095367432,1.2699999809265137,1.215000033378601,1.215000033378601,857
2022-06-22,1.2699999809265137,1.2699999809265137,1.2699999809265137,1.2699999809265137,811
2022-06-23,1.2599999904632568,1.2599999904632568,1.2599999904632568,1.2599999904632568,10
2022-06-24,1.2599999904632568,1.2599999904632568,1.1799999475479126,1.2400000095367432,4032
2022-06-27,1.2450000047683716,1.2450000047683716,1.2450000047683716,1.2450000047683716,11
2022-06-28,1.1799999475479126,1.2400000095367432,1.1799999475479126,1.2350000143051147,3467
2022-06-29,1.2000000476837158,1.2350000143051147,1.2000000476837158,1.2350000143051147,4542
2022-06-30,1.2400000095367432,1.25,1.2400000095367432,1.25,2711
2022-07-01,1.25,1.309999942779541,1.2000000476837158,1.309999942779541,9954
2022-07-04,1.2999999523162842,1.2999999523162842,1.2999999523162842,1.2999999523162842,300
2022-07-05,1.2999999523162842,1.2999999523162842,1.159999966621399,1.2699999809265137,9648
2022-07-06,1.2699999809265137,1.2699999809265137,1.1699999570846558,1.1699999570846558,14570
2022-07-07,1.1699999570846558,1.2599999904632568,1.1699999570846558,1.2400000095367432,17703
2022-07-08,1.2549999952316284,1.2599999904632568,1.25,1.25,202
2022-07-11,1.25,1.25,1.1799999475479126,1.1799999475479126,60
2022-07-12,1.25,1.25,1.25,1.25,66
2022-07-13,1.2450000047683716,1.2450000047683716,1.2000000476837158,1.2400000095367432,1137
2022-07-14,1.2400000095367432,1.2400000095367432,1.2400000095367432,1.2400000095367432,0
2022-07-15,1.190000057220459,1.2699999809265137,1.159999966621399,1.2450000047683716,20359
2022-07-18,1.1699999570846558,1.2799999713897705,1.1100000143051147,1.1549999713897705,64350
2022-07-19,1.159999966621399,1.1799999475479126,1.1100000143051147,1.1549999713897705,7401
2022-07-20,1.1200000047683716,1.149999976158142,1.1100000143051147,1.149999976158142,32620
2022-07-21,1.159999966621399,1.1799999475479126,1.1050000190734863,1.1799999475479126,15676
2022-07-22,1.1699999570846558,1.1799999475479126,1.149999976158142,1.1799999475479126,4525
2022-07-25,1.184999942779541,1.184999942779541,1.1799999475479126,1.1799999475479126,2101
2022-07-26,1.190000057220459,1.190000057220459,1.1399999856948853,1.1699999570846558,1302
2022-07-27,1.149999976158142,1.1699999570846558,1.149999976158142,1.1699999570846558,2578
2022-07-28,1.1699999570846558,1.1699999570846558,1.1699999570846558,1.1699999570846558,4000
2022-07-29,1.1749999523162842,1.2100000381469727,1.1349999904632568,1.2100000381469727,12415
2022-08-01,1.2000000476837158,1.3799999952316284,1.2000000476837158,1.3700000047683716,58767
2022-08-02,1.4299999475479126,1.7999999523162842,1.4199999570846558,1.6799999475479126,765011
2022-08-03,1.75,2.200000047683716,1.75,1.9299999475479126,1320647
2022-08-04,1.9800000190734863,1.9800000190734863,1.649999976158142,1.7699999809265137,302153
2022-08-05,1.7599999904632568,1.7599999904632568,1.590000033378601,1.6749999523162842,143353
2022-08-08,1.6649999618530273,1.7000000476837158,1.559999942779541,1.6649999618530273,75548
2022-08-09,1.6649999618530273,1.75,1.5750000476837158,1.6200000047683716,100204
2022-08-10,1.6200000047683716,1.6200000047683716,1.5399999618530273,1.600000023841858,16779
2022-08-11,1.600000023841858,1.7999999523162842,1.565000057220459,1.75,149469
2022-08-12,1.75,1.7899999618530273,1.6749999523162842,1.7400000095367432,34054
2022-08-16,1.7450000047683716,1.75,1.6100000143051147,1.6699999570846558,77237
2022-08-17,1.6299999952316284,1.6549999713897705,1.590000033378601,1.6150000095367432,18043
2022-08-18,1.590000033378601,1.590000033378601,1.4600000381469727,1.5499999523162842,48835
2022-08-19,1.565000057220459,1.5950000286102295,1.5,1.5850000381469727,42327
2022-08-22,1.5299999713897705,1.5499999523162842,1.5099999904632568,1.524999976158142,25139
2022-08-23,1.5299999713897705,1.5750000476837158,1.4800000190734863,1.5750000476837158,39857
2022-08-24,1.5750000476837158,1.5800000429153442,1.5049999952316284,1.5299999713897705,37202
2022-08-25,1.5449999570846558,1.6399999856948853,1.5399999618530273,1.5399999618530273,46681
2022-08-26,1.5499999523162842,1.6150000095367432,1.5199999809265137,1.6050000190734863,21464
2022-08-29,1.600000023841858,1.6100000143051147,1.5199999809265137,1.5950000286102295,9569
2022-08-30,1.6399999856948853,1.7000000476837158,1.590000033378601,1.6749999523162842,107360
2022-08-31,1.6150000095367432,1.75,1.6150000095367432,1.75,49322
2022-09-01,1.75,1.75,1.6399999856948853,1.7350000143051147,23098
2022-09-02,1.75,1.75,1.6699999570846558,1.7300000190734863,55121
2022-09-05,1.7450000047683716,1.75,1.6799999475479126,1.75,27777
2022-09-06,1.7649999856948853,1.7999999523162842,1.7350000143051147,1.75,47665
2022-09-07,1.7400000095367432,1.7699999809265137,1.690000057220459,1.7400000095367432,16372
2022-09-08,1.7000000476837158,1.75,1.690000057220459,1.7000000476837158,12675
2022-09-09,1.7000000476837158,1.7000000476837158,1.5750000476837158,1.649999976158142,12140
2022-09-12,1.6200000047683716,1.6749999523162842,1.5800000429153442,1.649999976158142,29103
2022-09-13,1.5800000429153442,1.6299999952316284,1.524999976158142,1.600000023841858,20970
2022-09-14,1.600000023841858,1.6200000047683716,1.4950000047683716,1.5800000429153442,19254
2022-09-15,1.5800000429153442,1.600000023841858,1.5299999713897705,1.5850000381469727,5421
2022-09-16,1.5299999713897705,1.5399999618530273,1.5,1.5399999618530273,7732
2022-09-19,1.5399999618530273,1.559999942779541,1.4600000381469727,1.534999966621399,7118
2022-09-20,1.534999966621399,1.534999966621399,1.4950000047683716,1.524999976158142,4145
2022-09-21,1.5299999713897705,1.5299999713897705,1.4800000190734863,1.5199999809265137,1844
2022-09-22,1.5399999618530273,1.559999942779541,1.4700000286102295,1.5399999618530273,9365
2022-09-23,1.5399999618530273,1.5800000429153442,1.5099999904632568,1.559999942779541,6044
2022-09-26,1.5099999904632568,1.5499999523162842,1.475000023841858,1.5449999570846558,5287
2022-09-27,1.5399999618530273,1.5399999618530273,1.5,1.5299999713897705,2469
2022-09-28,1.5299999713897705,1.5299999713897705,1.4049999713897705,1.4900000095367432,29322
2022-09-29,1.4900000095367432,1.4900000095367432,1.4299999475479126,1.4900000095367432,1689
2022-09-30,1.4900000095367432,1.4900000095367432,1.434999942779541,1.4900000095367432,2247
2022-10-03,1.434999942779541,1.4600000381469727,1.3849999904632568,1.4550000429153442,13308
2022-10-04,1.4550000429153442,1.5,1.399999976158142,1.5,10855
2022-10-05,1.4900000095367432,1.534999966621399,1.4049999713897705,1.4800000190734863,16643
2022-10-06,1.4049999713897705,1.4550000429153442,1.3600000143051147,1.4299999475479126,18917
2022-10-07,1.4299999475479126,1.440000057220459,1.4299999475479126,1.440000057220459,95
2022-10-10,1.440000057220459,1.4450000524520874,1.3550000190734863,1.3700000047683716,8702
2022-10-11,1.399999976158142,1.4550000429153442,1.375,1.4149999618530273,6854
2022-10-12,1.4149999618530273,1.4249999523162842,1.3700000047683716,1.4249999523162842,2561
2022-10-13,1.4249999523162842,1.4299999475479126,1.409999966621399,1.4249999523162842,1033
2022-10-14,1.4299999475479126,1.4299999475479126,1.399999976158142,1.4299999475479126,2240
2022-10-17,1.375,1.399999976158142,1.309999942779541,1.3949999809265137,36782
2022-10-18,1.4049999713897705,1.4249999523162842,1.350000023841858,1.4249999523162842,18888
2022-10-19,1.3450000286102295,1.399999976158142,1.3200000524520874,1.399999976158142,14975
2022-10-20,1.399999976158142,1.399999976158142,1.309999942779541,1.3700000047683716,18164
2022-10-21,1.3700000047683716,1.4149999618530273,1.2699999809265137,1.3650000095367432,67441
2022-10-24,1.3650000095367432,1.3650000095367432,1.2999999523162842,1.3650000095367432,9990
2022-10-25,1.3550000190734863,1.3600000143051147,1.2899999618530273,1.2999999523162842,11279
2022-10-26,1.350000023841858,1.3550000190734863,1.2899999618530273,1.3550000190734863,39500
2022-10-27,1.2949999570846558,1.3049999475479126,1.2899999618530273,1.2999999523162842,24282
2022-10-28,1.3250000476837158,1.3250000476837158,1.274999976158142,1.2899999618530273,19887
2022-10-31,1.2999999523162842,1.3650000095367432,1.25,1.3250000476837158,42809
2022-11-02,1.284999966621399,1.309999942779541,1.2599999904632568,1.2999999523162842,13047
2022-11-03,1.3049999475479126,1.3049999475479126,1.2200000286102295,1.2200000286102295,54726
2022-11-04,1.2300000190734863,1.3200000524520874,1.2300000190734863,1.3200000524520874,23497
2022-11-07,1.3200000524520874,1.440000057220459,1.2949999570846558,1.375,34150
2022-11-08,1.3849999904632568,1.399999976158142,1.3849999904632568,1.399999976158142,3187
2022-11-09,1.3949999809265137,1.399999976158142,1.3450000286102295,1.399999976158142,2870
2022-11-10,1.399999976158142,1.4299999475479126,1.399999976158142,1.4249999523162842,12815
2022-11-14,1.3899999856948853,1.440000057220459,1.350000023841858,1.3899999856948853,46846
2022-11-15,1.4249999523162842,1.440000057220459,1.350000023841858,1.4299999475479126,54028
2022-11-16,1.4299999475479126,1.4299999475479126,1.3450000286102295,1.399999976158142,12996
2022-11-17,1.399999976158142,1.4800000190734863,1.284999966621399,1.4249999523162842,220115
2022-11-18,1.434999942779541,1.4900000095367432,1.4299999475479126,1.4800000190734863,10982
2022-11-21,1.4600000381469727,1.4600000381469727,1.3799999952316284,1.440000057220459,108049
2022-11-22,1.4199999570846558,1.4700000286102295,1.4149999618530273,1.465000033378601,25377
2022-11-23,1.4800000190734863,1.5499999523162842,1.409999966621399,1.5199999809265137,59646
2022-11-24,1.524999976158142,1.590000033378601,1.4600000381469727,1.590000033378601,36496
2022-11-25,1.5449999570846558,1.5499999523162842,1.4850000143051147,1.5499999523162842,12414
2022-11-28,1.5299999713897705,1.5299999713897705,1.4850000143051147,1.5149999856948853,1569
2022-11-29,1.5149999856948853,1.5299999713897705,1.4249999523162842,1.5,61456
2022-11-30,1.4900000095367432,1.590000033378601,1.4850000143051147,1.534999966621399,52569
2022-12-01,1.5,1.5449999570846558,1.4600000381469727,1.5199999809265137,42036
2022-12-02,1.5199999809265137,1.5449999570846558,1.4700000286102295,1.5299999713897705,15178
2022-12-05,1.5299999713897705,1.5299999713897705,1.5,1.5299999713897705,5211
2022-12-06,1.5,1.524999976158142,1.4600000381469727,1.5199999809265137,10029
2022-12-07,1.5199999809265137,1.5700000524520874,1.5199999809265137,1.5549999475479126,11213
2022-12-08,1.5499999523162842,1.5499999523162842,1.4600000381469727,1.5199999809265137,15406
2022-12-09,1.5149999856948853,1.5199999809265137,1.4700000286102295,1.5049999952316284,10122
2022-12-12,1.4600000381469727,1.4600000381469727,1.375,1.4500000476837158,36206
2022-12-13,1.4450000524520874,1.4450000524520874,1.399999976158142,1.4299999475479126,1512
2022-12-14,1.4299999475479126,1.534999966621399,1.4299999475479126,1.4700000286102295,110390
2022-12-15,1.4700000286102295,1.5,1.4600000381469727,1.4900000095367432,9991
2022-12-16,1.4900000095367432,1.4900000095367432,1.4600000381469727,1.4700000286102295,4054
2022-12-19,1.465000033378601,1.4900000095367432,1.434999942779541,1.465000033378601,2826
2022-12-20,1.4800000190734863,1.4800000190734863,1.409999966621399,1.4600000381469727,6184
2022-12-21,1.409999966621399,1.4550000429153442,1.3899999856948853,1.4249999523162842,10908
2022-12-22,1.4249999523162842,1.4299999475479126,1.399999976158142,1.4299999475479126,3365
2022-12-23,1.4299999475479126,1.4299999475479126,1.3600000143051147,1.4199999570846558,38232
2022-12-27,1.375,1.4199999570846558,1.375,1.4199999570846558,3001
2022-12-28,1.4149999618530273,1.4149999618530273,1.3600000143051147,1.3700000047683716,158280
2022-12-29,1.375,1.4299999475479126,1.350000023841858,1.4149999618530273,38376
2022-12-30,1.440000057220459,1.4700000286102295,1.3600000143051147,1.4600000381469727,19731
2023-01-02,1.4600000381469727,1.5299999713897705,1.399999976158142,1.4049999713897705,14756
2023-01-03,1.4249999523162842,1.6699999570846558,1.399999976158142,1.5399999618530273,342027
2023-01-04,1.5449999570846558,1.590000033378601,1.5,1.5499999523162842,47701
2023-01-05,1.5399999618530273,1.6200000047683716,1.5149999856948853,1.5499999523162842,93792
2023-01-09,1.565000057220459,1.6100000143051147,1.534999966621399,1.600000023841858,64867
2023-01-10,1.590000033378601,1.6100000143051147,1.5,1.5399999618530273,75924
2023-01-11,1.5399999618530273,1.559999942779541,1.5,1.534999966621399,43670
2023-01-12,1.5499999523162842,1.5700000524520874,1.4800000190734863,1.5399999618530273,29964
2023-01-13,1.5299999713897705,1.5399999618530273,1.5,1.534999966621399,9732
2023-01-16,1.534999966621399,1.6799999475479126,1.534999966621399,1.6299999952316284,62870
2023-01-17,1.6349999904632568,1.6399999856948853,1.5499999523162842,1.6299999952316284,19166
2023-01-18,1.6399999856948853,1.6549999713897705,1.600000023841858,1.6349999904632568,5490
2023-01-19,1.625,1.659999966621399,1.559999942779541,1.6100000143051147,72669
2023-01-20,1.6150000095367432,1.659999966621399,1.600000023841858,1.649999976158142,50579
2023-01-23,1.6150000095367432,1.690000057220459,1.5800000429153442,1.6699999570846558,48192
2023-01-24,1.6699999570846558,1.6799999475479126,1.600000023841858,1.6299999952316284,26621
2023-01-25,1.590000033378601,1.6200000047683716,1.5299999713897705,1.600000023841858,23463
2023-01-26,1.600000023841858,1.600000023841858,1.5399999618530273,1.590000033378601,9978
2023-01-27,1.590000033378601,1.590000033378601,1.534999966621399,1.5800000429153442,53
2023-01-30,1.559999942779541,1.5800000429153442,1.4700000286102295,1.5199999809265137,60514
2023-01-31,1.5199999809265137,1.5399999618530273,1.5,1.524999976158142,14596
2023-02-01,1.5,1.5,1.4700000286102295,1.4700000286102295,20482
2023-02-02,1.4700000286102295,1.5549999475479126,1.4600000381469727,1.5399999618530273,30524
2023-02-03,1.5,1.600000023841858,1.4450000524520874,1.5549999475479126,69598
2023-02-06,1.465000033378601,1.600000023841858,1.4500000476837158,1.5299999713897705,56292
2023-02-07,1.4600000381469727,1.5099999904632568,1.4500000476837158,1.5099999904632568,6145
2023-02-08,1.5099999904632568,1.5099999904632568,1.409999966621399,1.4850000143051147,30964
2023-02-09,1.4850000143051147,1.5399999618530273,1.4600000381469727,1.5099999904632568,14704
2023-02-10,1.4249999523162842,1.475000023841858,1.4249999523162842,1.475000023841858,13929
2023-02-13,1.4450000524520874,1.4950000047683716,1.4450000524520874,1.4900000095367432,8512
2023-02-14,1.5,1.5099999904632568,1.5,1.5,1797
2023-02-15,1.4950000047683716,1.5750000476837158,1.4900000095367432,1.5700000524520874,35618
2023-02-16,1.5700000524520874,1.6399999856948853,1.4299999475479126,1.4700000286102295,133843
2023-02-17,1.4700000286102295,1.5199999809265137,1.4700000286102295,1.4700000286102295,3842
2023-02-20,1.4700000286102295,1.5149999856948853,1.4700000286102295,1.5149999856948853,10182
2023-02-21,1.5199999809265137,1.5299999713897705,1.4800000190734863,1.5199999809265137,8410
2023-02-22,1.5199999809265137,1.5449999570846558,1.4800000190734863,1.4850000143051147,36321
2023-02-23,1.5099999904632568,1.534999966621399,1.5,1.5199999809265137,2469
2023-02-24,1.4700000286102295,1.4700000286102295,1.440000057220459,1.4600000381469727,14240
2023-02-27,1.4600000381469727,1.4900000095367432,1.4500000476837158,1.4500000476837158,3702
2023-02-28,1.4550000429153442,1.4900000095367432,1.440000057220459,1.4800000190734863,15052
2023-03-01,1.4700000286102295,1.5,1.4600000381469727,1.5,3419
2023-03-02,1.4600000381469727,1.4800000190734863,1.440000057220459,1.4800000190734863,5188
2023-03-03,1.4450000524520874,1.4700000286102295,1.434999942779541,1.4700000286102295,11454
2023-03-06,1.4450000524520874,1.534999966621399,1.399999976158142,1.534999966621399,25499
2023-03-07,1.524999976158142,1.524999976158142,1.4850000143051147,1.4850000143051147,3614
2023-03-08,1.4800000190734863,1.5199999809265137,1.4700000286102295,1.5199999809265137,31578
2023-03-09,1.5199999809265137,1.5700000524520874,1.4600000381469727,1.5399999618530273,59006
2023-03-10,1.5,1.5449999570846558,1.5,1.534999966621399,18356
2023-03-13,1.5299999713897705,1.5299999713897705,1.4299999475479126,1.4700000286102295,19576
2023-03-14,1.4600000381469727,1.4600000381469727,1.4500000476837158,1.4600000381469727,5440
2023-03-15,1.4600000381469727,1.4950000047683716,1.399999976158142,1.4199999570846558,48842
2023-03-16,1.440000057220459,1.465000033378601,1.440000057220459,1.465000033378601,25178
2023-03-17,1.440000057220459,1.6399999856948853,1.440000057220459,1.6200000047683716,108773
2023-03-20,1.6200000047683716,1.6449999809265137,1.5099999904632568,1.5700000524520874,33417
2023-03-21,1.5700000524520874,1.6649999618530273,1.5199999809265137,1.6349999904632568,120535
2023-03-22,1.6349999904632568,1.659999966621399,1.5499999523162842,1.565000057220459,27743
2023-03-23,1.5800000429153442,1.5800000429153442,1.4850000143051147,1.5199999809265137,11011
2023-03-24,1.524999976158142,1.5499999523162842,1.4900000095367432,1.524999976158142,6799
2023-03-27,1.524999976158142,1.534999966621399,1.440000057220459,1.4900000095367432,26394
2023-03-28,1.4299999475479126,1.4500000476837158,1.340000033378601,1.3799999952316284,65277
2023-03-29,1.4049999713897705,1.4600000381469727,1.3700000047683716,1.4299999475479126,23818
2023-03-30,1.4299999475479126,1.4299999475479126,1.3700000047683716,1.4299999475479126,21499
2023-03-31,1.3949999809265137,1.4149999618530273,1.3849999904632568,1.4149999618530273,3201
2023-04-03,1.409999966621399,1.409999966621399,1.409999966621399,1.409999966621399,122
2023-04-04,1.4199999570846558,1.434999942779541,1.399999976158142,1.399999976158142,254
2023-04-05,1.399999976158142,1.434999942779541,1.399999976158142,1.434999942779541,3758
2023-04-06,1.440000057220459,1.4500000476837158,1.440000057220459,1.4500000476837158,234
2023-04-11,1.4299999475479126,1.4600000381469727,1.4299999475479126,1.4600000381469727,4723
2023-04-12,1.4600000381469727,1.4600000381469727,1.440000057220459,1.440000057220459,1063
2023-04-13,1.440000057220459,1.440000057220459,1.3899999856948853,1.4249999523162842,11423
2023-04-14,1.3899999856948853,1.4149999618530273,1.3899999856948853,1.4149999618530273,8893
2023-04-17,1.4199999570846558,1.4249999523162842,1.3899999856948853,1.4249999523162842,6489
2023-04-18,1.4249999523162842,1.4450000524520874,1.4249999523162842,1.4450000524520874,2519
2023-04-19,1.4450000524520874,1.4500000476837158,1.4049999713897705,1.4500000476837158,614
2023-04-20,1.399999976158142,1.440000057220459,1.3949999809265137,1.434999942779541,3284
2023-04-21,1.434999942779541,1.434999942779541,1.4299999475479126,1.4299999475479126,840
2023-04-24,1.4299999475479126,1.4299999475479126,1.3949999809265137,1.399999976158142,2036
2023-04-25,1.4199999570846558,1.4299999475479126,1.399999976158142,1.4049999713897705,5368
2023-04-26,1.399999976158142,1.399999976158142,1.3899999856948853,1.3899999856948853,3822
2023-04-27,1.399999976158142,1.4249999523162842,1.399999976158142,1.4249999523162842,1701
2023-04-28,1.399999976158142,1.4249999523162842,1.3799999952316284,1.3799999952316284,24636
2023-05-02,1.3650000095367432,1.4199999570846558,1.3300000429153442,1.399999976158142,15126
2023-05-04,1.340000033378601,1.3949999809265137,1.340000033378601,1.3949999809265137,3618
2023-05-05,1.340000033378601,1.3799999952316284,1.3300000429153442,1.3300000429153442,7825
2023-05-08,1.3849999904632568,1.3849999904632568,1.3300000429153442,1.350000023841858,7506
2023-05-09,1.340000033378601,1.3700000047683716,1.340000033378601,1.3700000047683716,2711
2023-05-10,1.3650000095367432,1.375,1.3300000429153442,1.3600000143051147,12741
2023-05-11,1.3350000381469727,1.350000023841858,1.3300000429153442,1.350000023841858,4104
2023-05-12,1.3550000190734863,1.3600000143051147,1.2899999618530273,1.3600000143051147,16562
2023-05-15,1.3600000143051147,1.3799999952316284,1.3200000524520874,1.3799999952316284,7870
2023-05-16,1.5,1.534999966621399,1.4600000381469727,1.475000023841858,146463
2023-05-17,1.4500000476837158,1.5,1.4500000476837158,1.5,32347
2023-05-18,1.5,1.534999966621399,1.4800000190734863,1.4950000047683716,60017
2023-05-19,1.4950000047683716,1.4950000047683716,1.4299999475479126,1.475000023841858,16237
2023-05-22,1.4299999475479126,1.4850000143051147,1.4299999475479126,1.4800000190734863,9078
2023-05-23,1.4500000476837158,1.4800000190734863,1.4500000476837158,1.4500000476837158,14100
2023-05-24,1.4550000429153442,1.4700000286102295,1.4500000476837158,1.4500000476837158,21011
2023-05-25,1.4700000286102295,1.4800000190734863,1.4500000476837158,1.4800000190734863,16900
2023-05-26,1.4500000476837158,1.5,1.4500000476837158,1.5,22804
2023-05-29,1.4900000095367432,1.4900000095367432,1.4600000381469727,1.475000023841858,2003
2023-05-30,1.4800000190734863,1.4800000190734863,1.475000023841858,1.475000023841858,8200
2023-05-31,1.475000023841858,1.475000023841858,1.375,1.4299999475479126,31457
2023-06-01,1.4299999475479126,1.4299999475479126,1.4299999475479126,1.4299999475479126,1100
2023-06-02,1.4299999475479126,1.4299999475479126,1.399999976158142,1.4299999475479126,9287
2023-06-05,1.440000057220459,1.440000057220459,1.440000057220459,1.440000057220459,1
2023-06-06,1.4049999713897705,1.4450000524520874,1.399999976158142,1.4450000524520874,340
2023-06-07,1.409999966621399,1.4249999523162842,1.3949999809265137,1.409999966621399,4614
2023-06-09,1.4299999475479126,1.434999942779541,1.399999976158142,1.434999942779541,4202
2023-06-12,1.434999942779541,1.434999942779541,1.3949999809265137,1.3949999809265137,1863
2023-06-13,1.3949999809265137,1.4249999523162842,1.3949999809265137,1.3949999809265137,2011
2023-06-14,1.3899999856948853,1.4199999570846558,1.3700000047683716,1.3700000047683716,3492
2023-06-15,1.4199999570846558,1.4199999570846558,1.4199999570846558,1.4199999570846558,43
2023-06-16,1.4199999570846558,1.4199999570846558,1.4199999570846558,1.4199999570846558,1010
2023-06-19,1.4249999523162842,1.4299999475479126,1.399999976158142,1.399999976158142,4806
2023-06-20,1.4299999475479126,1.4299999475479126,1.409999966621399,1.409999966621399,770
2023-06-21,1.4299999475479126,1.4299999475479126,1.409999966621399,1.4299999475479126,8794
2023-06-22,1.4299999475479126,1.5549999475479126,1.4299999475479126,1.5099999904632568,84905
2023-06-23,1.5,1.5,1.4800000190734863,1.4900000095367432,5689
2023-06-26,1.4850000143051147,1.5,1.4600000381469727,1.4600000381469727,9058
2023-06-27,1.4550000429153442,1.4550000429153442,1.409999966621399,1.440000057220459,9571
2023-06-28,1.440000057220459,1.4900000095367432,1.440000057220459,1.4800000190734863,4621
2023-06-29,1.4800000190734863,1.4800000190734863,1.4500000476837158,1.4500000476837158,618
2023-06-30,1.4500000476837158,1.4850000143051147,1.440000057220459,1.4550000429153442,9884
2023-07-03,1.4550000429153442,1.4900000095367432,1.4299999475479126,1.4299999475479126,4720
2023-07-04,1.4299999475479126,1.4600000381469727,1.3899999856948853,1.4500000476837158,19415
2023-07-05,1.4550000429153442,1.4550000429153442,1.399999976158142,1.4299999475479126,5978
2023-07-06,1.4299999475479126,1.4600000381469727,1.4049999713897705,1.4550000429153442,4119
2023-07-07,1.4550000429153442,1.4850000143051147,1.4550000429153442,1.4850000143051147,7550
2023-07-10,1.434999942779541,1.4600000381469727,1.4299999475479126,1.4600000381469727,2712
2023-07-11,1.4600000381469727,1.475000023841858,1.4249999523162842,1.4700000286102295,12641
2023-07-12,1.4700000286102295,1.4700000286102295,1.399999976158142,1.440000057220459,15130
2023-07-13,1.440000057220459,1.6349999904632568,1.3949999809265137,1.6299999952316284,45358
2023-07-14,1.6200000047683716,1.6299999952316284,1.5449999570846558,1.590000033378601,51399
2023-07-17,1.5800000429153442,1.6200000047683716,1.5299999713897705,1.6050000190734863,41877
2023-07-18,1.559999942779541,1.5750000476837158,1.5,1.5099999904632568,14694
2023-07-19,1.5099999904632568,1.5399999618530273,1.5,1.5099999904632568,15696
2023-07-20,1.5299999713897705,1.5399999618530273,1.4900000095367432,1.524999976158142,31804
2023-07-21,1.524999976158142,1.524999976158142,1.524999976158142,1.524999976158142,10
2023-07-24,1.5299999713897705,1.5299999713897705,1.4950000047683716,1.4950000047683716,1980
2023-07-25,1.5299999713897705,1.5299999713897705,1.5199999809265137,1.5199999809265137,1510
2023-07-26,1.524999976158142,1.524999976158142,1.5049999952316284,1.5199999809265137,1378
2023-07-27,1.5199999809265137,1.5199999809265137,1.5,1.5199999809265137,1732
2023-07-28,1.5,1.5199999809265137,1.4600000381469727,1.5199999809265137,5691
2023-07-31,1.524999976158142,1.524999976158142,1.475000023841858,1.5199999809265137,20
2023-08-01,1.534999966621399,1.534999966621399,1.465000033378601,1.5299999713897705,3624
2023-08-02,1.5199999809265137,1.5199999809265137,1.4800000190734863,1.5199999809265137,1613
2023-08-03,1.5199999809265137,1.5199999809265137,1.4800000190734863,1.4800000190734863,1191
2023-08-04,1.5199999809265137,1.5199999809265137,1.465000033378601,1.5,2399
2023-08-07,1.4700000286102295,1.5,1.4299999475479126,1.5,10012
2023-08-08,1.4900000095367432,1.4900000095367432,1.4900000095367432,1.4900000095367432,20
2023-08-09,1.440000057220459,1.590000033378601,1.440000057220459,1.5449999570846558,61441
2023-08-10,1.5449999570846558,1.5700000524520874,1.4600000381469727,1.524999976158142,22170
2023-08-11,1.5199999809265137,1.5199999809265137,1.4700000286102295,1.5199999809265137,4810
2023-08-14,1.5099999904632568,1.5149999856948853,1.5099999904632568,1.5149999856948853,31
2023-08-16,1.5099999904632568,1.7100000381469727,1.4600000381469727,1.6399999856948853,368827
2023-08-17,1.6349999904632568,1.7000000476837158,1.590000033378601,1.6349999904632568,116625
2023-08-18,1.6299999952316284,1.6399999856948853,1.5700000524520874,1.625,9433
2023-08-21,1.625,1.7100000381469727,1.625,1.6449999809265137,67847
2023-08-22,1.6799999475479126,1.684999942779541,1.600000023841858,1.6399999856948853,16297
2023-08-23,1.6399999856948853,1.7000000476837158,1.5700000524520874,1.684999942779541,73402
2023-08-24,1.7000000476837158,1.7000000476837158,1.6299999952316284,1.690000057220459,46610
2023-08-25,1.649999976158142,1.690000057220459,1.6299999952316284,1.690000057220459,31905
2023-08-28,1.690000057220459,1.690000057220459,1.6399999856948853,1.6799999475479126,2985
2023-08-29,1.6399999856948853,1.7599999904632568,1.6399999856948853,1.7400000095367432,150014
2023-08-30,1.9600000381469727,2.359999895095825,1.909999966621399,2.359999895095825,1137749
2023-08-31,3.5999999046325684,3.9600000381469727,3.0199999809265137,3.259999990463257,1747710
2023-09-01,3.3499999046325684,4.599999904632568,3.299999952316284,4.599999904632568,2279299
2023-09-04,4.46999979019165,5.239999771118164,4.03000020980835,4.21999979019165,2462152
2023-09-05,4.25,4.889999866485596,4.099999904632568,4.699999809265137,954871
2023-09-06,4.75,4.929999828338623,4.119999885559082,4.420000076293945,706965
2023-09-07,4.360000133514404,4.480000019073486,4.170000076293945,4.400000095367432,342156
2023-09-08,4.389999866485596,4.800000190734863,4.230000019073486,4.5,555727
2023-09-11,4.5,4.630000114440918,4.119999885559082,4.329999923706055,328865
2023-09-12,4.329999923706055,4.53000020980835,4.199999809265137,4.309999942779541,135714
2023-09-13,4.320000171661377,4.480000019073486,4.210000038146973,4.349999904632568,90270
2023-09-14,4.28000020980835,4.349999904632568,4.03000020980835,4.159999847412109,201772
2023-09-15,4.159999847412109,4.21999979019165,3.990000009536743,4.039999961853027,98676
2023-09-18,4.0,4.039999961853027,3.740000009536743,3.940000057220459,394535
2023-09-19,3.940000057220459,4.559999942779541,3.8499999046325684,4.369999885559082,531660
2023-09-20,4.349999904632568,4.550000190734863,4.170000076293945,4.289999961853027,365332
2023-09-21,4.139999866485596,4.25,3.8399999141693115,3.9100000858306885,327883
2023-09-22,3.940000057220459,3.990000009536743,3.8399999141693115,3.890000104904175,99394
2023-09-25,3.880000114440918,4.099999904632568,3.5999999046325684,4.050000190734863,171520
2023-09-26,4.099999904632568,4.119999885559082,3.859999895095825,3.869999885559082,48284
2023-09-27,3.7799999713897705,3.859999895095825,3.6500000953674316,3.75,42298
2023-09-28,3.7200000286102295,3.819999933242798,3.549999952316284,3.619999885559082,68881
2023-09-29,3.619999885559082,3.8399999141693115,3.5199999809265137,3.6600000858306885,115477
2023-10-02,3.630000114440918,3.890000104904175,3.569999933242798,3.609999895095825,37660
2023-10-03,3.640000104904175,3.740000009536743,3.4000000953674316,3.4800000190734863,65874
2023-10-04,3.369999885559082,3.559999942779541,3.2699999809265137,3.4800000190734863,88046
2023-10-05,3.5,3.559999942779541,3.299999952316284,3.380000114440918,46197
2023-10-06,3.440000057220459,3.450000047683716,3.2300000190734863,3.25,77459
2023-10-09,3.2799999713897705,3.5299999713897705,3.180000066757202,3.380000114440918,79390
2023-10-10,3.490000009536743,3.700000047683716,3.369999885559082,3.440000057220459,133695
2023-10-11,3.440000057220459,3.4700000286102295,3.2200000286102295,3.309999942779541,84930
2023-10-12,3.299999952316284,3.369999885559082,3.2100000381469727,3.299999952316284,27109
2023-10-13,3.359999895095825,3.859999895095825,3.2300000190734863,3.509999990463257,404857
2023-10-16,3.5899999141693115,3.7899999618530273,3.4000000953674316,3.7799999713897705,92874
2023-10-17,3.7699999809265137,3.7699999809265137,3.5799999237060547,3.700000047683716,69353
2023-10-18,3.75,3.75,3.549999952316284,3.680000066757202,29759
2023-10-19,3.75,3.75,3.390000104904175,3.4000000953674316,78223
2023-10-20,3.4000000953674316,3.4600000381469727,3.299999952316284,3.299999952316284,28099
2023-10-23,3.3299999237060547,3.4200000762939453,3.200000047683716,3.4000000953674316,31780
2023-10-24,3.369999885559082,3.5,3.25,3.4800000190734863,65974
2023-10-25,3.5799999237060547,3.6600000858306885,3.440000057220459,3.549999952316284,40962
2023-10-26,3.549999952316284,3.700000047683716,3.4700000286102295,3.680000066757202,59273
2023-10-27,3.5999999046325684,3.7100000381469727,3.5,3.5199999809265137,54244
2023-10-30,3.5999999046325684,3.690000057220459,3.4700000286102295,3.549999952316284,25551
2023-10-31,3.4600000381469727,3.940000057220459,3.4600000381469727,3.9200000762939453,153443
2023-11-02,4.099999904632568,4.340000152587891,4.059999942779541,4.21999979019165,90642
2023-11-03,4.289999961853027,4.289999961853027,4.119999885559082,4.230000019073486,31943
2023-11-06,4.230000019073486,4.260000228881836,3.950000047683716,4.090000152587891,121475
2023-11-07,4.050000190734863,4.050000190734863,3.8399999141693115,3.9200000762939453,82770
2023-11-08,3.880000114440918,4.289999961853027,3.799999952316284,4.289999961853027,74598
2023-11-09,4.28000020980835,4.699999809265137,4.28000020980835,4.699999809265137,135835
2023-11-10,4.920000076293945,5.199999809265137,4.739999771118164,4.940000057220459,237338
2023-11-13,4.940000057220459,5.079999923706055,4.579999923706055,4.949999809265137,119516
2023-11-14,4.800000190734863,4.989999771118164,4.769999980926514,4.96999979019165,68100
2023-11-15,4.5,4.659999847412109,4.050000190734863,4.119999885559082,318345
2023-11-16,4.119999885559082,4.360000133514404,3.7899999618530273,3.940000057220459,169442
2023-11-17,3.859999895095825,3.950000047683716,3.75,3.75,137167
2023-11-20,3.7799999713897705,4.059999942779541,3.740000009536743,3.9000000953674316,75385
2023-11-21,3.9000000953674316,3.9000000953674316,3.6500000953674316,3.680000066757202,85891
2023-11-22,3.509999990463257,3.7899999618530273,3.4700000286102295,3.640000104904175,125491
2023-11-23,3.549999952316284,3.6600000858306885,3.5399999618530273,3.640000104904175,23320
2023-11-24,3.6600000858306885,3.740000009536743,3.5799999237060547,3.700000047683716,17371
2023-11-27,3.559999942779541,3.8399999141693115,3.559999942779541,3.7799999713897705,34663
2023-11-28,3.7799999713897705,3.7799999713897705,3.5999999046325684,3.7100000381469727,29061
2023-11-29,3.740000009536743,3.740000009536743,3.4800000190734863,3.5199999809265137,66828
2023-11-30,3.4700000286102295,3.549999952316284,3.4000000953674316,3.4800000190734863,27703
2023-12-01,3.430000066757202,3.569999933242798,3.359999895095825,3.490000009536743,87023
2023-12-04,3.4000000953674316,3.740000009536743,3.4000000953674316,3.4000000953674316,131858
2023-12-05,3.359999895095825,3.390000104904175,3.309999942779541,3.359999895095825,50671
2023-12-06,3.380000114440918,3.4600000381469727,3.3299999237060547,3.450000047683716,29867
2023-12-07,3.549999952316284,3.619999885559082,3.3299999237060547,3.490000009536743,38683
2023-12-08,3.4700000286102295,3.5999999046325684,3.4700000286102295,3.5899999141693115,26760
2023-12-11,3.5799999237060547,3.6600000858306885,3.4000000953674316,3.569999933242798,36874
2023-12-12,3.559999942779541,3.569999933242798,3.4200000762939453,3.5,11370
2023-12-13,3.440000057220459,3.5,3.3499999046325684,3.490000009536743,16550
2023-12-14,3.430000066757202,3.5,3.380000114440918,3.5,15931
2023-12-15,3.430000066757202,3.490000009536743,3.390000104904175,3.4000000953674316,18576
2023-12-18,3.4600000381469727,3.5399999618530273,3.390000104904175,3.509999990463257,39091
2023-12-19,3.5199999809265137,3.609999895095825,3.4800000190734863,3.5799999237060547,23640
2023-12-20,3.569999933242798,3.640000104904175,3.4800000190734863,3.640000104904175,141362
2023-12-21,3.700000047683716,3.7200000286102295,3.5399999618530273,3.5399999618530273,86610
2023-12-22,3.609999895095825,3.640000104904175,3.5,3.5,90080
2023-12-27,3.4800000190734863,3.640000104904175,3.440000057220459,3.5899999141693115,46506
2023-12-28,3.5899999141693115,3.640000104904175,3.440000057220459,3.5899999141693115,30212
2023-12-29,3.509999990463257,3.5899999141693115,3.509999990463257,3.5899999141693115,19929
2024-01-02,3.549999952316284,3.759999990463257,3.5199999809265137,3.690000057220459,32818
2024-01-03,3.690000057220459,3.740000009536743,3.509999990463257,3.680000066757202,24004
2024-01-04,3.5799999237060547,3.6700000762939453,3.559999942779541,3.640000104904175,2527
2024-01-05,3.640000104904175,3.640000104904175,3.5299999713897705,3.5999999046325684,5223
2024-01-08,3.569999933242798,3.5899999141693115,3.5299999713897705,3.5799999237060547,6839
2024-01-09,3.5299999713897705,3.7200000286102295,3.390000104904175,3.640000104904175,18565
2024-01-10,3.559999942779541,3.630000114440918,3.4800000190734863,3.609999895095825,5912
2024-01-11,3.5,3.5799999237060547,3.4200000762939453,3.549999952316284,6089
2024-01-12,3.4600000381469727,3.5399999618530273,3.4200000762939453,3.5299999713897705,16247
2024-01-15,3.5299999713897705,3.5299999713897705,3.3499999046325684,3.359999895095825,34074
2024-01-16,3.3499999046325684,3.440000057220459,3.3499999046325684,3.440000057220459,9289
2024-01-17,3.4600000381469727,3.4600000381469727,3.319999933242798,3.4000000953674316,27978
2024-01-18,3.3499999046325684,3.390000104904175,3.309999942779541,3.3299999237060547,26044
2024-01-19,3.3299999237060547,3.4100000858306885,3.319999933242798,3.4100000858306885,5857
2024-01-22,3.4100000858306885,3.450000047683716,3.3299999237060547,3.450000047683716,14505
2024-01-23,3.5399999618530273,3.5799999237060547,3.369999885559082,3.5299999713897705,13746
2024-01-24,3.4100000858306885,3.4800000190734863,3.25,3.369999885559082,74512
2024-01-25,3.3399999141693115,3.380000114440918,3.2899999618530273,3.359999895095825,9041
2024-01-26,3.359999895095825,3.4000000953674316,3.299999952316284,3.359999895095825,6018
2024-01-29,3.359999895095825,3.359999895095825,3.240000009536743,3.299999952316284,36616
2024-01-30,3.2699999809265137,3.299999952316284,3.180000066757202,3.2899999618530273,24229
2024-01-31,3.240000009536743,3.2699999809265137,3.1700000762939453,3.2100000381469727,24069
2024-02-01,3.2100000381469727,3.2799999713897705,3.1700000762939453,3.200000047683716,9920
2024-02-02,3.200000047683716,3.2699999809265137,3.069999933242798,3.119999885559082,31023
2024-02-05,3.119999885559082,3.3499999046325684,3.0299999713897705,3.319999933242798,43605
2024-02-06,3.3499999046325684,3.3499999046325684,3.200000047683716,3.319999933242798,8442
2024-02-07,3.2300000190734863,3.3299999237060547,3.2300000190734863,3.3299999237060547,36139
2024-02-08,3.259999990463257,3.3299999237060547,3.240000009536743,3.309999942779541,7036
2024-02-09,3.309999942779541,3.319999933242798,3.309999942779541,3.309999942779541,689
2024-02-12,3.319999933242798,3.319999933242798,3.2200000286102295,3.299999952316284,22867
2024-02-13,3.299999952316284,3.299999952316284,3.2100000381469727,3.2899999618530273,2447
2024-02-14,3.2100000381469727,3.319999933242798,3.200000047683716,3.299999952316284,3347
2024-02-15,3.2200000286102295,3.299999952316284,3.180000066757202,3.299999952316284,10695
2024-02-16,3.2799999713897705,3.2799999713897705,3.180000066757202,3.2200000286102295,21011
2024-02-19,3.190000057220459,3.2699999809265137,3.1600000858306885,3.259999990463257,15602
2024-02-20,3.25,3.299999952316284,3.2200000286102295,3.299999952316284,15994
2024-02-21,3.299999952316284,3.299999952316284,3.2200000286102295,3.2200000286102295,4377
2024-02-22,3.2899999618530273,3.2899999618530273,3.190000057220459,3.2799999713897705,9227
2024-02-23,3.2799999713897705,3.299999952316284,3.190000057220459,3.2799999713897705,5590
2024-02-26,3.200000047683716,3.2699999809265137,3.180000066757202,3.180000066757202,31261
2024-02-27,3.25,3.25,3.1600000858306885,3.2100000381469727,23701
2024-02-28,3.1500000953674316,3.25,3.140000104904175,3.2300000190734863,10076
2024-02-29,3.2799999713897705,3.2799999713897705,3.1500000953674316,3.2300000190734863,5671
2024-03-01,3.180000066757202,3.2300000190734863,3.1500000953674316,3.1600000858306885,9229
2024-03-04,3.2300000190734863,3.25,3.1500000953674316,3.240000009536743,12214
2024-03-05,3.180000066757202,3.2300000190734863,3.1500000953674316,3.2300000190734863,9814
2024-03-06,3.240000009536743,3.5199999809265137,3.2200000286102295,3.380000114440918,47563
2024-03-07,3.490000009536743,3.5799999237060547,3.3299999237060547,3.5399999618530273,20223
2024-03-08,3.549999952316284,3.6500000953674316,3.4800000190734863,3.6500000953674316,14796
2024-03-11,3.5999999046325684,3.6500000953674316,3.5,3.6500000953674316,12779
2024-03-12,3.5999999046325684,3.700000047683716,3.440000057220459,3.700000047683716,15733
2024-03-13,3.6500000953674316,3.7200000286102295,3.609999895095825,3.7200000286102295,12092
2024-03-14,3.7200000286102295,3.7699999809265137,3.640000104904175,3.7699999809265137,28541
2024-03-15,3.700000047683716,3.700000047683716,3.380000114440918,3.430000066757202,36743
2024-03-18,3.369999885559082,3.8299999237060547,3.369999885559082,3.75,64479
2024-03-19,3.619999885559082,3.940000057220459,3.5999999046325684,3.6700000762939453,94729
2024-03-20,3.6500000953674316,3.890000104904175,3.5399999618530273,3.8499999046325684,55847
2024-03-21,5.0,5.099999904632568,4.079999923706055,4.139999866485596,1057687
2024-03-22,4.0,4.239999771118164,3.7899999618530273,3.9200000762939453,284251
2024-03-25,3.9700000286102295,4.199999809265137,3.799999952316284,4.059999942779541,130384
2024-03-26,4.150000095367432,4.179999828338623,3.9000000953674316,4.0,82217
2024-03-27,3.930000066757202,4.269999980926514,3.8499999046325684,3.9800000190734863,189049
2024-03-28,3.940000057220459,4.099999904632568,3.890000104904175,3.890000104904175,35907
2024-04-02,3.984999895095825,4.369999885559082,3.9200000762939453,4.099999904632568,122560
2024-04-03,4.050000190734863,4.139999866485596,3.9200000762939453,4.025000095367432,75198
2024-04-04,3.950000047683716,4.070000171661377,3.799999952316284,3.9000000953674316,64020
2024-04-05,3.799999952316284,3.9100000858306885,3.700000047683716,3.8450000286102295,56317
2024-04-08,3.8450000286102295,3.9149999618530273,3.7049999237060547,3.7799999713897705,22368
2024-04-09,3.7850000858306885,3.9800000190734863,3.7699999809265137,3.880000114440918,22432
2024-04-10,3.944999933242798,4.099999904632568,3.799999952316284,3.9000000953674316,109506
2024-04-11,3.8450000286102295,3.8949999809265137,3.799999952316284,3.859999895095825,24035
2024-04-12,3.9000000953674316,3.9549999237060547,3.759999990463257,3.765000104904175,35176
2024-04-15,3.765000104904175,3.940000057220459,3.7200000286102295,3.865000009536743,14591
2024-04-16,3.799999952316284,3.799999952316284,3.6449999809265137,3.6600000858306885,20693
2024-04-17,3.6700000762939453,3.890000104904175,3.640000104904175,3.7799999713897705,23153
2024-04-18,3.6700000762939453,3.7950000762939453,3.6700000762939453,3.7950000762939453,9274
2024-04-19,3.680000066757202,3.755000114440918,3.6500000953674316,3.744999885559082,15268
2024-04-22,3.880000114440918,4.045000076293945,3.799999952316284,3.9649999141693115,64142
2024-04-23,3.9649999141693115,3.9700000286102295,3.8299999237060547,3.9200000762939453,10555
2024-04-24,3.9200000762939453,4.099999904632568,3.819999933242798,4.014999866485596,167858
2024-04-25,4.025000095367432,4.034999847412109,3.8499999046325684,3.9700000286102295,29942
2024-04-26,3.9700000286102295,4.119999885559082,3.930000066757202,3.930000066757202,22199
2024-04-29,4.085000038146973,4.099999904632568,4.010000228881836,4.050000190734863,13581
2024-04-30,4.059999942779541,4.21999979019165,4.03000020980835,4.21999979019165,79744
2024-05-02,4.114999771118164,4.300000190734863,4.105000019073486,4.289999961853027,46707
2024-05-06,4.300000190734863,4.420000076293945,4.199999809265137,4.400000095367432,33177
2024-05-07,4.315000057220459,4.449999809265137,4.300000190734863,4.389999866485596,27162
2024-05-08,4.400000095367432,4.46999979019165,4.235000133514404,4.400000095367432,9998
2024-05-09,4.425000190734863,4.449999809265137,4.130000114440918,4.284999847412109,51746
2024-05-10,4.260000228881836,4.275000095367432,4.090000152587891,4.210000038146973,35815
2024-05-13,4.210000038146973,4.420000076293945,4.139999866485596,4.300000190734863,8362
2024-05-14,4.300000190734863,4.394999980926514,4.114999771118164,4.315000057220459,28069
2024-05-15,4.25,4.945000171661377,4.25,4.75,379609
2024-05-16,4.699999809265137,4.739999771118164,4.440000057220459,4.644999980926514,116556
2024-05-17,4.630000114440918,4.820000171661377,4.489999771118164,4.820000171661377,42677
2024-05-20,4.739999771118164,4.900000095367432,4.739999771118164,4.880000114440918,58621
2024-05-21,4.900000095367432,4.949999809265137,4.75,4.840000152587891,46670
2024-05-22,4.840000152587891,4.885000228881836,4.800000190734863,4.869999885559082,13112
2024-05-23,4.880000114440918,4.920000076293945,4.840000152587891,4.920000076293945,41270
2024-05-24,4.920000076293945,4.920000076293945,4.800000190734863,4.849999904632568,37034
2024-05-27,4.894999980926514,5.460000038146973,4.894999980926514,5.300000190734863,188291
2024-05-28,5.25,5.579999923706055,5.190000057220459,5.320000171661377,69130
2024-05-29,5.289999961853027,5.309999942779541,5.050000190734863,5.300000190734863,60938
2024-05-31,5.159999847412109,5.460000038146973,5.159999847412109,5.329999923706055,39500
2024-06-03,5.429999828338623,5.699999809265137,5.329999923706055,5.619999885559082,44798
2024-06-04,5.650000095367432,5.869999885559082,5.400000095367432,5.570000171661377,77095
2024-06-05,5.570000171661377,5.699999809265137,5.360000133514404,5.679999828338623,29445
2024-06-06,5.659999847412109,5.690000057220459,5.510000228881836,5.690000057220459,19556
2024-06-07,5.559999942779541,5.849999904632568,5.510000228881836,5.710000038146973,35528
2024-06-10,5.829999923706055,5.849999904632568,5.650000095367432,5.769999980926514,33893
2024-06-11,5.769999980926514,5.800000190734863,5.679999828338623,5.800000190734863,59827
2024-06-12,5.800000190734863,5.889999866485596,5.690000057220459,5.889999866485596,26492
2024-06-13,5.809999942779541,6.099999904632568,5.699999809265137,5.980000019073486,113316
2024-06-14,6.0,6.179999828338623,5.900000095367432,5.940000057220459,66172
2024-06-17,6.059999942779541,6.059999942779541,5.75,5.829999923706055,44092
2024-06-18,5.980000019073486,6.0,5.800000190734863,5.96999979019165,31436
2024-06-19,5.829999923706055,5.96999979019165,5.800000190734863,5.949999809265137,29204
2024-06-20,5.900000095367432,5.900000095367432,5.630000114440918,5.730000019073486,56036
2024-06-21,5.690000057220459,5.710000038146973,5.349999904632568,5.420000076293945,76290
2024-06-24,5.400000095367432,5.590000152587891,5.25,5.360000133514404,99229
2024-06-25,5.480000019073486,5.480000019073486,5.360000133514404,5.449999809265137,13848
2024-06-26,5.460000038146973,5.46999979019165,5.170000076293945,5.360000133514404,55812
2024-06-27,5.269999980926514,5.360000133514404,5.139999866485596,5.199999809265137,72516
2024-06-28,4.730000019073486,4.980000019073486,4.699999809265137,4.849999904632568,51439
2024-07-01,4.920000076293945,4.934999942779541,4.800000190734863,4.900000095367432,24956
2024-07-02,4.880000114440918,4.940000057220459,4.800000190734863,4.835000038146973,35181
2024-07-03,4.829999923706055,4.929999828338623,4.639999866485596,4.735000133514404,32936
2024-07-04,4.78000020980835,4.78000020980835,4.679999828338623,4.75,4883
2024-07-05,4.75,4.764999866485596,4.539999961853027,4.599999904632568,20209
2024-07-08,4.599999904632568,4.599999904632568,4.320000171661377,4.474999904632568,44348
2024-07-09,4.434999942779541,4.525000095367432,4.429999828338623,4.519999980926514,16221
2024-07-10,4.5,4.5,4.355000019073486,4.355000019073486,19702
2024-07-11,4.320000171661377,4.460000038146973,4.260000228881836,4.420000076293945,27628
2024-07-12,4.400000095367432,4.795000076293945,4.385000228881836,4.559999942779541,60847
2024-07-15,4.579999923706055,4.579999923706055,4.349999904632568,4.394999980926514,46406
2024-07-16,4.360000133514404,4.425000190734863,4.260000228881836,4.309999942779541,19569
2024-07-17,4.289999961853027,4.349999904632568,4.159999847412109,4.349999904632568,38829
2024-07-18,4.349999904632568,4.46999979019165,4.349999904632568,4.394999980926514,5954
2024-07-19,4.449999809265137,4.449999809265137,4.304999828338623,4.425000190734863,2404
2024-07-22,4.324999809265137,4.414999961853027,4.260000228881836,4.369999885559082,8154
2024-07-23,4.300000190734863,4.349999904632568,4.255000114440918,4.255000114440918,7370
2024-07-24,4.255000114440918,4.340000152587891,4.25,4.25,17664
2024-07-25,4.329999923706055,4.400000095367432,4.099999904632568,4.300000190734863,36874
2024-07-26,4.340000152587891,4.340000152587891,4.105000019073486,4.179999828338623,18724
2024-07-29,4.179999828338623,4.179999828338623,3.9800000190734863,4.099999904632568,70010
2024-07-30,4.005000114440918,4.099999904632568,3.930000066757202,3.930000066757202,52919
2024-07-31,4.019999980926514,4.03000020980835,3.9000000953674316,3.9700000286102295,15652
2024-08-01,3.880000114440918,4.179999828338623,3.799999952316284,3.819999933242798,54308
2024-08-02,3.740000009536743,3.7950000762939453,3.6700000762939453,3.7899999618530273,24547
2024-08-05,3.6500000953674316,3.6500000953674316,3.365000009536743,3.549999952316284,106011
2024-08-06,3.549999952316284,3.9000000953674316,3.549999952316284,3.75,106962
2024-08-07,3.9600000381469727,4.139999866485596,3.799999952316284,3.950000047683716,18487
2024-08-08,3.950000047683716,3.950000047683716,3.740000009536743,3.9000000953674316,6767
2024-08-09,3.809999942779541,3.869999885559082,3.7100000381469727,3.8499999046325684,25096
2024-08-12,3.744999885559082,3.8299999237060547,3.640000104904175,3.799999952316284,28661
2024-08-13,3.7100000381469727,3.7100000381469727,3.640000104904175,3.700000047683716,7335
2024-08-14,3.6500000953674316,3.680000066757202,3.559999942779541,3.609999895095825,12802
2024-08-16,3.7750000953674316,3.7899999618530273,3.5899999141693115,3.690000057220459,7737
2024-08-19,3.640000104904175,3.694999933242798,3.559999942779541,3.640000104904175,9100
2024-08-20,3.6700000762939453,3.700000047683716,3.5999999046325684,3.700000047683716,4189
2024-08-21,3.690000057220459,3.8499999046325684,3.359999895095825,3.5299999713897705,101664
2024-08-22,3.5299999713897705,3.680000066757202,3.4700000286102295,3.680000066757202,10279
2024-08-23,3.680000066757202,3.690000057220459,3.569999933242798,3.690000057220459,3930
2024-08-26,3.694999933242798,3.7750000953674316,3.5,3.759999990463257,16724
2024-08-27,3.5999999046325684,3.765000104904175,3.5999999046325684,3.744999885559082,4603
2024-08-28,3.700000047683716,3.740000009536743,3.634999990463257,3.7300000190734863,6103
2024-08-29,3.625,3.740000009536743,3.569999933242798,3.690000057220459,10373
2024-08-30,3.559999942779541,3.7200000286102295,3.4800000190734863,3.7200000286102295,27669
2024-09-02,3.555000066757202,3.7100000381469727,3.4200000762939453,3.6700000762939453,18689
2024-09-03,3.5350000858306885,3.674999952316284,3.5299999713897705,3.5999999046325684,7599
2024-09-04,3.559999942779541,3.569999933242798,3.4800000190734863,3.569999933242798,12504
2024-09-05,3.5,3.640000104904175,3.450000047683716,3.5899999141693115,12227
2024-09-06,3.5299999713897705,3.5999999046325684,3.390000104904175,3.5950000286102295,10899
2024-09-09,3.505000114440918,3.5950000286102295,3.4000000953674316,3.490000009536743,3461
2024-09-10,3.4800000190734863,3.575000047683716,3.4000000953674316,3.5399999618530273,2854
2024-09-11,3.5399999618530273,3.5399999618530273,3.4000000953674316,3.509999990463257,9072
2024-09-12,3.4200000762939453,3.6700000762939453,3.4049999713897705,3.6700000762939453,18922
2024-09-13,3.6649999618530273,3.680000066757202,3.6649999618530273,3.6649999618530273,3032
2024-09-16,3.5999999046325684,3.5999999046325684,3.5999999046325684,3.5999999046325684,595
2024-09-17,3.5999999046325684,3.5999999046325684,3.4000000953674316,3.494999885559082,17743
2024-09-18,3.4000000953674316,3.509999990463257,3.390000104904175,3.509999990463257,4781
2024-09-19,3.4100000858306885,3.5899999141693115,3.384999990463257,3.5899999141693115,3512
2024-09-20,3.555000066757202,3.555000066757202,3.4000000953674316,3.4800000190734863,24391
2024-09-23,3.5,3.5,3.3949999809265137,3.4000000953674316,4061
2024-09-24,3.3949999809265137,3.559999942779541,3.375,3.4700000286102295,16137
2024-09-25,3.4200000762939453,3.4200000762939453,3.359999895095825,3.380000114440918,57180
2024-09-26,3.359999895095825,3.380000114440918,3.200000047683716,3.2950000762939453,26602
2024-09-27,3.2950000762939453,3.3399999141693115,3.25,3.2950000762939453,38131
2024-09-30,3.3499999046325684,3.3499999046325684,3.2300000190734863,3.2950000762939453,19752
2024-10-01,3.365000009536743,3.365000009536743,3.2100000381469727,3.2699999809265137,19953
2024-10-02,3.3499999046325684,3.3550000190734863,3.25,3.3550000190734863,8457
2024-10-03,3.3499999046325684,3.3499999046325684,3.259999990463257,3.3399999141693115,5820
2024-10-04,3.3450000286102295,3.3450000286102295,3.299999952316284,3.309999942779541,7213
2024-10-07,3.309999942779541,3.309999942779541,3.2300000190734863,3.309999942779541,26575
2024-10-08,3.25,3.3399999141693115,3.190000057220459,3.2799999713897705,8760
2024-10-09,3.2200000286102295,3.2799999713897705,3.200000047683716,3.2699999809265137,16554
2024-10-10,3.259999990463257,3.265000104904175,3.0999999046325684,3.1500000953674316,42196
2024-10-11,3.1500000953674316,3.244999885559082,3.0199999809265137,3.234999895095825,11414
2024-10-14,3.130000114440918,3.200000047683716,3.0399999618530273,3.0799999237060547,50746
2024-10-15,3.0799999237060547,3.0799999237060547,2.9100000858306885,3.0350000858306885,23748
2024-10-16,3.0399999618530273,3.049999952316284,2.9600000381469727,3.049999952316284,6199
2024-10-17,2.9749999046325684,3.194999933242798,2.9600000381469727,3.059999942779541,44124
2024-10-18,3.059999942779541,3.0950000286102295,2.9749999046325684,3.0799999237060547,6943
2024-10-21,3.069999933242798,3.0899999141693115,2.9600000381469727,3.0799999237060547,16337
2024-10-22,2.990000009536743,3.059999942779541,2.940000057220459,3.0399999618530273,11810
2024-10-23,2.9700000286102295,3.0899999141693115,2.9600000381469727,3.0799999237060547,12455
2024-10-24,3.0799999237060547,3.1500000953674316,2.990000009536743,3.049999952316284,7356
2024-10-25,3.0399999618530273,3.049999952316284,2.9700000286102295,3.049999952316284,4996
2024-10-28,3.0299999713897705,3.049999952316284,3.0299999713897705,3.049999952316284,1173
2024-10-29,3.049999952316284,3.0899999141693115,2.9800000190734863,3.049999952316284,14107
2024-10-30,3.055000066757202,3.055000066757202,2.9749999046325684,3.0399999618530273,3143
2024-10-31,3.0299999713897705,3.0299999713897705,2.924999952316284,3.0250000953674316,8314
2024-11-04,3.0199999809265137,3.0199999809265137,2.990000009536743,3.015000104904175,4577
2024-11-05,2.990000009536743,3.0,2.805000066757202,2.934999942779541,24716
2024-11-06,2.8299999237060547,2.940000057220459,2.819999933242798,2.930000066757202,7853
2024-11-07,2.940000057220459,3.0899999141693115,2.940000057220459,3.0899999141693115,41804
2024-11-08,3.0899999141693115,3.190000057220459,3.009999990463257,3.0899999141693115,8803
2024-11-12,3.0899999141693115,3.140000104904175,2.9600000381469727,3.0399999618530273,10272
2024-11-13,3.0250000953674316,3.0250000953674316,2.950000047683716,3.0199999809265137,11775
2024-11-14,2.950000047683716,3.0850000381469727,2.924999952316284,2.990000009536743,12581
2024-11-15,2.994999885559082,2.994999885559082,2.765000104904175,2.950000047683716,26052
2024-11-18,2.9700000286102295,2.990000009536743,2.799999952316284,2.8299999237060547,17516
2024-11-19,2.880000114440918,2.880000114440918,2.6549999713897705,2.734999895095825,24573
2024-11-20,2.734999895095825,2.734999895095825,2.5999999046325684,2.734999895095825,23475
2024-11-21,2.740000009536743,2.75,2.680000066757202,2.700000047683716,12438
2024-11-22,2.700000047683716,2.75,2.6549999713897705,2.7300000190734863,9690
2024-11-25,2.744999885559082,2.75,2.684999942779541,2.690000057220459,9982
2024-11-26,2.690000057220459,2.700000047683716,2.6500000953674316,2.700000047683716,8937
2024-11-27,2.700000047683716,2.7899999618530273,2.6600000858306885,2.740000009536743,30739
2024-11-28,2.744999885559082,2.7950000762939453,2.700000047683716,2.7799999713897705,21317
2024-11-29,2.7200000286102295,2.7950000762939453,2.700000047683716,2.75,8601
2024-12-02,2.75,2.940000057220459,2.7049999237060547,2.890000104904175,10021
2024-12-03,2.890000104904175,2.950000047683716,2.7300000190734863,2.890000104904175,5000
2024-12-04,2.890000104904175,2.934999942779541,2.809999942779541,2.924999952316284,9563
2024-12-05,2.9549999237060547,3.0299999713897705,2.8299999237060547,3.0299999713897705,8202
2024-12-06,3.009999990463257,3.009999990463257,2.9000000953674316,3.0,855
2024-12-09,3.0299999713897705,3.0299999713897705,2.924999952316284,2.9800000190734863,65737
2024-12-10,2.930000066757202,3.0,2.8350000381469727,2.9000000953674316,24919
2024-12-11,2.9049999713897705,2.9100000858306885,2.734999895095825,2.805000066757202,14678
2024-12-12,2.805000066757202,2.8550000190734863,2.744999885559082,2.799999952316284,20670
2024-12-13,2.75,2.8550000190734863,2.740000009536743,2.8399999141693115,6945
2024-12-16,2.8399999141693115,2.940000057220459,2.75,2.9000000953674316,13231
2024-12-17,2.869999885559082,2.930000066757202,2.825000047683716,2.9000000953674316,14788
2024-12-18,2.880000114440918,2.930000066757202,2.819999933242798,2.9200000762939453,12092
2024-12-19,2.9100000858306885,2.930000066757202,2.819999933242798,2.924999952316284,7750
2024-12-20,2.825000047683716,2.9000000953674316,2.809999942779541,2.890000104904175,7206
2024-12-23,2.880000114440918,2.930000066757202,2.8399999141693115,2.9000000953674316,18766
2024-12-27,2.9000000953674316,3.194999933242798,2.9000000953674316,3.194999933242798,44785
2024-12-30,3.190000057220459,3.259999990463257,3.140000104904175,3.240000009536743,10930
2025-01-02,3.265000104904175,3.369999885559082,3.200000047683716,3.365000009536743,9316
2025-01-03,3.3350000381469727,3.494999885559082,3.319999933242798,3.494999885559082,19170
2025-01-07,3.4700000286102295,3.5199999809265137,3.3299999237060547,3.4000000953674316,19026
2025-01-08,3.3399999141693115,3.4000000953674316,3.2149999141693115,3.3299999237060547,19182
2025-01-09,3.315000057220459,3.319999933242798,3.234999895095825,3.299999952316284,1670
2025-01-10,3.319999933242798,3.319999933242798,3.244999885559082,3.299999952316284,1301
2025-01-13,3.319999933242798,3.3499999046325684,3.140000104904175,3.25,16474
2025-01-14,3.244999885559082,3.319999933242798,3.059999942779541,3.1600000858306885,19709
2025-01-15,3.1600000858306885,3.180000066757202,3.0250000953674316,3.0799999237060547,20894
2025-01-16,3.0450000762939453,3.180000066757202,3.0450000762939453,3.1600000858306885,21933
2025-01-17,3.065000057220459,3.1549999713897705,3.065000057220459,3.0999999046325684,11238
2025-01-20,3.134999990463257,3.180000066757202,3.0799999237060547,3.1600000858306885,6431
2025-01-21,3.1549999713897705,3.1549999713897705,3.069999933242798,3.119999885559082,10050
2025-01-22,3.0999999046325684,3.259999990463257,3.0250000953674316,3.134999990463257,24391
2025-01-23,3.0899999141693115,3.3949999809265137,3.059999942779541,3.3550000190734863,53494
2025-01-24,3.3550000190734863,3.5199999809265137,3.2799999713897705,3.4100000858306885,54220
2025-01-27,3.3499999046325684,3.4000000953674316,3.140000104904175,3.2200000286102295,42642
2025-01-28,3.2100000381469727,3.375,3.2100000381469727,3.319999933242798,12292
2025-01-29,3.259999990463257,3.325000047683716,3.200000047683716,3.325000047683716,8192
2025-01-30,3.319999933242798,3.3350000381469727,3.2149999141693115,3.3299999237060547,7661
2025-01-31,3.2899999618530273,3.325000047683716,3.2149999141693115,3.305000066757202,4584
2025-02-03,3.299999952316284,3.299999952316284,3.069999933242798,3.174999952316284,20487
2025-02-04,3.1600000858306885,3.2200000286102295,3.0999999046325684,3.200000047683716,5174
2025-02-05,3.109999895095825,3.190000057220459,3.0799999237060547,3.0799999237060547,9263
2025-02-06,3.194999933242798,3.194999933242798,3.0850000381469727,3.140000104904175,2545
2025-02-07,3.194999933242798,3.200000047683716,3.0899999141693115,3.174999952316284,6303
2025-02-10,3.119999885559082,3.174999952316284,3.059999942779541,3.1500000953674316,15625
2025-02-11,3.1500000953674316,3.1500000953674316,3.059999942779541,3.0999999046325684,6593
2025-02-12,3.0799999237060547,3.0999999046325684,3.0250000953674316,3.0999999046325684,17634
2025-02-13,3.140000104904175,3.140000104904175,3.009999990463257,3.0999999046325684,8077
2025-02-14,3.015000104904175,3.0999999046325684,3.0,3.0999999046325684,9669
2025-02-17,3.125,3.130000114440918,3.049999952316284,3.0899999141693115,14912
2025-02-18,3.0999999046325684,3.130000114440918,3.0,3.119999885559082,29376
2025-02-19,3.0999999046325684,3.1700000762939453,3.0,3.1700000762939453,31490
2025-02-20,3.059999942779541,3.200000047683716,3.059999942779541,3.1700000762939453,5859
2025-02-21,3.115000009536743,3.174999952316284,3.065000057220459,3.1700000762939453,6238
2025-02-24,3.180000066757202,3.184999942779541,3.0999999046325684,3.119999885559082,5317
2025-02-25,3.1700000762939453,3.1700000762939453,3.059999942779541,3.134999990463257,11185
2025-02-26,3.194999933242798,3.200000047683716,3.109999895095825,3.1600000858306885,5291
2025-02-27,3.1600000858306885,3.1649999618530273,3.0899999141693115,3.1500000953674316,4529
2025-02-28,3.1600000858306885,3.200000047683716,3.0999999046325684,3.200000047683716,10681
2025-03-03,3.200000047683716,3.299999952316284,3.0999999046325684,3.299999952316284,23298
2025-03-04,3.3299999237060547,4.21999979019165,3.25,4.150000095367432,346182
2025-03-05,4.0,4.099999904632568,3.8299999237060547,3.990000009536743,91676
2025-03-06,4.079999923706055,4.389999866485596,3.9000000953674316,4.300000190734863,121727
2025-03-07,4.300000190734863,4.300000190734863,3.9049999713897705,4.099999904632568,40679
2025-03-10,4.090000152587891,4.264999866485596,3.869999885559082,4.025000095367432,32968
2025-03-11,4.050000190734863,4.050000190734863,3.8399999141693115,3.984999895095825,35879
2025-03-12,4.019999980926514,4.119999885559082,3.9800000190734863,4.074999809265137,10124
2025-03-13,4.079999923706055,4.090000152587891,3.9200000762939453,4.039999961853027,5344
2025-03-14,3.994999885559082,4.090000152587891,3.869999885559082,3.869999885559082,38920
2025-03-17,4.099999904632568,4.199999809265137,3.9000000953674316,4.0,48469
2025-03-18,4.019999980926514,4.179999828338623,3.9100000858306885,4.0,21257
2025-03-19,3.9800000190734863,4.014999866485596,3.9100000858306885,3.990000009536743,9414
2025-03-20,3.990000009536743,4.090000152587891,3.9000000953674316,3.9000000953674316,22055
2025-03-21,4.019999980926514,4.019999980926514,3.869999885559082,3.869999885559082,15563
2025-03-24,3.8499999046325684,3.8499999046325684,3.509999990463257,3.690000057220459,55609
2025-03-25,3.690000057220459,3.690000057220459,3.5,3.559999942779541,59361
2025-03-26,3.5999999046325684,3.5999999046325684,3.3299999237060547,3.4100000858306885,33885
2025-03-27,3.484999895095825,3.484999895095825,3.299999952316284,3.390000104904175,33535
2025-03-28,3.319999933242798,3.4549999237060547,3.2899999618530273,3.430000066757202,18420
2025-03-31,3.4000000953674316,3.4000000953674316,3.1449999809265137,3.25,68658
2025-04-01,3.25,3.5199999809265137,3.190000057220459,3.4100000858306885,19787
2025-04-02,3.4200000762939453,3.440000057220459,3.299999952316284,3.390000104904175,6351
2025-04-03,3.369999885559082,3.369999885559082,3.1500000953674316,3.319999933242798,33189
2025-04-04,3.299999952316284,3.299999952316284,3.1500000953674316,3.2799999713897705,17938
2025-04-07,3.1500000953674316,3.2300000190734863,2.8399999141693115,3.0999999046325684,72206
2025-04-08,3.180000066757202,3.200000047683716,3.009999990463257,3.200000047683716,50514
2025-04-09,3.2300000190734863,3.2300000190734863,3.009999990463257,3.059999942779541,25085
2025-04-10,3.240000009536743,3.309999942779541,3.119999885559082,3.240000009536743,27771
2025-04-11,3.240000009536743,3.4000000953674316,3.240000009536743,3.299999952316284,8899
2025-04-14,3.299999952316284,3.359999895095825,3.1700000762939453,3.3299999237060547,8327
2025-04-15,3.3299999237060547,3.440000057220459,3.25,3.380000114440918,24399
2025-04-16,3.4200000762939453,3.4200000762939453,3.299999952316284,3.3499999046325684,4363
2025-04-17,3.3499999046325684,3.3499999046325684,3.180000066757202,3.25,23821
2025-04-22,3.190000057220459,3.25,3.180000066757202,3.2300000190734863,10091
2025-04-23,3.2300000190734863,3.430000066757202,3.2200000286102295,3.319999933242798,12193
2025-04-24,3.319999933242798,3.4100000858306885,3.259999990463257,3.390000104904175,9916
2025-04-25,3.4200000762939453,3.5999999046325684,3.319999933242798,3.5,53878
2025-04-28,3.5999999046325684,3.640000104904175,3.5199999809265137,3.5999999046325684,30981
2025-04-29,3.619999885559082,3.619999885559082,3.380000114440918,3.549999952316284,19860
2025-04-30,3.700000047683716,3.740000009536743,3.5,3.640000104904175,23362
2025-05-02,3.5999999046325684,3.640000104904175,3.509999990463257,3.630000114440918,3939
2025-05-05,3.630000114440918,3.630000114440918,3.5899999141693115,3.619999885559082,15662
2025-05-06,3.640000104904175,3.640000104904175,3.4000000953674316,3.5299999713897705,41133
2025-05-07,3.5,3.569999933242798,3.440000057220459,3.5399999618530273,28856
2025-05-08,3.569999933242798,3.5999999046325684,3.4700000286102295,3.5899999141693115,11773
2025-05-09,3.5999999046325684,3.6500000953674316,3.5999999046325684,3.609999895095825,7707
2025-05-12,3.549999952316284,3.5999999046325684,3.490000009536743,3.5899999141693115,21291
2025-05-13,3.5399999618530273,3.5399999618530273,3.450000047683716,3.5399999618530273,9344
2025-05-14,3.549999952316284,3.549999952316284,3.440000057220459,3.549999952316284,19841
2025-05-15,3.440000057220459,3.5999999046325684,3.440000057220459,3.5799999237060547,25597
2025-05-16,3.5999999046325684,3.75,3.5799999237060547,3.700000047683716,133458
2025-05-19,3.700000047683716,3.759999990463257,3.619999885559082,3.7300000190734863,15462
2025-05-20,3.7300000190734863,4.400000095367432,3.700000047683716,4.25,135527
2025-05-21,4.099999904632568,4.5,3.9200000762939453,4.300000190734863,88773
2025-05-22,4.380000114440918,4.440000057220459,4.230000019073486,4.340000152587891,19189
2025-05-23,4.260000228881836,4.389999866485596,3.5,4.050000190734863,210540
2025-05-26,4.090000152587891,4.090000152587891,3.9100000858306885,3.9600000381469727,16536
2025-05-27,3.9600000381469727,3.990000009536743,3.7899999618530273,3.950000047683716,8950
2025-05-28,3.9000000953674316,4.090000152587891,3.799999952316284,3.9700000286102295,14214
2025-05-29,4.079999923706055,4.079999923706055,3.9100000858306885,4.039999961853027,4292
2025-05-30,4.039999961853027,4.079999923706055,3.950000047683716,4.039999961853027,6204
2025-06-02,4.0,4.079999923706055,3.9700000286102295,4.039999961853027,5523
2025-06-03,4.039999961853027,4.039999961853027,3.8499999046325684,4.03000020980835,12695
2025-06-04,3.880000114440918,4.039999961853027,3.869999885559082,3.9600000381469727,5433
2025-06-05,3.9600000381469727,4.079999923706055,3.9000000953674316,4.050000190734863,4388
2025-06-06,3.9000000953674316,4.079999923706055,3.869999885559082,4.039999961853027,7988
2025-06-09,4.059999942779541,4.059999942779541,3.869999885559082,4.019999980926514,4042
2025-06-10,3.930000066757202,4.019999980926514,3.8499999046325684,3.940000057220459,12298
2025-06-11,3.940000057220459,3.940000057220459,3.8499999046325684,3.9000000953674316,8370
2025-06-12,3.940000057220459,3.950000047683716,3.8499999046325684,3.940000057220459,7689
2025-06-13,3.8499999046325684,3.940000057220459,3.819999933242798,3.930000066757202,2153
2025-06-16,3.8299999237060547,4.0,3.819999933242798,4.0,19446
2025-06-17,3.9000000953674316,4.079999923706055,3.880000114440918,3.880000114440918,1824
2025-06-18,3.8299999237060547,3.880000114440918,3.7799999713897705,3.8499999046325684,21631
2025-06-20,3.859999895095825,3.869999885559082,3.8499999046325684,3.869999885559082,1033
2025-06-23,3.869999885559082,3.930000066757202,3.640000104904175,3.7699999809265137,14371
2025-06-24,3.75,3.8399999141693115,3.700000047683716,3.759999990463257,8783
2025-06-25,3.75,3.819999933242798,3.7100000381469727,3.7699999809265137,3822
2025-06-26,3.799999952316284,4.050000190734863,3.7200000286102295,3.9200000762939453,45992
2025-06-27,3.940000057220459,3.950000047683716,3.809999942779541,3.950000047683716,29322
2025-06-30,3.5199999809265137,3.7300000190734863,3.5199999809265137,3.559999942779541,19282
2025-07-01,3.680000066757202,3.7200000286102295,3.5399999618530273,3.5999999046325684,6914
2025-07-02,3.5999999046325684,3.5999999046325684,3.5299999713897705,3.549999952316284,11413
2025-07-03,3.5,3.5399999618530273,3.4000000953674316,3.5,6757
2025-07-04,3.640000104904175,3.640000104904175,3.4000000953674316,3.5199999809265137,13642
2025-07-07,3.559999942779541,3.569999933242798,3.430000066757202,3.549999952316284,2264
2025-07-08,3.559999942779541,3.559999942779541,3.3299999237060547,3.4600000381469727,28499
2025-07-09,3.430000066757202,3.5,3.3399999141693115,3.3399999141693115,4000
2025-07-10,3.440000057220459,3.5199999809265137,3.4000000953674316,3.509999990463257,8861
2025-07-11,3.5,3.509999990463257,3.3499999046325684,3.4600000381469727,9929
2025-07-14,3.490000009536743,3.569999933242798,3.359999895095825,3.559999942779541,11802
2025-07-15,3.569999933242798,3.6500000953674316,3.5,3.5899999141693115,9727
2025-07-16,3.5899999141693115,3.5899999141693115,3.5,3.5899999141693115,1809
2025-07-17,3.5899999141693115,3.5999999046325684,3.4700000286102295,3.5899999141693115,13162
2025-07-18,3.5899999141693115,3.5899999141693115,3.5,3.5899999141693115,1618
2025-07-21,3.509999990463257,3.5899999141693115,3.490000009536743,3.5799999237060547,1249
2025-07-22,3.5799999237060547,3.5899999141693115,3.5,3.5399999618530273,4654
2025-07-23,3.5399999618530273,3.5799999237060547,3.4700000286102295,3.549999952316284,8869
2025-07-24,3.549999952316284,3.549999952316284,3.549999952316284,3.549999952316284,1226
2025-07-25,3.490000009536743,3.549999952316284,3.4200000762939453,3.490000009536743,3524
2025-07-28,3.440000057220459,3.4800000190734863,3.4000000953674316,3.4700000286102295,3991
2025-07-29,3.4200000762939453,3.549999952316284,3.4100000858306885,3.549999952316284,5123
2025-07-30,3.5,3.630000114440918,3.450000047683716,3.630000114440918,6498
2025-07-31,3.509999990463257,3.7200000286102295,3.509999990463257,3.680000066757202,10745
2025-08-01,3.630000114440918,3.640000104904175,3.559999942779541,3.5999999046325684,5084
2025-08-04,3.680000066757202,3.680000066757202,3.430000066757202,3.5899999141693115,8345
2025-08-05,3.5199999809265137,3.5399999618530273,3.440000057220459,3.5199999809265137,13593
2025-08-06,3.450000047683716,3.559999942779541,3.450000047683716,3.559999942779541,809
2025-08-07,3.4800000190734863,3.549999952316284,3.4700000286102295,3.5199999809265137,3278
2025-08-08,3.5,3.5,3.450000047683716,3.4600000381469727,2773
2025-08-11,3.4600000381469727,3.490000009536743,3.240000009536743,3.440000057220459,45744
2025-08-12,3.4000000953674316,3.450000047683716,3.390000104904175,3.390000104904175,3853
2025-08-13,3.390000104904175,3.450000047683716,3.319999933242798,3.4100000858306885,3938
2025-08-14,3.4000000953674316,3.430000066757202,3.319999933242798,3.430000066757202,2060
2025-08-18,3.3399999141693115,3.4000000953674316,3.2799999713897705,3.390000104904175,11550
2025-08-19,3.390000104904175,3.390000104904175,3.2899999618530273,3.369999885559082,19443
2025-08-20,3.3299999237060547,3.5799999237060547,3.299999952316284,3.450000047683716,25746
2025-08-21,3.5,3.5399999618530273,3.450000047683716,3.490000009536743,1336
2025-08-22,3.450000047683716,3.4800000190734863,3.3399999141693115,3.4600000381469727,3491
2025-08-25,3.4600000381469727,3.509999990463257,3.3499999046325684,3.4600000381469727,9439
2025-08-26,3.380000114440918,3.5299999713897705,3.3499999046325684,3.4700000286102295,9457
2025-08-27,3.450000047683716,3.509999990463257,3.380000114440918,3.4700000286102295,3453
2025-08-28,3.359999895095825,3.450000047683716,3.319999933242798,3.390000104904175,8466
2025-08-29,3.3499999046325684,3.509999990463257,3.309999942779541,3.509999990463257,9082
2025-09-01,3.799999952316284,3.950000047683716,3.5999999046325684,3.700000047683716,103707
2025-09-02,3.700000047683716,3.7200000286102295,3.5299999713897705,3.5999999046325684,47765
2025-09-03,3.5799999237060547,3.759999990463257,3.5799999237060547,3.680000066757202,69251
2025-09-04,3.5999999046325684,3.690000057220459,3.559999942779541,3.6600000858306885,19251
2025-09-05,3.5799999237060547,3.880000114440918,3.5199999809265137,3.759999990463257,76121
2025-09-08,3.740000009536743,3.9800000190734863,3.740000009536743,3.9000000953674316,110021
2025-09-09,3.950000047683716,4.150000095367432,3.8399999141693115,4.090000152587891,125063
2025-09-10,4.079999923706055,4.079999923706055,3.8399999141693115,3.9000000953674316,21333
2025-09-11,3.880000114440918,4.039999961853027,3.869999885559082,3.9700000286102295,14295
2025-09-12,3.8399999141693115,3.9200000762939453,3.7899999618530273,3.880000114440918,18989
2025-09-15,3.8299999237060547,3.869999885559082,3.7899999618530273,3.7899999618530273,4135
2025-09-16,3.8299999237060547,3.869999885559082,3.680000066757202,3.7899999618530273,8073
2025-09-17,3.7300000190734863,3.7899999618530273,3.700000047683716,3.7899999618530273,5924
2025-09-18,3.7200000286102295,3.759999990463257,3.609999895095825,3.75,13899
2025-09-19,3.7200000286102295,3.819999933242798,3.6700000762939453,3.7699999809265137,6701
2025-09-22,3.690000057220459,3.7699999809265137,3.6700000762939453,3.7699999809265137,5684
2025-09-23,3.75,3.7899999618530273,3.690000057220459,3.7699999809265137,4130
2025-09-24,3.7699999809265137,3.7699999809265137,3.619999885559082,3.700000047683716,10096
2025-09-25,3.75,3.75,3.619999885559082,3.75,822
2025-09-26,3.6600000858306885,3.7699999809265137,3.619999885559082,3.759999990463257,16560
2025-09-29,3.759999990463257,3.759999990463257,3.5999999046325684,3.700000047683716,27074
2025-09-30,3.609999895095825,3.700000047683716,3.5999999046325684,3.6500000953674316,6181
2025-10-01,3.6700000762939453,3.7799999713897705,3.5999999046325684,3.7799999713897705,8518
2025-10-02,3.6500000953674316,3.7799999713897705,3.6500000953674316,3.7799999713897705,4544
2025-10-03,3.759999990463257,3.7799999713897705,3.630000114440918,3.7799999713897705,8181
2025-10-06,3.700000047683716,3.940000057220459,3.700000047683716,3.809999942779541,22076
2025-10-07,3.9200000762939453,3.9200000762939453,3.75,3.8499999046325684,7770
2025-10-08,3.8499999046325684,3.859999895095825,3.680000066757202,3.690000057220459,4206
2025-10-09,3.8299999237060547,3.8299999237060547,3.6700000762939453,3.799999952316284,17223
2025-10-10,3.7699999809265137,3.7699999809265137,3.6700000762939453,3.7300000190734863,6119
2025-10-13,3.690000057220459,3.7300000190734863,3.390000104904175,3.5999999046325684,19796
2025-10-14,3.6600000858306885,3.6600000858306885,3.5,3.5999999046325684,10645
2025-10-15,3.509999990463257,3.6500000953674316,3.509999990463257,3.5999999046325684,11950
2025-10-16,3.6700000762939453,3.6700000762939453,3.559999942779541,3.5999999046325684,1439
2025-10-17,3.6500000953674316,3.6500000953674316,3.5,3.569999933242798,2539
2025-10-20,3.5,3.6500000953674316,3.5,3.640000104904175,9145
2025-10-21,3.640000104904175,3.7200000286102295,3.5299999713897705,3.700000047683716,9518
2025-10-22,3.690000057220459,3.690000057220459,3.5999999046325684,3.640000104904175,1032
2025-10-23,3.640000104904175,3.680000066757202,3.5999999046325684,3.680000066757202,2334
2025-10-24,3.5899999141693115,3.6500000953674316,3.5,3.630000114440918,35992
2025-10-27,3.619999885559082,3.619999885559082,3.549999952316284,3.619999885559082,3900
2025-10-28,3.619999885559082,3.680000066757202,3.5799999237060547,3.6500000953674316,5899
2025-10-29,3.5899999141693115,3.640000104904175,3.569999933242798,3.640000104904175,3070
2025-10-30,3.5799999237060547,3.680000066757202,3.559999942779541,3.680000066757202,5920
2025-10-31,3.5799999237060547,3.640000104904175,3.5,3.619999885559082,35380
2025-11-03,3.5999999046325684,3.619999885559082,3.5,3.5899999141693115,4903
2025-11-04,3.5799999237060547,3.609999895095825,3.5,3.609999895095825,11007
2025-11-05,3.609999895095825,3.609999895095825,3.5,3.5799999237060547,3885
2025-11-06,3.5799999237060547,3.5899999141693115,3.5,3.5799999237060547,13261
2025-11-07,3.5799999237060547,3.5799999237060547,3.549999952316284,3.5799999237060547,842
2025-11-10,3.5299999713897705,3.569999933242798,3.509999990463257,3.559999942779541,1545
2025-11-12,3.559999942779541,3.5899999141693115,3.509999990463257,3.5899999141693115,3549
2025-11-13,3.5299999713897705,3.6600000858306885,3.509999990463257,3.6600000858306885,8189
2025-11-14,3.5399999618530273,3.6600000858306885,3.509999990463257,3.5799999237060547,8956
2025-11-17,3.3399999141693115,3.549999952316284,3.309999942779541,3.490000009536743,32603
2025-11-18,3.440000057220459,3.4700000286102295,3.3499999046325684,3.440000057220459,14561
2025-11-19,3.440000057220459,3.440000057220459,3.3499999046325684,3.4000000953674316,3675
2025-11-20,3.4000000953674316,3.430000066757202,3.309999942779541,3.390000104904175,10593
2025-11-21,3.3499999046325684,3.4000000953674316,3.299999952316284,3.3399999141693115,27243
2025-11-24,3.299999952316284,3.359999895095825,3.25,3.259999990463257,13097
2025-11-25,3.240000009536743,3.240000009536743,3.119999885559082,3.200000047683716,16449
2025-11-26,3.2100000381469727,3.2100000381469727,3.130000114440918,3.200000047683716,21109
2025-11-27,3.1500000953674316,3.25,3.130000114440918,3.25,8382
2025-11-28,3.25,3.380000114440918,3.1500000953674316,3.309999942779541,20798
2025-12-01,3.200000047683716,3.2899999618530273,3.1600000858306885,3.2699999809265137,6771
2025-12-02,3.180000066757202,3.259999990463257,3.130000114440918,3.1700000762939453,8977
2025-12-03,3.130000114440918,3.180000066757202,3.0899999141693115,3.119999885559082,12213
2025-12-04,3.1500000953674316,3.1500000953674316,3.059999942779541,3.109999895095825,3665
2025-12-05,3.059999942779541,3.0999999046325684,3.009999990463257,3.0999999046325684,9944
2025-12-08,3.0899999141693115,3.119999885559082,2.930000066757202,3.0,11865
2025-12-09,2.9800000190734863,3.0299999713897705,2.9100000858306885,2.940000057220459,16422
2025-12-10,2.930000066757202,2.9800000190734863,2.9000000953674316,2.9600000381469727,9640
2025-12-11,2.9600000381469727,2.9600000381469727,2.869999885559082,2.869999885559082,4510
2025-12-12,2.940000057220459,3.0399999618530273,2.9000000953674316,3.0299999713897705,21039
2025-12-15,3.009999990463257,3.2300000190734863,3.0,3.190000057220459,8057
2025-12-16,3.190000057220459,3.259999990463257,3.109999895095825,3.2100000381469727,4632
2025-12-17,3.1600000858306885,3.240000009536743,3.109999895095825,3.240000009536743,2508
2025-12-18,3.0999999046325684,3.240000009536743,3.0899999141693115,3.240000009536743,458
2025-12-19,3.240000009536743,3.240000009536743,3.140000104904175,3.240000009536743,52
2025-12-22,3.240000009536743,3.2899999618530273,3.140000104904175,3.25,5141
2025-12-23,3.240000009536743,3.240000009536743,3.0999999046325684,3.2300000190734863,14094
2025-12-29,3.140000104904175,3.2300000190734863,3.0999999046325684,3.1500000953674316,5684
2025-12-30,3.1500000953674316,3.1700000762939453,3.069999933242798,3.069999933242798,12846
2026-01-02,3.299999952316284,3.3399999141693115,3.119999885559082,3.240000009536743,5471
2026-01-05,3.240000009536743,3.240000009536743,3.0799999237060547,3.190000057220459,5266
2026-01-07,3.190000057220459,3.2200000286102295,3.0399999618530273,3.119999885559082,33372
2026-01-08,3.109999895095825,3.109999895095825,3.0399999618530273,3.0799999237060547,2484
2026-01-09,3.0899999141693115,3.140000104904175,3.049999952316284,3.0999999046325684,11016
2026-01-12,3.0999999046325684,3.1500000953674316,3.059999942779541,3.0999999046325684,4590
2026-01-13,3.119999885559082,3.119999885559082,3.0299999713897705,3.0799999237060547,16197
2026-01-14,3.0799999237060547,3.0899999141693115,3.0199999809265137,3.0899999141693115,17832
2026-01-15,3.0899999141693115,3.0899999141693115,3.049999952316284,3.0899999141693115,3884
2026-01-16,3.0299999713897705,3.0799999237060547,3.0,3.0799999237060547,9721
2026-01-19,3.0799999237060547,3.0999999046325684,3.0,3.0,21490
2026-01-20,3.0,3.059999942779541,3.0,3.049999952316284,4060
2026-01-21,3.049999952316284,3.059999942779541,3.0199999809265137,3.049999952316284,3387
2026-01-22,3.049999952316284,3.069999933242798,3.0,3.0299999713897705,10420
2026-01-23,3.0299999713897705,3.2100000381469727,2.990000009536743,3.119999885559082,30377
2026-01-26,3.140000104904175,3.140000104904175,3.0999999046325684,3.140000104904175,7936
2026-01-27,3.140000104904175,3.140000104904175,3.049999952316284,3.119999885559082,15690
2026-01-28,3.119999885559082,3.119999885559082,3.049999952316284,3.069999933242798,2478
2026-01-29,3.0899999141693115,3.380000114440918,3.059999942779541,3.259999990463257,26747
2026-01-30,3.2799999713897705,3.5799999237060547,3.200000047683716,3.450000047683716,42858
2026-02-02,3.440000057220459,3.440000057220459,3.2899999618530273,3.2899999618530273,10129
2026-02-03,3.2899999618530273,3.4000000953674316,3.2200000286102295,3.319999933242798,16020
2026-02-04,3.3499999046325684,3.440000057220459,3.319999933242798,3.430000066757202,13537
2026-02-05,3.430000066757202,3.450000047683716,3.3499999046325684,3.380000114440918,15140
2026-02-06,3.430000066757202,3.430000066757202,3.25,3.390000104904175,3761
2026-02-09,3.390000104904175,3.5299999713897705,3.359999895095825,3.4800000190734863,12316
2026-02-10,3.4700000286102295,3.509999990463257,3.319999933242798,3.490000009536743,13417
2026-02-11,3.4700000286102295,3.549999952316284,3.450000047683716,3.5299999713897705,12150
2026-02-12,3.4600000381469727,3.549999952316284,3.380000114440918,3.5,8000
2026-02-13,3.5,3.5,3.4000000953674316,3.4700000286102295,7188
2026-02-16,3.4700000286102295,3.630000114440918,3.4100000858306885,3.5,37659
2026-02-17,3.5999999046325684,3.5999999046325684,3.440000057220459,3.490000009536743,9103
2026-02-18,3.549999952316284,3.549999952316284,3.440000057220459,3.5199999809265137,7801
2026-02-19,3.509999990463257,3.5199999809265137,3.319999933242798,3.390000104904175,38077
2026-02-20,3.3299999237060547,3.390000104904175,3.259999990463257,3.299999952316284,19668
2026-02-23,3.309999942779541,3.3299999237060547,3.2799999713897705,3.3299999237060547,1535
2026-02-24,3.2699999809265137,3.3399999141693115,3.2699999809265137,3.2899999618530273,3000
2026-02-25,3.2899999618530273,3.3399999141693115,3.2799999713897705,3.2799999713897705,2458
2026-02-26,3.2899999618530273,3.490000009536743,3.2899999618530273,3.390000104904175,22573
2026-02-27,3.390000104904175,3.4700000286102295,3.3499999046325684,3.4700000286102295,3495
2026-03-02,3.4600000381469727,3.4600000381469727,3.119999885559082,3.1700000762939453,69160
2026-03-03,3.1600000858306885,3.1600000858306885,3.0,3.059999942779541,47947
2026-03-04,3.0199999809265137,3.180000066757202,3.0199999809265137,3.180000066757202,8809
2026-03-05,3.109999895095825,3.140000104904175,3.0799999237060547,3.140000104904175,7543
2026-03-06,3.119999885559082,3.140000104904175,3.069999933242798,3.140000104904175,1646
2026-03-09,3.0999999046325684,3.119999885559082,3.0,3.119999885559082,8426
2026-03-10,3.109999895095825,3.180000066757202,3.109999895095825,3.1600000858306885,9192
2026-03-11,3.140000104904175,3.1700000762939453,3.130000114440918,3.1700000762939453,4329
2026-03-12,3.130000114440918,3.1700000762939453,3.0799999237060547,3.1500000953674316,2954
2026-03-13,3.140000104904175,3.1600000858306885,3.0999999046325684,3.1500000953674316,2324
2026-03-16,3.130000114440918,3.130000114440918,3.059999942779541,3.0899999141693115,10618
2026-03-17,3.0799999237060547,3.1500000953674316,3.059999942779541,3.1500000953674316,8873
2026-03-18,3.1500000953674316,3.1700000762939453,3.0899999141693115,3.140000104904175,5938
2026-03-19,3.0999999046325684,3.2899999618530273,3.0999999046325684,3.200000047683716,16288
2026-03-20,3.1600000858306885,3.2200000286102295,3.1500000953674316,3.2100000381469727,8448
2026-03-23,3.1500000953674316,3.200000047683716,3.0,3.049999952316284,55685
2026-03-24,3.049999952316284,3.0999999046325684,2.930000066757202,3.0399999618530273,12182
2026-03-25,3.0399999618530273,3.069999933242798,2.9700000286102295,3.069999933242798,445
2026-03-26,2.950000047683716,3.069999933242798,2.859999895095825,2.990000009536743,36510
2026-03-27,2.940000057220459,2.990000009536743,2.9000000953674316,2.950000047683716,7220
2026-03-30,2.950000047683716,2.9700000286102295,2.950000047683716,2.9700000286102295,2882
2026-03-31,2.9100000858306885,3.0299999713897705,2.9100000858306885,3.0199999809265137,4017
2026-04-01,3.0299999713897705,3.0399999618530273,2.9000000953674316,3.009999990463257,1909
2026-04-02,3.0,3.0399999618530273,2.9600000381469727,3.0399999618530273,2855
2026-04-07,2.9600000381469727,3.049999952316284,2.9600000381469727,3.0399999618530273,2634
2026-04-08,3.0299999713897705,3.0299999713897705,2.940000057220459,3.009999990463257,8334
2026-04-09,3.009999990463257,3.009999990463257,2.9200000762939453,3.0,6650
2026-04-10,3.0,3.0,2.990000009536743,2.990000009536743,1148
2026-04-13,3.0,3.009999990463257,2.9000000953674316,2.990000009536743,13940
2026-04-14,2.990000009536743,2.990000009536743,2.9100000858306885,2.9800000190734863,1925
2026-04-15,2.930000066757202,2.990000009536743,2.9100000858306885,2.9200000762939453,8285
2026-04-16,2.950000047683716,2.950000047683716,2.819999933242798,2.890000104904175,32647
2026-04-17,2.8299999237060547,2.9000000953674316,2.799999952316284,2.9000000953674316,4447
2026-04-20,2.9000000953674316,2.940000057220459,2.8399999141693115,2.890000104904175,2803
2026-04-21,2.890000104904175,2.890000104904175,2.8499999046325684,2.890000104904175,669
2026-04-22,2.890000104904175,2.9000000953674316,2.8399999141693115,2.9000000953674316,1672
2026-04-23,2.859999895095825,2.9000000953674316,2.8499999046325684,2.880000114440918,3341
2026-04-24,2.9000000953674316,2.9000000953674316,2.890000104904175,2.9000000953674316,566
2026-04-27,2.869999885559082,2.890000104904175,2.8299999237060547,2.890000104904175,1460
2026-04-28,2.890000104904175,2.890000104904175,2.880000114440918,2.890000104904175,1205
2026-04-29,2.890000104904175,2.890000104904175,2.8299999237060547,2.890000104904175,5072
2026-04-30,2.8499999046325684,2.9100000858306885,2.8299999237060547,2.8499999046325684,6468
2026-05-04,2.9100000858306885,2.9100000858306885,2.8299999237060547,2.9000000953674316,1574
2026-05-05,2.9100000858306885,2.930000066757202,2.8499999046325684,2.930000066757202,5664
2026-05-06,2.930000066757202,2.930000066757202,2.880000114440918,2.930000066757202,3862
2026-05-07,2.9100000858306885,2.9600000381469727,2.9000000953674316,2.9600000381469727,5690
2026-05-08,2.9600000381469727,2.9600000381469727,2.9000000953674316,2.9600000381469727,2680
2026-05-11,2.9600000381469727,2.9600000381469727,2.8499999046325684,2.9000000953674316,14906
2026-05-12,2.859999895095825,2.9100000858306885,2.859999895095825,2.890000104904175,1323
2026-05-13,2.859999895095825,2.9200000762939453,2.8399999141693115,2.9100000858306885,4734
2026-05-14,2.869999885559082,2.9100000858306885,2.869999885559082,2.9100000858306885,1153
2026-05-15,2.859999895095825,2.9000000953674316,2.799999952316284,2.859999895095825,13208
2026-05-18,2.809999942779541,2.809999942779541,2.6500000953674316,2.7799999713897705,17639
2026-05-19,2.75,2.7799999713897705,2.6500000953674316,2.7699999809265137,6088
2026-05-20,2.6600000858306885,2.740000009536743,2.6500000953674316,2.700000047683716,9334
2026-05-21,2.619999885559082,2.759999990463257,2.5999999046325684,2.759999990463257,15030
2026-05-22,2.619999885559082,2.740000009536743,2.5899999141693115,2.700000047683716,6888
2026-05-25,2.690000057220459,2.7100000381469727,2.5999999046325684,2.700000047683716,6555
2026-05-26,2.690000057220459,2.700000047683716,2.690000057220459,2.700000047683716,1111
2026-05-27,2.7100000381469727,2.7100000381469727,2.609999895095825,2.609999895095825,6574
2026-05-28,2.609999895095825,2.680000066757202,2.5999999046325684,2.6500000953674316,2279
2026-05-29,2.6500000953674316,2.6500000953674316,2.5999999046325684,2.6500000953674316,2122
2026-06-01,2.6500000953674316,2.75,2.6500000953674316,2.740000009536743,6673
2026-06-02,2.75,2.799999952316284,2.680000066757202,2.7899999618530273,8254
2026-06-03,2.75,2.7899999618530273,2.75,2.7799999713897705,660
2026-06-05,2.7699999809265137,2.7699999809265137,2.759999990463257,2.759999990463257,110
2026-06-08,2.7100000381469727,2.759999990463257,2.7100000381469727,2.740000009536743,531
2026-06-09,2.740000009536743,2.740000009536743,2.7200000286102295,2.740000009536743,735
2026-06-10,2.740000009536743,2.740000009536743,2.740000009536743,2.740000009536743,83
2026-06-11,2.7100000381469727,2.740000009536743,2.680000066757202,2.700000047683716,2254
2026-06-12,2.740000009536743,2.75,2.6700000762939453,2.740000009536743,17127
2026-06-15,2.6700000762939453,2.75,2.6700000762939453,2.740000009536743,366
2026-06-16,2.7300000190734863,2.759999990463257,2.7300000190734863,2.75,2459
2026-06-17,2.690000057220459,2.759999990463257,2.5999999046325684,2.759999990463257,5022
2026-06-18,2.619999885559082,2.740000009536743,2.619999885559082,2.7200000286102295,397
2026-06-19,2.680000066757202,2.7200000286102295,2.640000104904175,2.7200000286102295,2020
2026-06-22,2.7200000286102295,2.740000009536743,2.630000114440918,2.740000009536743,1898
2026-06-23,2.740000009536743,2.740000009536743,2.740000009536743,2.740000009536743,90
2026-06-24,2.740000009536743,2.740000009536743,2.609999895095825,2.700000047683716,2229
2026-06-25,2.619999885559082,2.7100000381469727,2.609999895095825,2.7100000381469727,4206
2026-06-26,2.7100000381469727,2.7100000381469727,2.609999895095825,2.700000047683716,1510
2026-06-29,2.630000114440918,2.690000057220459,2.5999999046325684,2.680000066757202,5176
2026-06-30,2.680000066757202,2.680000066757202,2.640000104904175,2.680000066757202,450
2026-07-01,2.6700000762939453,2.6700000762939453,2.6700000762939453,2.6700000762939453,259
2026-07-02,2.6700000762939453,2.680000066757202,2.5799999237060547,2.6700000762939453,2899
2026-07-03,2.5999999046325684,2.690000057220459,2.5899999141693115,2.690000057220459,8228
2026-07-06,2.690000057220459,2.690000057220459,2.609999895095825,2.680000066757202,1992
2026-07-07,2.680000066757202,2.680000066757202,2.609999895095825,2.680000066757202,224
2026-07-08,2.6700000762939453,2.6700000762939453,2.619999885559082,2.630000114440918,1829
2026-07-09,2.6700000762939453,2.6700000762939453,2.640000104904175,2.6700000762939453,1382
2026-07-10,2.6700000762939453,2.680000066757202,2.6700000762939453,2.680000066757202,615
2026-07-13,2.680000066757202,2.690000057220459,2.609999895095825,2.6700000762939453,2391
2026-07-14,2.680000066757202,2.680000066757202,2.680000066757202,2.680000066757202,61
2026-07-15,2.690000057220459,2.690000057220459,2.609999895095825,2.609999895095825,2232
2026-07-16,2.609999895095825,2.7300000190734863,2.5999999046325684,2.700000047683716,5073
2026-07-17,2.700000047683716,2.700000047683716,2.680000066757202,2.700000047683716,1656
2026-07-20,2.700000047683716,2.700000047683716,2.6500000953674316,2.6500000953674316,2762
2026-07-21,2.6500000953674316,2.690000057220459,2.6500000953674316,2.6500000953674316,1537
2026-07-22,2.640000104904175,2.690000057220459,2.619999885559082,2.619999885559082,3808
2026-07-23,2.5999999046325684,2.690000057220459,2.5999999046325684,2.6700000762939453,4107
2026-07-24,2.619999885559082,2.6700000762939453,2.619999885559082,2.6700000762939453,2720
2026-07-27,2.619999885559082,2.6700000762939453,2.619999885559082,2.640000104904175,4970
2026-07-28,2.6600000858306885,2.6600000858306885,2.609999895095825,2.619999885559082,8049
2026-07-29,2.619999885559082,2.640000104904175,2.609999895095825,2.630000114440918,7659
2026-07-30,2.630000114440918,2.630000114440918,2.609999895095825,2.609999895095825,2717
2026-07-31,2.609999895095825,2.609999895095825,2.5299999713897705,2.5999999046325684,8767
2026-08-03,2.5999999046325684,2.619999885559082,2.569999933242798,2.609999895095825,5045
2026-08-04,2.619999885559082,2.619999885559082,2.569999933242798,2.609999895095825,7110
2026-08-05,2.5999999046325684,2.5999999046325684,2.549999952316284,2.549999952316284,12249
2026-08-06,2.549999952316284,2.5799999237060547,2.5299999713897705,2.5299999713897705,16546
2026-08-07,2.5299999713897705,2.609999895095825,2.5199999809265137,2.609999895095825,9458
2026-08-10,2.619999885559082,2.619999885559082,2.5,2.549999952316284,12306
2026-08-11,2.509999990463257,2.549999952316284,2.509999990463257,2.549999952316284,4135
2026-08-12,2.5199999809265137,2.549999952316284,2.5,2.549999952316284,7947
2026-08-13,2.5,2.549999952316284,2.490000009536743,2.5399999618530273,9175
2026-08-14,2.5399999618530273,2.5399999618530273,2.4600000381469727,2.5199999809265137,2997
2026-08-17,2.5199999809265137,2.5899999141693115,2.4600000381469727,2.4600000381469727,8667
2026-08-18,2.490000009536743,2.490000009536743,2.440000057220459,2.4600000381469727,9341
2026-08-19,2.4700000286102295,2.4800000190734863,2.4700000286102295,2.4700000286102295,1020
2026-08-20,2.4600000381469727,2.4600000381469727,2.390000104904175,2.4200000762939453,1833
2026-08-21,2.5,2.5,2.4200000762939453,2.4800000190734863,734
2026-08-24,2.440000057220459,2.440000057220459,2.3499999046325684,2.369999885559082,28313
2026-08-25,2.359999895095825,2.359999895095825,2.3399999141693115,2.359999895095825,6907
2026-08-26,2.319999933242798,2.3499999046325684,2.2799999713897705,2.3299999237060547,3214
2026-08-27,2.3399999141693115,2.3399999141693115,2.2300000190734863,2.2300000190734863,7251
2026-08-28,2.25,2.25,2.190000057220459,2.25,21818
2026-08-31,2.240000009536743,2.359999895095825,2.240000009536743,2.359999895095825,5656
2026-09-01,2.299999952316284,2.3499999046325684,2.2100000381469727,2.2899999618530273,17749
2026-09-02,2.2300000190734863,2.25,2.200000047683716,2.25,8624
2026-09-03,2.25,2.25,2.200000047683716,2.25,5166
2026-09-04,2.25,2.25,2.200000047683716,2.25,1888
2026-09-08,2.240000009536743,2.240000009536743,2.2100000381469727,2.2200000286102295,4049
2026-09-09,2.200000047683716,2.2200000286102295,2.190000057220459,2.200000047683716,3937
2026-09-10,2.200000047683716,2.200000047683716,2.130000114440918,2.180000066757202,10836
2026-09-11,2.180000066757202,2.180000066757202,2.0399999618530273,2.1500000953674316,22995
2026-09-14,2.069999933242798,2.0899999141693115,1.899999976158142,1.899999976158142,16628
2026-09-15,1.850000023841858,1.9900000095367432,1.8200000524520874,1.8600000143051147,143194
2026-09-17,1.850000023841858,1.850000023841858,1.850000023841858,1.850000023841858,210
2026-09-18,1.9049999713897705,1.9049999713897705,1.815000057220459,1.8799999952316284,12443
