date,open,high,low,close,volume
2021-09-17,2.7200000286102295,2.7200000286102295,2.549999952316284,2.690000057220459,2627
2021-09-20,2.700000047683716,2.700000047683716,2.5199999809265137,2.5999999046325684,17697
2021-09-21,2.5999999046325684,2.680000066757202,2.5399999618530273,2.680000066757202,4454
2021-09-22,2.7300000190734863,2.7300000190734863,2.5299999713897705,2.6700000762939453,62521
2021-09-23,2.6600000858306885,2.6600000858306885,2.5299999713897705,2.5799999237060547,12979
2021-09-24,2.5899999141693115,2.5999999046325684,2.5,2.5,14365
2021-09-27,2.5299999713897705,2.5299999713897705,2.309999942779541,2.3499999046325684,36150
2021-09-28,2.3299999237060547,2.450000047683716,2.299999952316284,2.3499999046325684,10843
2021-09-29,2.4000000953674316,2.5199999809265137,2.259999990463257,2.299999952316284,33767
2021-09-30,2.299999952316284,2.359999895095825,2.0799999237060547,2.2799999713897705,47206
2021-10-01,2.2799999713897705,2.2799999713897705,2.1500000953674316,2.1700000762939453,31509
2021-10-04,2.1700000762939453,2.25,2.0799999237060547,2.0799999237060547,26827
2021-10-05,2.140000104904175,2.25,2.049999952316284,2.1500000953674316,40231
2021-10-06,2.180000066757202,2.180000066757202,2.049999952316284,2.1500000953674316,7380
2021-10-07,2.140000104904175,2.1500000953674316,2.0999999046325684,2.119999885559082,4048
2021-10-08,2.299999952316284,2.299999952316284,2.069999933242798,2.0999999046325684,17541
2021-10-11,2.0999999046325684,2.1500000953674316,2.0999999046325684,2.1500000953674316,9356
2021-10-12,2.1500000953674316,2.1500000953674316,2.0999999046325684,2.130000114440918,8701
2021-10-13,2.1500000953674316,2.1500000953674316,2.069999933242798,2.140000104904175,2195
2021-10-14,2.119999885559082,2.119999885559082,2.049999952316284,2.109999895095825,23750
2021-10-15,2.1500000953674316,2.1500000953674316,2.109999895095825,2.109999895095825,3291
2021-10-18,2.140000104904175,2.140000104904175,2.059999942779541,2.0999999046325684,4270
2021-10-19,2.1500000953674316,2.1500000953674316,1.940000057220459,2.130000114440918,23952
2021-10-20,2.109999895095825,2.140000104904175,1.9900000095367432,2.069999933242798,6267
2021-10-21,2.0999999046325684,2.0999999046325684,2.0,2.0999999046325684,5551
2021-10-22,2.0999999046325684,2.0999999046325684,2.0299999713897705,2.0399999618530273,5620
2021-10-25,2.059999942779541,2.0799999237060547,1.9900000095367432,2.059999942779541,9874
2021-10-26,2.059999942779541,2.059999942779541,2.0,2.0,1550
2021-10-27,1.9900000095367432,1.9900000095367432,1.8700000047683716,1.909999966621399,33445
2021-10-28,1.940000057220459,1.9500000476837158,1.5800000429153442,1.690000057220459,76830
2021-10-29,1.690000057220459,2.0999999046325684,1.559999942779541,2.0999999046325684,110224
2021-11-02,2.1500000953674316,2.200000047683716,1.9600000381469727,2.0899999141693115,35307
2021-11-03,2.0899999141693115,2.0899999141693115,1.909999966621399,2.049999952316284,5450
2021-11-04,2.0399999618530273,2.0399999618530273,1.9199999570846558,1.9500000476837158,6670
2021-11-05,2.0,2.0,1.909999966621399,1.9700000286102295,3509
2021-11-08,2.0,2.0,1.909999966621399,1.909999966621399,7618
2021-11-09,1.8899999856948853,1.909999966621399,1.8300000429153442,1.899999976158142,2552
2021-11-10,1.940000057220459,1.940000057220459,1.75,1.940000057220459,15215
2021-11-12,1.9500000476837158,1.9500000476837158,1.9199999570846558,1.9199999570846558,1652
2021-11-15,1.899999976158142,1.899999976158142,1.7599999904632568,1.7999999523162842,6456
2021-11-16,1.899999976158142,1.899999976158142,1.6399999856948853,1.7000000476837158,32267
2021-11-17,1.7000000476837158,1.7000000476837158,1.6399999856948853,1.649999976158142,4610
2021-11-18,1.690000057220459,1.7300000190734863,1.6449999809265137,1.649999976158142,31222
2021-11-19,1.649999976158142,1.7000000476837158,1.5299999713897705,1.659999966621399,7613
2021-11-22,1.7100000381469727,1.7100000381469727,1.5499999523162842,1.6399999856948853,3810
2021-11-23,1.7000000476837158,1.7000000476837158,1.5499999523162842,1.5499999523162842,9069
2021-11-24,1.5499999523162842,1.625,1.5299999713897705,1.625,12701
2021-11-25,1.7100000381469727,1.7999999523162842,1.6100000143051147,1.7999999523162842,20305
2021-11-26,1.7899999618530273,1.7899999618530273,1.6200000047683716,1.7599999904632568,9611
2021-11-29,1.784999966621399,1.784999966621399,1.6100000143051147,1.7200000286102295,8632
2021-11-30,1.7000000476837158,1.7599999904632568,1.6299999952316284,1.7000000476837158,7521
2021-12-01,1.75,1.7599999904632568,1.7000000476837158,1.7200000286102295,4299
2021-12-02,1.7599999904632568,1.7599999904632568,1.6150000095367432,1.6150000095367432,4041
2021-12-03,1.7899999618530273,1.7899999618530273,1.7000000476837158,1.7000000476837158,4022
2021-12-06,1.7899999618530273,1.7899999618530273,1.7200000286102295,1.75,9700
2021-12-07,1.7899999618530273,1.7999999523162842,1.6200000047683716,1.75,16225
2021-12-08,1.75,1.7999999523162842,1.6200000047683716,1.7899999618530273,36559
2021-12-09,1.809999942779541,1.809999942779541,1.6749999523162842,1.7899999618530273,12638
2021-12-10,1.75,1.75,1.6200000047683716,1.715000033378601,10300
2021-12-13,1.715000033378601,1.715000033378601,1.6100000143051147,1.6100000143051147,3220
2021-12-14,1.690000057220459,1.690000057220459,1.5,1.5499999523162842,31967
2021-12-15,1.649999976158142,1.649999976158142,1.5549999475479126,1.6299999952316284,52250
2021-12-16,1.6299999952316284,1.6299999952316284,1.5,1.5399999618530273,66142
2021-12-17,1.5099999904632568,1.5399999618530273,1.4700000286102295,1.4800000190734863,143698
2021-12-20,1.5,1.5,1.3700000047683716,1.4199999570846558,161715
2021-12-21,1.4199999570846558,1.4199999570846558,1.3600000143051147,1.3799999952316284,29480
2021-12-22,1.3799999952316284,1.3799999952316284,1.3350000381469727,1.3350000381469727,35881
2021-12-23,1.2999999523162842,1.350000023841858,1.2200000286102295,1.2999999523162842,34709
2021-12-27,1.25,1.2799999713897705,1.2000000476837158,1.2400000095367432,54489
2021-12-28,1.2599999904632568,1.2599999904632568,1.2000000476837158,1.2050000429153442,202952
2021-12-29,1.2100000381469727,1.2999999523162842,1.2100000381469727,1.2999999523162842,179781
2021-12-30,1.2999999523162842,1.2999999523162842,1.2300000190734863,1.2999999523162842,22077
2022-01-03,1.25,1.5099999904632568,1.2200000286102295,1.5099999904632568,19218
2022-01-04,1.5,1.5800000429153442,1.399999976158142,1.5700000524520874,26081
2022-01-05,1.559999942779541,1.6799999475479126,1.4299999475479126,1.5,37322
2022-01-07,1.440000057220459,1.5800000429153442,1.399999976158142,1.5,6170
2022-01-10,1.5,1.5,1.4149999618530273,1.4800000190734863,6444
2022-01-11,1.4800000190734863,1.5499999523162842,1.4500000476837158,1.5499999523162842,9485
2022-01-12,1.5499999523162842,1.5499999523162842,1.5,1.5499999523162842,7608
2022-01-13,1.600000023841858,1.600000023841858,1.5049999952316284,1.590000033378601,5549
2022-01-14,1.559999942779541,1.590000033378601,1.5,1.590000033378601,20490
2022-01-17,1.590000033378601,1.6399999856948853,1.5299999713897705,1.6399999856948853,5693
2022-01-18,1.6799999475479126,1.6799999475479126,1.534999966621399,1.625,7699
2022-01-19,1.6699999570846558,1.6699999570846558,1.5049999952316284,1.600000023841858,16393
2022-01-20,1.5950000286102295,1.5950000286102295,1.5099999904632568,1.5149999856948853,1902
2022-01-21,1.559999942779541,1.559999942779541,1.4700000286102295,1.5399999618530273,11588
2022-01-24,1.5800000429153442,1.659999966621399,1.4700000286102295,1.5399999618530273,82561
2022-01-25,1.5,1.5399999618530273,1.4900000095367432,1.5399999618530273,9751
2022-01-26,1.6200000047683716,1.6200000047683716,1.6200000047683716,1.6200000047683716,50
2022-01-27,1.600000023841858,1.600000023841858,1.4700000286102295,1.590000033378601,5368
2022-01-28,1.590000033378601,1.590000033378601,1.4500000476837158,1.5199999809265137,6313
2022-01-31,1.5,1.5,1.399999976158142,1.5,13286
2022-02-01,1.5499999523162842,1.5499999523162842,1.3600000143051147,1.4950000047683716,6949
2022-02-02,1.524999976158142,1.524999976158142,1.399999976158142,1.5049999952316284,4596
2022-02-03,1.4950000047683716,1.4950000047683716,1.3799999952316284,1.4900000095367432,5307
2022-02-04,1.4900000095367432,1.4900000095367432,1.3799999952316284,1.4500000476837158,3230
2022-02-07,1.3899999856948853,1.440000057220459,1.3799999952316284,1.434999942779541,5303
2022-02-08,1.440000057220459,1.440000057220459,1.4299999475479126,1.4299999475479126,10
2022-02-09,1.4299999475479126,1.4800000190734863,1.3899999856948853,1.4199999570846558,3504
2022-02-10,1.4800000190734863,1.4800000190734863,1.3799999952316284,1.399999976158142,4021
2022-02-11,1.3650000095367432,1.3650000095367432,1.350000023841858,1.350000023841858,7967
2022-02-14,1.350000023841858,1.350000023841858,1.25,1.3300000429153442,16109
2022-02-15,1.3300000429153442,1.4500000476837158,1.3300000429153442,1.399999976158142,9897
2022-02-16,1.399999976158142,1.4500000476837158,1.3300000429153442,1.4500000476837158,2290
2022-02-17,1.3899999856948853,1.3949999809265137,1.3899999856948853,1.3949999809265137,807
2022-02-18,1.3949999809265137,1.3949999809265137,1.2599999904632568,1.274999976158142,11435
2022-02-21,1.2699999809265137,1.2999999523162842,1.25,1.2999999523162842,2548
2022-02-22,1.2599999904632568,1.2999999523162842,1.2100000381469727,1.2999999523162842,9091
2022-02-23,1.3200000524520874,1.3200000524520874,1.2200000286102295,1.3200000524520874,5270
2022-02-24,1.25,1.25,1.1299999952316284,1.1299999952316284,14871
2022-02-25,1.1100000143051147,1.3200000524520874,1.1100000143051147,1.2799999713897705,43125
2022-02-28,1.3200000524520874,1.3600000143051147,1.2599999904632568,1.2599999904632568,2566
2022-03-01,1.2599999904632568,1.3200000524520874,1.1549999713897705,1.3200000524520874,7647
2022-03-02,1.3600000143051147,1.3600000143051147,1.2400000095367432,1.350000023841858,5857
2022-03-03,1.2999999523162842,1.399999976158142,1.25,1.399999976158142,22921
2022-03-04,1.399999976158142,1.4500000476837158,1.2699999809265137,1.399999976158142,6917
2022-03-07,1.4299999475479126,1.4299999475479126,1.4149999618530273,1.4149999618530273,3001
2022-03-08,1.4299999475479126,1.4299999475479126,1.399999976158142,1.399999976158142,129
2022-03-09,1.3899999856948853,1.3899999856948853,1.2999999523162842,1.2999999523162842,5920
2022-03-10,1.4299999475479126,1.4299999475479126,1.399999976158142,1.399999976158142,1179
2022-03-11,1.350000023841858,1.3700000047683716,1.350000023841858,1.3600000143051147,6856
2022-03-14,1.350000023841858,1.350000023841858,1.2999999523162842,1.2999999523162842,2523
2022-03-15,1.2899999618530273,1.2899999618530273,1.2450000047683716,1.2450000047683716,5007
2022-03-16,1.284999966621399,1.5750000476837158,1.2300000190734863,1.559999942779541,132534
2022-03-17,1.559999942779541,1.590000033378601,1.340000033378601,1.3550000190734863,95282
2022-03-18,1.4149999618530273,1.4700000286102295,1.315000057220459,1.440000057220459,32610
2022-03-21,1.4700000286102295,1.4800000190734863,1.3250000476837158,1.399999976158142,24303
2022-03-22,1.4500000476837158,1.4500000476837158,1.309999942779541,1.399999976158142,25282
2022-03-23,1.4299999475479126,1.4299999475479126,1.2999999523162842,1.399999976158142,24805
2022-03-24,1.309999942779541,1.4800000190734863,1.309999942779541,1.4800000190734863,16089
2022-03-25,1.4800000190734863,1.4800000190734863,1.3799999952316284,1.409999966621399,17179
2022-03-28,1.4299999475479126,1.4299999475479126,1.3600000143051147,1.399999976158142,16609
2022-03-29,1.4299999475479126,1.4299999475479126,1.3600000143051147,1.399999976158142,21447
2022-03-30,1.399999976158142,1.4299999475479126,1.3700000047683716,1.4199999570846558,8779
2022-03-31,1.4199999570846558,1.4199999570846558,1.350000023841858,1.399999976158142,13456
2022-04-01,1.399999976158142,1.440000057220459,1.3949999809265137,1.434999942779541,9198
2022-04-04,1.440000057220459,1.5,1.399999976158142,1.4500000476837158,32078
2022-04-05,1.4700000286102295,1.4700000286102295,1.3700000047683716,1.399999976158142,9973
2022-04-06,1.440000057220459,1.440000057220459,1.3600000143051147,1.3600000143051147,7401
2022-04-07,1.4299999475479126,1.4299999475479126,1.3600000143051147,1.3600000143051147,4453
2022-04-08,1.399999976158142,1.399999976158142,1.340000033378601,1.3700000047683716,5778
2022-04-11,1.3700000047683716,1.3799999952316284,1.340000033378601,1.3799999952316284,3511
2022-04-12,1.3799999952316284,1.4249999523162842,1.3200000524520874,1.4249999523162842,8435
2022-04-13,1.4199999570846558,1.4299999475479126,1.409999966621399,1.4299999475479126,8101
2022-04-14,1.4199999570846558,1.4199999570846558,1.350000023841858,1.3600000143051147,1375
2022-04-19,1.399999976158142,1.4249999523162842,1.3600000143051147,1.4249999523162842,7258
2022-04-20,1.4249999523162842,1.4700000286102295,1.3550000190734863,1.4600000381469727,31287
2022-04-21,1.4800000190734863,1.4800000190734863,1.4450000524520874,1.4450000524520874,302
2022-04-22,1.440000057220459,1.440000057220459,1.3550000190734863,1.3550000190734863,2473
2022-04-25,1.3600000143051147,1.4299999475479126,1.350000023841858,1.350000023841858,10001
2022-04-26,1.4249999523162842,1.4249999523162842,1.350000023841858,1.350000023841858,3007
2022-04-27,1.4199999570846558,1.4199999570846558,1.340000033378601,1.3949999809265137,4349
2022-04-28,1.3949999809265137,1.3949999809265137,1.3949999809265137,1.3949999809265137,2018
2022-04-29,1.4199999570846558,1.4199999570846558,1.3550000190734863,1.399999976158142,2865
2022-05-02,1.399999976158142,1.399999976158142,1.340000033378601,1.3700000047683716,4106
2022-05-04,1.399999976158142,1.399999976158142,1.2899999618530273,1.2999999523162842,6892
2022-05-05,1.2999999523162842,1.2999999523162842,1.2350000143051147,1.2999999523162842,2276
2022-05-06,1.350000023841858,1.350000023841858,1.25,1.3300000429153442,12602
2022-05-09,1.3300000429153442,1.3300000429153442,1.2400000095367432,1.2400000095367432,3100
2022-05-10,1.2899999618530273,1.3300000429153442,1.2899999618530273,1.3300000429153442,1208
2022-05-11,1.3250000476837158,1.3250000476837158,1.2599999904632568,1.2699999809265137,5921
2022-05-12,1.2799999713897705,1.2799999713897705,1.2400000095367432,1.2400000095367432,5510
2022-05-13,1.309999942779541,1.309999942779541,1.2999999523162842,1.2999999523162842,156
2022-05-16,1.2999999523162842,1.3250000476837158,1.2999999523162842,1.2999999523162842,996
2022-05-17,1.309999942779541,1.309999942779541,1.2599999904632568,1.2999999523162842,2412
2022-05-18,1.2999999523162842,1.2999999523162842,1.1799999475479126,1.2000000476837158,19364
2022-05-19,1.25,1.25,1.190000057220459,1.25,9500
2022-05-20,1.1950000524520874,1.1950000524520874,1.059999942779541,1.059999942779541,188749
2022-05-23,1.0399999618530273,1.0800000429153442,1.024999976158142,1.0449999570846558,31020
2022-05-24,1.0299999713897705,1.0299999713897705,0.8659999966621399,0.9100000262260437,215636
2022-05-25,0.8999999761581421,0.8999999761581421,0.7300000190734863,0.7400000095367432,339623
2022-05-26,0.7300000190734863,0.7400000095367432,0.7300000190734863,0.7300000190734863,46389
2022-05-27,0.699999988079071,0.7279999852180481,0.6899999976158142,0.7200000286102295,34634
2022-05-30,0.7279999852180481,0.7319999933242798,0.7279999852180481,0.7300000190734863,22417
2022-05-31,0.7319999933242798,0.7319999933242798,0.7120000123977661,0.7120000123977661,30431
2022-06-01,0.7279999852180481,0.7279999852180481,0.6899999976158142,0.699999988079071,24828
2022-06-02,0.7559999823570251,0.7559999823570251,0.6620000004768372,0.6700000166893005,17593
2022-06-03,0.6880000233650208,0.6880000233650208,0.6499999761581421,0.6499999761581421,10751
2022-06-06,0.6299999952316284,0.6959999799728394,0.6159999966621399,0.6159999966621399,42990
2022-06-07,0.6159999966621399,0.6480000019073486,0.6100000143051147,0.6100000143051147,15765
2022-06-08,0.6399999856948853,0.6399999856948853,0.5759999752044678,0.6000000238418579,48805
2022-06-09,0.6100000143051147,0.6100000143051147,0.4699999988079071,0.4699999988079071,352181
2022-06-10,0.5,0.5,0.4050000011920929,0.4300000071525574,111264
2022-06-13,0.41200000047683716,0.453000009059906,0.4000000059604645,0.4449999928474426,66871
2022-06-14,0.4449999928474426,0.4449999928474426,0.4009999930858612,0.4020000100135803,83017
2022-06-15,0.41600000858306885,0.44999998807907104,0.4000000059604645,0.44999998807907104,26956
2022-06-17,0.5260000228881836,0.5600000023841858,0.46000000834465027,0.46000000834465027,68580
2022-06-20,0.5,0.550000011920929,0.460999995470047,0.5,55743
2022-06-21,0.5400000214576721,0.6499999761581421,0.5199999809265137,0.5600000023841858,159185
2022-06-22,0.5799999833106995,0.7179999947547913,0.5699999928474426,0.7099999785423279,253542
2022-06-23,0.7200000286102295,0.8960000276565552,0.6800000071525574,0.8960000276565552,344282
2022-06-24,0.8899999856948853,1.0499999523162842,0.7300000190734863,0.7979999780654907,787117
2022-06-27,0.7900000214576721,0.7900000214576721,0.671999990940094,0.671999990940094,136954
2022-06-28,0.6320000290870667,0.8159999847412109,0.6320000290870667,0.7900000214576721,140507
2022-06-29,0.7879999876022339,0.7879999876022339,0.656000018119812,0.6700000166893005,123850
2022-06-30,0.6600000262260437,0.6980000138282776,0.6320000290870667,0.6320000290870667,65154
2022-07-01,0.6200000047683716,0.6819999814033508,0.6100000143051147,0.6420000195503235,41448
2022-07-04,0.6499999761581421,0.6679999828338623,0.5899999737739563,0.6100000143051147,71222
2022-07-05,0.6179999709129333,0.6340000033378601,0.6140000224113464,0.6140000224113464,2880
2022-07-06,0.6140000224113464,0.6140000224113464,0.5540000200271606,0.5899999737739563,43920
2022-07-07,0.6079999804496765,0.6079999804496765,0.5059999823570251,0.550000011920929,91409
2022-07-08,0.5059999823570251,0.5540000200271606,0.5059999823570251,0.5360000133514404,83173
2022-07-11,0.5320000052452087,0.5320000052452087,0.5040000081062317,0.515999972820282,10686
2022-07-12,0.5120000243186951,0.5220000147819519,0.49000000953674316,0.5199999809265137,24005
2022-07-13,0.515999972820282,0.5659999847412109,0.49000000953674316,0.5640000104904175,61948
2022-07-14,0.5619999766349792,0.5619999766349792,0.5099999904632568,0.5120000243186951,55387
2022-07-15,0.5220000147819519,0.5460000038146973,0.515999972820282,0.5460000038146973,27553
2022-07-18,0.5540000200271606,0.5540000200271606,0.5440000295639038,0.5519999861717224,14733
2022-07-19,0.5540000200271606,0.5580000281333923,0.527999997138977,0.5580000281333923,18410
2022-07-20,0.5580000281333923,0.671999990940094,0.5580000281333923,0.628000020980835,75283
2022-07-21,0.628000020980835,0.6579999923706055,0.5799999833106995,0.6200000047683716,30489
2022-07-22,0.6159999966621399,0.6200000047683716,0.5839999914169312,0.6159999966621399,12763
2022-07-25,0.6380000114440918,0.6380000114440918,0.6000000238418579,0.6000000238418579,56163
2022-07-26,0.6000000238418579,0.628000020980835,0.5799999833106995,0.628000020980835,40235
2022-07-27,0.6200000047683716,0.6200000047683716,0.5839999914169312,0.6179999709129333,1566
2022-07-28,0.6179999709129333,0.6179999709129333,0.5600000023841858,0.5600000023841858,12754
2022-07-29,0.6100000143051147,0.6119999885559082,0.5820000171661377,0.6000000238418579,10780
2022-08-01,0.6000000238418579,0.6179999709129333,0.6000000238418579,0.6000000238418579,9030
2022-08-02,0.5740000009536743,0.5899999737739563,0.5460000038146973,0.5460000038146973,25389
2022-08-03,0.5960000157356262,0.5960000157356262,0.5559999942779541,0.5799999833106995,5860
2022-08-04,0.5799999833106995,0.5799999833106995,0.5580000281333923,0.5799999833106995,14625
2022-08-05,0.5899999737739563,0.5899999737739563,0.578000009059906,0.578000009059906,5
2022-08-08,0.5899999737739563,0.5899999737739563,0.5320000052452087,0.550000011920929,51207
2022-08-09,0.5479999780654907,0.5479999780654907,0.49399998784065247,0.5299999713897705,41766
2022-08-10,0.5199999809265137,0.5299999713897705,0.5199999809265137,0.5199999809265137,3181
2022-08-11,0.5199999809265137,0.5199999809265137,0.5,0.5139999985694885,10207
2022-08-12,0.5,0.5360000133514404,0.5,0.5360000133514404,5515
2022-08-16,0.5360000133514404,0.5360000133514404,0.5139999985694885,0.5339999794960022,5582
2022-08-17,0.5339999794960022,0.5360000133514404,0.5199999809265137,0.5360000133514404,12422
2022-08-18,0.5339999794960022,0.5360000133514404,0.5199999809265137,0.5360000133514404,1296
2022-08-19,0.5360000133514404,0.5360000133514404,0.5199999809265137,0.5199999809265137,2102
2022-08-22,0.5339999794960022,0.5339999794960022,0.5019999742507935,0.5099999904632568,22968
2022-08-23,0.5,0.5,0.48500001430511475,0.4970000088214874,46342
2022-08-24,0.4970000088214874,0.4970000088214874,0.48399999737739563,0.49399998784065247,12259
2022-08-25,0.5180000066757202,0.5180000066757202,0.47999998927116394,0.47999998927116394,14685
2022-08-26,0.5059999823570251,0.5059999823570251,0.46000000834465027,0.47999998927116394,30416
2022-08-29,0.4880000054836273,0.4880000054836273,0.460999995470047,0.48500001430511475,2002
2022-08-30,0.460999995470047,0.47999998927116394,0.44999998807907104,0.47999998927116394,22439
2022-08-31,0.49000000953674316,0.49000000953674316,0.4519999921321869,0.4880000054836273,26091
2022-09-01,0.4880000054836273,0.4880000054836273,0.44999998807907104,0.44999998807907104,26862
2022-09-02,0.47699999809265137,0.47699999809265137,0.4320000112056732,0.4659999907016754,6923
2022-09-05,0.49300000071525574,0.5,0.4860000014305115,0.4860000014305115,5412
2022-09-06,0.49900001287460327,0.5,0.49799999594688416,0.5,3962
2022-09-07,0.49000000953674316,0.49000000953674316,0.45100000500679016,0.45500001311302185,9253
2022-09-08,0.4779999852180481,0.4959999918937683,0.46000000834465027,0.4959999918937683,7124
2022-09-09,0.4959999918937683,0.4970000088214874,0.49399998784065247,0.4970000088214874,6611
2022-09-12,0.49900001287460327,0.49900001287460327,0.4580000042915344,0.49000000953674316,6702
2022-09-13,0.4699999988079071,0.4959999918937683,0.4569999873638153,0.4959999918937683,13356
2022-09-14,0.49900001287460327,0.49900001287460327,0.45100000500679016,0.46000000834465027,18597
2022-09-15,0.46000000834465027,0.49900001287460327,0.46000000834465027,0.4909999966621399,3208
2022-09-16,0.492000013589859,0.492000013589859,0.46000000834465027,0.49000000953674316,9915
2022-09-19,0.46000000834465027,0.49000000953674316,0.4519999921321869,0.49000000953674316,18020
2022-09-20,0.49000000953674316,0.4950000047683716,0.4699999988079071,0.48899999260902405,13901
2022-09-21,0.4819999933242798,0.5,0.46000000834465027,0.49000000953674316,13487
2022-09-22,0.5,0.5,0.4560000002384186,0.4560000002384186,8075
2022-09-23,0.49799999594688416,0.5,0.4699999988079071,0.4699999988079071,10781
2022-09-26,0.4959999918937683,0.4959999918937683,0.4620000123977661,0.4620000123977661,9670
2022-09-27,0.4620000123977661,0.4959999918937683,0.46000000834465027,0.4959999918937683,783
2022-09-28,0.4959999918937683,0.4959999918937683,0.45399999618530273,0.49000000953674316,5317
2022-09-29,0.49000000953674316,0.49000000953674316,0.4519999921321869,0.453000009059906,44
2022-09-30,0.4880000054836273,0.4880000054836273,0.453000009059906,0.453000009059906,6636
2022-10-03,0.4659999907016754,0.4659999907016754,0.45399999618530273,0.45399999618530273,4467
2022-10-04,0.48100000619888306,0.48100000619888306,0.4519999921321869,0.4519999921321869,20063
2022-10-05,0.4790000021457672,0.4790000021457672,0.43299999833106995,0.4569999873638153,6806
2022-10-06,0.4580000042915344,0.47699999809265137,0.4399999976158142,0.44999998807907104,12386
2022-10-07,0.46799999475479126,0.4790000021457672,0.45399999618530273,0.45399999618530273,2720
2022-10-10,0.45399999618530273,0.45399999618530273,0.41600000858306885,0.44999998807907104,2506
2022-10-11,0.453000009059906,0.45399999618530273,0.453000009059906,0.45399999618530273,10236
2022-10-12,0.47999998927116394,0.47999998927116394,0.453000009059906,0.453000009059906,4786
2022-10-13,0.47999998927116394,0.47999998927116394,0.47600001096725464,0.47600001096725464,5
2022-10-14,0.47600001096725464,0.47600001096725464,0.453000009059906,0.47200000286102295,1323
2022-10-17,0.47200000286102295,0.47200000286102295,0.4699999988079071,0.4699999988079071,1114
2022-10-18,0.46799999475479126,0.46799999475479126,0.46399998664855957,0.46399998664855957,5
2022-10-19,0.46399998664855957,0.46399998664855957,0.46399998664855957,0.46399998664855957,1004
2022-10-20,0.4659999907016754,0.4659999907016754,0.45899999141693115,0.45899999141693115,1504
2022-10-21,0.44999998807907104,0.48399999737739563,0.4169999957084656,0.48399999737739563,76298
2022-10-24,0.4699999988079071,0.5659999847412109,0.42899999022483826,0.5,153418
2022-10-25,0.5099999904632568,0.515999972820282,0.4399999976158142,0.45899999141693115,85602
2022-10-26,0.45899999141693115,0.45899999141693115,0.4309999942779541,0.4480000138282776,31488
2022-10-27,0.4300000071525574,0.4480000138282776,0.4300000071525574,0.4480000138282776,12854
2022-10-28,0.4309999942779541,0.4480000138282776,0.42100000381469727,0.4480000138282776,3698
2022-10-31,0.4449999928474426,0.4580000042915344,0.4169999957084656,0.4580000042915344,4802
2022-11-02,0.45899999141693115,0.45899999141693115,0.4580000042915344,0.4580000042915344,6883
2022-11-03,0.44999998807907104,0.4580000042915344,0.44200000166893005,0.44200000166893005,12147
2022-11-04,0.4560000002384186,0.4560000002384186,0.4519999921321869,0.4519999921321869,234
2022-11-07,0.44999998807907104,0.44999998807907104,0.4300000071525574,0.4320000112056732,8150
2022-11-08,0.4519999921321869,0.4560000002384186,0.44999998807907104,0.4560000002384186,5101
2022-11-09,0.45500001311302185,0.45500001311302185,0.42100000381469727,0.45100000500679016,27804
2022-11-10,0.4560000002384186,0.4560000002384186,0.4399999976158142,0.4519999921321869,7502
2022-11-14,0.4519999921321869,0.4519999921321869,0.4399999976158142,0.4399999976158142,951
2022-11-15,0.4519999921321869,0.4519999921321869,0.42899999022483826,0.4309999942779541,24527
2022-11-16,0.4390000104904175,0.4390000104904175,0.40400001406669617,0.41200000047683716,46100
2022-11-17,0.4339999854564667,0.4339999854564667,0.4059999883174896,0.4269999861717224,13649
2022-11-18,0.4269999861717224,0.4269999861717224,0.414000004529953,0.414000004529953,6838
2022-11-21,0.4269999861717224,0.4269999861717224,0.4099999964237213,0.414000004529953,13801
2022-11-22,0.414000004529953,0.414000004529953,0.4090000092983246,0.4090000092983246,5
2022-11-23,0.4090000092983246,0.43799999356269836,0.40299999713897705,0.43700000643730164,24915
2022-11-24,0.45399999618530273,0.45899999141693115,0.4169999957084656,0.421999990940094,29291
2022-11-25,0.45399999618530273,0.45500001311302185,0.4399999976158142,0.44999998807907104,7611
2022-11-28,0.45500001311302185,0.45500001311302185,0.421999990940094,0.42500001192092896,63920
2022-11-29,0.4399999976158142,0.4399999976158142,0.4189999997615814,0.41999998688697815,6046
2022-11-30,0.43799999356269836,0.43799999356269836,0.4129999876022339,0.41499999165534973,18723
2022-12-01,0.41499999165534973,0.4449999928474426,0.41499999165534973,0.4300000071525574,14940
2022-12-02,0.4480000138282776,0.4480000138282776,0.44600000977516174,0.44600000977516174,104
2022-12-05,0.4449999928474426,0.4449999928474426,0.4180000126361847,0.41999998688697815,17456
2022-12-06,0.4300000071525574,0.4300000071525574,0.42899999022483826,0.42899999022483826,5
2022-12-07,0.42899999022483826,0.4399999976158142,0.4169999957084656,0.4350000023841858,11718
2022-12-08,0.4399999976158142,0.4399999976158142,0.4169999957084656,0.4169999957084656,6938
2022-12-09,0.4350000023841858,0.4350000023841858,0.4180000126361847,0.4269999861717224,8596
2022-12-12,0.421999990940094,0.421999990940094,0.4169999957084656,0.4169999957084656,8015
2022-12-13,0.4180000126361847,0.4350000023841858,0.4129999876022339,0.414000004529953,7305
2022-12-14,0.4189999997615814,0.421999990940094,0.41200000047683716,0.41999998688697815,15357
2022-12-15,0.42899999022483826,0.4339999854564667,0.41200000047683716,0.42899999022483826,21069
2022-12-16,0.43299999833106995,0.43299999833106995,0.41200000047683716,0.42399999499320984,5900
2022-12-19,0.4129999876022339,0.4169999957084656,0.4000000059604645,0.41499999165534973,43979
2022-12-20,0.41600000858306885,0.41600000858306885,0.3919999897480011,0.4059999883174896,28563
2022-12-21,0.42399999499320984,0.42399999499320984,0.3930000066757202,0.4050000011920929,4072
2022-12-22,0.4350000023841858,0.6019999980926514,0.4350000023841858,0.6019999980926514,297874
2022-12-23,0.800000011920929,0.9399999976158142,0.75,0.9399999976158142,884154
2022-12-27,0.9300000071525574,0.9399999976158142,0.7720000147819519,0.8119999766349792,713270
2022-12-28,0.8119999766349792,0.9599999785423279,0.8100000023841858,0.8999999761581421,750951
2022-12-29,0.8999999761581421,0.9300000071525574,0.8600000143051147,0.8980000019073486,151676
2022-12-30,0.8799999952316284,0.9279999732971191,0.8619999885559082,0.906000018119812,219224
2023-01-02,0.9160000085830688,0.9160000085830688,0.8679999709129333,0.8799999952316284,87850
2023-01-03,0.9179999828338623,0.9179999828338623,0.8679999709129333,0.8740000128746033,65979
2023-01-04,0.8700000047683716,0.8999999761581421,0.8679999709129333,0.8679999709129333,82464
2023-01-05,0.8600000143051147,0.8980000019073486,0.8360000252723694,0.8700000047683716,60583
2023-01-09,0.8539999723434448,0.8899999856948853,0.7900000214576721,0.8259999752044678,106111
2023-01-10,0.8299999833106995,0.8299999833106995,0.7519999742507935,0.7879999876022339,93732
2023-01-11,0.7919999957084656,0.7919999957084656,0.75,0.75,48602
2023-01-12,0.75,0.7960000038146973,0.75,0.75,40566
2023-01-13,0.777999997138977,0.7799999713897705,0.7379999756813049,0.7599999904632568,20531
2023-01-16,0.7020000219345093,0.7599999904632568,0.7020000219345093,0.7279999852180481,13201
2023-01-17,0.7799999713897705,0.7799999713897705,0.7039999961853027,0.7319999933242798,22073
2023-01-18,0.777999997138977,0.777999997138977,0.7080000042915344,0.7120000123977661,19383
2023-01-19,0.7160000205039978,0.75,0.7160000205039978,0.75,12611
2023-01-20,0.75,0.8119999766349792,0.75,0.800000011920929,25552
2023-01-23,0.800000011920929,0.800000011920929,0.7559999823570251,0.7559999823570251,14010
2023-01-24,0.777999997138977,0.777999997138977,0.7319999933242798,0.765999972820282,745
2023-01-25,0.765999972820282,0.765999972820282,0.699999988079071,0.7360000014305115,48818
2023-01-26,0.7400000095367432,0.765999972820282,0.7120000123977661,0.7400000095367432,11250
2023-01-27,0.7580000162124634,0.7580000162124634,0.7379999756813049,0.7379999756813049,1556
2023-01-30,0.7559999823570251,0.7559999823570251,0.699999988079071,0.7039999961853027,19286
2023-01-31,0.7480000257492065,0.8500000238418579,0.7059999704360962,0.8299999833106995,104834
2023-02-01,0.8299999833106995,0.8500000238418579,0.7519999742507935,0.800000011920929,57802
2023-02-02,0.800000011920929,0.800000011920929,0.7620000243186951,0.7879999876022339,16455
2023-02-03,0.7639999985694885,1.100000023841858,0.7639999985694885,1.100000023841858,245813
2023-02-06,1.100000023841858,1.3600000143051147,1.0099999904632568,1.274999976158142,715832
2023-02-07,1.2999999523162842,1.3200000524520874,1.1699999570846558,1.2699999809265137,486873
2023-02-08,1.25,1.25,1.184999942779541,1.2300000190734863,147208
2023-02-09,1.184999942779541,1.2200000286102295,1.0800000429153442,1.1200000047683716,117814
2023-02-10,1.0800000429153442,1.399999976158142,1.059999942779541,1.2599999904632568,441836
2023-02-13,1.284999966621399,1.2999999523162842,1.149999976158142,1.149999976158142,178329
2023-02-14,1.149999976158142,1.184999942779541,1.0800000429153442,1.1100000143051147,142537
2023-02-15,1.1349999904632568,1.2450000047683716,1.1100000143051147,1.1299999952316284,115418
2023-02-16,1.1299999952316284,1.149999976158142,1.0499999523162842,1.090000033378601,28296
2023-02-17,1.090000033378601,1.0950000286102295,1.0,1.0299999713897705,94994
2023-02-20,1.0299999713897705,1.0850000381469727,1.0099999904632568,1.0399999618530273,26260
2023-02-21,1.0700000524520874,1.0700000524520874,1.0,1.034999966621399,22471
2023-02-22,1.034999966621399,1.034999966621399,1.0,1.034999966621399,6590
2023-02-23,1.0099999904632568,1.034999966621399,0.9520000219345093,1.0299999713897705,61748
2023-02-24,1.034999966621399,1.0800000429153442,0.9919999837875366,1.0499999523162842,19188
2023-02-27,1.0499999523162842,1.1449999809265137,1.0399999618530273,1.1150000095367432,37576
2023-02-28,1.1150000095367432,1.159999966621399,1.0800000429153442,1.125,93594
2023-03-01,1.149999976158142,1.149999976158142,1.034999966621399,1.125,501554
2023-03-02,1.1449999809265137,1.1699999570846558,1.090000033378601,1.100000023841858,49573
2023-03-03,1.149999976158142,1.149999976158142,1.0950000286102295,1.100000023841858,17120
2023-03-06,1.1399999856948853,1.1399999856948853,1.0700000524520874,1.090000033378601,3252
2023-03-07,1.0800000429153442,1.0800000429153442,1.0299999713897705,1.0549999475479126,63182
2023-03-08,1.0499999523162842,1.1100000143051147,1.0499999523162842,1.1100000143051147,43915
2023-03-09,1.1299999952316284,1.1299999952316284,1.0800000429153442,1.1050000190734863,9331
2023-03-10,1.0850000381469727,1.1799999475479126,1.0850000381469727,1.1399999856948853,67004
2023-03-13,1.159999966621399,1.159999966621399,1.0299999713897705,1.059999942779541,35528
2023-03-14,1.059999942779541,1.090000033378601,1.0,1.0850000381469727,45392
2023-03-15,1.090000033378601,1.090000033378601,1.0199999809265137,1.0299999713897705,9203
2023-03-16,1.059999942779541,1.059999942779541,1.024999976158142,1.0549999475479126,2003
2023-03-17,1.059999942779541,1.1649999618530273,1.0499999523162842,1.1100000143051147,36156
2023-03-20,1.0399999618530273,1.1399999856948853,1.0399999618530273,1.100000023841858,32090
2023-03-21,1.1399999856948853,1.184999942779541,1.0499999523162842,1.1100000143051147,71785
2023-03-22,1.1200000047683716,1.1200000047683716,1.0499999523162842,1.1050000190734863,29296
2023-03-23,1.1200000047683716,1.1349999904632568,1.0700000524520874,1.1200000047683716,16425
2023-03-24,1.1200000047683716,1.1200000047683716,1.0399999618530273,1.065000057220459,54815
2023-03-27,1.0750000476837158,1.0950000286102295,1.0449999570846558,1.0499999523162842,36580
2023-03-28,1.0549999475479126,1.0950000286102295,1.0549999475479126,1.0549999475479126,16950
2023-03-29,1.0549999475479126,1.0850000381469727,1.0549999475479126,1.065000057220459,3288
2023-03-30,1.0700000524520874,1.0850000381469727,1.0549999475479126,1.065000057220459,20080
2023-03-31,1.0850000381469727,1.0850000381469727,1.0449999570846558,1.0449999570846558,26279
2023-04-03,1.0800000429153442,1.0800000429153442,1.0449999570846558,1.0449999570846558,10801
2023-04-04,1.0449999570846558,1.059999942779541,1.0199999809265137,1.0199999809265137,50079
2023-04-05,1.065000057220459,1.065000057220459,1.0299999713897705,1.059999942779541,1616
2023-04-06,1.0549999475479126,1.059999942779541,1.0199999809265137,1.0449999570846558,6180
2023-04-11,1.0299999713897705,1.0299999713897705,0.949999988079071,1.0199999809265137,61692
2023-04-12,1.0149999856948853,1.0149999856948853,0.9660000205039978,0.9980000257492065,12997
2023-04-13,0.9980000257492065,1.0950000286102295,0.9700000286102295,0.9980000257492065,156552
2023-04-14,1.034999966621399,1.034999966621399,0.9700000286102295,0.9900000095367432,70554
2023-04-17,1.0049999952316284,1.034999966621399,0.984000027179718,1.034999966621399,13695
2023-04-18,1.034999966621399,1.034999966621399,0.9879999756813049,0.9879999756813049,4747
2023-04-19,1.0,1.0,0.9800000190734863,0.9800000190734863,7557
2023-04-20,0.9819999933242798,1.0049999952316284,0.9819999933242798,0.9940000176429749,6460
2023-04-21,1.0049999952316284,1.0049999952316284,0.972000002861023,1.0049999952316284,18521
2023-04-24,0.9819999933242798,1.0049999952316284,0.9819999933242798,0.9860000014305115,7303
2023-04-25,1.0049999952316284,1.0049999952316284,0.9800000190734863,0.9800000190734863,6898
2023-04-26,0.9800000190734863,0.9800000190734863,0.9020000100135803,0.9380000233650208,47619
2023-04-27,0.9419999718666077,0.9900000095367432,0.9419999718666077,0.9879999756813049,10698
2023-04-28,0.9879999756813049,0.9900000095367432,0.9599999785423279,0.9900000095367432,13886
2023-05-02,0.9900000095367432,0.9900000095367432,0.9240000247955322,0.9879999756813049,6328
2023-05-04,0.9700000286102295,0.9700000286102295,0.9039999842643738,0.9200000166893005,73839
2023-05-05,0.9200000166893005,0.9200000166893005,0.9200000166893005,0.9200000166893005,0
2023-05-08,0.9200000166893005,0.9200000166893005,0.9200000166893005,0.9200000166893005,0
2023-05-09,0.9200000166893005,0.9200000166893005,0.9200000166893005,0.9200000166893005,0
2023-05-10,0.9200000166893005,0.9200000166893005,0.9200000166893005,0.9200000166893005,0
2023-05-11,0.9200000166893005,0.9200000166893005,0.9200000166893005,0.9200000166893005,0
2023-05-12,0.9200000166893005,0.9200000166893005,0.9200000166893005,0.9200000166893005,0
2023-05-15,0.9200000166893005,0.9200000166893005,0.9200000166893005,0.9200000166893005,0
2023-05-16,0.9200000166893005,0.9200000166893005,0.9200000166893005,0.9200000166893005,0
2023-05-17,0.9200000166893005,0.9200000166893005,0.9200000166893005,0.9200000166893005,0
2023-05-18,0.9200000166893005,0.9200000166893005,0.9200000166893005,0.9200000166893005,0
2023-05-19,0.9200000166893005,0.9200000166893005,0.9200000166893005,0.9200000166893005,0
2023-05-22,0.9200000166893005,0.9200000166893005,0.9200000166893005,0.9200000166893005,0
2023-05-23,0.9200000166893005,0.9200000166893005,0.9200000166893005,0.9200000166893005,0
2023-05-24,0.9200000166893005,0.9200000166893005,0.9200000166893005,0.9200000166893005,0
2023-05-25,0.9200000166893005,0.9200000166893005,0.9200000166893005,0.9200000166893005,0
2023-05-26,0.9200000166893005,0.9200000166893005,0.9200000166893005,0.9200000166893005,0
2023-05-29,0.9200000166893005,0.9200000166893005,0.9200000166893005,0.9200000166893005,0
2023-05-30,0.9200000166893005,0.9200000166893005,0.9200000166893005,0.9200000166893005,0
2023-05-31,0.9200000166893005,0.9200000166893005,0.9200000166893005,0.9200000166893005,0
2023-06-01,0.9200000166893005,0.9200000166893005,0.9200000166893005,0.9200000166893005,0
2023-06-02,0.9200000166893005,0.9200000166893005,0.9200000166893005,0.9200000166893005,0
2023-06-05,0.9200000166893005,0.9200000166893005,0.9200000166893005,0.9200000166893005,0
2023-06-06,0.9200000166893005,0.9200000166893005,0.9200000166893005,0.9200000166893005,0
2023-06-07,0.9200000166893005,0.9200000166893005,0.9200000166893005,0.9200000166893005,0
2023-06-09,0.9200000166893005,0.9200000166893005,0.9200000166893005,0.9200000166893005,0
2023-06-12,0.9200000166893005,0.9200000166893005,0.9200000166893005,0.9200000166893005,0
2023-06-13,0.9200000166893005,0.9200000166893005,0.9200000166893005,0.9200000166893005,0
2023-06-14,0.9200000166893005,0.9200000166893005,0.9200000166893005,0.9200000166893005,0
2023-06-15,0.9200000166893005,0.9200000166893005,0.9200000166893005,0.9200000166893005,0
2023-06-16,0.9200000166893005,0.9200000166893005,0.9200000166893005,0.9200000166893005,0
2023-06-19,0.9200000166893005,0.9200000166893005,0.9200000166893005,0.9200000166893005,0
2023-06-20,0.9200000166893005,0.9200000166893005,0.9200000166893005,0.9200000166893005,0
2023-06-21,0.9200000166893005,0.9200000166893005,0.9200000166893005,0.9200000166893005,0
2023-06-22,0.9200000166893005,0.9200000166893005,0.9200000166893005,0.9200000166893005,0
2023-06-23,0.9200000166893005,0.9200000166893005,0.9200000166893005,0.9200000166893005,0
2023-06-26,0.9200000166893005,0.9200000166893005,0.9200000166893005,0.9200000166893005,0
2023-06-27,0.9200000166893005,0.9200000166893005,0.9200000166893005,0.9200000166893005,0
2023-06-28,0.9200000166893005,0.9200000166893005,0.9200000166893005,0.9200000166893005,0
2023-06-29,0.9200000166893005,0.9200000166893005,0.9200000166893005,0.9200000166893005,0
2023-06-30,0.9200000166893005,0.9200000166893005,0.9200000166893005,0.9200000166893005,0
2023-07-03,0.9200000166893005,0.9200000166893005,0.9200000166893005,0.9200000166893005,0
2023-07-04,0.9200000166893005,0.9200000166893005,0.9200000166893005,0.9200000166893005,0
2023-07-05,0.9200000166893005,0.9200000166893005,0.9200000166893005,0.9200000166893005,0
2023-07-06,0.9200000166893005,0.9200000166893005,0.9200000166893005,0.9200000166893005,0
2023-07-07,0.9200000166893005,0.9200000166893005,0.9200000166893005,0.9200000166893005,0
2023-07-10,0.9200000166893005,0.9200000166893005,0.9200000166893005,0.9200000166893005,0
2023-07-11,0.9200000166893005,0.9200000166893005,0.9200000166893005,0.9200000166893005,0
2023-07-12,0.9200000166893005,0.9200000166893005,0.9200000166893005,0.9200000166893005,0
2023-07-13,0.9200000166893005,0.9200000166893005,0.9200000166893005,0.9200000166893005,0
2023-07-14,0.9200000166893005,0.9200000166893005,0.9200000166893005,0.9200000166893005,0
2023-07-17,0.9200000166893005,0.9200000166893005,0.9200000166893005,0.9200000166893005,0
2023-07-18,0.9200000166893005,0.9200000166893005,0.9200000166893005,0.9200000166893005,0
2023-07-19,0.9200000166893005,0.9200000166893005,0.9200000166893005,0.9200000166893005,0
2023-07-20,0.9200000166893005,0.9200000166893005,0.9200000166893005,0.9200000166893005,0
2023-07-21,0.9200000166893005,0.9200000166893005,0.9200000166893005,0.9200000166893005,0
2023-07-24,0.9200000166893005,0.9200000166893005,0.9200000166893005,0.9200000166893005,0
2023-07-25,0.9200000166893005,0.9200000166893005,0.9200000166893005,0.9200000166893005,0
2023-07-26,0.9200000166893005,0.9200000166893005,0.9200000166893005,0.9200000166893005,0
2023-07-27,0.9200000166893005,0.9200000166893005,0.9200000166893005,0.9200000166893005,0
2023-07-28,0.9200000166893005,0.9200000166893005,0.9200000166893005,0.9200000166893005,0
2023-07-31,0.9200000166893005,0.9200000166893005,0.9200000166893005,0.9200000166893005,0
2023-08-01,0.9200000166893005,0.9200000166893005,0.9200000166893005,0.9200000166893005,0
2023-08-02,0.9200000166893005,0.9200000166893005,0.9200000166893005,0.9200000166893005,0
2023-08-03,0.9200000166893005,0.9200000166893005,0.9200000166893005,0.9200000166893005,0
2023-08-04,0.9200000166893005,0.9200000166893005,0.9200000166893005,0.9200000166893005,0
2023-08-07,0.9200000166893005,0.9200000166893005,0.9200000166893005,0.9200000166893005,0
2023-08-08,0.9200000166893005,0.9200000166893005,0.9200000166893005,0.9200000166893005,0
2023-08-09,0.9200000166893005,0.9200000166893005,0.9200000166893005,0.9200000166893005,0
2023-08-10,0.9200000166893005,0.9200000166893005,0.9200000166893005,0.9200000166893005,0
2023-08-11,0.9200000166893005,0.9200000166893005,0.9200000166893005,0.9200000166893005,0
2023-08-14,0.9200000166893005,0.9200000166893005,0.9200000166893005,0.9200000166893005,0
2023-08-16,0.9200000166893005,0.9200000166893005,0.9200000166893005,0.9200000166893005,0
2023-08-17,0.9200000166893005,0.9200000166893005,0.9200000166893005,0.9200000166893005,0
2023-08-18,0.9200000166893005,0.9200000166893005,0.9200000166893005,0.9200000166893005,0
2023-08-21,0.9200000166893005,0.9200000166893005,0.9200000166893005,0.9200000166893005,0
2023-08-22,0.9200000166893005,0.9200000166893005,0.9200000166893005,0.9200000166893005,0
2023-08-23,0.9200000166893005,0.9200000166893005,0.9200000166893005,0.9200000166893005,0
2023-08-24,0.9200000166893005,0.9200000166893005,0.9200000166893005,0.9200000166893005,0
2023-08-25,0.9200000166893005,0.9200000166893005,0.9200000166893005,0.9200000166893005,0
2023-08-28,0.9200000166893005,0.9200000166893005,0.9200000166893005,0.9200000166893005,0
2023-08-29,0.9200000166893005,0.9200000166893005,0.9200000166893005,0.9200000166893005,0
2023-08-30,0.9200000166893005,0.9200000166893005,0.9200000166893005,0.9200000166893005,0
2023-08-31,0.9200000166893005,0.9200000166893005,0.9200000166893005,0.9200000166893005,0
2023-09-01,0.9200000166893005,0.9200000166893005,0.9200000166893005,0.9200000166893005,0
2023-09-04,0.9200000166893005,0.9200000166893005,0.9200000166893005,0.9200000166893005,0
2023-09-05,0.9200000166893005,0.9200000166893005,0.9200000166893005,0.9200000166893005,0
2023-09-06,0.9200000166893005,0.9200000166893005,0.9200000166893005,0.9200000166893005,0
2023-09-07,0.9200000166893005,0.9200000166893005,0.9200000166893005,0.9200000166893005,0
2023-09-08,0.9200000166893005,0.9200000166893005,0.9200000166893005,0.9200000166893005,0
2023-09-11,0.9200000166893005,0.9200000166893005,0.9200000166893005,0.9200000166893005,0
2023-09-12,0.9200000166893005,0.9200000166893005,0.9200000166893005,0.9200000166893005,0
2023-09-13,0.9200000166893005,0.9200000166893005,0.9200000166893005,0.9200000166893005,0
2023-09-14,0.9200000166893005,0.9200000166893005,0.9200000166893005,0.9200000166893005,0
2023-09-15,0.9200000166893005,0.9200000166893005,0.9200000166893005,0.9200000166893005,0
2023-09-18,0.9200000166893005,0.9200000166893005,0.9200000166893005,0.9200000166893005,0
2023-09-19,0.9200000166893005,0.9200000166893005,0.9200000166893005,0.9200000166893005,0
2023-09-20,0.8500000238418579,0.8980000019073486,0.7699999809265137,0.8700000047683716,319294
2023-09-21,0.8320000171661377,0.8659999966621399,0.6840000152587891,0.7139999866485596,149649
2023-09-22,0.7419999837875366,0.7419999837875366,0.5820000171661377,0.5979999899864197,297862
2023-09-25,0.6000000238418579,0.6100000143051147,0.492000013589859,0.5,484997
2023-09-26,0.5,0.5799999833106995,0.47999998927116394,0.5799999833106995,481469
2023-09-27,0.5799999833106995,0.5899999737739563,0.492000013589859,0.515999972820282,325582
2023-09-28,0.5040000081062317,0.5199999809265137,0.47999998927116394,0.4970000088214874,101239
2023-09-29,0.5139999985694885,0.527999997138977,0.49000000953674316,0.527999997138977,63711
2023-10-02,0.527999997138977,0.5379999876022339,0.49000000953674316,0.49000000953674316,96939
2023-10-03,0.49799999594688416,0.5199999809265137,0.47999998927116394,0.5199999809265137,25544
2023-10-04,0.5199999809265137,0.5199999809265137,0.5199999809265137,0.5199999809265137,0
2023-10-05,0.5199999809265137,0.5199999809265137,0.5199999809265137,0.5199999809265137,0
2023-10-06,0.5199999809265137,0.5199999809265137,0.5199999809265137,0.5199999809265137,0
2023-10-09,0.5199999809265137,0.5199999809265137,0.5199999809265137,0.5199999809265137,0
2023-10-10,0.5199999809265137,0.5199999809265137,0.5199999809265137,0.5199999809265137,0
2023-10-11,0.5199999809265137,0.5199999809265137,0.5199999809265137,0.5199999809265137,0
2023-10-12,0.5199999809265137,0.5199999809265137,0.5199999809265137,0.5199999809265137,0
2023-10-13,0.5199999809265137,0.5199999809265137,0.5199999809265137,0.5199999809265137,0
2023-10-16,0.5199999809265137,0.5199999809265137,0.5199999809265137,0.5199999809265137,0
2023-10-17,0.5199999809265137,0.5199999809265137,0.5199999809265137,0.5199999809265137,0
2023-10-18,0.5199999809265137,0.5199999809265137,0.5199999809265137,0.5199999809265137,0
2023-10-19,0.699999988079071,0.7699999809265137,0.6399999856948853,0.6800000071525574,1135770
2023-10-20,0.6779999732971191,0.699999988079071,0.5759999752044678,0.6000000238418579,614864
2023-10-23,0.6240000128746033,0.6240000128746033,0.550000011920929,0.550000011920929,129816
2023-10-24,0.5479999780654907,0.5860000252723694,0.5099999904632568,0.5680000185966492,458446
2023-10-25,0.5680000185966492,0.578000009059906,0.5220000147819519,0.578000009059906,181370
2023-10-26,0.5580000281333923,0.6000000238418579,0.5540000200271606,0.5979999899864197,180981
2023-10-27,0.6000000238418579,0.6000000238418579,0.5400000214576721,0.5400000214576721,400744
2023-10-30,0.5600000023841858,0.5600000023841858,0.5379999876022339,0.5440000295639038,57333
2023-10-31,0.5540000200271606,0.5600000023841858,0.5299999713897705,0.5360000133514404,111702
2023-11-02,0.5339999794960022,0.5519999861717224,0.5220000147819519,0.5419999957084656,29392
2023-11-03,0.5400000214576721,0.5400000214576721,0.5220000147819519,0.5360000133514404,39894
2023-11-06,0.5400000214576721,0.5540000200271606,0.515999972820282,0.5540000200271606,51945
2023-11-07,0.5400000214576721,0.5519999861717224,0.4970000088214874,0.4970000088214874,255660
2023-11-08,0.5139999985694885,0.5180000066757202,0.4970000088214874,0.49799999594688416,47181
2023-11-09,0.5040000081062317,0.5120000243186951,0.4880000054836273,0.5,38235
2023-11-10,0.5,0.5099999904632568,0.4699999988079071,0.49000000953674316,25785
2023-11-13,0.49000000953674316,0.5099999904632568,0.4860000014305115,0.5080000162124634,19407
2023-11-14,0.5080000162124634,0.550000011920929,0.5080000162124634,0.5299999713897705,58738
2023-11-15,0.5299999713897705,0.5360000133514404,0.49799999594688416,0.5,18353
2023-11-16,0.5239999890327454,0.5239999890327454,0.48399999737739563,0.5,59484
2023-11-17,0.5180000066757202,0.5180000066757202,0.47600001096725464,0.4959999918937683,44781
2023-11-20,0.4959999918937683,0.4959999918937683,0.4699999988079071,0.4880000054836273,42757
2023-11-21,0.4880000054836273,0.5080000162124634,0.46299999952316284,0.49799999594688416,115148
2023-11-22,0.4959999918937683,0.4959999918937683,0.4699999988079071,0.49399998784065247,33666
2023-11-23,0.49300000071525574,0.4950000047683716,0.47600001096725464,0.4950000047683716,7745
2023-11-24,0.4950000047683716,0.4950000047683716,0.47999998927116394,0.47999998927116394,36628
2023-11-27,0.49900001287460327,0.5,0.4819999933242798,0.49000000953674316,12792
2023-11-28,0.4950000047683716,0.4950000047683716,0.47999998927116394,0.48100000619888306,6134
2023-11-29,0.47999998927116394,0.4909999966621399,0.4729999899864197,0.49000000953674316,40463
2023-11-30,0.5199999809265137,0.5479999780654907,0.5040000081062317,0.5260000228881836,277991
2023-12-01,0.5460000038146973,0.5479999780654907,0.5099999904632568,0.5379999876022339,124692
2023-12-04,0.5360000133514404,0.5440000295639038,0.5099999904632568,0.5220000147819519,67133
2023-12-05,0.5220000147819519,0.5299999713897705,0.5019999742507935,0.5120000243186951,65219
2023-12-06,0.5120000243186951,0.5180000066757202,0.492000013589859,0.5,47378
2023-12-07,0.5,0.5180000066757202,0.49799999594688416,0.515999972820282,14522
2023-12-08,0.5099999904632568,0.5299999713897705,0.5040000081062317,0.5099999904632568,26233
2023-12-11,0.5199999809265137,0.5199999809265137,0.49000000953674316,0.5,105167
2023-12-12,0.5,0.550000011920929,0.48399999737739563,0.550000011920929,122130
2023-12-13,0.4950000047683716,0.5979999899864197,0.44999998807907104,0.5879999995231628,640340
2023-12-14,0.5799999833106995,0.5920000076293945,0.5220000147819519,0.578000009059906,341946
2023-12-15,0.5400000214576721,0.550000011920929,0.4860000014305115,0.49300000071525574,1082014
2023-12-18,0.49799999594688416,0.5099999904632568,0.49300000071525574,0.5,75945
2023-12-19,0.49300000071525574,0.5099999904632568,0.4909999966621399,0.4959999918937683,47956
2023-12-20,0.49799999594688416,0.5,0.4779999852180481,0.49000000953674316,104782
2023-12-21,0.4970000088214874,0.4970000088214874,0.47999998927116394,0.4950000047683716,60056
2023-12-22,0.4819999933242798,0.48899999260902405,0.4819999933242798,0.48899999260902405,62831
2023-12-27,0.4880000054836273,0.48899999260902405,0.47099998593330383,0.47699999809265137,75059
2023-12-28,0.4880000054836273,0.49000000953674316,0.47200000286102295,0.48899999260902405,23756
2023-12-29,0.49000000953674316,0.49900001287460327,0.4819999933242798,0.4970000088214874,63317
2024-01-02,0.4869999885559082,0.5320000052452087,0.4869999885559082,0.5239999890327454,102409
2024-01-03,0.5180000066757202,0.5199999809265137,0.5019999742507935,0.5099999904632568,29262
2024-01-04,0.5139999985694885,0.5139999985694885,0.49000000953674316,0.5,62080
2024-01-05,0.5,0.5120000243186951,0.4909999966621399,0.5,16704
2024-01-08,0.5,0.5,0.48399999737739563,0.49300000071525574,30067
2024-01-09,0.5080000162124634,0.5080000162124634,0.492000013589859,0.5,43633
2024-01-10,0.49900001287460327,0.49900001287460327,0.49399998784065247,0.49799999594688416,18809
2024-01-11,0.49799999594688416,0.49799999594688416,0.49000000953674316,0.49799999594688416,6467
2024-01-12,0.4909999966621399,0.4959999918937683,0.49000000953674316,0.4959999918937683,20734
2024-01-15,0.4959999918937683,0.5,0.4950000047683716,0.4970000088214874,12360
2024-01-16,0.4950000047683716,0.4959999918937683,0.49300000071525574,0.4959999918937683,11609
2024-01-17,0.49399998784065247,0.49799999594688416,0.48899999260902405,0.49300000071525574,40228
2024-01-18,0.4950000047683716,0.4959999918937683,0.49000000953674316,0.49399998784065247,22929
2024-01-19,0.49799999594688416,0.49799999594688416,0.4909999966621399,0.4959999918937683,23761
2024-01-22,0.49000000953674316,0.4950000047683716,0.4880000054836273,0.49300000071525574,11716
2024-01-23,0.4880000054836273,0.49300000071525574,0.47999998927116394,0.4909999966621399,12695
2024-01-24,0.4869999885559082,0.4909999966621399,0.48100000619888306,0.48899999260902405,8652
2024-01-25,0.48899999260902405,0.49000000953674316,0.47999998927116394,0.47999998927116394,29501
2024-01-26,0.4869999885559082,0.4909999966621399,0.4699999988079071,0.47200000286102295,58017
2024-01-29,0.4909999966621399,0.492000013589859,0.47099998593330383,0.48899999260902405,17179
2024-01-30,0.48899999260902405,0.492000013589859,0.48899999260902405,0.4909999966621399,23611
2024-01-31,0.48899999260902405,0.4909999966621399,0.4699999988079071,0.48899999260902405,42459
2024-02-01,0.48899999260902405,0.4909999966621399,0.47699999809265137,0.4880000054836273,9215
2024-02-02,0.47999998927116394,0.4909999966621399,0.4749999940395355,0.4860000014305115,29299
2024-02-05,0.4860000014305115,0.4860000014305115,0.47200000286102295,0.47999998927116394,13931
2024-02-06,0.4749999940395355,0.4869999885559082,0.4699999988079071,0.4819999933242798,13804
2024-02-07,0.4729999899864197,0.4779999852180481,0.46700000762939453,0.4699999988079071,25195
2024-02-08,0.47999998927116394,0.4880000054836273,0.47600001096725464,0.4869999885559082,21240
2024-02-09,0.4869999885559082,0.4880000054836273,0.4779999852180481,0.4880000054836273,10296
2024-02-12,0.4880000054836273,0.4880000054836273,0.4790000021457672,0.48500001430511475,15748
2024-02-13,0.4860000014305115,0.5120000243186951,0.47699999809265137,0.492000013589859,97232
2024-02-14,0.5099999904632568,0.5099999904632568,0.47099998593330383,0.48500001430511475,41473
2024-02-15,0.4860000014305115,0.4860000014305115,0.4740000069141388,0.48500001430511475,10359
2024-02-16,0.47699999809265137,0.48399999737739563,0.4740000069141388,0.4819999933242798,11445
2024-02-19,0.4819999933242798,0.4819999933242798,0.44999998807907104,0.47999998927116394,53154
2024-02-20,0.4819999933242798,0.4819999933242798,0.46299999952316284,0.47999998927116394,13536
2024-02-21,0.4790000021457672,0.4959999918937683,0.4659999907016754,0.492000013589859,29068
2024-02-22,0.4909999966621399,0.4909999966621399,0.4690000116825104,0.47999998927116394,12802
2024-02-23,0.4869999885559082,0.48899999260902405,0.4699999988079071,0.4860000014305115,28397
2024-02-26,0.4869999885559082,0.49000000953674316,0.47200000286102295,0.49000000953674316,29648
2024-02-27,0.4880000054836273,0.4880000054836273,0.4740000069141388,0.4869999885559082,12126
2024-02-28,0.4869999885559082,0.49000000953674316,0.4779999852180481,0.49000000953674316,1466
2024-02-29,0.4880000054836273,0.4880000054836273,0.45500001311302185,0.47600001096725464,61853
2024-03-01,0.4749999940395355,0.4790000021457672,0.4519999921321869,0.47600001096725464,36546
2024-03-04,0.4749999940395355,0.4749999940395355,0.453000009059906,0.46399998664855957,26563
2024-03-05,0.46299999952316284,0.46299999952316284,0.4309999942779541,0.4390000104904175,61720
2024-03-06,0.44600000977516174,0.4830000102519989,0.4339999854564667,0.46000000834465027,50219
2024-03-07,0.46000000834465027,0.46000000834465027,0.4300000071525574,0.453000009059906,8798
2024-03-08,0.453000009059906,0.453000009059906,0.43700000643730164,0.45100000500679016,11157
2024-03-11,0.45399999618530273,0.4569999873638153,0.4410000145435333,0.4569999873638153,8087
2024-03-12,0.4399999976158142,0.4560000002384186,0.42500001192092896,0.4399999976158142,45535
2024-03-13,0.44600000977516174,0.4580000042915344,0.41999998688697815,0.4580000042915344,44980
2024-03-14,0.4580000042915344,0.4729999899864197,0.4580000042915344,0.4699999988079071,13846
2024-03-15,0.453000009059906,0.46799999475479126,0.4339999854564667,0.46299999952316284,4742
2024-03-18,0.4399999976158142,0.46299999952316284,0.4390000104904175,0.4620000123977661,8820
2024-03-19,0.46799999475479126,0.46799999475479126,0.4390000104904175,0.46799999475479126,10363
2024-03-20,0.4690000116825104,0.4690000116825104,0.46799999475479126,0.4690000116825104,8793
2024-03-21,0.4699999988079071,0.4790000021457672,0.4449999928474426,0.4749999940395355,596
2024-03-22,0.4779999852180481,0.47999998927116394,0.44699999690055847,0.4699999988079071,3898
2024-03-25,0.48399999737739563,0.49000000953674316,0.4699999988079071,0.4869999885559082,41152
2024-03-26,0.4729999899864197,0.48500001430511475,0.46000000834465027,0.48399999737739563,6448
2024-03-27,0.4830000102519989,0.4830000102519989,0.44999998807907104,0.47999998927116394,2017
2024-03-28,0.47999998927116394,0.47999998927116394,0.44999998807907104,0.46700000762939453,9606
2024-04-02,0.46700000762939453,0.5139999985694885,0.4449999928474426,0.5139999985694885,65655
2024-04-03,0.5080000162124634,0.5099999904632568,0.47200000286102295,0.48500001430511475,33817
2024-04-04,0.4830000102519989,0.49399998784065247,0.46299999952316284,0.48399999737739563,31177
2024-04-05,0.48899999260902405,0.4959999918937683,0.47099998593330383,0.4909999966621399,6767
2024-04-08,0.47200000286102295,0.49000000953674316,0.47099998593330383,0.47099998593330383,12001
2024-04-09,0.48899999260902405,0.48899999260902405,0.45399999618530273,0.4659999907016754,46169
2024-04-10,0.4650000035762787,0.4779999852180481,0.460999995470047,0.4749999940395355,11580
2024-04-11,0.4749999940395355,0.49000000953674316,0.4620000123977661,0.4880000054836273,12981
2024-04-12,0.48399999737739563,0.48399999737739563,0.4620000123977661,0.47999998927116394,2971
2024-04-15,0.4790000021457672,0.4790000021457672,0.453000009059906,0.47200000286102295,8035
2024-04-16,0.4690000116825104,0.47600001096725464,0.4650000035762787,0.4690000116825104,22297
2024-04-17,0.4650000035762787,0.4690000116825104,0.4440000057220459,0.46000000834465027,64021
2024-04-18,0.45399999618530273,0.46000000834465027,0.41999998688697815,0.4390000104904175,239345
2024-04-19,0.44600000977516174,0.44699999690055847,0.42899999022483826,0.44600000977516174,20141
2024-04-22,0.4339999854564667,0.4449999928474426,0.4259999990463257,0.4429999887943268,439
2024-04-23,0.44600000977516174,0.5080000162124634,0.44600000977516174,0.4959999918937683,106721
2024-04-24,0.4959999918937683,0.5059999823570251,0.47200000286102295,0.5059999823570251,39562
2024-04-25,0.49000000953674316,0.5040000081062317,0.47200000286102295,0.48899999260902405,33773
2024-04-26,0.48899999260902405,0.48899999260902405,0.47699999809265137,0.48500001430511475,20581
2024-04-29,0.48500001430511475,0.49000000953674316,0.47099998593330383,0.48399999737739563,42684
2024-04-30,0.4749999940395355,0.47999998927116394,0.4650000035762787,0.47999998927116394,34226
2024-05-02,0.4970000088214874,0.4970000088214874,0.47200000286102295,0.49399998784065247,14917
2024-05-06,0.4740000069141388,0.4779999852180481,0.46399998664855957,0.4699999988079071,25487
2024-05-07,0.4699999988079071,0.49000000953674316,0.4569999873638153,0.4659999907016754,14144
2024-05-08,0.46700000762939453,0.46700000762939453,0.42100000381469727,0.4519999921321869,88371
2024-05-09,0.4519999921321869,0.45899999141693115,0.44999998807907104,0.45899999141693115,22529
2024-05-10,0.45899999141693115,0.4690000116825104,0.45899999141693115,0.4690000116825104,7225
2024-05-13,0.46799999475479126,0.4690000116825104,0.45899999141693115,0.4690000116825104,2586
2024-05-14,0.4569999873638153,0.4690000116825104,0.45399999618530273,0.46700000762939453,7993
2024-05-15,0.46700000762939453,0.4690000116825104,0.44999998807907104,0.45399999618530273,6601
2024-05-16,0.4650000035762787,0.4650000035762787,0.45399999618530273,0.46000000834465027,4708
2024-05-17,0.453000009059906,0.46000000834465027,0.4490000009536743,0.45899999141693115,7362
2024-05-20,0.4490000009536743,0.4580000042915344,0.4490000009536743,0.4560000002384186,9075
2024-05-21,0.46000000834465027,0.46399998664855957,0.44999998807907104,0.46399998664855957,28029
2024-05-22,0.45100000500679016,0.46299999952316284,0.45100000500679016,0.46299999952316284,1102
2024-05-23,0.45100000500679016,0.46299999952316284,0.45100000500679016,0.45899999141693115,3110
2024-05-24,0.45899999141693115,0.45899999141693115,0.4410000145435333,0.4580000042915344,3995
2024-05-27,0.4560000002384186,0.4580000042915344,0.4320000112056732,0.4580000042915344,14161
2024-05-28,0.4580000042915344,0.4580000042915344,0.44999998807907104,0.44999998807907104,1871
2024-05-29,0.46000000834465027,0.46000000834465027,0.4350000023841858,0.4410000145435333,8168
2024-05-31,0.4440000057220459,0.46700000762939453,0.4440000057220459,0.46700000762939453,8505
2024-06-03,0.46299999952316284,0.46299999952316284,0.4350000023841858,0.4580000042915344,11251
2024-06-04,0.4580000042915344,0.46299999952316284,0.4580000042915344,0.46299999952316284,10488
2024-06-05,0.46299999952316284,0.46299999952316284,0.44999998807907104,0.46299999952316284,148
2024-06-06,0.4620000123977661,0.4729999899864197,0.44600000977516174,0.4519999921321869,21329
2024-06-07,0.4729999899864197,0.4729999899864197,0.44600000977516174,0.44600000977516174,15380
2024-06-10,0.4569999873638153,0.46700000762939453,0.4300000071525574,0.4429999887943268,42316
2024-06-11,0.4300000071525574,0.44999998807907104,0.4300000071525574,0.4480000138282776,10158
2024-06-12,0.4359999895095825,0.4449999928474426,0.4180000126361847,0.4339999854564667,66629
2024-06-13,0.4189999997615814,0.43299999833106995,0.4000000059604645,0.4129999876022339,97232
2024-06-14,0.4129999876022339,0.4180000126361847,0.3959999978542328,0.41600000858306885,84574
2024-06-17,0.41600000858306885,0.41600000858306885,0.3959999978542328,0.39899998903274536,18128
2024-06-18,0.41600000858306885,0.41600000858306885,0.4020000100135803,0.41600000858306885,6594
2024-06-19,0.41600000858306885,0.41600000858306885,0.4000000059604645,0.41600000858306885,7287
2024-06-20,0.41600000858306885,0.41600000858306885,0.39899998903274536,0.4090000092983246,17912
2024-06-21,0.4090000092983246,0.4090000092983246,0.3959999978542328,0.4090000092983246,3959
2024-06-24,0.4090000092983246,0.41600000858306885,0.3970000147819519,0.41600000858306885,6666
2024-06-25,0.41499999165534973,0.41499999165534973,0.3970000147819519,0.4000000059604645,16424
2024-06-26,0.4090000092983246,0.4090000092983246,0.4090000092983246,0.4090000092983246,12
2024-06-27,0.4009999930858612,0.4090000092983246,0.3720000088214874,0.40799999237060547,94869
2024-06-28,0.40799999237060547,0.4189999997615814,0.40799999237060547,0.4180000126361847,20724
2024-07-01,0.38999998569488525,0.4180000126361847,0.3869999945163727,0.4180000126361847,90362
2024-07-02,0.4009999930858612,0.40700000524520874,0.38499999046325684,0.38999998569488525,126144
2024-07-03,0.38999998569488525,0.4099999964237213,0.3700000047683716,0.39800000190734863,492520
2024-07-04,0.38999998569488525,0.38999998569488525,0.3700000047683716,0.375,73370
2024-07-05,0.37599998712539673,0.38999998569488525,0.37599998712539673,0.3889999985694885,45549
2024-07-08,0.3889999985694885,0.3889999985694885,0.35100001096725464,0.36000001430511475,107263
2024-07-09,0.35899999737739563,0.3619999885559082,0.3499999940395355,0.3619999885559082,15717
2024-07-10,0.3619999885559082,0.36500000953674316,0.3580000102519989,0.36500000953674316,37139
2024-07-11,0.35600000619888306,0.35600000619888306,0.3240000009536743,0.3400000035762787,249143
2024-07-12,0.3400000035762787,0.3700000047683716,0.3400000035762787,0.3659999966621399,44117
2024-07-15,0.3659999966621399,0.3659999966621399,0.3499999940395355,0.3569999933242798,23773
2024-07-16,0.3569999933242798,0.3569999933242798,0.33000001311302185,0.3440000116825104,58963
2024-07-17,0.3440000116825104,0.3569999933242798,0.335999995470047,0.3569999933242798,20651
2024-07-18,0.3490000069141388,0.3569999933242798,0.34200000762939453,0.35600000619888306,46253
2024-07-19,0.35600000619888306,0.3569999933242798,0.33799999952316284,0.3499999940395355,21396
2024-07-22,0.3449999988079071,0.35499998927116394,0.33899998664855957,0.3499999940395355,9650
2024-07-23,0.3400000035762787,0.35499998927116394,0.3400000035762787,0.35499998927116394,3435
2024-07-24,0.35499998927116394,0.35499998927116394,0.3400000035762787,0.3490000069141388,22198
2024-07-25,0.3400000035762787,0.3440000116825104,0.33399999141693115,0.3440000116825104,28832
2024-07-26,0.33399999141693115,0.3569999933242798,0.33399999141693115,0.3569999933242798,5499
2024-07-29,0.3569999933242798,0.3569999933242798,0.3569999933242798,0.3569999933242798,4099
2024-07-30,0.34599998593330383,0.3580000102519989,0.34599998593330383,0.3580000102519989,6505
2024-07-31,0.3580000102519989,0.3580000102519989,0.3449999988079071,0.3529999852180481,843
2024-08-01,0.3529999852180481,0.3540000021457672,0.3490000069141388,0.3490000069141388,8259
2024-08-02,0.3490000069141388,0.36000001430511475,0.335999995470047,0.335999995470047,15202
2024-08-05,0.335999995470047,0.3499999940395355,0.335999995470047,0.3499999940395355,1544
2024-08-06,0.3490000069141388,0.3490000069141388,0.33500000834465027,0.33500000834465027,29856
2024-08-07,0.33399999141693115,0.33500000834465027,0.3319999873638153,0.3319999873638153,14820
2024-08-08,0.3310000002384186,0.3449999988079071,0.3149999976158142,0.3449999988079071,34902
2024-08-09,0.34599998593330383,0.3479999899864197,0.34599998593330383,0.3479999899864197,6568
2024-08-12,0.34299999475479126,0.3490000069141388,0.328000009059906,0.3490000069141388,732
2024-08-13,0.3479999899864197,0.3490000069141388,0.3449999988079071,0.3490000069141388,8728
2024-08-14,0.3490000069141388,0.4699999988079071,0.3490000069141388,0.4699999988079071,598981
2024-08-16,0.4749999940395355,0.4880000054836273,0.4000000059604645,0.4490000009536743,691736
2024-08-19,0.44699999690055847,0.44699999690055847,0.41100001335144043,0.42399999499320984,67267
2024-08-20,0.42399999499320984,0.42399999499320984,0.3970000147819519,0.41600000858306885,166303
2024-08-21,0.40400001406669617,0.41200000047683716,0.3970000147819519,0.4099999964237213,25961
2024-08-22,0.39800000190734863,0.39800000190734863,0.3700000047683716,0.3840000033378601,56673
2024-08-23,0.38999998569488525,0.3959999978542328,0.367000013589859,0.37599998712539673,152145
2024-08-26,0.3840000033378601,0.3840000033378601,0.3630000054836273,0.37400001287460327,5316
2024-08-27,0.3700000047683716,0.3840000033378601,0.36500000953674316,0.3840000033378601,30513
2024-08-28,0.38999998569488525,0.40400001406669617,0.3799999952316284,0.40299999713897705,38606
2024-08-29,0.4000000059604645,0.4000000059604645,0.38100001215934753,0.38999998569488525,49740
2024-08-30,0.38999998569488525,0.38999998569488525,0.3700000047683716,0.3889999985694885,20603
2024-09-02,0.38999998569488525,0.38999998569488525,0.3709999918937683,0.38999998569488525,15849
2024-09-03,0.38999998569488525,0.38999998569488525,0.3700000047683716,0.3700000047683716,16959
2024-09-04,0.36800000071525574,0.3799999952316284,0.3610000014305115,0.3799999952316284,28448
2024-09-05,0.3790000081062317,0.3790000081062317,0.37299999594688416,0.3779999911785126,6140
2024-09-06,0.3790000081062317,0.3790000081062317,0.36899998784065247,0.3790000081062317,3595
2024-09-09,0.3779999911785126,0.3779999911785126,0.3779999911785126,0.3779999911785126,44
2024-09-10,0.3779999911785126,0.3799999952316284,0.36500000953674316,0.3700000047683716,18586
2024-09-11,0.3700000047683716,0.3869999945163727,0.3610000014305115,0.38600000739097595,27641
2024-09-12,0.38499999046325684,0.3919999897480011,0.3659999966621399,0.38999998569488525,7452
2024-09-13,0.39100000262260437,0.3959999978542328,0.38999998569488525,0.3959999978542328,9595
2024-09-16,0.3959999978542328,0.3959999978542328,0.37400001287460327,0.3959999978542328,2541
2024-09-17,0.3799999952316284,0.41600000858306885,0.3709999918937683,0.41600000858306885,64431
2024-09-18,0.41600000858306885,0.41600000858306885,0.39800000190734863,0.414000004529953,2543
2024-09-19,0.4009999930858612,0.4180000126361847,0.4000000059604645,0.4180000126361847,14166
2024-09-20,0.4180000126361847,0.4180000126361847,0.3919999897480011,0.41200000047683716,1639
2024-09-23,0.41600000858306885,0.4180000126361847,0.39100000262260437,0.4129999876022339,2443
2024-09-24,0.41200000047683716,0.4259999990463257,0.41200000047683716,0.4230000078678131,10402
2024-09-25,0.421999990940094,0.421999990940094,0.38600000739097595,0.3930000066757202,35846
2024-09-26,0.3919999897480011,0.4180000126361847,0.38999998569488525,0.41100001335144043,3565
2024-09-27,0.41100001335144043,0.41100001335144043,0.4009999930858612,0.40700000524520874,867
2024-09-30,0.4099999964237213,0.414000004529953,0.3880000114440918,0.38999998569488525,11321
2024-10-01,0.3880000114440918,0.40400001406669617,0.36899998784065247,0.40400001406669617,13098
2024-10-02,0.40400001406669617,0.40400001406669617,0.4000000059604645,0.40299999713897705,7655
2024-10-03,0.38999998569488525,0.3970000147819519,0.37299999594688416,0.38999998569488525,6954
2024-10-04,0.375,0.4000000059604645,0.37299999594688416,0.3919999897480011,127191
2024-10-07,0.4020000100135803,0.4020000100135803,0.4020000100135803,0.4020000100135803,126
2024-10-08,0.4000000059604645,0.4000000059604645,0.38199999928474426,0.3959999978542328,6096
2024-10-09,0.3799999952316284,0.3919999897480011,0.36800000071525574,0.3889999985694885,40839
2024-10-10,0.3840000033378601,0.3840000033378601,0.3840000033378601,0.3840000033378601,230
2024-10-11,0.3709999918937683,0.3840000033378601,0.36800000071525574,0.3840000033378601,21951
2024-10-14,0.3799999952316284,0.38999998569488525,0.3799999952316284,0.38999998569488525,1620
2024-10-15,0.3720000088214874,0.39899998903274536,0.3709999918937683,0.39899998903274536,4949
2024-10-16,0.38999998569488525,0.4000000059604645,0.37400001287460327,0.4000000059604645,5404
2024-10-17,0.37700000405311584,0.3970000147819519,0.37700000405311584,0.3970000147819519,1096
2024-10-18,0.37700000405311584,0.39399999380111694,0.3700000047683716,0.3889999985694885,3352
2024-10-21,0.3889999985694885,0.3889999985694885,0.3619999885559082,0.3799999952316284,9023
2024-10-22,0.3779999911785126,0.3779999911785126,0.375,0.3779999911785126,10100
2024-10-23,0.3700000047683716,0.3779999911785126,0.3700000047683716,0.3779999911785126,3462
2024-10-24,0.3619999885559082,0.3889999985694885,0.3619999885559082,0.3889999985694885,14187
2024-10-25,0.38499999046325684,0.39100000262260437,0.3700000047683716,0.39100000262260437,3954
2024-10-28,0.3709999918937683,0.38999998569488525,0.3700000047683716,0.38999998569488525,582
2024-10-29,0.3709999918937683,0.3970000147819519,0.3709999918937683,0.3970000147819519,15624
2024-10-30,0.38499999046325684,0.39500001072883606,0.375,0.3919999897480011,226
2024-10-31,0.39399999380111694,0.4000000059604645,0.37599998712539673,0.39399999380111694,9566
2024-11-04,0.4000000059604645,0.4000000059604645,0.38999998569488525,0.39800000190734863,19378
2024-11-05,0.37700000405311584,0.39800000190734863,0.37700000405311584,0.39500001072883606,329
2024-11-06,0.3959999978542328,0.3959999978542328,0.39399999380111694,0.39399999380111694,343
2024-11-07,0.39399999380111694,0.4050000011920929,0.39399999380111694,0.39899998903274536,15976
2024-11-08,0.40400001406669617,0.40400001406669617,0.3700000047683716,0.4020000100135803,69757
2024-11-12,0.4020000100135803,0.40299999713897705,0.3700000047683716,0.3889999985694885,18625
2024-11-13,0.3779999911785126,0.3970000147819519,0.3440000116825104,0.375,39034
2024-11-14,0.375,0.38100001215934753,0.34299999475479126,0.36800000071525574,74130
2024-11-15,0.3700000047683716,0.3700000047683716,0.32100000977516174,0.3230000138282776,39385
2024-11-18,0.3490000069141388,0.35899999737739563,0.3199999928474426,0.3400000035762787,13078
2024-11-19,0.3400000035762787,0.35899999737739563,0.3400000035762787,0.35899999737739563,7197
2024-11-20,0.35899999737739563,0.35899999737739563,0.33000001311302185,0.33000001311302185,7669
2024-11-21,0.33000001311302185,0.33000001311302185,0.33000001311302185,0.33000001311302185,17056
2024-11-22,0.33000001311302185,0.3499999940395355,0.32199999690055847,0.34700000286102295,5713
2024-11-25,0.3100000023841858,0.3409999907016754,0.3100000023841858,0.3400000035762787,24720
2024-11-26,0.33899998664855957,0.3400000035762787,0.3149999976158142,0.3400000035762787,17462
2024-11-27,0.32199999690055847,0.3449999988079071,0.32199999690055847,0.3449999988079071,13853
2024-11-28,0.3440000116825104,0.35199999809265137,0.3100000023841858,0.3100000023841858,119882
2024-11-29,0.3160000145435333,0.32899999618530273,0.30000001192092896,0.32899999618530273,109251
2024-12-02,0.328000009059906,0.33000001311302185,0.3160000145435333,0.3160000145435333,6315
2024-12-03,0.3179999887943268,0.33899998664855957,0.3160000145435333,0.328000009059906,33242
2024-12-04,0.328000009059906,0.33899998664855957,0.3160000145435333,0.3370000123977661,4562
2024-12-05,0.3370000123977661,0.3370000123977661,0.3370000123977661,0.3370000123977661,6117
2024-12-06,0.3370000123977661,0.3370000123977661,0.3190000057220459,0.33500000834465027,8030
2024-12-09,0.3199999928474426,0.3400000035762787,0.3199999928474426,0.3400000035762787,33379
2024-12-10,0.3400000035762787,0.3400000035762787,0.3190000057220459,0.33899998664855957,7630
2024-12-11,0.3190000057220459,0.33000001311302185,0.31200000643730164,0.3199999928474426,60474
2024-12-12,0.3199999928474426,0.3199999928474426,0.3100000023841858,0.3199999928474426,4412
2024-12-13,0.3199999928474426,0.32899999618530273,0.3089999854564667,0.3179999887943268,24921
2024-12-16,0.3100000023841858,0.32499998807907104,0.29899999499320984,0.32499998807907104,28146
2024-12-17,0.30000001192092896,0.32499998807907104,0.30000001192092896,0.3190000057220459,4820
2024-12-18,0.3019999861717224,0.3140000104904175,0.30000001192092896,0.3140000104904175,57689
2024-12-19,0.3009999990463257,0.3269999921321869,0.3009999990463257,0.3240000009536743,8619
2024-12-20,0.3059999942779541,0.3100000023841858,0.2759999930858612,0.3100000023841858,105316
2024-12-23,0.28700000047683716,0.3089999854564667,0.2770000100135803,0.289000004529953,59221
2024-12-27,0.289000004529953,0.3009999990463257,0.27900001406669617,0.2879999876022339,61182
2024-12-30,0.28999999165534973,0.28999999165534973,0.27799999713897705,0.289000004529953,16176
2025-01-02,0.3100000023841858,0.3700000047683716,0.3100000023841858,0.3499999940395355,111322
2025-01-03,0.36800000071525574,0.4440000057220459,0.3400000035762787,0.44200000166893005,253017
2025-01-07,0.44200000166893005,0.44999998807907104,0.40299999713897705,0.4309999942779541,43074
2025-01-08,0.4309999942779541,0.4390000104904175,0.39899998903274536,0.40400001406669617,42324
2025-01-09,0.40400001406669617,0.4099999964237213,0.375,0.39800000190734863,8410
2025-01-10,0.4020000100135803,0.4020000100135803,0.3310000002384186,0.3790000081062317,121533
2025-01-13,0.3799999952316284,0.38999998569488525,0.3569999933242798,0.3700000047683716,264004
2025-01-14,0.3840000033378601,0.4000000059604645,0.36800000071525574,0.38499999046325684,24102
2025-01-15,0.36899998784065247,0.37599998712539673,0.35499998927116394,0.3700000047683716,77058
2025-01-16,0.3700000047683716,0.3790000081062317,0.3499999940395355,0.36000001430511475,52113
2025-01-17,0.36000001430511475,0.36000001430511475,0.35100001096725464,0.36000001430511475,25705
2025-01-20,0.367000013589859,0.36800000071525574,0.3499999940395355,0.35899999737739563,49280
2025-01-21,0.35899999737739563,0.36500000953674316,0.3240000009536743,0.33500000834465027,224811
2025-01-22,0.33500000834465027,0.3499999940395355,0.3310000002384186,0.3490000069141388,74006
2025-01-23,0.3490000069141388,0.3529999852180481,0.33799999952316284,0.3499999940395355,11255
2025-01-24,0.3400000035762787,0.3529999852180481,0.3400000035762787,0.3499999940395355,26502
2025-01-27,0.3499999940395355,0.3499999940395355,0.3319999873638153,0.3499999940395355,18553
2025-01-28,0.3499999940395355,0.35499998927116394,0.3330000042915344,0.35499998927116394,62753
2025-01-29,0.35499998927116394,0.35499998927116394,0.3400000035762787,0.35499998927116394,31642
2025-01-30,0.3540000021457672,0.35899999737739563,0.3490000069141388,0.3569999933242798,41549
2025-01-31,0.3569999933242798,0.3569999933242798,0.335999995470047,0.3499999940395355,6173
2025-02-03,0.3499999940395355,0.3499999940395355,0.3310000002384186,0.3400000035762787,29479
2025-02-04,0.3490000069141388,0.3490000069141388,0.3269999921321869,0.3440000116825104,12442
2025-02-05,0.3440000116825104,0.3440000116825104,0.3269999921321869,0.3440000116825104,6877
2025-02-06,0.3440000116825104,0.34599998593330383,0.33500000834465027,0.33500000834465027,18228
2025-02-07,0.34599998593330383,0.3580000102519989,0.3400000035762787,0.3490000069141388,68297
2025-02-10,0.34299999475479126,0.35600000619888306,0.34299999475479126,0.3499999940395355,25449
2025-02-11,0.35600000619888306,0.36000001430511475,0.33799999952316284,0.36000001430511475,60546
2025-02-12,0.3499999940395355,0.36000001430511475,0.3409999907016754,0.36000001430511475,30366
2025-02-13,0.36000001430511475,0.36000001430511475,0.3449999988079071,0.3529999852180481,25054
2025-02-14,0.35100001096725464,0.3569999933242798,0.3449999988079071,0.35499998927116394,39114
2025-02-17,0.35499998927116394,0.35899999737739563,0.35499998927116394,0.35499998927116394,24953
2025-02-18,0.3499999940395355,0.35899999737739563,0.3440000116825104,0.3569999933242798,29597
2025-02-19,0.3490000069141388,0.36000001430511475,0.3449999988079071,0.36000001430511475,34152
2025-02-20,0.34599998593330383,0.36000001430511475,0.34599998593330383,0.3569999933242798,17142
2025-02-21,0.35600000619888306,0.35600000619888306,0.35600000619888306,0.35600000619888306,120
2025-02-24,0.35600000619888306,0.36000001430511475,0.34700000286102295,0.35600000619888306,22210
2025-02-25,0.3569999933242798,0.3569999933242798,0.3479999899864197,0.3540000021457672,4593
2025-02-26,0.3529999852180481,0.3569999933242798,0.3479999899864197,0.3569999933242798,10041
2025-02-27,0.35899999737739563,0.36000001430511475,0.3569999933242798,0.3569999933242798,20903
2025-02-28,0.35899999737739563,0.36000001430511475,0.3569999933242798,0.3569999933242798,1250
2025-03-03,0.35899999737739563,0.36000001430511475,0.34200000762939453,0.3569999933242798,17672
2025-03-04,0.3580000102519989,0.3580000102519989,0.3490000069141388,0.3580000102519989,6053
2025-03-05,0.3499999940395355,0.3569999933242798,0.3490000069141388,0.35600000619888306,3250
2025-03-06,0.3499999940395355,0.35600000619888306,0.3409999907016754,0.3409999907016754,32003
2025-03-07,0.3479999899864197,0.35600000619888306,0.3400000035762787,0.34599998593330383,9354
2025-03-10,0.33899998664855957,0.34599998593330383,0.33399999141693115,0.3409999907016754,25578
2025-03-11,0.3409999907016754,0.3409999907016754,0.3319999873638153,0.3319999873638153,11398
2025-03-12,0.3409999907016754,0.3409999907016754,0.3409999907016754,0.3409999907016754,3597
2025-03-13,0.3409999907016754,0.3499999940395355,0.335999995470047,0.3490000069141388,10044
2025-03-14,0.3319999873638153,0.3499999940395355,0.3319999873638153,0.34700000286102295,17089
2025-03-17,0.34700000286102295,0.34700000286102295,0.33399999141693115,0.34200000762939453,9171
2025-03-18,0.33399999141693115,0.3499999940395355,0.3330000042915344,0.34299999475479126,14757
2025-03-19,0.34299999475479126,0.3449999988079071,0.34299999475479126,0.3449999988079071,444
2025-03-20,0.3370000123977661,0.3440000116825104,0.3330000042915344,0.3440000116825104,6530
2025-03-21,0.3440000116825104,0.3449999988079071,0.3440000116825104,0.3449999988079071,14017
2025-03-24,0.3449999988079071,0.3490000069141388,0.3400000035762787,0.3400000035762787,24343
2025-03-25,0.34200000762939453,0.34200000762939453,0.33000001311302185,0.33000001311302185,7687
2025-03-26,0.33000001311302185,0.4399999976158142,0.33000001311302185,0.4399999976158142,721463
2025-03-27,0.4659999907016754,0.6179999709129333,0.4399999976158142,0.6179999709129333,2530582
2025-03-28,0.6679999828338623,0.6700000166893005,0.5040000081062317,0.5120000243186951,1468427
2025-03-31,0.515999972820282,0.5299999713897705,0.4699999988079071,0.47200000286102295,473795
2025-04-01,0.47200000286102295,0.6060000061988831,0.47200000286102295,0.5860000252723694,1313116
2025-04-02,0.6100000143051147,0.628000020980835,0.5260000228881836,0.5659999847412109,586945
2025-04-03,0.5659999847412109,0.6480000019073486,0.5659999847412109,0.6159999966621399,569128
2025-04-04,0.6100000143051147,0.6639999747276306,0.6060000061988831,0.6380000114440918,355331
2025-04-07,0.6380000114440918,0.6539999842643738,0.5299999713897705,0.6259999871253967,405320
2025-04-08,0.6200000047683716,0.6200000047683716,0.5519999861717224,0.593999981880188,487971
2025-04-09,0.593999981880188,0.593999981880188,0.5260000228881836,0.5299999713897705,632959
2025-04-10,0.5559999942779541,0.5580000281333923,0.47999998927116394,0.5199999809265137,360289
2025-04-11,0.5,0.5199999809265137,0.48100000619888306,0.5139999985694885,137042
2025-04-14,0.515999972820282,0.515999972820282,0.47999998927116394,0.48100000619888306,168058
2025-04-15,0.4819999933242798,0.4819999933242798,0.453000009059906,0.47999998927116394,197826
2025-04-16,0.47999998927116394,0.6299999952316284,0.47999998927116394,0.6299999952316284,1014186
2025-04-17,0.6700000166893005,0.800000011920929,0.6039999723434448,0.800000011920929,1357571
2025-04-22,0.7979999780654907,0.800000011920929,0.6600000262260437,0.6600000262260437,1086474
2025-04-23,0.6600000262260437,0.7639999985694885,0.6320000290870667,0.7400000095367432,1120646
2025-04-24,0.7419999837875366,0.7799999713897705,0.699999988079071,0.7300000190734863,576161
2025-04-25,0.7020000219345093,0.7239999771118164,0.6499999761581421,0.6800000071525574,584043
2025-04-28,0.6600000262260437,0.7099999785423279,0.6499999761581421,0.671999990940094,321581
2025-04-29,0.6880000233650208,0.7559999823570251,0.6340000033378601,0.7300000190734863,1238798
2025-04-30,0.7360000014305115,0.7360000014305115,0.6800000071525574,0.7080000042915344,172588
2025-05-02,0.6499999761581421,0.6940000057220459,0.6499999761581421,0.6740000247955322,228635
2025-05-05,0.6740000247955322,0.6740000247955322,0.6740000247955322,0.6740000247955322,0
2025-05-06,0.6740000247955322,0.6740000247955322,0.6740000247955322,0.6740000247955322,0
2025-05-07,0.6740000247955322,0.6740000247955322,0.6740000247955322,0.6740000247955322,0
2025-05-08,0.6740000247955322,0.6740000247955322,0.6740000247955322,0.6740000247955322,0
2025-05-09,0.6740000247955322,0.6740000247955322,0.6740000247955322,0.6740000247955322,0
2025-05-12,0.6740000247955322,0.6740000247955322,0.6740000247955322,0.6740000247955322,0
2025-05-13,0.6740000247955322,0.6740000247955322,0.6740000247955322,0.6740000247955322,0
2025-05-14,0.6740000247955322,0.6740000247955322,0.6740000247955322,0.6740000247955322,0
2025-05-15,0.6740000247955322,0.6740000247955322,0.6740000247955322,0.6740000247955322,0
2025-05-16,0.6740000247955322,0.6740000247955322,0.6740000247955322,0.6740000247955322,0
2025-05-19,0.6740000247955322,0.6740000247955322,0.6740000247955322,0.6740000247955322,0
2025-05-20,0.6740000247955322,0.6740000247955322,0.6740000247955322,0.6740000247955322,0
2025-05-21,0.6740000247955322,0.6740000247955322,0.6740000247955322,0.6740000247955322,0
2025-05-22,0.6740000247955322,0.6740000247955322,0.6740000247955322,0.6740000247955322,0
2025-05-23,0.6740000247955322,0.6740000247955322,0.6740000247955322,0.6740000247955322,0
2025-05-26,0.6740000247955322,0.6740000247955322,0.6740000247955322,0.6740000247955322,0
2025-05-27,0.6740000247955322,0.6740000247955322,0.6740000247955322,0.6740000247955322,0
2025-05-28,0.6740000247955322,0.6740000247955322,0.6740000247955322,0.6740000247955322,0
2025-05-29,0.6740000247955322,0.6740000247955322,0.6740000247955322,0.6740000247955322,0
2025-05-30,0.6740000247955322,0.6740000247955322,0.6740000247955322,0.6740000247955322,0
2025-06-02,0.6740000247955322,0.6740000247955322,0.6740000247955322,0.6740000247955322,0
2025-06-03,0.6740000247955322,0.6740000247955322,0.6740000247955322,0.6740000247955322,0
2025-06-04,0.6740000247955322,0.6740000247955322,0.6740000247955322,0.6740000247955322,0
2025-06-05,0.6740000247955322,0.6740000247955322,0.6740000247955322,0.6740000247955322,0
2025-06-06,0.6740000247955322,0.6740000247955322,0.6740000247955322,0.6740000247955322,0
2025-06-09,0.6740000247955322,0.6740000247955322,0.6740000247955322,0.6740000247955322,0
2025-06-10,0.6740000247955322,0.6740000247955322,0.6740000247955322,0.6740000247955322,0
2025-06-11,0.6740000247955322,0.6740000247955322,0.6740000247955322,0.6740000247955322,0
2025-06-12,0.6740000247955322,0.6740000247955322,0.6740000247955322,0.6740000247955322,0
2025-06-13,0.6740000247955322,0.6740000247955322,0.6740000247955322,0.6740000247955322,0
2025-06-16,0.6740000247955322,0.6740000247955322,0.6740000247955322,0.6740000247955322,0
2025-06-17,0.6740000247955322,0.6740000247955322,0.6740000247955322,0.6740000247955322,0
2025-06-18,0.6740000247955322,0.6740000247955322,0.6740000247955322,0.6740000247955322,0
2025-06-20,0.6740000247955322,0.6740000247955322,0.6740000247955322,0.6740000247955322,0
2025-06-23,0.6740000247955322,0.6740000247955322,0.6740000247955322,0.6740000247955322,0
2025-06-24,0.6740000247955322,0.6740000247955322,0.6740000247955322,0.6740000247955322,0
2025-06-25,0.6740000247955322,0.6740000247955322,0.6740000247955322,0.6740000247955322,0
2025-06-26,0.6740000247955322,0.6740000247955322,0.6740000247955322,0.6740000247955322,0
2025-06-27,0.6740000247955322,0.6740000247955322,0.6740000247955322,0.6740000247955322,0
2025-06-30,0.6740000247955322,0.6740000247955322,0.6740000247955322,0.6740000247955322,0
2025-07-01,0.6740000247955322,0.6740000247955322,0.6740000247955322,0.6740000247955322,0
2025-07-02,0.6740000247955322,0.6740000247955322,0.6740000247955322,0.6740000247955322,0
2025-07-03,0.47999998927116394,0.5199999809265137,0.47999998927116394,0.5199999809265137,67393
2025-07-04,0.5440000295639038,0.5440000295639038,0.5199999809265137,0.5199999809265137,22828
2025-07-07,0.4359999895095825,0.4359999895095825,0.4339999854564667,0.4339999854564667,51236
2025-07-08,0.4320000112056732,0.4320000112056732,0.4099999964237213,0.4099999964237213,23086
2025-07-09,0.38600000739097595,0.38600000739097595,0.3499999940395355,0.3499999940395355,96181
2025-07-10,0.4339999854564667,0.4399999976158142,0.4000000059604645,0.4399999976158142,26092
2025-07-11,0.5979999899864197,0.6100000143051147,0.550000011920929,0.6100000143051147,405710
2025-07-14,0.6200000047683716,0.671999990940094,0.5580000281333923,0.6000000238418579,392851
2025-07-15,0.5920000076293945,0.6499999761581421,0.5559999942779541,0.5820000171661377,96006
2025-07-16,0.6119999885559082,0.6119999885559082,0.5540000200271606,0.6000000238418579,50244
2025-07-17,0.5640000104904175,0.5960000157356262,0.5099999904632568,0.5720000267028809,396672
2025-07-18,0.5720000267028809,0.6000000238418579,0.5320000052452087,0.5320000052452087,118552
2025-07-21,0.5239999890327454,0.550000011920929,0.5220000147819519,0.5460000038146973,112614
2025-07-22,0.5479999780654907,0.5479999780654907,0.5239999890327454,0.5239999890327454,36146
2025-07-23,0.5460000038146973,0.5460000038146973,0.5239999890327454,0.5400000214576721,28745
2025-07-24,0.5220000147819519,0.5360000133514404,0.5059999823570251,0.5239999890327454,33135
2025-07-25,0.5320000052452087,0.5320000052452087,0.492000013589859,0.5220000147819519,39229
2025-07-28,0.5019999742507935,0.5220000147819519,0.4819999933242798,0.5139999985694885,59440
2025-07-29,0.5139999985694885,0.5139999985694885,0.48399999737739563,0.49900001287460327,37448
2025-07-30,0.4869999885559082,0.515999972820282,0.4659999907016754,0.4880000054836273,105289
2025-07-31,0.4970000088214874,0.5379999876022339,0.49000000953674316,0.5019999742507935,88339
2025-08-01,0.5199999809265137,0.5360000133514404,0.49300000071525574,0.5099999904632568,31957
2025-08-04,0.5220000147819519,0.5299999713897705,0.49900001287460327,0.5019999742507935,46771
2025-08-05,0.5299999713897705,0.5460000038146973,0.5139999985694885,0.5379999876022339,30132
2025-08-06,0.5400000214576721,0.5699999928474426,0.5220000147819519,0.5479999780654907,42784
2025-08-07,0.5600000023841858,0.5600000023841858,0.5239999890327454,0.5360000133514404,20136
2025-08-08,0.5460000038146973,0.5600000023841858,0.5199999809265137,0.5360000133514404,63558
2025-08-11,0.5580000281333923,0.5580000281333923,0.5220000147819519,0.5339999794960022,12450
2025-08-12,0.5559999942779541,0.5699999928474426,0.5260000228881836,0.5479999780654907,36730
2025-08-13,0.5659999847412109,0.5680000185966492,0.5400000214576721,0.550000011920929,14921
2025-08-14,0.5659999847412109,0.5699999928474426,0.527999997138977,0.550000011920929,19586
2025-08-18,0.5720000267028809,0.5720000267028809,0.527999997138977,0.5299999713897705,5459
2025-08-19,0.5699999928474426,0.5699999928474426,0.5299999713897705,0.550000011920929,16685
2025-08-20,0.550000011920929,0.550000011920929,0.5199999809265137,0.5299999713897705,14228
2025-08-21,0.5299999713897705,0.5479999780654907,0.49799999594688416,0.5460000038146973,50024
2025-08-22,0.5460000038146973,0.5460000038146973,0.5139999985694885,0.5400000214576721,16024
2025-08-25,0.5479999780654907,0.5479999780654907,0.5019999742507935,0.5379999876022339,34596
2025-08-26,0.5379999876022339,0.5379999876022339,0.5040000081062317,0.5360000133514404,5070
2025-08-27,0.5379999876022339,0.5379999876022339,0.5040000081062317,0.5139999985694885,10582
2025-08-28,0.5120000243186951,0.5299999713897705,0.5040000081062317,0.5299999713897705,5749
2025-08-29,0.5299999713897705,0.5400000214576721,0.5040000081062317,0.5339999794960022,21640
2025-09-01,0.5339999794960022,0.5339999794960022,0.48100000619888306,0.5120000243186951,101073
2025-09-02,0.5199999809265137,0.5199999809265137,0.48100000619888306,0.4950000047683716,28383
2025-09-03,0.5080000162124634,0.5180000066757202,0.48100000619888306,0.5180000066757202,33343
2025-09-04,0.5180000066757202,0.5180000066757202,0.492000013589859,0.5180000066757202,9062
2025-09-05,0.5260000228881836,0.5260000228881836,0.49399998784065247,0.5239999890327454,14440
2025-09-08,0.49900001287460327,0.5220000147819519,0.49900001287460327,0.5220000147819519,1476
2025-09-09,0.5220000147819519,0.5220000147819519,0.49000000953674316,0.5,16280
2025-09-10,0.5,0.5040000081062317,0.49000000953674316,0.5040000081062317,15036
2025-09-11,0.5040000081062317,0.5099999904632568,0.49000000953674316,0.5059999823570251,14098
2025-09-12,0.5059999823570251,0.5059999823570251,0.49000000953674316,0.49000000953674316,8718
2025-09-15,0.5,0.5,0.4830000102519989,0.5,2585
2025-09-16,0.4830000102519989,0.5,0.4830000102519989,0.5,28992
2025-09-17,0.5,0.5,0.47999998927116394,0.47999998927116394,82796
2025-09-18,0.49799999594688416,0.49799999594688416,0.4749999940395355,0.4749999940395355,21861
2025-09-19,0.49799999594688416,0.49900001287460327,0.4749999940395355,0.49000000953674316,14845
2025-09-22,0.49000000953674316,0.49000000953674316,0.4440000057220459,0.4580000042915344,40747
2025-09-23,0.46000000834465027,0.47200000286102295,0.4440000057220459,0.46700000762939453,25296
2025-09-24,0.46700000762939453,0.46700000762939453,0.4480000138282776,0.4650000035762787,187
2025-09-25,0.44699999690055847,0.4740000069141388,0.44600000977516174,0.4740000069141388,9876
2025-09-26,0.46000000834465027,0.4699999988079071,0.44600000977516174,0.4519999921321869,34280
2025-09-29,0.4699999988079071,0.4699999988079071,0.44999998807907104,0.46000000834465027,3828
2025-09-30,0.46799999475479126,0.46799999475479126,0.46000000834465027,0.46000000834465027,5670
2025-10-01,0.4699999988079071,0.47699999809265137,0.4519999921321869,0.4519999921321869,54902
2025-10-02,0.47099998593330383,0.47099998593330383,0.4440000057220459,0.4569999873638153,32925
2025-10-03,0.44999998807907104,0.4580000042915344,0.44600000977516174,0.4580000042915344,6727
2025-10-06,0.4580000042915344,0.49900001287460327,0.44699999690055847,0.4580000042915344,89455
2025-10-07,0.4580000042915344,0.4970000088214874,0.4580000042915344,0.48500001430511475,30081
2025-10-08,0.4699999988079071,0.4959999918937683,0.4699999988079071,0.4819999933242798,10826
2025-10-09,0.49000000953674316,0.5139999985694885,0.4880000054836273,0.5099999904632568,78212
2025-10-10,0.515999972820282,0.5600000023841858,0.5099999904632568,0.5600000023841858,276693
2025-10-13,0.5600000023841858,0.5879999995231628,0.5400000214576721,0.5559999942779541,92300
2025-10-14,0.5860000252723694,0.5979999899864197,0.5559999942779541,0.5699999928474426,72808
2025-10-15,0.5879999995231628,0.5920000076293945,0.5699999928474426,0.5920000076293945,57596
2025-10-16,0.5720000267028809,0.5759999752044678,0.5519999861717224,0.5759999752044678,58046
2025-10-17,0.5519999861717224,0.5860000252723694,0.5519999861717224,0.5860000252723694,46476
2025-10-20,0.5799999833106995,0.5899999737739563,0.550000011920929,0.5540000200271606,72401
2025-10-21,0.5699999928474426,0.6259999871253967,0.5559999942779541,0.6000000238418579,176347
2025-10-22,0.6060000061988831,0.6299999952316284,0.5740000009536743,0.6000000238418579,66857
2025-10-23,0.6000000238418579,0.6340000033378601,0.6000000238418579,0.6200000047683716,12352
2025-10-24,0.6359999775886536,0.765999972820282,0.6000000238418579,0.7139999866485596,716136
2025-10-27,0.7260000109672546,0.7799999713897705,0.6819999814033508,0.7120000123977661,472935
2025-10-28,0.7279999852180481,0.7680000066757202,0.6700000166893005,0.6940000057220459,250942
2025-10-29,0.6800000071525574,0.7080000042915344,0.6140000224113464,0.6299999952316284,775958
2025-10-30,0.6179999709129333,0.6359999775886536,0.6100000143051147,0.6340000033378601,43223
2025-10-31,0.6420000195503235,0.6420000195503235,0.5699999928474426,0.593999981880188,315625
2025-11-03,0.5899999737739563,0.6019999980926514,0.5600000023841858,0.5839999914169312,49328
2025-11-04,0.5799999833106995,0.5799999833106995,0.5559999942779541,0.5559999942779541,32752
2025-11-05,0.5559999942779541,0.5759999752044678,0.5519999861717224,0.5640000104904175,17863
2025-11-06,0.5699999928474426,0.5699999928474426,0.5139999985694885,0.5400000214576721,149478
2025-11-07,0.5519999861717224,0.5519999861717224,0.5120000243186951,0.5339999794960022,26051
2025-11-10,0.5360000133514404,0.5619999766349792,0.5360000133514404,0.550000011920929,4122
2025-11-12,0.5299999713897705,0.550000011920929,0.5299999713897705,0.5440000295639038,8162
2025-11-13,0.515999972820282,0.5419999957084656,0.515999972820282,0.5419999957084656,3552
2025-11-14,0.5419999957084656,0.5419999957084656,0.515999972820282,0.5400000214576721,390
2025-11-17,0.5419999957084656,0.5419999957084656,0.5199999809265137,0.5419999957084656,7404
2025-11-18,0.5419999957084656,0.5419999957084656,0.4880000054836273,0.5199999809265137,78766
2025-11-19,0.4970000088214874,0.5379999876022339,0.4970000088214874,0.5220000147819519,11738
2025-11-20,0.5419999957084656,0.5419999957084656,0.492000013589859,0.49799999594688416,38026
2025-11-21,0.49399998784065247,0.49799999594688416,0.46299999952316284,0.4869999885559082,56912
2025-11-24,0.4869999885559082,0.4880000054836273,0.4699999988079071,0.4880000054836273,33145
2025-11-25,0.4880000054836273,0.4959999918937683,0.4779999852180481,0.4959999918937683,3709
2025-11-26,0.4959999918937683,0.4959999918937683,0.4779999852180481,0.4779999852180481,17760
2025-11-27,0.49000000953674316,0.49000000953674316,0.4880000054836273,0.49000000953674316,9991
2025-11-28,0.49000000953674316,0.5860000252723694,0.47999998927116394,0.5600000023841858,317989
2025-12-01,0.5619999766349792,0.5820000171661377,0.5360000133514404,0.5600000023841858,90170
2025-12-02,0.5419999957084656,0.5680000185966492,0.5360000133514404,0.5680000185966492,15896
2025-12-03,0.5659999847412109,0.5659999847412109,0.5099999904632568,0.5339999794960022,140070
2025-12-04,0.5320000052452087,0.5339999794960022,0.5059999823570251,0.527999997138977,49200
2025-12-05,0.5080000162124634,0.5379999876022339,0.49799999594688416,0.5320000052452087,21275
2025-12-08,0.527999997138977,0.527999997138977,0.48100000619888306,0.5,39956
2025-12-09,0.5,0.5120000243186951,0.4880000054836273,0.5099999904632568,30890
2025-12-10,0.5040000081062317,0.5040000081062317,0.49000000953674316,0.5040000081062317,11137
2025-12-11,0.49000000953674316,0.5099999904632568,0.4819999933242798,0.5059999823570251,29778
2025-12-12,0.5059999823570251,0.5059999823570251,0.4860000014305115,0.5040000081062317,1304
2025-12-15,0.49000000953674316,0.5,0.49000000953674316,0.49399998784065247,17175
2025-12-16,0.5059999823570251,0.5059999823570251,0.4819999933242798,0.5019999742507935,26264
2025-12-17,0.48399999737739563,0.5,0.48399999737739563,0.49799999594688416,6693
2025-12-18,0.49000000953674316,0.5180000066757202,0.4860000014305115,0.5099999904632568,76031
2025-12-19,0.5099999904632568,0.5099999904632568,0.48399999737739563,0.5040000081062317,14102
2025-12-22,0.49900001287460327,0.5080000162124634,0.4740000069141388,0.49799999594688416,23727
2025-12-23,0.49799999594688416,0.49799999594688416,0.46299999952316284,0.46299999952316284,46466
2025-12-29,0.4699999988079071,0.4970000088214874,0.4699999988079071,0.48500001430511475,26669
2025-12-30,0.4970000088214874,0.5040000081062317,0.4740000069141388,0.5,42070
2026-01-02,0.49799999594688416,0.515999972820282,0.49000000953674316,0.515999972820282,42947
2026-01-05,0.515999972820282,0.5199999809265137,0.49300000071525574,0.5199999809265137,45280
2026-01-07,0.5099999904632568,0.5199999809265137,0.5,0.5199999809265137,15322
2026-01-08,0.5199999809265137,0.5199999809265137,0.5040000081062317,0.5199999809265137,15645
2026-01-09,0.5199999809265137,0.5699999928474426,0.5099999904632568,0.5400000214576721,179361
2026-01-12,0.5400000214576721,0.5699999928474426,0.5199999809265137,0.5659999847412109,19961
2026-01-13,0.5220000147819519,0.5659999847412109,0.5220000147819519,0.5640000104904175,6837
2026-01-14,0.5640000104904175,0.5640000104904175,0.5260000228881836,0.5540000200271606,26896
2026-01-15,0.5559999942779541,0.5559999942779541,0.527999997138977,0.5400000214576721,24244
2026-01-16,0.550000011920929,0.550000011920929,0.527999997138977,0.550000011920929,8670
2026-01-19,0.550000011920929,0.550000011920929,0.5320000052452087,0.5479999780654907,395
2026-01-20,0.5479999780654907,0.5580000281333923,0.5299999713897705,0.5479999780654907,9725
2026-01-21,0.5479999780654907,0.5479999780654907,0.527999997138977,0.5479999780654907,24147
2026-01-22,0.550000011920929,0.550000011920929,0.5180000066757202,0.5360000133514404,286633
2026-01-23,0.5419999957084656,0.5419999957084656,0.5,0.5,153795
2026-01-26,0.5220000147819519,0.527999997138977,0.4880000054836273,0.49900001287460327,60899
2026-01-27,0.4909999966621399,0.5139999985694885,0.49000000953674316,0.5080000162124634,18658
2026-01-28,0.5099999904632568,0.5139999985694885,0.49799999594688416,0.5080000162124634,4570
2026-01-29,0.5099999904632568,0.5199999809265137,0.492000013589859,0.5099999904632568,10991
2026-01-30,0.5220000147819519,0.5220000147819519,0.48399999737739563,0.5139999985694885,28432
2026-02-02,0.5180000066757202,0.5199999809265137,0.4909999966621399,0.5180000066757202,23250
2026-02-03,0.5180000066757202,0.5180000066757202,0.4959999918937683,0.5139999985694885,10491
2026-02-04,0.5180000066757202,0.5180000066757202,0.4970000088214874,0.5080000162124634,6874
2026-02-05,0.5080000162124634,0.5080000162124634,0.49399998784065247,0.5080000162124634,1240
2026-02-06,0.5080000162124634,0.5080000162124634,0.492000013589859,0.5,12481
2026-02-09,0.5,0.5080000162124634,0.49000000953674316,0.5080000162124634,20844
2026-02-10,0.5,0.550000011920929,0.5,0.5360000133514404,77061
2026-02-11,0.5379999876022339,0.5379999876022339,0.5120000243186951,0.5339999794960022,109394
2026-02-12,0.5080000162124634,0.5299999713897705,0.5080000162124634,0.5220000147819519,236
2026-02-13,0.5299999713897705,0.5339999794960022,0.527999997138977,0.5339999794960022,12523
2026-02-16,0.5299999713897705,0.5299999713897705,0.5059999823570251,0.527999997138977,9074
2026-02-17,0.527999997138977,0.527999997138977,0.5260000228881836,0.5260000228881836,18
2026-02-18,0.5260000228881836,0.5260000228881836,0.5019999742507935,0.5019999742507935,41187
2026-02-19,0.5019999742507935,0.5139999985694885,0.49000000953674316,0.49000000953674316,27289
2026-02-20,0.5019999742507935,0.5239999890327454,0.5019999742507935,0.515999972820282,5584
2026-02-23,0.515999972820282,0.5360000133514404,0.4909999966621399,0.5,46872
2026-02-24,0.5299999713897705,0.5299999713897705,0.5099999904632568,0.527999997138977,15136
2026-02-25,0.527999997138977,0.527999997138977,0.5040000081062317,0.5220000147819519,5281
2026-02-26,0.5220000147819519,0.5220000147819519,0.5180000066757202,0.5199999809265137,15523
2026-02-27,0.527999997138977,0.5299999713897705,0.5120000243186951,0.5299999713897705,107815
2026-03-02,0.5299999713897705,0.5299999713897705,0.48100000619888306,0.5080000162124634,113269
2026-03-03,0.5080000162124634,0.5080000162124634,0.48500001430511475,0.5059999823570251,25448
2026-03-04,0.5059999823570251,0.5080000162124634,0.49000000953674316,0.5080000162124634,32380
2026-03-05,0.4860000014305115,0.527999997138977,0.4860000014305115,0.5099999904632568,21761
2026-03-06,0.5220000147819519,0.5220000147819519,0.492000013589859,0.5199999809265137,6522
2026-03-09,0.5199999809265137,0.5199999809265137,0.49300000071525574,0.5139999985694885,15570
2026-03-10,0.5180000066757202,0.5180000066757202,0.5180000066757202,0.5180000066757202,2
2026-03-11,0.515999972820282,0.5180000066757202,0.49000000953674316,0.5180000066757202,54532
2026-03-12,0.515999972820282,0.515999972820282,0.515999972820282,0.515999972820282,1
2026-03-13,0.49399998784065247,0.515999972820282,0.49399998784065247,0.5120000243186951,6365
2026-03-16,0.5139999985694885,0.5139999985694885,0.4959999918937683,0.5120000243186951,5900
2026-03-17,0.5139999985694885,0.5139999985694885,0.5139999985694885,0.5139999985694885,2
2026-03-18,0.5139999985694885,0.5139999985694885,0.4950000047683716,0.5,21405
2026-03-19,0.515999972820282,0.515999972820282,0.5019999742507935,0.515999972820282,44512
2026-03-20,0.5040000081062317,0.515999972820282,0.492000013589859,0.5139999985694885,38674
2026-03-23,0.5099999904632568,0.5099999904632568,0.4819999933242798,0.5,22369
2026-03-24,0.5,0.5,0.5,0.5,233
2026-03-25,0.5,0.5099999904632568,0.5,0.5099999904632568,4784
2026-03-26,0.5099999904632568,0.515999972820282,0.5099999904632568,0.515999972820282,15848
2026-03-27,0.4909999966621399,0.5,0.4909999966621399,0.5,4993
2026-03-30,0.5099999904632568,0.5099999904632568,0.49000000953674316,0.5080000162124634,3557
2026-03-31,0.5080000162124634,0.5139999985694885,0.5080000162124634,0.5080000162124634,5563
2026-04-01,0.515999972820282,0.515999972820282,0.5040000081062317,0.5120000243186951,3318
2026-04-02,0.5040000081062317,0.5139999985694885,0.5040000081062317,0.5139999985694885,152
2026-04-07,0.5099999904632568,0.5189999938011169,0.47099998593330383,0.515999972820282,9349
2026-04-08,0.5019999742507935,0.5059999823570251,0.46149998903274536,0.5040000081062317,216552
2026-04-09,0.5040000081062317,0.5040000081062317,0.47049999237060547,0.5040000081062317,23320
2026-04-10,0.47699999809265137,0.5090000033378601,0.47699999809265137,0.5090000033378601,59646
2026-04-13,0.5099999904632568,0.5099999904632568,0.4909999966621399,0.5099999904632568,21019
2026-04-14,0.5099999904632568,0.5099999904632568,0.4950000047683716,0.5099999904632568,29197
2026-04-15,0.4950000047683716,0.5099999904632568,0.49000000953674316,0.5070000290870667,28228
2026-04-16,0.5090000033378601,0.5099999904632568,0.49799999594688416,0.5099999904632568,7202
2026-04-17,0.503000020980835,0.503000020980835,0.49799999594688416,0.503000020980835,3396
2026-04-20,0.5019999742507935,0.503000020980835,0.47999998927116394,0.47999998927116394,39645
2026-04-21,0.49000000953674316,0.5,0.4749999940395355,0.5,3050
2026-04-22,0.4880000054836273,0.49900001287460327,0.4659999907016754,0.4984999895095825,8942
2026-04-23,0.5,0.5,0.4690000116825104,0.49399998784065247,12231
2026-04-24,0.49900001287460327,0.49900001287460327,0.4699999988079071,0.4950000047683716,5605
2026-04-27,0.4950000047683716,0.4950000047683716,0.46000000834465027,0.46299999952316284,55214
2026-04-28,0.4860000014305115,0.4860000014305115,0.4404999911785126,0.4404999911785126,45146
2026-04-29,0.4399999976158142,0.45899999141693115,0.4399999976158142,0.4569999873638153,17313
2026-04-30,0.44999998807907104,0.4514999985694885,0.4339999854564667,0.4514999985694885,26898
2026-05-04,0.4514999985694885,0.5120000243186951,0.4514999985694885,0.5120000243186951,126609
2026-05-05,0.5120000243186951,0.5400000214576721,0.492000013589859,0.5400000214576721,153572
2026-05-06,0.5630000233650208,0.6000000238418579,0.5260000228881836,0.5690000057220459,390980
2026-05-07,0.5860000252723694,0.5860000252723694,0.5429999828338623,0.5690000057220459,108901
2026-05-08,0.550000011920929,0.5690000057220459,0.5440000295639038,0.5559999942779541,31345
2026-05-11,0.5559999942779541,0.5849999785423279,0.5440000295639038,0.5799999833106995,99876
2026-05-12,0.5799999833106995,0.6489999890327454,0.5590000152587891,0.6489999890327454,233177
2026-05-13,0.6480000019073486,0.6480000019073486,0.6060000061988831,0.6150000095367432,144663
2026-05-14,0.6150000095367432,0.6399999856948853,0.6110000014305115,0.625,36349
2026-05-15,0.6200000047683716,0.6499999761581421,0.6129999756813049,0.6290000081062317,25287
2026-05-18,0.6240000128746033,0.6290000081062317,0.6039999723434448,0.628000020980835,37836
2026-05-19,0.6039999723434448,0.6290000081062317,0.6039999723434448,0.6200000047683716,7816
2026-05-20,0.6200000047683716,0.6200000047683716,0.6039999723434448,0.6140000224113464,8129
2026-05-21,0.6140000224113464,0.6200000047683716,0.5809999704360962,0.6100000143051147,44263
2026-05-22,0.6140000224113464,0.6140000224113464,0.5799999833106995,0.6060000061988831,5227
2026-05-25,0.6000000238418579,0.6000000238418579,0.5619999766349792,0.5889999866485596,33797
2026-05-26,0.5699999928474426,0.6000000238418579,0.5619999766349792,0.5699999928474426,35458
2026-05-27,0.5619999766349792,0.5820000171661377,0.5609999895095825,0.5630000233650208,2261
2026-05-28,0.5789999961853027,0.5789999961853027,0.5220000147819519,0.5289999842643738,357416
2026-05-29,0.5580000281333923,0.5580000281333923,0.5130000114440918,0.5299999713897705,4727
2026-06-01,0.550000011920929,0.5789999961853027,0.5339999794960022,0.5740000009536743,92039
2026-06-02,0.5799999833106995,0.6000000238418579,0.5600000023841858,0.5860000252723694,98979
2026-06-03,0.5929999947547913,0.593999981880188,0.5600000023841858,0.5799999833106995,16253
2026-06-05,0.5799999833106995,0.5950000286102295,0.5619999766349792,0.5929999947547913,14136
2026-06-08,0.5870000123977661,0.5870000123977661,0.5609999895095825,0.5849999785423279,16533
2026-06-09,0.5799999833106995,0.5899999737739563,0.5640000104904175,0.5899999737739563,9302
2026-06-10,0.5899999737739563,0.5899999737739563,0.5329999923706055,0.5849999785423279,90978
2026-06-11,0.5690000057220459,0.5839999914169312,0.531000018119812,0.578000009059906,26896
2026-06-12,0.5440000295639038,0.5580000281333923,0.5299999713897705,0.5299999713897705,94618
2026-06-15,0.5370000004768372,0.5370000004768372,0.5189999938011169,0.5289999842643738,79316
2026-06-16,0.5370000004768372,0.5370000004768372,0.5199999809265137,0.5370000004768372,11665
2026-06-17,0.5370000004768372,0.5370000004768372,0.5099999904632568,0.5199999809265137,32910
2026-06-18,0.5199999809265137,0.5479999780654907,0.5009999871253967,0.5329999923706055,39802
2026-06-19,0.5360000133514404,0.5360000133514404,0.5019999742507935,0.5299999713897705,6582
2026-06-22,0.5350000262260437,0.5350000262260437,0.49000000953674316,0.5,28696
2026-06-23,0.5249999761581421,0.5329999923706055,0.4909999966621399,0.5239999890327454,5133
2026-06-24,0.5249999761581421,0.5249999761581421,0.5239999890327454,0.5239999890327454,11
2026-06-25,0.5239999890327454,0.527999997138977,0.5239999890327454,0.527999997138977,31
2026-06-26,0.5289999842643738,0.5289999842643738,0.4959999918937683,0.5,90
2026-06-29,0.5,0.527999997138977,0.4959999918937683,0.5189999938011169,17999
2026-06-30,0.4959999918937683,0.5400000214576721,0.4959999918937683,0.5400000214576721,61673
2026-07-01,0.5389999747276306,0.5389999747276306,0.5099999904632568,0.5350000262260437,12531
2026-07-02,0.5099999904632568,0.5289999842643738,0.503000020980835,0.5149999856948853,74906
2026-07-03,0.5019999742507935,0.5139999985694885,0.5,0.5139999985694885,14101
2026-07-06,0.49799999594688416,0.5370000004768372,0.49000000953674316,0.5329999923706055,83495
2026-07-07,0.5040000081062317,0.5289999842643738,0.49000000953674316,0.515999972820282,18641
2026-07-08,0.5139999985694885,0.5139999985694885,0.49300000071525574,0.5130000114440918,2231
2026-07-09,0.49399998784065247,0.5099999904632568,0.4699999988079071,0.4970000088214874,57830
2026-07-10,0.4970000088214874,0.4970000088214874,0.4970000088214874,0.4970000088214874,3920
2026-07-13,0.48100000619888306,0.5019999742507935,0.47999998927116394,0.49900001287460327,31165
2026-07-14,0.47999998927116394,0.5,0.4790000021457672,0.5,21954
2026-07-15,0.5,0.5,0.4794999957084656,0.49799999594688416,19702
2026-07-16,0.49799999594688416,0.49799999594688416,0.47999998927116394,0.4970000088214874,8002
2026-07-17,0.47999998927116394,0.49399998784065247,0.47999998927116394,0.49399998784065247,4446
2026-07-20,0.49900001287460327,0.49900001287460327,0.49000000953674316,0.49000000953674316,1533
2026-07-21,0.4984999895095825,0.4984999895095825,0.4880000054836273,0.4880000054836273,7978
2026-07-22,0.49950000643730164,0.49950000643730164,0.4880000054836273,0.4880000054836273,6918
2026-07-23,0.4805000126361847,0.48899999260902405,0.46000000834465027,0.4880000054836273,64183
2026-07-24,0.4860000014305115,0.49000000953674316,0.4699999988079071,0.48899999260902405,17173
2026-07-27,0.4880000054836273,0.4880000054836273,0.46299999952316284,0.47850000858306885,29133
2026-07-28,0.47850000858306885,0.48750001192092896,0.44999998807907104,0.4830000102519989,19740
2026-07-29,0.48249998688697815,0.48249998688697815,0.4399999976158142,0.47999998927116394,24810
2026-07-30,0.47699999809265137,0.47699999809265137,0.4399999976158142,0.4754999876022339,10415
2026-07-31,0.4754999876022339,0.47749999165534973,0.4754999876022339,0.47749999165534973,5782
2026-08-03,0.46000000834465027,0.4740000069141388,0.4399999976158142,0.47350001335144043,32559
2026-08-04,0.4505000114440918,0.47200000286102295,0.4399999976158142,0.4449999928474426,128202
2026-08-05,0.44999998807907104,0.45750001072883606,0.4399999976158142,0.4560000002384186,94403
2026-08-06,0.4560000002384186,0.4560000002384186,0.4410000145435333,0.45249998569488525,11820
2026-08-07,0.4569999873638153,0.47049999237060547,0.45350000262260437,0.47049999237060547,11186
2026-08-10,0.47049999237060547,0.47049999237060547,0.47049999237060547,0.47049999237060547,1253
2026-08-11,0.46000000834465027,0.47049999237060547,0.4514999985694885,0.47049999237060547,12509
2026-08-12,0.4584999978542328,0.46700000762939453,0.4580000042915344,0.4659999907016754,45
2026-08-13,0.46000000834465027,0.46650001406669617,0.46000000834465027,0.46650001406669617,13339
2026-08-14,0.46650001406669617,0.46650001406669617,0.4580000042915344,0.46650001406669617,24333
2026-08-17,0.4595000147819519,0.4699999988079071,0.4595000147819519,0.4699999988079071,4007
2026-08-18,0.46000000834465027,0.46950000524520874,0.46000000834465027,0.46950000524520874,2150
2026-08-19,0.46950000524520874,0.4830000102519989,0.46950000524520874,0.4830000102519989,92819
2026-08-20,0.4819999933242798,0.5,0.47999998927116394,0.47999998927116394,87442
2026-08-21,0.48100000619888306,0.5,0.48100000619888306,0.49900001287460327,56080
2026-08-24,0.49000000953674316,0.49900001287460327,0.4819999933242798,0.4975000023841858,10202
2026-08-25,0.5299999713897705,0.6200000047683716,0.5299999713897705,0.6190000176429749,881841
2026-08-26,0.6600000262260437,0.6600000262260437,0.5699999928474426,0.597000002861023,307585
2026-08-27,0.6179999709129333,0.7730000019073486,0.6179999709129333,0.7730000019073486,1046551
2026-08-28,0.7799999713897705,0.8920000195503235,0.7210000157356262,0.8880000114440918,1670665
2026-08-31,0.9100000262260437,1.25,0.9010000228881836,1.25,1127512
2026-09-01,1.3200000524520874,1.5499999523162842,1.1779999732971191,1.2000000476837158,3759759
2026-09-02,1.1460000276565552,1.4179999828338623,1.0800000429153442,1.3200000524520874,2450844
2026-09-03,1.3179999589920044,1.3179999589920044,1.0420000553131104,1.0499999523162842,1001129
2026-09-04,1.0759999752044678,1.2280000448226929,1.0499999523162842,1.1399999856948853,849503
2026-09-08,1.0499999523162842,1.1399999856948853,0.9440000057220459,0.9440000057220459,1508836
2026-09-09,0.949999988079071,0.9850000143051147,0.8700000047683716,0.8939999938011169,566371
2026-09-10,0.9350000023841858,0.9459999799728394,0.8349999785423279,0.8899999856948853,398972
2026-09-11,0.8970000147819519,1.1399999856948853,0.8740000128746033,1.128000020980835,1227142
2026-09-14,1.1299999952316284,1.190000057220459,1.0779999494552612,1.1360000371932983,1061395
2026-09-15,1.1799999475479126,1.1799999475479126,0.9800000190734863,1.0,512630
2026-09-17,1.0460000038146973,1.0460000038146973,1.0119999647140503,1.0219999551773071,24912
