date,open,high,low,close,volume
2021-09-17,10.100000381469727,10.319999694824219,9.800000190734863,10.199999809265137,5300
2021-09-20,10.15999984741211,10.15999984741211,9.75,10.0600004196167,2695
2021-09-21,10.0,10.0600004196167,9.600000381469727,10.0,1636
2021-09-22,10.0,10.0,9.720000267028809,9.979999542236328,948
2021-09-23,9.970000267028809,10.0,9.75,9.979999542236328,2171
2021-09-24,9.979999542236328,10.0,9.699999809265137,9.699999809265137,2999
2021-09-27,9.989999771118164,10.220000267028809,9.880000114440918,10.079999923706055,1315
2021-09-28,10.0600004196167,10.180000305175781,9.489999771118164,9.859999656677246,5128
2021-09-29,9.699999809265137,9.859999656677246,9.600000381469727,9.789999961853027,709
2021-09-30,9.789999961853027,10.020000457763672,9.699999809265137,9.850000381469727,4249
2021-10-01,9.680000305175781,9.850000381469727,9.520000457763672,9.800000190734863,5177
2021-10-04,9.800000190734863,9.850000381469727,9.510000228881836,9.760000228881836,884
2021-10-05,9.600000381469727,9.850000381469727,9.510000228881836,9.800000190734863,1321
2021-10-06,9.760000228881836,9.779999732971191,9.520000457763672,9.779999732971191,2452
2021-10-07,9.789999961853027,9.84000015258789,9.600000381469727,9.800000190734863,822
2021-10-08,9.789999961853027,9.979999542236328,9.619999885559082,9.979999542236328,2688
2021-10-11,10.0,10.0,9.720000267028809,9.960000038146973,857
2021-10-12,9.800000190734863,9.960000038146973,9.649999618530273,9.9399995803833,2226
2021-10-13,9.649999618530273,10.0,9.649999618530273,9.800000190734863,2172
2021-10-14,9.800000190734863,9.960000038146973,9.710000038146973,9.930000305175781,920
2021-10-15,9.920000076293945,9.920000076293945,9.739999771118164,9.90999984741211,614
2021-10-18,9.890000343322754,10.0,9.710000038146973,9.979999542236328,2332
2021-10-19,9.979999542236328,10.960000038146973,9.979999542236328,10.380000114440918,48823
2021-10-20,10.220000267028809,10.380000114440918,9.739999771118164,9.979999542236328,5714
2021-10-21,9.979999542236328,10.119999885559082,9.720000267028809,10.0,2358
2021-10-22,9.720000267028809,10.0,9.65999984741211,9.920000076293945,11499
2021-10-25,9.920000076293945,9.920000076293945,9.720000267028809,9.920000076293945,401
2021-10-26,9.920000076293945,9.920000076293945,9.649999618530273,9.859999656677246,1518
2021-10-27,9.649999618530273,10.260000228881836,9.649999618530273,10.15999984741211,8965
2021-10-28,10.199999809265137,10.779999732971191,10.079999923706055,10.380000114440918,14580
2021-10-29,10.020000457763672,10.399999618530273,9.819999694824219,10.300000190734863,2380
2021-11-02,10.279999732971191,10.380000114440918,9.819999694824219,10.300000190734863,1043
2021-11-03,10.300000190734863,10.300000190734863,10.0,10.15999984741211,1660
2021-11-04,10.020000457763672,10.199999809265137,9.720000267028809,10.079999923706055,4656
2021-11-05,10.100000381469727,10.199999809265137,9.800000190734863,10.180000305175781,5002
2021-11-08,10.199999809265137,10.199999809265137,9.850000381469727,10.15999984741211,2874
2021-11-09,9.819999694824219,10.140000343322754,9.520000457763672,9.84000015258789,6776
2021-11-10,9.899999618530273,9.899999618530273,9.25,9.319999694824219,7033
2021-11-12,9.300000190734863,9.75,9.130000114440918,9.720000267028809,6208
2021-11-15,9.720000267028809,9.720000267028809,9.210000038146973,9.630000114440918,3002
2021-11-16,9.630000114440918,10.15999984741211,9.399999618530273,10.079999923706055,6873
2021-11-17,9.90999984741211,10.15999984741211,9.600000381469727,9.649999618530273,5635
2021-11-18,10.100000381469727,10.100000381469727,9.5,9.779999732971191,2379
2021-11-19,9.770000457763672,10.0,9.539999961853027,9.850000381469727,852
2021-11-22,9.850000381469727,9.850000381469727,9.220000267028809,9.680000305175781,4797
2021-11-23,9.5,9.640000343322754,9.239999771118164,9.569999694824219,4273
2021-11-24,9.5600004196167,9.5600004196167,9.220000267028809,9.550000190734863,766
2021-11-25,9.5,9.5,8.800000190734863,9.270000457763672,9719
2021-11-26,9.260000228881836,9.5,9.0,9.300000190734863,4269
2021-11-29,9.020000457763672,9.420000076293945,8.6899995803833,9.279999732971191,7504
2021-11-30,9.289999961853027,9.289999961853027,8.84000015258789,9.1899995803833,719
2021-12-01,9.1899995803833,9.300000190734863,8.800000190734863,9.1899995803833,7228
2021-12-02,9.170000076293945,9.180000305175781,8.899999618530273,9.0,685
2021-12-03,9.0,9.420000076293945,8.899999618530273,9.180000305175781,6416
2021-12-06,9.180000305175781,9.180000305175781,8.899999618530273,9.149999618530273,626
2021-12-07,9.149999618530273,9.149999618530273,8.9399995803833,9.100000381469727,602
2021-12-08,9.149999618530273,9.149999618530273,8.800000190734863,9.0,4049
2021-12-09,8.989999771118164,9.0,8.829999923706055,9.0,1679
2021-12-10,9.0,9.0,8.600000381469727,8.899999618530273,3159
2021-12-13,8.899999618530273,8.899999618530273,8.34000015258789,8.789999961853027,11273
2021-12-14,8.979999542236328,8.979999542236328,8.40999984741211,8.479999542236328,2182
2021-12-15,8.789999961853027,8.789999961853027,8.25,8.399999618530273,10635
2021-12-16,8.760000228881836,8.760000228881836,8.270000457763672,8.539999961853027,1491
2021-12-17,8.539999961853027,8.539999961853027,7.769999980926514,8.0,17637
2021-12-20,7.989999771118164,8.350000381469727,7.300000190734863,7.679999828338623,11219
2021-12-21,7.710000038146973,7.980000019073486,7.300000190734863,7.5,8450
2021-12-22,7.940000057220459,7.940000057220459,7.400000095367432,7.900000095367432,5872
2021-12-23,7.920000076293945,7.920000076293945,7.510000228881836,7.880000114440918,1090
2021-12-27,7.420000076293945,7.75,7.099999904632568,7.210000038146973,35669
2021-12-28,7.210000038146973,7.210000038146973,6.900000095367432,7.079999923706055,27206
2021-12-29,7.199999809265137,7.800000190734863,7.199999809265137,7.800000190734863,5938
2021-12-30,7.880000114440918,8.65999984741211,7.769999980926514,7.909999847412109,3855
2022-01-03,8.449999809265137,8.449999809265137,8.100000381469727,8.359999656677246,995
2022-01-04,8.399999618530273,8.920000076293945,8.130000114440918,8.579999923706055,4642
2022-01-05,8.520000457763672,8.520000457763672,8.489999771118164,8.489999771118164,222
2022-01-07,8.850000381469727,8.920000076293945,8.329999923706055,8.880000114440918,5971
2022-01-10,8.880000114440918,8.899999618530273,8.1899995803833,8.680000305175781,4922
2022-01-11,8.680000305175781,8.680000305175781,8.15999984741211,8.569999694824219,2934
2022-01-12,8.579999923706055,8.579999923706055,8.359999656677246,8.550000190734863,543
2022-01-13,8.350000381469727,8.489999771118164,8.0,8.300000190734863,5013
2022-01-14,8.25,8.34000015258789,8.0,8.34000015258789,4416
2022-01-17,8.479999542236328,8.479999542236328,7.949999809265137,8.199999809265137,8293
2022-01-18,7.96999979019165,8.180000305175781,7.699999809265137,7.900000095367432,10297
2022-01-19,8.0,8.170000076293945,7.699999809265137,7.989999771118164,2305
2022-01-20,7.949999809265137,7.949999809265137,7.949999809265137,7.949999809265137,12
2022-01-21,7.949999809265137,7.949999809265137,7.659999847412109,7.900000095367432,1751
2022-01-24,7.900000095367432,7.900000095367432,7.159999847412109,7.769999980926514,5592
2022-01-25,7.340000152587891,7.760000228881836,7.150000095367432,7.300000190734863,4518
2022-01-26,7.599999904632568,7.599999904632568,7.300000190734863,7.5,844
2022-01-27,7.590000152587891,7.590000152587891,7.550000190734863,7.550000190734863,360
2022-01-28,7.300000190734863,7.739999771118164,7.300000190734863,7.739999771118164,1656
2022-01-31,7.730000019073486,7.730000019073486,7.510000228881836,7.510000228881836,703
2022-02-01,7.420000076293945,7.699999809265137,7.25,7.5,1518
2022-02-02,7.590000152587891,7.590000152587891,7.199999809265137,7.5,426
2022-02-03,7.5,7.599999904632568,7.300000190734863,7.599999904632568,722
2022-02-04,7.769999980926514,7.800000190734863,7.409999847412109,7.739999771118164,942
2022-02-07,7.71999979019165,7.800000190734863,7.71999979019165,7.730000019073486,232
2022-02-08,7.75,7.75,7.409999847412109,7.599999904632568,185
2022-02-09,7.539999961853027,7.539999961853027,7.309999942779541,7.539999961853027,110
2022-02-10,7.539999961853027,7.800000190734863,7.420000076293945,7.75,1791
2022-02-11,7.599999904632568,7.599999904632568,7.119999885559082,7.400000095367432,5621
2022-02-14,7.119999885559082,7.119999885559082,6.699999809265137,6.800000190734863,6949
2022-02-15,6.949999809265137,7.389999866485596,6.599999904632568,6.909999847412109,1722
2022-02-16,7.099999904632568,7.179999828338623,6.849999904632568,7.150000095367432,1313
2022-02-17,7.199999809265137,7.300000190734863,7.199999809265137,7.199999809265137,500
2022-02-18,6.860000133514404,7.0,6.860000133514404,6.980000019073486,654
2022-02-21,6.980000019073486,6.980000019073486,6.5,6.71999979019165,1653
2022-02-22,6.949999809265137,6.949999809265137,6.329999923706055,6.449999809265137,9461
2022-02-23,6.880000114440918,6.880000114440918,6.349999904632568,6.75,2435
2022-02-24,5.650000095367432,6.349999904632568,5.039999961853027,5.670000076293945,13686
2022-02-25,5.860000133514404,6.25,5.860000133514404,6.199999809265137,966
2022-02-28,6.199999809265137,6.800000190734863,6.199999809265137,6.789999961853027,4721
2022-03-01,6.75,6.75,6.019999980926514,6.019999980926514,1862
2022-03-02,6.019999980926514,6.400000095367432,5.639999866485596,5.989999771118164,6444
2022-03-03,5.989999771118164,6.460000038146973,5.989999771118164,6.25,5077
2022-03-04,6.389999866485596,6.389999866485596,5.840000152587891,6.170000076293945,2562
2022-03-07,6.0,6.0,5.599999904632568,5.929999828338623,1463
2022-03-08,5.550000190734863,5.869999885559082,5.550000190734863,5.800000190734863,4963
2022-03-09,5.800000190734863,5.96999979019165,5.619999885559082,5.849999904632568,8306
2022-03-10,5.800000190734863,5.849999904632568,5.599999904632568,5.789999961853027,3813
2022-03-11,5.829999923706055,5.829999923706055,5.539999961853027,5.71999979019165,3137
2022-03-14,5.71999979019165,5.71999979019165,5.320000171661377,5.659999847412109,9597
2022-03-15,5.659999847412109,6.21999979019165,5.599999904632568,5.75,13413
2022-03-16,5.880000114440918,6.28000020980835,5.699999809265137,6.190000057220459,8583
2022-03-17,6.199999809265137,6.699999809265137,6.099999904632568,6.519999980926514,3585
2022-03-18,6.519999980926514,6.519999980926514,6.190000057220459,6.340000152587891,1697
2022-03-21,6.050000190734863,6.349999904632568,6.050000190734863,6.349999904632568,1923
2022-03-22,6.349999904632568,6.429999828338623,6.199999809265137,6.409999847412109,2022
2022-03-23,6.420000076293945,6.420000076293945,6.300000190734863,6.300000190734863,5070
2022-03-24,6.300000190734863,6.300000190734863,6.099999904632568,6.269999980926514,1543
2022-03-25,6.269999980926514,6.289999961853027,6.03000020980835,6.289999961853027,6427
2022-03-28,6.289999961853027,6.550000190734863,6.199999809265137,6.5,5119
2022-03-29,6.25,6.5,6.21999979019165,6.5,1517
2022-03-30,6.489999771118164,6.75,6.409999847412109,6.75,4175
2022-03-31,6.889999866485596,7.380000114440918,6.5,7.25,15992
2022-04-01,7.25,7.349999904632568,6.920000076293945,7.199999809265137,1142
2022-04-04,7.150000095367432,7.21999979019165,6.599999904632568,6.989999771118164,5150
2022-04-05,6.989999771118164,7.099999904632568,6.550000190734863,7.050000190734863,964
2022-04-06,7.050000190734863,7.050000190734863,7.050000190734863,7.050000190734863,68
2022-04-07,6.619999885559082,7.019999980926514,6.349999904632568,7.019999980926514,745
2022-04-08,6.980000019073486,6.980000019073486,6.980000019073486,6.980000019073486,10
2022-04-11,6.980000019073486,6.980000019073486,6.980000019073486,6.980000019073486,0
2022-04-12,6.78000020980835,6.989999771118164,6.5,6.989999771118164,2428
2022-04-13,6.980000019073486,7.5,6.71999979019165,7.099999904632568,494
2022-04-14,7.019999980926514,7.019999980926514,6.360000133514404,6.840000152587891,2701
2022-04-19,6.599999904632568,6.820000171661377,6.5,6.519999980926514,1911
2022-04-20,6.400000095367432,6.860000133514404,6.400000095367432,6.760000228881836,6270
2022-04-21,6.519999980926514,6.78000020980835,6.420000076293945,6.679999828338623,788
2022-04-22,6.400000095367432,6.599999904632568,6.400000095367432,6.559999942779541,470
2022-04-25,6.340000152587891,6.599999904632568,6.019999980926514,6.199999809265137,3463
2022-04-26,6.199999809265137,6.199999809265137,5.639999866485596,6.159999847412109,6464
2022-04-27,5.800000190734863,5.800000190734863,5.320000171661377,5.739999771118164,11326
2022-04-28,5.659999847412109,5.78000020980835,5.599999904632568,5.78000020980835,2994
2022-04-29,5.78000020980835,5.980000019073486,5.78000020980835,5.820000171661377,4052
2022-05-02,5.940000057220459,5.940000057220459,5.940000057220459,5.940000057220459,110
2022-05-04,5.940000057220459,6.440000057220459,5.800000190734863,6.340000152587891,1373
2022-05-05,6.320000171661377,6.320000171661377,5.860000133514404,6.0,1770
2022-05-06,6.320000171661377,6.320000171661377,6.199999809265137,6.199999809265137,19
2022-05-09,6.28000020980835,6.28000020980835,6.099999904632568,6.099999904632568,164
2022-05-10,6.21999979019165,6.28000020980835,6.199999809265137,6.239999771118164,8814
2022-05-11,6.260000228881836,6.260000228881836,6.099999904632568,6.21999979019165,1004
2022-05-12,6.239999771118164,6.239999771118164,5.900000095367432,6.0,4146
2022-05-13,5.980000019073486,6.159999847412109,5.980000019073486,6.159999847412109,1707
2022-05-16,6.199999809265137,6.239999771118164,6.199999809265137,6.239999771118164,1185
2022-05-17,6.239999771118164,6.599999904632568,6.239999771118164,6.300000190734863,3002
2022-05-18,6.400000095367432,6.579999923706055,6.400000095367432,6.5,139
2022-05-19,6.5,6.5,6.5,6.5,0
2022-05-20,6.400000095367432,6.480000019073486,6.179999828338623,6.440000057220459,2061
2022-05-23,6.480000019073486,6.480000019073486,6.019999980926514,6.420000076293945,984
2022-05-24,6.400000095367432,6.400000095367432,6.0,6.179999828338623,1027
2022-05-25,6.400000095367432,6.400000095367432,6.400000095367432,6.400000095367432,25
2022-05-26,6.260000228881836,6.380000114440918,5.840000152587891,6.360000133514404,1086
2022-05-27,6.400000095367432,6.659999847412109,6.0,6.519999980926514,5579
2022-05-30,6.519999980926514,6.519999980926514,6.099999904632568,6.480000019073486,278
2022-05-31,6.460000038146973,6.460000038146973,6.099999904632568,6.460000038146973,245
2022-06-01,6.199999809265137,6.420000076293945,6.199999809265137,6.420000076293945,1192
2022-06-02,6.420000076293945,6.420000076293945,6.099999904632568,6.300000190734863,65
2022-06-03,6.300000190734863,6.300000190734863,6.099999904632568,6.179999828338623,279
2022-06-06,6.380000114440918,6.400000095367432,6.28000020980835,6.400000095367432,367
2022-06-07,6.400000095367432,6.400000095367432,6.400000095367432,6.400000095367432,0
2022-06-08,6.400000095367432,6.400000095367432,6.400000095367432,6.400000095367432,0
2022-06-09,5.840000152587891,6.21999979019165,5.840000152587891,6.179999828338623,1306
2022-06-10,6.079999923706055,6.159999847412109,5.820000171661377,6.019999980926514,2394
2022-06-13,6.019999980926514,6.019999980926514,5.400000095367432,5.599999904632568,3660
2022-06-14,5.599999904632568,5.960000038146973,5.599999904632568,5.960000038146973,1237
2022-06-15,5.380000114440918,5.900000095367432,5.380000114440918,5.900000095367432,1470
2022-06-17,5.980000019073486,5.980000019073486,5.980000019073486,5.980000019073486,62
2022-06-20,5.980000019073486,5.980000019073486,5.980000019073486,5.980000019073486,18
2022-06-21,5.480000019073486,6.380000114440918,5.480000019073486,6.360000133514404,1294
2022-06-22,6.0,6.28000020980835,6.0,6.179999828338623,4717
2022-06-23,6.300000190734863,6.300000190734863,5.760000228881836,6.159999847412109,400
2022-06-24,6.159999847412109,6.159999847412109,6.159999847412109,6.159999847412109,0
2022-06-27,6.28000020980835,6.480000019073486,6.0,6.340000152587891,2415
2022-06-28,6.099999904632568,6.340000152587891,5.78000020980835,6.199999809265137,655
2022-06-29,5.699999809265137,6.0,5.400000095367432,6.0,4477
2022-06-30,5.539999961853027,5.980000019073486,5.539999961853027,5.980000019073486,300
2022-07-01,5.559999942779541,5.960000038146973,5.559999942779541,5.940000057220459,129
2022-07-04,5.579999923706055,5.940000057220459,5.579999923706055,5.940000057220459,116
2022-07-05,5.579999923706055,5.940000057220459,5.579999923706055,5.940000057220459,143
2022-07-06,5.579999923706055,5.940000057220459,5.519999980926514,5.920000076293945,553
2022-07-07,5.519999980926514,6.0,5.519999980926514,6.0,2346
2022-07-08,6.0,6.460000038146973,5.980000019073486,6.460000038146973,7933
2022-07-11,6.460000038146973,6.460000038146973,6.400000095367432,6.400000095367432,588
2022-07-12,6.079999923706055,6.300000190734863,6.079999923706055,6.28000020980835,818
2022-07-13,6.420000076293945,6.420000076293945,6.039999961853027,6.360000133514404,487
2022-07-14,6.179999828338623,6.179999828338623,6.019999980926514,6.179999828338623,945
2022-07-15,6.139999866485596,6.139999866485596,6.139999866485596,6.139999866485596,167
2022-07-18,6.159999847412109,6.420000076293945,6.159999847412109,6.420000076293945,54
2022-07-19,6.400000095367432,6.420000076293945,6.300000190734863,6.380000114440918,431
2022-07-20,6.400000095367432,6.480000019073486,6.340000152587891,6.340000152587891,1486
2022-07-21,6.460000038146973,6.460000038146973,6.079999923706055,6.420000076293945,1657
2022-07-22,6.460000038146973,6.460000038146973,6.400000095367432,6.400000095367432,557
2022-07-25,6.320000171661377,6.340000152587891,6.079999923706055,6.320000171661377,9388
2022-07-26,6.320000171661377,6.760000228881836,6.28000020980835,6.760000228881836,10306
2022-07-27,6.739999771118164,6.900000095367432,6.360000133514404,6.679999828338623,2340
2022-07-28,6.659999847412109,6.659999847412109,6.659999847412109,6.659999847412109,18
2022-07-29,6.639999866485596,6.760000228881836,6.599999904632568,6.599999904632568,135
2022-08-01,6.579999923706055,6.579999923706055,6.360000133514404,6.579999923706055,8
2022-08-02,6.360000133514404,6.480000019073486,6.119999885559082,6.380000114440918,1288
2022-08-03,6.360000133514404,6.380000114440918,6.099999904632568,6.340000152587891,226
2022-08-04,6.340000152587891,6.340000152587891,6.340000152587891,6.340000152587891,0
2022-08-05,6.300000190734863,6.360000133514404,6.300000190734863,6.360000133514404,333
2022-08-08,6.340000152587891,6.340000152587891,6.199999809265137,6.199999809265137,76
2022-08-09,6.119999885559082,6.199999809265137,6.119999885559082,6.199999809265137,132
2022-08-10,6.320000171661377,6.340000152587891,6.0,6.320000171661377,7279
2022-08-11,6.320000171661377,6.320000171661377,6.320000171661377,6.320000171661377,0
2022-08-12,6.320000171661377,6.320000171661377,6.320000171661377,6.320000171661377,0
2022-08-16,6.320000171661377,6.320000171661377,6.320000171661377,6.320000171661377,23
2022-08-17,6.099999904632568,6.199999809265137,6.099999904632568,6.199999809265137,132
2022-08-18,6.079999923706055,6.119999885559082,5.539999961853027,6.119999885559082,1806
2022-08-19,5.619999885559082,6.159999847412109,5.619999885559082,6.159999847412109,89
2022-08-22,6.159999847412109,6.159999847412109,6.159999847412109,6.159999847412109,0
2022-08-23,6.159999847412109,6.159999847412109,6.159999847412109,6.159999847412109,0
2022-08-24,5.900000095367432,5.900000095367432,5.900000095367432,5.900000095367432,400
2022-08-25,5.900000095367432,6.159999847412109,5.900000095367432,5.900000095367432,3225
2022-08-26,5.900000095367432,6.0,5.699999809265137,6.0,1123
2022-08-29,6.159999847412109,6.159999847412109,6.159999847412109,6.159999847412109,24
2022-08-30,6.159999847412109,6.159999847412109,6.159999847412109,6.159999847412109,17
2022-08-31,6.119999885559082,6.119999885559082,6.119999885559082,6.119999885559082,200
2022-09-01,6.119999885559082,6.119999885559082,6.119999885559082,6.119999885559082,0
2022-09-02,6.119999885559082,6.119999885559082,6.119999885559082,6.119999885559082,0
2022-09-05,6.119999885559082,6.119999885559082,6.119999885559082,6.119999885559082,0
2022-09-06,6.119999885559082,6.119999885559082,6.119999885559082,6.119999885559082,0
2022-09-07,6.119999885559082,6.119999885559082,6.119999885559082,6.119999885559082,0
2022-09-08,6.119999885559082,6.119999885559082,6.119999885559082,6.119999885559082,0
2022-09-09,5.579999923706055,6.059999942779541,5.579999923706055,5.980000019073486,3051
2022-09-12,6.099999904632568,6.099999904632568,5.639999866485596,6.039999961853027,329
2022-09-13,6.079999923706055,6.079999923706055,6.079999923706055,6.079999923706055,18
2022-09-14,6.079999923706055,6.079999923706055,6.079999923706055,6.079999923706055,0
2022-09-15,5.699999809265137,5.960000038146973,5.579999923706055,5.579999923706055,3089
2022-09-16,5.940000057220459,5.940000057220459,5.880000114440918,5.880000114440918,105
2022-09-19,5.880000114440918,5.880000114440918,5.880000114440918,5.880000114440918,174
2022-09-20,5.880000114440918,5.880000114440918,5.880000114440918,5.880000114440918,0
2022-09-21,5.820000171661377,5.840000152587891,5.820000171661377,5.820000171661377,161
2022-09-22,5.639999866485596,5.800000190734863,5.599999904632568,5.800000190734863,337
2022-09-23,5.619999885559082,5.880000114440918,5.5,5.880000114440918,2472
2022-09-26,5.880000114440918,5.880000114440918,5.300000190734863,5.300000190734863,2465
2022-09-27,5.300000190734863,5.480000019073486,5.260000228881836,5.480000019073486,3551
2022-09-28,5.480000019073486,5.480000019073486,5.480000019073486,5.480000019073486,18
2022-09-29,5.199999809265137,5.460000038146973,5.199999809265137,5.460000038146973,40
2022-09-30,5.199999809265137,5.440000057220459,5.199999809265137,5.400000095367432,863
2022-10-03,5.400000095367432,5.480000019073486,5.400000095367432,5.480000019073486,995
2022-10-04,5.480000019073486,6.0,5.480000019073486,6.0,532
2022-10-05,5.960000038146973,5.960000038146973,5.960000038146973,5.960000038146973,20
2022-10-06,5.800000190734863,5.900000095367432,5.800000190734863,5.900000095367432,55
2022-10-07,5.900000095367432,5.900000095367432,5.900000095367432,5.900000095367432,0
2022-10-10,5.880000114440918,5.880000114440918,5.880000114440918,5.880000114440918,1569
2022-10-11,5.599999904632568,5.599999904632568,5.599999904632568,5.599999904632568,202
2022-10-12,5.900000095367432,5.960000038146973,5.900000095367432,5.960000038146973,31
2022-10-13,5.940000057220459,5.940000057220459,5.940000057220459,5.940000057220459,1
2022-10-14,5.940000057220459,5.940000057220459,5.940000057220459,5.940000057220459,223
2022-10-17,5.360000133514404,5.880000114440918,5.360000133514404,5.880000114440918,401
2022-10-18,5.800000190734863,5.800000190734863,5.800000190734863,5.800000190734863,53
2022-10-19,5.800000190734863,5.800000190734863,5.800000190734863,5.800000190734863,0
2022-10-20,5.800000190734863,5.800000190734863,5.800000190734863,5.800000190734863,0
2022-10-21,5.800000190734863,5.800000190734863,5.800000190734863,5.800000190734863,0
2022-10-24,5.28000020980835,5.28000020980835,5.28000020980835,5.28000020980835,1050
2022-10-25,5.599999904632568,5.599999904632568,5.5,5.5,89
2022-10-26,5.21999979019165,5.480000019073486,5.21999979019165,5.480000019073486,310
2022-10-27,5.400000095367432,5.400000095367432,5.400000095367432,5.400000095367432,10
2022-10-28,5.340000152587891,5.340000152587891,5.300000190734863,5.300000190734863,1004
2022-10-31,5.039999961853027,5.039999961853027,4.949999809265137,4.949999809265137,1576
2022-11-02,4.949999809265137,4.949999809265137,4.940000057220459,4.940000057220459,1618
2022-11-03,5.0,5.0,5.0,5.0,6437
2022-11-04,5.0,5.0,5.0,5.0,605
2022-11-07,5.139999866485596,5.139999866485596,5.139999866485596,5.139999866485596,82
2022-11-08,5.0,5.199999809265137,5.0,5.199999809265137,1315
2022-11-09,5.199999809265137,5.199999809265137,5.199999809265137,5.199999809265137,18
2022-11-10,5.199999809265137,5.199999809265137,5.199999809265137,5.199999809265137,18
2022-11-14,5.179999828338623,5.179999828338623,5.179999828338623,5.179999828338623,638
2022-11-15,5.0,5.0,5.0,5.0,120
2022-11-16,5.199999809265137,5.199999809265137,5.199999809265137,5.199999809265137,9
2022-11-17,5.199999809265137,5.199999809265137,5.199999809265137,5.199999809265137,86
2022-11-18,5.0,5.0,5.0,5.0,338
2022-11-21,5.0,5.179999828338623,5.0,5.179999828338623,1311
2022-11-22,5.179999828338623,5.199999809265137,5.179999828338623,5.199999809265137,360
2022-11-23,5.199999809265137,5.199999809265137,5.199999809265137,5.199999809265137,22
2022-11-24,5.199999809265137,5.199999809265137,5.199999809265137,5.199999809265137,554
2022-11-25,5.199999809265137,5.199999809265137,5.199999809265137,5.199999809265137,1723
2022-11-28,5.199999809265137,5.199999809265137,5.199999809265137,5.199999809265137,1253
2022-11-29,5.199999809265137,5.199999809265137,5.0,5.0,621
2022-11-30,5.179999828338623,5.179999828338623,5.079999923706055,5.079999923706055,63
2022-12-01,5.099999904632568,5.099999904632568,5.099999904632568,5.099999904632568,3067
2022-12-02,5.099999904632568,5.199999809265137,5.099999904632568,5.199999809265137,483
2022-12-05,5.099999904632568,5.099999904632568,5.099999904632568,5.099999904632568,811
2022-12-06,5.179999828338623,5.179999828338623,5.179999828338623,5.179999828338623,707
2022-12-07,5.199999809265137,5.199999809265137,5.159999847412109,5.159999847412109,28
2022-12-08,5.159999847412109,5.159999847412109,5.159999847412109,5.159999847412109,38
2022-12-09,5.019999980926514,5.019999980926514,5.019999980926514,5.019999980926514,1399
2022-12-12,5.019999980926514,5.019999980926514,5.019999980926514,5.019999980926514,498
2022-12-13,5.0,5.0,5.0,5.0,2738
2022-12-14,5.0,5.019999980926514,5.0,5.019999980926514,758
2022-12-15,6.300000190734863,6.599999904632568,6.300000190734863,6.599999904632568,29686
2022-12-16,7.0,7.0,6.900000095367432,6.900000095367432,16853
2022-12-19,6.78000020980835,6.78000020980835,6.460000038146973,6.460000038146973,3008
2022-12-20,6.019999980926514,6.400000095367432,6.019999980926514,6.400000095367432,2316
2022-12-21,6.139999866485596,6.139999866485596,5.900000095367432,5.900000095367432,1723
2022-12-22,6.0,6.0,5.539999961853027,5.539999961853027,271
2022-12-23,5.619999885559082,5.619999885559082,5.559999942779541,5.559999942779541,1341
2022-12-27,5.539999961853027,5.539999961853027,5.400000095367432,5.400000095367432,5770
2022-12-28,5.340000152587891,5.599999904632568,5.340000152587891,5.599999904632568,3320
2022-12-29,5.380000114440918,5.420000076293945,5.380000114440918,5.420000076293945,456
2022-12-30,5.639999866485596,5.639999866485596,5.599999904632568,5.599999904632568,1968
2023-01-02,5.519999980926514,5.739999771118164,5.519999980926514,5.739999771118164,1142
2023-01-03,6.0,6.0,5.980000019073486,5.980000019073486,6
2023-01-04,6.0,6.099999904632568,6.0,6.099999904632568,285
2023-01-05,6.0,6.0,5.900000095367432,5.900000095367432,752
2023-01-09,6.099999904632568,6.159999847412109,6.099999904632568,6.159999847412109,2471
2023-01-10,6.400000095367432,6.400000095367432,6.380000114440918,6.380000114440918,1837
2023-01-11,6.0,6.0,6.0,6.0,1510
2023-01-12,6.199999809265137,6.199999809265137,6.179999828338623,6.179999828338623,128
2023-01-13,6.0,6.0,6.0,6.0,501
2023-01-16,6.0,6.0,6.0,6.0,214
2023-01-17,6.0,6.159999847412109,6.0,6.159999847412109,50
2023-01-18,6.179999828338623,6.179999828338623,6.159999847412109,6.159999847412109,32
2023-01-19,6.139999866485596,6.159999847412109,6.139999866485596,6.159999847412109,86
2023-01-20,6.159999847412109,6.159999847412109,6.159999847412109,6.159999847412109,575
2023-01-23,6.139999866485596,6.139999866485596,6.139999866485596,6.139999866485596,31
2023-01-24,6.159999847412109,6.159999847412109,6.0,6.0,449
2023-01-25,6.159999847412109,6.159999847412109,6.159999847412109,6.159999847412109,60
2023-01-26,6.159999847412109,6.159999847412109,6.0,6.0,180
2023-01-27,5.960000038146973,6.159999847412109,5.960000038146973,6.159999847412109,330
2023-01-30,6.159999847412109,6.159999847412109,6.159999847412109,6.159999847412109,181
2023-01-31,6.159999847412109,6.159999847412109,6.159999847412109,6.159999847412109,193
2023-02-01,6.179999828338623,6.179999828338623,6.059999942779541,6.059999942779541,290
2023-02-02,6.159999847412109,6.159999847412109,6.159999847412109,6.159999847412109,171
2023-02-03,6.159999847412109,6.159999847412109,6.159999847412109,6.159999847412109,20
2023-02-06,6.179999828338623,6.199999809265137,6.179999828338623,6.199999809265137,2730
2023-02-07,6.300000190734863,6.300000190734863,6.300000190734863,6.300000190734863,115
2023-02-08,6.300000190734863,6.300000190734863,6.300000190734863,6.300000190734863,431
2023-02-09,6.0,6.199999809265137,6.0,6.199999809265137,168
2023-02-10,6.239999771118164,6.239999771118164,5.980000019073486,5.980000019073486,46
2023-02-13,5.980000019073486,5.980000019073486,5.980000019073486,5.980000019073486,200
2023-02-14,6.300000190734863,6.300000190734863,6.300000190734863,6.300000190734863,2008
2023-02-15,6.179999828338623,6.179999828338623,6.179999828338623,6.179999828338623,18
2023-02-16,6.099999904632568,6.099999904632568,6.099999904632568,6.099999904632568,20
2023-02-17,5.980000019073486,6.260000228881836,5.980000019073486,6.260000228881836,1039
2023-02-20,6.0,6.300000190734863,6.0,6.300000190734863,299
2023-02-21,6.019999980926514,6.019999980926514,6.019999980926514,6.019999980926514,100
2023-02-22,6.260000228881836,6.260000228881836,6.260000228881836,6.260000228881836,155
2023-02-23,6.099999904632568,6.28000020980835,6.099999904632568,6.28000020980835,574
2023-02-24,6.199999809265137,6.199999809265137,6.199999809265137,6.199999809265137,26
2023-02-27,6.28000020980835,6.28000020980835,6.28000020980835,6.28000020980835,9
2023-02-28,6.099999904632568,6.28000020980835,6.099999904632568,6.28000020980835,21
2023-03-01,6.099999904632568,6.099999904632568,6.099999904632568,6.099999904632568,218
2023-03-02,6.099999904632568,6.099999904632568,6.099999904632568,6.099999904632568,1485
2023-03-03,6.099999904632568,6.099999904632568,6.099999904632568,6.099999904632568,0
2023-03-06,6.159999847412109,6.159999847412109,6.119999885559082,6.119999885559082,178
2023-03-07,6.099999904632568,6.099999904632568,5.960000038146973,5.960000038146973,988
2023-03-08,5.739999771118164,6.139999866485596,5.739999771118164,6.139999866485596,349
2023-03-09,6.139999866485596,6.159999847412109,6.139999866485596,6.159999847412109,147
2023-03-10,6.039999961853027,6.139999866485596,6.039999961853027,6.139999866485596,328
2023-03-13,6.159999847412109,6.159999847412109,6.159999847412109,6.159999847412109,61
2023-03-14,6.159999847412109,6.159999847412109,5.880000114440918,5.880000114440918,117
2023-03-15,5.880000114440918,6.059999942779541,5.880000114440918,6.059999942779541,621
2023-03-16,6.059999942779541,6.059999942779541,5.880000114440918,5.880000114440918,251
2023-03-17,6.159999847412109,6.159999847412109,6.139999866485596,6.139999866485596,109
2023-03-20,6.0,6.0,6.0,6.0,5017
2023-03-21,6.159999847412109,6.159999847412109,6.159999847412109,6.159999847412109,109
2023-03-22,6.159999847412109,6.159999847412109,6.159999847412109,6.159999847412109,0
2023-03-23,6.159999847412109,6.159999847412109,6.159999847412109,6.159999847412109,0
2023-03-24,6.0,6.0,6.0,6.0,125
2023-03-27,6.0,6.0,5.980000019073486,5.980000019073486,301
2023-03-28,6.0,6.0,5.980000019073486,5.980000019073486,266
2023-03-29,5.880000114440918,5.880000114440918,5.860000133514404,5.860000133514404,331
2023-03-30,5.900000095367432,6.159999847412109,5.900000095367432,6.159999847412109,2048
2023-03-31,6.019999980926514,6.139999866485596,6.019999980926514,6.139999866485596,3854
2023-04-03,6.159999847412109,6.699999809265137,6.0,6.019999980926514,6865
2023-04-04,6.300000190734863,6.300000190734863,5.980000019073486,6.139999866485596,196
2023-04-05,6.139999866485596,6.5,6.139999866485596,6.400000095367432,8508
2023-04-06,6.5,6.5,6.400000095367432,6.440000057220459,743
2023-04-11,6.380000114440918,6.5,6.380000114440918,6.460000038146973,2901
2023-04-12,6.599999904632568,6.900000095367432,6.420000076293945,6.760000228881836,6912
2023-04-13,6.880000114440918,6.880000114440918,6.5,6.800000190734863,755
2023-04-14,6.800000190734863,6.800000190734863,6.420000076293945,6.78000020980835,1014
2023-04-17,6.440000057220459,6.760000228881836,6.420000076293945,6.699999809265137,319
2023-04-18,6.639999866485596,6.639999866485596,6.440000057220459,6.619999885559082,79
2023-04-19,6.619999885559082,6.619999885559082,6.619999885559082,6.619999885559082,36
2023-04-20,6.440000057220459,6.760000228881836,6.420000076293945,6.699999809265137,4175
2023-04-21,6.5,6.699999809265137,6.5,6.699999809265137,78
2023-04-24,6.699999809265137,6.739999771118164,6.699999809265137,6.699999809265137,1255
2023-04-25,6.699999809265137,6.699999809265137,6.699999809265137,6.699999809265137,700
2023-04-26,6.460000038146973,6.659999847412109,6.420000076293945,6.420000076293945,665
2023-04-27,6.579999923706055,6.699999809265137,6.400000095367432,6.699999809265137,4685
2023-04-28,6.659999847412109,6.659999847412109,6.639999866485596,6.639999866485596,1414
2023-05-02,6.5,6.679999828338623,6.5,6.599999904632568,1471
2023-05-04,6.639999866485596,6.78000020980835,6.639999866485596,6.78000020980835,1011
2023-05-05,6.659999847412109,6.800000190734863,6.599999904632568,6.800000190734863,1989
2023-05-08,6.800000190734863,6.820000171661377,6.440000057220459,6.800000190734863,978
2023-05-09,6.599999904632568,6.800000190734863,6.519999980926514,6.78000020980835,253
2023-05-10,6.599999904632568,6.78000020980835,6.5,6.760000228881836,583
2023-05-11,6.460000038146973,6.739999771118164,6.460000038146973,6.739999771118164,11
2023-05-12,6.739999771118164,6.739999771118164,6.739999771118164,6.739999771118164,0
2023-05-15,6.739999771118164,7.320000171661377,6.739999771118164,7.239999771118164,5359
2023-05-16,7.199999809265137,7.599999904632568,7.199999809265137,7.480000019073486,19779
2023-05-17,7.5,7.5,7.199999809265137,7.400000095367432,474
2023-05-18,7.0,7.480000019073486,7.0,7.480000019073486,855
2023-05-19,7.480000019073486,7.480000019073486,7.0,7.460000038146973,1429
2023-05-22,7.440000057220459,7.440000057220459,7.0,7.400000095367432,1382
2023-05-23,7.380000114440918,7.400000095367432,7.380000114440918,7.400000095367432,175
2023-05-24,7.199999809265137,7.5,7.199999809265137,7.400000095367432,172
2023-05-25,7.5,7.5,7.039999961853027,7.480000019073486,425
2023-05-26,7.039999961853027,7.480000019073486,6.920000076293945,7.460000038146973,463
2023-05-29,7.420000076293945,7.420000076293945,7.019999980926514,7.300000190734863,924
2023-05-30,7.300000190734863,7.300000190734863,7.300000190734863,7.300000190734863,0
2023-05-31,7.0,7.300000190734863,7.0,7.300000190734863,2143
2023-06-01,7.28000020980835,7.300000190734863,7.28000020980835,7.300000190734863,21
2023-06-02,7.019999980926514,7.28000020980835,7.019999980926514,7.28000020980835,71
2023-06-05,7.260000228881836,7.300000190734863,7.260000228881836,7.28000020980835,874
2023-06-06,7.28000020980835,7.28000020980835,7.28000020980835,7.28000020980835,47
2023-06-07,7.019999980926514,7.019999980926514,7.019999980926514,7.019999980926514,20
2023-06-09,7.179999828338623,7.239999771118164,6.920000076293945,7.239999771118164,175
2023-06-12,7.260000228881836,7.28000020980835,7.0,7.260000228881836,2564
2023-06-13,7.260000228881836,7.260000228881836,7.260000228881836,7.260000228881836,0
2023-06-14,7.0,7.0,6.920000076293945,7.0,498
2023-06-15,6.519999980926514,7.199999809265137,6.519999980926514,7.199999809265137,227
2023-06-16,7.179999828338623,7.179999828338623,6.579999923706055,7.0,136
2023-06-19,7.159999847412109,7.159999847412109,6.559999942779541,7.139999866485596,1947
2023-06-20,7.119999885559082,7.119999885559082,7.119999885559082,7.119999885559082,575
2023-06-21,7.0,7.119999885559082,7.0,7.119999885559082,1502
2023-06-22,7.119999885559082,7.119999885559082,7.119999885559082,7.119999885559082,0
2023-06-23,7.119999885559082,7.119999885559082,6.800000190734863,7.099999904632568,36
2023-06-26,7.039999961853027,7.099999904632568,6.659999847412109,7.079999923706055,2708
2023-06-27,7.079999923706055,7.099999904632568,7.079999923706055,7.079999923706055,295
2023-06-28,7.079999923706055,7.079999923706055,7.079999923706055,7.079999923706055,0
2023-06-29,7.0,7.300000190734863,7.0,7.239999771118164,6228
2023-06-30,7.820000171661377,8.600000381469727,7.599999904632568,7.599999904632568,48422
2023-07-03,7.699999809265137,7.900000095367432,7.5,7.679999828338623,1109
2023-07-04,7.880000114440918,7.880000114440918,7.159999847412109,7.159999847412109,4042
2023-07-05,7.159999847412109,7.480000019073486,6.900000095367432,6.900000095367432,3909
2023-07-06,6.900000095367432,7.980000019073486,6.900000095367432,7.300000190734863,5704
2023-07-07,7.300000190734863,7.760000228881836,7.059999942779541,7.400000095367432,2934
2023-07-10,7.400000095367432,7.659999847412109,6.940000057220459,7.239999771118164,4008
2023-07-11,7.21999979019165,7.21999979019165,6.880000114440918,7.159999847412109,527
2023-07-12,7.079999923706055,7.380000114440918,7.079999923706055,7.380000114440918,798
2023-07-13,7.360000133514404,7.380000114440918,7.360000133514404,7.380000114440918,162
2023-07-14,7.360000133514404,7.360000133514404,7.059999942779541,7.360000133514404,190
2023-07-17,7.199999809265137,7.300000190734863,7.119999885559082,7.300000190734863,962
2023-07-18,7.360000133514404,7.400000095367432,7.139999866485596,7.139999866485596,711
2023-07-19,7.0,7.139999866485596,6.920000076293945,7.139999866485596,515
2023-07-20,7.139999866485596,7.139999866485596,6.900000095367432,7.119999885559082,135
2023-07-21,7.119999885559082,7.119999885559082,7.119999885559082,7.119999885559082,0
2023-07-24,7.119999885559082,7.139999866485596,6.900000095367432,7.099999904632568,308
2023-07-25,6.880000114440918,7.099999904632568,6.880000114440918,7.099999904632568,1002
2023-07-26,7.099999904632568,7.400000095367432,7.099999904632568,7.239999771118164,4811
2023-07-27,7.21999979019165,7.5,7.019999980926514,7.5,10842
2023-07-28,7.480000019073486,7.480000019073486,7.179999828338623,7.460000038146973,1364
2023-07-31,7.400000095367432,7.480000019073486,7.099999904632568,7.260000228881836,4926
2023-08-01,7.199999809265137,7.21999979019165,7.039999961853027,7.21999979019165,1079
2023-08-02,7.21999979019165,7.239999771118164,6.800000190734863,7.239999771118164,1243
2023-08-03,7.199999809265137,7.199999809265137,7.199999809265137,7.199999809265137,312
2023-08-04,7.0,7.199999809265137,6.980000019073486,7.199999809265137,1020
2023-08-07,6.960000038146973,7.179999828338623,6.960000038146973,7.179999828338623,1744
2023-08-08,7.179999828338623,7.179999828338623,7.179999828338623,7.179999828338623,155
2023-08-09,7.099999904632568,7.099999904632568,7.0,7.0,125
2023-08-10,7.0,7.179999828338623,7.0,7.179999828338623,5565
2023-08-11,6.860000133514404,7.199999809265137,6.860000133514404,7.199999809265137,419
2023-08-14,7.199999809265137,7.199999809265137,7.199999809265137,7.199999809265137,0
2023-08-16,7.179999828338623,7.179999828338623,6.78000020980835,7.159999847412109,1064
2023-08-17,7.159999847412109,7.159999847412109,7.159999847412109,7.159999847412109,0
2023-08-18,6.880000114440918,7.199999809265137,6.880000114440918,7.199999809265137,405
2023-08-21,7.199999809265137,7.199999809265137,7.199999809265137,7.199999809265137,0
2023-08-22,6.880000114440918,7.139999866485596,6.880000114440918,7.139999866485596,159
2023-08-23,6.920000076293945,7.119999885559082,6.880000114440918,7.119999885559082,760
2023-08-24,7.119999885559082,7.139999866485596,7.119999885559082,7.139999866485596,30
2023-08-25,7.079999923706055,7.159999847412109,7.079999923706055,7.159999847412109,2310
2023-08-28,7.139999866485596,7.139999866485596,7.139999866485596,7.139999866485596,30
2023-08-29,6.900000095367432,7.099999904632568,6.900000095367432,7.099999904632568,37
2023-08-30,6.900000095367432,7.099999904632568,6.78000020980835,7.059999942779541,3768
2023-08-31,6.980000019073486,7.019999980926514,5.679999828338623,6.699999809265137,13718
2023-09-01,6.679999828338623,6.679999828338623,6.019999980926514,6.159999847412109,9920
2023-09-04,6.199999809265137,6.460000038146973,5.880000114440918,6.0,11973
2023-09-05,5.980000019073486,6.139999866485596,5.659999847412109,5.880000114440918,5158
2023-09-06,5.960000038146973,5.960000038146973,5.599999904632568,5.860000133514404,2926
2023-09-07,5.860000133514404,5.900000095367432,5.300000190734863,5.599999904632568,3307
2023-09-08,5.519999980926514,5.820000171661377,5.340000152587891,5.760000228881836,2567
2023-09-11,5.71999979019165,5.71999979019165,5.5,5.71999979019165,566
2023-09-12,5.71999979019165,5.71999979019165,5.71999979019165,5.71999979019165,71
2023-09-13,5.71999979019165,5.71999979019165,5.71999979019165,5.71999979019165,10
2023-09-14,5.71999979019165,6.179999828338623,5.71999979019165,6.179999828338623,7099
2023-09-15,6.179999828338623,6.300000190734863,6.0,6.300000190734863,3046
2023-09-18,6.199999809265137,6.260000228881836,6.0,6.21999979019165,2122
2023-09-19,6.199999809265137,6.199999809265137,6.0,6.0,92
2023-09-20,5.960000038146973,5.960000038146973,5.760000228881836,5.920000076293945,164
2023-09-21,6.0,6.179999828338623,5.639999866485596,5.960000038146973,2197
2023-09-22,5.659999847412109,5.880000114440918,5.659999847412109,5.880000114440918,15
2023-09-25,5.800000190734863,5.980000019073486,5.800000190734863,5.980000019073486,177
2023-09-26,5.980000019073486,5.980000019073486,5.659999847412109,5.960000038146973,1085
2023-09-27,5.920000076293945,5.940000057220459,5.639999866485596,5.900000095367432,1491
2023-09-28,5.900000095367432,5.900000095367432,5.900000095367432,5.900000095367432,0
2023-09-29,5.71999979019165,5.980000019073486,5.699999809265137,5.980000019073486,908
2023-10-02,5.980000019073486,5.980000019073486,5.739999771118164,5.940000057220459,392
2023-10-03,5.699999809265137,5.900000095367432,5.699999809265137,5.880000114440918,631
2023-10-04,5.880000114440918,5.880000114440918,5.880000114440918,5.880000114440918,50
2023-10-05,5.880000114440918,5.940000057220459,5.699999809265137,5.920000076293945,661
2023-10-06,5.900000095367432,5.900000095367432,5.619999885559082,5.880000114440918,699
2023-10-09,5.880000114440918,5.880000114440918,5.300000190734863,5.78000020980835,4419
2023-10-10,5.78000020980835,5.880000114440918,5.5,5.800000190734863,1416
2023-10-11,5.800000190734863,5.940000057220459,5.539999961853027,5.920000076293945,3402
2023-10-12,5.940000057220459,5.940000057220459,5.739999771118164,5.940000057220459,1481
2023-10-13,5.940000057220459,6.179999828338623,5.800000190734863,6.099999904632568,16744
2023-10-16,6.039999961853027,6.039999961853027,5.78000020980835,6.039999961853027,104
2023-10-17,6.019999980926514,6.159999847412109,6.019999980926514,6.159999847412109,339
2023-10-18,6.139999866485596,6.139999866485596,6.059999942779541,6.099999904632568,147
2023-10-19,5.860000133514404,6.099999904632568,5.860000133514404,6.099999904632568,947
2023-10-20,6.179999828338623,6.179999828338623,6.179999828338623,6.179999828338623,5
2023-10-23,6.099999904632568,6.099999904632568,6.099999904632568,6.099999904632568,50
2023-10-24,6.099999904632568,6.139999866485596,6.099999904632568,6.139999866485596,117
2023-10-25,6.139999866485596,6.159999847412109,6.139999866485596,6.159999847412109,10093
2023-10-26,6.159999847412109,6.159999847412109,6.159999847412109,6.159999847412109,85
2023-10-27,5.860000133514404,6.159999847412109,5.840000152587891,6.159999847412109,307
2023-10-30,6.0,6.400000095367432,6.0,6.400000095367432,3113
2023-10-31,5.920000076293945,6.380000114440918,5.920000076293945,6.380000114440918,755
2023-11-02,6.099999904632568,6.099999904632568,6.099999904632568,6.099999904632568,9
2023-11-03,5.920000076293945,6.159999847412109,5.820000171661377,6.139999866485596,151
2023-11-06,6.159999847412109,6.159999847412109,6.039999961853027,6.039999961853027,24
2023-11-07,6.039999961853027,6.039999961853027,6.039999961853027,6.039999961853027,0
2023-11-08,6.039999961853027,6.039999961853027,6.039999961853027,6.039999961853027,135
2023-11-09,5.840000152587891,5.960000038146973,5.679999828338623,5.960000038146973,951
2023-11-10,5.940000057220459,5.960000038146973,5.940000057220459,5.960000038146973,9
2023-11-13,5.960000038146973,5.960000038146973,5.960000038146973,5.960000038146973,0
2023-11-14,5.71999979019165,5.880000114440918,5.559999942779541,5.78000020980835,1229
2023-11-15,5.78000020980835,5.880000114440918,5.78000020980835,5.880000114440918,335
2023-11-16,5.739999771118164,5.880000114440918,5.559999942779541,5.880000114440918,1081
2023-11-17,5.880000114440918,5.880000114440918,5.880000114440918,5.880000114440918,0
2023-11-20,5.880000114440918,5.880000114440918,5.599999904632568,5.840000152587891,448
2023-11-21,5.599999904632568,5.820000171661377,5.599999904632568,5.820000171661377,392
2023-11-22,5.820000171661377,5.820000171661377,5.599999904632568,5.800000190734863,424
2023-11-23,5.800000190734863,5.800000190734863,5.800000190734863,5.800000190734863,0
2023-11-24,5.599999904632568,5.800000190734863,5.599999904632568,5.800000190734863,102
2023-11-27,5.599999904632568,5.800000190734863,5.599999904632568,5.800000190734863,228
2023-11-28,6.239999771118164,6.800000190734863,6.019999980926514,6.119999885559082,58490
2023-11-29,6.119999885559082,6.400000095367432,5.880000114440918,6.139999866485596,10550
2023-11-30,5.900000095367432,6.119999885559082,5.840000152587891,6.079999923706055,1219
2023-12-01,5.739999771118164,5.940000057220459,5.699999809265137,5.940000057220459,3931
2023-12-04,5.940000057220459,5.940000057220459,5.71999979019165,5.920000076293945,1325
2023-12-05,5.760000228881836,5.920000076293945,5.599999904632568,5.860000133514404,1700
2023-12-06,5.840000152587891,5.940000057220459,5.679999828338623,5.920000076293945,3236
2023-12-07,5.800000190734863,5.900000095367432,5.71999979019165,5.900000095367432,1199
2023-12-08,5.800000190734863,5.900000095367432,5.800000190734863,5.900000095367432,1302
2023-12-11,5.940000057220459,6.380000114440918,5.940000057220459,6.300000190734863,5111
2023-12-12,6.360000133514404,6.380000114440918,6.019999980926514,6.199999809265137,775
2023-12-13,6.179999828338623,6.179999828338623,5.920000076293945,6.159999847412109,2110
2023-12-14,5.940000057220459,6.159999847412109,5.940000057220459,6.159999847412109,848
2023-12-15,6.0,6.099999904632568,5.900000095367432,6.099999904632568,1113
2023-12-18,6.119999885559082,6.480000019073486,5.860000133514404,6.199999809265137,9333
2023-12-19,6.380000114440918,6.380000114440918,5.980000019073486,6.139999866485596,2774
2023-12-20,6.019999980926514,6.159999847412109,5.659999847412109,5.860000133514404,4667
2023-12-21,5.840000152587891,5.900000095367432,5.679999828338623,5.880000114440918,2590
2023-12-22,5.860000133514404,5.960000038146973,5.840000152587891,5.900000095367432,2574
2023-12-27,5.760000228881836,5.900000095367432,5.739999771118164,5.760000228881836,28551
2023-12-28,5.800000190734863,6.400000095367432,5.800000190734863,6.360000133514404,18225
2023-12-29,6.340000152587891,7.5,6.039999961853027,7.099999904632568,57839
2024-01-02,7.460000038146973,7.480000019073486,6.28000020980835,7.119999885559082,85558
2024-01-03,7.119999885559082,7.119999885559082,6.420000076293945,6.760000228881836,81812
2024-01-04,6.599999904632568,6.800000190734863,6.420000076293945,6.800000190734863,9751
2024-01-05,6.760000228881836,6.78000020980835,6.579999923706055,6.679999828338623,710
2024-01-08,6.659999847412109,7.360000133514404,6.659999847412109,7.239999771118164,30599
2024-01-09,7.340000152587891,7.5,7.320000171661377,7.480000019073486,12748
2024-01-10,7.5,8.300000190734863,7.5,8.279999732971191,91847
2024-01-11,8.319999694824219,9.079999923706055,7.800000190734863,8.0,61361
2024-01-12,8.079999923706055,8.460000038146973,7.659999847412109,7.699999809265137,29230
2024-01-15,7.840000152587891,7.960000038146973,7.519999980926514,7.699999809265137,18885
2024-01-16,7.699999809265137,7.960000038146973,7.679999828338623,7.840000152587891,5959
2024-01-17,7.880000114440918,7.960000038146973,7.5,7.539999961853027,13988
2024-01-18,7.400000095367432,7.679999828338623,7.320000171661377,7.579999923706055,7753
2024-01-19,7.380000114440918,7.679999828338623,7.28000020980835,7.360000133514404,13355
2024-01-22,7.320000171661377,7.679999828338623,7.260000228881836,7.28000020980835,12898
2024-01-23,7.300000190734863,7.539999961853027,7.039999961853027,7.28000020980835,9237
2024-01-24,7.21999979019165,7.300000190734863,6.739999771118164,6.960000038146973,9804
2024-01-25,6.760000228881836,7.300000190734863,6.739999771118164,7.28000020980835,12489
2024-01-26,7.28000020980835,7.300000190734863,6.900000095367432,7.21999979019165,6827
2024-01-29,6.900000095367432,7.059999942779541,6.760000228881836,6.960000038146973,3578
2024-01-30,6.960000038146973,6.980000019073486,6.679999828338623,6.760000228881836,4951
2024-01-31,6.679999828338623,6.739999771118164,6.380000114440918,6.639999866485596,2499
2024-02-01,6.639999866485596,7.079999923706055,6.539999961853027,6.980000019073486,6440
2024-02-02,7.059999942779541,7.059999942779541,6.800000190734863,6.960000038146973,2978
2024-02-05,6.760000228881836,7.079999923706055,6.599999904632568,6.980000019073486,1204
2024-02-06,6.940000057220459,7.039999961853027,6.71999979019165,6.71999979019165,1578
2024-02-07,6.71999979019165,6.940000057220459,6.599999904632568,6.840000152587891,2060
2024-02-08,6.840000152587891,7.0,6.619999885559082,6.880000114440918,2298
2024-02-09,6.860000133514404,6.900000095367432,6.659999847412109,6.900000095367432,509
2024-02-12,6.699999809265137,6.980000019073486,6.679999828338623,6.880000114440918,1174
2024-02-13,6.739999771118164,6.940000057220459,6.440000057220459,6.659999847412109,11975
2024-02-14,6.639999866485596,6.880000114440918,6.639999866485596,6.760000228881836,375
2024-02-15,6.760000228881836,8.180000305175781,6.71999979019165,7.800000190734863,98881
2024-02-16,7.900000095367432,7.900000095367432,7.440000057220459,7.460000038146973,32351
2024-02-19,7.5,8.100000381469727,7.460000038146973,8.100000381469727,20259
2024-02-20,8.279999732971191,8.300000190734863,7.800000190734863,7.840000152587891,15670
2024-02-21,7.900000095367432,7.900000095367432,7.539999961853027,7.739999771118164,4610
2024-02-22,7.820000171661377,7.820000171661377,7.400000095367432,7.5,8167
2024-02-23,7.420000076293945,7.420000076293945,7.21999979019165,7.380000114440918,9816
2024-02-26,7.380000114440918,7.5,7.380000114440918,7.5,1121
2024-02-27,7.579999923706055,7.579999923706055,7.199999809265137,7.5,4486
2024-02-28,7.420000076293945,7.5,7.21999979019165,7.360000133514404,2658
2024-02-29,7.360000133514404,7.460000038146973,7.099999904632568,7.159999847412109,3050
2024-03-01,7.440000057220459,7.460000038146973,7.21999979019165,7.300000190734863,4645
2024-03-04,7.199999809265137,7.300000190734863,7.079999923706055,7.179999828338623,3134
2024-03-05,7.179999828338623,8.0,6.800000190734863,8.0,28100
2024-03-06,8.15999984741211,8.15999984741211,7.5,7.800000190734863,25796
2024-03-07,7.699999809265137,7.800000190734863,7.579999923706055,7.800000190734863,7576
2024-03-08,7.800000190734863,8.0,7.800000190734863,7.920000076293945,13562
2024-03-11,7.960000038146973,8.100000381469727,7.900000095367432,8.039999961853027,18840
2024-03-12,8.15999984741211,8.15999984741211,7.920000076293945,8.0,10035
2024-03-13,8.0,8.0600004196167,7.800000190734863,7.900000095367432,11079
2024-03-14,8.0600004196167,8.0600004196167,7.860000133514404,7.860000133514404,22278
2024-03-15,7.860000133514404,8.140000343322754,7.800000190734863,7.960000038146973,16213
2024-03-18,7.960000038146973,7.960000038146973,7.739999771118164,7.900000095367432,19468
2024-03-19,7.900000095367432,8.0600004196167,7.880000114440918,7.960000038146973,7476
2024-03-20,7.980000019073486,7.980000019073486,7.699999809265137,7.940000057220459,18378
2024-03-21,7.980000019073486,7.980000019073486,7.78000020980835,7.880000114440918,11754
2024-03-22,7.920000076293945,7.980000019073486,7.840000152587891,7.960000038146973,3796
2024-03-25,7.980000019073486,8.0,7.900000095367432,7.980000019073486,7646
2024-03-26,8.0,8.260000228881836,8.0,8.079999923706055,25397
2024-03-27,8.199999809265137,8.199999809265137,8.020000457763672,8.119999885559082,11761
2024-03-28,8.180000305175781,8.399999618530273,8.119999885559082,8.34000015258789,26339
2024-04-02,8.479999542236328,8.979999542236328,8.460000038146973,8.960000038146973,45310
2024-04-03,9.0,9.180000305175781,8.5,8.960000038146973,37864
2024-04-04,9.020000457763672,9.039999961853027,8.699999809265137,8.960000038146973,31084
2024-04-05,8.920000076293945,9.0,8.619999885559082,8.739999771118164,49966
2024-04-08,8.800000190734863,8.800000190734863,8.619999885559082,8.699999809265137,56800
2024-04-09,7.980000019073486,8.0,7.820000171661377,7.960000038146973,20335
2024-04-10,7.960000038146973,7.960000038146973,7.639999866485596,7.78000020980835,12445
2024-04-11,7.5,7.599999904632568,7.179999828338623,7.239999771118164,40884
2024-04-12,7.239999771118164,7.400000095367432,7.019999980926514,7.199999809265137,13809
2024-04-15,7.199999809265137,7.199999809265137,6.960000038146973,6.980000019073486,18392
2024-04-16,6.980000019073486,7.039999961853027,6.840000152587891,6.920000076293945,5137
2024-04-17,6.900000095367432,6.900000095367432,6.760000228881836,6.820000171661377,5923
2024-04-18,6.880000114440918,6.880000114440918,6.639999866485596,6.699999809265137,18384
2024-04-19,6.760000228881836,6.78000020980835,6.639999866485596,6.78000020980835,2721
2024-04-22,6.71999979019165,6.760000228881836,6.599999904632568,6.739999771118164,5335
2024-04-23,6.699999809265137,6.840000152587891,6.699999809265137,6.760000228881836,19211
2024-04-24,6.760000228881836,6.840000152587891,6.659999847412109,6.840000152587891,8962
2024-04-25,6.820000171661377,6.840000152587891,6.699999809265137,6.78000020980835,5726
2024-04-26,6.760000228881836,6.78000020980835,6.239999771118164,6.5,12070
2024-04-29,6.5,6.5,6.400000095367432,6.460000038146973,13992
2024-04-30,6.360000133514404,6.420000076293945,6.099999904632568,6.239999771118164,15724
2024-05-02,6.260000228881836,6.260000228881836,6.179999828338623,6.260000228881836,2459
2024-05-06,6.199999809265137,6.260000228881836,6.179999828338623,6.260000228881836,9188
2024-05-07,6.199999809265137,6.28000020980835,6.199999809265137,6.260000228881836,5417
2024-05-08,6.260000228881836,6.5,6.179999828338623,6.360000133514404,12989
2024-05-09,6.320000171661377,6.639999866485596,6.320000171661377,6.619999885559082,11220
2024-05-10,6.619999885559082,6.619999885559082,6.420000076293945,6.5,12509
2024-05-13,6.440000057220459,6.639999866485596,6.0,6.440000057220459,19470
2024-05-14,6.440000057220459,6.440000057220459,6.199999809265137,6.199999809265137,9303
2024-05-15,6.360000133514404,6.519999980926514,6.199999809265137,6.320000171661377,18326
2024-05-16,6.239999771118164,6.679999828338623,6.199999809265137,6.360000133514404,20788
2024-05-17,6.380000114440918,6.480000019073486,6.380000114440918,6.440000057220459,7747
2024-05-20,6.440000057220459,6.440000057220459,6.300000190734863,6.380000114440918,14647
2024-05-21,6.400000095367432,6.400000095367432,6.28000020980835,6.380000114440918,1989
2024-05-22,6.380000114440918,6.5,6.239999771118164,6.380000114440918,19752
2024-05-23,6.300000190734863,6.400000095367432,6.300000190734863,6.400000095367432,1498
2024-05-24,6.380000114440918,6.380000114440918,6.260000228881836,6.340000152587891,2105
2024-05-27,6.199999809265137,6.260000228881836,6.159999847412109,6.21999979019165,9862
2024-05-28,6.21999979019165,6.21999979019165,6.0,6.079999923706055,7768
2024-05-29,6.039999961853027,6.119999885559082,5.840000152587891,5.940000057220459,12468
2024-05-31,5.940000057220459,5.960000038146973,5.840000152587891,5.920000076293945,6843
2024-06-03,5.940000057220459,6.300000190734863,5.940000057220459,6.039999961853027,4724
2024-06-04,6.099999904632568,6.119999885559082,6.079999923706055,6.119999885559082,654
2024-06-05,6.179999828338623,6.21999979019165,6.019999980926514,6.179999828338623,2758
2024-06-06,6.059999942779541,6.179999828338623,6.059999942779541,6.159999847412109,1090
2024-06-07,6.159999847412109,6.159999847412109,6.039999961853027,6.119999885559082,7494
2024-06-10,6.119999885559082,6.159999847412109,6.019999980926514,6.159999847412109,1330
2024-06-11,6.139999866485596,6.139999866485596,5.960000038146973,6.079999923706055,2224
2024-06-12,6.059999942779541,6.059999942779541,5.980000019073486,6.039999961853027,487
2024-06-13,6.0,6.059999942779541,5.980000019073486,6.019999980926514,358
2024-06-14,6.019999980926514,6.019999980926514,6.0,6.0,930
2024-06-17,5.980000019073486,6.079999923706055,5.940000057220459,6.0,6466
2024-06-18,6.0,6.0,5.800000190734863,5.960000038146973,4260
2024-06-19,5.900000095367432,5.960000038146973,5.860000133514404,5.920000076293945,3593
2024-06-20,5.920000076293945,5.920000076293945,5.820000171661377,5.900000095367432,4056
2024-06-21,5.920000076293945,6.099999904632568,5.860000133514404,5.920000076293945,2427
2024-06-24,6.059999942779541,6.059999942779541,5.940000057220459,6.019999980926514,3265
2024-06-25,6.019999980926514,6.039999961853027,5.940000057220459,6.019999980926514,1669
2024-06-26,6.019999980926514,6.039999961853027,5.900000095367432,6.019999980926514,4710
2024-06-27,6.039999961853027,6.099999904632568,5.960000038146973,6.099999904632568,3343
2024-06-28,6.099999904632568,6.099999904632568,6.0,6.039999961853027,1023
2024-07-01,6.039999961853027,6.039999961853027,5.800000190734863,6.039999961853027,5509
2024-07-02,6.019999980926514,6.039999961853027,5.960000038146973,6.0,1675
2024-07-03,6.0,6.260000228881836,6.0,6.21999979019165,4605
2024-07-04,6.199999809265137,6.21999979019165,6.079999923706055,6.21999979019165,1524
2024-07-05,6.199999809265137,6.199999809265137,6.099999904632568,6.199999809265137,92
2024-07-08,6.199999809265137,6.420000076293945,6.099999904632568,6.320000171661377,5943
2024-07-09,6.400000095367432,6.619999885559082,6.380000114440918,6.599999904632568,20192
2024-07-10,6.460000038146973,6.539999961853027,6.28000020980835,6.5,6030
2024-07-11,6.480000019073486,6.559999942779541,6.420000076293945,6.559999942779541,2748
2024-07-12,6.559999942779541,6.639999866485596,6.5,6.579999923706055,20534
2024-07-15,6.619999885559082,6.619999885559082,6.340000152587891,6.579999923706055,2079
2024-07-16,6.559999942779541,6.559999942779541,6.360000133514404,6.5,1439
2024-07-17,6.360000133514404,6.460000038146973,6.179999828338623,6.460000038146973,3011
2024-07-18,6.179999828338623,6.460000038146973,6.119999885559082,6.460000038146973,5722
2024-07-19,6.119999885559082,6.360000133514404,6.039999961853027,6.260000228881836,5237
2024-07-22,6.139999866485596,6.179999828338623,6.019999980926514,6.139999866485596,3301
2024-07-23,6.139999866485596,6.139999866485596,5.980000019073486,6.099999904632568,2434
2024-07-24,6.0,6.21999979019165,6.0,6.199999809265137,2270
2024-07-25,6.159999847412109,6.159999847412109,6.019999980926514,6.099999904632568,568
2024-07-26,6.119999885559082,6.519999980926514,6.0,6.480000019073486,6107
2024-07-29,6.539999961853027,6.539999961853027,6.400000095367432,6.400000095367432,6395
2024-07-30,6.5,6.5,6.239999771118164,6.340000152587891,982
2024-07-31,6.320000171661377,6.340000152587891,6.260000228881836,6.320000171661377,1360
2024-08-01,6.360000133514404,6.460000038146973,6.099999904632568,6.340000152587891,5101
2024-08-02,6.28000020980835,6.28000020980835,6.139999866485596,6.28000020980835,261
2024-08-05,6.239999771118164,6.239999771118164,5.78000020980835,6.0,11561
2024-08-06,6.0,6.28000020980835,6.0,6.179999828338623,5372
2024-08-07,6.159999847412109,6.28000020980835,6.019999980926514,6.079999923706055,5165
2024-08-08,6.159999847412109,6.159999847412109,5.840000152587891,6.099999904632568,1106
2024-08-09,6.079999923706055,6.079999923706055,6.0,6.079999923706055,1658
2024-08-12,5.960000038146973,6.079999923706055,5.619999885559082,5.880000114440918,11535
2024-08-13,5.880000114440918,6.0,5.880000114440918,6.0,533
2024-08-14,5.980000019073486,6.159999847412109,5.840000152587891,5.940000057220459,1984
2024-08-16,5.960000038146973,5.960000038146973,5.800000190734863,5.900000095367432,4729
2024-08-19,5.800000190734863,6.059999942779541,5.800000190734863,6.0,1121
2024-08-20,6.0,6.0,5.880000114440918,6.0,2868
2024-08-21,5.900000095367432,6.0,5.880000114440918,6.0,4682
2024-08-22,6.059999942779541,6.059999942779541,5.880000114440918,5.980000019073486,989
2024-08-23,5.880000114440918,6.0,5.860000133514404,6.0,1008
2024-08-26,6.0,6.0,5.880000114440918,5.980000019073486,990
2024-08-27,5.980000019073486,6.0,5.980000019073486,5.980000019073486,53
2024-08-28,5.900000095367432,5.960000038146973,5.800000190734863,5.960000038146973,9162
2024-08-29,5.960000038146973,6.0,5.960000038146973,5.980000019073486,236
2024-08-30,5.980000019073486,6.0,5.800000190734863,6.0,2191
2024-09-02,6.0,6.0,5.860000133514404,5.960000038146973,809
2024-09-03,5.880000114440918,5.900000095367432,5.860000133514404,5.860000133514404,687
2024-09-04,5.900000095367432,5.920000076293945,5.519999980926514,5.800000190734863,14826
2024-09-05,5.699999809265137,5.840000152587891,5.679999828338623,5.820000171661377,999
2024-09-06,5.820000171661377,5.900000095367432,5.659999847412109,5.78000020980835,1833
2024-09-09,5.78000020980835,5.820000171661377,5.659999847412109,5.800000190734863,2429
2024-09-10,5.659999847412109,5.820000171661377,5.559999942779541,5.699999809265137,1373
2024-09-11,5.699999809265137,5.699999809265137,5.5,5.699999809265137,3251
2024-09-12,5.71999979019165,5.78000020980835,5.5,5.739999771118164,5238
2024-09-13,5.71999979019165,5.71999979019165,5.639999866485596,5.699999809265137,1319
2024-09-16,5.739999771118164,5.739999771118164,5.739999771118164,5.739999771118164,21
2024-09-17,5.71999979019165,5.71999979019165,5.699999809265137,5.71999979019165,453
2024-09-18,5.699999809265137,5.760000228881836,5.5,5.539999961853027,4172
2024-09-19,5.539999961853027,5.739999771118164,5.539999961853027,5.71999979019165,1300
2024-09-20,5.71999979019165,5.71999979019165,5.699999809265137,5.699999809265137,693
2024-09-23,5.599999904632568,5.699999809265137,5.599999904632568,5.639999866485596,1396
2024-09-24,5.639999866485596,5.71999979019165,5.639999866485596,5.71999979019165,189
2024-09-25,5.559999942779541,5.699999809265137,5.559999942779541,5.699999809265137,1848
2024-09-26,5.619999885559082,5.679999828338623,5.539999961853027,5.679999828338623,764
2024-09-27,5.619999885559082,5.71999979019165,5.420000076293945,5.699999809265137,9529
2024-09-30,5.760000228881836,5.760000228881836,5.599999904632568,5.699999809265137,3337
2024-10-01,5.659999847412109,5.659999847412109,5.659999847412109,5.659999847412109,17
2024-10-02,5.659999847412109,5.659999847412109,5.420000076293945,5.599999904632568,6927
2024-10-03,5.599999904632568,5.599999904632568,5.460000038146973,5.559999942779541,1705
2024-10-04,5.460000038146973,5.559999942779541,5.420000076293945,5.559999942779541,314
2024-10-07,5.440000057220459,5.539999961853027,5.28000020980835,5.5,1656
2024-10-08,5.300000190734863,5.5,5.199999809265137,5.5,4060
2024-10-09,5.28000020980835,5.480000019073486,5.199999809265137,5.480000019073486,2844
2024-10-10,5.260000228881836,5.440000057220459,5.260000228881836,5.400000095367432,959
2024-10-11,5.380000114440918,5.400000095367432,5.380000114440918,5.400000095367432,685
2024-10-14,5.300000190734863,5.400000095367432,5.260000228881836,5.400000095367432,1798
2024-10-15,5.300000190734863,5.5,5.260000228881836,5.480000019073486,5046
2024-10-16,5.480000019073486,5.480000019073486,5.480000019073486,5.480000019073486,16
2024-10-17,5.400000095367432,5.539999961853027,5.300000190734863,5.440000057220459,8456
2024-10-18,5.440000057220459,5.440000057220459,5.440000057220459,5.440000057220459,7
2024-10-21,5.440000057220459,5.440000057220459,5.340000152587891,5.420000076293945,2381
2024-10-22,5.400000095367432,5.420000076293945,5.380000114440918,5.400000095367432,207
2024-10-23,5.440000057220459,5.480000019073486,5.380000114440918,5.480000019073486,1201
2024-10-24,5.380000114440918,5.460000038146973,5.179999828338623,5.460000038146973,2097
2024-10-25,5.480000019073486,5.539999961853027,5.320000171661377,5.340000152587891,610
2024-10-28,5.340000152587891,5.599999904632568,5.340000152587891,5.440000057220459,176
2024-10-29,5.440000057220459,5.559999942779541,5.440000057220459,5.480000019073486,720
2024-10-30,5.480000019073486,5.480000019073486,5.28000020980835,5.400000095367432,1122
2024-10-31,5.400000095367432,5.420000076293945,5.239999771118164,5.360000133514404,5103
2024-11-04,5.360000133514404,5.360000133514404,5.179999828338623,5.199999809265137,6652
2024-11-05,5.159999847412109,5.179999828338623,5.139999866485596,5.179999828338623,1019
2024-11-06,5.179999828338623,5.199999809265137,5.0,5.139999866485596,14725
2024-11-07,5.119999885559082,5.139999866485596,5.019999980926514,5.119999885559082,2057
2024-11-08,5.239999771118164,5.239999771118164,5.019999980926514,5.159999847412109,5755
2024-11-12,5.159999847412109,5.159999847412109,4.650000095367432,5.039999961853027,4010
2024-11-13,5.019999980926514,5.019999980926514,4.880000114440918,4.96999979019165,201
2024-11-14,4.869999885559082,5.019999980926514,4.860000133514404,4.980000019073486,1454
2024-11-15,5.0,5.139999866485596,4.980000019073486,5.059999942779541,2283
2024-11-18,5.039999961853027,5.059999942779541,4.71999979019165,4.829999923706055,891
2024-11-19,5.039999961853027,5.039999961853027,4.820000171661377,4.900000095367432,915
2024-11-20,4.900000095367432,4.900000095367432,4.760000228881836,4.849999904632568,1085
2024-11-21,4.880000114440918,4.96999979019165,4.71999979019165,4.96999979019165,812
2024-11-22,4.96999979019165,4.96999979019165,4.710000038146973,4.929999828338623,1139
2024-11-25,5.0,5.119999885559082,4.800000190734863,5.019999980926514,1260
2024-11-26,5.0,5.0,5.0,5.0,35
2024-11-27,4.800000190734863,4.989999771118164,4.78000020980835,4.78000020980835,6555
2024-11-28,4.349999904632568,4.769999980926514,4.349999904632568,4.519999980926514,5711
2024-11-29,4.599999904632568,4.650000095367432,4.400000095367432,4.639999866485596,376
2024-12-02,4.619999885559082,4.619999885559082,4.300000190734863,4.590000152587891,1742
2024-12-03,4.590000152587891,4.590000152587891,4.409999847412109,4.539999961853027,2670
2024-12-04,4.510000228881836,4.53000020980835,4.329999923706055,4.519999980926514,692
2024-12-05,4.519999980926514,4.53000020980835,4.440000057220459,4.489999771118164,853
2024-12-06,4.420000076293945,4.480000019073486,4.320000171661377,4.46999979019165,4517
2024-12-09,4.349999904632568,4.46999979019165,4.300000190734863,4.449999809265137,1879
2024-12-10,4.440000057220459,4.440000057220459,4.139999866485596,4.199999809265137,4975
2024-12-11,4.199999809265137,4.28000020980835,4.139999866485596,4.139999866485596,4272
2024-12-12,4.199999809265137,4.269999980926514,4.119999885559082,4.25,5557
2024-12-13,4.269999980926514,4.389999866485596,4.199999809265137,4.320000171661377,3881
2024-12-16,4.150000095367432,4.300000190734863,4.019999980926514,4.21999979019165,13103
2024-12-17,4.099999904632568,4.210000038146973,4.059999942779541,4.130000114440918,2606
2024-12-18,4.019999980926514,4.130000114440918,3.9800000190734863,4.0,7892
2024-12-19,4.03000020980835,4.039999961853027,3.9200000762939453,4.0,12279
2024-12-20,3.990000009536743,3.990000009536743,3.5999999046325684,3.859999895095825,6976
2024-12-23,3.8399999141693115,3.8399999141693115,3.5199999809265137,3.680000066757202,30023
2024-12-27,3.8399999141693115,3.859999895095825,3.609999895095825,3.8499999046325684,10677
2024-12-30,3.8399999141693115,3.859999895095825,3.630000114440918,3.8299999237060547,3605
2025-01-02,3.700000047683716,4.25,3.5299999713897705,4.25,6302
2025-01-03,4.25,4.25,3.880000114440918,4.230000019073486,1302
2025-01-07,4.230000019073486,4.25,4.0,4.21999979019165,14205
2025-01-08,4.21999979019165,4.21999979019165,4.079999923706055,4.190000057220459,855
2025-01-09,4.190000057220459,4.199999809265137,4.099999904632568,4.199999809265137,2677
2025-01-10,4.199999809265137,4.210000038146973,4.110000133514404,4.159999847412109,876
2025-01-13,4.110000133514404,4.159999847412109,4.110000133514404,4.159999847412109,578
2025-01-14,4.159999847412109,4.179999828338623,4.159999847412109,4.179999828338623,775
2025-01-15,4.179999828338623,4.179999828338623,4.050000190734863,4.179999828338623,6045
2025-01-16,4.059999942779541,4.110000133514404,4.039999961853027,4.059999942779541,1632
2025-01-17,4.170000076293945,4.230000019073486,4.159999847412109,4.230000019073486,2749
2025-01-20,4.239999771118164,4.239999771118164,4.170000076293945,4.239999771118164,7251
2025-01-21,4.28000020980835,4.349999904632568,4.150000095367432,4.329999923706055,2075
2025-01-22,4.349999904632568,4.449999809265137,4.309999942779541,4.420000076293945,4092
2025-01-23,4.440000057220459,4.789999961853027,4.269999980926514,4.480000019073486,5387
2025-01-24,4.480000019073486,4.480000019073486,4.300000190734863,4.480000019073486,1526
2025-01-27,4.480000019073486,4.480000019073486,4.039999961853027,4.420000076293945,6982
2025-01-28,4.420000076293945,4.46999979019165,4.420000076293945,4.449999809265137,1692
2025-01-29,4.449999809265137,4.78000020980835,4.400000095367432,4.71999979019165,12710
2025-01-30,4.71999979019165,4.760000228881836,4.420000076293945,4.75,3782
2025-01-31,4.699999809265137,4.699999809265137,4.679999828338623,4.679999828338623,643
2025-02-03,4.679999828338623,4.679999828338623,4.360000133514404,4.599999904632568,3303
2025-02-04,4.599999904632568,4.599999904632568,4.400000095367432,4.590000152587891,629
2025-02-05,4.590000152587891,4.739999771118164,4.590000152587891,4.690000057220459,8163
2025-02-06,4.53000020980835,4.690000057220459,4.5,4.650000095367432,2304
2025-02-07,4.650000095367432,4.650000095367432,4.510000228881836,4.599999904632568,787
2025-02-10,4.599999904632568,4.599999904632568,4.480000019073486,4.480000019073486,1837
2025-02-11,4.5,4.579999923706055,4.449999809265137,4.510000228881836,4016
2025-02-12,4.510000228881836,4.510000228881836,4.420000076293945,4.489999771118164,1107
2025-02-13,4.5,4.599999904632568,4.340000152587891,4.5,10634
2025-02-14,4.400000095367432,4.53000020980835,4.380000114440918,4.53000020980835,946
2025-02-17,4.539999961853027,4.539999961853027,4.389999866485596,4.429999828338623,99
2025-02-18,4.429999828338623,4.5,4.380000114440918,4.5,6326
2025-02-19,4.5,4.699999809265137,4.400000095367432,4.599999904632568,8036
2025-02-20,4.440000057220459,4.610000133514404,4.440000057220459,4.610000133514404,552
2025-02-21,4.610000133514404,4.610000133514404,4.489999771118164,4.599999904632568,3260
2025-02-24,4.599999904632568,4.599999904632568,4.409999847412109,4.590000152587891,3268
2025-02-25,4.570000171661377,4.570000171661377,4.449999809265137,4.5,2365
2025-02-26,4.449999809265137,4.550000190734863,4.420000076293945,4.5,2548
2025-02-27,4.5,4.5,4.429999828338623,4.5,54
2025-02-28,4.550000190734863,4.590000152587891,4.489999771118164,4.489999771118164,1095
2025-03-03,4.480000019073486,4.480000019073486,4.400000095367432,4.400000095367432,4188
2025-03-04,4.400000095367432,4.480000019073486,4.360000133514404,4.360000133514404,1795
2025-03-05,4.46999979019165,4.46999979019165,4.300000190734863,4.300000190734863,2123
2025-03-06,4.46999979019165,4.46999979019165,4.300000190734863,4.460000038146973,1263
2025-03-07,4.449999809265137,4.46999979019165,4.300000190734863,4.460000038146973,1439
2025-03-10,4.46999979019165,4.46999979019165,4.460000038146973,4.460000038146973,375
2025-03-11,4.309999942779541,4.46999979019165,4.309999942779541,4.380000114440918,1061
2025-03-12,4.380000114440918,4.460000038146973,4.360000133514404,4.460000038146973,262
2025-03-13,4.460000038146973,4.460000038146973,4.380000114440918,4.380000114440918,1283
2025-03-14,4.309999942779541,4.449999809265137,4.309999942779541,4.449999809265137,531
2025-03-17,4.329999923706055,4.460000038146973,4.329999923706055,4.460000038146973,1125
2025-03-18,4.460000038146973,4.699999809265137,4.400000095367432,4.590000152587891,13779
2025-03-19,4.599999904632568,4.599999904632568,4.380000114440918,4.579999923706055,2958
2025-03-20,4.559999942779541,4.559999942779541,4.389999866485596,4.559999942779541,602
2025-03-21,4.559999942779541,4.559999942779541,4.340000152587891,4.460000038146973,1775
2025-03-24,4.440000057220459,4.440000057220459,4.440000057220459,4.440000057220459,571
2025-03-25,4.449999809265137,4.480000019073486,4.400000095367432,4.460000038146973,2195
2025-03-26,4.400000095367432,4.440000057220459,4.400000095367432,4.440000057220459,343
2025-03-27,4.480000019073486,4.570000171661377,4.480000019073486,4.559999942779541,399
2025-03-28,4.559999942779541,4.559999942779541,4.5,4.559999942779541,657
2025-03-31,4.559999942779541,4.570000171661377,4.420000076293945,4.559999942779541,510
2025-04-01,4.429999828338623,4.579999923706055,4.400000095367432,4.400000095367432,4480
2025-04-02,4.510000228881836,4.510000228881836,4.400000095367432,4.400000095367432,160
2025-04-03,4.349999904632568,4.380000114440918,4.320000171661377,4.320000171661377,1044
2025-04-04,4.320000171661377,4.349999904632568,4.300000190734863,4.349999904632568,6526
2025-04-07,4.300000190734863,4.300000190734863,4.03000020980835,4.119999885559082,6369
2025-04-08,4.119999885559082,4.420000076293945,4.119999885559082,4.349999904632568,862
2025-04-09,4.300000190734863,4.400000095367432,4.300000190734863,4.400000095367432,1303
2025-04-10,4.400000095367432,4.489999771118164,4.090000152587891,4.420000076293945,2872
2025-04-11,4.449999809265137,4.449999809265137,4.150000095367432,4.309999942779541,1992
2025-04-14,4.409999847412109,4.449999809265137,4.159999847412109,4.440000057220459,5422
2025-04-15,4.300000190734863,4.429999828338623,4.260000228881836,4.400000095367432,1616
2025-04-16,4.400000095367432,4.409999847412109,4.21999979019165,4.349999904632568,1097
2025-04-17,4.380000114440918,4.380000114440918,4.260000228881836,4.380000114440918,597
2025-04-22,4.380000114440918,4.380000114440918,4.25,4.360000133514404,1449
2025-04-23,4.360000133514404,4.360000133514404,4.179999828338623,4.300000190734863,3788
2025-04-24,4.179999828338623,4.340000152587891,4.179999828338623,4.329999923706055,808
2025-04-25,4.309999942779541,4.340000152587891,4.190000057220459,4.300000190734863,3124
2025-04-28,4.309999942779541,4.309999942779541,4.28000020980835,4.309999942779541,4316
2025-04-29,4.309999942779541,4.400000095367432,4.309999942779541,4.400000095367432,2153
2025-04-30,4.400000095367432,4.400000095367432,4.210000038146973,4.400000095367432,5213
2025-05-02,4.400000095367432,4.400000095367432,4.199999809265137,4.389999866485596,3109
2025-05-05,4.349999904632568,4.349999904632568,4.190000057220459,4.349999904632568,655
2025-05-06,4.340000152587891,4.340000152587891,4.340000152587891,4.340000152587891,524
2025-05-07,4.349999904632568,4.349999904632568,4.199999809265137,4.349999904632568,3276
2025-05-08,4.349999904632568,4.389999866485596,4.349999904632568,4.369999885559082,4077
2025-05-09,4.25,4.389999866485596,4.25,4.349999904632568,2249
2025-05-12,4.21999979019165,4.449999809265137,4.199999809265137,4.300000190734863,5431
2025-05-13,4.300000190734863,4.300000190734863,4.099999904632568,4.239999771118164,14188
2025-05-14,4.130000114440918,4.150000095367432,4.039999961853027,4.039999961853027,7024
2025-05-15,4.050000190734863,4.190000057220459,4.0,4.050000190734863,27548
2025-05-16,4.0,4.099999904632568,3.9700000286102295,3.990000009536743,6488
2025-05-19,4.0,4.0,3.990000009536743,3.990000009536743,355
2025-05-20,4.0,4.139999866485596,3.9200000762939453,4.090000152587891,7308
2025-05-21,3.9000000953674316,3.9000000953674316,3.180000066757202,3.5399999618530273,150257
2025-05-22,3.6500000953674316,3.6500000953674316,3.5,3.5,9002
2025-05-23,3.5,3.630000114440918,3.4600000381469727,3.630000114440918,2305
2025-05-26,3.630000114440918,3.640000104904175,3.4800000190734863,3.5,7187
2025-05-27,3.630000114440918,3.640000104904175,3.4600000381469727,3.630000114440918,19085
2025-05-28,3.640000104904175,3.640000104904175,3.319999933242798,3.5999999046325684,14388
2025-05-29,3.3499999046325684,3.569999933242798,3.3499999046325684,3.490000009536743,2186
2025-05-30,3.490000009536743,3.5,3.430000066757202,3.5,1689
2025-06-02,3.5,3.5,3.430000066757202,3.4800000190734863,1052
2025-06-03,3.4700000286102295,3.4800000190734863,3.359999895095825,3.4100000858306885,1502
2025-06-04,3.4100000858306885,3.559999942779541,3.4000000953674316,3.559999942779541,1425
2025-06-05,3.5399999618530273,3.5399999618530273,3.5,3.5,290
2025-06-06,3.559999942779541,3.559999942779541,3.450000047683716,3.559999942779541,617
2025-06-09,3.559999942779541,3.640000104904175,3.509999990463257,3.630000114440918,1165
2025-06-10,3.630000114440918,3.630000114440918,3.559999942779541,3.559999942779541,4809
2025-06-11,3.640000104904175,3.640000104904175,3.4600000381469727,3.559999942779541,2338
2025-06-12,3.5,3.5,3.25,3.4000000953674316,6196
2025-06-13,3.380000114440918,3.4000000953674316,3.2300000190734863,3.2300000190734863,4429
2025-06-16,3.390000104904175,3.4000000953674316,3.200000047683716,3.4000000953674316,2507
2025-06-17,3.4000000953674316,3.4000000953674316,3.299999952316284,3.4000000953674316,367
2025-06-18,3.4000000953674316,3.4000000953674316,3.299999952316284,3.3499999046325684,5881
2025-06-20,3.3399999141693115,3.4800000190734863,3.299999952316284,3.4700000286102295,2210
2025-06-23,3.299999952316284,3.4000000953674316,3.299999952316284,3.4000000953674316,4
2025-06-24,3.299999952316284,3.4000000953674316,3.119999885559082,3.369999885559082,10079
2025-06-25,3.359999895095825,3.369999885559082,3.130000114440918,3.359999895095825,2289
2025-06-26,3.3499999046325684,3.359999895095825,3.200000047683716,3.3399999141693115,5773
2025-06-27,3.25,3.4200000762939453,3.25,3.4200000762939453,1283
2025-06-30,3.299999952316284,3.4100000858306885,3.299999952316284,3.299999952316284,970
2025-07-01,3.25,3.4000000953674316,3.25,3.4000000953674316,301
2025-07-02,3.4000000953674316,3.4000000953674316,3.119999885559082,3.299999952316284,4731
2025-07-03,3.380000114440918,3.380000114440918,3.140000104904175,3.369999885559082,4668
2025-07-04,3.299999952316284,3.3399999141693115,3.1600000858306885,3.1600000858306885,861
2025-07-07,3.3399999141693115,3.5999999046325684,3.2100000381469727,3.5,16064
2025-07-08,3.490000009536743,3.559999942779541,3.4100000858306885,3.5,2858
2025-07-09,3.3299999237060547,3.569999933242798,3.2699999809265137,3.549999952316284,291
2025-07-10,3.549999952316284,3.549999952316284,3.2899999618530273,3.549999952316284,787
2025-07-11,3.3499999046325684,3.5199999809265137,3.2899999618530273,3.5,749
2025-07-14,3.490000009536743,3.5399999618530273,3.440000057220459,3.5399999618530273,1352
2025-07-15,3.5299999713897705,3.5399999618530273,3.390000104904175,3.5299999713897705,665
2025-07-16,3.5299999713897705,3.619999885559082,3.3299999237060547,3.4800000190734863,12185
2025-07-17,3.5,3.5799999237060547,3.4200000762939453,3.5,2859
2025-07-18,3.5,3.640000104904175,3.4200000762939453,3.5899999141693115,3149
2025-07-21,3.430000066757202,3.630000114440918,3.430000066757202,3.5799999237060547,2273
2025-07-22,3.5,3.569999933242798,3.490000009536743,3.5,2244
2025-07-23,3.5,3.5399999618530273,3.450000047683716,3.5399999618530273,1797
2025-07-24,3.559999942779541,3.559999942779541,3.5399999618530273,3.5399999618530273,1907
2025-07-25,3.5399999618530273,3.5399999618530273,3.4100000858306885,3.5399999618530273,2954
2025-07-28,3.5,3.549999952316284,3.5,3.5399999618530273,208
2025-07-29,3.5399999618530273,3.549999952316284,3.5,3.5399999618530273,130
2025-07-30,3.549999952316284,3.559999942779541,3.5,3.5199999809265137,2361
2025-07-31,3.559999942779541,3.559999942779541,3.450000047683716,3.5199999809265137,736
2025-08-01,3.5399999618530273,3.5399999618530273,3.4100000858306885,3.4800000190734863,1363
2025-08-04,3.490000009536743,3.5,3.490000009536743,3.5,315
2025-08-05,3.5,3.5199999809265137,3.4100000858306885,3.450000047683716,1134
2025-08-06,3.450000047683716,3.559999942779541,3.440000057220459,3.5399999618530273,3854
2025-08-07,3.559999942779541,3.640000104904175,3.559999942779541,3.619999885559082,3511
2025-08-08,3.609999895095825,3.609999895095825,3.5,3.5,1554
2025-08-11,3.619999885559082,3.619999885559082,3.440000057220459,3.619999885559082,622
2025-08-12,3.609999895095825,3.609999895095825,3.5,3.609999895095825,451
2025-08-13,3.5999999046325684,3.5999999046325684,3.5,3.5999999046325684,1179
2025-08-14,3.5799999237060547,3.5799999237060547,3.5,3.5,1828
2025-08-18,3.5,3.5,3.5,3.5,7
2025-08-19,3.5,3.5,3.5,3.5,73
2025-08-20,3.5,3.5799999237060547,3.5,3.5799999237060547,1144
2025-08-21,3.5399999618530273,3.569999933242798,3.5399999618530273,3.5399999618530273,1507
2025-08-22,3.5799999237060547,3.5799999237060547,3.450000047683716,3.5399999618530273,2328
2025-08-25,3.5,3.5,3.440000057220459,3.5,973
2025-08-26,3.450000047683716,3.450000047683716,3.319999933242798,3.319999933242798,9178
2025-08-27,3.490000009536743,3.490000009536743,3.359999895095825,3.4600000381469727,548
2025-08-28,3.4600000381469727,3.4600000381469727,3.309999942779541,3.440000057220459,2072
2025-08-29,3.4100000858306885,3.440000057220459,3.200000047683716,3.4200000762939453,1118
2025-09-01,3.4200000762939453,3.430000066757202,3.4200000762939453,3.4200000762939453,2449
2025-09-02,3.4600000381469727,3.4700000286102295,3.2799999713897705,3.4700000286102295,2637
2025-09-03,3.4700000286102295,3.5,3.3299999237060547,3.5,1396
2025-09-04,3.5,3.5,3.4000000953674316,3.5,1887
2025-09-05,3.4000000953674316,3.5299999713897705,3.4000000953674316,3.5,2291
2025-09-08,3.5299999713897705,3.700000047683716,3.4800000190734863,3.690000057220459,25596
2025-09-09,3.680000066757202,3.680000066757202,3.5999999046325684,3.680000066757202,4840
2025-09-10,3.680000066757202,3.680000066757202,3.3399999141693115,3.549999952316284,4858
2025-09-11,3.5299999713897705,3.680000066757202,3.4000000953674316,3.6500000953674316,2020
2025-09-12,3.6500000953674316,3.6500000953674316,3.430000066757202,3.5999999046325684,2099
2025-09-15,3.640000104904175,3.640000104904175,3.5,3.640000104904175,868
2025-09-16,3.640000104904175,3.6500000953674316,3.5,3.640000104904175,4340
2025-09-17,3.6500000953674316,3.6500000953674316,3.5,3.630000114440918,2388
2025-09-18,3.630000114440918,3.630000114440918,3.5999999046325684,3.5999999046325684,133
2025-09-19,3.5999999046325684,3.640000104904175,3.5299999713897705,3.640000104904175,1841
2025-09-22,3.5999999046325684,3.6600000858306885,3.5999999046325684,3.6600000858306885,3019
2025-09-23,3.5999999046325684,3.5999999046325684,3.5999999046325684,3.5999999046325684,219
2025-09-24,3.6600000858306885,3.6600000858306885,3.5299999713897705,3.5799999237060547,2319
2025-09-25,3.5999999046325684,3.5999999046325684,3.5299999713897705,3.5999999046325684,82
2025-09-26,3.5999999046325684,3.5999999046325684,3.5299999713897705,3.5799999237060547,724
2025-09-29,3.5299999713897705,3.5999999046325684,3.5199999809265137,3.5899999141693115,202
2025-09-30,3.5899999141693115,3.5999999046325684,3.5299999713897705,3.5299999713897705,225
2025-10-01,3.4700000286102295,3.5999999046325684,3.4700000286102295,3.549999952316284,8329
2025-10-02,3.4600000381469727,3.5999999046325684,3.4600000381469727,3.5199999809265137,163
2025-10-03,3.5199999809265137,3.5999999046325684,3.5199999809265137,3.5999999046325684,941
2025-10-06,3.5199999809265137,3.5799999237060547,3.380000114440918,3.4200000762939453,4582
2025-10-07,3.4200000762939453,3.5799999237060547,3.4200000762939453,3.549999952316284,2778
2025-10-08,3.549999952316284,3.549999952316284,3.430000066757202,3.4800000190734863,1415
2025-10-09,3.430000066757202,3.4800000190734863,3.430000066757202,3.450000047683716,628
2025-10-10,3.4800000190734863,3.4800000190734863,3.430000066757202,3.450000047683716,673
2025-10-13,3.430000066757202,3.559999942779541,3.2300000190734863,3.4000000953674316,2691
2025-10-14,3.4700000286102295,3.4700000286102295,3.4000000953674316,3.4700000286102295,320
2025-10-15,3.4100000858306885,3.440000057220459,3.4000000953674316,3.440000057220459,1452
2025-10-16,3.440000057220459,3.440000057220459,3.440000057220459,3.440000057220459,10
2025-10-17,3.4000000953674316,3.4000000953674316,3.319999933242798,3.3499999046325684,181
2025-10-20,3.4200000762939453,3.4200000762939453,3.4200000762939453,3.4200000762939453,10
2025-10-21,3.319999933242798,3.4200000762939453,3.319999933242798,3.4200000762939453,115
2025-10-22,3.319999933242798,3.369999885559082,3.299999952316284,3.369999885559082,3422
2025-10-23,3.319999933242798,3.390000104904175,3.319999933242798,3.390000104904175,814
2025-10-24,3.390000104904175,3.390000104904175,3.3299999237060547,3.380000114440918,765
2025-10-27,3.380000114440918,3.390000104904175,3.2799999713897705,3.3499999046325684,979
2025-10-28,3.390000104904175,3.390000104904175,3.2799999713897705,3.3399999141693115,505
2025-10-29,3.2899999618530273,3.380000114440918,3.190000057220459,3.299999952316284,3775
2025-10-30,3.299999952316284,3.359999895095825,3.2699999809265137,3.359999895095825,540
2025-10-31,3.359999895095825,3.359999895095825,3.25,3.3499999046325684,93
2025-11-03,3.3499999046325684,3.369999885559082,3.3499999046325684,3.369999885559082,3197
2025-11-04,3.619999885559082,3.619999885559082,3.380000114440918,3.549999952316284,2156
2025-11-05,3.380000114440918,3.4800000190734863,3.309999942779541,3.4800000190734863,4682
2025-11-06,3.440000057220459,3.4800000190734863,3.309999942779541,3.440000057220459,2158
2025-11-07,3.319999933242798,3.4200000762939453,3.2899999618530273,3.2899999618530273,1927
2025-11-10,3.359999895095825,3.359999895095825,3.200000047683716,3.3499999046325684,3392
2025-11-12,3.390000104904175,3.390000104904175,3.319999933242798,3.3499999046325684,200
2025-11-13,3.309999942779541,3.450000047683716,3.2200000286102295,3.3499999046325684,15276
2025-11-14,3.3499999046325684,3.3499999046325684,3.2300000190734863,3.3399999141693115,1630
2025-11-17,3.3499999046325684,3.369999885559082,3.299999952316284,3.299999952316284,1158
2025-11-18,3.3499999046325684,3.3499999046325684,3.2200000286102295,3.3499999046325684,448
2025-11-19,3.2200000286102295,3.3499999046325684,3.2200000286102295,3.3499999046325684,2073
2025-11-20,3.2300000190734863,3.3299999237060547,3.2200000286102295,3.319999933242798,1137
2025-11-21,3.299999952316284,3.299999952316284,3.2100000381469727,3.2699999809265137,1231
2025-11-24,3.259999990463257,3.2699999809265137,3.200000047683716,3.259999990463257,952
2025-11-25,3.240000009536743,3.25,3.200000047683716,3.2200000286102295,1919
2025-11-26,3.259999990463257,3.259999990463257,3.119999885559082,3.190000057220459,7076
2025-11-27,3.380000114440918,3.380000114440918,3.140000104904175,3.2799999713897705,2780
2025-11-28,3.259999990463257,3.259999990463257,3.140000104904175,3.259999990463257,122
2025-12-01,3.140000104904175,3.2799999713897705,3.140000104904175,3.1600000858306885,3128
2025-12-02,3.2300000190734863,3.2300000190734863,3.190000057220459,3.200000047683716,1234
2025-12-03,3.130000114440918,3.200000047683716,3.049999952316284,3.130000114440918,3840
2025-12-04,3.0,3.0999999046325684,2.8299999237060547,2.9800000190734863,19039
2025-12-05,3.0,3.0999999046325684,2.990000009536743,3.0799999237060547,3585
2025-12-08,3.0,3.0799999237060547,3.0,3.049999952316284,3092
2025-12-09,3.049999952316284,3.049999952316284,3.0,3.0199999809265137,1068
2025-12-10,3.049999952316284,3.049999952316284,2.9100000858306885,3.0199999809265137,14015
2025-12-11,3.0299999713897705,3.0299999713897705,2.9200000762939453,3.0,15407
2025-12-12,2.9600000381469727,3.009999990463257,2.950000047683716,2.9700000286102295,11337
2025-12-15,2.9700000286102295,3.1600000858306885,2.940000057220459,3.009999990463257,22896
2025-12-16,2.9600000381469727,3.0399999618530273,2.930000066757202,2.9800000190734863,20939
2025-12-17,2.9200000762939453,2.9800000190734863,2.859999895095825,2.9200000762939453,12132
2025-12-18,2.9100000858306885,2.9100000858306885,2.7100000381469727,2.7100000381469727,13805
2025-12-19,2.690000057220459,2.759999990463257,2.619999885559082,2.690000057220459,14663
2025-12-22,2.619999885559082,2.6700000762939453,2.5199999809265137,2.5899999141693115,30884
2025-12-23,2.559999942779541,2.5899999141693115,2.5299999713897705,2.549999952316284,55854
2025-12-29,2.549999952316284,2.5799999237060547,2.5,2.5799999237060547,10685
2025-12-30,2.5,2.5999999046325684,2.5,2.5999999046325684,16283
2026-01-02,2.5899999141693115,2.7699999809265137,2.559999942779541,2.6500000953674316,2827
2026-01-05,2.9000000953674316,3.299999952316284,2.9000000953674316,3.299999952316284,53728
2026-01-07,3.4000000953674316,4.179999828338623,3.3499999046325684,4.079999923706055,112202
2026-01-08,4.119999885559082,4.119999885559082,3.799999952316284,3.819999933242798,26079
2026-01-09,3.75,3.950000047683716,3.6500000953674316,3.8299999237060547,10111
2026-01-12,3.940000057220459,3.940000057220459,3.700000047683716,3.700000047683716,7490
2026-01-13,3.7799999713897705,3.799999952316284,3.5,3.5999999046325684,9708
2026-01-14,3.5999999046325684,3.6500000953674316,3.4200000762939453,3.490000009536743,4146
2026-01-15,3.4200000762939453,3.490000009536743,3.259999990463257,3.4000000953674316,7214
2026-01-16,3.309999942779541,3.4000000953674316,3.2200000286102295,3.299999952316284,12975
2026-01-19,3.430000066757202,3.890000104904175,3.4100000858306885,3.799999952316284,62112
2026-01-20,3.799999952316284,3.799999952316284,3.450000047683716,3.5199999809265137,36193
2026-01-21,3.5799999237060547,4.320000171661377,3.559999942779541,4.21999979019165,221280
2026-01-22,4.21999979019165,4.21999979019165,3.869999885559082,4.070000171661377,50637
2026-01-23,3.880000114440918,4.03000020980835,3.8399999141693115,4.03000020980835,10919
2026-01-26,4.03000020980835,4.050000190734863,3.8299999237060547,3.930000066757202,7580
2026-01-27,3.930000066757202,3.9800000190734863,3.5999999046325684,3.630000114440918,28627
2026-01-28,3.569999933242798,3.7699999809265137,3.509999990463257,3.569999933242798,13190
2026-01-29,3.559999942779541,3.819999933242798,3.5199999809265137,3.5899999141693115,13375
2026-01-30,3.6500000953674316,3.6500000953674316,3.569999933242798,3.640000104904175,565
2026-02-02,3.640000104904175,3.799999952316284,3.5799999237060547,3.700000047683716,21525
2026-02-03,3.75,3.75,3.5999999046325684,3.700000047683716,8413
2026-02-04,3.740000009536743,3.740000009536743,3.630000114440918,3.690000057220459,3972
2026-02-05,3.690000057220459,3.690000057220459,3.559999942779541,3.680000066757202,2560
2026-02-06,3.680000066757202,3.680000066757202,3.450000047683716,3.569999933242798,1191
2026-02-09,3.569999933242798,3.5799999237060547,3.4600000381469727,3.5,7336
2026-02-10,3.450000047683716,3.559999942779541,3.450000047683716,3.5,1186
2026-02-11,3.559999942779541,3.559999942779541,3.450000047683716,3.5399999618530273,3269
2026-02-12,3.4000000953674316,3.5399999618530273,3.3499999046325684,3.4700000286102295,11621
2026-02-13,3.4000000953674316,3.450000047683716,3.4000000953674316,3.450000047683716,1108
2026-02-16,3.4600000381469727,3.5399999618530273,3.390000104904175,3.509999990463257,6789
2026-02-17,3.509999990463257,3.509999990463257,3.380000114440918,3.509999990463257,546
2026-02-18,3.490000009536743,3.5399999618530273,3.4000000953674316,3.5199999809265137,1409
2026-02-19,3.509999990463257,3.5199999809265137,3.430000066757202,3.5,1013
2026-02-20,3.440000057220459,3.4700000286102295,3.3399999141693115,3.440000057220459,4713
2026-02-23,3.319999933242798,3.430000066757202,3.299999952316284,3.299999952316284,3434
2026-02-24,3.4200000762939453,3.4200000762939453,3.299999952316284,3.3399999141693115,3422
2026-02-25,3.3499999046325684,3.3499999046325684,3.259999990463257,3.3399999141693115,1322
2026-02-26,3.3399999141693115,3.369999885559082,3.2899999618530273,3.3499999046325684,217
2026-02-27,3.3499999046325684,3.3499999046325684,3.2100000381469727,3.25,1757
2026-03-02,3.259999990463257,3.259999990463257,3.009999990463257,3.1500000953674316,11103
2026-03-03,3.1500000953674316,3.1700000762939453,3.009999990463257,3.0999999046325684,4542
2026-03-04,3.0999999046325684,3.2100000381469727,3.0999999046325684,3.200000047683716,569
2026-03-05,3.140000104904175,3.569999933242798,3.0999999046325684,3.5199999809265137,24546
2026-03-06,3.549999952316284,3.549999952316284,3.4000000953674316,3.5199999809265137,4232
2026-03-09,3.4000000953674316,3.4600000381469727,3.259999990463257,3.4600000381469727,113
2026-03-10,3.4600000381469727,3.4600000381469727,3.2899999618530273,3.319999933242798,1086
2026-03-11,3.450000047683716,3.450000047683716,3.299999952316284,3.4200000762939453,369
2026-03-12,3.4000000953674316,3.490000009536743,3.299999952316284,3.4600000381469727,1292
2026-03-13,3.319999933242798,3.490000009536743,3.309999942779541,3.440000057220459,3850
2026-03-16,3.369999885559082,3.4600000381469727,3.2300000190734863,3.430000066757202,4623
2026-03-17,3.430000066757202,3.4600000381469727,3.25,3.299999952316284,804
2026-03-18,3.450000047683716,3.450000047683716,3.240000009536743,3.430000066757202,2234
2026-03-19,3.299999952316284,3.3299999237060547,3.109999895095825,3.3299999237060547,5520
2026-03-20,3.1600000858306885,3.4000000953674316,3.1600000858306885,3.4000000953674316,1189
2026-03-23,3.4100000858306885,3.4100000858306885,3.119999885559082,3.259999990463257,1322
2026-03-24,3.2799999713897705,3.4000000953674316,3.200000047683716,3.299999952316284,3877
2026-03-25,3.299999952316284,3.299999952316284,3.2200000286102295,3.299999952316284,1639
2026-03-26,3.299999952316284,3.4000000953674316,3.240000009536743,3.4000000953674316,2678
2026-03-27,3.4000000953674316,3.4000000953674316,3.200000047683716,3.3499999046325684,3027
2026-03-30,3.380000114440918,3.380000114440918,3.2200000286102295,3.3399999141693115,1220
2026-03-31,3.3399999141693115,3.3399999141693115,3.200000047683716,3.2799999713897705,1795
2026-04-01,3.2200000286102295,3.2699999809265137,3.200000047683716,3.2699999809265137,1446
2026-04-02,3.2699999809265137,3.299999952316284,3.200000047683716,3.299999952316284,2259
2026-04-07,3.299999952316284,3.299999952316284,3.1700000762939453,3.25,5948
2026-04-08,3.2699999809265137,3.2899999618530273,3.25,3.2699999809265137,1556
2026-04-09,3.200000047683716,3.299999952316284,3.200000047683716,3.2799999713897705,1498
2026-04-10,3.299999952316284,3.299999952316284,3.1600000858306885,3.2799999713897705,427
2026-04-13,3.299999952316284,3.5,3.1700000762939453,3.3399999141693115,13783
2026-04-14,3.299999952316284,3.3499999046325684,3.25,3.3299999237060547,1016
2026-04-15,3.259999990463257,3.3499999046325684,3.259999990463257,3.3299999237060547,4339
2026-04-16,3.3299999237060547,3.549999952316284,3.3299999237060547,3.5299999713897705,6521
2026-04-17,3.549999952316284,3.549999952316284,3.299999952316284,3.5,545
2026-04-20,3.549999952316284,3.549999952316284,3.3299999237060547,3.5199999809265137,4681
2026-04-21,3.359999895095825,3.490000009536743,3.3499999046325684,3.430000066757202,2180
2026-04-22,3.4200000762939453,3.4200000762939453,3.3299999237060547,3.4000000953674316,547
2026-04-23,3.4000000953674316,3.4000000953674316,3.319999933242798,3.390000104904175,1302
2026-04-24,3.430000066757202,3.430000066757202,3.359999895095825,3.359999895095825,1042
2026-04-27,3.4200000762939453,3.4200000762939453,3.4000000953674316,3.4200000762939453,410
2026-04-28,3.3399999141693115,3.3399999141693115,3.319999933242798,3.319999933242798,827
2026-04-29,3.3399999141693115,3.3399999141693115,3.25,3.319999933242798,1296
2026-04-30,3.1700000762939453,3.2899999618530273,3.1600000858306885,3.2699999809265137,2219
2026-05-04,3.25,3.25,3.1600000858306885,3.240000009536743,2093
2026-05-05,3.25,3.569999933242798,3.1600000858306885,3.4700000286102295,18970
2026-05-06,3.450000047683716,3.4700000286102295,3.259999990463257,3.450000047683716,21927
2026-05-07,3.430000066757202,3.4700000286102295,3.380000114440918,3.380000114440918,551
2026-05-08,3.380000114440918,3.4600000381469727,3.3399999141693115,3.440000057220459,2864
2026-05-11,3.319999933242798,3.430000066757202,3.319999933242798,3.4100000858306885,1587
2026-05-12,3.4000000953674316,3.430000066757202,3.309999942779541,3.4200000762939453,2766
2026-05-13,3.3499999046325684,3.4100000858306885,3.2799999713897705,3.390000104904175,84
2026-05-14,3.2699999809265137,3.369999885559082,3.2300000190734863,3.369999885559082,1449
2026-05-15,3.369999885559082,3.4800000190734863,3.309999942779541,3.450000047683716,1838
2026-05-18,3.450000047683716,3.450000047683716,3.2799999713897705,3.4200000762939453,1765
2026-05-19,3.2799999713897705,3.390000104904175,3.2799999713897705,3.2799999713897705,2133
2026-05-20,3.4100000858306885,3.4100000858306885,3.309999942779541,3.4100000858306885,1188
2026-05-21,3.4100000858306885,3.430000066757202,3.299999952316284,3.4000000953674316,5823
2026-05-22,3.2799999713897705,3.4000000953674316,3.2799999713897705,3.380000114440918,5308
2026-05-25,3.359999895095825,3.380000114440918,3.1600000858306885,3.299999952316284,5966
2026-05-26,3.2799999713897705,3.299999952316284,3.2799999713897705,3.2899999618530273,757
2026-05-27,3.2799999713897705,3.299999952316284,3.25,3.259999990463257,1017
2026-05-28,3.2100000381469727,3.2799999713897705,3.0999999046325684,3.2699999809265137,4042
2026-05-29,3.200000047683716,3.2200000286102295,3.0399999618530273,3.2100000381469727,7029
2026-06-01,3.2899999618530273,3.299999952316284,3.109999895095825,3.2799999713897705,929
2026-06-02,3.2799999713897705,3.2799999713897705,3.1500000953674316,3.200000047683716,3325
2026-06-03,3.2799999713897705,3.2799999713897705,3.109999895095825,3.140000104904175,2508
2026-06-05,3.140000104904175,3.1700000762939453,3.109999895095825,3.1700000762939453,1130
2026-06-08,3.180000066757202,3.180000066757202,3.180000066757202,3.180000066757202,16
2026-06-09,3.180000066757202,3.299999952316284,3.119999885559082,3.2899999618530273,816
2026-06-10,3.2899999618530273,3.2899999618530273,3.1500000953674316,3.1600000858306885,2258
2026-06-11,3.190000057220459,3.2100000381469727,3.190000057220459,3.2100000381469727,202
2026-06-12,3.200000047683716,3.200000047683716,3.049999952316284,3.140000104904175,4698
2026-06-15,3.2100000381469727,3.299999952316284,3.0999999046325684,3.190000057220459,3046
2026-06-16,3.240000009536743,3.2899999618530273,3.119999885559082,3.2100000381469727,2387
2026-06-17,3.2100000381469727,3.2200000286102295,3.1700000762939453,3.1700000762939453,112
2026-06-18,3.200000047683716,3.240000009536743,3.1700000762939453,3.1700000762939453,350
2026-06-19,3.2300000190734863,3.240000009536743,3.1700000762939453,3.2100000381469727,403
2026-06-22,3.2100000381469727,3.259999990463257,3.0899999141693115,3.1500000953674316,1296
2026-06-23,3.190000057220459,3.200000047683716,3.0899999141693115,3.180000066757202,535
2026-06-24,3.180000066757202,3.200000047683716,3.180000066757202,3.190000057220459,605
2026-06-25,3.180000066757202,3.180000066757202,3.180000066757202,3.180000066757202,460
2026-06-26,3.180000066757202,3.190000057220459,3.0799999237060547,3.0799999237060547,3761
2026-06-29,3.180000066757202,3.180000066757202,3.059999942779541,3.1700000762939453,1597
2026-06-30,3.180000066757202,3.180000066757202,3.1500000953674316,3.1500000953674316,1008
2026-07-01,3.1500000953674316,3.180000066757202,3.0999999046325684,3.1600000858306885,231
2026-07-02,3.1500000953674316,3.1500000953674316,3.1500000953674316,3.1500000953674316,435
2026-07-03,3.0899999141693115,3.1700000762939453,3.0899999141693115,3.1600000858306885,85
2026-07-06,3.0999999046325684,3.1600000858306885,3.059999942779541,3.130000114440918,1940
2026-07-07,3.130000114440918,3.1600000858306885,3.0199999809265137,3.0399999618530273,3505
2026-07-08,3.130000114440918,3.130000114440918,3.0299999713897705,3.130000114440918,330
2026-07-09,3.119999885559082,3.130000114440918,3.119999885559082,3.130000114440918,12
2026-07-10,3.109999895095825,3.1500000953674316,3.109999895095825,3.1500000953674316,1021
2026-07-13,3.1500000953674316,3.1500000953674316,3.109999895095825,3.109999895095825,743
2026-07-14,3.059999942779541,3.1500000953674316,3.059999942779541,3.1500000953674316,1210
2026-07-15,3.049999952316284,3.1500000953674316,3.049999952316284,3.140000104904175,334
2026-07-16,3.140000104904175,3.1500000953674316,3.140000104904175,3.1500000953674316,35
2026-07-17,3.1500000953674316,3.1500000953674316,3.1500000953674316,3.1500000953674316,25
2026-07-20,3.049999952316284,3.130000114440918,3.049999952316284,3.130000114440918,1471
2026-07-21,3.130000114440918,3.140000104904175,3.0999999046325684,3.0999999046325684,138
2026-07-22,3.049999952316284,3.180000066757202,3.049999952316284,3.1700000762939453,8181
2026-07-23,3.1700000762939453,3.1700000762939453,3.0899999141693115,3.1600000858306885,36
2026-07-24,3.1600000858306885,3.1600000858306885,3.049999952316284,3.109999895095825,3455
2026-07-27,3.059999942779541,3.0999999046325684,3.049999952316284,3.0999999046325684,432
2026-07-28,3.0999999046325684,3.0999999046325684,3.049999952316284,3.0899999141693115,566
2026-07-29,3.049999952316284,3.0899999141693115,3.049999952316284,3.0899999141693115,1211
2026-07-30,3.0399999618530273,3.0799999237060547,3.0299999713897705,3.0799999237060547,652
2026-07-31,3.0799999237060547,3.0799999237060547,3.009999990463257,3.0799999237060547,591
2026-08-03,3.009999990463257,3.0799999237060547,3.009999990463257,3.069999933242798,7
2026-08-04,3.049999952316284,3.1500000953674316,3.0299999713897705,3.119999885559082,9802
2026-08-05,3.130000114440918,3.130000114440918,3.0299999713897705,3.119999885559082,126
2026-08-06,3.119999885559082,3.119999885559082,3.0299999713897705,3.0999999046325684,1313
2026-08-07,3.059999942779541,3.059999942779541,3.0299999713897705,3.059999942779541,1856
2026-08-10,3.059999942779541,3.069999933242798,3.0199999809265137,3.069999933242798,929
2026-08-11,3.0799999237060547,3.119999885559082,3.0799999237060547,3.119999885559082,2308
2026-08-12,3.119999885559082,3.119999885559082,3.059999942779541,3.0999999046325684,1850
2026-08-13,3.0999999046325684,3.2200000286102295,3.059999942779541,3.180000066757202,23049
2026-08-14,3.2300000190734863,3.25,3.069999933242798,3.200000047683716,1389
2026-08-17,3.240000009536743,3.240000009536743,3.1500000953674316,3.1500000953674316,2060
2026-08-18,3.240000009536743,3.240000009536743,3.0199999809265137,3.109999895095825,7712
2026-08-19,3.109999895095825,3.119999885559082,3.0399999618530273,3.119999885559082,3793
2026-08-20,3.119999885559082,3.130000114440918,3.0799999237060547,3.0899999141693115,1997
2026-08-21,3.049999952316284,3.2300000190734863,3.049999952316284,3.2100000381469727,7514
2026-08-24,3.2100000381469727,3.2100000381469727,3.0799999237060547,3.200000047683716,3772
2026-08-25,3.190000057220459,3.190000057220459,3.109999895095825,3.140000104904175,3368
2026-08-26,3.109999895095825,3.1600000858306885,3.049999952316284,3.140000104904175,12560
2026-08-27,3.059999942779541,3.0999999046325684,3.049999952316284,3.0999999046325684,3785
2026-08-28,3.0999999046325684,3.0999999046325684,3.049999952316284,3.049999952316284,1169
2026-08-31,3.0999999046325684,3.0999999046325684,3.049999952316284,3.0999999046325684,44
2026-09-01,3.0799999237060547,3.4800000190734863,3.0399999618530273,3.3499999046325684,17084
2026-09-02,3.4000000953674316,3.4000000953674316,3.140000104904175,3.2699999809265137,19211
2026-09-03,3.299999952316284,3.299999952316284,3.0899999141693115,3.259999990463257,2289
2026-09-04,3.259999990463257,3.259999990463257,3.25,3.259999990463257,2172
2026-09-08,3.1500000953674316,3.299999952316284,3.1500000953674316,3.25,2045
2026-09-09,3.2799999713897705,3.4000000953674316,3.180000066757202,3.3499999046325684,2084
2026-09-10,3.4000000953674316,3.4000000953674316,3.0999999046325684,3.2100000381469727,9223
2026-09-11,3.109999895095825,3.200000047683716,3.049999952316284,3.0799999237060547,12016
2026-09-14,3.130000114440918,3.130000114440918,3.069999933242798,3.130000114440918,62
2026-09-15,3.130000114440918,3.130000114440918,3.109999895095825,3.109999895095825,237
2026-09-17,3.0899999141693115,3.0899999141693115,3.0299999713897705,3.0899999141693115,303
