date,open,high,low,close,volume
2021-09-17,38.099998474121094,38.2400016784668,37.5,37.720001220703125,3818341
2021-09-20,37.5,37.52000045776367,36.08000183105469,36.349998474121094,2637435
2021-09-21,36.29999923706055,37.130001068115234,36.290000915527344,36.630001068115234,2131922
2021-09-22,36.91999816894531,37.290000915527344,36.79999923706055,37.220001220703125,1413601
2021-09-23,37.4900016784668,37.619998931884766,36.83000183105469,37.0099983215332,1754444
2021-09-24,37.040000915527344,37.099998474121094,36.529998779296875,36.630001068115234,1831435
2021-09-27,36.79999923706055,37.040000915527344,36.540000915527344,36.650001525878906,1416321
2021-09-28,36.599998474121094,36.66999816894531,35.81999969482422,36.130001068115234,1368093
2021-09-29,36.099998474121094,36.459999084472656,35.95000076293945,36.41999816894531,1106452
2021-09-30,36.619998931884766,36.86000061035156,36.25,36.5,2975445
2021-10-01,36.31999969482422,37.09000015258789,36.13999938964844,36.91999816894531,1863607
2021-10-04,37.0,37.47999954223633,36.5099983215332,37.20000076293945,2733349
2021-10-05,37.400001525878906,37.599998474121094,37.029998779296875,37.5099983215332,1637492
2021-10-06,37.5099983215332,38.0,36.90999984741211,37.61000061035156,2821780
2021-10-07,37.869998931884766,38.47999954223633,37.560001373291016,38.47999954223633,4810808
2021-10-08,38.45000076293945,39.279998779296875,38.349998474121094,39.0,3324561
2021-10-11,39.0,39.75,38.880001068115234,39.70000076293945,3031319
2021-10-12,39.5,40.119998931884766,39.2400016784668,40.04999923706055,5198418
2021-10-13,40.04999923706055,40.400001525878906,39.75,40.04999923706055,7178828
2021-10-14,40.04999923706055,40.900001525878906,40.029998779296875,40.400001525878906,4799951
2021-10-15,40.459999084472656,40.58000183105469,39.41999816894531,39.650001525878906,2694267
2021-10-18,39.869998931884766,40.220001220703125,39.650001525878906,40.20000076293945,2305530
2021-10-19,40.20000076293945,40.29999923706055,39.72999954223633,40.040000915527344,1144154
2021-10-20,39.970001220703125,39.970001220703125,39.33000183105469,39.54999923706055,1706295
2021-10-21,39.529998779296875,39.70000076293945,39.279998779296875,39.70000076293945,2069335
2021-10-22,39.650001525878906,39.7599983215332,39.029998779296875,39.08000183105469,768243
2021-10-25,39.029998779296875,39.45000076293945,39.02000045776367,39.380001068115234,1253469
2021-10-26,39.470001220703125,40.380001068115234,39.36000061035156,40.2400016784668,2105362
2021-10-27,40.0099983215332,40.0099983215332,39.400001525878906,39.52000045776367,1300795
2021-10-28,39.5,39.790000915527344,39.29999923706055,39.599998474121094,1311926
2021-10-29,39.400001525878906,40.29999923706055,39.2599983215332,39.900001525878906,1823122
2021-11-02,39.900001525878906,40.880001068115234,39.529998779296875,40.75,3669602
2021-11-03,40.849998474121094,40.900001525878906,39.75,39.900001525878906,1647375
2021-11-04,40.04999923706055,40.970001220703125,40.04999923706055,40.91999816894531,1921826
2021-11-05,40.619998931884766,40.869998931884766,40.2400016784668,40.54999923706055,1109781
2021-11-08,40.54999923706055,40.70000076293945,40.220001220703125,40.56999969482422,1092213
2021-11-09,40.56999969482422,40.56999969482422,39.95000076293945,40.31999969482422,2310336
2021-11-10,40.25,40.290000915527344,39.310001373291016,39.54999923706055,2262078
2021-11-12,39.79999923706055,40.349998474121094,39.599998474121094,39.70000076293945,1847438
2021-11-15,39.83000183105469,40.54999923706055,39.66999816894531,39.900001525878906,2075334
2021-11-16,39.83000183105469,40.130001068115234,39.33000183105469,39.630001068115234,2390305
2021-11-17,39.630001068115234,39.70000076293945,39.34000015258789,39.400001525878906,2475501
2021-11-18,39.400001525878906,39.400001525878906,37.15999984741211,37.54999923706055,4900871
2021-11-19,37.54999923706055,37.68000030517578,35.54999923706055,35.880001068115234,4483992
2021-11-22,35.88999938964844,35.9900016784668,35.16999816894531,35.5,2501239
2021-11-23,35.40999984741211,36.15999984741211,35.119998931884766,36.0099983215332,3160937
2021-11-24,36.47999954223633,36.47999954223633,35.36000061035156,35.599998474121094,1745474
2021-11-25,35.720001220703125,35.86000061035156,35.31999969482422,35.7599983215332,923332
2021-11-26,35.099998474121094,35.36000061035156,34.400001525878906,34.959999084472656,5379573
2021-11-29,35.0,35.650001525878906,34.81999969482422,35.20000076293945,2250207
2021-11-30,35.0099983215332,35.939998626708984,34.70000076293945,35.939998626708984,6319665
2021-12-01,36.04999923706055,36.77000045776367,35.720001220703125,36.380001068115234,2303114
2021-12-02,36.380001068115234,37.0099983215332,35.75,37.0099983215332,2412230
2021-12-03,37.150001525878906,37.16999816894531,36.650001525878906,36.68000030517578,2365808
2021-12-06,36.68000030517578,36.7599983215332,36.08000183105469,36.650001525878906,1063561
2021-12-07,36.880001068115234,37.560001373291016,36.54999923706055,37.560001373291016,3175601
2021-12-08,37.599998474121094,37.689998626708984,37.060001373291016,37.09000015258789,2285572
2021-12-09,37.0,37.29999923706055,36.52000045776367,37.08000183105469,1627067
2021-12-10,37.060001373291016,37.060001373291016,36.70000076293945,36.790000915527344,579358
2021-12-13,36.70000076293945,37.08000183105469,36.470001220703125,36.88999938964844,1267627
2021-12-14,36.88999938964844,36.88999938964844,35.939998626708984,36.810001373291016,1784057
2021-12-15,36.790000915527344,36.790000915527344,35.52000045776367,35.810001373291016,2092491
2021-12-16,36.02000045776367,36.29999923706055,35.540000915527344,35.70000076293945,2275194
2021-12-17,35.5,36.06999969482422,35.41999816894531,35.709999084472656,4521420
2021-12-20,35.400001525878906,35.400001525878906,34.72999954223633,35.119998931884766,1374921
2021-12-21,35.13999938964844,35.4900016784668,34.79999923706055,34.81999969482422,1099150
2021-12-22,34.900001525878906,34.97999954223633,34.310001373291016,34.79999923706055,1540052
2021-12-23,34.900001525878906,35.099998474121094,34.58000183105469,34.97999954223633,1212934
2021-12-27,35.0,35.04999923706055,34.689998626708984,34.849998474121094,818503
2021-12-28,34.849998474121094,35.61000061035156,34.75,35.61000061035156,1712800
2021-12-29,35.61000061035156,35.66999816894531,35.13999938964844,35.56999969482422,1047456
2021-12-30,36.29999923706055,36.400001525878906,34.939998626708984,35.349998474121094,1757311
2022-01-03,35.400001525878906,36.220001220703125,35.38999938964844,36.06999969482422,1718429
2022-01-04,36.20000076293945,36.36000061035156,35.709999084472656,35.939998626708984,1680948
2022-01-05,36.0,36.2400016784668,35.54999923706055,36.2400016784668,1563252
2022-01-07,36.189998626708984,36.310001373291016,35.599998474121094,35.599998474121094,1692067
2022-01-10,35.7400016784668,36.279998779296875,35.400001525878906,35.5,1448445
2022-01-11,35.779998779296875,36.849998474121094,35.56999969482422,36.849998474121094,2905415
2022-01-12,36.939998626708984,37.08000183105469,36.33000183105469,37.08000183105469,2697533
2022-01-13,37.099998474121094,37.81999969482422,36.849998474121094,37.81999969482422,2390143
2022-01-14,37.599998474121094,37.709999084472656,36.900001525878906,37.439998626708984,1446635
2022-01-17,37.439998626708984,37.5,37.099998474121094,37.220001220703125,697418
2022-01-18,37.20000076293945,37.25,36.150001525878906,36.150001525878906,2011811
2022-01-19,36.0,36.459999084472656,35.720001220703125,36.099998474121094,1478110
2022-01-20,36.2400016784668,36.439998626708984,35.619998931884766,36.439998626708984,1681045
2022-01-21,36.150001525878906,36.15999984741211,35.41999816894531,35.59000015258789,1347802
2022-01-24,35.599998474121094,35.68000030517578,33.70000076293945,34.189998626708984,2430492
2022-01-25,34.27000045776367,34.88999938964844,34.25,34.7599983215332,1601846
2022-01-26,34.91999816894531,36.0,34.88999938964844,35.79999923706055,1887466
2022-01-27,35.20000076293945,36.86000061035156,35.09000015258789,36.779998779296875,1980253
2022-01-28,36.880001068115234,36.880001068115234,35.380001068115234,35.88999938964844,1791507
2022-01-31,36.45000076293945,36.47999954223633,35.970001220703125,36.20000076293945,2254906
2022-02-01,36.4900016784668,36.75,36.099998474121094,36.68000030517578,1517150
2022-02-02,36.560001373291016,37.27000045776367,36.560001373291016,37.150001525878906,1587553
2022-02-03,37.099998474121094,37.2599983215332,36.529998779296875,36.9900016784668,1656801
2022-02-04,36.81999969482422,36.97999954223633,35.90999984741211,35.90999984741211,1055798
2022-02-07,36.02000045776367,36.41999816894531,35.54999923706055,36.060001373291016,1134981
2022-02-08,36.130001068115234,36.7599983215332,36.06999969482422,36.7599983215332,1690499
2022-02-09,36.900001525878906,37.040000915527344,36.31999969482422,36.529998779296875,1038884
2022-02-10,36.34000015258789,36.5099983215332,35.709999084472656,35.900001525878906,1169987
2022-02-11,35.56999969482422,36.310001373291016,35.5,36.220001220703125,1800955
2022-02-14,35.02000045776367,35.650001525878906,34.52000045776367,35.16999816894531,2467277
2022-02-15,35.16999816894531,35.72999954223633,35.16999816894531,35.41999816894531,1914737
2022-02-16,35.790000915527344,36.369998931884766,35.54999923706055,35.880001068115234,1918287
2022-02-17,35.880001068115234,35.93000030517578,35.0,35.310001373291016,1925328
2022-02-18,35.150001525878906,35.45000076293945,34.5099983215332,34.5099983215332,2339803
2022-02-21,34.75,34.869998931884766,33.060001373291016,33.209999084472656,1729737
2022-02-22,32.66999816894531,33.91999816894531,32.06999969482422,33.86000061035156,2997730
2022-02-23,34.040000915527344,34.5,33.119998931884766,33.119998931884766,2814417
2022-02-24,31.790000915527344,32.0,29.520000457763672,30.8799991607666,7719595
2022-02-25,31.399999618530273,33.65999984741211,31.350000381469727,33.29999923706055,4872610
2022-02-28,32.5099983215332,32.54999923706055,30.959999084472656,31.540000915527344,7372073
2022-03-01,31.989999771118164,32.47999954223633,30.260000228881836,30.399999618530273,3561000
2022-03-02,30.25,31.549999237060547,30.010000228881836,31.31999969482422,6605572
2022-03-03,31.510000228881836,32.150001525878906,30.700000762939453,31.18000030517578,4184353
2022-03-04,31.079999923706055,31.100000381469727,29.059999465942383,29.260000228881836,5052160
2022-03-07,28.450000762939453,30.670000076293945,27.719999313354492,29.989999771118164,5277850
2022-03-08,29.40999984741211,30.850000381469727,29.079999923706055,29.610000610351562,2693876
2022-03-09,30.280000686645508,31.670000076293945,30.100000381469727,31.420000076293945,4116297
2022-03-10,31.479999542236328,31.75,30.6299991607666,31.299999237060547,2196024
2022-03-11,31.479999542236328,32.880001068115234,31.3799991607666,32.130001068115234,2914331
2022-03-14,32.25,33.119998931884766,31.75,32.20000076293945,2713748
2022-03-15,32.11000061035156,33.599998474121094,31.81999969482422,33.27000045776367,2956387
2022-03-16,33.83000183105469,34.689998626708984,33.81999969482422,34.36000061035156,6794862
2022-03-17,34.70000076293945,35.15999984741211,33.709999084472656,34.29999923706055,3189314
2022-03-18,34.400001525878906,34.689998626708984,33.79999923706055,34.400001525878906,4996643
2022-03-21,34.4900016784668,34.5,33.25,33.5,2627600
2022-03-22,33.5,34.20000076293945,33.5,34.20000076293945,3612712
2022-03-23,34.20000076293945,34.43000030517578,33.779998779296875,34.2599983215332,1794417
2022-03-24,35.0,35.599998474121094,34.16999816894531,34.369998931884766,3447538
2022-03-25,34.689998626708984,34.79999923706055,33.439998626708984,33.93000030517578,3173745
2022-03-28,34.0,34.2400016784668,33.630001068115234,33.709999084472656,2217119
2022-03-29,33.93000030517578,34.849998474121094,33.310001373291016,34.06999969482422,2919026
2022-03-30,34.400001525878906,34.4900016784668,33.83000183105469,34.20000076293945,1587674
2022-03-31,34.02000045776367,34.310001373291016,33.849998474121094,33.849998474121094,2184838
2022-04-01,34.0,34.7400016784668,33.880001068115234,34.59000015258789,1480377
2022-04-04,34.79999923706055,34.79999923706055,34.13999938964844,34.189998626708984,1226778
2022-04-05,34.4900016784668,34.54999923706055,33.939998626708984,34.029998779296875,1111988
2022-04-06,33.9900016784668,34.15999984741211,33.349998474121094,33.650001525878906,2088883
2022-04-07,33.5,33.70000076293945,33.130001068115234,33.130001068115234,2069401
2022-04-08,33.20000076293945,33.56999969482422,32.849998474121094,33.22999954223633,1406320
2022-04-11,33.45000076293945,34.29999923706055,33.099998474121094,34.15999984741211,1646232
2022-04-12,34.0,34.060001373291016,33.529998779296875,33.75,865839
2022-04-13,33.810001373291016,34.18000030517578,33.150001525878906,33.400001525878906,1260644
2022-04-14,33.58000183105469,33.630001068115234,33.20000076293945,33.38999938964844,1062491
2022-04-19,33.47999954223633,33.849998474121094,33.36000061035156,33.81999969482422,1729447
2022-04-20,34.0,34.040000915527344,32.9900016784668,33.0,1750856
2022-04-21,33.0,33.540000915527344,32.88999938964844,32.88999938964844,1524546
2022-04-22,33.0099983215332,33.04999923706055,32.189998626708984,32.189998626708984,1383630
2022-04-25,32.0,32.22999954223633,31.260000228881836,31.799999237060547,2025172
2022-04-26,31.90999984741211,32.380001068115234,31.200000762939453,31.389999389648438,1591055
2022-04-27,31.5,31.5,30.450000762939453,30.979999542236328,1899547
2022-04-28,31.25,31.799999237060547,31.239999771118164,31.6299991607666,1886136
2022-04-29,32.0,32.290000915527344,30.229999542236328,30.700000762939453,4389450
2022-05-02,30.809999465942383,31.34000015258789,30.549999237060547,30.549999237060547,2144619
2022-05-04,30.969999313354492,31.09000015258789,30.479999542236328,30.709999084472656,2077052
2022-05-05,31.18000030517578,31.299999237060547,29.799999237060547,29.799999237060547,1815374
2022-05-06,29.850000381469727,30.100000381469727,29.209999084472656,30.09000015258789,1632668
2022-05-09,30.1200008392334,30.18000030517578,29.229999542236328,29.670000076293945,1872511
2022-05-10,30.100000381469727,30.100000381469727,29.110000610351562,29.360000610351562,2153706
2022-05-11,29.719999313354492,29.799999237060547,29.079999923706055,29.170000076293945,1669652
2022-05-12,28.899999618530273,29.520000457763672,28.450000762939453,29.059999465942383,1817622
2022-05-13,29.299999237060547,30.229999542236328,29.200000762939453,29.940000534057617,1603059
2022-05-16,29.899999618530273,30.399999618530273,29.43000030517578,29.479999542236328,1827482
2022-05-17,29.93000030517578,30.479999542236328,29.799999237060547,30.049999237060547,1999211
2022-05-18,30.459999084472656,30.559999465942383,29.940000534057617,29.950000762939453,1844072
2022-05-19,29.790000915527344,30.479999542236328,29.40999984741211,30.1200008392334,1641429
2022-05-20,30.420000076293945,30.649999618530273,30.020000457763672,30.329999923706055,1678453
2022-05-23,30.790000915527344,32.560001373291016,30.770000457763672,32.5,3360101
2022-05-24,32.5,33.45000076293945,32.15999984741211,32.38999938964844,2475241
2022-05-25,32.52000045776367,32.880001068115234,32.130001068115234,32.15999984741211,1152112
2022-05-26,32.2599983215332,32.84000015258789,32.099998474121094,32.599998474121094,849596
2022-05-27,32.52000045776367,32.650001525878906,32.0,32.0099983215332,772416
2022-05-30,32.4900016784668,33.0,32.369998931884766,32.900001525878906,840430
2022-05-31,32.959999084472656,33.0,32.380001068115234,32.380001068115234,3228094
2022-06-01,32.400001525878906,32.70000076293945,32.150001525878906,32.2400016784668,985298
2022-06-02,32.119998931884766,32.22999954223633,31.43000030517578,31.709999084472656,1032425
2022-06-03,31.989999771118164,31.989999771118164,30.809999465942383,30.959999084472656,822862
2022-06-06,31.0,32.11000061035156,31.0,32.099998474121094,706798
2022-06-07,31.889999389648438,31.889999389648438,31.139999389648438,31.190000534057617,1470072
2022-06-08,31.299999237060547,31.350000381469727,29.809999465942383,30.049999237060547,2323815
2022-06-09,30.200000762939453,30.459999084472656,29.8700008392334,30.209999084472656,1861410
2022-06-10,30.0,30.0,29.25,29.389999389648438,1479553
2022-06-13,29.040000915527344,29.350000381469727,28.639999389648438,28.860000610351562,1631468
2022-06-14,29.170000076293945,29.3799991607666,28.850000381469727,29.06999969482422,1780063
2022-06-15,29.170000076293945,29.18000030517578,28.329999923706055,28.90999984741211,2380320
2022-06-17,28.5,30.0,28.399999618530273,29.760000228881836,3722150
2022-06-20,29.950000762939453,29.979999542236328,29.440000534057617,29.950000762939453,1121044
2022-06-21,30.0,30.3700008392334,29.979999542236328,30.260000228881836,1373139
2022-06-22,29.969999313354492,30.030000686645508,29.6299991607666,29.93000030517578,989029
2022-06-23,29.989999771118164,30.18000030517578,29.280000686645508,29.280000686645508,1058771
2022-06-24,29.190000534057617,29.719999313354492,29.1299991607666,29.700000762939453,1063288
2022-06-27,30.010000228881836,30.260000228881836,29.43000030517578,29.799999237060547,1212132
2022-06-28,30.010000228881836,30.440000534057617,29.959999084472656,30.360000610351562,1231300
2022-06-29,30.200000762939453,30.610000610351562,30.079999923706055,30.43000030517578,1783941
2022-06-30,30.290000915527344,30.290000915527344,29.709999084472656,29.979999542236328,1492102
2022-07-01,29.979999542236328,30.440000534057617,29.940000534057617,29.979999542236328,1130443
2022-07-04,30.100000381469727,30.299999237060547,29.479999542236328,30.020000457763672,989049
2022-07-05,30.200000762939453,30.270000457763672,28.950000762939453,29.040000915527344,1869713
2022-07-06,29.329999923706055,29.5,28.829999923706055,29.09000015258789,1321327
2022-07-07,29.489999771118164,30.1200008392334,29.079999923706055,29.8799991607666,1105670
2022-07-08,29.899999618530273,30.690000534057617,29.709999084472656,30.350000381469727,1502890
2022-07-11,30.100000381469727,31.06999969482422,30.040000915527344,30.829999923706055,1178188
2022-07-12,30.5,30.56999969482422,29.43000030517578,29.690000534057617,2075628
2022-07-13,29.84000015258789,30.25,29.350000381469727,29.899999618530273,1050832
2022-07-14,30.0,30.09000015258789,29.219999313354492,29.649999618530273,1173999
2022-07-15,29.649999618530273,29.690000534057617,29.049999237060547,29.420000076293945,934118
2022-07-18,29.65999984741211,30.530000686645508,29.6299991607666,30.459999084472656,994477
2022-07-19,30.1200008392334,30.270000457763672,29.579999923706055,29.93000030517578,984182
2022-07-20,30.110000610351562,30.43000030517578,29.81999969482422,30.0,722743
2022-07-21,29.989999771118164,30.100000381469727,29.010000228881836,29.959999084472656,1504048
2022-07-22,29.950000762939453,30.3799991607666,29.8700008392334,30.100000381469727,992314
2022-07-25,30.0,30.6299991607666,29.940000534057617,30.18000030517578,752078
2022-07-26,30.200000762939453,30.200000762939453,29.020000457763672,29.459999084472656,1039468
2022-07-27,29.559999465942383,29.90999984741211,29.239999771118164,29.450000762939453,1045057
2022-07-28,29.600000381469727,30.020000457763672,29.3700008392334,29.729999542236328,1709065
2022-07-29,29.940000534057617,30.280000686645508,29.549999237060547,30.280000686645508,1371512
2022-08-01,30.309999465942383,30.770000457763672,30.040000915527344,30.31999969482422,775270
2022-08-02,30.18000030517578,30.579999923706055,30.030000686645508,30.15999984741211,944389
2022-08-03,30.280000686645508,30.450000762939453,29.81999969482422,30.049999237060547,1022968
2022-08-04,30.290000915527344,30.389999389648438,29.850000381469727,30.100000381469727,845998
2022-08-05,30.0,30.270000457763672,29.479999542236328,29.56999969482422,1086201
2022-08-08,29.920000076293945,30.829999923706055,29.6299991607666,30.799999237060547,1226375
2022-08-09,30.790000915527344,31.049999237060547,30.40999984741211,30.81999969482422,979083
2022-08-10,30.920000076293945,30.920000076293945,29.920000076293945,30.3700008392334,1054262
2022-08-11,30.780000686645508,31.440000534057617,30.40999984741211,31.3799991607666,1167127
2022-08-12,31.299999237060547,31.739999771118164,30.899999618530273,31.489999771118164,793939
2022-08-16,31.639999389648438,31.68000030517578,30.3700008392334,30.540000915527344,1415634
2022-08-17,30.649999618530273,30.649999618530273,29.559999465942383,29.729999542236328,1610005
2022-08-18,29.760000228881836,30.59000015258789,29.75,30.440000534057617,1133668
2022-08-19,30.059999465942383,30.780000686645508,29.8700008392334,30.25,1792242
2022-08-22,30.25,30.290000915527344,29.670000076293945,29.670000076293945,1273817
2022-08-23,29.670000076293945,30.200000762939453,29.399999618530273,29.829999923706055,1495593
2022-08-24,29.899999618530273,30.049999237060547,29.510000228881836,29.8799991607666,1151006
2022-08-25,29.8799991607666,30.260000228881836,28.860000610351562,29.049999237060547,1762725
2022-08-26,29.0,29.219999313354492,28.360000610351562,28.520000457763672,1452144
2022-08-29,28.200000762939453,28.209999084472656,27.600000381469727,27.6200008392334,1782744
2022-08-30,27.700000762939453,28.229999542236328,27.420000076293945,27.979999542236328,1728580
2022-08-31,28.190000534057617,28.549999237060547,27.809999465942383,28.15999984741211,2735769
2022-09-01,28.0,28.0,26.75,27.100000381469727,4142260
2022-09-02,27.31999969482422,27.760000228881836,26.969999313354492,27.56999969482422,3139900
2022-09-05,27.450000762939453,27.690000534057617,26.959999084472656,27.549999237060547,2572148
2022-09-06,27.549999237060547,27.860000610351562,26.709999084472656,26.760000228881836,1833537
2022-09-07,26.670000076293945,26.959999084472656,26.3700008392334,26.799999237060547,1903489
2022-09-08,27.239999771118164,27.43000030517578,26.5,26.610000610351562,2615787
2022-09-09,26.969999313354492,27.739999771118164,26.850000381469727,27.729999542236328,2034108
2022-09-12,27.799999237060547,28.860000610351562,27.450000762939453,28.579999923706055,1758037
2022-09-13,28.81999969482422,29.010000228881836,28.040000915527344,28.25,1851631
2022-09-14,28.149999618530273,28.350000381469727,27.559999465942383,28.09000015258789,2739943
2022-09-15,28.200000762939453,28.5,27.8799991607666,28.350000381469727,1233455
2022-09-16,28.0,28.100000381469727,27.31999969482422,27.56999969482422,3768063
2022-09-19,27.5,28.190000534057617,27.420000076293945,28.15999984741211,937895
2022-09-20,28.329999923706055,28.649999618530273,27.649999618530273,27.649999618530273,1506987
2022-09-21,27.850000381469727,28.09000015258789,27.510000228881836,27.799999237060547,1407463
2022-09-22,27.5,28.440000534057617,27.309999465942383,28.290000915527344,1458796
2022-09-23,28.290000915527344,28.389999389648438,27.200000762939453,27.440000534057617,1775081
2022-09-26,27.440000534057617,27.440000534057617,26.3700008392334,26.760000228881836,2720555
2022-09-27,27.100000381469727,27.8700008392334,26.899999618530273,27.489999771118164,2570584
2022-09-28,25.600000381469727,26.0,25.059999465942383,25.889999389648438,3549866
2022-09-29,26.200000762939453,26.200000762939453,24.1200008392334,24.18000030517578,1829130
2022-09-30,24.200000762939453,24.350000381469727,23.049999237060547,23.15999984741211,2586148
2022-10-03,23.290000915527344,23.600000381469727,22.729999542236328,23.59000015258789,1744460
2022-10-04,24.0,24.920000076293945,23.709999084472656,24.920000076293945,2151855
2022-10-05,24.979999542236328,24.989999771118164,24.049999237060547,24.100000381469727,1697546
2022-10-06,24.31999969482422,24.760000228881836,24.030000686645508,24.100000381469727,1485910
2022-10-07,24.229999542236328,24.5,23.68000030517578,23.709999084472656,1104913
2022-10-10,23.709999084472656,23.90999984741211,23.479999542236328,23.549999237060547,1006855
2022-10-11,23.5,24.190000534057617,23.18000030517578,23.969999313354492,1956893
2022-10-12,24.0,24.6299991607666,23.760000228881836,24.489999771118164,2129306
2022-10-13,24.399999618530273,24.56999969482422,23.489999771118164,23.56999969482422,2202295
2022-10-14,24.200000762939453,24.600000381469727,23.860000610351562,24.31999969482422,2492319
2022-10-17,24.399999618530273,24.450000762939453,23.43000030517578,24.209999084472656,3031528
2022-10-18,24.450000762939453,25.18000030517578,24.299999237060547,24.75,2900302
2022-10-19,24.799999237060547,24.959999084472656,24.31999969482422,24.600000381469727,1773536
2022-10-20,24.6299991607666,24.8799991607666,24.209999084472656,24.790000915527344,1812676
2022-10-21,24.75,24.950000762939453,24.31999969482422,24.700000762939453,857332
2022-10-24,24.850000381469727,25.450000762939453,24.799999237060547,25.170000076293945,1181514
2022-10-25,25.489999771118164,25.56999969482422,24.8700008392334,25.200000762939453,1351201
2022-10-26,25.200000762939453,25.579999923706055,24.799999237060547,25.559999465942383,1090029
2022-10-27,25.600000381469727,26.0,25.450000762939453,25.709999084472656,1860560
2022-10-28,25.59000015258789,26.239999771118164,25.260000228881836,25.90999984741211,1422079
2022-10-31,26.0,26.81999969482422,25.809999465942383,26.799999237060547,1430394
2022-11-02,26.899999618530273,27.18000030517578,26.420000076293945,26.860000610351562,2209384
2022-11-03,26.209999084472656,26.450000762939453,25.940000534057617,26.350000381469727,808216
2022-11-04,26.600000381469727,26.84000015258789,26.399999618530273,26.440000534057617,1218755
2022-11-07,26.5,27.270000457763672,26.399999618530273,27.270000457763672,1434729
2022-11-08,27.299999237060547,27.790000915527344,26.799999237060547,27.75,1350205
2022-11-09,27.649999618530273,28.15999984741211,27.59000015258789,27.899999618530273,1511327
2022-11-10,27.700000762939453,28.799999237060547,27.450000762939453,28.540000915527344,2757988
2022-11-14,28.700000762939453,29.299999237060547,28.34000015258789,29.010000228881836,2831092
2022-11-15,29.010000228881836,30.09000015258789,28.780000686645508,29.8799991607666,1754441
2022-11-16,29.200000762939453,30.0,29.170000076293945,29.6200008392334,1824033
2022-11-17,29.6200008392334,29.739999771118164,28.8700008392334,29.25,1145440
2022-11-18,29.299999237060547,29.649999618530273,28.8700008392334,29.59000015258789,1361010
2022-11-21,29.399999618530273,29.920000076293945,29.139999389648438,29.530000686645508,1363370
2022-11-22,29.40999984741211,30.299999237060547,29.25,30.049999237060547,1390238
2022-11-23,30.260000228881836,30.579999923706055,29.979999542236328,30.020000457763672,1200949
2022-11-24,30.420000076293945,32.29999923706055,29.860000610351562,32.0,3085306
2022-11-25,32.0,32.02000045776367,31.260000228881836,31.739999771118164,1228964
2022-11-28,31.670000076293945,32.22999954223633,31.520000457763672,31.90999984741211,1414018
2022-11-29,32.189998626708984,32.189998626708984,31.530000686645508,31.799999237060547,947616
2022-11-30,32.0,32.0,31.399999618530273,31.600000381469727,2820282
2022-12-01,31.850000381469727,32.0,31.34000015258789,31.940000534057617,1077737
2022-12-02,31.940000534057617,31.940000534057617,31.34000015258789,31.6200008392334,1453766
2022-12-05,31.600000381469727,32.099998474121094,31.559999465942383,31.780000686645508,732521
2022-12-06,31.799999237060547,32.0,31.56999969482422,31.899999618530273,1267161
2022-12-07,31.81999969482422,32.0099983215332,31.510000228881836,32.0099983215332,1650780
2022-12-08,32.040000915527344,32.70000076293945,31.780000686645508,32.66999816894531,1486150
2022-12-09,32.63999938964844,32.65999984741211,32.25,32.470001220703125,899763
2022-12-12,32.45000076293945,32.88999938964844,32.11000061035156,32.81999969482422,1148271
2022-12-13,32.900001525878906,34.18000030517578,32.7599983215332,33.90999984741211,1965425
2022-12-14,33.90999984741211,33.90999984741211,33.31999969482422,33.650001525878906,1654833
2022-12-15,33.650001525878906,33.93000030517578,33.119998931884766,33.709999084472656,1702398
2022-12-16,33.5,33.900001525878906,33.209999084472656,33.4900016784668,3487402
2022-12-19,33.349998474121094,33.959999084472656,32.95000076293945,33.79999923706055,932035
2022-12-20,33.599998474121094,34.599998474121094,33.38999938964844,34.599998474121094,1630524
2022-12-21,34.4900016784668,34.849998474121094,34.2400016784668,34.66999816894531,982233
2022-12-22,34.66999816894531,34.9900016784668,34.5,34.95000076293945,860162
2022-12-23,34.95000076293945,34.97999954223633,34.470001220703125,34.630001068115234,841975
2022-12-27,34.70000076293945,34.900001525878906,34.40999984741211,34.54999923706055,609927
2022-12-28,34.400001525878906,34.7599983215332,34.25,34.7400016784668,975358
2022-12-29,34.68000030517578,35.790000915527344,34.400001525878906,35.70000076293945,1043580
2022-12-30,35.66999816894531,35.66999816894531,35.11000061035156,35.41999816894531,890550
2023-01-02,35.400001525878906,35.5,34.439998626708984,34.61000061035156,683821
2023-01-03,34.54999923706055,35.099998474121094,34.27000045776367,34.84000015258789,1825849
2023-01-04,34.86000061035156,35.88999938964844,34.84000015258789,35.849998474121094,2543368
2023-01-05,35.849998474121094,36.400001525878906,35.310001373291016,35.75,2520407
2023-01-09,36.08000183105469,36.599998474121094,35.95000076293945,36.599998474121094,4089772
2023-01-10,36.599998474121094,37.02000045776367,36.209999084472656,36.91999816894531,2453266
2023-01-11,37.0,37.5,36.619998931884766,36.79999923706055,2340600
2023-01-12,36.72999954223633,37.540000915527344,36.369998931884766,36.52000045776367,3139677
2023-01-13,36.5,36.7599983215332,35.970001220703125,36.2400016784668,1883755
2023-01-16,36.13999938964844,36.40999984741211,35.75,36.209999084472656,3030607
2023-01-17,36.0099983215332,36.43000030517578,35.380001068115234,35.84000015258789,3482927
2023-01-18,35.79999923706055,36.290000915527344,35.529998779296875,35.650001525878906,3979586
2023-01-19,35.599998474121094,36.380001068115234,35.27000045776367,36.29999923706055,2247190
2023-01-20,36.400001525878906,36.81999969482422,36.13999938964844,36.75,1218929
2023-01-23,36.900001525878906,37.209999084472656,36.41999816894531,37.04999923706055,1461624
2023-01-24,37.189998626708984,37.189998626708984,36.45000076293945,36.630001068115234,791556
2023-01-25,36.5,36.77000045776367,35.900001525878906,36.279998779296875,1521748
2023-01-26,36.5,36.97999954223633,36.470001220703125,36.810001373291016,798468
2023-01-27,36.939998626708984,36.9900016784668,36.20000076293945,36.5099983215332,1409271
2023-01-30,36.5,36.560001373291016,35.939998626708984,36.5099983215332,1484271
2023-01-31,36.400001525878906,36.790000915527344,36.130001068115234,36.720001220703125,1801603
2023-02-01,36.79999923706055,37.11000061035156,36.439998626708984,36.66999816894531,2039703
2023-02-02,36.90999984741211,37.47999954223633,36.66999816894531,37.16999816894531,2184042
2023-02-03,37.20000076293945,37.47999954223633,36.880001068115234,37.20000076293945,998898
2023-02-06,37.099998474121094,37.279998779296875,35.650001525878906,35.86000061035156,1547969
2023-02-07,35.900001525878906,36.20000076293945,35.650001525878906,35.93000030517578,1131984
2023-02-08,36.02000045776367,36.369998931884766,35.83000183105469,35.93000030517578,1025207
2023-02-09,36.16999816894531,36.68000030517578,36.040000915527344,36.369998931884766,984727
2023-02-10,36.27000045776367,36.29999923706055,35.13999938964844,35.290000915527344,1237841
2023-02-13,35.439998626708984,36.099998474121094,35.29999923706055,36.04999923706055,1510065
2023-02-14,36.099998474121094,36.099998474121094,35.54999923706055,35.720001220703125,1053556
2023-02-15,35.849998474121094,36.189998626708984,35.540000915527344,36.16999816894531,713636
2023-02-16,36.11000061035156,36.220001220703125,35.2599983215332,36.20000076293945,1324988
2023-02-17,36.09000015258789,36.45000076293945,35.7400016784668,36.099998474121094,1327989
2023-02-20,36.0,36.150001525878906,35.52000045776367,35.720001220703125,948480
2023-02-21,35.599998474121094,35.7599983215332,34.90999984741211,35.59000015258789,1120316
2023-02-22,35.5,35.619998931884766,34.81999969482422,35.040000915527344,1080083
2023-02-23,35.040000915527344,36.060001373291016,35.0,36.0099983215332,970326
2023-02-24,36.099998474121094,36.45000076293945,35.91999816894531,36.209999084472656,1013274
2023-02-27,36.20000076293945,36.29999923706055,35.869998931884766,36.189998626708984,839614
2023-02-28,36.16999816894531,36.630001068115234,36.0,36.619998931884766,1719159
2023-03-01,36.650001525878906,36.880001068115234,36.400001525878906,36.7599983215332,906777
2023-03-02,36.7400016784668,36.7400016784668,36.09000015258789,36.13999938964844,871879
2023-03-03,36.310001373291016,36.560001373291016,36.029998779296875,36.560001373291016,401642
2023-03-06,36.65999984741211,37.599998474121094,36.61000061035156,37.459999084472656,2014463
2023-03-07,37.41999816894531,37.599998474121094,37.040000915527344,37.040000915527344,1110271
2023-03-08,37.04999923706055,37.25,36.75,37.130001068115234,979181
2023-03-09,37.099998474121094,37.13999938964844,36.599998474121094,36.84000015258789,846087
2023-03-10,36.5,36.58000183105469,35.43000030517578,35.630001068115234,1226411
2023-03-13,35.36000061035156,36.0,34.40999984741211,34.849998474121094,1488483
2023-03-14,34.84000015258789,34.84000015258789,33.70000076293945,34.099998474121094,2209930
2023-03-15,34.150001525878906,34.56999969482422,32.900001525878906,33.18000030517578,1751842
2023-03-16,33.540000915527344,33.7599983215332,32.130001068115234,32.91999816894531,2065155
2023-03-17,33.220001220703125,33.45000076293945,31.6200008392334,31.729999542236328,3974596
2023-03-20,31.600000381469727,31.719999313354492,30.549999237060547,31.6299991607666,3580027
2023-03-21,32.25,33.29999923706055,31.93000030517578,33.25,3757522
2023-03-22,33.34000015258789,33.599998474121094,32.650001525878906,32.810001373291016,2031284
2023-03-23,33.150001525878906,33.189998626708984,32.22999954223633,32.900001525878906,855171
2023-03-24,32.810001373291016,32.86000061035156,31.81999969482422,32.0,1531239
2023-03-27,32.47999954223633,32.529998779296875,31.920000076293945,32.119998931884766,1123923
2023-03-28,32.29999923706055,32.650001525878906,31.93000030517578,32.22999954223633,1417518
2023-03-29,32.400001525878906,32.939998626708984,32.25,32.79999923706055,1357775
2023-03-30,33.560001373291016,35.06999969482422,33.52000045776367,35.02000045776367,3167452
2023-03-31,35.16999816894531,35.33000183105469,34.75,35.08000183105469,2373066
2023-04-03,35.20000076293945,35.7599983215332,34.939998626708984,35.20000076293945,1835118
2023-04-04,35.2599983215332,36.66999816894531,35.2599983215332,36.0,1783342
2023-04-05,36.0,36.20000076293945,35.61000061035156,36.02000045776367,1300706
2023-04-06,36.119998931884766,36.31999969482422,35.70000076293945,36.04999923706055,830458
2023-04-11,36.29999923706055,36.810001373291016,36.0099983215332,36.47999954223633,1589982
2023-04-12,36.59000015258789,37.11000061035156,36.33000183105469,37.11000061035156,2117990
2023-04-13,37.0,37.369998931884766,36.810001373291016,37.060001373291016,2233984
2023-04-14,37.099998474121094,37.36000061035156,36.650001525878906,37.119998931884766,1634332
2023-04-17,37.09000015258789,37.400001525878906,36.900001525878906,37.16999816894531,1567226
2023-04-18,37.16999816894531,38.400001525878906,36.91999816894531,38.31999969482422,2448940
2023-04-19,38.31999969482422,38.68000030517578,37.959999084472656,38.5,2116903
2023-04-20,38.400001525878906,39.209999084472656,38.36000061035156,38.59000015258789,2148971
2023-04-21,38.45000076293945,39.08000183105469,38.15999984741211,38.470001220703125,1377968
2023-04-24,38.470001220703125,38.93000030517578,37.869998931884766,38.75,1213951
2023-04-25,38.75,38.75,38.0,38.310001373291016,1215497
2023-04-26,38.349998474121094,38.59000015258789,37.93000030517578,38.04999923706055,1918394
2023-04-27,38.20000076293945,38.75,37.84000015258789,38.68000030517578,2054895
2023-04-28,38.84000015258789,39.099998474121094,37.970001220703125,38.29999923706055,2300871
2023-05-02,38.290000915527344,39.11000061035156,38.25,38.56999969482422,1818345
2023-05-04,38.5,38.83000183105469,37.849998474121094,38.060001373291016,2174619
2023-05-05,38.400001525878906,39.400001525878906,38.400001525878906,39.33000183105469,1813723
2023-05-08,39.400001525878906,39.900001525878906,39.0,39.400001525878906,948073
2023-05-09,39.20000076293945,39.47999954223633,38.959999084472656,39.45000076293945,1669705
2023-05-10,39.45000076293945,39.91999816894531,39.060001373291016,39.52000045776367,1852334
2023-05-11,39.79999923706055,39.79999923706055,38.459999084472656,38.790000915527344,2091195
2023-05-12,39.0,39.79999923706055,38.86000061035156,39.45000076293945,1896484
2023-05-15,39.650001525878906,39.65999984741211,38.900001525878906,39.22999954223633,1296945
2023-05-16,39.04999923706055,39.880001068115234,39.0,39.65999984741211,1645584
2023-05-17,39.599998474121094,39.939998626708984,39.119998931884766,39.650001525878906,1540994
2023-05-18,39.849998474121094,40.279998779296875,39.790000915527344,40.02000045776367,1474281
2023-05-19,40.060001373291016,40.59000015258789,39.849998474121094,40.540000915527344,1910219
2023-05-22,40.5,41.09000015258789,40.349998474121094,40.599998474121094,2117538
2023-05-23,40.599998474121094,41.29999923706055,40.540000915527344,40.959999084472656,1963149
2023-05-24,40.970001220703125,41.29999923706055,40.33000183105469,40.400001525878906,1648194
2023-05-25,40.4900016784668,40.869998931884766,39.900001525878906,40.369998931884766,1371738
2023-05-26,40.29999923706055,41.150001525878906,40.0,40.97999954223633,900979
2023-05-29,40.880001068115234,41.04999923706055,40.400001525878906,40.47999954223633,427738
2023-05-30,40.31999969482422,40.47999954223633,39.81999969482422,40.08000183105469,1774890
2023-05-31,39.599998474121094,39.709999084472656,38.40999984741211,38.58000183105469,3947923
2023-06-01,38.599998474121094,39.720001220703125,38.599998474121094,39.630001068115234,1573372
2023-06-02,39.900001525878906,40.47999954223633,39.5,40.47999954223633,1823975
2023-06-05,40.400001525878906,40.97999954223633,39.959999084472656,40.040000915527344,1173989
2023-06-06,39.900001525878906,41.13999938964844,39.900001525878906,41.13999938964844,1954095
2023-06-07,41.13999938964844,41.380001068115234,40.45000076293945,40.95000076293945,1923653
2023-06-09,41.22999954223633,41.2599983215332,40.38999938964844,40.959999084472656,1662470
2023-06-12,40.5099983215332,41.209999084472656,40.31999969482422,40.4900016784668,915579
2023-06-13,40.4900016784668,40.84000015258789,40.09000015258789,40.29999923706055,1551882
2023-06-14,40.29999923706055,41.18000030517578,40.29999923706055,40.709999084472656,1890022
2023-06-15,40.52000045776367,40.880001068115234,40.29999923706055,40.81999969482422,1377421
2023-06-16,40.77000045776367,41.41999816894531,40.65999984741211,41.09000015258789,4566586
2023-06-19,40.900001525878906,41.43000030517578,40.66999816894531,40.66999816894531,545563
2023-06-20,40.61000061035156,41.20000076293945,40.5099983215332,40.619998931884766,577474
2023-06-21,40.52000045776367,41.41999816894531,40.400001525878906,41.040000915527344,1026376
2023-06-22,41.0,41.45000076293945,40.630001068115234,40.95000076293945,545100
2023-06-23,40.709999084472656,41.08000183105469,39.959999084472656,40.13999938964844,833530
2023-06-26,40.04999923706055,40.68000030517578,39.81999969482422,40.349998474121094,774192
2023-06-27,40.349998474121094,40.66999816894531,39.29999923706055,39.77000045776367,954983
2023-06-28,39.77000045776367,40.209999084472656,39.40999984741211,39.72999954223633,766967
2023-06-29,40.0,40.2400016784668,39.70000076293945,39.93000030517578,1102269
2023-06-30,40.290000915527344,40.52000045776367,39.31999969482422,39.40999984741211,1295284
2023-07-03,39.40999984741211,39.90999984741211,39.40999984741211,39.72999954223633,1358342
2023-07-04,39.79999923706055,39.79999923706055,39.040000915527344,39.040000915527344,490231
2023-07-05,39.08000183105469,39.08000183105469,38.0,38.36000061035156,1528430
2023-07-06,38.099998474121094,38.400001525878906,37.54999923706055,38.040000915527344,2498022
2023-07-07,38.18000030517578,38.619998931884766,38.08000183105469,38.5099983215332,976168
2023-07-10,38.5,38.630001068115234,38.040000915527344,38.2400016784668,677229
2023-07-11,38.5,38.7400016784668,37.86000061035156,38.0099983215332,929531
2023-07-12,38.16999816894531,39.11000061035156,38.16999816894531,39.060001373291016,1509102
2023-07-13,39.099998474121094,39.25,38.599998474121094,38.939998626708984,1460170
2023-07-14,38.91999816894531,39.119998931884766,38.45000076293945,38.599998474121094,1189466
2023-07-17,38.599998474121094,38.91999816894531,38.04999923706055,38.20000076293945,1244041
2023-07-18,38.4900016784668,38.900001525878906,37.900001525878906,38.79999923706055,1437046
2023-07-19,38.97999954223633,39.58000183105469,38.72999954223633,38.790000915527344,1664316
2023-07-20,38.77000045776367,39.18000030517578,38.25,38.45000076293945,1273288
2023-07-21,38.77000045776367,38.790000915527344,38.0,38.779998779296875,1583748
2023-07-24,38.68000030517578,39.040000915527344,38.58000183105469,38.88999938964844,1364645
2023-07-25,38.90999984741211,40.29999923706055,38.90999984741211,40.29999923706055,1490194
2023-07-26,40.29999923706055,40.45000076293945,39.4900016784668,39.599998474121094,700584
2023-07-27,39.650001525878906,40.849998474121094,39.630001068115234,40.650001525878906,1091338
2023-07-28,40.45000076293945,40.880001068115234,40.45000076293945,40.79999923706055,661336
2023-07-31,40.709999084472656,40.83000183105469,40.369998931884766,40.529998779296875,1017763
2023-08-01,40.45000076293945,40.779998779296875,40.15999984741211,40.77000045776367,739286
2023-08-02,40.20000076293945,40.209999084472656,39.630001068115234,39.68000030517578,902914
2023-08-03,39.77000045776367,39.869998931884766,39.15999984741211,39.720001220703125,751536
2023-08-04,40.099998474121094,40.16999816894531,39.72999954223633,40.060001373291016,778302
2023-08-07,40.09000015258789,40.36000061035156,39.79999923706055,40.209999084472656,965718
2023-08-08,40.0,40.279998779296875,39.650001525878906,39.650001525878906,992658
2023-08-09,39.650001525878906,40.2599983215332,39.650001525878906,40.0,1033576
2023-08-10,40.0,40.70000076293945,39.880001068115234,40.43000030517578,1452586
2023-08-11,40.529998779296875,40.529998779296875,39.959999084472656,40.310001373291016,1046626
2023-08-14,40.02000045776367,40.31999969482422,39.91999816894531,40.029998779296875,494697
2023-08-16,39.7400016784668,39.77000045776367,38.77000045776367,38.939998626708984,1264371
2023-08-17,38.84000015258789,39.459999084472656,38.52000045776367,38.900001525878906,1051497
2023-08-18,38.70000076293945,39.25,38.689998626708984,39.22999954223633,979116
2023-08-21,39.29999923706055,39.58000183105469,38.90999984741211,39.25,620140
2023-08-22,39.25,39.439998626708984,38.779998779296875,39.029998779296875,832405
2023-08-23,39.04999923706055,39.68000030517578,38.880001068115234,39.47999954223633,1407268
2023-08-24,39.54999923706055,39.959999084472656,39.33000183105469,39.41999816894531,832398
2023-08-25,39.400001525878906,40.25,39.27000045776367,39.84000015258789,1003381
2023-08-28,39.93000030517578,40.630001068115234,39.77000045776367,40.540000915527344,1011466
2023-08-29,40.70000076293945,40.91999816894531,40.33000183105469,40.52000045776367,1559852
2023-08-30,40.529998779296875,41.439998626708984,40.52000045776367,41.40999984741211,1359120
2023-08-31,41.459999084472656,41.84000015258789,41.029998779296875,41.33000183105469,4065008
2023-09-01,41.400001525878906,42.36000061035156,41.11000061035156,42.2400016784668,2031845
2023-09-04,42.279998779296875,42.36000061035156,41.5,41.58000183105469,1685952
2023-09-05,41.5,42.040000915527344,41.220001220703125,41.380001068115234,1754444
2023-09-06,39.06999969482422,39.369998931884766,37.75,38.189998626708984,3298281
2023-09-07,38.189998626708984,38.869998931884766,37.849998474121094,38.20000076293945,1871013
2023-09-08,38.400001525878906,39.29999923706055,38.29999923706055,39.150001525878906,1491704
2023-09-11,39.220001220703125,39.349998474121094,38.43000030517578,38.4900016784668,1153888
2023-09-12,38.5,39.59000015258789,38.5,39.560001373291016,1983887
2023-09-13,39.5,40.68000030517578,39.31999969482422,40.54999923706055,3089431
2023-09-14,40.68000030517578,41.599998474121094,40.68000030517578,41.459999084472656,3140548
2023-09-15,41.47999954223633,41.869998931884766,41.08000183105469,41.439998626708984,4190623
2023-09-18,41.20000076293945,41.41999816894531,40.56999969482422,40.65999984741211,1280940
2023-09-19,40.599998474121094,40.939998626708984,40.150001525878906,40.619998931884766,1381550
2023-09-20,40.61000061035156,41.279998779296875,40.31999969482422,41.16999816894531,2189838
2023-09-21,40.810001373291016,41.15999984741211,40.45000076293945,41.040000915527344,1316994
2023-09-22,40.689998626708984,41.41999816894531,40.56999969482422,41.25,1861219
2023-09-25,41.04999923706055,41.31999969482422,40.560001373291016,40.900001525878906,2222369
2023-09-26,40.79999923706055,41.7599983215332,40.65999984741211,41.599998474121094,2235795
2023-09-27,41.5,41.5099983215332,40.79999923706055,40.849998474121094,2311061
2023-09-28,40.79999923706055,40.97999954223633,40.560001373291016,40.70000076293945,1530729
2023-09-29,40.70000076293945,41.599998474121094,40.61000061035156,41.369998931884766,2470481
2023-10-02,41.36000061035156,41.459999084472656,40.08000183105469,40.08000183105469,1327386
2023-10-03,40.099998474121094,40.599998474121094,39.849998474121094,40.279998779296875,1842358
2023-10-04,40.0,40.970001220703125,39.81999969482422,40.560001373291016,1912593
2023-10-05,40.310001373291016,40.939998626708984,40.279998779296875,40.599998474121094,1297319
2023-10-06,40.5,41.4900016784668,40.5,41.150001525878906,1616600
2023-10-09,40.959999084472656,41.61000061035156,40.880001068115234,41.400001525878906,1381277
2023-10-10,41.54999923706055,42.0,41.349998474121094,41.86000061035156,2281451
2023-10-11,41.79999923706055,42.869998931884766,41.77000045776367,42.849998474121094,3215079
2023-10-12,42.61000061035156,42.95000076293945,42.40999984741211,42.529998779296875,1695750
2023-10-13,42.279998779296875,42.779998779296875,40.599998474121094,42.439998626708984,1383016
2023-10-16,43.0,45.18000030517578,43.0,45.0,4575815
2023-10-17,45.099998474121094,47.70000076293945,45.08000183105469,47.0099983215332,5506013
2023-10-18,46.939998626708984,47.06999969482422,45.79999923706055,46.08000183105469,3652585
2023-10-19,45.84000015258789,46.0,44.529998779296875,44.709999084472656,1712902
2023-10-20,44.400001525878906,44.810001373291016,44.040000915527344,44.400001525878906,1738377
2023-10-23,44.5,45.5,44.5,44.7599983215332,1103691
2023-10-24,45.29999923706055,46.540000915527344,45.20000076293945,46.38999938964844,4112845
2023-10-25,46.2599983215332,47.52000045776367,46.18000030517578,47.15999984741211,4323322
2023-10-26,46.7599983215332,47.56999969482422,46.150001525878906,47.369998931884766,2665893
2023-10-27,47.29999923706055,47.47999954223633,46.650001525878906,46.810001373291016,2186225
2023-10-30,46.70000076293945,47.36000061035156,46.619998931884766,46.95000076293945,1450229
2023-10-31,46.79999923706055,48.43000030517578,46.75,47.61000061035156,3203336
2023-11-02,47.54999923706055,47.689998626708984,46.77000045776367,47.15999984741211,2837400
2023-11-03,47.0,47.380001068115234,46.47999954223633,47.060001373291016,2787354
2023-11-06,47.0,47.43000030517578,46.7400016784668,47.130001068115234,1719038
2023-11-07,46.849998474121094,47.189998626708984,46.45000076293945,46.9900016784668,1282453
2023-11-08,46.86000061035156,47.150001525878906,46.45000076293945,46.84000015258789,1398018
2023-11-09,47.0,47.369998931884766,46.5,47.369998931884766,1315132
2023-11-10,47.0099983215332,47.5099983215332,45.29999923706055,45.75,1518594
2023-11-13,46.400001525878906,46.400001525878906,45.349998474121094,45.560001373291016,1857620
2023-11-14,45.91999816894531,47.5,45.75,47.459999084472656,2352188
2023-11-15,47.5,48.2599983215332,46.84000015258789,46.849998474121094,2088096
2023-11-16,46.79999923706055,47.2400016784668,46.209999084472656,46.5099983215332,2622299
2023-11-17,46.630001068115234,46.9900016784668,46.150001525878906,46.9900016784668,1391496
2023-11-20,46.95000076293945,47.25,46.65999984741211,46.9900016784668,2032810
2023-11-21,46.70000076293945,47.02000045776367,46.27000045776367,46.790000915527344,2559671
2023-11-22,46.790000915527344,46.9900016784668,46.119998931884766,46.75,1416870
2023-11-23,46.79999923706055,47.529998779296875,46.79999923706055,47.209999084472656,1236536
2023-11-24,47.220001220703125,47.38999938964844,46.5099983215332,46.630001068115234,1521809
2023-11-27,46.40999984741211,46.529998779296875,44.58000183105469,45.27000045776367,2085194
2023-11-28,45.20000076293945,46.2400016784668,45.06999969482422,46.15999984741211,2262427
2023-11-29,46.0099983215332,46.34000015258789,44.599998474121094,45.7400016784668,2748570
2023-11-30,45.54999923706055,46.2599983215332,45.220001220703125,45.599998474121094,3963829
2023-12-01,45.5,47.11000061035156,45.5,46.7400016784668,1290628
2023-12-04,46.7400016784668,47.290000915527344,46.5,47.08000183105469,886095
2023-12-05,46.70000076293945,48.06999969482422,46.65999984741211,47.90999984741211,2041465
2023-12-06,47.900001525878906,49.380001068115234,47.70000076293945,48.900001525878906,4576873
2023-12-07,48.59000015258789,48.75,47.599998474121094,47.939998626708984,1535689
2023-12-08,47.93000030517578,48.36000061035156,47.90999984741211,48.15999984741211,1246909
2023-12-11,48.349998474121094,48.689998626708984,47.380001068115234,47.400001525878906,1174190
2023-12-12,47.20000076293945,47.779998779296875,46.75,47.2400016784668,2530171
2023-12-13,46.959999084472656,47.150001525878906,46.52000045776367,46.77000045776367,1845921
2023-12-14,47.36000061035156,47.790000915527344,46.86000061035156,47.0099983215332,1824623
2023-12-15,47.20000076293945,49.43000030517578,47.20000076293945,47.7599983215332,6333438
2023-12-18,47.72999954223633,48.0,46.540000915527344,46.72999954223633,1416180
2023-12-19,46.72999954223633,47.33000183105469,46.61000061035156,47.11000061035156,2259801
2023-12-20,47.25,48.45000076293945,47.20000076293945,47.66999816894531,2208061
2023-12-21,47.45000076293945,48.08000183105469,47.45000076293945,47.93000030517578,1980433
2023-12-22,47.93000030517578,47.97999954223633,47.52000045776367,47.720001220703125,775981
2023-12-27,47.7400016784668,48.25,47.560001373291016,47.83000183105469,1112717
2023-12-28,47.79999923706055,47.900001525878906,47.400001525878906,47.40999984741211,557210
2023-12-29,47.349998474121094,47.5099983215332,47.0,47.27000045776367,812203
2024-01-02,47.27000045776367,47.68000030517578,46.93000030517578,47.349998474121094,858794
2024-01-03,47.29999923706055,47.75,46.95000076293945,47.5,1580559
2024-01-04,47.41999816894531,47.810001373291016,46.93000030517578,47.25,1653906
2024-01-05,47.04999923706055,47.5,46.400001525878906,47.33000183105469,1437988
2024-01-08,47.18000030517578,47.63999938964844,46.83000183105469,47.529998779296875,1523245
2024-01-09,47.540000915527344,47.54999923706055,46.65999984741211,47.099998474121094,1038067
2024-01-10,47.0099983215332,47.369998931884766,46.209999084472656,46.25,1646962
2024-01-11,46.29999923706055,46.56999969482422,45.709999084472656,46.04999923706055,2079580
2024-01-12,46.04999923706055,46.91999816894531,46.040000915527344,46.59000015258789,2088071
2024-01-15,46.5,46.77000045776367,45.79999923706055,46.119998931884766,450382
2024-01-16,46.150001525878906,46.400001525878906,45.310001373291016,46.310001373291016,970142
2024-01-17,46.09000015258789,46.279998779296875,45.400001525878906,46.040000915527344,1964602
2024-01-18,45.810001373291016,46.369998931884766,45.79999923706055,46.290000915527344,1578933
2024-01-19,46.5,46.790000915527344,46.09000015258789,46.439998626708984,1312328
2024-01-22,46.45000076293945,47.11000061035156,46.45000076293945,46.79999923706055,1451059
2024-01-23,46.880001068115234,46.939998626708984,45.95000076293945,46.290000915527344,1284627
2024-01-24,46.290000915527344,46.689998626708984,46.119998931884766,46.52000045776367,1709274
2024-01-25,46.41999816894531,46.72999954223633,46.16999816894531,46.5,1905434
2024-01-26,46.2400016784668,46.56999969482422,46.0,46.5,1429811
2024-01-29,46.0,46.36000061035156,45.86000061035156,46.15999984741211,960854
2024-01-30,46.15999984741211,46.59000015258789,45.560001373291016,46.400001525878906,1792834
2024-01-31,46.54999923706055,48.38999938964844,46.529998779296875,48.36000061035156,3870770
2024-02-01,47.7599983215332,48.619998931884766,47.36000061035156,48.0099983215332,2170679
2024-02-02,48.16999816894531,49.220001220703125,47.900001525878906,49.15999984741211,1605623
2024-02-05,49.15999984741211,49.79999923706055,48.79999923706055,49.0,1996124
2024-02-06,49.13999938964844,50.18000030517578,49.040000915527344,49.45000076293945,2029732
2024-02-07,49.45000076293945,50.099998474121094,49.08000183105469,49.470001220703125,1400023
2024-02-08,49.5,49.599998474121094,47.59000015258789,47.59000015258789,1380473
2024-02-09,47.61000061035156,47.79999923706055,46.900001525878906,47.0,854835
2024-02-12,47.130001068115234,48.08000183105469,46.779998779296875,47.83000183105469,830959
2024-02-13,47.88999938964844,48.040000915527344,47.08000183105469,47.130001068115234,992259
2024-02-14,47.20000076293945,48.43000030517578,47.13999938964844,48.34000015258789,1129280
2024-02-15,48.2400016784668,48.59000015258789,47.65999984741211,47.86000061035156,1265772
2024-02-16,47.88999938964844,48.7599983215332,47.88999938964844,48.15999984741211,1445422
2024-02-19,48.18000030517578,48.7400016784668,48.0,48.43000030517578,514670
2024-02-20,48.459999084472656,49.380001068115234,48.310001373291016,49.36000061035156,1347771
2024-02-21,49.310001373291016,50.02000045776367,48.83000183105469,49.09000015258789,1701775
2024-02-22,49.52000045776367,50.2400016784668,49.52000045776367,49.779998779296875,1689610
2024-02-23,49.779998779296875,51.2400016784668,49.630001068115234,50.91999816894531,1689772
2024-02-26,50.86000061035156,51.20000076293945,50.0,50.2400016784668,845341
2024-02-27,50.29999923706055,50.459999084472656,49.400001525878906,49.5,1289562
2024-02-28,49.54999923706055,49.720001220703125,49.119998931884766,49.27000045776367,1129053
2024-02-29,49.20000076293945,50.099998474121094,49.029998779296875,49.11000061035156,2636255
2024-03-01,49.68000030517578,49.77000045776367,49.119998931884766,49.56999969482422,1128492
2024-03-04,49.779998779296875,50.0,48.2400016784668,48.56999969482422,1002070
2024-03-05,48.5099983215332,48.540000915527344,47.310001373291016,47.36000061035156,1198708
2024-03-06,47.54999923706055,47.9900016784668,47.40999984741211,47.52000045776367,666722
2024-03-07,47.540000915527344,47.709999084472656,47.029998779296875,47.2599983215332,1103345
2024-03-08,47.29999923706055,47.59000015258789,46.5,47.529998779296875,1511073
2024-03-11,47.529998779296875,47.810001373291016,46.959999084472656,47.40999984741211,892115
2024-03-12,47.52000045776367,48.65999984741211,46.810001373291016,48.5,1802850
2024-03-13,48.599998474121094,48.689998626708984,47.630001068115234,47.779998779296875,1318852
2024-03-14,47.81999969482422,48.16999816894531,47.279998779296875,48.06999969482422,2053654
2024-03-15,48.029998779296875,48.68000030517578,46.34000015258789,47.5,7154148
2024-03-18,47.5099983215332,47.95000076293945,46.880001068115234,47.52000045776367,1400874
2024-03-19,47.279998779296875,47.66999816894531,46.849998474121094,47.5099983215332,1581153
2024-03-20,47.2400016784668,47.439998626708984,46.83000183105469,47.380001068115234,1270780
2024-03-21,48.5,50.34000015258789,48.400001525878906,49.779998779296875,3458384
2024-03-22,49.369998931884766,49.849998474121094,48.439998626708984,48.439998626708984,2150463
2024-03-25,48.880001068115234,48.959999084472656,47.58000183105469,48.13999938964844,1352364
2024-03-26,48.400001525878906,48.9900016784668,47.63999938964844,48.84000015258789,2095674
2024-03-27,48.84000015258789,48.90999984741211,47.45000076293945,47.79999923706055,1515316
2024-03-28,48.09000015258789,49.31999969482422,48.04999923706055,48.810001373291016,1950220
2024-04-02,48.790000915527344,49.400001525878906,48.31999969482422,48.66999816894531,1518613
2024-04-03,48.880001068115234,49.689998626708984,48.400001525878906,48.849998474121094,1683574
2024-04-04,48.849998474121094,49.63999938964844,48.61000061035156,49.619998931884766,1322306
2024-04-05,49.29999923706055,50.13999938964844,48.97999954223633,50.099998474121094,1573036
2024-04-08,50.119998931884766,52.279998779296875,50.099998474121094,52.20000076293945,3047993
2024-04-09,52.060001373291016,52.560001373291016,50.47999954223633,50.65999984741211,2276087
2024-04-10,51.08000183105469,51.68000030517578,50.68000030517578,51.099998474121094,1847491
2024-04-11,51.0,51.220001220703125,49.939998626708984,49.939998626708984,1124867
2024-04-12,49.97999954223633,51.0,48.41999816894531,48.58000183105469,956483
2024-04-15,48.70000076293945,49.720001220703125,48.70000076293945,49.06999969482422,919787
2024-04-16,48.58000183105469,50.02000045776367,48.29999923706055,49.38999938964844,2011692
2024-04-17,49.150001525878906,50.20000076293945,48.91999816894531,49.84000015258789,1300813
2024-04-18,50.099998474121094,51.040000915527344,49.5,50.70000076293945,2357794
2024-04-19,50.2599983215332,50.939998626708984,50.02000045776367,50.68000030517578,1840468
2024-04-22,50.7599983215332,51.779998779296875,50.540000915527344,51.779998779296875,1681533
2024-04-23,51.779998779296875,52.15999984741211,51.31999969482422,51.84000015258789,2169663
2024-04-24,51.86000061035156,52.08000183105469,50.619998931884766,51.099998474121094,1314028
2024-04-25,51.31999969482422,51.560001373291016,50.540000915527344,51.0,886729
2024-04-26,51.099998474121094,51.81999969482422,50.91999816894531,51.5,1093780
2024-04-29,51.15999984741211,52.36000061035156,50.81999969482422,52.34000015258789,1419557
2024-04-30,52.18000030517578,52.2599983215332,51.2599983215332,51.279998779296875,1645223
2024-05-02,51.279998779296875,52.060001373291016,50.959999084472656,51.63999938964844,1315593
2024-05-06,52.060001373291016,53.31999969482422,52.0,53.18000030517578,1346940
2024-05-07,53.099998474121094,53.47999954223633,52.439998626708984,53.220001220703125,1624439
2024-05-08,53.20000076293945,53.459999084472656,52.5,53.400001525878906,1213497
2024-05-09,53.29999923706055,54.459999084472656,53.20000076293945,53.959999084472656,1007860
2024-05-10,53.63999938964844,53.91999816894531,52.08000183105469,52.400001525878906,1145995
2024-05-13,52.400001525878906,52.86000061035156,52.099998474121094,52.7400016784668,1494303
2024-05-14,53.2599983215332,53.720001220703125,52.459999084472656,53.0,1986201
2024-05-15,53.099998474121094,54.15999984741211,52.97999954223633,53.959999084472656,1505032
2024-05-16,54.20000076293945,56.119998931884766,53.84000015258789,55.5,2652554
2024-05-17,55.400001525878906,55.959999084472656,54.939998626708984,55.34000015258789,2126171
2024-05-20,55.29999923706055,55.939998626708984,54.720001220703125,55.2400016784668,1939471
2024-05-21,55.2400016784668,55.31999969482422,52.7599983215332,52.97999954223633,2121066
2024-05-22,52.7599983215332,52.959999084472656,51.400001525878906,51.939998626708984,3065605
2024-05-23,51.91999816894531,51.91999816894531,50.7599983215332,50.97999954223633,2575289
2024-05-24,50.599998474121094,51.02000045776367,50.29999923706055,50.70000076293945,1781576
2024-05-27,50.79999923706055,51.2400016784668,49.45000076293945,49.880001068115234,1682107
2024-05-28,50.119998931884766,50.599998474121094,49.33000183105469,49.599998474121094,1894145
2024-05-29,49.400001525878906,50.099998474121094,48.81999969482422,49.77000045776367,2134239
2024-05-31,49.630001068115234,50.7400016784668,49.54999923706055,50.0,7765398
2024-06-03,50.5,50.79999923706055,49.83000183105469,49.83000183105469,1437636
2024-06-04,50.060001373291016,50.15999984741211,48.709999084472656,48.709999084472656,1341861
2024-06-05,48.95000076293945,49.290000915527344,48.599998474121094,49.04999923706055,946081
2024-06-06,49.06999969482422,49.400001525878906,48.52000045776367,48.630001068115234,1668719
2024-06-07,49.040000915527344,49.040000915527344,48.04999923706055,48.56999969482422,1345781
2024-06-10,48.43000030517578,48.56999969482422,47.650001525878906,48.31999969482422,1002226
2024-06-11,48.599998474121094,48.65999984741211,48.06999969482422,48.06999969482422,1061939
2024-06-12,48.15999984741211,48.459999084472656,47.65999984741211,48.02000045776367,1852447
2024-06-13,48.0,48.279998779296875,47.790000915527344,47.849998474121094,1313730
2024-06-14,47.86000061035156,48.380001068115234,47.7400016784668,48.34000015258789,1801112
2024-06-17,48.400001525878906,49.54999923706055,48.34000015258789,49.400001525878906,2097004
2024-06-18,49.54999923706055,50.68000030517578,49.41999816894531,49.79999923706055,2563523
2024-06-19,50.0,50.5,49.540000915527344,49.77000045776367,1386320
2024-06-20,50.0,50.36000061035156,49.47999954223633,49.79999923706055,1635591
2024-06-21,49.79999923706055,50.18000030517578,49.2599983215332,49.47999954223633,3429282
2024-06-24,49.47999954223633,50.36000061035156,49.470001220703125,50.099998474121094,938802
2024-06-25,50.29999923706055,50.84000015258789,49.630001068115234,50.720001220703125,1055534
2024-06-26,50.900001525878906,51.720001220703125,50.47999954223633,50.540000915527344,1295094
2024-06-27,50.84000015258789,51.86000061035156,50.68000030517578,51.040000915527344,1179904
2024-06-28,51.119998931884766,52.040000915527344,51.119998931884766,51.540000915527344,1609282
2024-07-01,51.560001373291016,52.15999984741211,51.2599983215332,51.34000015258789,877308
2024-07-02,51.400001525878906,51.400001525878906,50.040000915527344,50.040000915527344,1229519
2024-07-03,50.220001220703125,50.58000183105469,49.84000015258789,50.15999984741211,1605464
2024-07-04,50.599998474121094,50.70000076293945,49.88999938964844,50.31999969482422,556488
2024-07-05,50.34000015258789,50.459999084472656,49.5,49.58000183105469,1076985
2024-07-08,49.97999954223633,50.70000076293945,49.58000183105469,50.439998626708984,921274
2024-07-09,50.47999954223633,50.79999923706055,49.900001525878906,50.619998931884766,1272041
2024-07-10,50.5,50.599998474121094,49.5099983215332,49.540000915527344,1464875
2024-07-11,49.599998474121094,50.29999923706055,49.599998474121094,50.29999923706055,945264
2024-07-12,50.2400016784668,50.65999984741211,49.900001525878906,50.34000015258789,786155
2024-07-15,50.20000076293945,50.97999954223633,49.95000076293945,50.97999954223633,605503
2024-07-16,50.68000030517578,50.7400016784668,48.79999923706055,48.79999923706055,1750638
2024-07-17,48.79999923706055,49.099998474121094,47.7599983215332,48.209999084472656,1849457
2024-07-18,48.5,49.58000183105469,48.119998931884766,49.20000076293945,2360863
2024-07-19,49.0,49.369998931884766,48.5099983215332,48.91999816894531,988262
2024-07-22,49.20000076293945,49.47999954223633,48.75,49.060001373291016,749827
2024-07-23,49.459999084472656,49.689998626708984,48.56999969482422,49.060001373291016,1409520
2024-07-24,48.79999923706055,49.310001373291016,48.5,48.630001068115234,776276
2024-07-25,48.5,48.599998474121094,47.81999969482422,48.290000915527344,1226895
2024-07-26,48.290000915527344,48.70000076293945,47.959999084472656,48.29999923706055,714178
2024-07-29,48.7599983215332,49.0,48.18000030517578,48.5099983215332,860333
2024-07-30,48.66999816894531,48.959999084472656,47.869998931884766,47.869998931884766,1453615
2024-07-31,48.29999923706055,48.560001373291016,47.900001525878906,48.52000045776367,3124075
2024-08-01,48.599998474121094,48.65999984741211,47.61000061035156,47.61000061035156,1378518
2024-08-02,47.5,47.63999938964844,46.709999084472656,47.0,1706995
2024-08-05,46.400001525878906,46.459999084472656,45.11000061035156,45.84000015258789,3924546
2024-08-06,46.189998626708984,46.79999923706055,45.0,45.810001373291016,2075757
2024-08-07,45.93000030517578,46.810001373291016,45.900001525878906,46.4900016784668,1529248
2024-08-08,46.630001068115234,46.70000076293945,45.65999984741211,46.349998474121094,1585671
2024-08-09,46.5,46.540000915527344,45.560001373291016,45.959999084472656,1543271
2024-08-12,46.130001068115234,47.2400016784668,46.060001373291016,47.2400016784668,857291
2024-08-13,47.29999923706055,47.400001525878906,46.38999938964844,46.43000030517578,2578699
2024-08-14,46.939998626708984,47.47999954223633,46.5099983215332,47.279998779296875,1272267
2024-08-16,47.54999923706055,48.25,47.54999923706055,48.2400016784668,1440649
2024-08-19,48.29999923706055,48.650001525878906,47.95000076293945,48.54999923706055,828005
2024-08-20,48.54999923706055,48.599998474121094,47.65999984741211,47.689998626708984,1217939
2024-08-21,47.70000076293945,48.38999938964844,47.650001525878906,48.16999816894531,837089
2024-08-22,48.150001525878906,48.54999923706055,47.83000183105469,47.83000183105469,1056276
2024-08-23,47.900001525878906,49.119998931884766,47.900001525878906,48.79999923706055,1283710
2024-08-26,48.900001525878906,48.9900016784668,48.369998931884766,48.47999954223633,683738
2024-08-27,48.720001220703125,48.83000183105469,48.0099983215332,48.630001068115234,913720
2024-08-28,48.209999084472656,49.099998474121094,48.209999084472656,48.72999954223633,864675
2024-08-29,48.290000915527344,48.33000183105469,46.79999923706055,47.33000183105469,3123259
2024-08-30,47.5,47.58000183105469,46.54999923706055,46.63999938964844,4799139
2024-09-02,46.7599983215332,48.599998474121094,46.7400016784668,48.119998931884766,2523602
2024-09-03,48.45000076293945,48.45000076293945,47.540000915527344,47.7400016784668,1408635
2024-09-04,47.70000076293945,48.029998779296875,47.33000183105469,47.599998474121094,1255395
2024-09-05,47.650001525878906,48.150001525878906,47.04999923706055,47.279998779296875,1154098
2024-09-06,47.400001525878906,47.5099983215332,46.59000015258789,46.59000015258789,1737968
2024-09-09,47.0,47.290000915527344,46.459999084472656,46.880001068115234,1030451
2024-09-10,47.0099983215332,47.2400016784668,46.040000915527344,46.20000076293945,1497284
2024-09-11,46.27000045776367,46.310001373291016,45.41999816894531,45.5,1355749
2024-09-12,46.119998931884766,46.52000045776367,45.83000183105469,45.86000061035156,1570136
2024-09-13,46.0099983215332,46.91999816894531,45.970001220703125,46.599998474121094,2811238
2024-09-16,41.79999923706055,41.849998474121094,39.150001525878906,39.150001525878906,8052383
2024-09-17,39.599998474121094,41.599998474121094,39.5,41.41999816894531,5450614
2024-09-18,41.81999969482422,41.9900016784668,40.959999084472656,41.25,2032963
2024-09-19,41.439998626708984,42.560001373291016,41.439998626708984,41.93000030517578,2809583
2024-09-20,42.0,42.189998626708984,41.349998474121094,41.529998779296875,5525399
2024-09-23,41.369998931884766,42.20000076293945,40.86000061035156,41.68000030517578,3706827
2024-09-24,41.900001525878906,43.04999923706055,41.720001220703125,42.70000076293945,1793095
2024-09-25,42.72999954223633,43.400001525878906,42.400001525878906,42.88999938964844,1846610
2024-09-26,43.47999954223633,43.77000045776367,42.099998474121094,42.5,1848965
2024-09-27,42.790000915527344,43.560001373291016,42.349998474121094,43.43000030517578,1662963
2024-09-30,43.380001068115234,43.380001068115234,42.06999969482422,42.08000183105469,2142261
2024-10-01,42.29999923706055,42.56999969482422,41.59000015258789,42.20000076293945,1739830
2024-10-02,42.099998474121094,42.59000015258789,41.7599983215332,42.369998931884766,1214376
2024-10-03,42.5,42.58000183105469,41.66999816894531,41.66999816894531,2055045
2024-10-04,41.709999084472656,41.959999084472656,41.18000030517578,41.529998779296875,1105152
2024-10-07,41.70000076293945,41.77000045776367,40.77000045776367,41.11000061035156,1171425
2024-10-08,40.79999923706055,41.650001525878906,40.529998779296875,41.36000061035156,1230920
2024-10-09,41.400001525878906,42.34000015258789,41.08000183105469,41.90999984741211,1946340
2024-10-10,42.25,42.5,40.54999923706055,41.02000045776367,3602683
2024-10-11,41.0,41.4900016784668,40.61000061035156,41.43000030517578,1858516
2024-10-14,41.5099983215332,41.619998931884766,40.90999984741211,41.36000061035156,962471
2024-10-15,41.40999984741211,41.68000030517578,41.119998931884766,41.59000015258789,1467917
2024-10-16,41.599998474121094,41.65999984741211,40.90999984741211,41.34000015258789,2659621
2024-10-17,41.29999923706055,41.4900016784668,40.599998474121094,40.66999816894531,1985630
2024-10-18,41.20000076293945,41.790000915527344,40.959999084472656,41.439998626708984,1725223
2024-10-21,41.439998626708984,41.599998474121094,40.41999816894531,40.63999938964844,1928204
2024-10-22,40.65999984741211,40.70000076293945,39.869998931884766,40.11000061035156,2574183
2024-10-23,40.130001068115234,40.7400016784668,39.869998931884766,40.709999084472656,1915578
2024-10-24,40.72999954223633,41.22999954223633,40.45000076293945,40.779998779296875,1465956
2024-10-25,40.779998779296875,41.18000030517578,40.619998931884766,40.959999084472656,1340997
2024-10-28,41.0,41.18000030517578,40.54999923706055,40.54999923706055,1127395
2024-10-29,40.599998474121094,41.29999923706055,40.599998474121094,41.189998626708984,1242337
2024-10-30,41.18000030517578,41.18000030517578,39.75,40.0099983215332,2229118
2024-10-31,39.900001525878906,39.900001525878906,39.4900016784668,39.70000076293945,1623469
2024-11-04,40.380001068115234,40.630001068115234,39.59000015258789,40.47999954223633,1452113
2024-11-05,40.54999923706055,40.709999084472656,40.029998779296875,40.43000030517578,1085718
2024-11-06,40.470001220703125,41.279998779296875,40.40999984741211,40.54999923706055,1280166
2024-11-07,40.70000076293945,42.040000915527344,40.63999938964844,41.709999084472656,1486029
2024-11-08,41.709999084472656,41.79999923706055,40.77000045776367,41.150001525878906,1180139
2024-11-12,41.099998474121094,41.33000183105469,40.709999084472656,40.869998931884766,2275367
2024-11-13,41.0,41.20000076293945,40.540000915527344,40.91999816894531,1357528
2024-11-14,41.0,41.56999969482422,40.970001220703125,41.56999969482422,1691627
2024-11-15,41.599998474121094,41.599998474121094,40.689998626708984,40.91999816894531,1232246
2024-11-18,40.599998474121094,41.470001220703125,40.599998474121094,41.13999938964844,1292352
2024-11-19,41.290000915527344,41.45000076293945,39.29999923706055,40.0099983215332,3441652
2024-11-20,40.04999923706055,40.529998779296875,39.63999938964844,39.95000076293945,1326404
2024-11-21,40.13999938964844,42.720001220703125,40.13999938964844,42.68000030517578,3489041
2024-11-22,43.0,43.65999984741211,42.36000061035156,43.31999969482422,3401915
2024-11-25,43.41999816894531,43.79999923706055,43.029998779296875,43.119998931884766,3254164
2024-11-26,43.0,43.790000915527344,42.900001525878906,42.959999084472656,1530831
2024-11-27,42.810001373291016,43.34000015258789,42.630001068115234,43.20000076293945,3114022
2024-11-28,43.400001525878906,43.7400016784668,42.5099983215332,42.84000015258789,987407
2024-11-29,43.20000076293945,44.47999954223633,42.95000076293945,44.20000076293945,2883493
2024-12-02,45.0,46.209999084472656,44.59000015258789,45.560001373291016,4419324
2024-12-03,45.599998474121094,45.83000183105469,45.0099983215332,45.31999969482422,5334219
2024-12-04,45.4900016784668,46.22999954223633,45.209999084472656,45.880001068115234,3358553
2024-12-05,46.0,46.369998931884766,45.75,46.11000061035156,2722505
2024-12-06,46.29999923706055,46.29999923706055,45.83000183105469,46.0,1997334
2024-12-09,46.0,46.33000183105469,45.709999084472656,46.0,3275481
2024-12-10,45.529998779296875,46.599998474121094,45.529998779296875,46.439998626708984,2389431
2024-12-11,46.29999923706055,46.61000061035156,45.84000015258789,46.2599983215332,1459884
2024-12-12,46.18000030517578,46.79999923706055,46.15999984741211,46.40999984741211,1962681
2024-12-13,46.40999984741211,46.619998931884766,46.060001373291016,46.5,1836551
2024-12-16,46.5,46.7599983215332,46.04999923706055,46.290000915527344,2109941
2024-12-17,46.279998779296875,46.65999984741211,45.45000076293945,45.45000076293945,2335661
2024-12-18,45.45000076293945,45.970001220703125,45.189998626708984,45.72999954223633,1495425
2024-12-19,45.2599983215332,46.959999084472656,45.2599983215332,46.959999084472656,3273756
2024-12-20,46.959999084472656,46.9900016784668,45.59000015258789,46.099998474121094,3689299
2024-12-23,46.189998626708984,46.310001373291016,45.310001373291016,45.72999954223633,892502
2024-12-27,45.880001068115234,46.029998779296875,45.400001525878906,46.029998779296875,823162
2024-12-30,46.029998779296875,46.099998474121094,45.4900016784668,45.84000015258789,801101
2025-01-02,45.97999954223633,46.68000030517578,45.880001068115234,46.439998626708984,1276352
2025-01-03,46.439998626708984,47.06999969482422,46.099998474121094,46.7599983215332,1547765
2025-01-07,47.599998474121094,48.349998474121094,46.72999954223633,48.130001068115234,3467673
2025-01-08,48.33000183105469,48.45000076293945,47.52000045776367,48.0,3564571
2025-01-09,48.0099983215332,48.380001068115234,47.90999984741211,48.209999084472656,1669618
2025-01-10,48.209999084472656,48.47999954223633,47.86000061035156,48.130001068115234,1586111
2025-01-13,48.0,48.060001373291016,47.22999954223633,47.650001525878906,2208580
2025-01-14,47.880001068115234,47.88999938964844,47.189998626708984,47.5,1598696
2025-01-15,47.5099983215332,48.599998474121094,47.13999938964844,48.54999923706055,1344692
2025-01-16,48.70000076293945,48.720001220703125,48.380001068115234,48.540000915527344,1309693
2025-01-17,48.63999938964844,49.25,48.470001220703125,49.0,1811631
2025-01-20,49.220001220703125,49.349998474121094,48.93000030517578,49.20000076293945,1007121
2025-01-21,49.20000076293945,49.66999816894531,48.880001068115234,49.40999984741211,1554731
2025-01-22,49.40999984741211,50.41999816894531,49.27000045776367,50.0,2096682
2025-01-23,49.66999816894531,50.31999969482422,49.0,50.29999923706055,2337059
2025-01-24,50.34000015258789,50.86000061035156,50.119998931884766,50.5,2266624
2025-01-27,50.5,50.65999984741211,49.79999923706055,50.560001373291016,2010897
2025-01-28,50.459999084472656,50.70000076293945,49.619998931884766,49.970001220703125,3185354
2025-01-29,50.0,50.36000061035156,49.52000045776367,49.599998474121094,1141076
2025-01-30,49.599998474121094,50.36000061035156,49.599998474121094,50.36000061035156,1205480
2025-01-31,50.36000061035156,50.65999984741211,49.790000915527344,50.0,1767919
2025-02-03,49.0,49.83000183105469,49.0,49.68000030517578,1495910
2025-02-04,49.84000015258789,50.36000061035156,49.70000076293945,50.13999938964844,2344360
2025-02-05,50.13999938964844,50.36000061035156,49.36000061035156,49.58000183105469,1653145
2025-02-06,49.720001220703125,51.2400016784668,49.720001220703125,51.0,2100233
2025-02-07,51.0,51.220001220703125,50.65999984741211,51.08000183105469,1481639
2025-02-10,51.0,51.459999084472656,50.7400016784668,51.13999938964844,1135765
2025-02-11,51.29999923706055,51.70000076293945,50.97999954223633,51.47999954223633,983946
2025-02-12,51.68000030517578,52.380001068115234,51.540000915527344,52.380001068115234,2040526
2025-02-13,52.5,53.08000183105469,52.20000076293945,52.7400016784668,2219140
2025-02-14,52.81999969482422,53.08000183105469,52.15999984741211,52.29999923706055,1795007
2025-02-17,52.29999923706055,53.5,52.02000045776367,53.20000076293945,1271073
2025-02-18,53.220001220703125,55.880001068115234,53.220001220703125,55.31999969482422,3208130
2025-02-19,55.31999969482422,55.400001525878906,53.880001068115234,54.2599983215332,3423229
2025-02-20,54.099998474121094,55.0,53.81999969482422,54.34000015258789,3049399
2025-02-21,54.119998931884766,54.7599983215332,54.060001373291016,54.13999938964844,2838362
2025-02-24,54.13999938964844,54.13999938964844,53.099998474121094,53.2599983215332,871807
2025-02-25,53.099998474121094,54.13999938964844,53.040000915527344,53.86000061035156,1583991
2025-02-26,54.119998931884766,54.560001373291016,53.959999084472656,54.47999954223633,1916608
2025-02-27,54.18000030517578,54.79999923706055,53.79999923706055,53.880001068115234,2372362
2025-02-28,53.400001525878906,54.20000076293945,53.279998779296875,53.91999816894531,2735083
2025-03-03,53.70000076293945,54.91999816894531,53.099998474121094,54.86000061035156,1655352
2025-03-04,54.0,54.380001068115234,52.08000183105469,52.52000045776367,3136292
2025-03-05,53.5,54.08000183105469,53.34000015258789,54.0,1700141
2025-03-06,54.36000061035156,55.0,53.540000915527344,54.619998931884766,1760776
2025-03-07,54.47999954223633,54.91999816894531,53.91999816894531,54.779998779296875,1556354
2025-03-10,54.79999923706055,54.86000061035156,53.52000045776367,53.900001525878906,1313008
2025-03-11,53.70000076293945,54.29999923706055,52.900001525878906,53.08000183105469,2010787
2025-03-12,53.29999923706055,54.540000915527344,53.29999923706055,54.52000045776367,1437064
2025-03-13,54.599998474121094,55.060001373291016,54.2400016784668,54.68000030517578,1865012
2025-03-14,54.7400016784668,56.0,54.58000183105469,55.79999923706055,3944077
2025-03-17,55.959999084472656,56.7599983215332,55.720001220703125,56.58000183105469,1840437
2025-03-18,56.79999923706055,57.70000076293945,56.099998474121094,56.880001068115234,2108681
2025-03-19,56.400001525878906,56.97999954223633,55.79999923706055,56.65999984741211,1805314
2025-03-20,56.63999938964844,56.65999984741211,55.52000045776367,56.119998931884766,1934747
2025-03-21,55.91999816894531,56.68000030517578,55.34000015258789,56.040000915527344,4201489
2025-03-24,56.41999816894531,57.65999984741211,56.119998931884766,57.34000015258789,1388313
2025-03-25,57.70000076293945,57.86000061035156,57.0,57.7599983215332,1239170
2025-03-26,57.68000030517578,58.08000183105469,57.36000061035156,57.84000015258789,1481747
2025-03-27,58.5,59.5,57.439998626708984,59.099998474121094,2117119
2025-03-28,58.900001525878906,58.900001525878906,56.959999084472656,57.20000076293945,1647771
2025-03-31,56.36000061035156,57.0,55.63999938964844,56.0,2361225
2025-04-01,56.29999923706055,58.040000915527344,56.29999923706055,57.540000915527344,2074795
2025-04-02,57.70000076293945,58.15999984741211,57.41999816894531,58.02000045776367,1506508
2025-04-03,56.68000030517578,57.880001068115234,56.380001068115234,56.560001373291016,1174151
2025-04-04,56.0,56.47999954223633,52.400001525878906,52.58000183105469,3406082
2025-04-07,48.0,53.459999084472656,45.599998474121094,51.900001525878906,3356853
2025-04-08,52.36000061035156,54.619998931884766,51.939998626708984,54.459999084472656,2742494
2025-04-09,53.5,54.31999969482422,51.900001525878906,52.599998474121094,2093503
2025-04-10,57.0,57.29999923706055,53.779998779296875,54.97999954223633,2399882
2025-04-11,54.959999084472656,55.459999084472656,54.13999938964844,54.560001373291016,1066330
2025-04-14,55.63999938964844,56.70000076293945,55.279998779296875,56.459999084472656,1566936
2025-04-15,56.459999084472656,57.5,54.97999954223633,56.02000045776367,2459330
2025-04-16,55.08000183105469,56.619998931884766,55.08000183105469,56.29999923706055,1758681
2025-04-17,56.31999969482422,56.900001525878906,56.060001373291016,56.720001220703125,1172877
2025-04-22,56.720001220703125,57.70000076293945,56.439998626708984,57.70000076293945,1845263
2025-04-23,58.119998931884766,58.900001525878906,57.79999923706055,58.900001525878906,1484676
2025-04-24,58.47999954223633,59.099998474121094,58.0,59.099998474121094,1927886
2025-04-25,59.0,59.400001525878906,58.560001373291016,59.400001525878906,1402923
2025-04-28,59.29999923706055,59.70000076293945,58.63999938964844,59.439998626708984,1464325
2025-04-29,59.439998626708984,60.099998474121094,59.2599983215332,59.880001068115234,1676896
2025-04-30,59.880001068115234,60.099998474121094,58.439998626708984,58.84000015258789,1799932
2025-05-02,59.5,61.220001220703125,59.02000045776367,61.08000183105469,2142297
2025-05-05,61.08000183105469,61.099998474121094,60.2599983215332,61.0,729888
2025-05-06,61.0,61.0,58.86000061035156,59.540000915527344,1943949
2025-05-07,59.779998779296875,60.41999816894531,59.13999938964844,60.279998779296875,2134061
2025-05-08,60.86000061035156,60.900001525878906,59.91999816894531,60.29999923706055,1308051
2025-05-09,60.29999923706055,62.599998474121094,60.29999923706055,62.099998474121094,1673203
2025-05-12,62.20000076293945,63.599998474121094,61.58000183105469,62.2599983215332,1610166
2025-05-13,62.02000045776367,62.86000061035156,61.7599983215332,62.63999938964844,1630463
2025-05-14,63.0,63.0,61.79999923706055,62.47999954223633,1266146
2025-05-15,63.0,63.439998626708984,61.959999084472656,63.15999984741211,1712632
2025-05-16,63.7599983215332,64.37999725341797,63.15999984741211,63.31999969482422,1447411
2025-05-19,63.0,63.20000076293945,61.099998474121094,62.560001373291016,2373002
2025-05-20,62.5,63.13999938964844,61.79999923706055,62.400001525878906,2379550
2025-05-21,62.5,62.5,59.97999954223633,60.099998474121094,2209224
2025-05-22,60.279998779296875,60.79999923706055,59.47999954223633,60.099998474121094,2254060
2025-05-23,60.13999938964844,60.540000915527344,57.220001220703125,58.619998931884766,2786424
2025-05-26,59.380001068115234,60.79999923706055,59.13999938964844,60.5,966538
2025-05-27,60.619998931884766,61.20000076293945,60.119998931884766,61.0,1328971
2025-05-28,61.060001373291016,61.91999816894531,60.84000015258789,61.900001525878906,2247667
2025-05-29,61.959999084472656,62.36000061035156,60.7599983215332,61.040000915527344,1859592
2025-05-30,61.02000045776367,61.18000030517578,59.560001373291016,61.18000030517578,4245637
2025-06-02,59.79999923706055,62.08000183105469,59.099998474121094,61.939998626708984,2893031
2025-06-03,62.0,62.099998474121094,60.2400016784668,61.540000915527344,1290826
2025-06-04,61.63999938964844,62.20000076293945,61.13999938964844,62.0,1859364
2025-06-05,62.20000076293945,62.560001373291016,60.97999954223633,61.13999938964844,1112815
2025-06-06,61.29999923706055,61.34000015258789,59.099998474121094,60.84000015258789,2205011
2025-06-09,60.84000015258789,61.880001068115234,60.41999816894531,61.400001525878906,772772
2025-06-10,61.68000030517578,63.540000915527344,61.36000061035156,62.939998626708984,1868643
2025-06-11,62.900001525878906,63.36000061035156,61.70000076293945,62.7599983215332,1451380
2025-06-12,61.599998474121094,62.29999923706055,60.599998474121094,61.099998474121094,2083207
2025-06-13,60.0,60.31999969482422,58.70000076293945,59.0,3522311
2025-06-16,59.0,59.599998474121094,58.31999969482422,58.84000015258789,2565821
2025-06-17,58.5,60.119998931884766,58.36000061035156,59.959999084472656,3988053
2025-06-18,60.0,60.15999984741211,58.599998474121094,59.459999084472656,1605755
2025-06-20,59.58000183105469,60.400001525878906,59.20000076293945,60.099998474121094,3005017
2025-06-23,60.0,60.279998779296875,59.13999938964844,59.41999816894531,927654
2025-06-24,60.70000076293945,61.29999923706055,60.2400016784668,61.13999938964844,1049195
2025-06-25,61.13999938964844,61.58000183105469,60.900001525878906,61.400001525878906,1285713
2025-06-26,61.599998474121094,62.779998779296875,61.599998474121094,62.47999954223633,1426122
2025-06-27,62.97999954223633,62.97999954223633,61.560001373291016,62.02000045776367,829041
2025-06-30,62.279998779296875,63.08000183105469,62.15999984741211,63.0,1713022
2025-07-01,63.0,63.34000015258789,61.599998474121094,62.15999984741211,1380072
2025-07-02,62.540000915527344,63.15999984741211,61.779998779296875,62.65999984741211,1129627
2025-07-03,62.7599983215332,64.12000274658203,62.7599983215332,63.560001373291016,1877336
2025-07-04,63.36000061035156,63.5,61.400001525878906,61.70000076293945,1655050
2025-07-07,61.84000015258789,62.0,60.7599983215332,61.0,1536882
2025-07-08,61.0,62.29999923706055,60.52000045776367,62.29999923706055,3231290
2025-07-09,62.20000076293945,62.220001220703125,60.900001525878906,61.040000915527344,1946301
2025-07-10,61.2599983215332,61.2599983215332,59.47999954223633,59.70000076293945,3716309
2025-07-11,60.0,60.20000076293945,59.439998626708984,60.060001373291016,1836945
2025-07-14,60.0,60.099998474121094,59.560001373291016,59.7400016784668,1081063
2025-07-15,59.959999084472656,60.65999984741211,59.459999084472656,59.880001068115234,1486869
2025-07-16,59.560001373291016,60.13999938964844,59.380001068115234,59.68000030517578,1137590
2025-07-17,60.0,60.959999084472656,59.58000183105469,60.959999084472656,965298
2025-07-18,61.060001373291016,62.65999984741211,61.060001373291016,62.20000076293945,1606123
2025-07-21,62.400001525878906,62.720001220703125,61.7599983215332,62.119998931884766,995509
2025-07-22,62.119998931884766,62.119998931884766,60.91999816894531,61.7599983215332,1534362
2025-07-23,62.20000076293945,63.060001373291016,61.599998474121094,62.0,1476010
2025-07-24,62.47999954223633,62.70000076293945,61.720001220703125,62.5,945616
2025-07-25,62.2599983215332,62.540000915527344,61.68000030517578,62.5,1277716
2025-07-28,62.68000030517578,62.939998626708984,61.060001373291016,61.2400016784668,1344001
2025-07-29,61.5,62.400001525878906,61.13999938964844,62.400001525878906,1842769
2025-07-30,62.400001525878906,63.5,62.099998474121094,63.5,1859885
2025-07-31,63.599998474121094,63.63999938964844,62.63999938964844,63.02000045776367,973966
2025-08-01,62.779998779296875,62.880001068115234,61.65999984741211,62.36000061035156,1337724
2025-08-04,62.400001525878906,62.619998931884766,61.81999969482422,62.619998931884766,895645
2025-08-05,62.900001525878906,63.400001525878906,62.41999816894531,62.91999816894531,1282528
2025-08-06,63.0,63.47999954223633,62.400001525878906,63.47999954223633,1679937
2025-08-07,63.459999084472656,65.83999633789062,63.15999984741211,65.72000122070312,2960300
2025-08-08,65.69999694824219,65.76000213623047,63.939998626708984,65.63999938964844,1705626
2025-08-11,65.83999633789062,65.95999908447266,64.68000030517578,65.16000366210938,668848
2025-08-12,65.16000366210938,65.87999725341797,65.13999938964844,65.63999938964844,738069
2025-08-13,65.9000015258789,66.62000274658203,64.66000366210938,65.5,1601465
2025-08-14,65.5,65.58000183105469,64.13999938964844,64.9000015258789,1529404
2025-08-18,65.5,65.54000091552734,64.0,64.9800033569336,1265844
2025-08-19,65.26000213623047,65.5999984741211,64.58000183105469,65.41999816894531,965806
2025-08-20,65.41999816894531,65.45999908447266,64.37999725341797,64.94000244140625,1214259
2025-08-21,65.05999755859375,65.9800033569336,64.66000366210938,65.86000061035156,1215878
2025-08-22,64.80000305175781,64.80000305175781,61.84000015258789,62.380001068115234,3783893
2025-08-25,62.599998474121094,63.779998779296875,62.599998474121094,63.400001525878906,2172104
2025-08-26,63.5,63.70000076293945,62.2599983215332,63.36000061035156,2229423
2025-08-27,63.439998626708984,63.939998626708984,62.380001068115234,62.599998474121094,1827942
2025-08-28,63.400001525878906,63.540000915527344,61.599998474121094,61.619998931884766,1650065
2025-08-29,61.599998474121094,62.29999923706055,60.5,60.560001373291016,2213065
2025-09-01,60.84000015258789,61.63999938964844,59.619998931884766,60.20000076293945,1306326
2025-09-02,60.5,61.560001373291016,59.7599983215332,61.060001373291016,1024269
2025-09-03,61.540000915527344,61.7400016784668,60.81999969482422,61.20000076293945,1451189
2025-09-04,61.459999084472656,61.939998626708984,60.63999938964844,61.599998474121094,827756
2025-09-05,62.0,62.2599983215332,60.900001525878906,61.040000915527344,893622
2025-09-08,61.400001525878906,61.97999954223633,61.31999969482422,61.81999969482422,899582
2025-09-09,62.060001373291016,62.119998931884766,61.20000076293945,61.720001220703125,1246631
2025-09-10,61.400001525878906,61.5,59.779998779296875,61.02000045776367,1939670
2025-09-11,61.040000915527344,61.65999984741211,60.68000030517578,61.400001525878906,1710023
2025-09-12,61.619998931884766,61.79999923706055,61.0,61.36000061035156,3042356
2025-09-15,61.439998626708984,62.2400016784668,61.400001525878906,62.099998474121094,1442105
2025-09-16,62.2599983215332,62.619998931884766,60.599998474121094,60.63999938964844,2089712
2025-09-17,61.20000076293945,61.2599983215332,60.2599983215332,60.58000183105469,5095640
2025-09-18,60.599998474121094,61.099998474121094,60.02000045776367,60.02000045776367,1952693
2025-09-19,60.47999954223633,60.52000045776367,59.900001525878906,60.29999923706055,2923605
2025-09-22,60.5,60.58000183105469,59.7400016784668,60.18000030517578,1591356
2025-09-23,61.0,61.220001220703125,60.18000030517578,60.439998626708984,2109673
2025-09-24,56.52000045776367,57.20000076293945,56.060001373291016,56.5,2609262
2025-09-25,56.20000076293945,56.20000076293945,53.900001525878906,54.040000915527344,4790202
2025-09-26,54.040000915527344,55.2400016784668,53.36000061035156,55.2400016784668,2617698
2025-09-29,55.70000076293945,55.70000076293945,54.599998474121094,55.040000915527344,1654898
2025-09-30,55.040000915527344,55.040000915527344,54.2400016784668,54.36000061035156,2009507
2025-10-01,54.36000061035156,55.540000915527344,53.880001068115234,55.29999923706055,1649567
2025-10-02,55.5,56.2599983215332,55.15999984741211,55.380001068115234,2835408
2025-10-03,55.79999923706055,55.97999954223633,54.7599983215332,55.31999969482422,1110600
2025-10-06,55.31999969482422,55.58000183105469,54.380001068115234,54.540000915527344,1093855
2025-10-07,55.400001525878906,56.439998626708984,55.060001373291016,56.20000076293945,2006635
2025-10-08,56.20000076293945,56.380001068115234,55.619998931884766,56.119998931884766,1359282
2025-10-09,56.119998931884766,56.34000015258789,55.380001068115234,55.5,918474
2025-10-10,55.5,55.939998626708984,55.02000045776367,55.619998931884766,2046385
2025-10-13,54.79999923706055,55.619998931884766,54.599998474121094,55.29999923706055,1139274
2025-10-14,55.31999969482422,55.880001068115234,54.880001068115234,55.63999938964844,1690173
2025-10-15,55.63999938964844,56.18000030517578,55.63999938964844,55.84000015258789,2368858
2025-10-16,55.84000015258789,56.0,55.08000183105469,55.31999969482422,950208
2025-10-17,55.0,55.099998474121094,53.91999816894531,54.560001373291016,1418910
2025-10-20,55.08000183105469,55.29999923706055,54.63999938964844,54.97999954223633,1378249
2025-10-21,54.97999954223633,55.36000061035156,54.779998779296875,55.0,2438670
2025-10-22,55.15999984741211,56.34000015258789,54.81999969482422,56.279998779296875,2242705
2025-10-23,56.279998779296875,57.68000030517578,56.0,57.220001220703125,2658490
2025-10-24,57.619998931884766,57.79999923706055,56.86000061035156,57.380001068115234,1812015
2025-10-27,57.7400016784668,58.060001373291016,57.279998779296875,57.58000183105469,2357206
2025-10-28,57.7400016784668,59.29999923706055,57.52000045776367,59.02000045776367,2424730
2025-10-29,59.279998779296875,59.439998626708984,58.70000076293945,59.400001525878906,1680966
2025-10-30,59.599998474121094,59.84000015258789,58.81999969482422,59.5,1761547
2025-10-31,59.540000915527344,59.599998474121094,58.91999816894531,59.060001373291016,1364273
2025-11-03,59.2599983215332,60.099998474121094,59.18000030517578,59.84000015258789,1241508
2025-11-04,59.7599983215332,60.15999984741211,59.099998474121094,60.02000045776367,1328471
2025-11-05,60.0,60.279998779296875,59.459999084472656,60.279998779296875,945407
2025-11-06,60.400001525878906,61.7599983215332,60.380001068115234,61.0,1740368
2025-11-07,61.400001525878906,61.599998474121094,59.91999816894531,60.439998626708984,1342971
2025-11-10,61.2400016784668,61.47999954223633,60.52000045776367,60.939998626708984,1249802
2025-11-12,61.5,62.099998474121094,61.279998779296875,61.380001068115234,1498709
2025-11-13,61.599998474121094,62.20000076293945,61.119998931884766,61.20000076293945,1032250
2025-11-14,60.84000015258789,60.939998626708984,59.97999954223633,60.65999984741211,1099250
2025-11-17,60.900001525878906,61.13999938964844,60.08000183105469,60.34000015258789,1122876
2025-11-18,60.02000045776367,60.060001373291016,58.79999923706055,59.040000915527344,1329152
2025-11-19,59.0,60.0,58.959999084472656,59.65999984741211,935444
2025-11-20,61.79999923706055,62.439998626708984,61.400001525878906,61.79999923706055,2515628
2025-11-21,61.400001525878906,61.400001525878906,60.2400016784668,61.060001373291016,1270433
2025-11-24,61.279998779296875,61.68000030517578,60.65999984741211,61.400001525878906,2606740
2025-11-25,61.7599983215332,63.2400016784668,60.97999954223633,62.70000076293945,2114215
2025-11-26,62.900001525878906,63.20000076293945,62.34000015258789,63.099998474121094,1553825
2025-11-27,63.15999984741211,63.31999969482422,62.720001220703125,63.18000030517578,842640
2025-11-28,63.099998474121094,63.099998474121094,62.439998626708984,62.86000061035156,857351
2025-12-01,62.7599983215332,63.29999923706055,62.52000045776367,63.29999923706055,862198
2025-12-02,63.31999969482422,63.380001068115234,62.47999954223633,63.18000030517578,1116866
2025-12-03,63.2400016784668,63.29999923706055,62.060001373291016,62.18000030517578,978839
2025-12-04,62.34000015258789,63.380001068115234,61.939998626708984,63.2400016784668,1135396
2025-12-05,63.29999923706055,63.36000061035156,62.619998931884766,62.65999984741211,920835
2025-12-08,63.0,63.459999084472656,62.720001220703125,62.86000061035156,1286830
2025-12-09,62.91999816894531,64.0,62.63999938964844,64.0,1745950
2025-12-10,64.0,64.58000183105469,63.20000076293945,64.5,1491290
2025-12-11,64.4800033569336,65.44000244140625,64.0199966430664,65.0999984741211,1530967
2025-12-12,65.13999938964844,65.91999816894531,65.13999938964844,65.31999969482422,1360707
2025-12-15,65.5,66.94000244140625,65.18000030517578,66.87999725341797,2053671
2025-12-16,66.77999877929688,66.9800033569336,66.13999938964844,66.86000061035156,1572001
2025-12-17,66.9800033569336,67.0999984741211,66.45999908447266,66.91999816894531,1173974
2025-12-18,67.0,67.0,66.19999694824219,66.86000061035156,1149168
2025-12-19,66.86000061035156,68.27999877929688,66.63999938964844,67.91999816894531,4005838
2025-12-22,68.0,68.04000091552734,67.30000305175781,67.9000015258789,902088
2025-12-23,68.0,68.4000015258789,67.26000213623047,67.5,750909
2025-12-29,67.45999908447266,67.45999908447266,65.76000213623047,66.08000183105469,825513
2025-12-30,66.0999984741211,67.27999877929688,66.0999984741211,66.73999786376953,884368
2026-01-02,67.0,68.80000305175781,66.73999786376953,68.5,1260596
2026-01-05,68.55999755859375,69.19999694824219,67.69999694824219,68.13999938964844,1817222
2026-01-07,70.0,72.16000366210938,69.54000091552734,71.58000183105469,4293828
2026-01-08,71.05999755859375,71.31999969482422,70.4800033569336,71.19999694824219,2052279
2026-01-09,71.5,71.5,69.72000122070312,70.0,2160455
2026-01-12,70.0,70.30000305175781,69.0,69.44000244140625,1160520
2026-01-13,69.68000030517578,69.83999633789062,68.13999938964844,69.0,1858092
2026-01-14,69.05999755859375,69.13999938964844,67.27999877929688,69.0999984741211,1825944
2026-01-15,69.5199966430664,70.0999984741211,68.87999725341797,69.94000244140625,1772347
2026-01-16,69.95999908447266,69.9800033569336,69.18000030517578,69.9800033569336,1706729
2026-01-19,69.30000305175781,70.05999755859375,69.05999755859375,69.80000305175781,1429779
2026-01-20,69.91999816894531,69.94000244140625,68.72000122070312,69.55999755859375,1595701
2026-01-21,69.69999694824219,69.87999725341797,68.22000122070312,68.9000015258789,1271381
2026-01-22,69.30000305175781,70.80000305175781,69.19999694824219,70.05999755859375,1990139
2026-01-23,70.13999938964844,70.19999694824219,68.80000305175781,68.83999633789062,1125690
2026-01-26,68.83999633789062,69.0,67.95999908447266,68.80000305175781,1523347
2026-01-27,68.94000244140625,70.58000183105469,68.36000061035156,70.0,2174930
2026-01-28,70.54000091552734,70.5999984741211,69.31999969482422,69.62000274658203,2145061
2026-01-29,70.0,70.27999877929688,69.0,69.33999633789062,1600824
2026-01-30,69.04000091552734,70.5199966430664,68.94000244140625,70.08000183105469,2022235
2026-02-02,69.30000305175781,70.80000305175781,68.86000061035156,70.62000274658203,931469
2026-02-03,71.26000213623047,72.12000274658203,70.19999694824219,72.12000274658203,1897078
2026-02-04,72.30000305175781,72.72000122070312,71.22000122070312,71.72000122070312,1438639
2026-02-05,71.77999877929688,71.86000061035156,70.36000061035156,70.91999816894531,1846238
2026-02-06,70.80000305175781,71.69999694824219,70.58000183105469,71.41999816894531,737925
2026-02-09,71.63999938964844,71.9800033569336,70.87999725341797,71.36000061035156,907102
2026-02-10,71.36000061035156,71.36000061035156,70.66000366210938,70.69999694824219,1446878
2026-02-11,70.69999694824219,70.86000061035156,69.4000015258789,69.86000061035156,1848135
2026-02-12,70.31999969482422,70.4000015258789,68.94000244140625,69.18000030517578,1533531
2026-02-13,69.5199966430664,69.69999694824219,67.9000015258789,68.45999908447266,2085637
2026-02-16,68.72000122070312,68.77999877929688,68.30000305175781,68.66000366210938,639479
2026-02-17,68.76000213623047,68.77999877929688,67.95999908447266,68.5199966430664,1396214
2026-02-18,68.94000244140625,69.13999938964844,68.4800033569336,69.0999984741211,1063924
2026-02-19,69.31999969482422,69.9800033569336,68.4000015258789,69.0,1376725
2026-02-20,69.04000091552734,69.58000183105469,68.5999984741211,69.45999908447266,1110996
2026-02-23,69.5,70.0999984741211,69.30000305175781,70.0199966430664,2324161
2026-02-24,70.0199966430664,70.19999694824219,67.72000122070312,68.44000244140625,2153873
2026-02-25,69.12000274658203,69.9000015258789,68.80000305175781,69.9000015258789,2659028
2026-02-26,68.44000244140625,68.94000244140625,66.12000274658203,67.54000091552734,4607300
2026-02-27,68.37999725341797,68.37999725341797,66.94000244140625,67.63999938964844,4058129
2026-03-02,66.69999694824219,66.76000213623047,65.41999816894531,66.0,2613283
2026-03-03,65.80000305175781,65.86000061035156,63.540000915527344,64.44000244140625,3038493
2026-03-04,64.5,66.69999694824219,64.5,66.54000091552734,2449866
2026-03-05,66.55999755859375,67.13999938964844,65.9000015258789,66.0199966430664,1973510
2026-03-06,66.12000274658203,66.55999755859375,64.5999984741211,64.95999908447266,1963474
2026-03-09,63.47999954223633,64.19999694824219,62.86000061035156,64.19999694824219,2738949
2026-03-10,65.18000030517578,66.0,64.5199966430664,64.63999938964844,1999774
2026-03-11,65.04000091552734,65.0999984741211,63.099998474121094,63.599998474121094,2327974
2026-03-12,64.0,64.16000366210938,61.52000045776367,61.7400016784668,2699123
2026-03-13,61.34000015258789,63.119998931884766,60.880001068115234,62.7400016784668,2957354
2026-03-16,63.0,63.41999816894531,62.459999084472656,63.15999984741211,1315775
2026-03-17,63.2400016784668,65.12000274658203,63.099998474121094,64.73999786376953,1539541
2026-03-18,65.5,66.36000061035156,64.9000015258789,64.9000015258789,2096641
2026-03-19,64.0999984741211,64.9000015258789,63.5,63.91999816894531,2237228
2026-03-20,64.37999725341797,64.5,62.2400016784668,62.81999969482422,4182164
2026-03-23,62.08000183105469,64.0999984741211,60.779998779296875,63.13999938964844,2222447
2026-03-24,63.52000045776367,63.560001373291016,61.7400016784668,62.36000061035156,1692407
2026-03-25,63.900001525878906,64.0,62.900001525878906,63.2599983215332,1748043
2026-03-26,63.279998779296875,63.36000061035156,62.400001525878906,63.08000183105469,917863
2026-03-27,63.41999816894531,63.619998931884766,62.63999938964844,63.47999954223633,1125706
2026-03-30,63.41999816894531,64.08000183105469,63.0,63.5,1824231
2026-03-31,63.63999938964844,65.26000213623047,63.63999938964844,64.05999755859375,2480502
2026-04-01,65.04000091552734,65.80000305175781,64.77999877929688,65.19999694824219,1673112
2026-04-02,64.9000015258789,65.87999725341797,64.18000030517578,65.87999725341797,1452778
2026-04-07,65.87999725341797,66.33999633789062,65.0199966430664,65.0199966430664,1896254
2026-04-08,67.0,68.18000030517578,66.58000183105469,66.83999633789062,3911950
2026-04-09,66.83999633789062,67.13999938964844,66.05999755859375,67.13999938964844,1573098
2026-04-10,67.13999938964844,68.08000183105469,66.81999969482422,68.08000183105469,2246107
2026-04-13,67.9000015258789,67.9000015258789,67.04000091552734,67.80000305175781,1602771
2026-04-14,67.9800033569336,68.66000366210938,67.4000015258789,68.4000015258789,1789549
2026-04-15,68.69999694824219,68.76000213623047,67.81999969482422,68.68000030517578,1567582
2026-04-16,68.77999877929688,68.77999877929688,67.33999633789062,67.9800033569336,2717386
2026-04-17,68.18000030517578,69.66000366210938,67.36000061035156,69.58000183105469,2945592
2026-04-20,69.44000244140625,69.45999908447266,68.5,68.76000213623047,1373400
2026-04-21,68.77999877929688,69.4000015258789,68.27999877929688,68.63999938964844,945017
2026-04-22,68.63999938964844,68.63999938964844,66.66000366210938,66.66000366210938,1643599
2026-04-23,66.66000366210938,66.66000366210938,64.81999969482422,65.08000183105469,2537605
2026-04-24,65.08000183105469,65.0999984741211,64.19999694824219,65.0,1452648
2026-04-27,65.4000015258789,65.58000183105469,64.04000091552734,64.04000091552734,2006446
2026-04-28,64.4000015258789,65.26000213623047,64.19999694824219,64.4000015258789,1536435
2026-04-29,64.55999755859375,64.94000244140625,63.86000061035156,64.27999877929688,3882329
2026-04-30,64.27999877929688,64.4000015258789,62.959999084472656,63.599998474121094,3754027
2026-05-04,64.4000015258789,64.66000366210938,62.779998779296875,63.2599983215332,1728589
2026-05-05,63.47999954223633,63.65999984741211,62.91999816894531,63.220001220703125,1963212
2026-05-06,64.36000061035156,65.9000015258789,63.720001220703125,65.18000030517578,2397291
2026-05-07,66.0199966430664,66.04000091552734,64.33999633789062,64.54000091552734,1509838
2026-05-08,65.0,65.16000366210938,63.15999984741211,63.220001220703125,1339332
2026-05-11,63.5,64.33999633789062,63.0,63.79999923706055,1287838
2026-05-12,63.97999954223633,64.0,62.900001525878906,63.18000030517578,1682499
2026-05-13,63.599998474121094,63.939998626708984,63.040000915527344,63.68000030517578,1468913
2026-05-14,64.26000213623047,64.9800033569336,63.20000076293945,64.16000366210938,1657196
2026-05-15,64.0999984741211,64.12000274658203,62.31999969482422,62.439998626708984,1608711
2026-05-18,62.5,63.959999084472656,61.79999923706055,63.70000076293945,1640915
2026-05-19,63.70000076293945,64.0999984741211,62.939998626708984,63.08000183105469,1265071
2026-05-20,63.220001220703125,64.45999908447266,62.79999923706055,64.18000030517578,1119199
2026-05-21,64.44000244140625,64.58000183105469,63.65999984741211,64.08000183105469,1223520
2026-05-22,64.31999969482422,64.77999877929688,64.0,64.30000305175781,1170911
2026-05-25,64.68000030517578,65.4000015258789,64.68000030517578,65.30000305175781,629604
2026-05-26,65.30000305175781,65.31999969482422,64.62000274658203,64.62000274658203,1152720
2026-05-27,64.72000122070312,65.4800033569336,64.72000122070312,65.0199966430664,1284331
2026-05-28,65.0,65.0,63.880001068115234,64.08000183105469,1127113
2026-05-29,64.16000366210938,64.63999938964844,63.7400016784668,64.4000015258789,4857549
2026-06-01,64.4000015258789,64.45999908447266,63.13999938964844,63.13999938964844,1411733
2026-06-02,64.0,64.19999694824219,63.2599983215332,63.52000045776367,1512266
2026-06-03,63.47999954223633,63.880001068115234,63.20000076293945,63.279998779296875,1727667
2026-06-05,63.060001373291016,63.08000183105469,61.84000015258789,62.220001220703125,2154365
2026-06-08,62.20000076293945,63.13999938964844,61.70000076293945,63.13999938964844,2059057
2026-06-09,63.2599983215332,64.33999633789062,63.0,64.12000274658203,1123089
2026-06-10,64.12000274658203,64.4000015258789,62.70000076293945,64.26000213623047,1356217
2026-06-11,64.4000015258789,65.16000366210938,63.68000030517578,64.86000061035156,2322993
2026-06-12,65.69999694824219,66.4000015258789,65.30000305175781,66.27999877929688,1809413
2026-06-15,66.80000305175781,67.76000213623047,66.33999633789062,66.33999633789062,1965748
2026-06-16,66.4000015258789,68.0199966430664,66.4000015258789,67.76000213623047,2002086
2026-06-17,67.76000213623047,68.4800033569336,67.33999633789062,68.4800033569336,1602947
2026-06-18,68.30000305175781,68.33999633789062,67.19999694824219,67.54000091552734,1457381
2026-06-19,67.69999694824219,67.87999725341797,66.91999816894531,67.72000122070312,2738958
2026-06-22,67.72000122070312,68.87999725341797,66.73999786376953,66.94000244140625,1128102
2026-06-23,66.33999633789062,66.66000366210938,65.72000122070312,66.44000244140625,1375289
2026-06-24,67.0,67.12000274658203,65.33999633789062,65.83999633789062,1385418
2026-06-25,66.0,66.91999816894531,65.66000366210938,65.87999725341797,1440197
2026-06-26,65.95999908447266,65.9800033569336,64.80000305175781,65.44000244140625,1404211
2026-06-29,65.91999816894531,66.0,64.87999725341797,65.4000015258789,1436545
2026-06-30,65.5999984741211,66.22000122070312,64.81999969482422,65.62000274658203,2296150
2026-07-01,65.5,66.44000244140625,64.95999908447266,66.22000122070312,1926946
2026-07-02,66.36000061035156,67.80000305175781,66.12000274658203,67.66000366210938,2328622
2026-07-03,67.9800033569336,68.36000061035156,67.63999938964844,68.26000213623047,695978
2026-07-06,68.4000015258789,69.77999877929688,68.30000305175781,69.5999984741211,2573430
2026-07-07,69.54000091552734,69.55999755859375,68.36000061035156,68.36000061035156,2204481
2026-07-08,68.36000061035156,68.45999908447266,66.66000366210938,67.69999694824219,1598393
2026-07-09,68.0,68.66000366210938,67.27999877929688,67.55999755859375,1538941
2026-07-10,67.76000213623047,69.9000015258789,67.68000030517578,69.41999816894531,1847543
2026-07-13,69.4000015258789,69.4000015258789,68.30000305175781,68.81999969482422,1334103
2026-07-14,68.9000015258789,69.13999938964844,67.44000244140625,69.13999938964844,2132481
2026-07-15,69.0999984741211,70.26000213623047,68.73999786376953,69.80000305175781,1746937
2026-07-16,69.80000305175781,70.18000030517578,69.0199966430664,69.27999877929688,1308613
2026-07-17,69.27999877929688,69.4000015258789,68.31999969482422,69.4000015258789,1867053
2026-07-20,69.4000015258789,70.41999816894531,68.62000274658203,69.80000305175781,1079352
2026-07-21,70.0,71.0999984741211,70.0,70.83999633789062,1778826
2026-07-22,71.0,71.69999694824219,70.69999694824219,70.9800033569336,1231374
2026-07-23,70.9800033569336,71.0,69.45999908447266,69.5999984741211,1195931
2026-07-24,69.5999984741211,70.33999633789062,69.44000244140625,69.5999984741211,689416
2026-07-27,70.4000015258789,70.87999725341797,70.26000213623047,70.58000183105469,1217823
2026-07-28,70.58000183105469,71.45999908447266,70.22000122070312,70.83999633789062,1815113
2026-07-29,71.0,71.0,69.9800033569336,70.08000183105469,1662994
2026-07-30,70.08000183105469,71.4000015258789,69.80000305175781,71.16000366210938,1637119
2026-07-31,71.13999938964844,71.19999694824219,70.30000305175781,71.08000183105469,1695092
2026-08-03,71.23999786376953,71.77999877929688,70.55999755859375,71.31999969482422,1196692
2026-08-04,71.44000244140625,72.4000015258789,70.72000122070312,72.37999725341797,1645148
2026-08-05,72.30000305175781,72.69999694824219,71.80000305175781,72.5999984741211,1337953
2026-08-06,72.58000183105469,73.68000030517578,72.16000366210938,73.22000122070312,1411014
2026-08-07,73.4000015258789,73.76000213623047,72.9000015258789,73.05999755859375,714739
2026-08-10,73.36000061035156,73.41999816894531,72.4000015258789,73.05999755859375,1500829
2026-08-11,72.95999908447266,73.72000122070312,72.80000305175781,72.80000305175781,1704966
2026-08-12,73.08000183105469,73.23999786376953,72.36000061035156,72.77999877929688,1097008
2026-08-13,73.05999755859375,73.33999633789062,71.81999969482422,72.13999938964844,1592028
2026-08-14,72.37999725341797,72.94000244140625,71.94000244140625,72.9000015258789,893045
2026-08-17,72.9000015258789,72.91999816894531,72.0,72.04000091552734,1183545
2026-08-18,72.04000091552734,72.16000366210938,71.54000091552734,71.54000091552734,1409653
2026-08-19,71.9000015258789,72.54000091552734,70.69999694824219,71.77999877929688,1833694
2026-08-20,72.58000183105469,72.91999816894531,71.69999694824219,72.19999694824219,2039346
2026-08-21,72.55999755859375,72.81999969482422,72.0199966430664,72.0199966430664,1138479
2026-08-24,72.08000183105469,72.76000213623047,71.58000183105469,72.72000122070312,1417699
2026-08-25,72.81999969482422,72.9800033569336,72.0,72.16000366210938,1900958
2026-08-26,72.66000366210938,74.0,72.45999908447266,74.0,1423654
2026-08-27,74.0,74.0,72.62000274658203,72.69999694824219,1638153
2026-08-28,73.4800033569336,73.87999725341797,73.0999984741211,73.58000183105469,706039
2026-08-31,73.62000274658203,74.94000244140625,73.41999816894531,74.19999694824219,3114178
2026-09-01,74.58000183105469,74.9000015258789,73.4000015258789,74.05999755859375,1731960
2026-09-02,74.05999755859375,74.73999786376953,73.9000015258789,74.30000305175781,1013561
2026-09-03,74.72000122070312,75.5,74.0,75.5,1514021
2026-09-04,75.72000122070312,76.69999694824219,75.5,76.12000274658203,1668427
2026-09-08,76.36000061035156,76.36000061035156,75.5999984741211,75.95999908447266,1359884
2026-09-09,75.95999908447266,76.0,74.62000274658203,74.86000061035156,2179693
2026-09-10,75.0,75.95999908447266,74.86000061035156,75.4800033569336,1506471
2026-09-11,75.9000015258789,76.5,75.55999755859375,76.41999816894531,15756756
2026-09-14,76.44000244140625,76.83999633789062,75.81999969482422,76.31999969482422,2207185
2026-09-15,76.5999984741211,77.19999694824219,75.73999786376953,77.0,4064043
2026-09-17,72.83999633789062,73.41999816894531,72.4800033569336,73.37999725341797,120513
2026-09-18,73.80000305175781,73.80000305175781,72.12000274658203,72.44000244140625,2866613
