date,open,high,low,close,volume
2021-09-17,0.2240000069141388,0.2240000069141388,0.2240000069141388,0.2240000069141388,1000
2021-09-20,0.2240000069141388,0.2240000069141388,0.2240000069141388,0.2240000069141388,0
2021-09-21,0.2240000069141388,0.2240000069141388,0.2240000069141388,0.2240000069141388,0
2021-09-22,0.2240000069141388,0.2240000069141388,0.2240000069141388,0.2240000069141388,0
2021-09-23,0.2240000069141388,0.2240000069141388,0.2240000069141388,0.2240000069141388,0
2021-09-24,0.2240000069141388,0.2240000069141388,0.2240000069141388,0.2240000069141388,0
2021-09-27,0.2240000069141388,0.2240000069141388,0.2240000069141388,0.2240000069141388,0
2021-09-28,0.2240000069141388,0.2240000069141388,0.2240000069141388,0.2240000069141388,0
2021-09-29,0.2240000069141388,0.2240000069141388,0.2240000069141388,0.2240000069141388,0
2021-09-30,0.21799999475479126,0.21799999475479126,0.21799999475479126,0.21799999475479126,200
2021-10-01,0.21799999475479126,0.21799999475479126,0.21799999475479126,0.21799999475479126,271
2021-10-04,0.20200000703334808,0.20999999344348907,0.20200000703334808,0.20999999344348907,2089
2021-10-05,0.20000000298023224,0.20000000298023224,0.20000000298023224,0.20000000298023224,24537
2021-10-06,0.1940000057220459,0.21799999475479126,0.1940000057220459,0.21799999475479126,320
2021-10-07,0.21799999475479126,0.21799999475479126,0.21799999475479126,0.21799999475479126,200
2021-10-08,0.21799999475479126,0.21799999475479126,0.21799999475479126,0.21799999475479126,2000
2021-10-11,0.20000000298023224,0.20000000298023224,0.20000000298023224,0.20000000298023224,5277
2021-10-12,0.20000000298023224,0.20000000298023224,0.20000000298023224,0.20000000298023224,0
2021-10-13,0.20000000298023224,0.20000000298023224,0.20000000298023224,0.20000000298023224,0
2021-10-14,0.20200000703334808,0.20200000703334808,0.20200000703334808,0.20200000703334808,1329
2021-10-15,0.20200000703334808,0.20200000703334808,0.20200000703334808,0.20200000703334808,0
2021-10-18,0.20200000703334808,0.20200000703334808,0.20200000703334808,0.20200000703334808,0
2021-10-19,0.20000000298023224,0.20000000298023224,0.20000000298023224,0.20000000298023224,5500
2021-10-20,0.20000000298023224,0.20000000298023224,0.20000000298023224,0.20000000298023224,0
2021-10-21,0.20000000298023224,0.20000000298023224,0.20000000298023224,0.20000000298023224,0
2021-10-22,0.20200000703334808,0.21799999475479126,0.20200000703334808,0.21799999475479126,700
2021-10-25,0.21799999475479126,0.21799999475479126,0.21799999475479126,0.21799999475479126,0
2021-10-26,0.21799999475479126,0.21799999475479126,0.21799999475479126,0.21799999475479126,0
2021-10-27,0.21799999475479126,0.21799999475479126,0.21799999475479126,0.21799999475479126,1500
2021-10-28,0.21799999475479126,0.21799999475479126,0.21799999475479126,0.21799999475479126,0
2021-10-29,0.21799999475479126,0.21799999475479126,0.21799999475479126,0.21799999475479126,0
2021-11-02,0.21799999475479126,0.21799999475479126,0.21799999475479126,0.21799999475479126,0
2021-11-03,0.21799999475479126,0.21799999475479126,0.21799999475479126,0.21799999475479126,0
2021-11-04,0.21799999475479126,0.21799999475479126,0.21799999475479126,0.21799999475479126,0
2021-11-05,0.21799999475479126,0.21799999475479126,0.21799999475479126,0.21799999475479126,0
2021-11-08,0.20000000298023224,0.20000000298023224,0.20000000298023224,0.20000000298023224,800
2021-11-09,0.17100000381469727,0.19599999487400055,0.17100000381469727,0.19599999487400055,25112
2021-11-10,0.19599999487400055,0.19599999487400055,0.19599999487400055,0.19599999487400055,2000
2021-11-12,0.19599999487400055,0.19599999487400055,0.19599999487400055,0.19599999487400055,230
2021-11-15,0.19599999487400055,0.19599999487400055,0.19599999487400055,0.19599999487400055,0
2021-11-16,0.19499999284744263,0.19499999284744263,0.19499999284744263,0.19499999284744263,300
2021-11-17,0.19499999284744263,0.19499999284744263,0.19499999284744263,0.19499999284744263,1000
2021-11-18,0.19300000369548798,0.19300000369548798,0.19300000369548798,0.19300000369548798,250
2021-11-19,0.19300000369548798,0.19300000369548798,0.19300000369548798,0.19300000369548798,6206
2021-11-22,0.19300000369548798,0.19300000369548798,0.19300000369548798,0.19300000369548798,0
2021-11-23,0.19300000369548798,0.19499999284744263,0.19300000369548798,0.19499999284744263,5903
2021-11-24,0.19499999284744263,0.19499999284744263,0.19499999284744263,0.19499999284744263,0
2021-11-25,0.19499999284744263,0.19499999284744263,0.19499999284744263,0.19499999284744263,1212
2021-11-26,0.19499999284744263,0.19499999284744263,0.19499999284744263,0.19499999284744263,0
2021-11-29,0.19499999284744263,0.19499999284744263,0.19499999284744263,0.19499999284744263,0
2021-11-30,0.1899999976158142,0.1899999976158142,0.1899999976158142,0.1899999976158142,2010
2021-12-01,0.1899999976158142,0.1899999976158142,0.1899999976158142,0.1899999976158142,0
2021-12-02,0.1899999976158142,0.1899999976158142,0.1899999976158142,0.1899999976158142,0
2021-12-03,0.19499999284744263,0.19499999284744263,0.19499999284744263,0.19499999284744263,500
2021-12-06,0.19499999284744263,0.19499999284744263,0.19499999284744263,0.19499999284744263,0
2021-12-07,0.19499999284744263,0.19499999284744263,0.19499999284744263,0.19499999284744263,0
2021-12-08,0.19499999284744263,0.19499999284744263,0.19499999284744263,0.19499999284744263,0
2021-12-09,0.18400000035762787,0.18400000035762787,0.18400000035762787,0.18400000035762787,757
2021-12-10,0.19499999284744263,0.19499999284744263,0.19499999284744263,0.19499999284744263,100
2021-12-13,0.19499999284744263,0.19499999284744263,0.19499999284744263,0.19499999284744263,0
2021-12-14,0.19499999284744263,0.19499999284744263,0.19499999284744263,0.19499999284744263,0
2021-12-15,0.17000000178813934,0.17000000178813934,0.17000000178813934,0.17000000178813934,16500
2021-12-16,0.18000000715255737,0.18000000715255737,0.18000000715255737,0.18000000715255737,250
2021-12-17,0.1899999976158142,0.19499999284744263,0.1899999976158142,0.19499999284744263,400
2021-12-20,0.19499999284744263,0.19499999284744263,0.19499999284744263,0.19499999284744263,600
2021-12-21,0.1899999976158142,0.1899999976158142,0.1899999976158142,0.1899999976158142,4500
2021-12-22,0.1850000023841858,0.1850000023841858,0.1850000023841858,0.1850000023841858,5000
2021-12-23,0.18000000715255737,0.18000000715255737,0.18000000715255737,0.18000000715255737,11250
2021-12-27,0.17000000178813934,0.17000000178813934,0.17000000178813934,0.17000000178813934,543
2021-12-28,0.17000000178813934,0.17000000178813934,0.17000000178813934,0.17000000178813934,0
2021-12-29,0.18000000715255737,0.19499999284744263,0.18000000715255737,0.19499999284744263,14830
2021-12-30,0.19499999284744263,0.19499999284744263,0.19499999284744263,0.19499999284744263,0
2022-01-03,0.19499999284744263,0.20000000298023224,0.19499999284744263,0.20000000298023224,1100
2022-01-04,0.20000000298023224,0.20000000298023224,0.20000000298023224,0.20000000298023224,100
2022-01-05,0.20000000298023224,0.20000000298023224,0.20000000298023224,0.20000000298023224,0
2022-01-07,0.20000000298023224,0.20000000298023224,0.20000000298023224,0.20000000298023224,0
2022-01-10,0.20000000298023224,0.20000000298023224,0.20000000298023224,0.20000000298023224,0
2022-01-11,0.20000000298023224,0.20000000298023224,0.20000000298023224,0.20000000298023224,0
2022-01-12,0.20000000298023224,0.20000000298023224,0.20000000298023224,0.20000000298023224,1361
2022-01-13,0.20000000298023224,0.20000000298023224,0.20000000298023224,0.20000000298023224,0
2022-01-14,0.18000000715255737,0.18000000715255737,0.18000000715255737,0.18000000715255737,49246
2022-01-17,0.18000000715255737,0.18000000715255737,0.18000000715255737,0.18000000715255737,15257
2022-01-18,0.17399999499320984,0.17900000512599945,0.17399999499320984,0.17900000512599945,4395
2022-01-19,0.17900000512599945,0.17900000512599945,0.17900000512599945,0.17900000512599945,0
2022-01-20,0.17900000512599945,0.17900000512599945,0.17900000512599945,0.17900000512599945,0
2022-01-21,0.17900000512599945,0.17900000512599945,0.17900000512599945,0.17900000512599945,0
2022-01-24,0.17900000512599945,0.17900000512599945,0.17900000512599945,0.17900000512599945,0
2022-01-25,0.17900000512599945,0.17900000512599945,0.17900000512599945,0.17900000512599945,0
2022-01-26,0.17100000381469727,0.17100000381469727,0.17100000381469727,0.17100000381469727,1510
2022-01-27,0.17000000178813934,0.17000000178813934,0.17000000178813934,0.17000000178813934,17550
2022-01-28,0.17000000178813934,0.17000000178813934,0.17000000178813934,0.17000000178813934,56026
2022-01-31,0.17000000178813934,0.17000000178813934,0.17000000178813934,0.17000000178813934,0
2022-02-01,0.17000000178813934,0.17000000178813934,0.17000000178813934,0.17000000178813934,0
2022-02-02,0.17000000178813934,0.17000000178813934,0.17000000178813934,0.17000000178813934,0
2022-02-03,0.1550000011920929,0.17000000178813934,0.1550000011920929,0.17000000178813934,1150
2022-02-04,0.17000000178813934,0.17000000178813934,0.17000000178813934,0.17000000178813934,0
2022-02-07,0.17000000178813934,0.17000000178813934,0.17000000178813934,0.17000000178813934,0
2022-02-08,0.17000000178813934,0.17000000178813934,0.17000000178813934,0.17000000178813934,7212
2022-02-09,0.18400000035762787,0.18400000035762787,0.18400000035762787,0.18400000035762787,300
2022-02-10,0.18400000035762787,0.18400000035762787,0.18400000035762787,0.18400000035762787,0
2022-02-11,0.18400000035762787,0.18400000035762787,0.18400000035762787,0.18400000035762787,0
2022-02-14,0.18400000035762787,0.18400000035762787,0.18400000035762787,0.18400000035762787,0
2022-02-15,0.1550000011920929,0.18400000035762787,0.1550000011920929,0.18400000035762787,700
2022-02-16,0.16300000250339508,0.16300000250339508,0.16300000250339508,0.16300000250339508,400
2022-02-17,0.16300000250339508,0.18400000035762787,0.16300000250339508,0.18400000035762787,5010
2022-02-18,0.18400000035762787,0.18400000035762787,0.18400000035762787,0.18400000035762787,0
2022-02-21,0.18299999833106995,0.18299999833106995,0.18299999833106995,0.18299999833106995,1000
2022-02-22,0.18299999833106995,0.18299999833106995,0.18299999833106995,0.18299999833106995,0
2022-02-23,0.16599999368190765,0.16599999368190765,0.16599999368190765,0.16599999368190765,1000
2022-02-24,0.16599999368190765,0.16599999368190765,0.16599999368190765,0.16599999368190765,5000
2022-02-25,0.16599999368190765,0.16599999368190765,0.16599999368190765,0.16599999368190765,0
2022-02-28,0.17900000512599945,0.17900000512599945,0.17900000512599945,0.17900000512599945,180
2022-03-01,0.17900000512599945,0.17900000512599945,0.17900000512599945,0.17900000512599945,0
2022-03-02,0.17900000512599945,0.17900000512599945,0.17900000512599945,0.17900000512599945,0
2022-03-03,0.17900000512599945,0.17900000512599945,0.17900000512599945,0.17900000512599945,0
2022-03-04,0.17900000512599945,0.17900000512599945,0.17900000512599945,0.17900000512599945,0
2022-03-07,0.17900000512599945,0.17900000512599945,0.17900000512599945,0.17900000512599945,0
2022-03-08,0.17900000512599945,0.17900000512599945,0.17900000512599945,0.17900000512599945,0
2022-03-09,0.17900000512599945,0.17900000512599945,0.17900000512599945,0.17900000512599945,0
2022-03-10,0.17900000512599945,0.17900000512599945,0.17900000512599945,0.17900000512599945,0
2022-03-11,0.17900000512599945,0.17900000512599945,0.17900000512599945,0.17900000512599945,0
2022-03-14,0.16699999570846558,0.18000000715255737,0.16699999570846558,0.18000000715255737,235
2022-03-15,0.18000000715255737,0.18000000715255737,0.18000000715255737,0.18000000715255737,0
2022-03-16,0.18000000715255737,0.18000000715255737,0.18000000715255737,0.18000000715255737,0
2022-03-17,0.18000000715255737,0.18000000715255737,0.18000000715255737,0.18000000715255737,0
2022-03-18,0.18000000715255737,0.18000000715255737,0.18000000715255737,0.18000000715255737,0
2022-03-21,0.17000000178813934,0.17000000178813934,0.17000000178813934,0.17000000178813934,2000
2022-03-22,0.17000000178813934,0.17000000178813934,0.17000000178813934,0.17000000178813934,0
2022-03-23,0.17000000178813934,0.17000000178813934,0.17000000178813934,0.17000000178813934,0
2022-03-24,0.17100000381469727,0.17100000381469727,0.15000000596046448,0.15000000596046448,2370
2022-03-25,0.17900000512599945,0.17900000512599945,0.17900000512599945,0.17900000512599945,180
2022-03-28,0.17900000512599945,0.17900000512599945,0.17900000512599945,0.17900000512599945,1525
2022-03-29,0.18000000715255737,0.18000000715255737,0.18000000715255737,0.18000000715255737,500
2022-03-30,0.18000000715255737,0.18000000715255737,0.18000000715255737,0.18000000715255737,595
2022-03-31,0.18000000715255737,0.18000000715255737,0.18000000715255737,0.18000000715255737,0
2022-04-01,0.18000000715255737,0.18000000715255737,0.18000000715255737,0.18000000715255737,0
2022-04-04,0.18000000715255737,0.18000000715255737,0.18000000715255737,0.18000000715255737,0
2022-04-05,0.18000000715255737,0.18000000715255737,0.18000000715255737,0.18000000715255737,0
2022-04-06,0.18000000715255737,0.18000000715255737,0.18000000715255737,0.18000000715255737,0
2022-04-07,0.18000000715255737,0.18000000715255737,0.18000000715255737,0.18000000715255737,0
2022-04-08,0.18000000715255737,0.18000000715255737,0.18000000715255737,0.18000000715255737,0
2022-04-11,0.18000000715255737,0.18000000715255737,0.18000000715255737,0.18000000715255737,0
2022-04-12,0.18000000715255737,0.18000000715255737,0.18000000715255737,0.18000000715255737,0
2022-04-13,0.18000000715255737,0.18000000715255737,0.18000000715255737,0.18000000715255737,0
2022-04-14,0.18000000715255737,0.18000000715255737,0.18000000715255737,0.18000000715255737,0
2022-04-19,0.18000000715255737,0.18000000715255737,0.18000000715255737,0.18000000715255737,0
2022-04-20,0.18000000715255737,0.18000000715255737,0.18000000715255737,0.18000000715255737,0
2022-04-21,0.18000000715255737,0.18000000715255737,0.18000000715255737,0.18000000715255737,0
2022-04-22,0.18000000715255737,0.18000000715255737,0.18000000715255737,0.18000000715255737,0
2022-04-25,0.18000000715255737,0.18000000715255737,0.18000000715255737,0.18000000715255737,0
2022-04-26,0.15199999511241913,0.15199999511241913,0.15199999511241913,0.15199999511241913,666
2022-04-27,0.15600000321865082,0.15600000321865082,0.15600000321865082,0.15600000321865082,2383
2022-04-28,0.15600000321865082,0.15600000321865082,0.15600000321865082,0.15600000321865082,0
2022-04-29,0.17900000512599945,0.17900000512599945,0.17800000309944153,0.17800000309944153,200
2022-05-02,0.1770000010728836,0.1770000010728836,0.1770000010728836,0.1770000010728836,500
2022-05-04,0.1770000010728836,0.1770000010728836,0.1770000010728836,0.1770000010728836,0
2022-05-05,0.1770000010728836,0.1770000010728836,0.1770000010728836,0.1770000010728836,0
2022-05-06,0.1770000010728836,0.1770000010728836,0.1770000010728836,0.1770000010728836,0
2022-05-09,0.1770000010728836,0.1770000010728836,0.1770000010728836,0.1770000010728836,0
2022-05-10,0.1770000010728836,0.1770000010728836,0.1770000010728836,0.1770000010728836,0
2022-05-11,0.1770000010728836,0.1770000010728836,0.1770000010728836,0.1770000010728836,0
2022-05-12,0.1770000010728836,0.1770000010728836,0.1770000010728836,0.1770000010728836,0
2022-05-13,0.1770000010728836,0.1770000010728836,0.1770000010728836,0.1770000010728836,0
2022-05-16,0.1770000010728836,0.1770000010728836,0.15700000524520874,0.15700000524520874,2260
2022-05-17,0.17800000309944153,0.17800000309944153,0.17800000309944153,0.17800000309944153,10
2022-05-18,0.1770000010728836,0.1770000010728836,0.1770000010728836,0.1770000010728836,250
2022-05-19,0.1770000010728836,0.1770000010728836,0.1770000010728836,0.1770000010728836,0
2022-05-20,0.1550000011920929,0.1550000011920929,0.1550000011920929,0.1550000011920929,33450
2022-05-23,0.1550000011920929,0.1550000011920929,0.1550000011920929,0.1550000011920929,13265
2022-05-24,0.1550000011920929,0.1550000011920929,0.1550000011920929,0.1550000011920929,0
2022-05-25,0.1550000011920929,0.1550000011920929,0.1550000011920929,0.1550000011920929,0
2022-05-26,0.1550000011920929,0.1550000011920929,0.1550000011920929,0.1550000011920929,0
2022-05-27,0.1550000011920929,0.1550000011920929,0.1550000011920929,0.1550000011920929,54
2022-05-30,0.1550000011920929,0.1550000011920929,0.1550000011920929,0.1550000011920929,39
2022-05-31,0.1550000011920929,0.1550000011920929,0.1550000011920929,0.1550000011920929,0
2022-06-01,0.1550000011920929,0.1550000011920929,0.1550000011920929,0.1550000011920929,0
2022-06-02,0.1550000011920929,0.1550000011920929,0.1550000011920929,0.1550000011920929,5000
2022-06-03,0.1550000011920929,0.1550000011920929,0.1550000011920929,0.1550000011920929,0
2022-06-06,0.1550000011920929,0.1550000011920929,0.1550000011920929,0.1550000011920929,0
2022-06-07,0.1550000011920929,0.1550000011920929,0.1550000011920929,0.1550000011920929,0
2022-06-08,0.1550000011920929,0.1550000011920929,0.1550000011920929,0.1550000011920929,0
2022-06-09,0.15000000596046448,0.15000000596046448,0.15000000596046448,0.15000000596046448,399
2022-06-10,0.15000000596046448,0.15000000596046448,0.15000000596046448,0.15000000596046448,0
2022-06-13,0.15000000596046448,0.15000000596046448,0.15000000596046448,0.15000000596046448,0
2022-06-14,0.15000000596046448,0.15000000596046448,0.15000000596046448,0.15000000596046448,0
2022-06-15,0.15000000596046448,0.15000000596046448,0.15000000596046448,0.15000000596046448,0
2022-06-17,0.15000000596046448,0.15000000596046448,0.15000000596046448,0.15000000596046448,0
2022-06-20,0.15000000596046448,0.15000000596046448,0.15000000596046448,0.15000000596046448,0
2022-06-21,0.15000000596046448,0.15000000596046448,0.15000000596046448,0.15000000596046448,0
2022-06-22,0.15000000596046448,0.15000000596046448,0.15000000596046448,0.15000000596046448,0
2022-06-23,0.15000000596046448,0.15000000596046448,0.15000000596046448,0.15000000596046448,0
2022-06-24,0.15000000596046448,0.15000000596046448,0.15000000596046448,0.15000000596046448,0
2022-06-27,0.15000000596046448,0.15000000596046448,0.15000000596046448,0.15000000596046448,0
2022-06-28,0.15000000596046448,0.15000000596046448,0.15000000596046448,0.15000000596046448,0
2022-06-29,0.15000000596046448,0.15000000596046448,0.15000000596046448,0.15000000596046448,0
2022-06-30,0.15000000596046448,0.15000000596046448,0.15000000596046448,0.15000000596046448,0
2022-07-01,0.15000000596046448,0.15000000596046448,0.15000000596046448,0.15000000596046448,0
2022-07-04,0.15000000596046448,0.15000000596046448,0.15000000596046448,0.15000000596046448,65
2022-07-05,0.15000000596046448,0.15000000596046448,0.15000000596046448,0.15000000596046448,0
2022-07-06,0.15000000596046448,0.15000000596046448,0.15000000596046448,0.15000000596046448,0
2022-07-07,0.15000000596046448,0.15000000596046448,0.15000000596046448,0.15000000596046448,0
2022-07-08,0.1550000011920929,0.1550000011920929,0.1550000011920929,0.1550000011920929,10
2022-07-11,0.1550000011920929,0.1550000011920929,0.1550000011920929,0.1550000011920929,0
2022-07-12,0.1550000011920929,0.1550000011920929,0.1550000011920929,0.1550000011920929,0
2022-07-13,0.1550000011920929,0.1550000011920929,0.1550000011920929,0.1550000011920929,0
2022-07-14,0.15000000596046448,0.15000000596046448,0.15000000596046448,0.15000000596046448,4000
2022-07-15,0.125,0.125,0.125,0.125,494
2022-07-18,0.125,0.125,0.125,0.125,0
2022-07-19,0.15000000596046448,0.15000000596046448,0.12999999523162842,0.12999999523162842,608
2022-07-20,0.15000000596046448,0.15000000596046448,0.15000000596046448,0.15000000596046448,240
2022-07-21,0.15000000596046448,0.15000000596046448,0.15000000596046448,0.15000000596046448,8710
2022-07-22,0.17800000309944153,0.17800000309944153,0.17399999499320984,0.17399999499320984,450
2022-07-25,0.17399999499320984,0.17399999499320984,0.17399999499320984,0.17399999499320984,500
2022-07-26,0.17399999499320984,0.17399999499320984,0.17399999499320984,0.17399999499320984,0
2022-07-27,0.17399999499320984,0.17399999499320984,0.17399999499320984,0.17399999499320984,0
2022-07-28,0.16200000047683716,0.16200000047683716,0.16200000047683716,0.16200000047683716,2250
2022-07-29,0.16200000047683716,0.16200000047683716,0.16200000047683716,0.16200000047683716,0
2022-08-01,0.16200000047683716,0.16200000047683716,0.16200000047683716,0.16200000047683716,0
2022-08-02,0.16200000047683716,0.16200000047683716,0.16200000047683716,0.16200000047683716,0
2022-08-03,0.16200000047683716,0.16200000047683716,0.16200000047683716,0.16200000047683716,0
2022-08-04,0.16200000047683716,0.16200000047683716,0.16200000047683716,0.16200000047683716,0
2022-08-05,0.16200000047683716,0.16200000047683716,0.16200000047683716,0.16200000047683716,0
2022-08-08,0.16200000047683716,0.16200000047683716,0.16200000047683716,0.16200000047683716,0
2022-08-09,0.16200000047683716,0.16200000047683716,0.16200000047683716,0.16200000047683716,0
2022-08-10,0.16200000047683716,0.16200000047683716,0.16200000047683716,0.16200000047683716,0
2022-08-11,0.16200000047683716,0.16200000047683716,0.16200000047683716,0.16200000047683716,0
2022-08-12,0.16200000047683716,0.16200000047683716,0.16200000047683716,0.16200000047683716,0
2022-08-16,0.16200000047683716,0.16200000047683716,0.16200000047683716,0.16200000047683716,0
2022-08-17,0.13199999928474426,0.13199999928474426,0.13199999928474426,0.13199999928474426,68
2022-08-18,0.13199999928474426,0.13199999928474426,0.13199999928474426,0.13199999928474426,120
2022-08-19,0.13199999928474426,0.13199999928474426,0.13199999928474426,0.13199999928474426,0
2022-08-22,0.13199999928474426,0.13199999928474426,0.13199999928474426,0.13199999928474426,0
2022-08-23,0.13199999928474426,0.13199999928474426,0.13199999928474426,0.13199999928474426,0
2022-08-24,0.12999999523162842,0.1459999978542328,0.12999999523162842,0.1459999978542328,46955
2022-08-25,0.1459999978542328,0.1459999978542328,0.1459999978542328,0.1459999978542328,1000
2022-08-26,0.1459999978542328,0.1459999978542328,0.1459999978542328,0.1459999978542328,100
2022-08-29,0.1459999978542328,0.1459999978542328,0.1459999978542328,0.1459999978542328,0
2022-08-30,0.1459999978542328,0.1459999978542328,0.1459999978542328,0.1459999978542328,0
2022-08-31,0.1459999978542328,0.1459999978542328,0.1459999978542328,0.1459999978542328,0
2022-09-01,0.1459999978542328,0.1459999978542328,0.1459999978542328,0.1459999978542328,0
2022-09-02,0.1459999978542328,0.1459999978542328,0.1459999978542328,0.1459999978542328,0
2022-09-05,0.1459999978542328,0.1459999978542328,0.1459999978542328,0.1459999978542328,0
2022-09-06,0.1459999978542328,0.1459999978542328,0.1459999978542328,0.1459999978542328,0
2022-09-07,0.1459999978542328,0.1459999978542328,0.1459999978542328,0.1459999978542328,1500
2022-09-08,0.1459999978542328,0.1459999978542328,0.1459999978542328,0.1459999978542328,0
2022-09-09,0.12999999523162842,0.12999999523162842,0.12999999523162842,0.12999999523162842,5450
2022-09-12,0.1459999978542328,0.1459999978542328,0.1459999978542328,0.1459999978542328,1400
2022-09-13,0.1459999978542328,0.1459999978542328,0.1459999978542328,0.1459999978542328,0
2022-09-14,0.1459999978542328,0.1459999978542328,0.1459999978542328,0.1459999978542328,6915
2022-09-15,0.1459999978542328,0.1459999978542328,0.1459999978542328,0.1459999978542328,0
2022-09-16,0.14900000393390656,0.14900000393390656,0.14900000393390656,0.14900000393390656,3185
2022-09-19,0.14900000393390656,0.14900000393390656,0.14900000393390656,0.14900000393390656,50
2022-09-20,0.10000000149011612,0.10000000149011612,0.10000000149011612,0.10000000149011612,85340
2022-09-21,0.10000000149011612,0.10000000149011612,0.09000000357627869,0.09000000357627869,31650
2022-09-22,0.09000000357627869,0.09000000357627869,0.08500000089406967,0.08500000089406967,29250
2022-09-23,0.08500000089406967,0.08500000089406967,0.08500000089406967,0.08500000089406967,0
2022-09-26,0.08550000190734863,0.08550000190734863,0.08500000089406967,0.08500000089406967,13753
2022-09-27,0.08500000089406967,0.08500000089406967,0.08500000089406967,0.08500000089406967,0
2022-09-28,0.08500000089406967,0.08500000089406967,0.08500000089406967,0.08500000089406967,4000
2022-09-29,0.08500000089406967,0.08500000089406967,0.08500000089406967,0.08500000089406967,0
2022-09-30,0.08500000089406967,0.08500000089406967,0.08500000089406967,0.08500000089406967,0
2022-10-03,0.08500000089406967,0.08500000089406967,0.08500000089406967,0.08500000089406967,0
2022-10-04,0.08950000256299973,0.08950000256299973,0.08950000256299973,0.08950000256299973,2000
2022-10-05,0.08950000256299973,0.08950000256299973,0.08500000089406967,0.08500000089406967,6250
2022-10-06,0.08500000089406967,0.08500000089406967,0.08500000089406967,0.08500000089406967,0
2022-10-07,0.08500000089406967,0.08500000089406967,0.08500000089406967,0.08500000089406967,0
2022-10-10,0.08500000089406967,0.08500000089406967,0.08500000089406967,0.08500000089406967,0
2022-10-11,0.11500000208616257,0.11500000208616257,0.11500000208616257,0.11500000208616257,247
2022-10-12,0.11500000208616257,0.11500000208616257,0.11500000208616257,0.11500000208616257,2000
2022-10-13,0.10000000149011612,0.10000000149011612,0.10000000149011612,0.10000000149011612,6
2022-10-14,0.10000000149011612,0.10000000149011612,0.10000000149011612,0.10000000149011612,0
2022-10-17,0.10000000149011612,0.10000000149011612,0.10000000149011612,0.10000000149011612,0
2022-10-18,0.10199999809265137,0.10199999809265137,0.10199999809265137,0.10199999809265137,10000
2022-10-19,0.10199999809265137,0.10199999809265137,0.10199999809265137,0.10199999809265137,0
2022-10-20,0.10199999809265137,0.10199999809265137,0.10199999809265137,0.10199999809265137,0
2022-10-21,0.10199999809265137,0.10199999809265137,0.10199999809265137,0.10199999809265137,0
2022-10-24,0.10199999809265137,0.10199999809265137,0.10199999809265137,0.10199999809265137,0
2022-10-25,0.10199999809265137,0.10199999809265137,0.10199999809265137,0.10199999809265137,0
2022-10-26,0.11500000208616257,0.11500000208616257,0.11500000208616257,0.11500000208616257,2549
2022-10-27,0.11500000208616257,0.11500000208616257,0.11500000208616257,0.11500000208616257,5220
2022-10-28,0.11500000208616257,0.11500000208616257,0.11500000208616257,0.11500000208616257,0
2022-10-31,0.11500000208616257,0.11500000208616257,0.11500000208616257,0.11500000208616257,0
2022-11-02,0.10999999940395355,0.10999999940395355,0.10999999940395355,0.10999999940395355,1000
2022-11-03,0.10999999940395355,0.10999999940395355,0.10999999940395355,0.10999999940395355,0
2022-11-04,0.10999999940395355,0.10999999940395355,0.10999999940395355,0.10999999940395355,0
2022-11-07,0.10999999940395355,0.10999999940395355,0.10999999940395355,0.10999999940395355,0
2022-11-08,0.10999999940395355,0.10999999940395355,0.10999999940395355,0.10999999940395355,0
2022-11-09,0.10999999940395355,0.10999999940395355,0.10999999940395355,0.10999999940395355,0
2022-11-10,0.10999999940395355,0.10999999940395355,0.10999999940395355,0.10999999940395355,0
2022-11-14,0.10999999940395355,0.10999999940395355,0.10999999940395355,0.10999999940395355,0
2022-11-15,0.10999999940395355,0.10999999940395355,0.10999999940395355,0.10999999940395355,0
2022-11-16,0.10999999940395355,0.10999999940395355,0.10999999940395355,0.10999999940395355,0
2022-11-17,0.10999999940395355,0.10999999940395355,0.10999999940395355,0.10999999940395355,0
2022-11-18,0.10899999737739563,0.10899999737739563,0.10899999737739563,0.10899999737739563,1000
2022-11-21,0.10899999737739563,0.10999999940395355,0.10899999737739563,0.10999999940395355,15101
2022-11-22,0.10999999940395355,0.10999999940395355,0.10999999940395355,0.10999999940395355,0
2022-11-23,0.10999999940395355,0.10999999940395355,0.10999999940395355,0.10999999940395355,0
2022-11-24,0.10899999737739563,0.10899999737739563,0.10899999737739563,0.10899999737739563,99
2022-11-25,0.10899999737739563,0.10899999737739563,0.10899999737739563,0.10899999737739563,0
2022-11-28,0.0860000029206276,0.10000000149011612,0.0860000029206276,0.10000000149011612,4887
2022-11-29,0.10999999940395355,0.10999999940395355,0.10999999940395355,0.10999999940395355,100
2022-11-30,0.10999999940395355,0.10999999940395355,0.10999999940395355,0.10999999940395355,0
2022-12-01,0.10999999940395355,0.10999999940395355,0.10999999940395355,0.10999999940395355,0
2022-12-02,0.10999999940395355,0.10999999940395355,0.10999999940395355,0.10999999940395355,136
2022-12-05,0.10999999940395355,0.10999999940395355,0.10999999940395355,0.10999999940395355,0
2022-12-06,0.10100000351667404,0.10100000351667404,0.10000000149011612,0.10000000149011612,18165
2022-12-07,0.10000000149011612,0.10000000149011612,0.10000000149011612,0.10000000149011612,0
2022-12-08,0.10000000149011612,0.10000000149011612,0.10000000149011612,0.10000000149011612,0
2022-12-09,0.0949999988079071,0.0949999988079071,0.0949999988079071,0.0949999988079071,2401
2022-12-12,0.0949999988079071,0.0949999988079071,0.0949999988079071,0.0949999988079071,250
2022-12-13,0.0949999988079071,0.0949999988079071,0.0949999988079071,0.0949999988079071,0
2022-12-14,0.0949999988079071,0.0949999988079071,0.0949999988079071,0.0949999988079071,0
2022-12-15,0.10000000149011612,0.10000000149011612,0.10000000149011612,0.10000000149011612,1100
2022-12-16,0.10000000149011612,0.10000000149011612,0.10000000149011612,0.10000000149011612,23600
2022-12-19,0.10000000149011612,0.10000000149011612,0.10000000149011612,0.10000000149011612,0
2022-12-20,0.10000000149011612,0.10000000149011612,0.10000000149011612,0.10000000149011612,251
2022-12-21,0.0949999988079071,0.0949999988079071,0.09000000357627869,0.09000000357627869,4523
2022-12-22,0.09000000357627869,0.09000000357627869,0.09000000357627869,0.09000000357627869,27049
2022-12-23,0.0860000029206276,0.0860000029206276,0.0860000029206276,0.0860000029206276,60000
2022-12-27,0.08550000190734863,0.08550000190734863,0.08500000089406967,0.08500000089406967,53815
2022-12-28,0.08399999886751175,0.08399999886751175,0.07999999821186066,0.07999999821186066,34641
2022-12-29,0.07000000029802322,0.07000000029802322,0.07000000029802322,0.07000000029802322,41880
2022-12-30,0.06750000268220901,0.06750000268220901,0.06750000268220901,0.06750000268220901,17000
2023-01-02,0.06350000202655792,0.06350000202655792,0.06350000202655792,0.06350000202655792,42081
2023-01-03,0.06350000202655792,0.06350000202655792,0.06350000202655792,0.06350000202655792,0
2023-01-04,0.06949999928474426,0.08250000327825546,0.06949999928474426,0.08250000327825546,9086
2023-01-05,0.08250000327825546,0.08250000327825546,0.08250000327825546,0.08250000327825546,0
2023-01-09,0.08250000327825546,0.08250000327825546,0.08250000327825546,0.08250000327825546,1000
2023-01-10,0.07000000029802322,0.07000000029802322,0.07000000029802322,0.07000000029802322,15381
2023-01-11,0.07000000029802322,0.07000000029802322,0.07000000029802322,0.07000000029802322,0
2023-01-12,0.07000000029802322,0.07000000029802322,0.07000000029802322,0.07000000029802322,0
2023-01-13,0.07000000029802322,0.07000000029802322,0.07000000029802322,0.07000000029802322,0
2023-01-16,0.07000000029802322,0.07000000029802322,0.07000000029802322,0.07000000029802322,0
2023-01-17,0.07000000029802322,0.07000000029802322,0.07000000029802322,0.07000000029802322,1000
2023-01-18,0.08250000327825546,0.08250000327825546,0.08250000327825546,0.08250000327825546,600
2023-01-19,0.08250000327825546,0.08250000327825546,0.08250000327825546,0.08250000327825546,0
2023-01-20,0.08250000327825546,0.0860000029206276,0.08250000327825546,0.0860000029206276,47976
2023-01-23,0.08250000327825546,0.08250000327825546,0.07999999821186066,0.07999999821186066,11200
2023-01-24,0.07999999821186066,0.07999999821186066,0.07999999821186066,0.07999999821186066,0
2023-01-25,0.07999999821186066,0.07999999821186066,0.07999999821186066,0.07999999821186066,6000
2023-01-26,0.0860000029206276,0.08699999749660492,0.0860000029206276,0.08699999749660492,38305
2023-01-27,0.08699999749660492,0.08699999749660492,0.08699999749660492,0.08699999749660492,52723
2023-01-30,0.10000000149011612,0.10999999940395355,0.10000000149011612,0.10999999940395355,12500
2023-01-31,0.10999999940395355,0.125,0.10999999940395355,0.125,46774
2023-02-01,0.12600000202655792,0.12600000202655792,0.10999999940395355,0.10999999940395355,8590
2023-02-02,0.12600000202655792,0.14399999380111694,0.12600000202655792,0.14399999380111694,21254
2023-02-03,0.1420000046491623,0.14399999380111694,0.1420000046491623,0.14399999380111694,27600
2023-02-06,0.14000000059604645,0.14000000059604645,0.14000000059604645,0.14000000059604645,5000
2023-02-07,0.12999999523162842,0.12999999523162842,0.12999999523162842,0.12999999523162842,20710
2023-02-08,0.14800000190734863,0.15000000596046448,0.14800000190734863,0.15000000596046448,43307
2023-02-09,0.15000000596046448,0.15000000596046448,0.15000000596046448,0.15000000596046448,500
2023-02-10,0.15000000596046448,0.15000000596046448,0.15000000596046448,0.15000000596046448,3831
2023-02-13,0.13899999856948853,0.13899999856948853,0.13899999856948853,0.13899999856948853,7164
2023-02-14,0.12999999523162842,0.13899999856948853,0.12999999523162842,0.13899999856948853,27627
2023-02-15,0.13300000131130219,0.13300000131130219,0.11999999731779099,0.11999999731779099,64828
2023-02-16,0.10199999809265137,0.10199999809265137,0.10199999809265137,0.10199999809265137,6357
2023-02-17,0.11999999731779099,0.11999999731779099,0.11999999731779099,0.11999999731779099,64611
2023-02-20,0.13600000739097595,0.13600000739097595,0.13600000739097595,0.13600000739097595,14510
2023-02-21,0.13600000739097595,0.13600000739097595,0.13600000739097595,0.13600000739097595,4000
2023-02-22,0.11999999731779099,0.11999999731779099,0.11999999731779099,0.11999999731779099,581
2023-02-23,0.11999999731779099,0.13600000739097595,0.11999999731779099,0.13600000739097595,7000
2023-02-24,0.11999999731779099,0.1340000033378601,0.11999999731779099,0.1340000033378601,12680
2023-02-27,0.1340000033378601,0.1340000033378601,0.1340000033378601,0.1340000033378601,0
2023-02-28,0.1340000033378601,0.1340000033378601,0.1340000033378601,0.1340000033378601,600
2023-03-01,0.1340000033378601,0.1340000033378601,0.1340000033378601,0.1340000033378601,0
2023-03-02,0.13199999928474426,0.13199999928474426,0.13199999928474426,0.13199999928474426,500
2023-03-03,0.13199999928474426,0.13199999928474426,0.13199999928474426,0.13199999928474426,0
2023-03-06,0.13199999928474426,0.13199999928474426,0.13199999928474426,0.13199999928474426,0
2023-03-07,0.13199999928474426,0.13199999928474426,0.13199999928474426,0.13199999928474426,1457
2023-03-08,0.13199999928474426,0.13199999928474426,0.13199999928474426,0.13199999928474426,0
2023-03-09,0.10000000149011612,0.10000000149011612,0.10000000149011612,0.10000000149011612,210000
2023-03-10,0.10899999737739563,0.10899999737739563,0.10899999737739563,0.10899999737739563,51941
2023-03-13,0.10000000149011612,0.1080000028014183,0.10000000149011612,0.1080000028014183,11628
2023-03-14,0.1080000028014183,0.1080000028014183,0.1080000028014183,0.1080000028014183,1001
2023-03-15,0.10000000149011612,0.10000000149011612,0.10000000149011612,0.10000000149011612,6000
2023-03-16,0.10000000149011612,0.10000000149011612,0.10000000149011612,0.10000000149011612,0
2023-03-17,0.10000000149011612,0.10000000149011612,0.10000000149011612,0.10000000149011612,5000
2023-03-20,0.10599999874830246,0.10599999874830246,0.10599999874830246,0.10599999874830246,440
2023-03-21,0.10599999874830246,0.10599999874830246,0.10599999874830246,0.10599999874830246,0
2023-03-22,0.10599999874830246,0.10599999874830246,0.10599999874830246,0.10599999874830246,0
2023-03-23,0.10599999874830246,0.10599999874830246,0.10599999874830246,0.10599999874830246,0
2023-03-24,0.10599999874830246,0.10599999874830246,0.10599999874830246,0.10599999874830246,0
2023-03-27,0.10599999874830246,0.10599999874830246,0.10599999874830246,0.10599999874830246,0
2023-03-28,0.10599999874830246,0.10599999874830246,0.10599999874830246,0.10599999874830246,3600
2023-03-29,0.09350000321865082,0.09350000321865082,0.0729999989271164,0.0729999989271164,89007
2023-03-30,0.07000000029802322,0.07199999690055847,0.07000000029802322,0.07199999690055847,182832
2023-03-31,0.07199999690055847,0.07199999690055847,0.07199999690055847,0.07199999690055847,25853
2023-04-03,0.08799999952316284,0.08799999952316284,0.08799999952316284,0.08799999952316284,1290
2023-04-04,0.10000000149011612,0.10000000149011612,0.10000000149011612,0.10000000149011612,250181
2023-04-05,0.10000000149011612,0.10000000149011612,0.09200000017881393,0.09200000017881393,21229
2023-04-06,0.11400000005960464,0.11400000005960464,0.10000000149011612,0.10000000149011612,42220
2023-04-11,0.10000000149011612,0.10000000149011612,0.08500000089406967,0.08500000089406967,23544
2023-04-12,0.08500000089406967,0.08500000089406967,0.08500000089406967,0.08500000089406967,700
2023-04-13,0.10000000149011612,0.10000000149011612,0.10000000149011612,0.10000000149011612,14631
2023-04-14,0.0860000029206276,0.08799999952316284,0.0860000029206276,0.08799999952316284,48261
2023-04-17,0.09799999743700027,0.09799999743700027,0.09799999743700027,0.09799999743700027,4785
2023-04-18,0.09799999743700027,0.09799999743700027,0.09799999743700027,0.09799999743700027,0
2023-04-19,0.09799999743700027,0.09799999743700027,0.09799999743700027,0.09799999743700027,9789
2023-04-20,0.0860000029206276,0.0860000029206276,0.0860000029206276,0.0860000029206276,2421
2023-04-21,0.0860000029206276,0.0860000029206276,0.0860000029206276,0.0860000029206276,0
2023-04-24,0.0860000029206276,0.0860000029206276,0.0860000029206276,0.0860000029206276,2001
2023-04-25,0.0860000029206276,0.0860000029206276,0.0860000029206276,0.0860000029206276,17395
2023-04-26,0.0860000029206276,0.0860000029206276,0.0860000029206276,0.0860000029206276,20000
2023-04-27,0.09799999743700027,0.09799999743700027,0.09799999743700027,0.09799999743700027,1729
2023-04-28,0.07199999690055847,0.07199999690055847,0.06499999761581421,0.06499999761581421,126989
2023-05-02,0.07000000029802322,0.08799999952316284,0.07000000029802322,0.08799999952316284,3810
2023-05-04,0.07599999755620956,0.08749999850988388,0.07599999755620956,0.08749999850988388,11600
2023-05-05,0.08749999850988388,0.08749999850988388,0.08749999850988388,0.08749999850988388,0
2023-05-08,0.08749999850988388,0.08749999850988388,0.08749999850988388,0.08749999850988388,0
2023-05-09,0.08749999850988388,0.08749999850988388,0.08749999850988388,0.08749999850988388,0
2023-05-10,0.08749999850988388,0.08749999850988388,0.08749999850988388,0.08749999850988388,0
2023-05-11,0.08749999850988388,0.08749999850988388,0.08749999850988388,0.08749999850988388,4156
2023-05-12,0.08749999850988388,0.08749999850988388,0.08749999850988388,0.08749999850988388,0
2023-05-15,0.08699999749660492,0.08699999749660492,0.08699999749660492,0.08699999749660492,500
2023-05-16,0.08699999749660492,0.08699999749660492,0.08699999749660492,0.08699999749660492,0
2023-05-17,0.07599999755620956,0.07599999755620956,0.07599999755620956,0.07599999755620956,9980
2023-05-18,0.07599999755620956,0.07599999755620956,0.07599999755620956,0.07599999755620956,0
2023-05-19,0.07599999755620956,0.08550000190734863,0.07599999755620956,0.08550000190734863,13300
2023-05-22,0.08500000089406967,0.08500000089406967,0.0794999971985817,0.0794999971985817,5993
2023-05-23,0.08500000089406967,0.08500000089406967,0.07900000363588333,0.07900000363588333,1050
2023-05-24,0.07900000363588333,0.07900000363588333,0.07900000363588333,0.07900000363588333,0
2023-05-25,0.07900000363588333,0.07900000363588333,0.07900000363588333,0.07900000363588333,0
2023-05-26,0.07599999755620956,0.07599999755620956,0.07599999755620956,0.07599999755620956,1542
2023-05-29,0.07599999755620956,0.08399999886751175,0.07599999755620956,0.08399999886751175,210
2023-05-30,0.08349999785423279,0.08349999785423279,0.08349999785423279,0.08349999785423279,763
2023-05-31,0.07649999856948853,0.07649999856948853,0.07649999856948853,0.07649999856948853,4055
2023-06-01,0.07649999856948853,0.07649999856948853,0.07649999856948853,0.07649999856948853,0
2023-06-02,0.07649999856948853,0.07649999856948853,0.07649999856948853,0.07649999856948853,79356
2023-06-05,0.0754999965429306,0.07599999755620956,0.0754999965429306,0.07599999755620956,14495
2023-06-06,0.07150000333786011,0.07599999755620956,0.07150000333786011,0.07599999755620956,18070
2023-06-07,0.0754999965429306,0.0754999965429306,0.0754999965429306,0.0754999965429306,16000
2023-06-09,0.0754999965429306,0.0754999965429306,0.0754999965429306,0.0754999965429306,0
2023-06-12,0.0754999965429306,0.0754999965429306,0.0754999965429306,0.0754999965429306,0
2023-06-13,0.0754999965429306,0.0754999965429306,0.0754999965429306,0.0754999965429306,0
2023-06-14,0.0754999965429306,0.0754999965429306,0.0754999965429306,0.0754999965429306,0
2023-06-15,0.07450000196695328,0.07450000196695328,0.0729999989271164,0.0729999989271164,12134
2023-06-16,0.0729999989271164,0.0729999989271164,0.0729999989271164,0.0729999989271164,0
2023-06-19,0.07000000029802322,0.07000000029802322,0.07000000029802322,0.07000000029802322,50016
2023-06-20,0.07000000029802322,0.07000000029802322,0.07000000029802322,0.07000000029802322,0
2023-06-21,0.07050000131130219,0.07050000131130219,0.07050000131130219,0.07050000131130219,2000
2023-06-22,0.07050000131130219,0.07050000131130219,0.07050000131130219,0.07050000131130219,0
2023-06-23,0.07000000029802322,0.07000000029802322,0.07000000029802322,0.07000000029802322,5900
2023-06-26,0.07000000029802322,0.07000000029802322,0.07000000029802322,0.07000000029802322,20
2023-06-27,0.07900000363588333,0.07900000363588333,0.07900000363588333,0.07900000363588333,21185
2023-06-28,0.07199999690055847,0.07900000363588333,0.07199999690055847,0.07900000363588333,12510
2023-06-29,0.07900000363588333,0.07900000363588333,0.07199999690055847,0.07199999690055847,34830
2023-06-30,0.07850000262260437,0.07850000262260437,0.07850000262260437,0.07850000262260437,2400
2023-07-03,0.07850000262260437,0.07850000262260437,0.07850000262260437,0.07850000262260437,0
2023-07-04,0.07850000262260437,0.07850000262260437,0.07850000262260437,0.07850000262260437,0
2023-07-05,0.07850000262260437,0.07850000262260437,0.07850000262260437,0.07850000262260437,555
2023-07-06,0.07850000262260437,0.07850000262260437,0.07850000262260437,0.07850000262260437,0
2023-07-07,0.07850000262260437,0.07850000262260437,0.07850000262260437,0.07850000262260437,0
2023-07-10,0.07850000262260437,0.07850000262260437,0.07850000262260437,0.07850000262260437,0
2023-07-11,0.07850000262260437,0.07850000262260437,0.07850000262260437,0.07850000262260437,0
2023-07-12,0.07850000262260437,0.07850000262260437,0.07850000262260437,0.07850000262260437,0
2023-07-13,0.07850000262260437,0.07850000262260437,0.07850000262260437,0.07850000262260437,0
2023-07-14,0.07850000262260437,0.07850000262260437,0.07850000262260437,0.07850000262260437,0
2023-07-17,0.07850000262260437,0.07850000262260437,0.07850000262260437,0.07850000262260437,0
2023-07-18,0.07850000262260437,0.07850000262260437,0.07850000262260437,0.07850000262260437,0
2023-07-19,0.07750000059604645,0.07750000059604645,0.07750000059604645,0.07750000059604645,5002
2023-07-20,0.07750000059604645,0.07750000059604645,0.07750000059604645,0.07750000059604645,0
2023-07-21,0.07750000059604645,0.07750000059604645,0.07750000059604645,0.07750000059604645,0
2023-07-24,0.07750000059604645,0.07750000059604645,0.07750000059604645,0.07750000059604645,0
2023-07-25,0.07750000059604645,0.07750000059604645,0.07750000059604645,0.07750000059604645,0
2023-07-26,0.07750000059604645,0.07750000059604645,0.07750000059604645,0.07750000059604645,1588
2023-07-27,0.07750000059604645,0.07750000059604645,0.07750000059604645,0.07750000059604645,0
2023-07-28,0.07750000059604645,0.07750000059604645,0.07750000059604645,0.07750000059604645,0
2023-07-31,0.07750000059604645,0.07750000059604645,0.07750000059604645,0.07750000059604645,0
2023-08-01,0.07750000059604645,0.07750000059604645,0.07750000059604645,0.07750000059604645,0
2023-08-02,0.07750000059604645,0.07750000059604645,0.07750000059604645,0.07750000059604645,0
2023-08-03,0.07750000059604645,0.07750000059604645,0.07750000059604645,0.07750000059604645,0
2023-08-04,0.07750000059604645,0.07750000059604645,0.07750000059604645,0.07750000059604645,0
2023-08-07,0.07750000059604645,0.07750000059604645,0.07750000059604645,0.07750000059604645,0
2023-08-08,0.07750000059604645,0.07750000059604645,0.07750000059604645,0.07750000059604645,0
2023-08-09,0.07750000059604645,0.07750000059604645,0.07750000059604645,0.07750000059604645,53000
2023-08-10,0.07750000059604645,0.07750000059604645,0.07750000059604645,0.07750000059604645,0
2023-08-11,0.07750000059604645,0.07750000059604645,0.07750000059604645,0.07750000059604645,0
2023-08-14,0.07750000059604645,0.07750000059604645,0.07750000059604645,0.07750000059604645,0
2023-08-16,0.07800000160932541,0.07800000160932541,0.07800000160932541,0.07800000160932541,3500
2023-08-17,0.07800000160932541,0.07800000160932541,0.07800000160932541,0.07800000160932541,0
2023-08-18,0.07800000160932541,0.07800000160932541,0.07800000160932541,0.07800000160932541,0
2023-08-21,0.07800000160932541,0.07800000160932541,0.07800000160932541,0.07800000160932541,0
2023-08-22,0.07800000160932541,0.07800000160932541,0.07800000160932541,0.07800000160932541,0
2023-08-23,0.07850000262260437,0.07850000262260437,0.07850000262260437,0.07850000262260437,17000
2023-08-24,0.07850000262260437,0.07850000262260437,0.07850000262260437,0.07850000262260437,0
2023-08-25,0.07850000262260437,0.07850000262260437,0.07850000262260437,0.07850000262260437,0
2023-08-28,0.07850000262260437,0.07850000262260437,0.07850000262260437,0.07850000262260437,0
2023-08-29,0.07850000262260437,0.07850000262260437,0.07850000262260437,0.07850000262260437,0
2023-08-30,0.07850000262260437,0.07850000262260437,0.07850000262260437,0.07850000262260437,40716
2023-08-31,0.07850000262260437,0.07850000262260437,0.07850000262260437,0.07850000262260437,0
2023-09-01,0.07850000262260437,0.07850000262260437,0.07850000262260437,0.07850000262260437,0
2023-09-04,0.07850000262260437,0.07850000262260437,0.07850000262260437,0.07850000262260437,0
2023-09-05,0.07850000262260437,0.07850000262260437,0.07850000262260437,0.07850000262260437,0
2023-09-06,0.07249999791383743,0.07249999791383743,0.07249999791383743,0.07249999791383743,15000
2023-09-07,0.07249999791383743,0.07249999791383743,0.07249999791383743,0.07249999791383743,0
2023-09-08,0.07249999791383743,0.07249999791383743,0.07249999791383743,0.07249999791383743,0
2023-09-11,0.07249999791383743,0.07249999791383743,0.07249999791383743,0.07249999791383743,0
2023-09-12,0.07249999791383743,0.07249999791383743,0.07249999791383743,0.07249999791383743,0
2023-09-13,0.08399999886751175,0.08399999886751175,0.08399999886751175,0.08399999886751175,35500
2023-09-14,0.08399999886751175,0.08399999886751175,0.08399999886751175,0.08399999886751175,0
2023-09-15,0.08399999886751175,0.08399999886751175,0.08399999886751175,0.08399999886751175,0
2023-09-18,0.08399999886751175,0.08399999886751175,0.08399999886751175,0.08399999886751175,0
2023-09-19,0.08399999886751175,0.08399999886751175,0.08399999886751175,0.08399999886751175,0
2023-09-20,0.08799999952316284,0.08799999952316284,0.08799999952316284,0.08799999952316284,14200
2023-09-21,0.08799999952316284,0.08799999952316284,0.08799999952316284,0.08799999952316284,0
2023-09-22,0.08799999952316284,0.08799999952316284,0.08799999952316284,0.08799999952316284,0
2023-09-25,0.08799999952316284,0.08799999952316284,0.08799999952316284,0.08799999952316284,0
2023-09-26,0.08799999952316284,0.08799999952316284,0.08799999952316284,0.08799999952316284,0
2023-09-27,0.08799999952316284,0.08799999952316284,0.08799999952316284,0.08799999952316284,11220
2023-09-28,0.08799999952316284,0.08799999952316284,0.08799999952316284,0.08799999952316284,0
2023-09-29,0.08799999952316284,0.08799999952316284,0.08799999952316284,0.08799999952316284,0
2023-10-02,0.08799999952316284,0.08799999952316284,0.08799999952316284,0.08799999952316284,0
2023-10-03,0.08799999952316284,0.08799999952316284,0.08799999952316284,0.08799999952316284,0
2023-10-04,0.09200000017881393,0.09200000017881393,0.09200000017881393,0.09200000017881393,15100
2023-10-05,0.09200000017881393,0.09200000017881393,0.09200000017881393,0.09200000017881393,0
2023-10-06,0.09200000017881393,0.09200000017881393,0.09200000017881393,0.09200000017881393,0
2023-10-09,0.09200000017881393,0.09200000017881393,0.09200000017881393,0.09200000017881393,0
2023-10-10,0.09200000017881393,0.09200000017881393,0.09200000017881393,0.09200000017881393,0
2023-10-11,0.08799999952316284,0.08799999952316284,0.08799999952316284,0.08799999952316284,30776
2023-10-12,0.08799999952316284,0.08799999952316284,0.08799999952316284,0.08799999952316284,0
2023-10-13,0.08799999952316284,0.08799999952316284,0.08799999952316284,0.08799999952316284,0
2023-10-16,0.08799999952316284,0.08799999952316284,0.08799999952316284,0.08799999952316284,0
2023-10-17,0.08799999952316284,0.08799999952316284,0.08799999952316284,0.08799999952316284,0
2023-10-18,0.08799999952316284,0.08799999952316284,0.08799999952316284,0.08799999952316284,0
2023-10-19,0.08799999952316284,0.08799999952316284,0.08799999952316284,0.08799999952316284,0
2023-10-20,0.08799999952316284,0.08799999952316284,0.08799999952316284,0.08799999952316284,0
2023-10-23,0.08799999952316284,0.08799999952316284,0.08799999952316284,0.08799999952316284,0
2023-10-24,0.08799999952316284,0.08799999952316284,0.08799999952316284,0.08799999952316284,0
2023-10-25,0.08799999952316284,0.08799999952316284,0.08799999952316284,0.08799999952316284,1000
2023-10-26,0.08799999952316284,0.08799999952316284,0.08799999952316284,0.08799999952316284,0
2023-10-27,0.08799999952316284,0.08799999952316284,0.08799999952316284,0.08799999952316284,0
2023-10-30,0.08799999952316284,0.08799999952316284,0.08799999952316284,0.08799999952316284,0
2023-10-31,0.08799999952316284,0.08799999952316284,0.08799999952316284,0.08799999952316284,0
2023-11-02,0.08699999749660492,0.08699999749660492,0.08699999749660492,0.08699999749660492,15165
2023-11-03,0.08699999749660492,0.08699999749660492,0.08699999749660492,0.08699999749660492,0
2023-11-06,0.08699999749660492,0.08699999749660492,0.08699999749660492,0.08699999749660492,0
2023-11-07,0.08699999749660492,0.08699999749660492,0.08699999749660492,0.08699999749660492,0
2023-11-08,0.08699999749660492,0.08699999749660492,0.08699999749660492,0.08699999749660492,10000
2023-11-09,0.08699999749660492,0.08699999749660492,0.08699999749660492,0.08699999749660492,0
2023-11-10,0.08699999749660492,0.08699999749660492,0.08699999749660492,0.08699999749660492,0
2023-11-13,0.08699999749660492,0.08699999749660492,0.08699999749660492,0.08699999749660492,0
2023-11-14,0.08699999749660492,0.08699999749660492,0.08699999749660492,0.08699999749660492,0
2023-11-15,0.08699999749660492,0.08699999749660492,0.08699999749660492,0.08699999749660492,0
2023-11-16,0.08699999749660492,0.08699999749660492,0.08699999749660492,0.08699999749660492,0
2023-11-17,0.08699999749660492,0.08699999749660492,0.08699999749660492,0.08699999749660492,0
2023-11-20,0.08699999749660492,0.08699999749660492,0.08699999749660492,0.08699999749660492,0
2023-11-21,0.08699999749660492,0.08699999749660492,0.08699999749660492,0.08699999749660492,0
2023-11-22,0.08699999749660492,0.08699999749660492,0.08699999749660492,0.08699999749660492,0
2023-11-23,0.08699999749660492,0.08699999749660492,0.08699999749660492,0.08699999749660492,0
2023-11-24,0.08699999749660492,0.08699999749660492,0.08699999749660492,0.08699999749660492,0
2023-11-27,0.08699999749660492,0.08699999749660492,0.08699999749660492,0.08699999749660492,0
2023-11-28,0.08699999749660492,0.08699999749660492,0.08699999749660492,0.08699999749660492,0
2023-11-29,0.07000000029802322,0.07000000029802322,0.07000000029802322,0.07000000029802322,35050
2023-11-30,0.07000000029802322,0.07000000029802322,0.07000000029802322,0.07000000029802322,0
2023-12-01,0.07000000029802322,0.07000000029802322,0.07000000029802322,0.07000000029802322,0
2023-12-04,0.07000000029802322,0.07000000029802322,0.07000000029802322,0.07000000029802322,0
2023-12-05,0.07000000029802322,0.07000000029802322,0.07000000029802322,0.07000000029802322,0
2023-12-06,0.08699999749660492,0.08699999749660492,0.08699999749660492,0.08699999749660492,47024
2023-12-07,0.08699999749660492,0.08699999749660492,0.08699999749660492,0.08699999749660492,0
2023-12-08,0.08699999749660492,0.08699999749660492,0.08699999749660492,0.08699999749660492,0
2023-12-11,0.08699999749660492,0.08699999749660492,0.08699999749660492,0.08699999749660492,0
2023-12-12,0.08699999749660492,0.08699999749660492,0.08699999749660492,0.08699999749660492,0
2023-12-13,0.07349999994039536,0.07349999994039536,0.07349999994039536,0.07349999994039536,4560
2023-12-14,0.07349999994039536,0.07349999994039536,0.07349999994039536,0.07349999994039536,0
2023-12-15,0.07349999994039536,0.07349999994039536,0.07349999994039536,0.07349999994039536,0
2023-12-18,0.07349999994039536,0.07349999994039536,0.07349999994039536,0.07349999994039536,0
2023-12-19,0.07349999994039536,0.07349999994039536,0.07349999994039536,0.07349999994039536,0
2023-12-20,0.07500000298023224,0.07500000298023224,0.07500000298023224,0.07500000298023224,2854
2023-12-21,0.07500000298023224,0.07500000298023224,0.07500000298023224,0.07500000298023224,0
2023-12-22,0.07500000298023224,0.07500000298023224,0.07500000298023224,0.07500000298023224,0
2023-12-27,0.07999999821186066,0.07999999821186066,0.07999999821186066,0.07999999821186066,13940
2023-12-28,0.07999999821186066,0.07999999821186066,0.07999999821186066,0.07999999821186066,0
2023-12-29,0.07999999821186066,0.07999999821186066,0.07999999821186066,0.07999999821186066,0
2024-01-02,0.07999999821186066,0.07999999821186066,0.07999999821186066,0.07999999821186066,0
2024-01-03,0.09700000286102295,0.09700000286102295,0.09700000286102295,0.09700000286102295,400
2024-01-04,0.09700000286102295,0.09700000286102295,0.09700000286102295,0.09700000286102295,0
2024-01-05,0.09700000286102295,0.09700000286102295,0.09700000286102295,0.09700000286102295,0
2024-01-08,0.09700000286102295,0.09700000286102295,0.09700000286102295,0.09700000286102295,0
2024-01-09,0.09700000286102295,0.09700000286102295,0.09700000286102295,0.09700000286102295,0
2024-01-10,0.0949999988079071,0.0949999988079071,0.0949999988079071,0.0949999988079071,26993
2024-01-11,0.0949999988079071,0.0949999988079071,0.0949999988079071,0.0949999988079071,0
2024-01-12,0.0949999988079071,0.0949999988079071,0.0949999988079071,0.0949999988079071,0
2024-01-15,0.0949999988079071,0.0949999988079071,0.0949999988079071,0.0949999988079071,0
2024-01-16,0.0949999988079071,0.0949999988079071,0.0949999988079071,0.0949999988079071,0
2024-01-17,0.0949999988079071,0.0949999988079071,0.0949999988079071,0.0949999988079071,0
2024-01-18,0.0949999988079071,0.0949999988079071,0.0949999988079071,0.0949999988079071,0
2024-01-19,0.0949999988079071,0.0949999988079071,0.0949999988079071,0.0949999988079071,0
2024-01-22,0.0949999988079071,0.0949999988079071,0.0949999988079071,0.0949999988079071,0
2024-01-23,0.0949999988079071,0.0949999988079071,0.0949999988079071,0.0949999988079071,0
2024-01-24,0.0949999988079071,0.0949999988079071,0.0949999988079071,0.0949999988079071,0
2024-01-25,0.0949999988079071,0.0949999988079071,0.0949999988079071,0.0949999988079071,0
2024-01-26,0.0949999988079071,0.0949999988079071,0.0949999988079071,0.0949999988079071,0
2024-01-29,0.0949999988079071,0.0949999988079071,0.0949999988079071,0.0949999988079071,0
2024-01-30,0.0949999988079071,0.0949999988079071,0.0949999988079071,0.0949999988079071,0
2024-01-31,0.08399999886751175,0.08399999886751175,0.08399999886751175,0.08399999886751175,17288
2024-02-01,0.08399999886751175,0.08399999886751175,0.08399999886751175,0.08399999886751175,0
2024-02-02,0.08399999886751175,0.08399999886751175,0.08399999886751175,0.08399999886751175,0
2024-02-05,0.08399999886751175,0.08399999886751175,0.08399999886751175,0.08399999886751175,0
2024-02-06,0.08399999886751175,0.08399999886751175,0.08399999886751175,0.08399999886751175,0
2024-02-07,0.08399999886751175,0.08399999886751175,0.08399999886751175,0.08399999886751175,0
2024-02-08,0.08399999886751175,0.08399999886751175,0.08399999886751175,0.08399999886751175,0
2024-02-09,0.08399999886751175,0.08399999886751175,0.08399999886751175,0.08399999886751175,0
2024-02-12,0.08399999886751175,0.08399999886751175,0.08399999886751175,0.08399999886751175,0
2024-02-13,0.08399999886751175,0.08399999886751175,0.08399999886751175,0.08399999886751175,0
2024-02-14,0.08399999886751175,0.08399999886751175,0.08399999886751175,0.08399999886751175,0
2024-02-15,0.08399999886751175,0.08399999886751175,0.08399999886751175,0.08399999886751175,0
2024-02-16,0.08399999886751175,0.08399999886751175,0.08399999886751175,0.08399999886751175,0
2024-02-19,0.08399999886751175,0.08399999886751175,0.08399999886751175,0.08399999886751175,0
2024-02-20,0.08399999886751175,0.08399999886751175,0.08399999886751175,0.08399999886751175,0
2024-02-21,0.08399999886751175,0.08399999886751175,0.08399999886751175,0.08399999886751175,0
2024-02-22,0.08399999886751175,0.08399999886751175,0.08399999886751175,0.08399999886751175,0
2024-02-23,0.08399999886751175,0.08399999886751175,0.08399999886751175,0.08399999886751175,0
2024-02-26,0.08399999886751175,0.08399999886751175,0.08399999886751175,0.08399999886751175,0
2024-02-27,0.08399999886751175,0.08399999886751175,0.08399999886751175,0.08399999886751175,0
2024-02-28,0.07599999755620956,0.07599999755620956,0.07599999755620956,0.07599999755620956,32900
2024-02-29,0.07599999755620956,0.07599999755620956,0.07599999755620956,0.07599999755620956,0
2024-03-01,0.07599999755620956,0.07599999755620956,0.07599999755620956,0.07599999755620956,0
2024-03-04,0.07599999755620956,0.07599999755620956,0.07599999755620956,0.07599999755620956,0
2024-03-05,0.07599999755620956,0.07599999755620956,0.07599999755620956,0.07599999755620956,0
2024-03-06,0.07599999755620956,0.07599999755620956,0.07599999755620956,0.07599999755620956,17255
2024-03-07,0.07599999755620956,0.07599999755620956,0.07599999755620956,0.07599999755620956,0
2024-03-08,0.07599999755620956,0.07599999755620956,0.07599999755620956,0.07599999755620956,0
2024-03-11,0.07599999755620956,0.07599999755620956,0.07599999755620956,0.07599999755620956,0
2024-03-12,0.07599999755620956,0.07599999755620956,0.07599999755620956,0.07599999755620956,0
2024-03-13,0.07999999821186066,0.07999999821186066,0.07999999821186066,0.07999999821186066,13618
2024-03-14,0.07999999821186066,0.07999999821186066,0.07999999821186066,0.07999999821186066,0
2024-03-15,0.07999999821186066,0.07999999821186066,0.07999999821186066,0.07999999821186066,0
2024-03-18,0.07999999821186066,0.07999999821186066,0.07999999821186066,0.07999999821186066,0
2024-03-19,0.07999999821186066,0.07999999821186066,0.07999999821186066,0.07999999821186066,0
2024-03-20,0.07999999821186066,0.07999999821186066,0.07999999821186066,0.07999999821186066,5556
2024-03-21,0.07999999821186066,0.07999999821186066,0.07999999821186066,0.07999999821186066,0
2024-03-22,0.07999999821186066,0.07999999821186066,0.07999999821186066,0.07999999821186066,0
2024-03-25,0.07999999821186066,0.07999999821186066,0.07999999821186066,0.07999999821186066,0
2024-03-26,0.07999999821186066,0.07999999821186066,0.07999999821186066,0.07999999821186066,0
2024-03-27,0.07199999690055847,0.07199999690055847,0.07199999690055847,0.07199999690055847,700
2024-03-28,0.07199999690055847,0.07199999690055847,0.07199999690055847,0.07199999690055847,0
2024-04-02,0.07199999690055847,0.07199999690055847,0.07199999690055847,0.07199999690055847,0
2024-04-03,0.08799999952316284,0.08799999952316284,0.08799999952316284,0.08799999952316284,10001
2024-04-04,0.08799999952316284,0.08799999952316284,0.08799999952316284,0.08799999952316284,0
2024-04-05,0.08799999952316284,0.08799999952316284,0.08799999952316284,0.08799999952316284,0
2024-04-08,0.08799999952316284,0.08799999952316284,0.08799999952316284,0.08799999952316284,0
2024-04-09,0.08799999952316284,0.08799999952316284,0.08799999952316284,0.08799999952316284,0
2024-04-10,0.07249999791383743,0.07249999791383743,0.07249999791383743,0.07249999791383743,20746
2024-04-11,0.07249999791383743,0.07249999791383743,0.07249999791383743,0.07249999791383743,0
2024-04-12,0.07249999791383743,0.07249999791383743,0.07249999791383743,0.07249999791383743,0
2024-04-15,0.07249999791383743,0.07249999791383743,0.07249999791383743,0.07249999791383743,0
2024-04-16,0.07249999791383743,0.07249999791383743,0.07249999791383743,0.07249999791383743,0
2024-04-17,0.08399999886751175,0.08399999886751175,0.08399999886751175,0.08399999886751175,9000
2024-04-18,0.08399999886751175,0.08399999886751175,0.08399999886751175,0.08399999886751175,0
2024-04-19,0.08399999886751175,0.08399999886751175,0.08399999886751175,0.08399999886751175,0
2024-04-22,0.08399999886751175,0.08399999886751175,0.08399999886751175,0.08399999886751175,0
2024-04-23,0.08399999886751175,0.08399999886751175,0.08399999886751175,0.08399999886751175,0
2024-04-24,0.08399999886751175,0.08399999886751175,0.08399999886751175,0.08399999886751175,0
2024-04-25,0.08399999886751175,0.08399999886751175,0.08399999886751175,0.08399999886751175,0
2024-04-26,0.08399999886751175,0.08399999886751175,0.08399999886751175,0.08399999886751175,0
2024-04-29,0.08399999886751175,0.08399999886751175,0.08399999886751175,0.08399999886751175,0
2024-04-30,0.08399999886751175,0.08399999886751175,0.08399999886751175,0.08399999886751175,0
2024-05-02,0.08749999850988388,0.08749999850988388,0.08749999850988388,0.08749999850988388,3500
2024-05-06,0.08749999850988388,0.08749999850988388,0.08749999850988388,0.08749999850988388,0
2024-05-07,0.08749999850988388,0.08749999850988388,0.08749999850988388,0.08749999850988388,0
2024-05-08,0.08749999850988388,0.08749999850988388,0.08749999850988388,0.08749999850988388,0
2024-05-09,0.08749999850988388,0.08749999850988388,0.08749999850988388,0.08749999850988388,0
2024-05-10,0.08749999850988388,0.08749999850988388,0.08749999850988388,0.08749999850988388,0
2024-05-13,0.08749999850988388,0.08749999850988388,0.08749999850988388,0.08749999850988388,0
2024-05-14,0.08749999850988388,0.08749999850988388,0.08749999850988388,0.08749999850988388,0
2024-05-15,0.0729999989271164,0.0729999989271164,0.0729999989271164,0.0729999989271164,2021
2024-05-16,0.0729999989271164,0.0729999989271164,0.0729999989271164,0.0729999989271164,0
2024-05-17,0.0729999989271164,0.0729999989271164,0.0729999989271164,0.0729999989271164,0
2024-05-20,0.0729999989271164,0.0729999989271164,0.0729999989271164,0.0729999989271164,0
2024-05-21,0.0729999989271164,0.0729999989271164,0.0729999989271164,0.0729999989271164,0
2024-05-22,0.0729999989271164,0.0729999989271164,0.0729999989271164,0.0729999989271164,0
2024-05-23,0.0729999989271164,0.0729999989271164,0.0729999989271164,0.0729999989271164,0
2024-05-24,0.0729999989271164,0.0729999989271164,0.0729999989271164,0.0729999989271164,0
2024-05-27,0.0729999989271164,0.0729999989271164,0.0729999989271164,0.0729999989271164,0
2024-05-28,0.0729999989271164,0.0729999989271164,0.0729999989271164,0.0729999989271164,0
2024-05-29,0.0729999989271164,0.0729999989271164,0.0729999989271164,0.0729999989271164,0
2024-05-31,0.0729999989271164,0.0729999989271164,0.0729999989271164,0.0729999989271164,0
2024-06-03,0.0729999989271164,0.0729999989271164,0.0729999989271164,0.0729999989271164,0
2024-06-04,0.0729999989271164,0.0729999989271164,0.0729999989271164,0.0729999989271164,0
2024-06-05,0.07400000095367432,0.07400000095367432,0.07400000095367432,0.07400000095367432,22020
2024-06-06,0.07400000095367432,0.07400000095367432,0.07400000095367432,0.07400000095367432,0
2024-06-07,0.07400000095367432,0.07400000095367432,0.07400000095367432,0.07400000095367432,0
2024-06-10,0.07400000095367432,0.07400000095367432,0.07400000095367432,0.07400000095367432,0
2024-06-11,0.07400000095367432,0.07400000095367432,0.07400000095367432,0.07400000095367432,0
2024-06-12,0.07400000095367432,0.07400000095367432,0.07400000095367432,0.07400000095367432,0
2024-06-13,0.07400000095367432,0.07400000095367432,0.07400000095367432,0.07400000095367432,0
2024-06-14,0.07400000095367432,0.07400000095367432,0.07400000095367432,0.07400000095367432,0
2024-06-17,0.07400000095367432,0.07400000095367432,0.07400000095367432,0.07400000095367432,0
2024-06-18,0.07400000095367432,0.07400000095367432,0.07400000095367432,0.07400000095367432,0
2024-06-19,0.07400000095367432,0.07400000095367432,0.07400000095367432,0.07400000095367432,0
2024-06-20,0.07400000095367432,0.07400000095367432,0.07400000095367432,0.07400000095367432,0
2024-06-21,0.07400000095367432,0.07400000095367432,0.07400000095367432,0.07400000095367432,0
2024-06-24,0.07400000095367432,0.07400000095367432,0.07400000095367432,0.07400000095367432,0
2024-06-25,0.07400000095367432,0.07400000095367432,0.07400000095367432,0.07400000095367432,0
2024-06-26,0.07400000095367432,0.07400000095367432,0.07400000095367432,0.07400000095367432,0
2024-06-27,0.07400000095367432,0.07400000095367432,0.07400000095367432,0.07400000095367432,0
2024-06-28,0.07400000095367432,0.07400000095367432,0.07400000095367432,0.07400000095367432,0
2024-07-01,0.07400000095367432,0.07400000095367432,0.07400000095367432,0.07400000095367432,0
2024-07-02,0.07400000095367432,0.07400000095367432,0.07400000095367432,0.07400000095367432,0
2024-07-03,0.07400000095367432,0.07400000095367432,0.07400000095367432,0.07400000095367432,0
2024-07-04,0.07400000095367432,0.07400000095367432,0.07400000095367432,0.07400000095367432,0
2024-07-05,0.07400000095367432,0.07400000095367432,0.07400000095367432,0.07400000095367432,0
2024-07-08,0.07400000095367432,0.07400000095367432,0.07400000095367432,0.07400000095367432,0
2024-07-09,0.07400000095367432,0.07400000095367432,0.07400000095367432,0.07400000095367432,0
2024-07-10,0.07400000095367432,0.07400000095367432,0.07400000095367432,0.07400000095367432,0
2024-07-11,0.07400000095367432,0.07400000095367432,0.07400000095367432,0.07400000095367432,0
2024-07-12,0.07400000095367432,0.07400000095367432,0.07400000095367432,0.07400000095367432,0
2024-07-15,0.07400000095367432,0.07400000095367432,0.07400000095367432,0.07400000095367432,0
2024-07-16,0.07400000095367432,0.07400000095367432,0.07400000095367432,0.07400000095367432,0
2024-07-17,0.07400000095367432,0.07400000095367432,0.07400000095367432,0.07400000095367432,2990
2024-07-18,0.07400000095367432,0.07400000095367432,0.07400000095367432,0.07400000095367432,0
2024-07-19,0.07400000095367432,0.07400000095367432,0.07400000095367432,0.07400000095367432,0
2024-07-22,0.07400000095367432,0.07400000095367432,0.07400000095367432,0.07400000095367432,0
2024-07-23,0.07400000095367432,0.07400000095367432,0.07400000095367432,0.07400000095367432,0
2024-07-24,0.07400000095367432,0.07400000095367432,0.07400000095367432,0.07400000095367432,290
2024-07-25,0.07400000095367432,0.07400000095367432,0.07400000095367432,0.07400000095367432,0
2024-07-26,0.07400000095367432,0.07400000095367432,0.07400000095367432,0.07400000095367432,0
2024-07-29,0.07400000095367432,0.07400000095367432,0.07400000095367432,0.07400000095367432,0
2024-07-30,0.07400000095367432,0.07400000095367432,0.07400000095367432,0.07400000095367432,0
2024-07-31,0.07400000095367432,0.07400000095367432,0.07400000095367432,0.07400000095367432,10
2024-08-01,0.07400000095367432,0.07400000095367432,0.07400000095367432,0.07400000095367432,0
2024-08-02,0.07400000095367432,0.07400000095367432,0.07400000095367432,0.07400000095367432,0
2024-08-05,0.07400000095367432,0.07400000095367432,0.07400000095367432,0.07400000095367432,0
2024-08-06,0.07400000095367432,0.07400000095367432,0.07400000095367432,0.07400000095367432,0
2024-08-07,0.07400000095367432,0.07400000095367432,0.07400000095367432,0.07400000095367432,0
2024-08-08,0.07400000095367432,0.07400000095367432,0.07400000095367432,0.07400000095367432,0
2024-08-09,0.07400000095367432,0.07400000095367432,0.07400000095367432,0.07400000095367432,0
2024-08-12,0.07400000095367432,0.07400000095367432,0.07400000095367432,0.07400000095367432,0
2024-08-13,0.07400000095367432,0.07400000095367432,0.07400000095367432,0.07400000095367432,0
2024-08-14,0.07000000029802322,0.07000000029802322,0.07000000029802322,0.07000000029802322,5025
2024-08-16,0.07000000029802322,0.07000000029802322,0.07000000029802322,0.07000000029802322,0
2024-08-19,0.07000000029802322,0.07000000029802322,0.07000000029802322,0.07000000029802322,0
2024-08-20,0.07000000029802322,0.07000000029802322,0.07000000029802322,0.07000000029802322,0
2024-08-21,0.07000000029802322,0.07000000029802322,0.07000000029802322,0.07000000029802322,9208
2024-08-22,0.07000000029802322,0.07000000029802322,0.07000000029802322,0.07000000029802322,0
2024-08-23,0.07000000029802322,0.07000000029802322,0.07000000029802322,0.07000000029802322,0
2024-08-26,0.07000000029802322,0.07000000029802322,0.07000000029802322,0.07000000029802322,0
2024-08-27,0.07000000029802322,0.07000000029802322,0.07000000029802322,0.07000000029802322,0
2024-08-28,0.07000000029802322,0.07000000029802322,0.07000000029802322,0.07000000029802322,4000
2024-08-29,0.07000000029802322,0.07000000029802322,0.07000000029802322,0.07000000029802322,0
2024-08-30,0.07000000029802322,0.07000000029802322,0.07000000029802322,0.07000000029802322,0
2024-09-02,0.07000000029802322,0.07000000029802322,0.07000000029802322,0.07000000029802322,0
2024-09-03,0.07000000029802322,0.07000000029802322,0.07000000029802322,0.07000000029802322,0
2024-09-04,0.07000000029802322,0.07000000029802322,0.07000000029802322,0.07000000029802322,485
2024-09-05,0.07000000029802322,0.07000000029802322,0.07000000029802322,0.07000000029802322,0
2024-09-06,0.07000000029802322,0.07000000029802322,0.07000000029802322,0.07000000029802322,0
2024-09-09,0.07000000029802322,0.07000000029802322,0.07000000029802322,0.07000000029802322,0
2024-09-10,0.07000000029802322,0.07000000029802322,0.07000000029802322,0.07000000029802322,0
2024-09-11,0.07000000029802322,0.07000000029802322,0.07000000029802322,0.07000000029802322,0
2024-09-12,0.07000000029802322,0.07000000029802322,0.07000000029802322,0.07000000029802322,0
2024-09-13,0.07000000029802322,0.07000000029802322,0.07000000029802322,0.07000000029802322,0
2024-09-16,0.07000000029802322,0.07000000029802322,0.07000000029802322,0.07000000029802322,0
2024-09-17,0.07000000029802322,0.07000000029802322,0.07000000029802322,0.07000000029802322,0
2024-09-18,0.07000000029802322,0.07000000029802322,0.07000000029802322,0.07000000029802322,1693
2024-09-19,0.07000000029802322,0.07000000029802322,0.07000000029802322,0.07000000029802322,0
2024-09-20,0.07000000029802322,0.07000000029802322,0.07000000029802322,0.07000000029802322,0
2024-09-23,0.07000000029802322,0.07000000029802322,0.07000000029802322,0.07000000029802322,0
2024-09-24,0.07000000029802322,0.07000000029802322,0.07000000029802322,0.07000000029802322,0
2024-09-25,0.07000000029802322,0.07000000029802322,0.07000000029802322,0.07000000029802322,0
2024-09-26,0.07000000029802322,0.07000000029802322,0.07000000029802322,0.07000000029802322,0
2024-09-27,0.07000000029802322,0.07000000029802322,0.07000000029802322,0.07000000029802322,0
2024-09-30,0.07000000029802322,0.07000000029802322,0.07000000029802322,0.07000000029802322,0
2024-10-01,0.07000000029802322,0.07000000029802322,0.07000000029802322,0.07000000029802322,0
2024-10-02,0.07000000029802322,0.07000000029802322,0.07000000029802322,0.07000000029802322,600
2024-10-03,0.07000000029802322,0.07000000029802322,0.07000000029802322,0.07000000029802322,0
2024-10-04,0.07000000029802322,0.07000000029802322,0.07000000029802322,0.07000000029802322,0
2024-10-07,0.07000000029802322,0.07000000029802322,0.07000000029802322,0.07000000029802322,0
2024-10-08,0.07000000029802322,0.07000000029802322,0.07000000029802322,0.07000000029802322,0
2024-10-09,0.07000000029802322,0.07000000029802322,0.07000000029802322,0.07000000029802322,7657
2024-10-10,0.07000000029802322,0.07000000029802322,0.07000000029802322,0.07000000029802322,0
2024-10-11,0.07000000029802322,0.07000000029802322,0.07000000029802322,0.07000000029802322,0
2024-10-14,0.07000000029802322,0.07000000029802322,0.07000000029802322,0.07000000029802322,0
2024-10-15,0.07000000029802322,0.07000000029802322,0.07000000029802322,0.07000000029802322,0
2024-10-16,0.07000000029802322,0.07000000029802322,0.07000000029802322,0.07000000029802322,11943
2024-10-17,0.07000000029802322,0.07000000029802322,0.07000000029802322,0.07000000029802322,0
2024-10-18,0.07000000029802322,0.07000000029802322,0.07000000029802322,0.07000000029802322,0
2024-10-21,0.07000000029802322,0.07000000029802322,0.07000000029802322,0.07000000029802322,0
2024-10-22,0.07000000029802322,0.07000000029802322,0.07000000029802322,0.07000000029802322,0
2024-10-23,0.07699999958276749,0.07699999958276749,0.07699999958276749,0.07699999958276749,5000
2024-10-24,0.07699999958276749,0.07699999958276749,0.07699999958276749,0.07699999958276749,0
2024-10-25,0.07699999958276749,0.07699999958276749,0.07699999958276749,0.07699999958276749,0
2024-10-28,0.07699999958276749,0.07699999958276749,0.07699999958276749,0.07699999958276749,0
2024-10-29,0.07699999958276749,0.07699999958276749,0.07699999958276749,0.07699999958276749,0
2024-10-30,0.07699999958276749,0.07699999958276749,0.07699999958276749,0.07699999958276749,0
2024-10-31,0.07699999958276749,0.07699999958276749,0.07699999958276749,0.07699999958276749,0
2024-11-04,0.07699999958276749,0.07699999958276749,0.07699999958276749,0.07699999958276749,0
2024-11-05,0.07699999958276749,0.07699999958276749,0.07699999958276749,0.07699999958276749,0
2024-11-06,0.07699999958276749,0.07699999958276749,0.07699999958276749,0.07699999958276749,0
2024-11-07,0.07699999958276749,0.07699999958276749,0.07699999958276749,0.07699999958276749,0
2024-11-08,0.07699999958276749,0.07699999958276749,0.07699999958276749,0.07699999958276749,0
2024-11-12,0.07699999958276749,0.07699999958276749,0.07699999958276749,0.07699999958276749,0
2024-11-13,0.07699999958276749,0.07699999958276749,0.07699999958276749,0.07699999958276749,0
2024-11-14,0.07699999958276749,0.07699999958276749,0.07699999958276749,0.07699999958276749,0
2024-11-15,0.07699999958276749,0.07699999958276749,0.07699999958276749,0.07699999958276749,0
2024-11-18,0.07699999958276749,0.07699999958276749,0.07699999958276749,0.07699999958276749,0
2024-11-19,0.07699999958276749,0.07699999958276749,0.07699999958276749,0.07699999958276749,0
2024-11-20,0.07000000029802322,0.07000000029802322,0.07000000029802322,0.07000000029802322,50
2024-11-21,0.07000000029802322,0.07000000029802322,0.07000000029802322,0.07000000029802322,0
2024-11-22,0.07000000029802322,0.07000000029802322,0.07000000029802322,0.07000000029802322,0
2024-11-25,0.07000000029802322,0.07000000029802322,0.07000000029802322,0.07000000029802322,0
2024-11-26,0.07000000029802322,0.07000000029802322,0.07000000029802322,0.07000000029802322,0
2024-11-27,0.07000000029802322,0.07000000029802322,0.07000000029802322,0.07000000029802322,0
2024-11-28,0.07000000029802322,0.07000000029802322,0.07000000029802322,0.07000000029802322,0
2024-11-29,0.07000000029802322,0.07000000029802322,0.07000000029802322,0.07000000029802322,0
2024-12-02,0.07000000029802322,0.07000000029802322,0.07000000029802322,0.07000000029802322,0
2024-12-03,0.07000000029802322,0.07000000029802322,0.07000000029802322,0.07000000029802322,0
2024-12-04,0.07000000029802322,0.07000000029802322,0.07000000029802322,0.07000000029802322,960
2024-12-05,0.07000000029802322,0.07000000029802322,0.07000000029802322,0.07000000029802322,0
2024-12-06,0.07000000029802322,0.07000000029802322,0.07000000029802322,0.07000000029802322,0
2024-12-09,0.07000000029802322,0.07000000029802322,0.07000000029802322,0.07000000029802322,0
2024-12-10,0.07000000029802322,0.07000000029802322,0.07000000029802322,0.07000000029802322,0
2024-12-11,0.07000000029802322,0.07000000029802322,0.07000000029802322,0.07000000029802322,1316
2024-12-12,0.07000000029802322,0.07000000029802322,0.07000000029802322,0.07000000029802322,0
2024-12-13,0.07000000029802322,0.07000000029802322,0.07000000029802322,0.07000000029802322,0
2024-12-16,0.07000000029802322,0.07000000029802322,0.07000000029802322,0.07000000029802322,0
2024-12-17,0.07000000029802322,0.07000000029802322,0.07000000029802322,0.07000000029802322,0
2024-12-18,0.07000000029802322,0.07000000029802322,0.07000000029802322,0.07000000029802322,18358
2024-12-19,0.07000000029802322,0.07000000029802322,0.07000000029802322,0.07000000029802322,0
2024-12-20,0.07000000029802322,0.07000000029802322,0.07000000029802322,0.07000000029802322,0
2024-12-23,0.07000000029802322,0.07000000029802322,0.07000000029802322,0.07000000029802322,0
2024-12-27,0.07000000029802322,0.07000000029802322,0.07000000029802322,0.07000000029802322,0
2024-12-30,0.07000000029802322,0.07000000029802322,0.07000000029802322,0.07000000029802322,0
2025-01-02,0.07000000029802322,0.07000000029802322,0.07000000029802322,0.07000000029802322,0
2025-01-03,0.07000000029802322,0.07000000029802322,0.07000000029802322,0.07000000029802322,0
2025-01-07,0.07000000029802322,0.07000000029802322,0.07000000029802322,0.07000000029802322,0
2025-01-08,0.07699999958276749,0.07699999958276749,0.07699999958276749,0.07699999958276749,11100
2025-01-09,0.07699999958276749,0.07699999958276749,0.07699999958276749,0.07699999958276749,0
2025-01-10,0.07699999958276749,0.07699999958276749,0.07699999958276749,0.07699999958276749,0
2025-01-13,0.07699999958276749,0.07699999958276749,0.07699999958276749,0.07699999958276749,0
2025-01-14,0.07699999958276749,0.07699999958276749,0.07699999958276749,0.07699999958276749,0
2025-01-15,0.07699999958276749,0.07699999958276749,0.07699999958276749,0.07699999958276749,4073
2025-01-16,0.07699999958276749,0.07699999958276749,0.07699999958276749,0.07699999958276749,0
2025-01-17,0.07699999958276749,0.07699999958276749,0.07699999958276749,0.07699999958276749,0
2025-01-20,0.07699999958276749,0.07699999958276749,0.07699999958276749,0.07699999958276749,0
2025-01-21,0.07699999958276749,0.07699999958276749,0.07699999958276749,0.07699999958276749,0
2025-01-22,0.07699999958276749,0.07699999958276749,0.07699999958276749,0.07699999958276749,0
2025-01-23,0.07699999958276749,0.07699999958276749,0.07699999958276749,0.07699999958276749,0
2025-01-24,0.07699999958276749,0.07699999958276749,0.07699999958276749,0.07699999958276749,0
2025-01-27,0.07699999958276749,0.07699999958276749,0.07699999958276749,0.07699999958276749,0
2025-01-28,0.07699999958276749,0.07699999958276749,0.07699999958276749,0.07699999958276749,0
2025-01-29,0.07699999958276749,0.07699999958276749,0.07699999958276749,0.07699999958276749,0
2025-01-30,0.07699999958276749,0.07699999958276749,0.07699999958276749,0.07699999958276749,0
2025-01-31,0.07699999958276749,0.07699999958276749,0.07699999958276749,0.07699999958276749,0
2025-02-03,0.07699999958276749,0.07699999958276749,0.07699999958276749,0.07699999958276749,0
2025-02-04,0.07699999958276749,0.07699999958276749,0.07699999958276749,0.07699999958276749,0
2025-02-05,0.07699999958276749,0.07699999958276749,0.07699999958276749,0.07699999958276749,0
2025-02-06,0.07699999958276749,0.07699999958276749,0.07699999958276749,0.07699999958276749,0
2025-02-07,0.07699999958276749,0.07699999958276749,0.07699999958276749,0.07699999958276749,0
2025-02-10,0.07699999958276749,0.07699999958276749,0.07699999958276749,0.07699999958276749,0
2025-02-11,0.07699999958276749,0.07699999958276749,0.07699999958276749,0.07699999958276749,0
2025-02-12,0.07599999755620956,0.07599999755620956,0.07599999755620956,0.07599999755620956,3000
2025-02-13,0.07599999755620956,0.07599999755620956,0.07599999755620956,0.07599999755620956,0
2025-02-14,0.07599999755620956,0.07599999755620956,0.07599999755620956,0.07599999755620956,0
2025-02-17,0.07599999755620956,0.07599999755620956,0.07599999755620956,0.07599999755620956,0
2025-02-18,0.07599999755620956,0.07599999755620956,0.07599999755620956,0.07599999755620956,0
2025-02-19,0.07599999755620956,0.07599999755620956,0.07599999755620956,0.07599999755620956,0
2025-02-20,0.07599999755620956,0.07599999755620956,0.07599999755620956,0.07599999755620956,0
2025-02-21,0.07599999755620956,0.07599999755620956,0.07599999755620956,0.07599999755620956,0
2025-02-24,0.07599999755620956,0.07599999755620956,0.07599999755620956,0.07599999755620956,0
2025-02-25,0.07599999755620956,0.07599999755620956,0.07599999755620956,0.07599999755620956,0
2025-02-26,0.07599999755620956,0.07599999755620956,0.07599999755620956,0.07599999755620956,0
2025-02-27,0.07599999755620956,0.07599999755620956,0.07599999755620956,0.07599999755620956,0
2025-02-28,0.07599999755620956,0.07599999755620956,0.07599999755620956,0.07599999755620956,0
2025-03-03,0.07599999755620956,0.07599999755620956,0.07599999755620956,0.07599999755620956,0
2025-03-04,0.07599999755620956,0.07599999755620956,0.07599999755620956,0.07599999755620956,0
2025-03-05,0.07599999755620956,0.07599999755620956,0.07599999755620956,0.07599999755620956,0
2025-03-06,0.07599999755620956,0.07599999755620956,0.07599999755620956,0.07599999755620956,0
2025-03-07,0.07599999755620956,0.07599999755620956,0.07599999755620956,0.07599999755620956,0
2025-03-10,0.07599999755620956,0.07599999755620956,0.07599999755620956,0.07599999755620956,0
2025-03-11,0.07599999755620956,0.07599999755620956,0.07599999755620956,0.07599999755620956,0
2025-03-12,0.05350000038743019,0.05350000038743019,0.05350000038743019,0.05350000038743019,100
2025-03-13,0.05350000038743019,0.05350000038743019,0.05350000038743019,0.05350000038743019,0
2025-03-14,0.05350000038743019,0.05350000038743019,0.05350000038743019,0.05350000038743019,0
2025-03-17,0.05350000038743019,0.05350000038743019,0.05350000038743019,0.05350000038743019,0
2025-03-18,0.05350000038743019,0.05350000038743019,0.05350000038743019,0.05350000038743019,0
2025-03-19,0.05350000038743019,0.05350000038743019,0.05350000038743019,0.05350000038743019,0
2025-03-20,0.05350000038743019,0.05350000038743019,0.05350000038743019,0.05350000038743019,0
2025-03-21,0.05350000038743019,0.05350000038743019,0.05350000038743019,0.05350000038743019,0
2025-03-24,0.05350000038743019,0.05350000038743019,0.05350000038743019,0.05350000038743019,0
2025-03-25,0.05350000038743019,0.05350000038743019,0.05350000038743019,0.05350000038743019,0
2025-03-26,0.05350000038743019,0.05350000038743019,0.05350000038743019,0.05350000038743019,0
2025-03-27,0.05350000038743019,0.05350000038743019,0.05350000038743019,0.05350000038743019,0
2025-03-28,0.05350000038743019,0.05350000038743019,0.05350000038743019,0.05350000038743019,0
2025-03-31,0.05350000038743019,0.05350000038743019,0.05350000038743019,0.05350000038743019,0
2025-04-01,0.05350000038743019,0.05350000038743019,0.05350000038743019,0.05350000038743019,0
2025-04-02,0.05350000038743019,0.05350000038743019,0.05350000038743019,0.05350000038743019,0
2025-04-03,0.05350000038743019,0.05350000038743019,0.05350000038743019,0.05350000038743019,0
2025-04-04,0.05350000038743019,0.05350000038743019,0.05350000038743019,0.05350000038743019,0
2025-04-07,0.05350000038743019,0.05350000038743019,0.05350000038743019,0.05350000038743019,0
2025-04-08,0.05350000038743019,0.05350000038743019,0.05350000038743019,0.05350000038743019,0
2025-04-09,0.05350000038743019,0.05350000038743019,0.05350000038743019,0.05350000038743019,0
2025-04-10,0.05350000038743019,0.05350000038743019,0.05350000038743019,0.05350000038743019,0
2025-04-11,0.05350000038743019,0.05350000038743019,0.05350000038743019,0.05350000038743019,0
2025-04-14,0.05350000038743019,0.05350000038743019,0.05350000038743019,0.05350000038743019,0
2025-04-15,0.05350000038743019,0.05350000038743019,0.05350000038743019,0.05350000038743019,0
2025-04-16,0.054999999701976776,0.054999999701976776,0.054999999701976776,0.054999999701976776,100
2025-04-17,0.054999999701976776,0.054999999701976776,0.054999999701976776,0.054999999701976776,0
2025-04-22,0.054999999701976776,0.054999999701976776,0.054999999701976776,0.054999999701976776,0
2025-04-23,0.054999999701976776,0.054999999701976776,0.054999999701976776,0.054999999701976776,16137
2025-04-24,0.054999999701976776,0.054999999701976776,0.054999999701976776,0.054999999701976776,0
2025-04-25,0.054999999701976776,0.054999999701976776,0.054999999701976776,0.054999999701976776,0
2025-04-28,0.054999999701976776,0.054999999701976776,0.054999999701976776,0.054999999701976776,0
2025-04-29,0.054999999701976776,0.054999999701976776,0.054999999701976776,0.054999999701976776,0
2025-04-30,0.0754999965429306,0.0754999965429306,0.0754999965429306,0.0754999965429306,2000
2025-05-02,0.0754999965429306,0.0754999965429306,0.0754999965429306,0.0754999965429306,0
2025-05-05,0.0754999965429306,0.0754999965429306,0.0754999965429306,0.0754999965429306,0
2025-05-06,0.0754999965429306,0.0754999965429306,0.0754999965429306,0.0754999965429306,0
2025-05-07,0.0754999965429306,0.0754999965429306,0.0754999965429306,0.0754999965429306,0
2025-05-08,0.0754999965429306,0.0754999965429306,0.0754999965429306,0.0754999965429306,0
2025-05-09,0.0754999965429306,0.0754999965429306,0.0754999965429306,0.0754999965429306,0
2025-05-12,0.0754999965429306,0.0754999965429306,0.0754999965429306,0.0754999965429306,0
2025-05-13,0.0754999965429306,0.0754999965429306,0.0754999965429306,0.0754999965429306,0
2025-05-14,0.0754999965429306,0.0754999965429306,0.0754999965429306,0.0754999965429306,0
2025-05-15,0.0754999965429306,0.0754999965429306,0.0754999965429306,0.0754999965429306,0
2025-05-16,0.0754999965429306,0.0754999965429306,0.0754999965429306,0.0754999965429306,0
2025-05-19,0.0754999965429306,0.0754999965429306,0.0754999965429306,0.0754999965429306,0
2025-05-20,0.0754999965429306,0.0754999965429306,0.0754999965429306,0.0754999965429306,0
2025-05-21,0.07500000298023224,0.07500000298023224,0.07500000298023224,0.07500000298023224,2582
2025-05-22,0.07500000298023224,0.07500000298023224,0.07500000298023224,0.07500000298023224,0
2025-05-23,0.07500000298023224,0.07500000298023224,0.07500000298023224,0.07500000298023224,0
2025-05-26,0.07500000298023224,0.07500000298023224,0.07500000298023224,0.07500000298023224,0
2025-05-27,0.07500000298023224,0.07500000298023224,0.07500000298023224,0.07500000298023224,0
2025-05-28,0.07500000298023224,0.07500000298023224,0.07500000298023224,0.07500000298023224,0
2025-05-29,0.07500000298023224,0.07500000298023224,0.07500000298023224,0.07500000298023224,0
2025-05-30,0.07500000298023224,0.07500000298023224,0.07500000298023224,0.07500000298023224,0
2025-06-02,0.07500000298023224,0.07500000298023224,0.07500000298023224,0.07500000298023224,0
2025-06-03,0.07500000298023224,0.07500000298023224,0.07500000298023224,0.07500000298023224,0
2025-06-04,0.054999999701976776,0.054999999701976776,0.054999999701976776,0.054999999701976776,36440
2025-06-05,0.054999999701976776,0.054999999701976776,0.054999999701976776,0.054999999701976776,0
2025-06-06,0.054999999701976776,0.054999999701976776,0.054999999701976776,0.054999999701976776,0
2025-06-09,0.054999999701976776,0.054999999701976776,0.054999999701976776,0.054999999701976776,0
2025-06-10,0.054999999701976776,0.054999999701976776,0.054999999701976776,0.054999999701976776,0
2025-06-11,0.07150000333786011,0.07150000333786011,0.07150000333786011,0.07150000333786011,1600
2025-06-12,0.07150000333786011,0.07150000333786011,0.07150000333786011,0.07150000333786011,0
2025-06-13,0.07150000333786011,0.07150000333786011,0.07150000333786011,0.07150000333786011,0
2025-06-16,0.07150000333786011,0.07150000333786011,0.07150000333786011,0.07150000333786011,0
2025-06-17,0.07150000333786011,0.07150000333786011,0.07150000333786011,0.07150000333786011,0
2025-06-18,0.07150000333786011,0.07150000333786011,0.07150000333786011,0.07150000333786011,0
2025-06-20,0.07150000333786011,0.07150000333786011,0.07150000333786011,0.07150000333786011,0
2025-06-23,0.07150000333786011,0.07150000333786011,0.07150000333786011,0.07150000333786011,0
2025-06-24,0.07150000333786011,0.07150000333786011,0.07150000333786011,0.07150000333786011,0
2025-06-25,0.054999999701976776,0.054999999701976776,0.054999999701976776,0.054999999701976776,1400
2025-06-26,0.054999999701976776,0.054999999701976776,0.054999999701976776,0.054999999701976776,0
2025-06-27,0.054999999701976776,0.054999999701976776,0.054999999701976776,0.054999999701976776,0
2025-06-30,0.054999999701976776,0.054999999701976776,0.054999999701976776,0.054999999701976776,0
2025-07-01,0.054999999701976776,0.054999999701976776,0.054999999701976776,0.054999999701976776,0
2025-07-02,0.07000000029802322,0.07000000029802322,0.07000000029802322,0.07000000029802322,5100
2025-07-03,0.07000000029802322,0.07000000029802322,0.07000000029802322,0.07000000029802322,0
2025-07-04,0.07000000029802322,0.07000000029802322,0.07000000029802322,0.07000000029802322,0
2025-07-07,0.07000000029802322,0.07000000029802322,0.07000000029802322,0.07000000029802322,0
2025-07-08,0.07000000029802322,0.07000000029802322,0.07000000029802322,0.07000000029802322,0
2025-07-09,0.057999998331069946,0.057999998331069946,0.057999998331069946,0.057999998331069946,5000
2025-07-10,0.057999998331069946,0.057999998331069946,0.057999998331069946,0.057999998331069946,0
2025-07-11,0.057999998331069946,0.057999998331069946,0.057999998331069946,0.057999998331069946,0
2025-07-14,0.057999998331069946,0.057999998331069946,0.057999998331069946,0.057999998331069946,0
2025-07-15,0.057999998331069946,0.057999998331069946,0.057999998331069946,0.057999998331069946,0
2025-07-16,0.057999998331069946,0.057999998331069946,0.057999998331069946,0.057999998331069946,4140
2025-07-17,0.057999998331069946,0.057999998331069946,0.057999998331069946,0.057999998331069946,0
2025-07-18,0.057999998331069946,0.057999998331069946,0.057999998331069946,0.057999998331069946,0
2025-07-21,0.057999998331069946,0.057999998331069946,0.057999998331069946,0.057999998331069946,0
2025-07-22,0.057999998331069946,0.057999998331069946,0.057999998331069946,0.057999998331069946,0
2025-07-23,0.057999998331069946,0.057999998331069946,0.057999998331069946,0.057999998331069946,600
2025-07-24,0.057999998331069946,0.057999998331069946,0.057999998331069946,0.057999998331069946,0
2025-07-25,0.057999998331069946,0.057999998331069946,0.057999998331069946,0.057999998331069946,0
2025-07-28,0.057999998331069946,0.057999998331069946,0.057999998331069946,0.057999998331069946,0
2025-07-29,0.057999998331069946,0.057999998331069946,0.057999998331069946,0.057999998331069946,0
2025-07-30,0.07000000029802322,0.07000000029802322,0.07000000029802322,0.07000000029802322,9650
2025-07-31,0.07000000029802322,0.07000000029802322,0.07000000029802322,0.07000000029802322,0
2025-08-01,0.07000000029802322,0.07000000029802322,0.07000000029802322,0.07000000029802322,0
2025-08-04,0.07000000029802322,0.07000000029802322,0.07000000029802322,0.07000000029802322,0
2025-08-05,0.07000000029802322,0.07000000029802322,0.07000000029802322,0.07000000029802322,0
2025-08-06,0.07000000029802322,0.07000000029802322,0.07000000029802322,0.07000000029802322,0
2025-08-07,0.07000000029802322,0.07000000029802322,0.07000000029802322,0.07000000029802322,0
2025-08-08,0.07000000029802322,0.07000000029802322,0.07000000029802322,0.07000000029802322,0
2025-08-11,0.07000000029802322,0.07000000029802322,0.07000000029802322,0.07000000029802322,0
2025-08-12,0.07000000029802322,0.07000000029802322,0.07000000029802322,0.07000000029802322,0
2025-08-13,0.05900000035762787,0.05900000035762787,0.05900000035762787,0.05900000035762787,2200
2025-08-14,0.05900000035762787,0.05900000035762787,0.05900000035762787,0.05900000035762787,0
2025-08-18,0.05900000035762787,0.05900000035762787,0.05900000035762787,0.05900000035762787,0
2025-08-19,0.05900000035762787,0.05900000035762787,0.05900000035762787,0.05900000035762787,0
2025-08-20,0.0689999982714653,0.0689999982714653,0.0689999982714653,0.0689999982714653,8063
2025-08-21,0.0689999982714653,0.0689999982714653,0.0689999982714653,0.0689999982714653,0
2025-08-22,0.0689999982714653,0.0689999982714653,0.0689999982714653,0.0689999982714653,0
2025-08-25,0.0689999982714653,0.0689999982714653,0.0689999982714653,0.0689999982714653,0
2025-08-26,0.0689999982714653,0.0689999982714653,0.0689999982714653,0.0689999982714653,0
2025-08-27,0.0689999982714653,0.0689999982714653,0.0689999982714653,0.0689999982714653,0
2025-08-28,0.0689999982714653,0.0689999982714653,0.0689999982714653,0.0689999982714653,0
2025-08-29,0.0689999982714653,0.0689999982714653,0.0689999982714653,0.0689999982714653,0
2025-09-01,0.0689999982714653,0.0689999982714653,0.0689999982714653,0.0689999982714653,0
2025-09-02,0.0689999982714653,0.0689999982714653,0.0689999982714653,0.0689999982714653,0
2025-09-03,0.0689999982714653,0.0689999982714653,0.0689999982714653,0.0689999982714653,400
2025-09-04,0.0689999982714653,0.0689999982714653,0.0689999982714653,0.0689999982714653,0
2025-09-05,0.0689999982714653,0.0689999982714653,0.0689999982714653,0.0689999982714653,0
2025-09-08,0.0689999982714653,0.0689999982714653,0.0689999982714653,0.0689999982714653,0
2025-09-09,0.0689999982714653,0.0689999982714653,0.0689999982714653,0.0689999982714653,0
2025-09-10,0.0689999982714653,0.0689999982714653,0.0689999982714653,0.0689999982714653,0
2025-09-11,0.0689999982714653,0.0689999982714653,0.0689999982714653,0.0689999982714653,0
2025-09-12,0.0689999982714653,0.0689999982714653,0.0689999982714653,0.0689999982714653,0
2025-09-15,0.0689999982714653,0.0689999982714653,0.0689999982714653,0.0689999982714653,0
2025-09-16,0.0689999982714653,0.0689999982714653,0.0689999982714653,0.0689999982714653,0
2025-09-17,0.0689999982714653,0.0689999982714653,0.0689999982714653,0.0689999982714653,250
2025-09-18,0.0689999982714653,0.0689999982714653,0.0689999982714653,0.0689999982714653,0
2025-09-19,0.0689999982714653,0.0689999982714653,0.0689999982714653,0.0689999982714653,0
2025-09-22,0.0689999982714653,0.0689999982714653,0.0689999982714653,0.0689999982714653,0
2025-09-23,0.0689999982714653,0.0689999982714653,0.0689999982714653,0.0689999982714653,0
2025-09-24,0.0689999982714653,0.0689999982714653,0.0689999982714653,0.0689999982714653,0
2025-09-25,0.0689999982714653,0.0689999982714653,0.0689999982714653,0.0689999982714653,0
2025-09-26,0.0689999982714653,0.0689999982714653,0.0689999982714653,0.0689999982714653,0
2025-09-29,0.0689999982714653,0.0689999982714653,0.0689999982714653,0.0689999982714653,0
2025-09-30,0.0689999982714653,0.0689999982714653,0.0689999982714653,0.0689999982714653,0
2025-10-01,0.0689999982714653,0.0689999982714653,0.0689999982714653,0.0689999982714653,0
2025-10-02,0.0689999982714653,0.0689999982714653,0.0689999982714653,0.0689999982714653,0
2025-10-03,0.0689999982714653,0.0689999982714653,0.0689999982714653,0.0689999982714653,0
2025-10-06,0.0689999982714653,0.0689999982714653,0.0689999982714653,0.0689999982714653,0
2025-10-07,0.0689999982714653,0.0689999982714653,0.0689999982714653,0.0689999982714653,0
2025-10-08,0.05900000035762787,0.05900000035762787,0.05900000035762787,0.05900000035762787,656
2025-10-09,0.05900000035762787,0.05900000035762787,0.05900000035762787,0.05900000035762787,0
2025-10-10,0.05900000035762787,0.05900000035762787,0.05900000035762787,0.05900000035762787,0
2025-10-13,0.05900000035762787,0.05900000035762787,0.05900000035762787,0.05900000035762787,0
2025-10-14,0.05900000035762787,0.05900000035762787,0.05900000035762787,0.05900000035762787,0
2025-10-15,0.05900000035762787,0.05900000035762787,0.05900000035762787,0.05900000035762787,6055
2025-10-16,0.05900000035762787,0.05900000035762787,0.05900000035762787,0.05900000035762787,0
2025-10-17,0.05900000035762787,0.05900000035762787,0.05900000035762787,0.05900000035762787,0
2025-10-20,0.05900000035762787,0.05900000035762787,0.05900000035762787,0.05900000035762787,0
2025-10-21,0.05900000035762787,0.05900000035762787,0.05900000035762787,0.05900000035762787,0
2025-10-22,0.05900000035762787,0.05900000035762787,0.05900000035762787,0.05900000035762787,161
2025-10-23,0.05900000035762787,0.05900000035762787,0.05900000035762787,0.05900000035762787,0
2025-10-24,0.05900000035762787,0.05900000035762787,0.05900000035762787,0.05900000035762787,0
2025-10-27,0.05900000035762787,0.05900000035762787,0.05900000035762787,0.05900000035762787,0
2025-10-28,0.05900000035762787,0.05900000035762787,0.05900000035762787,0.05900000035762787,0
2025-10-29,0.06750000268220901,0.06750000268220901,0.06750000268220901,0.06750000268220901,10000
2025-10-30,0.06750000268220901,0.06750000268220901,0.06750000268220901,0.06750000268220901,0
2025-10-31,0.06750000268220901,0.06750000268220901,0.06750000268220901,0.06750000268220901,0
2025-11-03,0.06750000268220901,0.06750000268220901,0.06750000268220901,0.06750000268220901,0
2025-11-04,0.06750000268220901,0.06750000268220901,0.06750000268220901,0.06750000268220901,0
2025-11-05,0.06750000268220901,0.06750000268220901,0.06750000268220901,0.06750000268220901,30000
2025-11-06,0.06750000268220901,0.06750000268220901,0.06750000268220901,0.06750000268220901,0
2025-11-07,0.06750000268220901,0.06750000268220901,0.06750000268220901,0.06750000268220901,0
2025-11-10,0.06750000268220901,0.06750000268220901,0.06750000268220901,0.06750000268220901,0
2025-11-12,0.06750000268220901,0.06750000268220901,0.06750000268220901,0.06750000268220901,30688
2025-11-13,0.06750000268220901,0.06750000268220901,0.06750000268220901,0.06750000268220901,0
2025-11-14,0.06750000268220901,0.06750000268220901,0.06750000268220901,0.06750000268220901,0
2025-11-17,0.06750000268220901,0.06750000268220901,0.06750000268220901,0.06750000268220901,0
2025-11-18,0.06750000268220901,0.06750000268220901,0.06750000268220901,0.06750000268220901,0
2025-11-19,0.05900000035762787,0.05900000035762787,0.05900000035762787,0.05900000035762787,2000
2025-11-20,0.05900000035762787,0.05900000035762787,0.05900000035762787,0.05900000035762787,0
2025-11-21,0.05900000035762787,0.05900000035762787,0.05900000035762787,0.05900000035762787,0
2025-11-24,0.05900000035762787,0.05900000035762787,0.05900000035762787,0.05900000035762787,0
2025-11-25,0.05900000035762787,0.05900000035762787,0.05900000035762787,0.05900000035762787,0
2025-11-26,0.05999999865889549,0.05999999865889549,0.05999999865889549,0.05999999865889549,59120
2025-11-27,0.05999999865889549,0.05999999865889549,0.05999999865889549,0.05999999865889549,0
2025-11-28,0.05999999865889549,0.05999999865889549,0.05999999865889549,0.05999999865889549,0
2025-12-01,0.05999999865889549,0.05999999865889549,0.05999999865889549,0.05999999865889549,0
2025-12-02,0.05999999865889549,0.05999999865889549,0.05999999865889549,0.05999999865889549,0
2025-12-03,0.054999999701976776,0.054999999701976776,0.054999999701976776,0.054999999701976776,12953
2025-12-04,0.054999999701976776,0.054999999701976776,0.054999999701976776,0.054999999701976776,0
2025-12-05,0.054999999701976776,0.054999999701976776,0.054999999701976776,0.054999999701976776,0
2025-12-08,0.054999999701976776,0.054999999701976776,0.054999999701976776,0.054999999701976776,0
2025-12-09,0.054999999701976776,0.054999999701976776,0.054999999701976776,0.054999999701976776,0
2025-12-10,0.054999999701976776,0.054999999701976776,0.054999999701976776,0.054999999701976776,12325
2025-12-11,0.054999999701976776,0.054999999701976776,0.054999999701976776,0.054999999701976776,0
2025-12-12,0.054999999701976776,0.054999999701976776,0.054999999701976776,0.054999999701976776,0
2025-12-15,0.054999999701976776,0.054999999701976776,0.054999999701976776,0.054999999701976776,0
2025-12-16,0.054999999701976776,0.054999999701976776,0.054999999701976776,0.054999999701976776,0
2025-12-17,0.054999999701976776,0.054999999701976776,0.054999999701976776,0.054999999701976776,86561
2025-12-18,0.054999999701976776,0.054999999701976776,0.054999999701976776,0.054999999701976776,0
2025-12-19,0.054999999701976776,0.054999999701976776,0.054999999701976776,0.054999999701976776,0
2025-12-22,0.054999999701976776,0.054999999701976776,0.054999999701976776,0.054999999701976776,0
2025-12-23,0.054999999701976776,0.054999999701976776,0.054999999701976776,0.054999999701976776,0
2025-12-29,0.054999999701976776,0.054999999701976776,0.054999999701976776,0.054999999701976776,0
2025-12-30,0.054999999701976776,0.054999999701976776,0.054999999701976776,0.054999999701976776,0
2026-01-02,0.054999999701976776,0.054999999701976776,0.054999999701976776,0.054999999701976776,0
2026-01-05,0.054999999701976776,0.054999999701976776,0.054999999701976776,0.054999999701976776,0
2026-01-07,0.054999999701976776,0.054999999701976776,0.054999999701976776,0.054999999701976776,0
2026-01-08,0.054999999701976776,0.054999999701976776,0.054999999701976776,0.054999999701976776,0
2026-01-09,0.054999999701976776,0.054999999701976776,0.054999999701976776,0.054999999701976776,0
2026-01-12,0.054999999701976776,0.054999999701976776,0.054999999701976776,0.054999999701976776,0
2026-01-13,0.054999999701976776,0.054999999701976776,0.054999999701976776,0.054999999701976776,0
2026-01-14,0.054999999701976776,0.054999999701976776,0.054999999701976776,0.054999999701976776,3880
2026-01-15,0.054999999701976776,0.054999999701976776,0.054999999701976776,0.054999999701976776,0
2026-01-16,0.054999999701976776,0.054999999701976776,0.054999999701976776,0.054999999701976776,0
2026-01-19,0.054999999701976776,0.054999999701976776,0.054999999701976776,0.054999999701976776,0
2026-01-20,0.054999999701976776,0.054999999701976776,0.054999999701976776,0.054999999701976776,0
2026-01-21,0.054999999701976776,0.054999999701976776,0.054999999701976776,0.054999999701976776,9120
2026-01-22,0.054999999701976776,0.054999999701976776,0.054999999701976776,0.054999999701976776,0
2026-01-23,0.054999999701976776,0.054999999701976776,0.054999999701976776,0.054999999701976776,0
2026-01-26,0.054999999701976776,0.054999999701976776,0.054999999701976776,0.054999999701976776,0
2026-01-27,0.054999999701976776,0.054999999701976776,0.054999999701976776,0.054999999701976776,0
2026-01-28,0.054999999701976776,0.054999999701976776,0.054999999701976776,0.054999999701976776,0
2026-01-29,0.054999999701976776,0.054999999701976776,0.054999999701976776,0.054999999701976776,0
2026-01-30,0.054999999701976776,0.054999999701976776,0.054999999701976776,0.054999999701976776,0
2026-02-02,0.054999999701976776,0.054999999701976776,0.054999999701976776,0.054999999701976776,0
2026-02-03,0.054999999701976776,0.054999999701976776,0.054999999701976776,0.054999999701976776,0
2026-02-04,0.054999999701976776,0.054999999701976776,0.054999999701976776,0.054999999701976776,0
2026-02-05,0.054999999701976776,0.054999999701976776,0.054999999701976776,0.054999999701976776,0
2026-02-06,0.054999999701976776,0.054999999701976776,0.054999999701976776,0.054999999701976776,0
2026-02-09,0.054999999701976776,0.054999999701976776,0.054999999701976776,0.054999999701976776,0
2026-02-10,0.054999999701976776,0.054999999701976776,0.054999999701976776,0.054999999701976776,0
2026-02-11,0.06499999761581421,0.06499999761581421,0.06499999761581421,0.06499999761581421,900
2026-02-12,0.06499999761581421,0.06499999761581421,0.06499999761581421,0.06499999761581421,0
2026-02-13,0.06499999761581421,0.06499999761581421,0.06499999761581421,0.06499999761581421,0
2026-02-16,0.06499999761581421,0.06499999761581421,0.06499999761581421,0.06499999761581421,0
2026-02-17,0.06499999761581421,0.06499999761581421,0.06499999761581421,0.06499999761581421,0
2026-02-18,0.06499999761581421,0.06499999761581421,0.06499999761581421,0.06499999761581421,0
2026-02-19,0.06499999761581421,0.06499999761581421,0.06499999761581421,0.06499999761581421,0
2026-02-20,0.06499999761581421,0.06499999761581421,0.06499999761581421,0.06499999761581421,0
2026-02-23,0.06499999761581421,0.06499999761581421,0.06499999761581421,0.06499999761581421,0
2026-02-24,0.06499999761581421,0.06499999761581421,0.06499999761581421,0.06499999761581421,0
2026-02-25,0.05000000074505806,0.05000000074505806,0.05000000074505806,0.05000000074505806,55680
2026-02-26,0.05000000074505806,0.05000000074505806,0.05000000074505806,0.05000000074505806,0
2026-02-27,0.05000000074505806,0.05000000074505806,0.05000000074505806,0.05000000074505806,0
2026-03-02,0.05000000074505806,0.05000000074505806,0.05000000074505806,0.05000000074505806,0
2026-03-03,0.05000000074505806,0.05000000074505806,0.05000000074505806,0.05000000074505806,0
2026-03-04,0.05000000074505806,0.05000000074505806,0.05000000074505806,0.05000000074505806,2787
2026-03-05,0.05000000074505806,0.05000000074505806,0.05000000074505806,0.05000000074505806,0
2026-03-06,0.05000000074505806,0.05000000074505806,0.05000000074505806,0.05000000074505806,0
2026-03-09,0.05000000074505806,0.05000000074505806,0.05000000074505806,0.05000000074505806,0
2026-03-10,0.05000000074505806,0.05000000074505806,0.05000000074505806,0.05000000074505806,0
2026-03-11,0.05000000074505806,0.05000000074505806,0.05000000074505806,0.05000000074505806,0
2026-03-12,0.05000000074505806,0.05000000074505806,0.05000000074505806,0.05000000074505806,0
2026-03-13,0.05000000074505806,0.05000000074505806,0.05000000074505806,0.05000000074505806,0
2026-03-16,0.05000000074505806,0.05000000074505806,0.05000000074505806,0.05000000074505806,0
2026-03-17,0.05000000074505806,0.05000000074505806,0.05000000074505806,0.05000000074505806,0
2026-03-18,0.054999999701976776,0.054999999701976776,0.054999999701976776,0.054999999701976776,12772
2026-03-19,0.054999999701976776,0.054999999701976776,0.054999999701976776,0.054999999701976776,0
2026-03-20,0.054999999701976776,0.054999999701976776,0.054999999701976776,0.054999999701976776,0
2026-03-23,0.054999999701976776,0.054999999701976776,0.054999999701976776,0.054999999701976776,0
2026-03-24,0.054999999701976776,0.054999999701976776,0.054999999701976776,0.054999999701976776,0
2026-03-25,0.054999999701976776,0.054999999701976776,0.054999999701976776,0.054999999701976776,2000
2026-03-26,0.054999999701976776,0.054999999701976776,0.054999999701976776,0.054999999701976776,0
2026-03-27,0.054999999701976776,0.054999999701976776,0.054999999701976776,0.054999999701976776,0
2026-03-30,0.054999999701976776,0.054999999701976776,0.054999999701976776,0.054999999701976776,0
2026-03-31,0.054999999701976776,0.054999999701976776,0.054999999701976776,0.054999999701976776,0
2026-04-01,0.054999999701976776,0.054999999701976776,0.054999999701976776,0.054999999701976776,10358
2026-04-02,0.054999999701976776,0.054999999701976776,0.054999999701976776,0.054999999701976776,0
2026-04-07,0.054999999701976776,0.054999999701976776,0.054999999701976776,0.054999999701976776,0
2026-04-08,0.05999999865889549,0.05999999865889549,0.05999999865889549,0.05999999865889549,12642
2026-04-09,0.05999999865889549,0.05999999865889549,0.05999999865889549,0.05999999865889549,0
2026-04-10,0.05999999865889549,0.05999999865889549,0.05999999865889549,0.05999999865889549,0
2026-04-13,0.05999999865889549,0.05999999865889549,0.05999999865889549,0.05999999865889549,0
2026-04-14,0.05999999865889549,0.05999999865889549,0.05999999865889549,0.05999999865889549,0
2026-04-15,0.05999999865889549,0.05999999865889549,0.05999999865889549,0.05999999865889549,0
2026-04-16,0.05999999865889549,0.05999999865889549,0.05999999865889549,0.05999999865889549,0
2026-04-17,0.05999999865889549,0.05999999865889549,0.05999999865889549,0.05999999865889549,0
2026-04-20,0.05999999865889549,0.05999999865889549,0.05999999865889549,0.05999999865889549,0
2026-04-21,0.05999999865889549,0.05999999865889549,0.05999999865889549,0.05999999865889549,0
2026-04-22,0.05000000074505806,0.05000000074505806,0.05000000074505806,0.05000000074505806,30000
2026-04-23,0.05000000074505806,0.05000000074505806,0.05000000074505806,0.05000000074505806,0
2026-04-24,0.05000000074505806,0.05000000074505806,0.05000000074505806,0.05000000074505806,0
2026-04-27,0.05000000074505806,0.05000000074505806,0.05000000074505806,0.05000000074505806,0
2026-04-28,0.05000000074505806,0.05000000074505806,0.05000000074505806,0.05000000074505806,0
2026-04-29,0.05000000074505806,0.05000000074505806,0.05000000074505806,0.05000000074505806,39573
2026-04-30,0.05000000074505806,0.05000000074505806,0.05000000074505806,0.05000000074505806,0
2026-05-04,0.05000000074505806,0.05000000074505806,0.05000000074505806,0.05000000074505806,0
2026-05-05,0.05000000074505806,0.05000000074505806,0.05000000074505806,0.05000000074505806,0
2026-05-06,0.03500000014901161,0.03500000014901161,0.03500000014901161,0.03500000014901161,100
2026-05-07,0.03500000014901161,0.03500000014901161,0.03500000014901161,0.03500000014901161,0
2026-05-08,0.03500000014901161,0.03500000014901161,0.03500000014901161,0.03500000014901161,0
2026-05-11,0.03500000014901161,0.03500000014901161,0.03500000014901161,0.03500000014901161,0
2026-05-12,0.03500000014901161,0.03500000014901161,0.03500000014901161,0.03500000014901161,0
2026-05-13,0.03500000014901161,0.03500000014901161,0.03500000014901161,0.03500000014901161,0
2026-05-14,0.03500000014901161,0.03500000014901161,0.03500000014901161,0.03500000014901161,0
2026-05-15,0.03500000014901161,0.03500000014901161,0.03500000014901161,0.03500000014901161,0
2026-05-18,0.03500000014901161,0.03500000014901161,0.03500000014901161,0.03500000014901161,0
2026-05-19,0.03500000014901161,0.03500000014901161,0.03500000014901161,0.03500000014901161,0
2026-05-20,0.03700000047683716,0.03700000047683716,0.03700000047683716,0.03700000047683716,50100
2026-05-21,0.03700000047683716,0.03700000047683716,0.03700000047683716,0.03700000047683716,0
2026-05-22,0.03700000047683716,0.03700000047683716,0.03700000047683716,0.03700000047683716,0
2026-05-25,0.03700000047683716,0.03700000047683716,0.03700000047683716,0.03700000047683716,0
2026-05-26,0.03700000047683716,0.03700000047683716,0.03700000047683716,0.03700000047683716,0
2026-05-27,0.039000000804662704,0.039000000804662704,0.039000000804662704,0.039000000804662704,22599
2026-05-28,0.039000000804662704,0.039000000804662704,0.039000000804662704,0.039000000804662704,0
2026-05-29,0.039000000804662704,0.039000000804662704,0.039000000804662704,0.039000000804662704,0
2026-06-01,0.039000000804662704,0.039000000804662704,0.039000000804662704,0.039000000804662704,0
2026-06-02,0.039000000804662704,0.039000000804662704,0.039000000804662704,0.039000000804662704,0
2026-06-03,0.039000000804662704,0.039000000804662704,0.039000000804662704,0.039000000804662704,360
2026-06-05,0.039000000804662704,0.039000000804662704,0.039000000804662704,0.039000000804662704,0
2026-06-08,0.039000000804662704,0.039000000804662704,0.039000000804662704,0.039000000804662704,0
2026-06-09,0.039000000804662704,0.039000000804662704,0.039000000804662704,0.039000000804662704,0
2026-06-10,0.04899999871850014,0.04899999871850014,0.04899999871850014,0.04899999871850014,38918
2026-06-11,0.04899999871850014,0.04899999871850014,0.04899999871850014,0.04899999871850014,0
2026-06-12,0.04899999871850014,0.04899999871850014,0.04899999871850014,0.04899999871850014,0
2026-06-15,0.04899999871850014,0.04899999871850014,0.04899999871850014,0.04899999871850014,0
2026-06-16,0.04899999871850014,0.04899999871850014,0.04899999871850014,0.04899999871850014,0
2026-06-17,0.04899999871850014,0.04899999871850014,0.04899999871850014,0.04899999871850014,3501
2026-06-18,0.04899999871850014,0.04899999871850014,0.04899999871850014,0.04899999871850014,0
2026-06-19,0.04899999871850014,0.04899999871850014,0.04899999871850014,0.04899999871850014,0
2026-06-22,0.04899999871850014,0.04899999871850014,0.04899999871850014,0.04899999871850014,0
2026-06-23,0.04899999871850014,0.04899999871850014,0.04899999871850014,0.04899999871850014,0
2026-06-24,0.04899999871850014,0.04899999871850014,0.04899999871850014,0.04899999871850014,0
2026-06-25,0.04899999871850014,0.04899999871850014,0.04899999871850014,0.04899999871850014,0
2026-06-26,0.04899999871850014,0.04899999871850014,0.04899999871850014,0.04899999871850014,0
2026-06-29,0.04899999871850014,0.04899999871850014,0.04899999871850014,0.04899999871850014,0
2026-06-30,0.04899999871850014,0.04899999871850014,0.04899999871850014,0.04899999871850014,0
2026-07-01,0.04899999871850014,0.04899999871850014,0.04899999871850014,0.04899999871850014,0
2026-07-02,0.04899999871850014,0.04899999871850014,0.04899999871850014,0.04899999871850014,0
2026-07-03,0.04899999871850014,0.04899999871850014,0.04899999871850014,0.04899999871850014,0
2026-07-06,0.04899999871850014,0.04899999871850014,0.04899999871850014,0.04899999871850014,0
2026-07-07,0.04899999871850014,0.04899999871850014,0.04899999871850014,0.04899999871850014,0
2026-07-08,0.04899999871850014,0.04899999871850014,0.04899999871850014,0.04899999871850014,0
2026-07-09,0.04899999871850014,0.04899999871850014,0.04899999871850014,0.04899999871850014,0
2026-07-10,0.04899999871850014,0.04899999871850014,0.04899999871850014,0.04899999871850014,0
2026-07-13,0.04899999871850014,0.04899999871850014,0.04899999871850014,0.04899999871850014,0
2026-07-14,0.04899999871850014,0.04899999871850014,0.04899999871850014,0.04899999871850014,0
2026-07-15,0.039000000804662704,0.039000000804662704,0.039000000804662704,0.039000000804662704,1000
2026-07-16,0.039000000804662704,0.039000000804662704,0.039000000804662704,0.039000000804662704,0
2026-07-17,0.039000000804662704,0.039000000804662704,0.039000000804662704,0.039000000804662704,0
2026-07-20,0.039000000804662704,0.039000000804662704,0.039000000804662704,0.039000000804662704,0
2026-07-21,0.039000000804662704,0.039000000804662704,0.039000000804662704,0.039000000804662704,0
2026-07-22,0.04899999871850014,0.04899999871850014,0.04899999871850014,0.04899999871850014,56496
2026-07-23,0.04899999871850014,0.04899999871850014,0.04899999871850014,0.04899999871850014,0
2026-07-24,0.04899999871850014,0.04899999871850014,0.04899999871850014,0.04899999871850014,0
2026-07-27,0.04899999871850014,0.04899999871850014,0.04899999871850014,0.04899999871850014,0
2026-07-28,0.04899999871850014,0.04899999871850014,0.04899999871850014,0.04899999871850014,0
2026-07-29,0.054999999701976776,0.054999999701976776,0.054999999701976776,0.054999999701976776,14000
2026-07-30,0.054999999701976776,0.054999999701976776,0.054999999701976776,0.054999999701976776,0
2026-07-31,0.054999999701976776,0.054999999701976776,0.054999999701976776,0.054999999701976776,0
2026-08-03,0.054999999701976776,0.054999999701976776,0.054999999701976776,0.054999999701976776,0
2026-08-04,0.054999999701976776,0.054999999701976776,0.054999999701976776,0.054999999701976776,0
2026-08-05,0.05000000074505806,0.05000000074505806,0.05000000074505806,0.05000000074505806,14000
2026-08-06,0.05000000074505806,0.05000000074505806,0.05000000074505806,0.05000000074505806,0
2026-08-07,0.05000000074505806,0.05000000074505806,0.05000000074505806,0.05000000074505806,0
2026-08-10,0.05000000074505806,0.05000000074505806,0.05000000074505806,0.05000000074505806,0
2026-08-11,0.05000000074505806,0.05000000074505806,0.05000000074505806,0.05000000074505806,0
2026-08-12,0.03999999910593033,0.03999999910593033,0.03999999910593033,0.03999999910593033,40000
2026-08-13,0.03999999910593033,0.03999999910593033,0.03999999910593033,0.03999999910593033,0
2026-08-14,0.03999999910593033,0.03999999910593033,0.03999999910593033,0.03999999910593033,0
2026-08-17,0.03999999910593033,0.03999999910593033,0.03999999910593033,0.03999999910593033,0
2026-08-18,0.03999999910593033,0.03999999910593033,0.03999999910593033,0.03999999910593033,0
2026-08-19,0.03999999910593033,0.03999999910593033,0.03999999910593033,0.03999999910593033,26000
2026-08-20,0.03999999910593033,0.03999999910593033,0.03999999910593033,0.03999999910593033,0
2026-08-21,0.03999999910593033,0.03999999910593033,0.03999999910593033,0.03999999910593033,0
2026-08-24,0.03999999910593033,0.03999999910593033,0.03999999910593033,0.03999999910593033,0
2026-08-25,0.03999999910593033,0.03999999910593033,0.03999999910593033,0.03999999910593033,0
2026-08-26,0.04399999976158142,0.04399999976158142,0.04399999976158142,0.04399999976158142,1000
2026-08-27,0.04399999976158142,0.04399999976158142,0.04399999976158142,0.04399999976158142,0
2026-08-28,0.04399999976158142,0.04399999976158142,0.04399999976158142,0.04399999976158142,0
2026-08-31,0.04399999976158142,0.04399999976158142,0.04399999976158142,0.04399999976158142,0
2026-09-01,0.04399999976158142,0.04399999976158142,0.04399999976158142,0.04399999976158142,0
2026-09-02,0.04050000011920929,0.04050000011920929,0.04050000011920929,0.04050000011920929,2505
2026-09-03,0.04050000011920929,0.04050000011920929,0.04050000011920929,0.04050000011920929,0
2026-09-04,0.04050000011920929,0.04050000011920929,0.04050000011920929,0.04050000011920929,0
2026-09-08,0.04050000011920929,0.04050000011920929,0.04050000011920929,0.04050000011920929,0
2026-09-09,0.04399999976158142,0.04399999976158142,0.04399999976158142,0.04399999976158142,7518
2026-09-10,0.04399999976158142,0.04399999976158142,0.04399999976158142,0.04399999976158142,0
2026-09-11,0.04399999976158142,0.04399999976158142,0.04399999976158142,0.04399999976158142,0
2026-09-14,0.04399999976158142,0.04399999976158142,0.04399999976158142,0.04399999976158142,0
2026-09-15,0.04399999976158142,0.04399999976158142,0.04399999976158142,0.04399999976158142,0
