date,open,high,low,close,volume
2021-09-17,26.299999237060547,26.5,25.600000381469727,26.0,9629
2021-09-20,26.0,26.0,24.299999237060547,24.299999237060547,26977
2021-09-21,24.299999237060547,24.700000762939453,24.0,24.5,5987
2021-09-22,24.399999618530273,25.399999618530273,24.399999618530273,25.200000762939453,5701
2021-09-23,25.299999237060547,25.799999237060547,24.799999237060547,25.200000762939453,8071
2021-09-24,25.100000381469727,25.100000381469727,24.600000381469727,24.899999618530273,1932
2021-09-27,24.899999618530273,25.399999618530273,24.899999618530273,24.899999618530273,2861
2021-09-28,24.600000381469727,24.799999237060547,24.200000762939453,24.200000762939453,4610
2021-09-29,24.299999237060547,24.600000381469727,24.200000762939453,24.600000381469727,5660
2021-09-30,24.700000762939453,25.600000381469727,22.600000381469727,22.600000381469727,167647
2021-10-01,22.5,22.5,21.0,21.399999618530273,91913
2021-10-04,21.5,21.700000762939453,20.5,20.700000762939453,82906
2021-10-05,20.600000381469727,21.600000381469727,20.600000381469727,21.200000762939453,15849
2021-10-06,21.299999237060547,21.299999237060547,20.600000381469727,20.799999237060547,24755
2021-10-07,21.0,21.100000381469727,20.200000762939453,20.5,39006
2021-10-08,20.600000381469727,20.700000762939453,20.100000381469727,20.600000381469727,59189
2021-10-11,20.700000762939453,20.799999237060547,19.899999618530273,20.299999237060547,52775
2021-10-12,20.299999237060547,20.5,19.649999618530273,19.700000762939453,51949
2021-10-13,19.5,19.5,18.799999237060547,19.399999618530273,60030
2021-10-14,19.399999618530273,19.5,19.100000381469727,19.399999618530273,25215
2021-10-15,19.399999618530273,19.899999618530273,19.25,19.899999618530273,12039
2021-10-18,20.0,20.100000381469727,19.799999237060547,20.0,11015
2021-10-19,20.100000381469727,20.100000381469727,19.450000762939453,19.5,32484
2021-10-20,19.399999618530273,19.899999618530273,19.399999618530273,19.700000762939453,8739
2021-10-21,20.100000381469727,20.100000381469727,19.299999237060547,19.649999618530273,9092
2021-10-22,19.600000381469727,19.600000381469727,19.200000762939453,19.299999237060547,9034
2021-10-25,19.299999237060547,19.299999237060547,18.899999618530273,19.0,13335
2021-10-26,19.200000762939453,19.200000762939453,17.799999237060547,17.850000381469727,81998
2021-10-27,17.950000762939453,17.950000762939453,17.149999618530273,17.350000381469727,32822
2021-10-28,17.299999237060547,17.299999237060547,16.399999618530273,16.399999618530273,74704
2021-10-29,16.399999618530273,16.799999237060547,16.049999237060547,16.25,68591
2021-11-02,16.5,16.549999237060547,16.149999618530273,16.399999618530273,19319
2021-11-03,16.5,17.399999618530273,16.5,17.100000381469727,21666
2021-11-04,17.25,17.799999237060547,17.049999237060547,17.5,50400
2021-11-05,17.649999618530273,17.799999237060547,17.399999618530273,17.700000762939453,39527
2021-11-08,17.799999237060547,18.399999618530273,17.700000762939453,18.0,34024
2021-11-09,18.100000381469727,18.200000762939453,17.549999237060547,17.799999237060547,19641
2021-11-10,17.799999237060547,17.799999237060547,17.350000381469727,17.549999237060547,7917
2021-11-12,17.549999237060547,17.549999237060547,17.149999618530273,17.399999618530273,9822
2021-11-15,17.549999237060547,17.549999237060547,17.200000762939453,17.450000762939453,6689
2021-11-16,17.399999618530273,17.600000381469727,17.100000381469727,17.25,14108
2021-11-17,17.299999237060547,17.399999618530273,16.950000762939453,17.200000762939453,102872
2021-11-18,17.100000381469727,17.100000381469727,16.799999237060547,17.0,6873
2021-11-19,17.0,17.200000762939453,16.200000762939453,16.5,28260
2021-11-22,16.649999618530273,17.0,16.5,16.850000381469727,7026
2021-11-23,16.799999237060547,16.799999237060547,16.5,16.549999237060547,13814
2021-11-24,16.75,16.75,16.549999237060547,16.600000381469727,4052
2021-11-25,16.799999237060547,16.799999237060547,16.450000762939453,16.450000762939453,11243
2021-11-26,16.399999618530273,16.399999618530273,15.5,15.5,28145
2021-11-29,15.600000381469727,15.899999618530273,15.399999618530273,15.800000190734863,13909
2021-11-30,15.850000381469727,16.5,15.5,16.399999618530273,21055
2021-12-01,16.600000381469727,16.899999618530273,16.399999618530273,16.850000381469727,3836
2021-12-02,17.0,17.049999237060547,16.799999237060547,16.799999237060547,4551
2021-12-03,16.950000762939453,17.200000762939453,16.950000762939453,17.149999618530273,13329
2021-12-06,17.200000762939453,17.350000381469727,17.149999618530273,17.299999237060547,5894
2021-12-07,17.350000381469727,17.399999618530273,17.0,17.200000762939453,9197
2021-12-08,17.25,17.399999618530273,16.950000762939453,16.950000762939453,8181
2021-12-09,17.0,17.0,16.950000762939453,17.0,10462
2021-12-10,16.950000762939453,17.149999618530273,16.950000762939453,17.049999237060547,6907
2021-12-13,17.0,17.0,16.75,16.899999618530273,26902
2021-12-14,16.899999618530273,17.149999618530273,16.5,16.549999237060547,18979
2021-12-15,16.549999237060547,16.700000762939453,16.0,16.049999237060547,13037
2021-12-16,16.100000381469727,16.149999618530273,15.899999618530273,15.949999809265137,14730
2021-12-17,15.899999618530273,16.0,15.600000381469727,15.949999809265137,14081
2021-12-20,15.899999618530273,16.0,15.699999809265137,15.899999618530273,4954
2021-12-21,15.899999618530273,15.949999809265137,15.5,15.600000381469727,21452
2021-12-22,15.600000381469727,15.699999809265137,15.050000190734863,15.649999618530273,19703
2021-12-23,15.5,15.5,15.100000381469727,15.100000381469727,28601
2021-12-27,15.0,15.050000190734863,14.350000381469727,14.949999809265137,52888
2021-12-28,14.800000190734863,15.0,14.5,14.699999809265137,45632
2021-12-29,14.850000381469727,15.899999618530273,14.850000381469727,15.699999809265137,12912
2021-12-30,15.949999809265137,16.799999237060547,15.949999809265137,16.5,22082
2022-01-03,16.549999237060547,16.850000381469727,16.5,16.75,8788
2022-01-04,16.899999618530273,16.899999618530273,16.299999237060547,16.399999618530273,9619
2022-01-05,16.649999618530273,17.799999237060547,16.649999618530273,17.600000381469727,25750
2022-01-07,17.700000762939453,17.950000762939453,17.299999237060547,17.899999618530273,5432
2022-01-10,17.950000762939453,18.299999237060547,17.299999237060547,17.450000762939453,13397
2022-01-11,17.5,17.899999618530273,17.5,17.75,3656
2022-01-12,17.75,18.0,17.5,18.0,7899
2022-01-13,18.0,18.0,17.899999618530273,17.899999618530273,9008
2022-01-14,18.0,18.0,17.799999237060547,17.950000762939453,5638
2022-01-17,18.0,18.200000762939453,18.0,18.200000762939453,3819
2022-01-18,18.25,18.549999237060547,18.200000762939453,18.350000381469727,30204
2022-01-19,18.200000762939453,18.399999618530273,17.5,17.899999618530273,27717
2022-01-20,17.899999618530273,18.100000381469727,17.75,17.75,9295
2022-01-21,17.700000762939453,17.899999618530273,16.899999618530273,16.950000762939453,18362
2022-01-24,16.700000762939453,16.899999618530273,15.699999809265137,15.899999618530273,17937
2022-01-25,15.699999809265137,16.450000762939453,15.699999809265137,16.0,8499
2022-01-26,16.0,16.850000381469727,16.0,16.399999618530273,7298
2022-01-27,16.5,18.0,16.350000381469727,17.450000762939453,38927
2022-01-28,17.649999618530273,17.649999618530273,16.649999618530273,16.649999618530273,15316
2022-01-31,16.75,17.75,16.75,17.75,11266
2022-02-01,17.75,17.899999618530273,17.0,17.799999237060547,9233
2022-02-02,17.799999237060547,18.049999237060547,17.799999237060547,18.0,8372
2022-02-03,17.899999618530273,18.149999618530273,17.799999237060547,18.149999618530273,7074
2022-02-04,18.149999618530273,18.149999618530273,17.600000381469727,18.100000381469727,4860
2022-02-07,18.149999618530273,18.299999237060547,17.5,17.600000381469727,8300
2022-02-08,17.850000381469727,17.950000762939453,17.649999618530273,17.950000762939453,2361
2022-02-09,17.950000762939453,18.200000762939453,17.5,17.549999237060547,8591
2022-02-10,17.5,17.549999237060547,17.100000381469727,17.200000762939453,4608
2022-02-11,17.200000762939453,17.200000762939453,16.75,16.899999618530273,5592
2022-02-14,16.75,16.75,15.5,16.25,23399
2022-02-15,16.25,17.100000381469727,16.0,17.100000381469727,10113
2022-02-16,17.100000381469727,17.549999237060547,17.100000381469727,17.299999237060547,4390
2022-02-17,17.299999237060547,17.299999237060547,16.399999618530273,16.649999618530273,5226
2022-02-18,16.899999618530273,16.899999618530273,16.399999618530273,16.799999237060547,4498
2022-02-21,16.899999618530273,17.0,16.0,16.299999237060547,9378
2022-02-22,15.699999809265137,16.75,15.699999809265137,16.149999618530273,12543
2022-02-23,16.299999237060547,16.299999237060547,15.800000190734863,15.800000190734863,10867
2022-02-24,15.0,15.0,13.600000381469727,14.0,53884
2022-02-25,14.199999809265137,15.5,14.199999809265137,15.0,18677
2022-02-28,15.0,15.0,14.0,14.649999618530273,39663
2022-03-01,14.649999618530273,15.0,14.0,14.300000190734863,17776
2022-03-02,14.0,14.300000190734863,13.800000190734863,14.0,22870
2022-03-03,14.0,14.0,13.399999618530273,14.0,27581
2022-03-04,14.100000381469727,14.100000381469727,13.050000190734863,13.300000190734863,25385
2022-03-07,13.100000381469727,13.100000381469727,11.800000190734863,12.199999809265137,120201
2022-03-08,12.149999618530273,12.350000381469727,12.0,12.25,31665
2022-03-09,12.399999618530273,13.449999809265137,12.399999618530273,13.300000190734863,16983
2022-03-10,13.5,13.5,13.199999809265137,13.199999809265137,5617
2022-03-11,12.600000381469727,13.800000190734863,12.600000381469727,13.800000190734863,18916
2022-03-14,13.800000190734863,14.25,13.699999809265137,13.899999618530273,12600
2022-03-15,14.0,14.0,13.75,13.850000381469727,6767
2022-03-16,13.949999809265137,14.0,13.550000190734863,13.600000381469727,7881
2022-03-17,13.850000381469727,14.0,13.600000381469727,13.850000381469727,10648
2022-03-18,13.850000381469727,13.850000381469727,13.75,13.75,1549
2022-03-21,13.75,13.899999618530273,13.699999809265137,13.899999618530273,7684
2022-03-22,13.899999618530273,13.949999809265137,13.5,13.75,5518
2022-03-23,13.800000190734863,14.050000190734863,13.800000190734863,13.800000190734863,9317
2022-03-24,14.100000381469727,14.100000381469727,13.75,13.850000381469727,21114
2022-03-25,13.949999809265137,14.0,13.5,13.800000190734863,21372
2022-03-28,14.0,14.0,13.199999809265137,13.399999618530273,21307
2022-03-29,13.199999809265137,13.5,13.050000190734863,13.050000190734863,29219
2022-03-30,13.399999618530273,13.399999618530273,13.199999809265137,13.300000190734863,7972
2022-03-31,13.399999618530273,13.5,13.050000190734863,13.350000381469727,15531
2022-04-01,13.300000190734863,13.449999809265137,13.050000190734863,13.300000190734863,9024
2022-04-04,13.300000190734863,13.449999809265137,13.050000190734863,13.300000190734863,8927
2022-04-05,13.300000190734863,13.800000190734863,13.100000381469727,13.800000190734863,16754
2022-04-06,13.5,13.75,13.149999618530273,13.149999618530273,10040
2022-04-07,13.100000381469727,13.199999809265137,13.0,13.100000381469727,7994
2022-04-08,13.199999809265137,13.199999809265137,13.0,13.149999618530273,7788
2022-04-11,13.0,13.149999618530273,12.899999618530273,13.100000381469727,5863
2022-04-12,13.100000381469727,13.199999809265137,12.899999618530273,13.0,8099
2022-04-13,13.0,13.15999984741211,13.0,13.140000343322754,1060
2022-04-14,13.039999961853027,13.0600004196167,12.920000076293945,13.0,4762
2022-04-19,13.0,13.199999809265137,12.899999618530273,12.899999618530273,6993
2022-04-20,12.899999618530273,12.979999542236328,12.5,12.739999771118164,4785
2022-04-21,12.819999694824219,12.819999694824219,12.600000381469727,12.65999984741211,5970
2022-04-22,12.65999984741211,12.760000228881836,12.520000457763672,12.600000381469727,5518
2022-04-25,12.420000076293945,12.539999961853027,12.199999809265137,12.5,6068
2022-04-26,12.5,12.65999984741211,12.359999656677246,12.579999923706055,6571
2022-04-27,12.5,12.5,12.100000381469727,12.279999732971191,9520
2022-04-28,12.279999732971191,12.300000190734863,12.140000343322754,12.140000343322754,2451
2022-04-29,12.15999984741211,12.220000267028809,12.0600004196167,12.0600004196167,9457
2022-05-02,12.0600004196167,12.199999809265137,12.0,12.140000343322754,11813
2022-05-04,12.100000381469727,12.140000343322754,11.899999618530273,12.100000381469727,3698
2022-05-05,12.100000381469727,12.220000267028809,12.0,12.220000267028809,4252
2022-05-06,12.020000457763672,12.220000267028809,11.779999732971191,12.180000305175781,4043
2022-05-09,12.15999984741211,12.15999984741211,11.739999771118164,11.760000228881836,6282
2022-05-10,11.640000343322754,11.979999542236328,11.600000381469727,11.760000228881836,4119
2022-05-11,11.899999618530273,11.960000038146973,11.739999771118164,11.760000228881836,1195
2022-05-12,11.9399995803833,11.9399995803833,11.640000343322754,11.84000015258789,1927
2022-05-13,11.859999656677246,12.0,11.800000190734863,11.899999618530273,4166
2022-05-16,12.020000457763672,12.239999771118164,11.920000076293945,12.199999809265137,8090
2022-05-17,12.260000228881836,12.279999732971191,12.0,12.239999771118164,5528
2022-05-18,12.239999771118164,12.460000038146973,11.800000190734863,12.180000305175781,5273
2022-05-19,12.300000190734863,12.300000190734863,11.720000267028809,11.739999771118164,6330
2022-05-20,11.960000038146973,12.0,11.539999961853027,11.65999984741211,10939
2022-05-23,11.760000228881836,11.979999542236328,11.699999809265137,11.9399995803833,2817
2022-05-24,11.9399995803833,11.979999542236328,11.539999961853027,11.600000381469727,5963
2022-05-25,11.579999923706055,11.579999923706055,11.4399995803833,11.5,10103
2022-05-26,11.5,11.5,11.319999694824219,11.399999618530273,5551
2022-05-27,11.5,11.779999732971191,11.359999656677246,11.359999656677246,8804
2022-05-30,11.5600004196167,11.579999923706055,11.199999809265137,11.460000038146973,8404
2022-05-31,11.4399995803833,11.65999984741211,11.239999771118164,11.260000228881836,6538
2022-06-01,11.279999732971191,11.460000038146973,11.239999771118164,11.260000228881836,4564
2022-06-02,11.260000228881836,11.300000190734863,11.140000343322754,11.239999771118164,4169
2022-06-03,11.260000228881836,11.380000114440918,11.180000305175781,11.180000305175781,10657
2022-06-06,11.260000228881836,11.65999984741211,11.079999923706055,11.420000076293945,20212
2022-06-07,11.399999618530273,11.680000305175781,11.399999618530273,11.479999542236328,4686
2022-06-08,11.420000076293945,11.420000076293945,11.220000267028809,11.359999656677246,2363
2022-06-09,11.380000114440918,11.380000114440918,11.140000343322754,11.140000343322754,5778
2022-06-10,11.140000343322754,11.680000305175781,11.119999885559082,11.399999618530273,6352
2022-06-13,11.460000038146973,11.520000457763672,11.15999984741211,11.300000190734863,2914
2022-06-14,11.380000114440918,11.4399995803833,11.199999809265137,11.380000114440918,2907
2022-06-15,11.300000190734863,11.479999542236328,11.239999771118164,11.300000190734863,4849
2022-06-17,10.5,11.220000267028809,10.5,10.899999618530273,43376
2022-06-20,11.020000457763672,11.279999732971191,10.819999694824219,10.899999618530273,9463
2022-06-21,11.020000457763672,11.300000190734863,11.020000457763672,11.140000343322754,1945
2022-06-22,11.119999885559082,11.279999732971191,10.920000076293945,10.979999542236328,3987
2022-06-23,11.0,11.199999809265137,11.0,11.0,31176
2022-06-24,11.0,11.220000267028809,10.979999542236328,11.020000457763672,2195
2022-06-27,11.0600004196167,11.180000305175781,11.0600004196167,11.100000381469727,884
2022-06-28,11.180000305175781,12.0,11.180000305175781,12.0,10694
2022-06-29,12.0,13.199999809265137,11.65999984741211,13.199999809265137,15448
2022-06-30,13.15999984741211,13.180000305175781,12.699999809265137,12.699999809265137,2133
2022-07-01,12.539999961853027,12.539999961853027,12.199999809265137,12.399999618530273,4466
2022-07-04,12.4399995803833,12.800000190734863,12.380000114440918,12.800000190734863,3697
2022-07-05,12.800000190734863,13.359999656677246,12.65999984741211,12.899999618530273,10631
2022-07-06,12.899999618530273,13.4399995803833,12.579999923706055,12.680000305175781,23008
2022-07-07,12.880000114440918,13.460000038146973,12.800000190734863,13.460000038146973,9836
2022-07-08,13.239999771118164,13.960000038146973,13.239999771118164,13.859999656677246,13388
2022-07-11,13.800000190734863,14.100000381469727,13.539999961853027,14.079999923706055,9319
2022-07-12,14.100000381469727,14.100000381469727,13.5,13.65999984741211,6367
2022-07-13,13.600000381469727,13.699999809265137,13.300000190734863,13.699999809265137,2028
2022-07-14,13.5,13.640000343322754,12.880000114440918,12.920000076293945,4081
2022-07-15,13.279999732971191,13.279999732971191,12.720000267028809,12.800000190734863,2831
2022-07-18,12.779999732971191,12.800000190734863,12.5,12.520000457763672,5397
2022-07-19,12.539999961853027,12.699999809265137,12.399999618530273,12.399999618530273,26077
2022-07-20,12.600000381469727,12.899999618530273,12.399999618530273,12.880000114440918,3336
2022-07-21,12.880000114440918,13.140000343322754,12.760000228881836,12.779999732971191,1918
2022-07-22,13.0,13.380000114440918,12.880000114440918,13.079999923706055,2650
2022-07-25,13.079999923706055,13.399999618530273,13.0,13.359999656677246,2519
2022-07-26,13.300000190734863,13.359999656677246,13.0,13.300000190734863,4267
2022-07-27,13.039999961853027,13.34000015258789,12.720000267028809,13.100000381469727,4808
2022-07-28,13.199999809265137,13.239999771118164,12.920000076293945,12.9399995803833,1313
2022-07-29,13.0,13.300000190734863,12.699999809265137,13.199999809265137,3892
2022-08-01,13.199999809265137,13.359999656677246,12.039999961853027,12.859999656677246,11216
2022-08-02,12.699999809265137,12.960000038146973,12.699999809265137,12.859999656677246,1692
2022-08-03,12.800000190734863,13.100000381469727,12.800000190734863,13.100000381469727,1701
2022-08-04,12.979999542236328,13.100000381469727,12.979999542236328,13.020000457763672,310
2022-08-05,13.039999961853027,13.079999923706055,12.819999694824219,12.880000114440918,2086
2022-08-08,12.739999771118164,13.100000381469727,12.739999771118164,13.100000381469727,2483
2022-08-09,13.079999923706055,13.079999923706055,12.859999656677246,13.0,257
2022-08-10,13.0,13.0600004196167,12.920000076293945,12.920000076293945,976
2022-08-11,13.020000457763672,13.199999809265137,12.979999542236328,13.199999809265137,2745
2022-08-12,13.180000305175781,13.199999809265137,12.800000190734863,13.199999809265137,3863
2022-08-16,13.199999809265137,13.300000190734863,13.180000305175781,13.279999732971191,405181
2022-08-17,13.279999732971191,13.65999984741211,12.819999694824219,12.819999694824219,30830
2022-08-18,12.819999694824219,13.100000381469727,12.819999694824219,13.100000381469727,9009
2022-08-19,13.100000381469727,13.380000114440918,13.100000381469727,13.34000015258789,4143
2022-08-22,13.34000015258789,13.680000305175781,13.100000381469727,13.600000381469727,28300
2022-08-23,13.600000381469727,14.0,13.600000381469727,14.0,462435
2022-08-24,13.819999694824219,14.199999809265137,13.819999694824219,13.859999656677246,8223
2022-08-25,14.0,14.220000267028809,13.819999694824219,14.0,12300
2022-08-26,14.15999984741211,14.199999809265137,13.899999618530273,14.199999809265137,14087
2022-08-29,14.100000381469727,14.359999656677246,13.5,13.920000076293945,14402
2022-08-30,13.920000076293945,14.100000381469727,13.819999694824219,14.020000457763672,14062
2022-08-31,14.079999923706055,14.079999923706055,13.720000267028809,13.819999694824219,14421
2022-09-01,13.9399995803833,13.9399995803833,13.619999885559082,13.640000343322754,17837
2022-09-02,13.699999809265137,13.859999656677246,13.220000267028809,13.600000381469727,7919
2022-09-05,13.600000381469727,13.600000381469727,13.520000457763672,13.539999961853027,533
2022-09-06,13.359999656677246,13.359999656677246,12.960000038146973,13.180000305175781,6835
2022-09-07,12.65999984741211,12.800000190734863,12.600000381469727,12.800000190734863,17836
2022-09-08,12.899999618530273,12.899999618530273,12.699999809265137,12.800000190734863,4894
2022-09-09,12.960000038146973,13.279999732971191,12.84000015258789,13.279999732971191,6835
2022-09-12,13.0,13.0,12.819999694824219,13.0,849
2022-09-13,13.0,13.300000190734863,13.0,13.279999732971191,2691
2022-09-14,13.199999809265137,13.4399995803833,13.100000381469727,13.239999771118164,12241
2022-09-15,13.479999542236328,13.600000381469727,13.34000015258789,13.600000381469727,3105
2022-09-16,13.399999618530273,13.760000228881836,13.399999618530273,13.539999961853027,4023
2022-09-19,13.539999961853027,13.65999984741211,13.319999694824219,13.65999984741211,2450
2022-09-20,13.319999694824219,13.399999618530273,13.199999809265137,13.199999809265137,3170
2022-09-21,13.199999809265137,13.199999809265137,12.899999618530273,12.899999618530273,1493
2022-09-22,13.0,13.079999923706055,12.5,12.5,7635
2022-09-23,12.5,12.5,12.239999771118164,12.239999771118164,4514
2022-09-26,12.239999771118164,12.239999771118164,11.65999984741211,12.239999771118164,12115
2022-09-27,12.180000305175781,12.180000305175781,12.140000343322754,12.15999984741211,63
2022-09-28,12.15999984741211,12.15999984741211,11.680000305175781,11.800000190734863,5157
2022-09-29,11.899999618530273,12.15999984741211,11.619999885559082,11.880000114440918,4245
2022-09-30,12.359999656677246,12.960000038146973,12.100000381469727,12.960000038146973,15510
2022-10-03,12.4399995803833,12.5,12.220000267028809,12.5,3404
2022-10-04,12.520000457763672,12.800000190734863,12.520000457763672,12.5600004196167,1590
2022-10-05,12.300000190734863,12.800000190734863,12.300000190734863,12.800000190734863,1089
2022-10-06,12.800000190734863,13.460000038146973,12.420000076293945,13.460000038146973,6215
2022-10-07,13.4399995803833,13.84000015258789,13.199999809265137,13.84000015258789,10754
2022-10-10,13.880000114440918,13.880000114440918,13.520000457763672,13.699999809265137,2331
2022-10-11,13.859999656677246,13.859999656677246,13.319999694824219,13.699999809265137,1021
2022-10-12,13.699999809265137,13.699999809265137,13.399999618530273,13.399999618530273,415
2022-10-13,13.199999809265137,13.65999984741211,13.0,13.0,1780
2022-10-14,13.220000267028809,13.5600004196167,13.220000267028809,13.5,1184
2022-10-17,13.220000267028809,13.220000267028809,13.039999961853027,13.039999961853027,2335
2022-10-18,13.039999961853027,13.399999618530273,13.039999961853027,13.359999656677246,237
2022-10-19,13.300000190734863,13.300000190734863,13.300000190734863,13.300000190734863,84
2022-10-20,13.100000381469727,13.279999732971191,13.100000381469727,13.279999732971191,513
2022-10-21,13.100000381469727,13.199999809265137,12.899999618530273,13.100000381469727,2645
2022-10-24,12.84000015258789,13.380000114440918,12.84000015258789,13.380000114440918,1741
2022-10-25,13.4399995803833,13.4399995803833,13.039999961853027,13.199999809265137,249
2022-10-26,13.199999809265137,13.260000228881836,13.119999885559082,13.140000343322754,385
2022-10-27,13.199999809265137,14.0,13.199999809265137,14.0,12913
2022-10-28,13.899999618530273,14.979999542236328,13.899999618530273,14.979999542236328,20121
2022-10-31,14.819999694824219,15.399999618530273,14.819999694824219,15.260000228881836,9882
2022-11-02,15.260000228881836,15.260000228881836,14.600000381469727,15.0,9285
2022-11-03,15.0,15.260000228881836,14.619999885559082,15.260000228881836,3700
2022-11-04,15.260000228881836,15.380000114440918,14.65999984741211,14.65999984741211,9611
2022-11-07,15.0,15.0,14.539999961853027,14.779999732971191,4468
2022-11-08,14.800000190734863,14.920000076293945,14.5600004196167,14.859999656677246,1939
2022-11-09,14.899999618530273,14.920000076293945,14.619999885559082,14.65999984741211,3894
2022-11-10,14.699999809265137,15.0600004196167,14.65999984741211,14.84000015258789,7995
2022-11-14,15.199999809265137,15.399999618530273,14.779999732971191,14.979999542236328,9217
2022-11-15,14.84000015258789,14.979999542236328,14.819999694824219,14.9399995803833,8149
2022-11-16,14.800000190734863,15.15999984741211,14.699999809265137,14.960000038146973,2724
2022-11-17,14.779999732971191,14.859999656677246,14.579999923706055,14.699999809265137,2737
2022-11-18,14.600000381469727,14.760000228881836,14.319999694824219,14.760000228881836,3257
2022-11-21,14.760000228881836,14.760000228881836,14.5,14.5,2487
2022-11-22,14.399999618530273,14.800000190734863,14.399999618530273,14.539999961853027,853
2022-11-23,14.760000228881836,14.800000190734863,14.579999923706055,14.800000190734863,1813
2022-11-24,14.800000190734863,14.84000015258789,14.699999809265137,14.779999732971191,4545
2022-11-25,14.720000267028809,14.9399995803833,14.180000305175781,14.720000267028809,8230
2022-11-28,14.420000076293945,14.760000228881836,14.420000076293945,14.760000228881836,3547
2022-11-29,14.699999809265137,14.699999809265137,14.5600004196167,14.5600004196167,87
2022-11-30,14.520000457763672,14.779999732971191,14.359999656677246,14.680000305175781,4591
2022-12-01,14.699999809265137,14.699999809265137,14.380000114440918,14.699999809265137,2508
2022-12-02,14.600000381469727,14.65999984741211,14.460000038146973,14.619999885559082,853
2022-12-05,14.699999809265137,14.699999809265137,14.479999542236328,14.5,2812
2022-12-06,14.5,14.640000343322754,14.460000038146973,14.479999542236328,1117
2022-12-07,14.479999542236328,14.640000343322754,14.4399995803833,14.640000343322754,999
2022-12-08,14.479999542236328,14.699999809265137,14.479999542236328,14.579999923706055,893
2022-12-09,14.5600004196167,14.65999984741211,14.460000038146973,14.5,2267
2022-12-12,14.300000190734863,14.600000381469727,14.300000190734863,14.399999618530273,3377
2022-12-13,14.380000114440918,14.5600004196167,14.300000190734863,14.359999656677246,2106
2022-12-14,14.479999542236328,14.5,14.239999771118164,14.319999694824219,1823
2022-12-15,14.399999618530273,14.399999618530273,14.199999809265137,14.199999809265137,2116
2022-12-16,14.199999809265137,14.199999809265137,14.0,14.199999809265137,3142
2022-12-19,14.020000457763672,14.180000305175781,13.699999809265137,13.800000190734863,4599
2022-12-20,13.899999618530273,13.899999618530273,13.5,13.5,5711
2022-12-21,13.600000381469727,13.699999809265137,13.300000190734863,13.300000190734863,3033
2022-12-22,13.399999618530273,13.460000038146973,13.199999809265137,13.319999694824219,4798
2022-12-23,13.399999618530273,13.699999809265137,13.319999694824219,13.680000305175781,3808
2022-12-27,13.680000305175781,13.680000305175781,13.300000190734863,13.34000015258789,5009
2022-12-28,13.34000015258789,13.359999656677246,13.0600004196167,13.34000015258789,6246
2022-12-29,13.380000114440918,13.699999809265137,13.359999656677246,13.619999885559082,1617
2022-12-30,13.380000114440918,13.699999809265137,13.380000114440918,13.680000305175781,1968
2023-01-02,13.779999732971191,14.0,13.600000381469727,13.899999618530273,2692
2023-01-03,13.899999618530273,14.600000381469727,13.880000114440918,14.600000381469727,6613
2023-01-04,14.699999809265137,15.0,14.5,14.680000305175781,11388
2023-01-05,14.779999732971191,14.800000190734863,14.300000190734863,14.699999809265137,3775
2023-01-09,14.699999809265137,15.020000457763672,14.399999618530273,15.020000457763672,6083
2023-01-10,15.020000457763672,15.020000457763672,14.399999618530273,14.5,6895
2023-01-11,14.699999809265137,14.979999542236328,14.399999618530273,14.699999809265137,5614
2023-01-12,14.699999809265137,15.0,14.399999618530273,14.600000381469727,2596
2023-01-13,14.600000381469727,14.600000381469727,14.34000015258789,14.539999961853027,1206
2023-01-16,14.600000381469727,14.699999809265137,14.199999809265137,14.680000305175781,3385
2023-01-17,14.699999809265137,14.819999694824219,14.380000114440918,14.539999961853027,2292
2023-01-18,14.399999618530273,14.539999961853027,14.34000015258789,14.479999542236328,1867
2023-01-19,14.479999542236328,14.5,14.300000190734863,14.479999542236328,1643
2023-01-20,14.279999732971191,14.34000015258789,14.199999809265137,14.300000190734863,4143
2023-01-23,14.479999542236328,14.960000038146973,14.300000190734863,14.84000015258789,5254
2023-01-24,14.779999732971191,15.0,14.420000076293945,14.699999809265137,13881
2023-01-25,14.720000267028809,14.899999618530273,14.420000076293945,14.84000015258789,2396
2023-01-26,14.720000267028809,14.859999656677246,14.5,14.800000190734863,2019
2023-01-27,14.800000190734863,16.280000686645508,14.539999961853027,15.920000076293945,56472
2023-01-30,16.100000381469727,16.5,15.699999809265137,16.3799991607666,25448
2023-01-31,16.479999542236328,17.100000381469727,16.3799991607666,16.700000762939453,17582
2023-02-01,16.799999237060547,17.0,16.299999237060547,16.700000762939453,7787
2023-02-02,16.68000030517578,16.799999237060547,16.34000015258789,16.540000915527344,3691
2023-02-03,16.399999618530273,16.559999465942383,16.299999237060547,16.399999618530273,3372
2023-02-06,16.200000762939453,16.3799991607666,15.84000015258789,15.880000114440918,4433
2023-02-07,15.859999656677246,16.0,15.420000076293945,15.800000190734863,10973
2023-02-08,15.779999732971191,16.200000762939453,15.779999732971191,16.18000030517578,5038
2023-02-09,16.299999237060547,16.520000457763672,16.200000762939453,16.360000610351562,6340
2023-02-10,16.239999771118164,16.360000610351562,16.079999923706055,16.239999771118164,14702
2023-02-13,16.299999237060547,16.31999969482422,15.9399995803833,16.079999923706055,8149
2023-02-14,16.299999237060547,17.100000381469727,16.299999237060547,17.100000381469727,15396
2023-02-15,17.1200008392334,17.760000228881836,17.100000381469727,17.639999389648438,13314
2023-02-16,17.639999389648438,17.700000762939453,17.020000457763672,17.1200008392334,4862
2023-02-17,17.100000381469727,17.299999237060547,17.0,17.18000030517578,2708
2023-02-20,17.18000030517578,17.18000030517578,17.0,17.100000381469727,3050
2023-02-21,17.0,17.280000686645508,16.899999618530273,17.239999771118164,3221
2023-02-22,17.059999465942383,17.299999237060547,16.899999618530273,17.0,4732
2023-02-23,17.100000381469727,17.100000381469727,16.940000534057617,17.059999465942383,488
2023-02-24,16.979999542236328,17.100000381469727,16.940000534057617,17.059999465942383,2681
2023-02-27,16.899999618530273,16.899999618530273,16.81999969482422,16.81999969482422,2410
2023-02-28,16.799999237060547,16.899999618530273,16.68000030517578,16.899999618530273,1762
2023-03-01,17.0,17.299999237060547,16.719999313354492,17.299999237060547,2170
2023-03-02,17.18000030517578,17.200000762939453,16.899999618530273,17.100000381469727,2573
2023-03-03,16.979999542236328,17.200000762939453,16.81999969482422,17.200000762939453,3460
2023-03-06,17.200000762939453,17.200000762939453,16.8799991607666,16.899999618530273,3998
2023-03-07,16.899999618530273,17.100000381469727,16.899999618530273,17.040000915527344,565
2023-03-08,17.0,17.15999984741211,16.81999969482422,17.15999984741211,1288
2023-03-09,17.040000915527344,17.18000030517578,16.899999618530273,17.059999465942383,718
2023-03-10,16.81999969482422,17.0,16.299999237060547,16.31999969482422,8964
2023-03-13,16.31999969482422,16.31999969482422,15.0,15.819999694824219,14845
2023-03-14,15.800000190734863,16.200000762939453,15.199999809265137,15.699999809265137,4949
2023-03-15,15.5,15.699999809265137,15.0600004196167,15.4399995803833,8491
2023-03-16,15.239999771118164,15.680000305175781,15.199999809265137,15.680000305175781,3355
2023-03-17,15.65999984741211,16.0,15.5,15.9399995803833,4118
2023-03-20,15.899999618530273,15.899999618530273,15.079999923706055,15.399999618530273,5313
2023-03-21,15.579999923706055,15.899999618530273,15.420000076293945,15.739999771118164,3540
2023-03-22,15.899999618530273,16.15999984741211,15.640000343322754,15.960000038146973,2575
2023-03-23,15.960000038146973,16.200000762939453,15.779999732971191,15.9399995803833,4874
2023-03-24,17.100000381469727,17.899999618530273,16.979999542236328,17.5,45320
2023-03-27,17.5,18.239999771118164,17.399999618530273,18.1200008392334,19457
2023-03-28,18.200000762939453,18.200000762939453,17.700000762939453,17.719999313354492,17649
2023-03-29,17.719999313354492,18.5,17.719999313354492,18.5,23468
2023-03-30,18.260000228881836,18.479999542236328,18.239999771118164,18.479999542236328,11042
2023-03-31,18.5,19.239999771118164,18.479999542236328,19.0,15825
2023-04-03,19.0,19.440000534057617,19.0,19.280000686645508,10933
2023-04-04,19.079999923706055,19.239999771118164,18.979999542236328,19.18000030517578,7404
2023-04-05,19.100000381469727,19.100000381469727,18.600000381469727,18.799999237060547,3992
2023-04-06,18.6200008392334,19.0,18.520000457763672,18.979999542236328,2489
2023-04-11,18.84000015258789,19.239999771118164,18.84000015258789,19.239999771118164,13762
2023-04-12,19.239999771118164,19.440000534057617,18.940000534057617,19.440000534057617,9043
2023-04-13,19.399999618530273,19.440000534057617,19.0,19.360000610351562,3369
2023-04-14,19.399999618530273,19.399999618530273,18.799999237060547,19.34000015258789,6907
2023-04-17,19.360000610351562,19.540000915527344,18.920000076293945,19.420000076293945,8953
2023-04-18,19.420000076293945,19.420000076293945,19.059999465942383,19.059999465942383,5199
2023-04-19,19.059999465942383,19.260000228881836,19.0,19.18000030517578,1190
2023-04-20,18.799999237060547,19.299999237060547,18.649999618530273,19.200000762939453,12992
2023-04-21,19.200000762939453,19.299999237060547,19.0,19.299999237060547,8906
2023-04-24,19.299999237060547,19.399999618530273,19.0,19.299999237060547,5249
2023-04-25,19.399999618530273,19.399999618530273,19.0,19.200000762939453,3217
2023-04-26,19.200000762939453,19.200000762939453,18.799999237060547,18.950000762939453,2734
2023-04-27,18.950000762939453,18.950000762939453,18.100000381469727,18.200000762939453,13614
2023-04-28,18.200000762939453,18.450000762939453,18.100000381469727,18.450000762939453,4440
2023-05-02,18.25,19.600000381469727,18.25,19.600000381469727,17169
2023-05-04,19.299999237060547,20.899999618530273,19.299999237060547,20.0,16334
2023-05-05,20.0,20.799999237060547,19.649999618530273,20.700000762939453,17520
2023-05-08,20.600000381469727,20.700000762939453,20.299999237060547,20.600000381469727,5159
2023-05-09,20.600000381469727,20.799999237060547,20.100000381469727,20.5,3865
2023-05-10,20.600000381469727,20.799999237060547,20.399999618530273,20.700000762939453,4072
2023-05-11,20.700000762939453,20.899999618530273,20.600000381469727,20.799999237060547,4303
2023-05-12,20.700000762939453,20.700000762939453,20.5,20.700000762939453,5626
2023-05-15,20.799999237060547,20.799999237060547,19.700000762939453,20.299999237060547,7691
2023-05-16,20.299999237060547,20.299999237060547,20.0,20.0,1662
2023-05-17,19.899999618530273,20.0,19.700000762939453,19.950000762939453,2675
2023-05-18,19.899999618530273,20.0,19.75,19.850000381469727,4564
2023-05-19,21.0,21.799999237060547,20.299999237060547,20.600000381469727,52950
2023-05-22,20.600000381469727,20.700000762939453,20.100000381469727,20.299999237060547,7959
2023-05-23,20.299999237060547,21.100000381469727,20.299999237060547,20.399999618530273,16707
2023-05-24,20.299999237060547,20.799999237060547,20.299999237060547,20.799999237060547,10202
2023-05-25,20.799999237060547,20.799999237060547,20.100000381469727,20.100000381469727,2569
2023-05-26,20.299999237060547,20.399999618530273,19.899999618530273,19.950000762939453,2190
2023-05-29,20.200000762939453,20.200000762939453,19.799999237060547,20.0,3394
2023-05-30,20.100000381469727,20.600000381469727,20.0,20.299999237060547,5301
2023-05-31,20.100000381469727,20.100000381469727,19.5,19.549999237060547,9863
2023-06-01,19.5,19.700000762939453,19.299999237060547,19.450000762939453,3973
2023-06-02,19.350000381469727,20.0,19.299999237060547,19.850000381469727,4456
2023-06-05,19.850000381469727,19.850000381469727,19.399999618530273,19.5,4101
2023-06-06,19.5,20.899999618530273,19.5,20.899999618530273,22556
2023-06-07,20.899999618530273,20.899999618530273,20.600000381469727,20.899999618530273,7341
2023-06-09,20.600000381469727,21.299999237060547,20.600000381469727,21.299999237060547,3981
2023-06-12,21.200000762939453,21.399999618530273,21.0,21.299999237060547,7042
2023-06-13,21.299999237060547,21.299999237060547,20.399999618530273,20.399999618530273,4573
2023-06-14,20.399999618530273,20.700000762939453,20.200000762939453,20.399999618530273,3101
2023-06-15,20.399999618530273,20.399999618530273,19.950000762939453,20.299999237060547,3496
2023-06-16,20.100000381469727,20.299999237060547,19.899999618530273,20.299999237060547,4373
2023-06-19,20.299999237060547,20.700000762939453,20.200000762939453,20.600000381469727,3009
2023-06-20,20.5,20.5,19.899999618530273,20.100000381469727,3781
2023-06-21,20.0,20.399999618530273,19.700000762939453,20.399999618530273,2298
2023-06-22,20.200000762939453,20.600000381469727,19.899999618530273,20.600000381469727,3972
2023-06-23,20.600000381469727,20.600000381469727,20.100000381469727,20.100000381469727,2237
2023-06-26,20.100000381469727,20.299999237060547,20.0,20.299999237060547,2137
2023-06-27,20.299999237060547,21.0,20.100000381469727,21.0,9424
2023-06-28,21.0,21.5,20.700000762939453,21.5,18680
2023-06-29,21.600000381469727,22.299999237060547,21.5,22.299999237060547,34070
2023-06-30,22.399999618530273,22.899999618530273,22.200000762939453,22.899999618530273,30884
2023-07-03,22.799999237060547,22.899999618530273,21.799999237060547,21.799999237060547,14854
2023-07-04,21.899999618530273,21.899999618530273,21.299999237060547,21.899999618530273,8140
2023-07-05,20.899999618530273,20.899999618530273,20.399999618530273,20.700000762939453,6803
2023-07-06,20.700000762939453,20.899999618530273,20.0,20.299999237060547,11260
2023-07-07,20.399999618530273,20.799999237060547,20.299999237060547,20.399999618530273,2759
2023-07-10,20.399999618530273,20.399999618530273,19.600000381469727,20.200000762939453,11680
2023-07-11,20.200000762939453,20.299999237060547,20.0,20.299999237060547,1079
2023-07-12,20.299999237060547,20.600000381469727,20.200000762939453,20.299999237060547,3827
2023-07-13,20.299999237060547,20.700000762939453,20.200000762939453,20.399999618530273,1758
2023-07-14,20.399999618530273,20.5,20.0,20.399999618530273,7287
2023-07-17,20.100000381469727,20.399999618530273,20.0,20.299999237060547,2238
2023-07-18,20.299999237060547,20.600000381469727,20.0,20.600000381469727,7572
2023-07-19,20.600000381469727,22.0,20.600000381469727,21.5,21523
2023-07-20,21.600000381469727,21.600000381469727,20.799999237060547,20.799999237060547,11056
2023-07-21,20.899999618530273,21.600000381469727,20.799999237060547,21.100000381469727,6265
2023-07-24,21.100000381469727,21.399999618530273,21.0,21.399999618530273,3581
2023-07-25,21.5,21.5,20.899999618530273,21.0,1881
2023-07-26,21.0,21.200000762939453,20.200000762939453,20.600000381469727,10695
2023-07-27,20.600000381469727,20.799999237060547,20.600000381469727,20.600000381469727,1043
2023-07-28,20.5,21.200000762939453,20.5,21.0,6035
2023-07-31,21.0,21.100000381469727,20.700000762939453,21.100000381469727,1385
2023-08-01,20.5,21.100000381469727,20.399999618530273,20.799999237060547,4489
2023-08-02,20.5,20.700000762939453,20.299999237060547,20.600000381469727,1068
2023-08-03,20.5,20.600000381469727,20.200000762939453,20.399999618530273,1521
2023-08-04,20.5,20.799999237060547,20.299999237060547,20.5,1478
2023-08-07,20.5,20.799999237060547,20.0,20.0,11724
2023-08-08,20.0,20.200000762939453,18.850000381469727,19.899999618530273,15625
2023-08-09,19.649999618530273,19.799999237060547,19.450000762939453,19.75,8635
2023-08-10,19.600000381469727,20.0,19.600000381469727,19.950000762939453,2626
2023-08-11,19.75,19.850000381469727,19.450000762939453,19.549999237060547,2103
2023-08-14,19.549999237060547,20.600000381469727,19.549999237060547,19.950000762939453,4400
2023-08-16,19.899999618530273,19.899999618530273,19.549999237060547,19.700000762939453,1251
2023-08-17,19.799999237060547,20.0,19.600000381469727,19.799999237060547,1896
2023-08-18,19.799999237060547,20.0,19.649999618530273,19.899999618530273,2115
2023-08-21,19.899999618530273,20.0,19.600000381469727,19.799999237060547,4054
2023-08-22,19.899999618530273,20.0,19.700000762939453,19.899999618530273,1182
2023-08-23,19.850000381469727,20.0,19.75,19.899999618530273,2548
2023-08-24,19.950000762939453,20.100000381469727,19.75,20.0,6130
2023-08-25,20.600000381469727,20.799999237060547,19.649999618530273,19.649999618530273,11854
2023-08-28,19.600000381469727,19.799999237060547,19.0,19.399999618530273,5691
2023-08-29,19.200000762939453,19.399999618530273,19.049999237060547,19.149999618530273,3763
2023-08-30,19.200000762939453,19.200000762939453,19.0,19.200000762939453,2447
2023-08-31,19.149999618530273,19.200000762939453,19.0,19.200000762939453,2665
2023-09-01,19.200000762939453,19.200000762939453,18.649999618530273,18.649999618530273,9942
2023-09-04,19.0,19.600000381469727,18.799999237060547,19.399999618530273,12093
2023-09-05,19.200000762939453,19.299999237060547,19.100000381469727,19.25,883
2023-09-06,19.25,19.25,18.700000762939453,18.75,1760
2023-09-07,18.950000762939453,19.200000762939453,18.649999618530273,18.799999237060547,1412
2023-09-08,18.899999618530273,19.100000381469727,18.600000381469727,19.100000381469727,1694
2023-09-11,18.600000381469727,19.100000381469727,18.600000381469727,18.899999618530273,1195
2023-09-12,18.75,18.899999618530273,17.700000762939453,18.5,6479
2023-09-13,18.5,19.5,18.5,18.899999618530273,3983
2023-09-14,19.399999618530273,19.450000762939453,18.299999237060547,19.049999237060547,4158
2023-09-15,18.799999237060547,19.049999237060547,18.75,19.0,885
2023-09-18,18.899999618530273,19.0,18.25,18.5,11004
2023-09-19,18.600000381469727,18.649999618530273,18.399999618530273,18.649999618530273,988
2023-09-20,18.5,18.600000381469727,18.0,18.450000762939453,4515
2023-09-21,18.25,18.25,18.149999618530273,18.200000762939453,2599
2023-09-22,18.200000762939453,19.049999237060547,17.850000381469727,19.0,13995
2023-09-25,18.600000381469727,19.700000762939453,18.600000381469727,19.600000381469727,5952
2023-09-26,19.5,20.399999618530273,19.200000762939453,20.200000762939453,14876
2023-09-27,20.0,20.600000381469727,20.0,20.600000381469727,20353
2023-09-28,20.600000381469727,22.0,19.600000381469727,21.5,62536
2023-09-29,21.299999237060547,21.5,20.899999618530273,20.899999618530273,4570
2023-10-02,21.200000762939453,21.399999618530273,20.899999618530273,20.899999618530273,7598
2023-10-03,21.299999237060547,21.299999237060547,20.200000762939453,20.700000762939453,6213
2023-10-04,20.799999237060547,20.799999237060547,20.0,20.200000762939453,3527
2023-10-05,20.799999237060547,20.799999237060547,20.5,20.799999237060547,3628
2023-10-06,20.799999237060547,21.0,19.899999618530273,20.100000381469727,6189
2023-10-09,20.0,20.299999237060547,19.899999618530273,20.200000762939453,1447
2023-10-10,20.200000762939453,20.399999618530273,20.0,20.299999237060547,487
2023-10-11,20.299999237060547,20.5,20.200000762939453,20.299999237060547,1256
2023-10-12,20.399999618530273,20.600000381469727,20.100000381469727,20.600000381469727,2199
2023-10-13,20.600000381469727,21.0,20.600000381469727,20.899999618530273,4923
2023-10-16,20.799999237060547,21.0,20.399999618530273,20.899999618530273,5223
2023-10-17,20.899999618530273,21.299999237060547,20.5,20.5,5063
2023-10-18,20.5,20.899999618530273,20.399999618530273,20.899999618530273,3753
2023-10-19,20.899999618530273,21.0,20.700000762939453,20.700000762939453,1603
2023-10-20,20.799999237060547,20.799999237060547,20.299999237060547,20.299999237060547,1461
2023-10-23,20.299999237060547,20.399999618530273,19.899999618530273,19.899999618530273,2785
2023-10-24,20.299999237060547,21.5,19.899999618530273,21.399999618530273,66349
2023-10-25,21.399999618530273,22.0,21.0,21.899999618530273,11292
2023-10-26,21.899999618530273,22.5,21.399999618530273,22.0,22023
2023-10-27,22.299999237060547,22.799999237060547,22.200000762939453,22.299999237060547,11072
2023-10-30,22.700000762939453,22.799999237060547,22.0,22.5,7630
2023-10-31,22.799999237060547,22.799999237060547,22.100000381469727,22.600000381469727,7730
2023-11-02,22.5,22.600000381469727,22.200000762939453,22.5,2370
2023-11-03,22.5,22.600000381469727,22.200000762939453,22.600000381469727,1939
2023-11-06,22.600000381469727,22.899999618530273,22.299999237060547,22.700000762939453,14480
2023-11-07,22.700000762939453,23.0,22.5,23.0,14393
2023-11-08,23.0,23.0,22.700000762939453,23.0,3946
2023-11-09,23.0,23.299999237060547,22.700000762939453,23.100000381469727,14696
2023-11-10,23.399999618530273,24.0,23.399999618530273,23.899999618530273,22157
2023-11-13,23.899999618530273,23.899999618530273,23.399999618530273,23.5,10558
2023-11-14,23.5,23.899999618530273,23.5,23.600000381469727,3239
2023-11-15,23.799999237060547,23.899999618530273,22.600000381469727,23.5,9457
2023-11-16,23.100000381469727,23.200000762939453,22.899999618530273,23.200000762939453,1919
2023-11-17,23.200000762939453,23.5,22.600000381469727,22.799999237060547,5205
2023-11-20,22.600000381469727,23.0,22.399999618530273,22.5,7126
2023-11-21,22.600000381469727,22.799999237060547,22.0,22.600000381469727,6403
2023-11-22,22.600000381469727,22.799999237060547,22.399999618530273,22.5,2045
2023-11-23,22.600000381469727,23.0,22.399999618530273,22.600000381469727,4374
2023-11-24,22.600000381469727,23.299999237060547,22.600000381469727,23.299999237060547,10963
2023-11-27,23.299999237060547,23.5,22.700000762939453,23.299999237060547,11069
2023-11-28,23.299999237060547,23.600000381469727,23.200000762939453,23.600000381469727,6435
2023-11-29,23.600000381469727,23.600000381469727,23.100000381469727,23.600000381469727,6629
2023-11-30,23.600000381469727,23.600000381469727,23.200000762939453,23.5,6346
2023-12-01,23.600000381469727,23.600000381469727,22.899999618530273,23.299999237060547,15256
2023-12-04,23.299999237060547,23.299999237060547,22.799999237060547,22.799999237060547,4697
2023-12-05,23.0,23.200000762939453,22.600000381469727,22.600000381469727,2204
2023-12-06,22.600000381469727,22.700000762939453,22.399999618530273,22.700000762939453,1768
2023-12-07,22.399999618530273,22.5,21.799999237060547,22.100000381469727,12069
2023-12-08,22.299999237060547,22.700000762939453,22.0,22.700000762939453,2991
2023-12-11,22.600000381469727,23.200000762939453,22.200000762939453,23.200000762939453,12067
2023-12-12,23.100000381469727,23.399999618530273,22.799999237060547,23.200000762939453,10017
2023-12-13,23.5,23.799999237060547,23.200000762939453,23.600000381469727,12533
2023-12-14,22.799999237060547,23.0,22.399999618530273,22.799999237060547,31592
2023-12-15,22.799999237060547,22.899999618530273,22.600000381469727,22.899999618530273,6655
2023-12-18,22.899999618530273,22.899999618530273,22.5,22.5,2794
2023-12-19,22.5,23.0,22.299999237060547,23.0,9490
2023-12-20,22.899999618530273,23.0,22.600000381469727,22.799999237060547,16612
2023-12-21,23.100000381469727,24.0,22.899999618530273,23.799999237060547,23234
2023-12-22,23.700000762939453,24.5,23.700000762939453,24.399999618530273,29146
2023-12-27,24.5,25.700000762939453,24.5,25.299999237060547,14397
2023-12-28,25.299999237060547,25.600000381469727,25.100000381469727,25.100000381469727,7844
2023-12-29,25.0,25.0,24.5,24.600000381469727,5366
2024-01-02,24.700000762939453,24.799999237060547,24.399999618530273,24.5,3449
2024-01-03,24.299999237060547,24.299999237060547,23.5,23.600000381469727,8714
2024-01-04,23.600000381469727,23.899999618530273,22.899999618530273,23.299999237060547,11124
2024-01-05,23.399999618530273,23.399999618530273,22.899999618530273,23.200000762939453,2279
2024-01-08,23.299999237060547,24.700000762939453,23.299999237060547,24.700000762939453,36181
2024-01-09,24.600000381469727,25.0,24.5,25.0,5401
2024-01-10,25.0,25.0,24.399999618530273,24.399999618530273,19608
2024-01-11,24.399999618530273,25.299999237060547,24.200000762939453,24.799999237060547,18570
2024-01-12,24.700000762939453,25.0,24.600000381469727,24.600000381469727,2150
2024-01-15,24.5,24.700000762939453,24.200000762939453,24.600000381469727,8635
2024-01-16,24.600000381469727,24.600000381469727,23.700000762939453,23.899999618530273,6440
2024-01-17,23.899999618530273,23.899999618530273,23.299999237060547,23.600000381469727,5152
2024-01-18,23.299999237060547,23.600000381469727,23.299999237060547,23.600000381469727,1626
2024-01-19,23.600000381469727,23.799999237060547,23.5,23.700000762939453,1792
2024-01-22,23.700000762939453,23.700000762939453,23.200000762939453,23.700000762939453,3146
2024-01-23,23.5,24.0,23.399999618530273,23.799999237060547,3468
2024-01-24,23.799999237060547,24.0,23.600000381469727,24.0,1912
2024-01-25,24.0,24.0,23.600000381469727,23.600000381469727,770
2024-01-26,23.600000381469727,23.799999237060547,23.399999618530273,23.600000381469727,1972
2024-01-29,23.299999237060547,23.5,23.100000381469727,23.100000381469727,1811
2024-01-30,23.0,23.0,22.100000381469727,22.600000381469727,9469
2024-01-31,22.700000762939453,22.799999237060547,22.100000381469727,22.299999237060547,5733
2024-02-01,22.299999237060547,23.0,22.100000381469727,23.0,8283
2024-02-02,23.0,23.200000762939453,22.5,22.799999237060547,14431
2024-02-05,22.799999237060547,22.799999237060547,22.399999618530273,22.399999618530273,3561
2024-02-06,22.600000381469727,22.799999237060547,22.299999237060547,22.600000381469727,5733
2024-02-07,22.700000762939453,22.700000762939453,21.799999237060547,21.799999237060547,12777
2024-02-08,22.5,22.600000381469727,22.100000381469727,22.200000762939453,18175
2024-02-09,22.399999618530273,22.799999237060547,22.399999618530273,22.799999237060547,6309
2024-02-12,22.799999237060547,23.200000762939453,22.600000381469727,22.899999618530273,7000
2024-02-13,23.200000762939453,23.200000762939453,22.899999618530273,23.0,2914
2024-02-14,23.200000762939453,24.200000762939453,23.0,23.399999618530273,16051
2024-02-15,23.5,24.0,23.200000762939453,23.299999237060547,1872
2024-02-16,23.5,24.0,23.5,23.600000381469727,2024
2024-02-19,23.600000381469727,24.0,23.600000381469727,23.899999618530273,3321
2024-02-20,23.899999618530273,23.899999618530273,23.700000762939453,23.700000762939453,1213
2024-02-21,23.799999237060547,23.799999237060547,23.200000762939453,23.200000762939453,5566
2024-02-22,23.399999618530273,23.700000762939453,23.200000762939453,23.5,3404
2024-02-23,23.399999618530273,23.799999237060547,23.299999237060547,23.600000381469727,1714
2024-02-26,23.5,23.899999618530273,23.399999618530273,23.700000762939453,4881
2024-02-27,23.899999618530273,24.700000762939453,23.700000762939453,24.399999618530273,17555
2024-02-28,24.399999618530273,24.600000381469727,23.5,23.899999618530273,7501
2024-02-29,23.899999618530273,24.0,23.600000381469727,23.799999237060547,4491
2024-03-01,23.899999618530273,24.0,23.799999237060547,23.799999237060547,617
2024-03-04,23.700000762939453,24.200000762939453,23.700000762939453,23.899999618530273,2239
2024-03-05,23.899999618530273,23.899999618530273,23.700000762939453,23.700000762939453,1369
2024-03-06,23.700000762939453,24.100000381469727,23.5,23.700000762939453,3351
2024-03-07,23.700000762939453,24.100000381469727,23.5,24.0,2890
2024-03-08,24.0,24.0,23.399999618530273,23.5,3768
2024-03-11,23.399999618530273,23.399999618530273,22.799999237060547,22.799999237060547,4262
2024-03-12,23.0,23.100000381469727,22.600000381469727,22.600000381469727,4681
2024-03-13,22.600000381469727,22.799999237060547,22.100000381469727,22.200000762939453,10422
2024-03-14,22.399999618530273,23.600000381469727,22.200000762939453,23.299999237060547,8091
2024-03-15,23.0,23.299999237060547,21.200000762939453,22.399999618530273,23639
2024-03-18,22.600000381469727,22.700000762939453,22.299999237060547,22.600000381469727,6397
2024-03-19,22.600000381469727,22.600000381469727,22.399999618530273,22.5,1259
2024-03-20,22.600000381469727,22.899999618530273,22.399999618530273,22.899999618530273,4759
2024-03-21,22.899999618530273,23.0,22.5,22.799999237060547,3692
2024-03-22,23.100000381469727,23.399999618530273,22.5,22.799999237060547,9224
2024-03-25,22.600000381469727,22.799999237060547,22.0,22.0,10699
2024-03-26,22.0,22.0,21.200000762939453,21.200000762939453,19677
2024-03-27,21.399999618530273,21.399999618530273,19.700000762939453,20.399999618530273,18212
2024-03-28,20.5,21.0,20.5,20.700000762939453,5881
2024-04-02,20.799999237060547,21.100000381469727,19.5,21.100000381469727,32055
2024-04-03,21.100000381469727,21.399999618530273,20.899999618530273,21.0,7567
2024-04-04,21.100000381469727,22.899999618530273,21.100000381469727,22.0,10071
2024-04-05,22.25,22.700000762939453,22.149999618530273,22.600000381469727,13077
2024-04-08,22.600000381469727,22.75,22.350000381469727,22.399999618530273,3268
2024-04-09,22.600000381469727,23.200000762939453,22.600000381469727,23.100000381469727,9599
2024-04-10,23.5,24.200000762939453,23.399999618530273,24.200000762939453,16462
2024-04-11,24.100000381469727,24.399999618530273,24.0,24.149999618530273,5300
2024-04-12,24.350000381469727,24.549999237060547,24.149999618530273,24.299999237060547,9022
2024-04-15,24.450000762939453,24.450000762939453,23.25,23.75,4040
2024-04-16,23.649999618530273,23.649999618530273,22.799999237060547,23.100000381469727,4319
2024-04-17,22.649999618530273,23.100000381469727,22.649999618530273,22.899999618530273,1879
2024-04-18,22.950000762939453,23.100000381469727,22.899999618530273,22.899999618530273,1993
2024-04-19,22.899999618530273,22.950000762939453,22.700000762939453,22.700000762939453,3141
2024-04-22,22.75,23.0,22.5,22.700000762939453,1679
2024-04-23,22.700000762939453,23.049999237060547,22.399999618530273,22.399999618530273,1805
2024-04-24,22.399999618530273,23.0,22.399999618530273,22.700000762939453,2150
2024-04-25,22.700000762939453,22.850000381469727,22.600000381469727,22.700000762939453,1372
2024-04-26,22.649999618530273,22.799999237060547,22.5,22.799999237060547,876
2024-04-29,22.75,22.799999237060547,22.5,22.75,791
2024-04-30,22.5,22.799999237060547,22.25,22.700000762939453,585
2024-05-02,22.700000762939453,22.799999237060547,22.700000762939453,22.700000762939453,447
2024-05-06,22.600000381469727,22.700000762939453,21.799999237060547,22.200000762939453,7918
2024-05-07,21.700000762939453,21.700000762939453,21.200000762939453,21.450000762939453,15293
2024-05-08,21.700000762939453,22.149999618530273,21.600000381469727,21.799999237060547,2972
2024-05-09,21.799999237060547,22.200000762939453,21.799999237060547,21.899999618530273,5051
2024-05-10,21.200000762939453,21.649999618530273,21.200000762939453,21.649999618530273,18671
2024-05-13,21.600000381469727,21.600000381469727,21.299999237060547,21.350000381469727,3430
2024-05-14,21.299999237060547,21.350000381469727,21.200000762939453,21.299999237060547,5304
2024-05-15,21.350000381469727,21.950000762939453,21.350000381469727,21.850000381469727,8895
2024-05-16,21.799999237060547,22.350000381469727,21.549999237060547,21.549999237060547,10904
2024-05-17,21.450000762939453,22.0,21.299999237060547,21.850000381469727,5831
2024-05-20,21.850000381469727,21.850000381469727,21.149999618530273,21.200000762939453,20562
2024-05-21,21.149999618530273,21.149999618530273,20.549999237060547,20.600000381469727,21376
2024-05-22,20.600000381469727,20.600000381469727,19.940000534057617,19.940000534057617,14832
2024-05-23,19.940000534057617,20.600000381469727,19.860000610351562,20.0,9857
2024-05-24,20.0,20.200000762939453,19.899999618530273,20.100000381469727,2758
2024-05-27,19.959999084472656,20.149999618530273,19.719999313354492,20.100000381469727,2060
2024-05-28,20.149999618530273,20.600000381469727,20.100000381469727,20.549999237060547,8941
2024-05-29,20.5,20.5,20.299999237060547,20.299999237060547,704
2024-05-31,20.350000381469727,20.600000381469727,20.049999237060547,20.299999237060547,4083
2024-06-03,20.299999237060547,20.600000381469727,20.100000381469727,20.549999237060547,1575
2024-06-04,20.549999237060547,20.549999237060547,20.149999618530273,20.299999237060547,1661
2024-06-05,20.299999237060547,20.549999237060547,20.25,20.350000381469727,2119
2024-06-06,20.549999237060547,20.549999237060547,20.25,20.25,1991
2024-06-07,20.299999237060547,20.299999237060547,20.149999618530273,20.299999237060547,932
2024-06-10,20.299999237060547,20.299999237060547,20.25,20.299999237060547,2232
2024-06-11,20.299999237060547,20.299999237060547,20.100000381469727,20.299999237060547,1756
2024-06-12,20.299999237060547,20.299999237060547,20.0,20.299999237060547,7291
2024-06-13,20.049999237060547,20.200000762939453,20.0,20.0,1955
2024-06-14,20.0,20.25,20.0,20.200000762939453,1174
2024-06-17,20.149999618530273,20.299999237060547,20.0,20.200000762939453,1572
2024-06-18,20.299999237060547,20.299999237060547,20.200000762939453,20.25,1416
2024-06-19,20.200000762939453,20.299999237060547,20.049999237060547,20.149999618530273,1733
2024-06-20,20.25,20.299999237060547,20.149999618530273,20.25,794
2024-06-21,20.149999618530273,20.25,19.959999084472656,20.0,3576
2024-06-24,20.0,20.149999618530273,19.959999084472656,20.049999237060547,1488
2024-06-25,20.100000381469727,20.149999618530273,20.0,20.100000381469727,1235
2024-06-26,20.100000381469727,20.299999237060547,20.0,20.200000762939453,8883
2024-06-27,20.200000762939453,20.25,20.100000381469727,20.100000381469727,2587
2024-06-28,20.200000762939453,20.600000381469727,20.200000762939453,20.350000381469727,7471
2024-07-01,20.450000762939453,20.450000762939453,20.100000381469727,20.299999237060547,4035
2024-07-02,20.299999237060547,20.350000381469727,20.149999618530273,20.149999618530273,3949
2024-07-03,20.25,20.299999237060547,20.0,20.049999237060547,8593
2024-07-04,20.100000381469727,20.350000381469727,20.0,20.200000762939453,3363
2024-07-05,20.149999618530273,20.350000381469727,20.149999618530273,20.299999237060547,1211
2024-07-08,20.299999237060547,20.450000762939453,20.200000762939453,20.450000762939453,5165
2024-07-09,20.399999618530273,20.399999618530273,20.25,20.299999237060547,1244
2024-07-10,20.399999618530273,20.549999237060547,20.149999618530273,20.399999618530273,3973
2024-07-11,20.5,20.5,20.299999237060547,20.299999237060547,1037
2024-07-12,20.5,20.549999237060547,20.299999237060547,20.450000762939453,4043
2024-07-15,20.450000762939453,20.5,20.299999237060547,20.399999618530273,2126
2024-07-16,20.399999618530273,20.450000762939453,20.299999237060547,20.350000381469727,3255
2024-07-17,20.299999237060547,20.350000381469727,19.899999618530273,20.049999237060547,8924
2024-07-18,20.0,20.25,20.0,20.100000381469727,872
2024-07-19,20.200000762939453,20.200000762939453,19.799999237060547,20.049999237060547,2677
2024-07-22,20.049999237060547,20.450000762939453,20.049999237060547,20.200000762939453,3145
2024-07-23,20.350000381469727,20.399999618530273,20.049999237060547,20.25,2146
2024-07-24,20.299999237060547,20.299999237060547,20.049999237060547,20.100000381469727,1470
2024-07-25,20.100000381469727,20.350000381469727,19.979999542236328,20.299999237060547,4415
2024-07-26,20.350000381469727,20.399999618530273,19.979999542236328,20.0,5935
2024-07-29,20.149999618530273,20.149999618530273,19.799999237060547,19.979999542236328,8616
2024-07-30,20.0,20.0,19.799999237060547,19.84000015258789,10348
2024-07-31,19.799999237060547,20.0,19.799999237060547,19.899999618530273,2712
2024-08-01,19.8799991607666,19.8799991607666,19.5,19.600000381469727,6942
2024-08-02,19.700000762939453,19.860000610351562,19.600000381469727,19.799999237060547,2930
2024-08-05,19.799999237060547,19.799999237060547,18.8799991607666,19.0,8770
2024-08-06,19.219999313354492,19.360000610351562,19.219999313354492,19.260000228881836,3132
2024-08-07,19.299999237060547,19.299999237060547,19.0,19.239999771118164,1937
2024-08-08,19.239999771118164,19.34000015258789,19.219999313354492,19.299999237060547,1260
2024-08-09,19.31999969482422,19.579999923706055,19.299999237060547,19.520000457763672,1679
2024-08-12,19.139999389648438,19.760000228881836,19.139999389648438,19.760000228881836,2686
2024-08-13,19.760000228881836,19.780000686645508,19.459999084472656,19.700000762939453,834
2024-08-14,19.780000686645508,19.799999237060547,19.579999923706055,19.639999389648438,1020
2024-08-16,19.600000381469727,19.899999618530273,19.5,19.8799991607666,1853
2024-08-19,19.860000610351562,20.0,19.540000915527344,20.0,3305
2024-08-20,19.979999542236328,20.299999237060547,19.81999969482422,20.100000381469727,4552
2024-08-21,20.200000762939453,21.450000762939453,20.200000762939453,20.600000381469727,7138
2024-08-22,20.5,21.399999618530273,20.5,21.049999237060547,5291
2024-08-23,21.100000381469727,21.399999618530273,20.850000381469727,21.25,3928
2024-08-26,21.0,21.25,20.850000381469727,20.950000762939453,2750
2024-08-27,21.100000381469727,21.100000381469727,20.799999237060547,21.049999237060547,384
2024-08-28,21.0,21.25,21.0,21.100000381469727,2102
2024-08-29,21.0,21.149999618530273,20.799999237060547,21.149999618530273,1377
2024-08-30,20.899999618530273,21.0,20.399999618530273,21.0,7213
2024-09-02,20.950000762939453,21.149999618530273,20.649999618530273,21.0,3173
2024-09-03,21.0,21.299999237060547,20.799999237060547,21.149999618530273,7859
2024-09-04,21.149999618530273,21.200000762939453,21.0,21.149999618530273,1580
2024-09-05,20.899999618530273,21.049999237060547,20.850000381469727,20.850000381469727,3386
2024-09-06,20.799999237060547,21.0,20.399999618530273,20.700000762939453,13561
2024-09-09,21.0,21.0,20.700000762939453,20.700000762939453,7848
2024-09-10,20.700000762939453,20.899999618530273,20.5,20.700000762939453,1423
2024-09-11,20.700000762939453,20.700000762939453,20.399999618530273,20.450000762939453,768
2024-09-12,20.549999237060547,21.0,20.299999237060547,20.5,7837
2024-09-13,20.5,21.200000762939453,20.5,21.0,7177
2024-09-16,21.149999618530273,21.450000762939453,21.0,21.100000381469727,8680
2024-09-17,21.299999237060547,21.299999237060547,21.0,21.100000381469727,1079
2024-09-18,21.200000762939453,21.200000762939453,21.0,21.149999618530273,2177
2024-09-19,21.200000762939453,21.25,21.0,21.149999618530273,2028
2024-09-20,21.200000762939453,21.200000762939453,20.950000762939453,21.100000381469727,20684
2024-09-23,19.899999618530273,20.899999618530273,19.540000915527344,20.399999618530273,37108
2024-09-24,20.399999618530273,20.799999237060547,20.399999618530273,20.700000762939453,5808
2024-09-25,20.399999618530273,20.700000762939453,20.399999618530273,20.5,1183
2024-09-26,20.5,20.600000381469727,20.450000762939453,20.450000762939453,551
2024-09-27,20.25,20.5,20.0,20.100000381469727,2614
2024-09-30,20.100000381469727,20.350000381469727,20.100000381469727,20.200000762939453,107
2024-10-01,20.149999618530273,20.200000762939453,20.0,20.0,2756
2024-10-02,20.0,20.700000762939453,20.0,20.600000381469727,9678
2024-10-03,20.649999618530273,20.649999618530273,20.299999237060547,20.350000381469727,365
2024-10-04,20.299999237060547,20.5,20.299999237060547,20.5,880
2024-10-07,20.450000762939453,20.450000762939453,20.100000381469727,20.299999237060547,10630
2024-10-08,20.0,20.649999618530273,20.0,20.600000381469727,9528
2024-10-09,20.549999237060547,20.700000762939453,20.5,20.700000762939453,8465
2024-10-10,20.700000762939453,20.75,20.600000381469727,20.649999618530273,774
2024-10-11,20.25,20.600000381469727,20.25,20.450000762939453,1523
2024-10-14,20.700000762939453,20.700000762939453,20.299999237060547,20.600000381469727,6722
2024-10-15,20.350000381469727,20.75,20.350000381469727,20.700000762939453,1548
2024-10-16,20.700000762939453,20.700000762939453,20.399999618530273,20.450000762939453,310
2024-10-17,20.399999618530273,20.450000762939453,19.899999618530273,20.450000762939453,12947
2024-10-18,20.100000381469727,20.450000762939453,20.100000381469727,20.299999237060547,2057
2024-10-21,20.25,20.549999237060547,20.049999237060547,20.200000762939453,2698
2024-10-22,20.450000762939453,20.450000762939453,20.0,20.100000381469727,519
2024-10-23,20.200000762939453,20.600000381469727,20.200000762939453,20.600000381469727,4305
2024-10-24,20.600000381469727,20.600000381469727,20.100000381469727,20.200000762939453,492
2024-10-25,20.5,20.5,20.100000381469727,20.100000381469727,5527
2024-10-28,20.100000381469727,20.350000381469727,20.100000381469727,20.350000381469727,1799
2024-10-29,20.350000381469727,20.350000381469727,20.299999237060547,20.350000381469727,1439
2024-10-30,20.200000762939453,20.350000381469727,20.100000381469727,20.149999618530273,447
2024-10-31,20.100000381469727,20.299999237060547,19.299999237060547,20.149999618530273,10339
2024-11-04,20.149999618530273,20.350000381469727,19.5,20.350000381469727,2967
2024-11-05,20.350000381469727,20.350000381469727,20.0,20.299999237060547,206
2024-11-06,20.299999237060547,20.350000381469727,20.200000762939453,20.200000762939453,599
2024-11-07,20.350000381469727,20.350000381469727,20.299999237060547,20.350000381469727,391
2024-11-08,20.100000381469727,20.399999618530273,20.049999237060547,20.049999237060547,7074
2024-11-12,20.0,20.350000381469727,19.899999618530273,20.299999237060547,213
2024-11-13,20.299999237060547,20.350000381469727,19.899999618530273,20.25,22348
2024-11-14,20.200000762939453,20.200000762939453,19.920000076293945,20.200000762939453,6354
2024-11-15,20.200000762939453,20.200000762939453,19.899999618530273,20.149999618530273,7010
2024-11-18,20.149999618530273,20.149999618530273,19.899999618530273,20.0,1103
2024-11-19,19.959999084472656,20.149999618530273,19.84000015258789,19.860000610351562,645
2024-11-20,19.84000015258789,19.84000015258789,19.559999465942383,19.559999465942383,679
2024-11-21,19.540000915527344,19.559999465942383,19.5,19.5,3529
2024-11-22,19.579999923706055,19.84000015258789,19.579999923706055,19.799999237060547,2271
2024-11-25,19.600000381469727,20.0,19.100000381469727,19.559999465942383,4637
2024-11-26,19.719999313354492,20.149999618530273,19.719999313354492,20.0,3246
2024-11-27,20.100000381469727,20.25,20.0,20.0,6860
2024-11-28,20.0,20.200000762939453,19.899999618530273,20.0,158
2024-11-29,20.149999618530273,20.149999618530273,19.6200008392334,19.6200008392334,566
2024-12-02,19.65999984741211,19.940000534057617,19.65999984741211,19.84000015258789,384
2024-12-03,19.84000015258789,19.84000015258789,19.639999389648438,19.639999389648438,249
2024-12-04,19.600000381469727,19.799999237060547,19.5,19.700000762939453,4831
2024-12-05,19.739999771118164,19.959999084472656,19.520000457763672,19.799999237060547,335
2024-12-06,19.940000534057617,19.940000534057617,19.600000381469727,19.860000610351562,1624
2024-12-09,19.860000610351562,20.200000762939453,19.600000381469727,20.200000762939453,5819
2024-12-10,20.0,20.200000762939453,19.979999542236328,20.0,64162
2024-12-11,20.200000762939453,20.350000381469727,20.0,20.350000381469727,10746
2024-12-12,20.100000381469727,20.350000381469727,20.100000381469727,20.350000381469727,1721
2024-12-13,20.350000381469727,20.399999618530273,20.299999237060547,20.399999618530273,580
2024-12-16,20.399999618530273,20.399999618530273,20.149999618530273,20.399999618530273,465
2024-12-17,20.149999618530273,20.600000381469727,20.149999618530273,20.450000762939453,10446
2024-12-18,20.5,20.600000381469727,20.399999618530273,20.549999237060547,1764
2024-12-19,20.350000381469727,20.399999618530273,19.8799991607666,20.299999237060547,3962
2024-12-20,20.299999237060547,21.0,20.299999237060547,20.899999618530273,15464
2024-12-23,21.0,21.700000762939453,20.899999618530273,21.700000762939453,12234
2024-12-27,21.700000762939453,22.700000762939453,21.5,22.700000762939453,23230
2024-12-30,23.5,23.75,22.350000381469727,23.399999618530273,31373
2025-01-02,23.299999237060547,23.450000762939453,22.0,22.399999618530273,11445
2025-01-03,22.5,23.0,22.450000762939453,22.549999237060547,4133
2025-01-07,22.549999237060547,22.600000381469727,22.0,22.299999237060547,2051
2025-01-08,22.25,22.25,21.450000762939453,21.75,2201
2025-01-09,21.850000381469727,22.149999618530273,21.450000762939453,21.549999237060547,331
2025-01-10,21.450000762939453,21.799999237060547,21.0,21.350000381469727,5113
2025-01-13,21.299999237060547,21.649999618530273,21.25,21.649999618530273,375
2025-01-14,21.799999237060547,22.0,21.549999237060547,22.0,2821
2025-01-15,22.0,22.200000762939453,21.549999237060547,22.200000762939453,1897
2025-01-16,22.200000762939453,22.600000381469727,22.200000762939453,22.600000381469727,5319
2025-01-17,22.600000381469727,22.799999237060547,22.600000381469727,22.799999237060547,1881
2025-01-20,22.75,22.75,22.200000762939453,22.399999618530273,1477
2025-01-21,22.399999618530273,22.5,21.899999618530273,22.25,14437
2025-01-22,22.25,22.399999618530273,21.799999237060547,22.25,1673
2025-01-23,22.299999237060547,22.399999618530273,22.299999237060547,22.350000381469727,1549
2025-01-24,22.549999237060547,22.799999237060547,22.149999618530273,22.5,4502
2025-01-27,22.5,22.5,22.399999618530273,22.5,658
2025-01-28,22.200000762939453,22.850000381469727,22.100000381469727,22.850000381469727,3476
2025-01-29,22.899999618530273,23.0,22.5,22.899999618530273,5651
2025-01-30,23.100000381469727,23.200000762939453,22.5,23.049999237060547,7845
2025-01-31,23.0,23.0,22.5,22.850000381469727,4788
2025-02-03,22.75,22.75,21.899999618530273,22.149999618530273,23338
2025-02-04,22.149999618530273,22.5,22.049999237060547,22.5,1535
2025-02-05,22.450000762939453,22.75,22.450000762939453,22.700000762939453,5836
2025-02-06,22.75,23.0,22.25,22.899999618530273,24552
2025-02-07,22.899999618530273,22.950000762939453,22.549999237060547,22.950000762939453,1585
2025-02-10,22.950000762939453,22.950000762939453,22.700000762939453,22.899999618530273,601
2025-02-11,22.899999618530273,22.950000762939453,22.700000762939453,22.850000381469727,824
2025-02-12,22.850000381469727,23.200000762939453,22.850000381469727,23.0,5796
2025-02-13,23.200000762939453,23.399999618530273,22.899999618530273,23.200000762939453,4582
2025-02-14,23.399999618530273,23.399999618530273,23.0,23.0,1105
2025-02-17,23.0,23.200000762939453,22.899999618530273,23.100000381469727,38501
2025-02-18,23.100000381469727,23.200000762939453,23.0,23.100000381469727,4755
2025-02-19,23.100000381469727,23.25,22.950000762939453,23.100000381469727,105381
2025-02-20,23.100000381469727,23.25,22.899999618530273,23.149999618530273,159431
2025-02-21,23.100000381469727,23.200000762939453,23.100000381469727,23.149999618530273,762
2025-02-24,23.0,23.25,22.950000762939453,23.200000762939453,53728
2025-02-25,23.0,23.299999237060547,23.0,23.200000762939453,101515
2025-02-26,23.200000762939453,23.299999237060547,23.100000381469727,23.200000762939453,44158
2025-02-27,23.350000381469727,23.350000381469727,23.200000762939453,23.200000762939453,15308
2025-02-28,23.049999237060547,23.25,22.899999618530273,23.200000762939453,69256
2025-03-03,23.200000762939453,23.200000762939453,22.899999618530273,23.100000381469727,16486
2025-03-04,23.0,23.0,22.649999618530273,22.850000381469727,10299
2025-03-05,22.799999237060547,23.049999237060547,22.649999618530273,23.049999237060547,4870
2025-03-06,23.149999618530273,23.149999618530273,22.75,23.0,5689
2025-03-07,23.0,23.049999237060547,22.899999618530273,23.049999237060547,1247
2025-03-10,23.200000762939453,23.200000762939453,22.899999618530273,23.100000381469727,7165
2025-03-11,23.200000762939453,23.299999237060547,23.0,23.25,2632
2025-03-12,23.200000762939453,23.25,23.100000381469727,23.200000762939453,94408
2025-03-13,23.200000762939453,23.25,23.049999237060547,23.149999618530273,5052
2025-03-14,23.049999237060547,23.200000762939453,22.950000762939453,23.0,2374
2025-03-17,23.0,23.100000381469727,22.899999618530273,23.100000381469727,2898
2025-03-18,22.950000762939453,23.100000381469727,22.649999618530273,22.950000762939453,4499
2025-03-19,22.950000762939453,22.950000762939453,22.649999618530273,22.899999618530273,1024
2025-03-20,22.899999618530273,23.0,22.700000762939453,22.899999618530273,1715
2025-03-21,22.549999237060547,22.549999237060547,21.100000381469727,22.299999237060547,23463
2025-03-24,22.0,22.0,21.649999618530273,21.950000762939453,7656
2025-03-25,21.600000381469727,21.850000381469727,21.600000381469727,21.799999237060547,11541
2025-03-26,21.700000762939453,21.700000762939453,21.25,21.399999618530273,2351
2025-03-27,21.299999237060547,21.299999237060547,20.350000381469727,20.600000381469727,13558
2025-03-28,20.5,20.799999237060547,20.399999618530273,20.600000381469727,5031
2025-03-31,20.700000762939453,20.950000762939453,20.700000762939453,20.950000762939453,4198
2025-04-01,20.899999618530273,21.200000762939453,20.899999618530273,21.0,1886
2025-04-02,20.600000381469727,21.700000762939453,20.600000381469727,21.5,4047
2025-04-03,21.0,22.0,21.0,21.5,13466
2025-04-04,21.399999618530273,22.0,21.100000381469727,21.399999618530273,12825
2025-04-07,21.100000381469727,21.100000381469727,19.200000762939453,20.5,4543
2025-04-08,20.5,20.600000381469727,20.200000762939453,20.5,11810
2025-04-09,20.100000381469727,20.399999618530273,19.899999618530273,20.100000381469727,4748
2025-04-10,20.299999237060547,20.399999618530273,20.100000381469727,20.399999618530273,4167
2025-04-11,20.100000381469727,20.299999237060547,19.899999618530273,20.200000762939453,1294
2025-04-14,20.200000762939453,20.200000762939453,19.799999237060547,20.0,1206
2025-04-15,19.899999618530273,19.899999618530273,19.649999618530273,19.899999618530273,1890
2025-04-16,19.799999237060547,19.950000762939453,19.5,19.899999618530273,1310
2025-04-17,19.850000381469727,20.0,19.600000381469727,19.950000762939453,5524
2025-04-22,19.950000762939453,20.399999618530273,19.950000762939453,20.299999237060547,4529
2025-04-23,20.299999237060547,20.399999618530273,20.0,20.0,9974
2025-04-24,19.950000762939453,20.0,19.899999618530273,19.899999618530273,2338
2025-04-25,20.0,20.0,19.899999618530273,19.950000762939453,2867
2025-04-28,20.0,20.799999237060547,19.950000762939453,20.200000762939453,7116
2025-04-29,20.299999237060547,20.399999618530273,20.200000762939453,20.399999618530273,454
2025-04-30,20.399999618530273,20.399999618530273,20.200000762939453,20.200000762939453,712
2025-05-02,20.200000762939453,21.399999618530273,20.200000762939453,20.899999618530273,10982
2025-05-05,21.399999618530273,21.399999618530273,20.799999237060547,21.200000762939453,1745
2025-05-06,21.299999237060547,21.299999237060547,20.600000381469727,20.899999618530273,10299
2025-05-07,20.700000762939453,21.200000762939453,20.700000762939453,21.200000762939453,362
2025-05-08,21.299999237060547,21.299999237060547,20.799999237060547,21.299999237060547,1470
2025-05-09,21.299999237060547,21.5,21.200000762939453,21.5,1197
2025-05-12,21.299999237060547,21.399999618530273,21.200000762939453,21.200000762939453,2243
2025-05-13,21.5,21.799999237060547,21.299999237060547,21.399999618530273,7752
2025-05-14,21.600000381469727,21.799999237060547,21.399999618530273,21.600000381469727,1259
2025-05-15,21.899999618530273,21.899999618530273,21.700000762939453,21.700000762939453,1572
2025-05-16,21.799999237060547,22.5,21.299999237060547,21.399999618530273,46105
2025-05-19,21.299999237060547,21.700000762939453,21.100000381469727,21.700000762939453,26567
2025-05-20,21.799999237060547,22.0,21.5,21.899999618530273,10280
2025-05-21,21.799999237060547,22.0,21.799999237060547,21.899999618530273,1584
2025-05-22,22.0,22.299999237060547,21.899999618530273,22.100000381469727,7057
2025-05-23,22.100000381469727,22.299999237060547,22.0,22.200000762939453,2067
2025-05-26,22.200000762939453,22.200000762939453,22.0,22.200000762939453,147
2025-05-27,22.100000381469727,22.200000762939453,22.0,22.200000762939453,1339
2025-05-28,22.200000762939453,22.200000762939453,22.0,22.0,677
2025-05-29,22.0,22.100000381469727,22.0,22.0,281
2025-05-30,22.0,22.399999618530273,22.0,22.399999618530273,2135
2025-06-02,22.299999237060547,22.299999237060547,22.0,22.0,1588
2025-06-03,22.100000381469727,22.200000762939453,22.0,22.100000381469727,1653
2025-06-04,22.0,22.200000762939453,22.0,22.200000762939453,1235
2025-06-05,22.200000762939453,22.200000762939453,22.100000381469727,22.200000762939453,1301
2025-06-06,22.200000762939453,22.200000762939453,21.799999237060547,22.200000762939453,25019
2025-06-09,22.0,22.299999237060547,22.0,22.200000762939453,589
2025-06-10,22.200000762939453,22.299999237060547,22.0,22.0,896
2025-06-11,22.399999618530273,22.399999618530273,22.0,22.200000762939453,1587
2025-06-12,22.200000762939453,22.200000762939453,22.0,22.0,327
2025-06-13,22.0,22.200000762939453,22.0,22.0,2744
2025-06-16,22.200000762939453,22.200000762939453,22.0,22.0,470
2025-06-17,22.100000381469727,22.200000762939453,22.0,22.200000762939453,1596
2025-06-18,22.0,22.200000762939453,22.0,22.200000762939453,688
2025-06-20,22.0,22.899999618530273,22.0,22.899999618530273,5680
2025-06-23,22.899999618530273,23.0,22.5,22.799999237060547,11608
2025-06-24,22.5,23.0,22.5,22.5,847
2025-06-25,22.5,22.799999237060547,22.399999618530273,22.600000381469727,1206
2025-06-26,22.399999618530273,22.600000381469727,22.399999618530273,22.600000381469727,1988
2025-06-27,22.600000381469727,22.899999618530273,22.399999618530273,22.899999618530273,2512
2025-06-30,23.0,23.0,22.5,22.899999618530273,621
2025-07-01,22.899999618530273,22.899999618530273,22.600000381469727,22.600000381469727,55
2025-07-02,22.600000381469727,22.799999237060547,22.600000381469727,22.700000762939453,449
2025-07-03,22.799999237060547,22.799999237060547,22.600000381469727,22.799999237060547,581
2025-07-04,22.799999237060547,22.799999237060547,22.600000381469727,22.700000762939453,720
2025-07-07,22.799999237060547,23.0,22.5,22.600000381469727,1215
2025-07-08,22.700000762939453,22.799999237060547,22.5,22.700000762939453,641
2025-07-09,22.799999237060547,22.799999237060547,22.5,22.799999237060547,327
2025-07-10,22.799999237060547,22.799999237060547,22.600000381469727,22.700000762939453,7965
2025-07-11,22.700000762939453,22.799999237060547,22.600000381469727,22.799999237060547,7858
2025-07-14,22.799999237060547,22.799999237060547,22.5,22.5,681
2025-07-15,22.5,22.899999618530273,22.5,22.899999618530273,1061
2025-07-16,22.600000381469727,22.899999618530273,22.600000381469727,22.600000381469727,2484
2025-07-17,22.600000381469727,22.899999618530273,22.600000381469727,22.600000381469727,3754
2025-07-18,22.799999237060547,22.899999618530273,22.600000381469727,22.899999618530273,295
2025-07-21,22.899999618530273,23.0,22.799999237060547,23.0,3502
2025-07-22,22.899999618530273,23.0,22.799999237060547,22.799999237060547,1698
2025-07-23,23.0,23.100000381469727,22.899999618530273,22.899999618530273,1285
2025-07-24,23.100000381469727,23.299999237060547,23.100000381469727,23.200000762939453,1604
2025-07-25,23.399999618530273,23.399999618530273,23.0,23.200000762939453,2640
2025-07-28,23.399999618530273,23.5,23.200000762939453,23.399999618530273,11018
2025-07-29,23.399999618530273,23.399999618530273,23.200000762939453,23.399999618530273,252
2025-07-30,23.399999618530273,23.5,23.200000762939453,23.299999237060547,5747
2025-07-31,23.5,23.5,23.299999237060547,23.299999237060547,1058
2025-08-01,23.399999618530273,23.399999618530273,23.200000762939453,23.399999618530273,3026
2025-08-04,23.399999618530273,23.5,23.299999237060547,23.5,2480
2025-08-05,23.299999237060547,23.5,23.299999237060547,23.399999618530273,1455
2025-08-06,23.299999237060547,23.700000762939453,23.299999237060547,23.700000762939453,8836
2025-08-07,23.700000762939453,23.799999237060547,23.399999618530273,23.5,3600
2025-08-08,23.600000381469727,23.899999618530273,23.600000381469727,23.799999237060547,4061
2025-08-11,23.799999237060547,23.899999618530273,23.700000762939453,23.899999618530273,1885
2025-08-12,23.899999618530273,23.899999618530273,23.700000762939453,23.799999237060547,3558
2025-08-13,23.899999618530273,23.899999618530273,23.799999237060547,23.899999618530273,11544
2025-08-14,23.799999237060547,23.799999237060547,23.700000762939453,23.799999237060547,1158
2025-08-18,23.799999237060547,23.799999237060547,23.700000762939453,23.799999237060547,2996
2025-08-19,23.799999237060547,23.899999618530273,23.700000762939453,23.799999237060547,4108
2025-08-20,23.799999237060547,23.899999618530273,23.700000762939453,23.899999618530273,6367
2025-08-21,23.899999618530273,23.899999618530273,23.799999237060547,23.899999618530273,1420
2025-08-22,23.899999618530273,24.799999237060547,23.799999237060547,24.5,23533
2025-08-25,24.600000381469727,25.799999237060547,24.5,25.5,12979
2025-08-26,25.600000381469727,25.799999237060547,25.200000762939453,25.200000762939453,5624
2025-08-27,25.200000762939453,25.200000762939453,24.5,24.899999618530273,4198
2025-08-28,25.0,25.399999618530273,24.600000381469727,25.399999618530273,4649
2025-08-29,25.399999618530273,25.399999618530273,25.0,25.399999618530273,1958
2025-09-01,25.299999237060547,25.299999237060547,25.0,25.299999237060547,7643
2025-09-02,25.299999237060547,25.600000381469727,25.299999237060547,25.399999618530273,5747
2025-09-03,25.5,25.600000381469727,25.0,25.5,4860
2025-09-04,25.5,25.5,25.100000381469727,25.200000762939453,5677
2025-09-05,25.200000762939453,25.5,25.0,25.100000381469727,5298
2025-09-08,25.100000381469727,25.399999618530273,24.899999618530273,25.399999618530273,9804
2025-09-09,24.299999237060547,24.5,23.299999237060547,24.399999618530273,19518
2025-09-10,24.0,24.0,22.600000381469727,23.0,9707
2025-09-11,23.100000381469727,23.200000762939453,22.700000762939453,22.799999237060547,3103
2025-09-12,22.700000762939453,23.200000762939453,22.700000762939453,23.100000381469727,1277
2025-09-15,23.200000762939453,23.200000762939453,22.600000381469727,22.899999618530273,2470
2025-09-16,22.600000381469727,23.0,22.5,22.899999618530273,1943
2025-09-17,22.799999237060547,22.799999237060547,22.0,22.5,4656
2025-09-18,22.5,22.5,22.100000381469727,22.5,1007
2025-09-19,22.700000762939453,23.200000762939453,22.0,23.200000762939453,7027
2025-09-22,22.899999618530273,23.200000762939453,22.799999237060547,23.200000762939453,6395
2025-09-23,23.200000762939453,23.200000762939453,23.0,23.100000381469727,4135
2025-09-24,23.100000381469727,23.100000381469727,22.799999237060547,23.0,4861
2025-09-25,23.0,23.0,22.600000381469727,22.899999618530273,2703
2025-09-26,22.899999618530273,23.0,22.600000381469727,23.0,797
2025-09-29,23.0,23.0,22.5,22.600000381469727,2903
2025-09-30,22.600000381469727,22.799999237060547,22.399999618530273,22.5,1629
2025-10-01,22.5,22.799999237060547,22.299999237060547,22.700000762939453,1299
2025-10-02,22.600000381469727,22.799999237060547,22.399999618530273,22.399999618530273,17128
2025-10-03,22.399999618530273,22.700000762939453,22.100000381469727,22.200000762939453,18110
2025-10-06,22.200000762939453,22.399999618530273,21.799999237060547,21.899999618530273,15854
2025-10-07,22.0,22.0,21.100000381469727,21.5,5114
2025-10-08,21.600000381469727,21.700000762939453,21.200000762939453,21.399999618530273,3637
2025-10-09,21.399999618530273,21.399999618530273,21.0,21.299999237060547,2023
2025-10-10,21.399999618530273,21.799999237060547,21.100000381469727,21.700000762939453,13831
2025-10-13,21.799999237060547,22.0,21.600000381469727,21.899999618530273,2030
2025-10-14,21.899999618530273,21.899999618530273,21.600000381469727,21.799999237060547,80
2025-10-15,21.799999237060547,21.799999237060547,21.5,21.799999237060547,858
2025-10-16,21.600000381469727,21.799999237060547,21.399999618530273,21.799999237060547,306
2025-10-17,21.600000381469727,21.799999237060547,21.399999618530273,21.5,423
2025-10-20,21.5,21.899999618530273,21.5,21.600000381469727,542
2025-10-21,21.600000381469727,21.899999618530273,21.600000381469727,21.799999237060547,597
2025-10-22,22.200000762939453,22.200000762939453,21.899999618530273,22.100000381469727,1250
2025-10-23,22.200000762939453,22.200000762939453,21.700000762939453,22.0,1205
2025-10-24,22.0,22.200000762939453,21.799999237060547,22.200000762939453,180
2025-10-27,21.899999618530273,21.899999618530273,21.600000381469727,21.700000762939453,6780
2025-10-28,21.600000381469727,21.799999237060547,21.5,21.700000762939453,4015
2025-10-29,21.5,21.5,21.200000762939453,21.399999618530273,1404
2025-10-30,21.200000762939453,21.399999618530273,21.100000381469727,21.399999618530273,803
2025-10-31,21.5,21.5,21.200000762939453,21.5,257
2025-11-03,21.399999618530273,21.399999618530273,21.100000381469727,21.200000762939453,1918
2025-11-04,21.100000381469727,21.200000762939453,21.0,21.0,1298
2025-11-05,21.100000381469727,21.200000762939453,20.899999618530273,21.100000381469727,1778
2025-11-06,21.100000381469727,21.100000381469727,21.100000381469727,21.100000381469727,762
2025-11-07,21.100000381469727,21.100000381469727,20.899999618530273,21.100000381469727,1038
2025-11-10,21.200000762939453,21.200000762939453,20.399999618530273,20.899999618530273,6144
2025-11-12,20.899999618530273,20.899999618530273,20.299999237060547,20.700000762939453,4829
2025-11-13,20.700000762939453,20.700000762939453,20.399999618530273,20.5,553
2025-11-14,20.5,20.700000762939453,20.399999618530273,20.700000762939453,2093
2025-11-17,20.799999237060547,20.799999237060547,20.299999237060547,20.299999237060547,1620
2025-11-18,20.299999237060547,20.5,20.200000762939453,20.299999237060547,1609
2025-11-19,20.200000762939453,20.299999237060547,20.100000381469727,20.299999237060547,1697
2025-11-20,20.200000762939453,20.399999618530273,20.100000381469727,20.399999618530273,3421
2025-11-21,20.200000762939453,20.399999618530273,20.100000381469727,20.200000762939453,2169
2025-11-24,20.299999237060547,20.299999237060547,20.100000381469727,20.200000762939453,960
2025-11-25,20.200000762939453,20.299999237060547,20.100000381469727,20.200000762939453,2870
2025-11-26,20.100000381469727,20.200000762939453,19.899999618530273,20.0,4447
2025-11-27,20.100000381469727,20.100000381469727,19.799999237060547,19.899999618530273,2156
2025-11-28,19.899999618530273,20.100000381469727,19.799999237060547,20.0,5786
2025-12-01,20.200000762939453,20.200000762939453,19.950000762939453,20.200000762939453,1780
2025-12-02,20.200000762939453,20.200000762939453,20.100000381469727,20.100000381469727,1141
2025-12-03,20.100000381469727,20.299999237060547,19.899999618530273,20.100000381469727,2866
2025-12-04,19.950000762939453,20.100000381469727,19.799999237060547,20.0,1900
2025-12-05,20.0,20.0,19.649999618530273,19.899999618530273,1709
2025-12-08,20.100000381469727,20.100000381469727,19.799999237060547,19.950000762939453,2525
2025-12-09,19.950000762939453,19.950000762939453,19.75,19.950000762939453,603
2025-12-10,19.950000762939453,19.950000762939453,19.799999237060547,19.950000762939453,1837
2025-12-11,19.950000762939453,20.0,19.75,20.0,4575
2025-12-12,20.0,20.0,19.850000381469727,20.0,3275
2025-12-15,20.0,20.200000762939453,19.899999618530273,20.200000762939453,4078
2025-12-16,20.299999237060547,20.299999237060547,20.0,20.200000762939453,2605
2025-12-17,20.200000762939453,20.399999618530273,20.100000381469727,20.399999618530273,2826
2025-12-18,20.399999618530273,20.399999618530273,19.799999237060547,20.100000381469727,3983
2025-12-19,19.799999237060547,20.100000381469727,19.799999237060547,20.100000381469727,4354
2025-12-22,19.850000381469727,20.200000762939453,19.799999237060547,20.100000381469727,1826
2025-12-23,20.100000381469727,20.399999618530273,20.0,20.299999237060547,4051
2025-12-29,20.0,20.299999237060547,19.850000381469727,20.100000381469727,4217
2025-12-30,20.299999237060547,21.100000381469727,19.899999618530273,21.100000381469727,29713
2026-01-02,21.0,21.5,20.899999618530273,21.5,12848
2026-01-05,21.5,21.700000762939453,21.200000762939453,21.700000762939453,21148
2026-01-07,21.799999237060547,21.799999237060547,21.299999237060547,21.5,6838
2026-01-08,22.700000762939453,23.0,22.299999237060547,22.700000762939453,42403
2026-01-09,22.799999237060547,22.799999237060547,21.799999237060547,22.399999618530273,62544
2026-01-12,22.700000762939453,22.700000762939453,22.299999237060547,22.5,5727
2026-01-13,22.5,22.700000762939453,22.399999618530273,22.399999618530273,3393
2026-01-14,22.299999237060547,22.600000381469727,22.200000762939453,22.600000381469727,1696
2026-01-15,22.600000381469727,22.700000762939453,22.200000762939453,22.299999237060547,4224
2026-01-16,22.5,22.5,22.200000762939453,22.299999237060547,4801
2026-01-19,22.299999237060547,22.5,22.299999237060547,22.299999237060547,1406
2026-01-20,22.399999618530273,22.5,22.200000762939453,22.200000762939453,1339
2026-01-21,22.200000762939453,22.399999618530273,21.799999237060547,22.200000762939453,9483
2026-01-22,22.399999618530273,22.399999618530273,22.0,22.200000762939453,1695
2026-01-23,22.100000381469727,22.200000762939453,21.899999618530273,22.100000381469727,2943
2026-01-26,22.200000762939453,22.299999237060547,21.899999618530273,21.899999618530273,814
2026-01-27,22.0,23.0,22.0,23.0,9366
2026-01-28,23.0,23.899999618530273,22.799999237060547,23.5,11298
2026-01-29,23.5,24.5,23.200000762939453,23.5,13008
2026-01-30,23.5,23.799999237060547,23.100000381469727,23.5,6689
2026-02-02,23.5,23.5,23.0,23.200000762939453,5324
2026-02-03,23.600000381469727,23.600000381469727,23.0,23.0,18218
2026-02-04,23.0,23.200000762939453,22.899999618530273,23.200000762939453,4157
2026-02-05,23.100000381469727,23.399999618530273,22.600000381469727,22.899999618530273,3075
2026-02-06,22.600000381469727,23.299999237060547,22.5,23.200000762939453,8854
2026-02-09,23.100000381469727,23.5,23.100000381469727,23.100000381469727,1301
2026-02-10,23.100000381469727,23.5,23.100000381469727,23.399999618530273,1409
2026-02-11,23.399999618530273,23.399999618530273,23.299999237060547,23.399999618530273,147
2026-02-12,23.5,23.5,23.0,23.299999237060547,2017
2026-02-13,23.0,23.299999237060547,22.899999618530273,23.299999237060547,5435
2026-02-16,22.899999618530273,23.299999237060547,22.899999618530273,23.0,272
2026-02-17,23.0,23.100000381469727,22.899999618530273,23.0,480
2026-02-18,23.100000381469727,23.100000381469727,22.799999237060547,23.0,1106
2026-02-19,23.0,23.0,22.600000381469727,22.799999237060547,3034
2026-02-20,22.700000762939453,22.700000762939453,22.0,22.200000762939453,4834
2026-02-23,22.200000762939453,22.200000762939453,21.899999618530273,22.100000381469727,1866
2026-02-24,21.899999618530273,22.0,21.600000381469727,21.899999618530273,1862
2026-02-25,21.799999237060547,23.0,21.700000762939453,22.600000381469727,3622
2026-02-26,22.700000762939453,22.700000762939453,22.399999618530273,22.600000381469727,717
2026-02-27,22.399999618530273,22.600000381469727,22.399999618530273,22.399999618530273,666
2026-03-02,22.399999618530273,22.799999237060547,22.200000762939453,22.799999237060547,2920
2026-03-03,22.700000762939453,22.700000762939453,21.600000381469727,21.700000762939453,6125
2026-03-04,21.700000762939453,22.0,21.700000762939453,22.0,842
2026-03-05,22.0,22.0,21.700000762939453,22.0,444
2026-03-06,21.799999237060547,22.0,21.100000381469727,21.5,3542
2026-03-09,21.100000381469727,21.399999618530273,21.0,21.399999618530273,2543
2026-03-10,21.399999618530273,21.399999618530273,21.100000381469727,21.399999618530273,2300
2026-03-11,21.399999618530273,21.600000381469727,21.100000381469727,21.5,675
2026-03-12,21.5,21.600000381469727,21.0,21.399999618530273,783
2026-03-13,21.399999618530273,21.399999618530273,20.600000381469727,21.200000762939453,4735
2026-03-16,21.200000762939453,21.200000762939453,20.799999237060547,21.0,502
2026-03-17,21.0,21.399999618530273,20.799999237060547,21.399999618530273,1935
2026-03-18,21.399999618530273,21.5,21.100000381469727,21.100000381469727,540
2026-03-19,21.100000381469727,21.299999237060547,20.700000762939453,20.899999618530273,1629
2026-03-20,21.600000381469727,22.799999237060547,21.0,21.0,24751
2026-03-23,21.200000762939453,21.200000762939453,20.299999237060547,21.0,12791
2026-03-24,21.100000381469727,21.200000762939453,20.799999237060547,21.0,2939
2026-03-25,21.200000762939453,21.200000762939453,20.899999618530273,21.0,480
2026-03-26,21.0,21.0,20.399999618530273,20.700000762939453,2815
2026-03-27,20.799999237060547,20.899999618530273,20.5,20.899999618530273,1137
2026-03-30,20.799999237060547,20.799999237060547,20.5,20.600000381469727,2595
2026-03-31,20.700000762939453,20.899999618530273,20.700000762939453,20.700000762939453,1299
2026-04-01,20.799999237060547,21.600000381469727,20.799999237060547,21.600000381469727,2120
2026-04-02,21.299999237060547,21.600000381469727,21.299999237060547,21.399999618530273,361
2026-04-07,21.399999618530273,21.899999618530273,21.200000762939453,21.899999618530273,4013
2026-04-08,21.899999618530273,22.0,21.700000762939453,21.700000762939453,1479
2026-04-09,21.899999618530273,21.899999618530273,21.299999237060547,21.700000762939453,1097
2026-04-10,21.799999237060547,22.0,21.5,21.799999237060547,2199
2026-04-13,21.799999237060547,22.0,21.700000762939453,21.899999618530273,2828
2026-04-14,21.700000762939453,22.0,21.700000762939453,21.799999237060547,1326
2026-04-15,21.899999618530273,22.0,21.700000762939453,21.899999618530273,1727
2026-04-16,21.899999618530273,22.200000762939453,21.700000762939453,22.200000762939453,1592
2026-04-17,22.100000381469727,22.399999618530273,22.0,22.100000381469727,1483
2026-04-20,22.0,22.0,21.799999237060547,21.799999237060547,445
2026-04-21,22.0,22.0,21.799999237060547,22.0,173
2026-04-22,22.0,22.0,21.899999618530273,22.0,138
2026-04-23,21.799999237060547,22.0,21.799999237060547,21.899999618530273,172
2026-04-24,22.0,22.0,21.600000381469727,21.600000381469727,316
2026-04-27,21.600000381469727,22.200000762939453,21.600000381469727,21.899999618530273,2126
2026-04-28,21.899999618530273,22.0,21.700000762939453,22.0,468
2026-04-29,21.799999237060547,22.0,21.299999237060547,22.0,3193
2026-04-30,22.0,22.0,21.700000762939453,21.700000762939453,209
2026-05-04,21.5,21.799999237060547,21.5,21.799999237060547,541
2026-05-05,21.600000381469727,22.0,21.600000381469727,22.0,1220
2026-05-06,22.0,22.0,21.600000381469727,21.799999237060547,1263
2026-05-07,21.899999618530273,22.0,21.399999618530273,21.600000381469727,3357
2026-05-08,21.600000381469727,21.700000762939453,21.5,21.600000381469727,885
2026-05-11,21.700000762939453,21.700000762939453,21.5,21.700000762939453,464
2026-05-12,21.700000762939453,21.700000762939453,21.5,21.700000762939453,62
2026-05-13,21.700000762939453,21.799999237060547,21.399999618530273,21.799999237060547,2265
2026-05-14,21.799999237060547,21.799999237060547,21.399999618530273,21.700000762939453,2373
2026-05-15,21.600000381469727,21.700000762939453,21.399999618530273,21.399999618530273,913
2026-05-18,21.399999618530273,21.5,21.299999237060547,21.399999618530273,2474
2026-05-19,21.5,21.600000381469727,21.5,21.5,31999
2026-05-20,21.5,21.799999237060547,21.399999618530273,21.399999618530273,921
2026-05-21,21.299999237060547,21.600000381469727,21.299999237060547,21.600000381469727,1131
2026-05-22,21.5,21.700000762939453,21.5,21.5,1911
2026-05-25,21.5,21.700000762939453,21.299999237060547,21.700000762939453,2670
2026-05-26,21.700000762939453,21.700000762939453,21.299999237060547,21.5,2109
2026-05-27,21.5,21.5,21.5,21.5,492
2026-05-28,21.600000381469727,21.799999237060547,21.5,21.700000762939453,2935
2026-05-29,21.5,21.799999237060547,21.5,21.799999237060547,1423
2026-06-01,21.799999237060547,21.799999237060547,21.5,21.5,1641
2026-06-02,21.799999237060547,21.799999237060547,21.5,21.700000762939453,582
2026-06-03,21.799999237060547,21.799999237060547,21.5,21.700000762939453,1655
2026-06-05,21.700000762939453,21.700000762939453,21.399999618530273,21.600000381469727,153
2026-06-08,21.600000381469727,21.600000381469727,21.399999618530273,21.600000381469727,335
2026-06-09,21.399999618530273,21.5,21.200000762939453,21.5,2356
2026-06-10,21.5,21.5,21.100000381469727,21.200000762939453,2207
2026-06-11,21.299999237060547,21.299999237060547,21.200000762939453,21.299999237060547,170
2026-06-12,21.299999237060547,21.299999237060547,21.100000381469727,21.299999237060547,1064
2026-06-15,21.299999237060547,21.299999237060547,20.700000762939453,20.700000762939453,4576
2026-06-16,20.899999618530273,21.0,20.799999237060547,21.0,2350
2026-06-17,21.0,21.100000381469727,21.0,21.0,1645
2026-06-18,21.100000381469727,21.100000381469727,21.0,21.100000381469727,811
2026-06-19,21.100000381469727,21.200000762939453,21.0,21.200000762939453,780
2026-06-22,21.200000762939453,21.200000762939453,21.0,21.200000762939453,180
2026-06-23,21.299999237060547,21.299999237060547,21.100000381469727,21.299999237060547,707
2026-06-24,21.200000762939453,21.200000762939453,21.0,21.200000762939453,1619
2026-06-25,21.0,21.299999237060547,21.0,21.299999237060547,959
2026-06-26,21.299999237060547,21.299999237060547,21.0,21.0,8278
2026-06-29,20.899999618530273,21.200000762939453,20.899999618530273,21.100000381469727,11810
2026-06-30,21.100000381469727,21.299999237060547,21.0,21.0,8604
2026-07-01,21.200000762939453,21.399999618530273,21.0,21.399999618530273,7120
2026-07-02,21.200000762939453,21.600000381469727,21.200000762939453,21.399999618530273,5070
2026-07-03,21.600000381469727,21.799999237060547,21.5,21.600000381469727,11427
2026-07-06,21.700000762939453,21.899999618530273,21.5,21.700000762939453,4423
2026-07-07,21.799999237060547,21.899999618530273,21.700000762939453,21.899999618530273,3723
2026-07-08,21.899999618530273,21.899999618530273,21.5,21.5,4141
2026-07-09,21.5,21.899999618530273,21.5,21.700000762939453,1788
2026-07-10,21.899999618530273,22.100000381469727,21.700000762939453,22.0,3777
2026-07-13,22.0,23.0,21.700000762939453,22.399999618530273,9333
2026-07-14,22.399999618530273,22.600000381469727,22.0,22.100000381469727,9954
2026-07-15,22.100000381469727,22.5,21.700000762939453,21.799999237060547,5320
2026-07-16,21.700000762939453,22.200000762939453,21.600000381469727,21.899999618530273,2308
2026-07-17,22.100000381469727,22.100000381469727,21.700000762939453,22.0,346
2026-07-20,21.899999618530273,22.0,21.700000762939453,22.0,4744
2026-07-21,22.0,22.0,21.700000762939453,22.0,2155
2026-07-22,22.0,22.299999237060547,21.899999618530273,22.200000762939453,1021
2026-07-23,22.399999618530273,22.399999618530273,21.899999618530273,22.100000381469727,11161
2026-07-24,22.100000381469727,22.299999237060547,22.0,22.100000381469727,1726
2026-07-27,22.100000381469727,22.299999237060547,22.0,22.100000381469727,638
2026-07-28,22.100000381469727,22.100000381469727,21.899999618530273,22.0,967
2026-07-29,22.100000381469727,22.100000381469727,21.899999618530273,22.0,2100
2026-07-30,22.0,22.200000762939453,21.899999618530273,22.100000381469727,1313
2026-07-31,22.100000381469727,22.200000762939453,21.799999237060547,22.0,3303
2026-08-03,22.0,22.200000762939453,22.0,22.100000381469727,1785
2026-08-04,22.200000762939453,22.200000762939453,21.600000381469727,21.700000762939453,7384
2026-08-05,21.899999618530273,22.100000381469727,21.799999237060547,22.100000381469727,3307
2026-08-06,22.100000381469727,22.399999618530273,22.0,22.399999618530273,6889
2026-08-07,22.399999618530273,22.399999618530273,22.0,22.299999237060547,3563
2026-08-10,22.299999237060547,22.399999618530273,22.100000381469727,22.399999618530273,1404
2026-08-11,22.5,22.600000381469727,22.399999618530273,22.399999618530273,3696
2026-08-12,22.399999618530273,22.5,22.299999237060547,22.5,2533
2026-08-13,22.5,22.600000381469727,22.299999237060547,22.299999237060547,2007
2026-08-14,22.5,22.600000381469727,22.299999237060547,22.600000381469727,5048
2026-08-17,22.600000381469727,22.799999237060547,22.5,22.700000762939453,3023
2026-08-18,22.700000762939453,22.700000762939453,22.399999618530273,22.5,3742
2026-08-19,22.5,22.5,22.399999618530273,22.5,2988
2026-08-20,22.700000762939453,22.799999237060547,22.399999618530273,22.5,2618
2026-08-21,22.700000762939453,22.700000762939453,22.5,22.600000381469727,6160
2026-08-24,22.600000381469727,22.600000381469727,22.399999618530273,22.600000381469727,7597
2026-08-25,22.799999237060547,22.799999237060547,22.600000381469727,22.799999237060547,12730
2026-08-26,22.899999618530273,23.200000762939453,22.600000381469727,23.0,12460
2026-08-27,22.799999237060547,23.200000762939453,22.799999237060547,22.899999618530273,2111
2026-08-28,23.0,23.0,22.899999618530273,22.899999618530273,1828
2026-08-31,23.0,23.200000762939453,22.799999237060547,23.100000381469727,4951
2026-09-01,23.200000762939453,23.200000762939453,22.799999237060547,23.0,5101
2026-09-02,22.799999237060547,23.100000381469727,22.799999237060547,23.0,3476
2026-09-03,23.100000381469727,23.200000762939453,22.5,22.899999618530273,7359
2026-09-04,22.899999618530273,22.899999618530273,22.600000381469727,22.799999237060547,5633
2026-09-08,22.799999237060547,22.799999237060547,22.5,22.600000381469727,18986
2026-09-09,21.399999618530273,21.5,20.5,21.200000762939453,9772
2026-09-10,21.100000381469727,21.200000762939453,20.700000762939453,20.899999618530273,8417
2026-09-11,21.0,21.0,20.299999237060547,20.299999237060547,5581
2026-09-14,20.899999618530273,21.0,20.0,20.200000762939453,6645
2026-09-15,20.200000762939453,20.200000762939453,19.799999237060547,20.0,4124
2026-09-17,20.100000381469727,20.100000381469727,20.0,20.0,140
2026-09-18,19.850000381469727,20.0,19.0,19.950000762939453,20170
