date,open,high,low,close,volume
2021-09-17,11.0,11.149999618530273,10.949999809265137,11.0,26224
2021-09-20,11.050000190734863,11.050000190734863,10.100000381469727,10.399999618530273,71279
2021-09-21,10.449999809265137,10.600000381469727,10.300000190734863,10.300000190734863,34978
2021-09-22,10.350000381469727,10.5,10.350000381469727,10.399999618530273,28076
2021-09-23,10.399999618530273,10.5,10.350000381469727,10.399999618530273,26665
2021-09-24,10.5,10.5,10.300000190734863,10.350000381469727,9273
2021-09-27,10.399999618530273,10.399999618530273,10.25,10.300000190734863,15273
2021-09-28,10.300000190734863,10.300000190734863,10.050000190734863,10.199999809265137,11239
2021-09-29,10.149999618530273,10.149999618530273,9.920000076293945,10.0,28296
2021-09-30,10.0,10.600000381469727,10.0,10.550000190734863,14876
2021-10-01,10.550000190734863,10.949999809265137,10.5,10.75,26943
2021-10-04,10.850000381469727,10.899999618530273,10.600000381469727,10.600000381469727,13915
2021-10-05,10.600000381469727,10.600000381469727,10.399999618530273,10.5,31225
2021-10-06,10.449999809265137,10.449999809265137,10.300000190734863,10.399999618530273,24519
2021-10-07,10.350000381469727,10.350000381469727,10.25,10.300000190734863,24349
2021-10-08,10.300000190734863,10.449999809265137,10.300000190734863,10.449999809265137,50378
2021-10-11,10.399999618530273,10.5,10.350000381469727,10.5,16505
2021-10-12,10.5,10.699999809265137,10.399999618530273,10.600000381469727,18388
2021-10-13,10.550000190734863,10.550000190734863,10.350000381469727,10.350000381469727,7578
2021-10-14,10.350000381469727,10.399999618530273,10.300000190734863,10.399999618530273,16463
2021-10-15,10.399999618530273,10.399999618530273,10.300000190734863,10.399999618530273,5552
2021-10-18,10.399999618530273,10.649999618530273,10.399999618530273,10.550000190734863,12910
2021-10-19,10.550000190734863,10.550000190734863,10.300000190734863,10.399999618530273,10948
2021-10-20,10.300000190734863,10.449999809265137,10.25,10.25,32581
2021-10-21,10.300000190734863,10.350000381469727,10.25,10.300000190734863,16266
2021-10-22,10.25,10.300000190734863,10.0,10.25,10589
2021-10-25,10.300000190734863,10.350000381469727,10.149999618530273,10.300000190734863,10934
2021-10-26,10.350000381469727,10.649999618530273,10.199999809265137,10.550000190734863,27139
2021-10-27,10.600000381469727,10.600000381469727,10.300000190734863,10.399999618530273,14367
2021-10-28,11.0,11.199999809265137,10.449999809265137,10.800000190734863,122703
2021-10-29,10.800000190734863,10.949999809265137,10.649999618530273,10.850000381469727,46054
2021-11-02,10.850000381469727,10.949999809265137,10.649999618530273,10.649999618530273,20848
2021-11-03,10.75,10.850000381469727,10.699999809265137,10.850000381469727,3942
2021-11-04,10.850000381469727,10.949999809265137,10.75,10.899999618530273,27072
2021-11-05,10.899999618530273,10.949999809265137,10.699999809265137,10.899999618530273,6825
2021-11-08,10.899999618530273,11.050000190734863,10.800000190734863,10.899999618530273,11992
2021-11-09,10.899999618530273,11.0,10.75,10.800000190734863,18500
2021-11-10,10.899999618530273,10.899999618530273,10.600000381469727,10.600000381469727,10255
2021-11-12,10.649999618530273,10.850000381469727,10.550000190734863,10.850000381469727,4868
2021-11-15,10.800000190734863,10.899999618530273,10.449999809265137,10.699999809265137,21698
2021-11-16,10.699999809265137,10.699999809265137,10.600000381469727,10.699999809265137,3602
2021-11-17,10.600000381469727,10.699999809265137,10.600000381469727,10.649999618530273,4665
2021-11-18,10.699999809265137,10.699999809265137,10.550000190734863,10.600000381469727,11335
2021-11-19,10.600000381469727,10.600000381469727,9.899999618530273,10.399999618530273,32078
2021-11-22,10.100000381469727,10.449999809265137,10.100000381469727,10.399999618530273,9581
2021-11-23,10.399999618530273,10.449999809265137,10.300000190734863,10.399999618530273,17656
2021-11-24,10.399999618530273,10.5,10.300000190734863,10.300000190734863,15650
2021-11-25,10.350000381469727,10.899999618530273,10.300000190734863,10.75,26656
2021-11-26,10.449999809265137,10.75,10.399999618530273,10.5,29189
2021-11-29,10.550000190734863,10.550000190734863,10.300000190734863,10.399999618530273,9924
2021-11-30,10.399999618530273,10.399999618530273,10.149999618530273,10.350000381469727,14755
2021-12-01,10.550000190734863,10.649999618530273,10.350000381469727,10.550000190734863,8352
2021-12-02,10.449999809265137,10.550000190734863,10.449999809265137,10.5,2736
2021-12-03,10.5,10.800000190734863,10.5,10.75,12891
2021-12-06,10.649999618530273,10.699999809265137,10.600000381469727,10.699999809265137,7315
2021-12-07,10.800000190734863,10.800000190734863,10.550000190734863,10.600000381469727,9436
2021-12-08,10.649999618530273,10.649999618530273,10.550000190734863,10.600000381469727,5334
2021-12-09,10.600000381469727,10.649999618530273,10.550000190734863,10.600000381469727,4106
2021-12-10,10.600000381469727,10.699999809265137,10.600000381469727,10.600000381469727,2317
2021-12-13,10.699999809265137,10.699999809265137,10.5,10.5,5018
2021-12-14,10.5,10.600000381469727,10.449999809265137,10.5,20990
2021-12-15,10.449999809265137,10.449999809265137,10.300000190734863,10.399999618530273,23114
2021-12-16,10.399999618530273,10.449999809265137,10.350000381469727,10.449999809265137,6390
2021-12-17,10.449999809265137,10.5,10.399999618530273,10.449999809265137,9619
2021-12-20,10.399999618530273,10.399999618530273,10.25,10.300000190734863,5584
2021-12-21,10.350000381469727,10.449999809265137,10.300000190734863,10.449999809265137,21301
2021-12-22,10.300000190734863,10.399999618530273,10.149999618530273,10.399999618530273,5337
2021-12-23,10.399999618530273,10.449999809265137,10.300000190734863,10.399999618530273,8035
2021-12-27,10.350000381469727,10.350000381469727,10.149999618530273,10.25,6800
2021-12-28,10.199999809265137,10.300000190734863,10.0,10.0,21166
2021-12-29,9.960000038146973,10.0,9.9399995803833,9.979999542236328,28528
2021-12-30,9.979999542236328,10.199999809265137,9.960000038146973,10.149999618530273,12684
2022-01-03,10.149999618530273,10.5,10.0,10.5,13580
2022-01-04,10.5,10.800000190734863,10.5,10.699999809265137,8850
2022-01-05,10.699999809265137,10.899999618530273,10.550000190734863,10.850000381469727,19476
2022-01-07,10.850000381469727,10.850000381469727,10.699999809265137,10.699999809265137,4487
2022-01-10,10.800000190734863,10.800000190734863,10.5,10.550000190734863,6531
2022-01-11,10.550000190734863,10.600000381469727,10.550000190734863,10.550000190734863,28280
2022-01-12,10.649999618530273,10.699999809265137,10.600000381469727,10.600000381469727,3573
2022-01-13,10.600000381469727,10.600000381469727,10.5,10.550000190734863,4484
2022-01-14,10.550000190734863,10.550000190734863,10.5,10.550000190734863,9822
2022-01-17,10.550000190734863,10.550000190734863,10.449999809265137,10.449999809265137,6670
2022-01-18,10.449999809265137,10.449999809265137,10.399999618530273,10.399999618530273,11080
2022-01-19,10.350000381469727,10.350000381469727,10.300000190734863,10.350000381469727,3913
2022-01-20,10.350000381469727,10.350000381469727,10.25,10.350000381469727,2017
2022-01-21,10.25,10.449999809265137,10.050000190734863,10.149999618530273,9136
2022-01-24,10.149999618530273,10.149999618530273,9.5,9.819999694824219,21205
2022-01-25,9.800000190734863,9.899999618530273,9.680000305175781,9.680000305175781,9116
2022-01-26,9.880000114440918,10.100000381469727,9.84000015258789,9.979999542236328,10162
2022-01-27,9.880000114440918,10.100000381469727,9.819999694824219,10.100000381469727,11815
2022-01-28,10.100000381469727,10.100000381469727,9.979999542236328,10.050000190734863,4320
2022-01-31,9.979999542236328,10.25,9.899999618530273,10.25,2728
2022-02-01,10.300000190734863,10.399999618530273,10.25,10.350000381469727,4924
2022-02-02,10.350000381469727,10.399999618530273,10.149999618530273,10.300000190734863,2716
2022-02-03,10.350000381469727,10.350000381469727,10.199999809265137,10.300000190734863,747
2022-02-04,10.199999809265137,10.300000190734863,10.199999809265137,10.300000190734863,389
2022-02-07,10.199999809265137,10.300000190734863,10.199999809265137,10.300000190734863,4205
2022-02-08,10.300000190734863,10.300000190734863,10.199999809265137,10.199999809265137,3621
2022-02-09,10.199999809265137,10.300000190734863,10.199999809265137,10.199999809265137,16648
2022-02-10,10.600000381469727,11.399999618530273,10.600000381469727,10.699999809265137,189506
2022-02-11,10.699999809265137,10.800000190734863,10.449999809265137,10.649999618530273,50749
2022-02-14,10.350000381469727,10.5,10.100000381469727,10.199999809265137,23377
2022-02-15,10.149999618530273,10.449999809265137,10.149999618530273,10.399999618530273,36981
2022-02-16,10.449999809265137,10.449999809265137,10.300000190734863,10.399999618530273,21101
2022-02-17,10.449999809265137,10.550000190734863,10.149999618530273,10.149999618530273,43460
2022-02-18,10.300000190734863,10.300000190734863,10.0,10.25,15331
2022-02-21,10.300000190734863,10.600000381469727,10.050000190734863,10.300000190734863,35535
2022-02-22,10.0,10.300000190734863,10.0,10.300000190734863,33650
2022-02-23,10.300000190734863,10.399999618530273,10.0,10.149999618530273,65116
2022-02-24,9.319999694824219,9.5600004196167,8.800000190734863,9.020000457763672,42915
2022-02-25,9.0600004196167,9.65999984741211,9.0,9.380000114440918,30469
2022-02-28,9.199999809265137,10.100000381469727,9.199999809265137,9.899999618530273,14789
2022-03-01,9.880000114440918,9.979999542236328,9.640000343322754,9.760000228881836,17500
2022-03-02,9.720000267028809,11.0,9.720000267028809,10.699999809265137,53782
2022-03-03,11.100000381469727,11.149999618530273,10.300000190734863,10.600000381469727,39938
2022-03-04,10.600000381469727,11.5,10.449999809265137,11.0,158363
2022-03-07,11.199999809265137,11.449999809265137,10.899999618530273,11.149999618530273,96623
2022-03-08,11.199999809265137,11.5,10.600000381469727,10.600000381469727,44840
2022-03-09,11.149999618530273,11.199999809265137,10.649999618530273,10.699999809265137,30476
2022-03-10,10.850000381469727,10.949999809265137,10.550000190734863,10.949999809265137,27432
2022-03-11,10.899999618530273,11.199999809265137,10.800000190734863,10.850000381469727,13034
2022-03-14,10.949999809265137,11.149999618530273,10.850000381469727,11.149999618530273,7239
2022-03-15,11.25,11.300000190734863,11.100000381469727,11.25,15962
2022-03-16,11.350000381469727,11.449999809265137,11.25,11.300000190734863,16575
2022-03-17,11.399999618530273,11.600000381469727,11.300000190734863,11.600000381469727,34443
2022-03-18,11.600000381469727,12.649999618530273,11.5,12.199999809265137,128090
2022-03-21,12.300000190734863,12.300000190734863,11.75,11.800000190734863,30631
2022-03-22,11.850000381469727,12.199999809265137,11.850000381469727,12.0,19484
2022-03-23,12.0,12.149999618530273,11.75,11.899999618530273,10216
2022-03-24,11.850000381469727,12.25,11.75,12.25,5716
2022-03-25,12.25,12.25,12.0,12.25,15810
2022-03-28,12.25,12.25,12.100000381469727,12.100000381469727,3094
2022-03-29,12.100000381469727,12.199999809265137,11.75,11.800000190734863,29321
2022-03-30,11.949999809265137,11.949999809265137,11.649999618530273,11.699999809265137,7120
2022-03-31,11.649999618530273,11.899999618530273,11.600000381469727,11.600000381469727,12832
2022-04-01,11.800000190734863,11.949999809265137,11.699999809265137,11.800000190734863,17821
2022-04-04,11.949999809265137,12.0,11.5,11.649999618530273,52325
2022-04-05,11.800000190734863,11.800000190734863,11.649999618530273,11.699999809265137,13580
2022-04-06,11.699999809265137,11.699999809265137,11.399999618530273,11.649999618530273,15035
2022-04-07,11.600000381469727,11.699999809265137,11.550000190734863,11.550000190734863,10715
2022-04-08,11.550000190734863,11.75,11.550000190734863,11.550000190734863,5734
2022-04-11,11.649999618530273,12.5,11.600000381469727,12.100000381469727,92133
2022-04-12,12.199999809265137,12.399999618530273,12.050000190734863,12.350000381469727,28698
2022-04-13,12.5,12.5,12.319999694824219,12.34000015258789,20128
2022-04-14,12.34000015258789,12.479999542236328,12.34000015258789,12.380000114440918,10947
2022-04-19,12.479999542236328,12.479999542236328,12.359999656677246,12.399999618530273,20332
2022-04-20,12.460000038146973,12.479999542236328,12.359999656677246,12.359999656677246,10900
2022-04-21,12.359999656677246,12.359999656677246,12.199999809265137,12.279999732971191,11567
2022-04-22,12.199999809265137,12.300000190734863,11.920000076293945,12.0,26456
2022-04-25,12.0,12.0,11.619999885559082,11.800000190734863,19400
2022-04-26,11.880000114440918,12.399999618530273,11.699999809265137,11.899999618530273,128928
2022-04-27,11.899999618530273,12.0600004196167,11.800000190734863,11.859999656677246,10667
2022-04-28,12.0,12.15999984741211,11.899999618530273,12.119999885559082,11027
2022-04-29,12.300000190734863,12.319999694824219,12.0,12.020000457763672,15416
2022-05-02,12.0600004196167,12.279999732971191,11.920000076293945,12.0600004196167,15083
2022-05-04,12.180000305175781,12.180000305175781,11.859999656677246,11.920000076293945,4495
2022-05-05,11.920000076293945,12.15999984741211,11.899999618530273,11.899999618530273,17732
2022-05-06,12.0,12.0,10.9399995803833,11.760000228881836,36731
2022-05-09,11.739999771118164,11.739999771118164,11.399999618530273,11.600000381469727,13871
2022-05-10,11.520000457763672,11.600000381469727,11.300000190734863,11.5600004196167,26245
2022-05-11,11.600000381469727,11.65999984741211,11.260000228881836,11.300000190734863,14269
2022-05-12,11.15999984741211,11.239999771118164,10.880000114440918,10.960000038146973,40500
2022-05-13,11.0,11.359999656677246,10.979999542236328,11.199999809265137,10143
2022-05-16,11.199999809265137,11.5600004196167,11.199999809265137,11.359999656677246,10658
2022-05-17,11.5,11.5,11.300000190734863,11.399999618530273,15572
2022-05-18,11.460000038146973,11.5600004196167,11.359999656677246,11.399999618530273,6836
2022-05-19,11.300000190734863,11.479999542236328,11.15999984741211,11.260000228881836,19917
2022-05-20,11.300000190734863,11.420000076293945,11.239999771118164,11.239999771118164,18691
2022-05-23,11.279999732971191,11.579999923706055,11.279999732971191,11.579999923706055,8009
2022-05-24,11.600000381469727,11.739999771118164,11.260000228881836,11.260000228881836,14412
2022-05-25,11.579999923706055,11.699999809265137,11.399999618530273,11.699999809265137,15485
2022-05-26,11.5600004196167,11.84000015258789,11.5600004196167,11.640000343322754,16139
2022-05-27,11.65999984741211,11.760000228881836,11.600000381469727,11.680000305175781,16982
2022-05-30,11.720000267028809,12.0,11.699999809265137,11.880000114440918,16516
2022-05-31,11.9399995803833,11.979999542236328,11.800000190734863,11.880000114440918,14513
2022-06-01,11.800000190734863,11.84000015258789,11.600000381469727,11.800000190734863,14205
2022-06-02,11.800000190734863,11.800000190734863,11.720000267028809,11.800000190734863,11515
2022-06-03,11.800000190734863,11.800000190734863,11.680000305175781,11.680000305175781,11542
2022-06-06,11.699999809265137,11.779999732971191,11.520000457763672,11.579999923706055,27465
2022-06-07,11.600000381469727,11.619999885559082,11.319999694824219,11.420000076293945,25788
2022-06-08,11.479999542236328,11.579999923706055,11.260000228881836,11.380000114440918,12000
2022-06-09,11.479999542236328,11.5600004196167,11.239999771118164,11.260000228881836,11501
2022-06-10,11.279999732971191,11.34000015258789,11.020000457763672,11.0600004196167,24495
2022-06-13,11.0,11.0600004196167,10.520000457763672,10.920000076293945,28116
2022-06-14,10.920000076293945,11.239999771118164,10.920000076293945,11.0600004196167,9079
2022-06-15,11.079999923706055,11.100000381469727,10.960000038146973,11.0,8187
2022-06-17,11.0,11.100000381469727,10.920000076293945,11.0,6975
2022-06-20,11.0,11.0,10.819999694824219,10.84000015258789,9309
2022-06-21,10.960000038146973,11.0,10.640000343322754,10.880000114440918,15421
2022-06-22,10.800000190734863,10.800000190734863,10.5600004196167,10.680000305175781,12355
2022-06-23,10.600000381469727,10.760000228881836,10.539999961853027,10.699999809265137,10739
2022-06-24,10.699999809265137,10.779999732971191,10.600000381469727,10.640000343322754,7333
2022-06-27,10.779999732971191,10.880000114440918,10.579999923706055,10.699999809265137,9183
2022-06-28,10.760000228881836,10.960000038146973,10.699999809265137,10.84000015258789,9721
2022-06-29,10.979999542236328,11.0,10.859999656677246,10.899999618530273,9968
2022-06-30,10.899999618530273,10.920000076293945,10.760000228881836,10.760000228881836,12351
2022-07-01,10.84000015258789,10.960000038146973,10.779999732971191,10.899999618530273,13687
2022-07-04,10.899999618530273,10.899999618530273,10.720000267028809,10.720000267028809,11108
2022-07-05,10.800000190734863,10.899999618530273,10.619999885559082,10.739999771118164,16372
2022-07-06,10.720000267028809,10.760000228881836,10.600000381469727,10.619999885559082,7254
2022-07-07,10.640000343322754,10.800000190734863,10.020000457763672,10.800000190734863,32174
2022-07-08,10.800000190734863,10.800000190734863,10.520000457763672,10.760000228881836,7992
2022-07-11,10.760000228881836,10.800000190734863,10.640000343322754,10.779999732971191,5152
2022-07-12,10.779999732971191,10.779999732971191,10.680000305175781,10.760000228881836,4956
2022-07-13,10.699999809265137,10.800000190734863,10.65999984741211,10.760000228881836,5218
2022-07-14,10.720000267028809,10.800000190734863,10.720000267028809,10.739999771118164,12306
2022-07-15,10.739999771118164,10.739999771118164,10.65999984741211,10.739999771118164,17847
2022-07-18,10.760000228881836,11.140000343322754,10.760000228881836,11.039999961853027,31442
2022-07-19,10.880000114440918,11.0600004196167,10.819999694824219,10.979999542236328,6419
2022-07-20,11.0,11.0,10.859999656677246,10.899999618530273,7963
2022-07-21,10.9399995803833,11.0,10.920000076293945,11.0,5885
2022-07-22,11.0,11.140000343322754,10.960000038146973,11.140000343322754,14990
2022-07-25,11.180000305175781,11.319999694824219,11.100000381469727,11.119999885559082,18106
2022-07-26,11.199999809265137,11.199999809265137,11.079999923706055,11.140000343322754,7792
2022-07-27,11.140000343322754,11.15999984741211,10.960000038146973,11.039999961853027,11691
2022-07-28,11.039999961853027,11.140000343322754,10.920000076293945,11.100000381469727,10704
2022-07-29,11.0600004196167,11.220000267028809,10.960000038146973,11.199999809265137,11639
2022-08-01,11.359999656677246,11.5,11.199999809265137,11.239999771118164,41708
2022-08-02,11.319999694824219,11.5,11.239999771118164,11.5,20119
2022-08-03,11.5,11.680000305175781,11.479999542236328,11.579999923706055,25154
2022-08-04,11.579999923706055,11.65999984741211,11.420000076293945,11.5,17845
2022-08-05,11.640000343322754,11.640000343322754,11.479999542236328,11.600000381469727,9768
2022-08-08,11.600000381469727,11.65999984741211,11.5,11.640000343322754,16996
2022-08-09,11.65999984741211,11.65999984741211,11.539999961853027,11.539999961853027,10460
2022-08-10,11.539999961853027,11.539999961853027,11.520000457763672,11.539999961853027,19774
2022-08-11,11.539999961853027,11.779999732971191,11.539999961853027,11.779999732971191,16583
2022-08-12,11.800000190734863,11.84000015258789,11.65999984741211,11.699999809265137,26858
2022-08-16,11.779999732971191,11.899999618530273,11.699999809265137,11.859999656677246,42539
2022-08-17,11.880000114440918,11.899999618530273,11.720000267028809,11.720000267028809,21922
2022-08-18,11.800000190734863,11.800000190734863,11.680000305175781,11.699999809265137,24598
2022-08-19,11.779999732971191,11.800000190734863,11.460000038146973,11.699999809265137,42364
2022-08-22,11.699999809265137,11.699999809265137,11.420000076293945,11.539999961853027,40425
2022-08-23,10.600000381469727,10.600000381469727,9.819999694824219,10.239999771118164,17359
2022-08-24,10.180000305175781,10.399999618530273,9.920000076293945,10.100000381469727,15604
2022-08-25,10.079999923706055,10.140000343322754,9.920000076293945,10.0,5292
2022-08-26,9.949999809265137,9.949999809265137,9.210000038146973,9.579999923706055,22655
2022-08-29,9.579999923706055,9.579999923706055,9.109999656677246,9.319999694824219,13020
2022-08-30,9.380000114440918,9.470000267028809,9.319999694824219,9.40999984741211,2465
2022-08-31,9.420000076293945,9.5,9.34000015258789,9.489999771118164,3321
2022-09-01,9.489999771118164,9.739999771118164,9.329999923706055,9.579999923706055,5852
2022-09-02,9.579999923706055,9.739999771118164,9.579999923706055,9.739999771118164,4718
2022-09-05,9.699999809265137,9.739999771118164,9.5,9.5,5094
2022-09-06,9.5,9.5600004196167,9.399999618530273,9.489999771118164,3124
2022-09-07,9.5,9.59000015258789,9.489999771118164,9.510000228881836,2073
2022-09-08,9.539999961853027,9.680000305175781,9.539999961853027,9.680000305175781,3610
2022-09-09,9.710000038146973,9.729999542236328,9.630000114440918,9.729999542236328,5495
2022-09-12,9.739999771118164,9.739999771118164,9.34000015258789,9.569999694824219,5709
2022-09-13,9.569999694824219,9.680000305175781,9.489999771118164,9.520000457763672,10701
2022-09-14,9.489999771118164,9.579999923706055,9.420000076293945,9.550000190734863,13342
2022-09-15,9.529999732971191,9.569999694824219,9.399999618530273,9.460000038146973,10270
2022-09-16,9.5,9.59000015258789,9.489999771118164,9.5600004196167,4093
2022-09-19,9.5600004196167,9.5600004196167,9.5,9.550000190734863,3802
2022-09-20,9.5600004196167,9.5600004196167,9.5,9.5,4022
2022-09-21,9.5,9.5600004196167,9.40999984741211,9.529999732971191,2444
2022-09-22,9.529999732971191,9.539999961853027,9.430000305175781,9.539999961853027,1258
2022-09-23,9.539999961853027,9.539999961853027,9.430000305175781,9.430000305175781,595
2022-09-26,9.420000076293945,9.420000076293945,8.859999656677246,8.9399995803833,19845
2022-09-27,8.869999885559082,9.130000114440918,8.829999923706055,8.979999542236328,11400
2022-09-28,8.829999923706055,8.890000343322754,8.25,8.489999771118164,12015
2022-09-29,8.680000305175781,8.680000305175781,8.34000015258789,8.40999984741211,5549
2022-09-30,8.369999885559082,8.640000343322754,8.369999885559082,8.550000190734863,12725
2022-10-03,8.5600004196167,8.649999618530273,8.430000305175781,8.630000114440918,5133
2022-10-04,8.640000343322754,8.779999732971191,8.640000343322754,8.739999771118164,3863
2022-10-05,8.84000015258789,8.970000267028809,8.800000190734863,8.90999984741211,6873
2022-10-06,8.90999984741211,8.960000038146973,8.8100004196167,8.90999984741211,4601
2022-10-07,8.859999656677246,8.869999885559082,8.699999809265137,8.829999923706055,1659
2022-10-10,8.84000015258789,8.84000015258789,8.710000038146973,8.789999961853027,7992
2022-10-11,8.710000038146973,8.770000457763672,8.489999771118164,8.619999885559082,32603
2022-10-12,8.600000381469727,8.6899995803833,8.210000038146973,8.279999732971191,33656
2022-10-13,8.25,8.34000015258789,8.100000381469727,8.289999961853027,13657
2022-10-14,8.289999961853027,8.489999771118164,8.289999961853027,8.399999618530273,3341
2022-10-17,8.40999984741211,8.5600004196167,8.350000381469727,8.510000228881836,1307
2022-10-18,8.5600004196167,8.649999618530273,8.479999542236328,8.479999542236328,6051
2022-10-19,8.510000228881836,8.619999885559082,8.5,8.550000190734863,5220
2022-10-20,8.5600004196167,9.390000343322754,8.5,8.899999618530273,12871
2022-10-21,8.899999618530273,9.600000381469727,8.8100004196167,9.229999542236328,12633
2022-10-24,9.229999542236328,9.279999732971191,9.229999542236328,9.270000457763672,461
2022-10-25,9.260000228881836,9.260000228881836,8.449999809265137,8.699999809265137,37697
2022-10-26,8.770000457763672,8.819999694824219,8.380000114440918,8.779999732971191,11957
2022-10-27,8.800000190734863,8.850000381469727,8.75,8.8100004196167,2511
2022-10-28,8.8100004196167,8.9399995803833,8.75,8.90999984741211,2769
2022-10-31,8.899999618530273,9.1899995803833,8.710000038146973,8.850000381469727,16378
2022-11-02,8.850000381469727,9.699999809265137,8.850000381469727,9.229999542236328,22868
2022-11-03,9.229999542236328,9.229999542236328,9.130000114440918,9.220000267028809,9381
2022-11-04,9.220000267028809,10.979999542236328,9.220000267028809,10.039999961853027,87528
2022-11-07,10.15999984741211,10.5,10.0,10.119999885559082,11486
2022-11-08,10.300000190734863,10.300000190734863,10.039999961853027,10.119999885559082,5609
2022-11-09,10.199999809265137,10.199999809265137,9.989999771118164,10.0,7582
2022-11-10,10.0,10.0,9.800000190734863,10.0,6462
2022-11-14,10.0,10.359999656677246,10.0,10.239999771118164,27965
2022-11-15,10.239999771118164,10.460000038146973,10.100000381469727,10.34000015258789,9522
2022-11-16,10.140000343322754,10.199999809265137,9.800000190734863,10.100000381469727,11925
2022-11-17,10.0600004196167,10.180000305175781,9.9399995803833,10.039999961853027,15937
2022-11-18,10.100000381469727,10.199999809265137,9.9399995803833,10.180000305175781,8118
2022-11-21,10.180000305175781,10.180000305175781,10.079999923706055,10.100000381469727,2827
2022-11-22,10.140000343322754,10.140000343322754,10.020000457763672,10.039999961853027,1784
2022-11-23,10.100000381469727,10.100000381469727,10.0,10.079999923706055,3876
2022-11-24,10.079999923706055,10.119999885559082,10.079999923706055,10.119999885559082,1413
2022-11-25,10.119999885559082,10.399999618530273,10.100000381469727,10.359999656677246,10643
2022-11-28,10.380000114440918,10.420000076293945,10.300000190734863,10.399999618530273,5198
2022-11-29,10.399999618530273,10.399999618530273,10.020000457763672,10.34000015258789,8704
2022-11-30,10.15999984741211,10.34000015258789,10.15999984741211,10.300000190734863,2446
2022-12-01,10.300000190734863,10.319999694824219,10.239999771118164,10.300000190734863,1394
2022-12-02,10.300000190734863,10.380000114440918,10.239999771118164,10.239999771118164,6917
2022-12-05,10.260000228881836,10.380000114440918,10.260000228881836,10.380000114440918,2747
2022-12-06,10.380000114440918,10.600000381469727,10.300000190734863,10.539999961853027,23207
2022-12-07,10.539999961853027,10.539999961853027,10.460000038146973,10.460000038146973,575
2022-12-08,10.520000457763672,10.539999961853027,10.300000190734863,10.359999656677246,4734
2022-12-09,10.479999542236328,10.539999961853027,10.4399995803833,10.479999542236328,6798
2022-12-12,10.5,10.5,10.420000076293945,10.4399995803833,2793
2022-12-13,10.520000457763672,10.520000457763672,10.420000076293945,10.5,1632
2022-12-14,10.4399995803833,10.539999961853027,10.399999618530273,10.4399995803833,7847
2022-12-15,10.4399995803833,10.5,10.380000114440918,10.380000114440918,9977
2022-12-16,10.300000190734863,10.300000190734863,9.800000190734863,10.0600004196167,30520
2022-12-19,10.0,10.079999923706055,9.539999961853027,10.0,45531
2022-12-20,10.0,10.0600004196167,9.899999618530273,9.9399995803833,9237
2022-12-21,9.960000038146973,10.119999885559082,9.800000190734863,9.970000267028809,7305
2022-12-22,9.970000267028809,10.039999961853027,9.9399995803833,10.0,2077
2022-12-23,10.0,10.0600004196167,9.9399995803833,10.0,2177
2022-12-27,10.0,10.0,9.899999618530273,9.920000076293945,8819
2022-12-28,9.819999694824219,9.970000267028809,9.8100004196167,9.859999656677246,7953
2022-12-29,9.859999656677246,9.960000038146973,9.829999923706055,9.960000038146973,735
2022-12-30,9.979999542236328,10.0,9.850000381469727,10.0,4936
2023-01-02,9.829999923706055,10.100000381469727,9.829999923706055,9.9399995803833,9882
2023-01-03,9.960000038146973,10.079999923706055,9.899999618530273,10.079999923706055,31656
2023-01-04,10.0600004196167,10.479999542236328,10.0600004196167,10.479999542236328,27300
2023-01-05,10.460000038146973,10.5,10.359999656677246,10.479999542236328,8454
2023-01-09,10.479999542236328,10.5600004196167,10.399999618530273,10.5600004196167,17742
2023-01-10,10.5600004196167,10.579999923706055,10.4399995803833,10.579999923706055,5167
2023-01-11,10.579999923706055,10.800000190734863,10.5,10.760000228881836,13520
2023-01-12,10.760000228881836,10.779999732971191,10.579999923706055,10.640000343322754,3344
2023-01-13,10.640000343322754,10.739999771118164,10.520000457763672,10.640000343322754,3224
2023-01-16,10.619999885559082,10.739999771118164,10.5,10.65999984741211,8511
2023-01-17,10.65999984741211,10.65999984741211,10.520000457763672,10.640000343322754,3659
2023-01-18,10.65999984741211,10.65999984741211,10.5,10.600000381469727,3434
2023-01-19,10.619999885559082,10.619999885559082,10.420000076293945,10.539999961853027,5757
2023-01-20,10.539999961853027,10.619999885559082,10.479999542236328,10.619999885559082,6007
2023-01-23,10.640000343322754,10.640000343322754,10.460000038146973,10.5,9906
2023-01-24,10.5,10.579999923706055,10.460000038146973,10.5,8198
2023-01-25,10.399999618530273,10.399999618530273,9.8100004196167,9.989999771118164,68185
2023-01-26,9.890000343322754,10.0,9.890000343322754,9.989999771118164,42599
2023-01-27,9.989999771118164,9.989999771118164,9.920000076293945,9.949999809265137,4898
2023-01-30,9.989999771118164,10.140000343322754,9.9399995803833,10.0600004196167,19022
2023-01-31,10.0600004196167,10.140000343322754,10.0,10.0600004196167,4365
2023-02-01,10.079999923706055,10.079999923706055,9.899999618530273,9.899999618530273,15144
2023-02-02,9.970000267028809,9.970000267028809,9.890000343322754,9.899999618530273,4783
2023-02-03,9.949999809265137,9.960000038146973,9.720000267028809,9.960000038146973,32473
2023-02-06,9.930000305175781,9.949999809265137,9.739999771118164,9.899999618530273,4892
2023-02-07,9.819999694824219,9.930000305175781,9.65999984741211,9.800000190734863,13577
2023-02-08,9.649999618530273,9.920000076293945,9.649999618530273,9.850000381469727,8199
2023-02-09,9.75,9.859999656677246,9.75,9.859999656677246,5985
2023-02-10,9.859999656677246,9.859999656677246,9.609999656677246,9.770000457763672,4858
2023-02-13,9.770000457763672,9.890000343322754,9.770000457763672,9.8100004196167,4643
2023-02-14,9.84000015258789,9.869999885559082,9.699999809265137,9.869999885559082,4623
2023-02-15,9.850000381469727,9.960000038146973,9.850000381469727,9.890000343322754,4765
2023-02-16,9.890000343322754,9.949999809265137,9.819999694824219,9.949999809265137,3341
2023-02-17,9.930000305175781,9.930000305175781,9.819999694824219,9.850000381469727,1483
2023-02-20,9.850000381469727,9.890000343322754,9.800000190734863,9.869999885559082,3028
2023-02-21,9.869999885559082,9.869999885559082,9.760000228881836,9.84000015258789,2676
2023-02-22,9.800000190734863,9.949999809265137,9.65999984741211,9.920000076293945,8773
2023-02-23,9.779999732971191,9.920000076293945,9.779999732971191,9.899999618530273,1014
2023-02-24,9.899999618530273,9.899999618530273,9.800000190734863,9.890000343322754,1704
2023-02-27,9.880000114440918,9.920000076293945,9.8100004196167,9.859999656677246,4381
2023-02-28,9.84000015258789,9.90999984741211,9.800000190734863,9.880000114440918,5717
2023-03-01,9.880000114440918,10.079999923706055,9.880000114440918,10.0,14259
2023-03-02,10.0,10.020000457763672,9.90999984741211,9.90999984741211,3115
2023-03-03,10.0,10.0,9.829999923706055,9.90999984741211,4535
2023-03-06,9.90999984741211,9.970000267028809,9.829999923706055,9.970000267028809,4100
2023-03-07,9.970000267028809,10.0,9.920000076293945,9.979999542236328,9529
2023-03-08,9.960000038146973,10.100000381469727,9.930000305175781,10.0,17470
2023-03-09,10.0,10.039999961853027,9.9399995803833,10.0,8629
2023-03-10,10.0,10.020000457763672,9.9399995803833,10.0,4570
2023-03-13,9.989999771118164,9.989999771118164,9.720000267028809,9.789999961853027,19920
2023-03-14,9.800000190734863,9.960000038146973,9.779999732971191,9.84000015258789,3625
2023-03-15,9.84000015258789,9.84000015258789,9.649999618530273,9.699999809265137,7780
2023-03-16,9.859999656677246,9.859999656677246,9.680000305175781,9.699999809265137,5092
2023-03-17,9.720000267028809,9.770000457763672,9.579999923706055,9.739999771118164,7681
2023-03-20,9.65999984741211,9.720000267028809,9.260000228881836,9.65999984741211,5717
2023-03-21,9.699999809265137,9.869999885559082,9.609999656677246,9.699999809265137,2565
2023-03-22,9.699999809265137,9.829999923706055,9.6899995803833,9.6899995803833,4629
2023-03-23,9.739999771118164,9.779999732971191,9.609999656677246,9.779999732971191,2954
2023-03-24,9.779999732971191,9.779999732971191,9.359999656677246,9.619999885559082,9958
2023-03-27,9.600000381469727,9.890000343322754,9.600000381469727,9.890000343322754,7443
2023-03-28,9.75,10.600000381469727,9.75,10.5600004196167,26495
2023-03-29,10.420000076293945,10.619999885559082,10.260000228881836,10.399999618530273,10221
2023-03-30,10.4399995803833,10.640000343322754,10.279999732971191,10.600000381469727,21811
2023-03-31,10.640000343322754,10.65999984741211,10.399999618530273,10.600000381469727,16419
2023-04-03,10.600000381469727,10.619999885559082,10.220000267028809,10.319999694824219,8711
2023-04-04,10.420000076293945,10.460000038146973,10.319999694824219,10.4399995803833,1917
2023-04-05,10.4399995803833,10.5,10.279999732971191,10.4399995803833,3977
2023-04-06,10.4399995803833,10.479999542236328,10.34000015258789,10.420000076293945,4150
2023-04-11,10.4399995803833,10.680000305175781,10.420000076293945,10.680000305175781,22957
2023-04-12,10.619999885559082,10.680000305175781,10.539999961853027,10.600000381469727,11759
2023-04-13,10.579999923706055,10.579999923706055,10.380000114440918,10.399999618530273,14462
2023-04-14,10.399999618530273,10.5,10.359999656677246,10.479999542236328,10434
2023-04-17,10.460000038146973,10.460000038146973,10.119999885559082,10.279999732971191,9802
2023-04-18,10.279999732971191,10.359999656677246,10.239999771118164,10.300000190734863,3459
2023-04-19,10.279999732971191,10.359999656677246,10.220000267028809,10.220000267028809,2833
2023-04-20,10.300000190734863,10.4399995803833,10.300000190734863,10.4399995803833,7186
2023-04-21,10.399999618530273,10.399999618530273,10.300000190734863,10.399999618530273,2002
2023-04-24,10.319999694824219,10.399999618530273,10.239999771118164,10.359999656677246,6409
2023-04-25,10.359999656677246,10.359999656677246,10.239999771118164,10.359999656677246,2262
2023-04-26,10.260000228881836,10.34000015258789,10.239999771118164,10.319999694824219,5609
2023-04-27,10.34000015258789,10.34000015258789,9.9399995803833,10.0600004196167,21648
2023-04-28,10.0,10.100000381469727,10.0,10.079999923706055,12401
2023-05-02,10.039999961853027,10.100000381469727,9.720000267028809,9.779999732971191,23087
2023-05-04,9.779999732971191,9.779999732971191,9.670000076293945,9.699999809265137,9540
2023-05-05,9.75,9.75,9.529999732971191,9.529999732971191,5767
2023-05-08,9.5600004196167,9.5600004196167,9.100000381469727,9.300000190734863,21269
2023-05-09,9.3100004196167,9.460000038146973,9.3100004196167,9.449999809265137,3581
2023-05-10,9.460000038146973,9.520000457763672,9.350000381469727,9.510000228881836,6995
2023-05-11,9.5,9.670000076293945,9.399999618530273,9.670000076293945,18216
2023-05-12,9.680000305175781,9.75,9.600000381469727,9.600000381469727,9616
2023-05-15,9.600000381469727,9.600000381469727,9.430000305175781,9.5,7665
2023-05-16,9.5,9.600000381469727,9.5,9.529999732971191,6779
2023-05-17,9.529999732971191,9.600000381469727,9.5,9.600000381469727,2991
2023-05-18,9.550000190734863,9.600000381469727,9.5,9.539999961853027,4390
2023-05-19,9.520000457763672,9.59000015258789,9.5,9.520000457763672,10513
2023-05-22,9.579999923706055,9.579999923706055,9.449999809265137,9.449999809265137,16395
2023-05-23,9.5,9.600000381469727,9.449999809265137,9.489999771118164,4812
2023-05-24,9.5600004196167,9.5600004196167,9.399999618530273,9.40999984741211,7517
2023-05-25,9.5,9.550000190734863,9.40999984741211,9.479999542236328,14220
2023-05-26,9.479999542236328,9.5,9.479999542236328,9.5,7663
2023-05-29,9.5,9.529999732971191,9.470000267028809,9.5,7213
2023-05-30,9.529999732971191,9.529999732971191,9.479999542236328,9.489999771118164,5255
2023-05-31,9.5,9.5,9.479999542236328,9.479999542236328,9521
2023-06-01,9.489999771118164,9.489999771118164,9.449999809265137,9.479999542236328,1394
2023-06-02,9.489999771118164,9.539999961853027,9.4399995803833,9.539999961853027,3580
2023-06-05,9.5,9.5,9.460000038146973,9.5,6950
2023-06-06,9.5,9.59000015258789,9.479999542236328,9.59000015258789,5865
2023-06-07,9.5,9.569999694824219,9.5,9.569999694824219,7405
2023-06-09,9.59000015258789,9.65999984741211,9.569999694824219,9.600000381469727,14483
2023-06-12,9.600000381469727,9.640000343322754,9.550000190734863,9.619999885559082,4558
2023-06-13,9.619999885559082,9.619999885559082,9.600000381469727,9.600000381469727,6230
2023-06-14,9.600000381469727,9.640000343322754,9.600000381469727,9.609999656677246,6156
2023-06-15,9.630000114440918,9.649999618530273,9.5600004196167,9.630000114440918,4323
2023-06-16,9.630000114440918,9.6899995803833,9.630000114440918,9.6899995803833,3251
2023-06-19,9.699999809265137,9.869999885559082,9.699999809265137,9.819999694824219,6984
2023-06-20,9.84000015258789,9.880000114440918,9.84000015258789,9.859999656677246,4797
2023-06-21,9.850000381469727,9.880000114440918,9.800000190734863,9.800000190734863,6001
2023-06-22,9.829999923706055,9.829999923706055,9.670000076293945,9.760000228881836,5476
2023-06-23,9.779999732971191,9.779999732971191,9.729999542236328,9.770000457763672,1432
2023-06-26,9.739999771118164,9.779999732971191,9.699999809265137,9.699999809265137,2711
2023-06-27,9.699999809265137,9.699999809265137,9.649999618530273,9.680000305175781,2794
2023-06-28,9.649999618530273,9.75,9.640000343322754,9.739999771118164,2029
2023-06-29,9.770000457763672,9.779999732971191,9.710000038146973,9.75,3089
2023-06-30,9.720000267028809,9.760000228881836,9.720000267028809,9.75,3060
2023-07-03,9.75,9.869999885559082,9.75,9.869999885559082,6537
2023-07-04,9.869999885559082,9.899999618530273,9.699999809265137,9.789999961853027,14660
2023-07-05,9.800000190734863,9.850000381469727,9.760000228881836,9.8100004196167,1874
2023-07-06,9.8100004196167,9.890000343322754,9.699999809265137,9.779999732971191,5589
2023-07-07,9.829999923706055,9.84000015258789,9.760000228881836,9.829999923706055,6962
2023-07-10,9.880000114440918,9.890000343322754,9.819999694824219,9.829999923706055,10756
2023-07-11,9.829999923706055,9.989999771118164,9.829999923706055,9.979999542236328,12612
2023-07-12,9.979999542236328,10.380000114440918,9.899999618530273,10.199999809265137,8564
2023-07-13,10.279999732971191,10.380000114440918,10.220000267028809,10.34000015258789,6442
2023-07-14,10.319999694824219,10.420000076293945,10.300000190734863,10.380000114440918,12215
2023-07-17,10.420000076293945,10.520000457763672,10.420000076293945,10.460000038146973,10671
2023-07-18,10.460000038146973,10.539999961853027,10.460000038146973,10.520000457763672,15450
2023-07-19,10.539999961853027,10.579999923706055,10.479999542236328,10.539999961853027,14577
2023-07-20,10.5,10.579999923706055,10.5,10.5600004196167,12730
2023-07-21,10.479999542236328,10.479999542236328,9.989999771118164,10.0,51500
2023-07-24,10.0,10.0600004196167,9.930000305175781,9.949999809265137,38991
2023-07-25,9.930000305175781,9.989999771118164,9.90999984741211,9.979999542236328,6541
2023-07-26,9.989999771118164,10.020000457763672,9.930000305175781,10.0,10343
2023-07-27,10.0,10.0,9.970000267028809,10.0,9743
2023-07-28,9.989999771118164,10.0,9.960000038146973,9.979999542236328,15741
2023-07-31,9.989999771118164,9.989999771118164,9.960000038146973,9.979999542236328,13086
2023-08-01,9.989999771118164,10.0,9.960000038146973,9.970000267028809,14701
2023-08-02,10.0,10.0,9.9399995803833,9.989999771118164,5740
2023-08-03,9.989999771118164,10.0,9.989999771118164,10.0,6648
2023-08-04,10.0,10.0,9.949999809265137,10.0,21020
2023-08-07,10.0,10.039999961853027,9.979999542236328,10.0,8844
2023-08-08,10.0,10.0,9.970000267028809,9.979999542236328,28196
2023-08-09,10.0,10.039999961853027,9.979999542236328,10.0,10539
2023-08-10,10.0,10.0,9.949999809265137,9.979999542236328,19181
2023-08-11,9.979999542236328,10.0,9.979999542236328,9.989999771118164,9320
2023-08-14,10.0,10.020000457763672,9.989999771118164,10.0,11712
2023-08-16,10.0,10.0600004196167,9.979999542236328,9.989999771118164,36235
2023-08-17,9.989999771118164,10.0,9.949999809265137,9.979999542236328,17045
2023-08-18,9.989999771118164,9.989999771118164,9.920000076293945,9.960000038146973,10130
2023-08-21,9.989999771118164,10.039999961853027,9.970000267028809,9.979999542236328,60241
2023-08-22,9.220000267028809,9.319999694824219,9.199999809265137,9.199999809265137,12746
2023-08-23,9.239999771118164,9.260000228881836,9.020000457763672,9.25,4257
2023-08-24,9.25,9.260000228881836,9.050000190734863,9.0600004196167,1921
2023-08-25,9.199999809265137,9.229999542236328,9.039999961853027,9.170000076293945,2952
2023-08-28,9.199999809265137,9.220000267028809,9.109999656677246,9.119999885559082,1873
2023-08-29,9.1899995803833,9.1899995803833,8.90999984741211,8.9399995803833,9177
2023-08-30,8.930000305175781,9.0,8.90999984741211,8.920000076293945,3484
2023-08-31,8.920000076293945,9.0,8.899999618530273,9.0,2953
2023-09-01,9.0,9.0,8.9399995803833,8.989999771118164,3253
2023-09-04,8.970000267028809,9.0,8.949999809265137,8.949999809265137,2762
2023-09-05,8.899999618530273,9.0,8.899999618530273,8.949999809265137,2859
2023-09-06,8.949999809265137,8.989999771118164,8.770000457763672,8.770000457763672,10197
2023-09-07,8.739999771118164,8.930000305175781,8.640000343322754,8.640000343322754,4067
2023-09-08,8.5,8.59000015258789,8.479999542236328,8.59000015258789,28287
2023-09-11,8.59000015258789,8.600000381469727,8.510000228881836,8.600000381469727,5306
2023-09-12,8.579999923706055,8.600000381469727,8.5,8.5,5180
2023-09-13,8.5,8.850000381469727,8.5,8.760000228881836,6820
2023-09-14,8.760000228881836,8.800000190734863,8.720000267028809,8.800000190734863,4235
2023-09-15,8.800000190734863,8.800000190734863,8.6899995803833,8.789999961853027,2462
2023-09-18,8.75,8.779999732971191,8.729999542236328,8.770000457763672,3320
2023-09-19,8.770000457763672,8.770000457763672,8.649999618530273,8.649999618530273,3432
2023-09-20,8.670000076293945,8.670000076293945,8.59000015258789,8.609999656677246,2709
2023-09-21,8.609999656677246,8.609999656677246,8.510000228881836,8.609999656677246,3957
2023-09-22,8.5600004196167,8.609999656677246,8.510000228881836,8.600000381469727,1679
2023-09-25,8.579999923706055,8.600000381469727,8.510000228881836,8.600000381469727,2791
2023-09-26,8.600000381469727,8.609999656677246,8.520000457763672,8.550000190734863,3083
2023-09-27,8.59000015258789,8.600000381469727,8.5,8.600000381469727,2846
2023-09-28,8.600000381469727,8.600000381469727,8.510000228881836,8.579999923706055,1831
2023-09-29,8.579999923706055,8.609999656677246,8.520000457763672,8.609999656677246,2206
2023-10-02,8.609999656677246,8.609999656677246,8.529999732971191,8.550000190734863,1637
2023-10-03,8.529999732971191,8.609999656677246,8.529999732971191,8.59000015258789,1431
2023-10-04,8.5600004196167,8.609999656677246,8.5,8.520000457763672,7574
2023-10-05,8.59000015258789,8.59000015258789,8.510000228881836,8.510000228881836,939
2023-10-06,8.539999961853027,8.579999923706055,8.479999542236328,8.489999771118164,7410
2023-10-09,8.479999542236328,8.59000015258789,8.4399995803833,8.4399995803833,2259
2023-10-10,8.539999961853027,8.569999694824219,8.5,8.529999732971191,2076
2023-10-11,8.600000381469727,8.600000381469727,8.539999961853027,8.59000015258789,2734
2023-10-12,8.569999694824219,8.600000381469727,8.489999771118164,8.59000015258789,6309
2023-10-13,8.59000015258789,8.619999885559082,8.5,8.5600004196167,13429
2023-10-16,8.600000381469727,8.609999656677246,8.5600004196167,8.609999656677246,2317
2023-10-17,8.609999656677246,8.800000190734863,8.600000381469727,8.670000076293945,12807
2023-10-18,8.75,8.869999885559082,8.6899995803833,8.84000015258789,17539
2023-10-19,8.829999923706055,8.829999923706055,8.649999618530273,8.649999618530273,11499
2023-10-20,8.680000305175781,8.680000305175781,8.550000190734863,8.569999694824219,5100
2023-10-23,8.5600004196167,8.569999694824219,8.529999732971191,8.569999694824219,5236
2023-10-24,8.59000015258789,8.59000015258789,8.529999732971191,8.550000190734863,3823
2023-10-25,8.569999694824219,8.569999694824219,8.479999542236328,8.569999694824219,6738
2023-10-26,8.5600004196167,8.569999694824219,8.449999809265137,8.520000457763672,4538
2023-10-27,8.520000457763672,8.550000190734863,8.460000038146973,8.539999961853027,4129
2023-10-30,8.539999961853027,8.539999961853027,8.449999809265137,8.489999771118164,3179
2023-10-31,8.520000457763672,8.520000457763672,8.399999618530273,8.420000076293945,8376
2023-11-02,8.359999656677246,8.6899995803833,8.220000267028809,8.5,17587
2023-11-03,8.550000190734863,8.600000381469727,8.449999809265137,8.600000381469727,4043
2023-11-06,8.600000381469727,8.600000381469727,8.5,8.539999961853027,10622
2023-11-07,8.59000015258789,8.59000015258789,8.449999809265137,8.550000190734863,2218
2023-11-08,8.550000190734863,8.550000190734863,8.5,8.539999961853027,1293
2023-11-09,8.529999732971191,8.550000190734863,8.5,8.550000190734863,3014
2023-11-10,8.539999961853027,8.5600004196167,8.479999542236328,8.479999542236328,3224
2023-11-13,8.479999542236328,8.550000190734863,8.420000076293945,8.449999809265137,2046
2023-11-14,8.479999542236328,8.529999732971191,8.470000267028809,8.529999732971191,1417
2023-11-15,8.5,8.5,8.359999656677246,8.449999809265137,6230
2023-11-16,8.449999809265137,8.460000038146973,8.430000305175781,8.430000305175781,5485
2023-11-17,8.40999984741211,8.529999732971191,8.399999618530273,8.430000305175781,3085
2023-11-20,8.449999809265137,8.479999542236328,8.369999885559082,8.390000343322754,5930
2023-11-21,8.430000305175781,8.430000305175781,8.380000114440918,8.390000343322754,2860
2023-11-22,8.390000343322754,8.420000076293945,8.369999885559082,8.390000343322754,2636
2023-11-23,8.399999618530273,8.4399995803833,8.359999656677246,8.420000076293945,15764
2023-11-24,8.399999618530273,8.430000305175781,8.380000114440918,8.420000076293945,3473
2023-11-27,8.399999618530273,8.5,8.399999618530273,8.5,11002
2023-11-28,8.5,8.579999923706055,8.5,8.579999923706055,54090
2023-11-29,8.520000457763672,8.529999732971191,8.460000038146973,8.5,5394
2023-11-30,8.520000457763672,8.520000457763672,8.449999809265137,8.5,9748
2023-12-01,8.5,8.529999732971191,8.420000076293945,8.529999732971191,4192
2023-12-04,8.529999732971191,8.550000190734863,8.399999618530273,8.399999618530273,6955
2023-12-05,8.399999618530273,8.489999771118164,8.399999618530273,8.489999771118164,2396
2023-12-06,8.489999771118164,8.489999771118164,8.399999618530273,8.399999618530273,11556
2023-12-07,8.460000038146973,8.470000267028809,8.40999984741211,8.40999984741211,2567
2023-12-08,8.40999984741211,8.449999809265137,8.359999656677246,8.359999656677246,22187
2023-12-11,8.449999809265137,8.449999809265137,8.319999694824219,8.399999618530273,8940
2023-12-12,8.359999656677246,8.40999984741211,8.300000190734863,8.369999885559082,7983
2023-12-13,8.380000114440918,8.399999618530273,8.359999656677246,8.399999618530273,16496
2023-12-14,8.399999618530273,8.40999984741211,8.359999656677246,8.40999984741211,6373
2023-12-15,8.40999984741211,8.40999984741211,8.369999885559082,8.399999618530273,15326
2023-12-18,8.399999618530273,8.4399995803833,8.350000381469727,8.369999885559082,12274
2023-12-19,8.369999885559082,8.369999885559082,8.329999923706055,8.369999885559082,10668
2023-12-20,8.380000114440918,8.380000114440918,8.319999694824219,8.359999656677246,9380
2023-12-21,8.359999656677246,8.380000114440918,8.319999694824219,8.380000114440918,8113
2023-12-22,8.380000114440918,8.420000076293945,8.350000381469727,8.359999656677246,20952
2023-12-27,8.350000381469727,8.390000343322754,8.300000190734863,8.329999923706055,29021
2023-12-28,8.369999885559082,8.529999732971191,8.369999885559082,8.460000038146973,12218
2023-12-29,8.520000457763672,8.59000015258789,8.449999809265137,8.569999694824219,11957
2024-01-02,8.569999694824219,8.739999771118164,8.5600004196167,8.729999542236328,7230
2024-01-03,8.739999771118164,8.829999923706055,8.699999809265137,8.760000228881836,16856
2024-01-04,8.779999732971191,8.880000114440918,8.779999732971191,8.869999885559082,15465
2024-01-05,8.880000114440918,9.0,8.869999885559082,8.970000267028809,15547
2024-01-08,8.970000267028809,8.979999542236328,8.890000343322754,8.9399995803833,1117
2024-01-09,8.9399995803833,8.949999809265137,8.859999656677246,8.859999656677246,2267
2024-01-10,8.859999656677246,8.869999885559082,8.5,8.829999923706055,11692
2024-01-11,8.84000015258789,8.84000015258789,8.720000267028809,8.779999732971191,3847
2024-01-12,8.680000305175781,8.739999771118164,8.65999984741211,8.739999771118164,6569
2024-01-15,8.739999771118164,8.760000228881836,7.869999885559082,8.130000114440918,139746
2024-01-16,8.149999618530273,8.329999923706055,8.079999923706055,8.289999961853027,6742
2024-01-17,8.3100004196167,8.34000015258789,8.260000228881836,8.260000228881836,5013
2024-01-18,8.279999732971191,8.300000190734863,8.199999809265137,8.270000457763672,1337
2024-01-19,8.270000457763672,8.350000381469727,8.210000038146973,8.260000228881836,3225
2024-01-22,8.329999923706055,8.4399995803833,8.260000228881836,8.380000114440918,5869
2024-01-23,8.399999618530273,8.430000305175781,8.34000015258789,8.40999984741211,4199
2024-01-24,8.399999618530273,8.479999542236328,8.350000381469727,8.479999542236328,1717
2024-01-25,8.460000038146973,8.470000267028809,8.329999923706055,8.329999923706055,4141
2024-01-26,8.399999618530273,8.420000076293945,8.329999923706055,8.399999618530273,3009
2024-01-29,8.399999618530273,8.420000076293945,8.359999656677246,8.380000114440918,1875
2024-01-30,8.399999618530273,8.430000305175781,8.34000015258789,8.359999656677246,4623
2024-01-31,8.359999656677246,8.430000305175781,8.319999694824219,8.430000305175781,764
2024-02-01,8.420000076293945,8.470000267028809,8.350000381469727,8.449999809265137,3139
2024-02-02,8.420000076293945,8.510000228881836,8.40999984741211,8.40999984741211,2919
2024-02-05,8.40999984741211,8.5,8.380000114440918,8.380000114440918,7742
2024-02-06,8.399999618530273,8.5,8.260000228881836,8.260000228881836,31393
2024-02-07,8.260000228881836,8.34000015258789,8.180000305175781,8.300000190734863,18294
2024-02-08,8.289999961853027,8.300000190734863,8.260000228881836,8.300000190734863,1398
2024-02-09,8.289999961853027,8.300000190734863,8.270000457763672,8.300000190734863,2209
2024-02-12,8.369999885559082,8.4399995803833,8.300000190734863,8.430000305175781,5443
2024-02-13,8.430000305175781,8.4399995803833,8.300000190734863,8.329999923706055,4490
2024-02-14,8.390000343322754,8.420000076293945,8.369999885559082,8.369999885559082,954
2024-02-15,8.369999885559082,8.399999618530273,8.3100004196167,8.369999885559082,2968
2024-02-16,8.359999656677246,8.390000343322754,8.300000190734863,8.390000343322754,2568
2024-02-19,8.359999656677246,8.420000076293945,8.350000381469727,8.359999656677246,4227
2024-02-20,8.420000076293945,8.449999809265137,8.399999618530273,8.449999809265137,3303
2024-02-21,8.430000305175781,8.489999771118164,8.430000305175781,8.489999771118164,4522
2024-02-22,8.479999542236328,8.5,8.479999542236328,8.489999771118164,6514
2024-02-23,8.5,8.600000381469727,8.430000305175781,8.539999961853027,16091
2024-02-26,8.539999961853027,8.550000190734863,8.399999618530273,8.460000038146973,9592
2024-02-27,8.460000038146973,8.510000228881836,8.399999618530273,8.510000228881836,3056
2024-02-28,8.449999809265137,8.510000228881836,8.34000015258789,8.4399995803833,3149
2024-02-29,8.40999984741211,8.4399995803833,8.40999984741211,8.4399995803833,626
2024-03-01,8.470000267028809,8.489999771118164,8.399999618530273,8.470000267028809,1936
2024-03-04,8.470000267028809,8.510000228881836,8.399999618530273,8.40999984741211,2334
2024-03-05,8.40999984741211,8.489999771118164,8.40999984741211,8.4399995803833,1390
2024-03-06,8.4399995803833,8.550000190734863,8.4399995803833,8.539999961853027,4817
2024-03-07,8.529999732971191,8.539999961853027,8.4399995803833,8.479999542236328,1040
2024-03-08,8.489999771118164,8.489999771118164,8.40999984741211,8.470000267028809,5500
2024-03-11,8.470000267028809,8.489999771118164,8.430000305175781,8.479999542236328,3050
2024-03-12,8.479999542236328,8.479999542236328,8.420000076293945,8.460000038146973,948
2024-03-13,8.470000267028809,8.489999771118164,8.4399995803833,8.489999771118164,2923
2024-03-14,8.479999542236328,8.479999542236328,8.399999618530273,8.4399995803833,4967
2024-03-15,8.449999809265137,8.449999809265137,8.399999618530273,8.430000305175781,2128
2024-03-18,8.430000305175781,8.4399995803833,8.399999618530273,8.420000076293945,1475
2024-03-19,8.420000076293945,8.4399995803833,8.399999618530273,8.4399995803833,1846
2024-03-20,8.4399995803833,8.4399995803833,8.390000343322754,8.390000343322754,1833
2024-03-21,8.390000343322754,8.430000305175781,8.390000343322754,8.40999984741211,3754
2024-03-22,8.420000076293945,8.420000076293945,8.390000343322754,8.399999618530273,4276
2024-03-25,8.399999618530273,8.399999618530273,8.350000381469727,8.350000381469727,5109
2024-03-26,8.359999656677246,8.380000114440918,8.3100004196167,8.34000015258789,3689
2024-03-27,8.380000114440918,8.380000114440918,8.34000015258789,8.34000015258789,2561
2024-03-28,8.359999656677246,8.359999656677246,8.220000267028809,8.300000190734863,7131
2024-04-02,8.300000190734863,8.300000190734863,8.180000305175781,8.260000228881836,5480
2024-04-03,8.260000228881836,8.260000228881836,8.199999809265137,8.239999771118164,6212
2024-04-04,8.239999771118164,8.380000114440918,8.239999771118164,8.380000114440918,4750
2024-04-05,8.380000114440918,8.800000190734863,8.380000114440918,8.640000343322754,27869
2024-04-08,8.640000343322754,8.640000343322754,8.5,8.579999923706055,4323
2024-04-09,8.579999923706055,8.680000305175781,8.579999923706055,8.640000343322754,7217
2024-04-10,8.600000381469727,8.640000343322754,8.600000381469727,8.640000343322754,3410
2024-04-11,8.65999984741211,8.760000228881836,8.5600004196167,8.760000228881836,5628
2024-04-12,8.779999732971191,8.899999618530273,8.720000267028809,8.859999656677246,15162
2024-04-15,8.779999732971191,8.779999732971191,8.640000343322754,8.779999732971191,3441
2024-04-16,8.760000228881836,8.760000228881836,8.5600004196167,8.600000381469727,3385
2024-04-17,8.600000381469727,8.619999885559082,8.539999961853027,8.600000381469727,5245
2024-04-18,8.600000381469727,8.600000381469727,8.5,8.579999923706055,1907
2024-04-19,8.5600004196167,8.600000381469727,8.460000038146973,8.460000038146973,1690
2024-04-22,8.520000457763672,8.539999961853027,8.380000114440918,8.399999618530273,4812
2024-04-23,8.399999618530273,8.399999618530273,8.199999809265137,8.300000190734863,11880
2024-04-24,8.34000015258789,8.420000076293945,8.239999771118164,8.319999694824219,2537
2024-04-25,8.34000015258789,8.420000076293945,8.260000228881836,8.260000228881836,12103
2024-04-26,8.260000228881836,8.359999656677246,8.260000228881836,8.260000228881836,2837
2024-04-29,8.300000190734863,8.300000190734863,8.039999961853027,8.260000228881836,12966
2024-04-30,8.279999732971191,8.539999961853027,8.279999732971191,8.539999961853027,14102
2024-05-02,8.600000381469727,8.699999809265137,8.600000381469727,8.619999885559082,8397
2024-05-06,8.65999984741211,8.65999984741211,8.520000457763672,8.640000343322754,6031
2024-05-07,8.699999809265137,9.199999809265137,8.699999809265137,9.119999885559082,36721
2024-05-08,9.15999984741211,9.199999809265137,9.020000457763672,9.020000457763672,16259
2024-05-09,9.220000267028809,9.220000267028809,9.119999885559082,9.199999809265137,11830
2024-05-10,9.199999809265137,9.279999732971191,9.15999984741211,9.180000305175781,8283
2024-05-13,9.199999809265137,9.279999732971191,9.199999809265137,9.279999732971191,10106
2024-05-14,9.300000190734863,9.300000190734863,9.0600004196167,9.199999809265137,8613
2024-05-15,9.220000267028809,9.220000267028809,8.960000038146973,9.119999885559082,11350
2024-05-16,9.119999885559082,9.15999984741211,8.960000038146973,9.0600004196167,6967
2024-05-17,9.0600004196167,9.0600004196167,8.800000190734863,8.920000076293945,10732
2024-05-20,8.979999542236328,9.0,8.800000190734863,8.9399995803833,9687
2024-05-21,8.920000076293945,9.079999923706055,8.899999618530273,9.020000457763672,3787
2024-05-22,9.020000457763672,9.100000381469727,8.9399995803833,9.100000381469727,2418
2024-05-23,9.119999885559082,9.15999984741211,9.0,9.100000381469727,3960
2024-05-24,9.039999961853027,9.100000381469727,8.9399995803833,8.9399995803833,2659
2024-05-27,9.079999923706055,9.079999923706055,8.960000038146973,9.0,1140
2024-05-28,9.0,9.0,8.800000190734863,8.899999618530273,6188
2024-05-29,8.899999618530273,8.899999618530273,8.739999771118164,8.739999771118164,2907
2024-05-31,8.739999771118164,8.9399995803833,8.739999771118164,8.899999618530273,3352
2024-06-03,8.979999542236328,9.359999656677246,8.979999542236328,9.260000228881836,28313
2024-06-04,9.34000015258789,9.460000038146973,9.279999732971191,9.399999618530273,18449
2024-06-05,9.399999618530273,9.460000038146973,9.180000305175781,9.399999618530273,15363
2024-06-06,9.4399995803833,9.460000038146973,9.380000114440918,9.4399995803833,17690
2024-06-07,9.4399995803833,9.4399995803833,9.300000190734863,9.359999656677246,3207
2024-06-10,9.34000015258789,9.460000038146973,9.180000305175781,9.319999694824219,11195
2024-06-11,9.34000015258789,9.34000015258789,8.979999542236328,9.0600004196167,16803
2024-06-12,9.100000381469727,9.15999984741211,9.0,9.100000381469727,4907
2024-06-13,9.100000381469727,9.239999771118164,9.100000381469727,9.199999809265137,6326
2024-06-14,9.199999809265137,9.199999809265137,9.0600004196167,9.15999984741211,2705
2024-06-17,9.119999885559082,9.199999809265137,9.119999885559082,9.199999809265137,3683
2024-06-18,9.199999809265137,9.300000190734863,9.140000343322754,9.199999809265137,5157
2024-06-19,9.380000114440918,9.380000114440918,9.180000305175781,9.34000015258789,3778
2024-06-20,9.34000015258789,9.34000015258789,9.180000305175781,9.260000228881836,4798
2024-06-21,9.260000228881836,9.319999694824219,9.199999809265137,9.239999771118164,1376
2024-06-24,9.300000190734863,9.34000015258789,9.239999771118164,9.300000190734863,3576
2024-06-25,9.300000190734863,9.380000114440918,9.300000190734863,9.319999694824219,4716
2024-06-26,9.34000015258789,9.380000114440918,9.220000267028809,9.359999656677246,10162
2024-06-27,9.359999656677246,9.359999656677246,9.300000190734863,9.300000190734863,1418
2024-06-28,9.34000015258789,9.359999656677246,9.279999732971191,9.34000015258789,5291
2024-07-01,9.34000015258789,9.380000114440918,9.140000343322754,9.279999732971191,4445
2024-07-02,9.300000190734863,9.380000114440918,9.180000305175781,9.199999809265137,3540
2024-07-03,9.359999656677246,9.359999656677246,9.239999771118164,9.239999771118164,2600
2024-07-04,9.239999771118164,9.300000190734863,9.199999809265137,9.220000267028809,3397
2024-07-05,9.199999809265137,9.239999771118164,9.180000305175781,9.239999771118164,917
2024-07-08,9.300000190734863,9.319999694824219,9.15999984741211,9.300000190734863,3134
2024-07-09,9.300000190734863,9.34000015258789,9.239999771118164,9.260000228881836,942
2024-07-10,9.199999809265137,9.279999732971191,9.199999809265137,9.239999771118164,5010
2024-07-11,9.279999732971191,9.279999732971191,9.220000267028809,9.260000228881836,713
2024-07-12,9.220000267028809,9.319999694824219,9.220000267028809,9.300000190734863,5476
2024-07-15,9.300000190734863,9.34000015258789,9.239999771118164,9.260000228881836,5454
2024-07-16,9.300000190734863,9.300000190734863,9.180000305175781,9.279999732971191,7988
2024-07-17,9.180000305175781,9.279999732971191,9.15999984741211,9.15999984741211,1801
2024-07-18,9.119999885559082,9.239999771118164,9.100000381469727,9.239999771118164,3811
2024-07-19,9.199999809265137,9.199999809265137,9.100000381469727,9.119999885559082,2992
2024-07-22,9.119999885559082,9.260000228881836,9.119999885559082,9.140000343322754,3213
2024-07-23,9.15999984741211,9.239999771118164,8.979999542236328,9.180000305175781,9475
2024-07-24,9.020000457763672,9.180000305175781,8.84000015258789,9.039999961853027,7078
2024-07-25,9.020000457763672,9.020000457763672,8.739999771118164,8.899999618530273,17427
2024-07-26,8.880000114440918,9.0,8.800000190734863,8.84000015258789,2630
2024-07-29,8.9399995803833,8.979999542236328,8.859999656677246,8.920000076293945,1305
2024-07-30,8.920000076293945,8.920000076293945,8.819999694824219,8.819999694824219,3260
2024-07-31,8.819999694824219,8.9399995803833,8.800000190734863,8.859999656677246,1539
2024-08-01,8.9399995803833,8.960000038146973,8.800000190734863,8.9399995803833,6313
2024-08-02,8.800000190734863,8.880000114440918,8.760000228881836,8.880000114440918,5437
2024-08-05,8.779999732971191,8.779999732971191,8.359999656677246,8.520000457763672,28681
2024-08-06,8.5600004196167,8.5600004196167,8.359999656677246,8.539999961853027,6717
2024-08-07,8.699999809265137,8.699999809265137,8.399999618530273,8.5,2731
2024-08-08,8.579999923706055,8.579999923706055,8.460000038146973,8.5600004196167,1098
2024-08-09,8.5600004196167,8.699999809265137,8.5600004196167,8.65999984741211,3777
2024-08-12,8.640000343322754,8.739999771118164,8.619999885559082,8.720000267028809,3903
2024-08-13,8.619999885559082,8.720000267028809,8.619999885559082,8.640000343322754,882
2024-08-14,8.680000305175781,8.739999771118164,8.520000457763672,8.65999984741211,6354
2024-08-16,8.520000457763672,8.699999809265137,8.520000457763672,8.600000381469727,4180
2024-08-19,8.619999885559082,8.699999809265137,8.619999885559082,8.699999809265137,10262
2024-08-20,8.640000343322754,8.680000305175781,8.479999542236328,8.5,3210
2024-08-21,8.5,8.579999923706055,8.4399995803833,8.4399995803833,2863
2024-08-22,8.5600004196167,8.640000343322754,8.300000190734863,8.619999885559082,5080
2024-08-23,8.520000457763672,8.520000457763672,8.300000190734863,8.479999542236328,3810
2024-08-26,8.619999885559082,8.640000343322754,8.359999656677246,8.520000457763672,7680
2024-08-27,8.5,8.5600004196167,8.479999542236328,8.520000457763672,1487
2024-08-28,8.520000457763672,8.520000457763672,8.460000038146973,8.5,1866
2024-08-29,8.5,8.5,8.420000076293945,8.5,907
2024-08-30,8.5,8.5,8.4399995803833,8.5,611
2024-09-02,8.5600004196167,8.65999984741211,8.520000457763672,8.65999984741211,8400
2024-09-03,8.600000381469727,8.65999984741211,8.600000381469727,8.619999885559082,1566
2024-09-04,8.619999885559082,8.65999984741211,8.579999923706055,8.600000381469727,2922
2024-09-05,8.600000381469727,8.65999984741211,8.539999961853027,8.65999984741211,1260
2024-09-06,8.640000343322754,8.699999809265137,8.600000381469727,8.600000381469727,3897
2024-09-09,8.600000381469727,8.600000381469727,8.5600004196167,8.5600004196167,2253
2024-09-10,8.5,8.579999923706055,8.479999542236328,8.479999542236328,3668
2024-09-11,8.4399995803833,8.5,8.420000076293945,8.479999542236328,3929
2024-09-12,8.479999542236328,8.539999961853027,8.460000038146973,8.539999961853027,2683
2024-09-13,8.5600004196167,8.5600004196167,8.4399995803833,8.520000457763672,1436
2024-09-16,8.539999961853027,8.539999961853027,8.4399995803833,8.4399995803833,1035
2024-09-17,8.460000038146973,8.460000038146973,8.380000114440918,8.4399995803833,5160
2024-09-18,8.460000038146973,8.460000038146973,8.359999656677246,8.399999618530273,5515
2024-09-19,8.380000114440918,8.479999542236328,8.359999656677246,8.380000114440918,6421
2024-09-20,8.380000114440918,8.399999618530273,8.359999656677246,8.399999618530273,4068
2024-09-23,8.399999618530273,8.420000076293945,8.359999656677246,8.399999618530273,776
2024-09-24,8.399999618530273,8.4399995803833,8.359999656677246,8.399999618530273,1820
2024-09-25,8.420000076293945,8.460000038146973,8.380000114440918,8.380000114440918,2105
2024-09-26,8.460000038146973,8.460000038146973,8.399999618530273,8.399999618530273,3806
2024-09-27,8.399999618530273,8.5,8.399999618530273,8.4399995803833,5708
2024-09-30,8.4399995803833,8.520000457763672,8.4399995803833,8.479999542236328,5854
2024-10-01,8.579999923706055,8.579999923706055,8.420000076293945,8.479999542236328,4045
2024-10-02,8.539999961853027,8.5600004196167,8.420000076293945,8.479999542236328,1700
2024-10-03,8.479999542236328,8.5,8.420000076293945,8.479999542236328,1254
2024-10-04,8.479999542236328,8.539999961853027,8.420000076293945,8.539999961853027,4513
2024-10-07,8.539999961853027,8.579999923706055,8.479999542236328,8.579999923706055,7541
2024-10-08,8.579999923706055,8.579999923706055,8.399999618530273,8.399999618530273,6059
2024-10-09,8.399999618530273,8.399999618530273,8.359999656677246,8.399999618530273,1964
2024-10-10,8.359999656677246,8.399999618530273,8.359999656677246,8.380000114440918,1510
2024-10-11,8.399999618530273,8.399999618530273,8.319999694824219,8.380000114440918,2173
2024-10-14,8.380000114440918,8.380000114440918,8.15999984741211,8.279999732971191,13211
2024-10-15,8.260000228881836,8.300000190734863,8.220000267028809,8.300000190734863,900
2024-10-16,8.279999732971191,8.5,8.260000228881836,8.279999732971191,9088
2024-10-17,8.399999618530273,8.399999618530273,8.260000228881836,8.260000228881836,2459
2024-10-18,8.300000190734863,8.300000190734863,8.140000343322754,8.199999809265137,4867
2024-10-21,8.199999809265137,8.300000190734863,8.199999809265137,8.260000228881836,2079
2024-10-22,8.279999732971191,8.279999732971191,8.199999809265137,8.199999809265137,2133
2024-10-23,8.199999809265137,8.260000228881836,8.15999984741211,8.199999809265137,3036
2024-10-24,8.300000190734863,8.4399995803833,8.239999771118164,8.4399995803833,13035
2024-10-25,8.4399995803833,8.460000038146973,8.359999656677246,8.4399995803833,8623
2024-10-28,8.300000190734863,8.399999618530273,8.300000190734863,8.399999618530273,3405
2024-10-29,8.380000114440918,8.380000114440918,8.300000190734863,8.380000114440918,339
2024-10-30,8.380000114440918,8.539999961853027,8.34000015258789,8.4399995803833,8881
2024-10-31,8.4399995803833,8.520000457763672,8.420000076293945,8.520000457763672,2771
2024-11-04,8.420000076293945,8.520000457763672,8.380000114440918,8.420000076293945,3311
2024-11-05,8.420000076293945,8.420000076293945,8.319999694824219,8.380000114440918,3594
2024-11-06,8.359999656677246,8.4399995803833,8.319999694824219,8.399999618530273,2014
2024-11-07,8.399999618530273,8.399999618530273,8.300000190734863,8.380000114440918,3599
2024-11-08,8.420000076293945,8.5600004196167,8.380000114440918,8.5600004196167,8973
2024-11-12,8.479999542236328,8.579999923706055,8.420000076293945,8.479999542236328,8634
2024-11-13,8.479999542236328,8.579999923706055,8.420000076293945,8.5,4636
2024-11-14,8.539999961853027,8.539999961853027,8.5,8.5,3488
2024-11-15,8.5,8.520000457763672,8.399999618530273,8.399999618530273,16816
2024-11-18,8.380000114440918,8.399999618530273,8.300000190734863,8.359999656677246,3430
2024-11-19,8.380000114440918,8.380000114440918,8.260000228881836,8.319999694824219,3478
2024-11-20,8.319999694824219,8.34000015258789,8.260000228881836,8.319999694824219,4598
2024-11-21,8.319999694824219,8.420000076293945,8.319999694824219,8.420000076293945,1202
2024-11-22,8.460000038146973,8.460000038146973,8.279999732971191,8.420000076293945,2284
2024-11-25,8.399999618530273,8.420000076293945,8.279999732971191,8.380000114440918,2603
2024-11-26,8.380000114440918,8.4399995803833,8.300000190734863,8.4399995803833,2251
2024-11-27,8.34000015258789,8.359999656677246,8.239999771118164,8.34000015258789,3416
2024-11-28,8.34000015258789,8.34000015258789,8.260000228881836,8.34000015258789,279
2024-11-29,8.319999694824219,8.380000114440918,8.220000267028809,8.300000190734863,6841
2024-12-02,8.300000190734863,8.380000114440918,8.279999732971191,8.380000114440918,2411
2024-12-03,8.380000114440918,8.380000114440918,8.140000343322754,8.239999771118164,6374
2024-12-04,8.239999771118164,8.239999771118164,8.100000381469727,8.140000343322754,9279
2024-12-05,8.140000343322754,8.15999984741211,8.0600004196167,8.140000343322754,5608
2024-12-06,8.140000343322754,8.199999809265137,8.140000343322754,8.199999809265137,3305
2024-12-09,8.199999809265137,8.260000228881836,8.140000343322754,8.239999771118164,3982
2024-12-10,8.239999771118164,8.300000190734863,8.220000267028809,8.220000267028809,3595
2024-12-11,8.239999771118164,8.279999732971191,8.180000305175781,8.180000305175781,3014
2024-12-12,8.15999984741211,8.239999771118164,8.140000343322754,8.15999984741211,1236
2024-12-13,8.140000343322754,8.140000343322754,8.079999923706055,8.100000381469727,14288
2024-12-16,8.100000381469727,8.199999809265137,8.079999923706055,8.119999885559082,5012
2024-12-17,8.119999885559082,8.199999809265137,7.900000095367432,7.920000076293945,31151
2024-12-18,7.960000038146973,7.960000038146973,7.800000190734863,7.940000057220459,19782
2024-12-19,7.900000095367432,7.920000076293945,7.699999809265137,7.739999771118164,12009
2024-12-20,7.699999809265137,7.78000020980835,7.519999980926514,7.539999961853027,13169
2024-12-23,7.539999961853027,7.739999771118164,7.420000076293945,7.420000076293945,16016
2024-12-27,7.340000152587891,7.420000076293945,7.21999979019165,7.400000095367432,11328
2024-12-30,7.400000095367432,7.539999961853027,7.320000171661377,7.5,8293
2025-01-02,7.519999980926514,7.820000171661377,7.519999980926514,7.760000228881836,6188
2025-01-03,7.800000190734863,7.980000019073486,7.699999809265137,7.940000057220459,3815
2025-01-07,7.940000057220459,8.100000381469727,7.920000076293945,7.940000057220459,5929
2025-01-08,7.940000057220459,7.940000057220459,7.739999771118164,7.739999771118164,3013
2025-01-09,7.800000190734863,7.800000190734863,7.699999809265137,7.699999809265137,1076
2025-01-10,7.71999979019165,7.880000114440918,7.71999979019165,7.800000190734863,1161
2025-01-13,7.739999771118164,7.880000114440918,7.679999828338623,7.820000171661377,3044
2025-01-14,7.820000171661377,7.840000152587891,7.800000190734863,7.820000171661377,724
2025-01-15,7.739999771118164,7.880000114440918,7.739999771118164,7.760000228881836,2339
2025-01-16,7.880000114440918,7.960000038146973,7.78000020980835,7.960000038146973,3251
2025-01-17,7.960000038146973,8.079999923706055,7.900000095367432,8.079999923706055,3880
2025-01-20,8.079999923706055,8.100000381469727,8.0,8.079999923706055,2408
2025-01-21,8.079999923706055,8.220000267028809,8.039999961853027,8.100000381469727,2371
2025-01-22,8.199999809265137,8.260000228881836,8.140000343322754,8.239999771118164,3123
2025-01-23,8.239999771118164,8.239999771118164,8.15999984741211,8.180000305175781,1149
2025-01-24,8.180000305175781,8.180000305175781,8.020000457763672,8.079999923706055,4248
2025-01-27,8.140000343322754,8.180000305175781,8.0600004196167,8.180000305175781,2155
2025-01-28,8.199999809265137,8.199999809265137,8.140000343322754,8.140000343322754,895
2025-01-29,8.119999885559082,8.199999809265137,8.0600004196167,8.199999809265137,3435
2025-01-30,8.199999809265137,8.319999694824219,8.100000381469727,8.239999771118164,7550
2025-01-31,8.319999694824219,8.319999694824219,8.199999809265137,8.199999809265137,2040
2025-02-03,8.260000228881836,8.279999732971191,8.180000305175781,8.279999732971191,1818
2025-02-04,8.279999732971191,8.319999694824219,8.199999809265137,8.319999694824219,1811
2025-02-05,8.260000228881836,8.34000015258789,8.260000228881836,8.34000015258789,425
2025-02-06,8.34000015258789,8.359999656677246,8.260000228881836,8.300000190734863,1918
2025-02-07,8.34000015258789,8.359999656677246,8.199999809265137,8.34000015258789,4573
2025-02-10,8.359999656677246,8.479999542236328,8.34000015258789,8.420000076293945,7931
2025-02-11,8.420000076293945,8.600000381469727,8.420000076293945,8.579999923706055,6121
2025-02-12,8.600000381469727,8.779999732971191,8.600000381469727,8.779999732971191,6974
2025-02-13,8.760000228881836,8.800000190734863,8.680000305175781,8.699999809265137,6425
2025-02-14,8.720000267028809,8.800000190734863,8.5,8.739999771118164,18416
2025-02-17,8.739999771118164,8.739999771118164,8.600000381469727,8.699999809265137,3773
2025-02-18,8.600000381469727,8.880000114440918,8.600000381469727,8.880000114440918,17372
2025-02-19,8.880000114440918,8.899999618530273,8.680000305175781,8.739999771118164,4954
2025-02-20,8.739999771118164,8.800000190734863,8.579999923706055,8.619999885559082,3639
2025-02-21,8.699999809265137,9.100000381469727,8.699999809265137,9.0600004196167,22373
2025-02-24,9.020000457763672,9.100000381469727,8.899999618530273,8.899999618530273,12323
2025-02-25,8.880000114440918,9.039999961853027,8.880000114440918,8.960000038146973,8151
2025-02-26,8.979999542236328,9.140000343322754,8.979999542236328,9.119999885559082,10769
2025-02-27,9.119999885559082,9.119999885559082,9.0,9.0,8437
2025-02-28,9.0,9.039999961853027,8.899999618530273,8.979999542236328,2852
2025-03-03,9.0,9.140000343322754,8.899999618530273,9.079999923706055,7149
2025-03-04,9.020000457763672,9.079999923706055,8.819999694824219,8.880000114440918,6147
2025-03-05,8.899999618530273,9.0,8.880000114440918,9.0,1334
2025-03-06,9.0,9.619999885559082,8.979999542236328,9.420000076293945,74747
2025-03-07,9.420000076293945,9.960000038146973,9.34000015258789,9.520000457763672,41605
2025-03-10,9.619999885559082,9.619999885559082,9.460000038146973,9.479999542236328,10598
2025-03-11,9.460000038146973,9.479999542236328,9.199999809265137,9.300000190734863,3891
2025-03-12,9.300000190734863,9.359999656677246,9.199999809265137,9.300000190734863,4391
2025-03-13,9.380000114440918,9.399999618530273,9.220000267028809,9.380000114440918,2298
2025-03-14,9.279999732971191,9.479999542236328,9.239999771118164,9.359999656677246,10342
2025-03-17,9.359999656677246,9.479999542236328,9.239999771118164,9.460000038146973,2237
2025-03-18,9.460000038146973,9.5,9.300000190734863,9.300000190734863,11135
2025-03-19,9.300000190734863,9.300000190734863,9.039999961853027,9.180000305175781,6050
2025-03-20,9.180000305175781,9.199999809265137,9.020000457763672,9.039999961853027,3970
2025-03-21,9.079999923706055,9.15999984741211,9.0,9.15999984741211,1643
2025-03-24,9.15999984741211,9.199999809265137,9.0600004196167,9.100000381469727,1294
2025-03-25,9.100000381469727,9.100000381469727,9.0,9.0,4813
2025-03-26,8.960000038146973,8.960000038146973,8.819999694824219,8.819999694824219,5975
2025-03-27,8.800000190734863,8.899999618530273,8.800000190734863,8.880000114440918,1925
2025-03-28,8.880000114440918,8.899999618530273,8.819999694824219,8.84000015258789,918
2025-03-31,8.84000015258789,8.84000015258789,8.800000190734863,8.800000190734863,2045
2025-04-01,8.800000190734863,8.9399995803833,8.800000190734863,8.800000190734863,3488
2025-04-02,8.800000190734863,8.880000114440918,8.779999732971191,8.779999732971191,2545
2025-04-03,8.800000190734863,8.859999656677246,8.65999984741211,8.720000267028809,5576
2025-04-04,8.619999885559082,8.65999984741211,8.359999656677246,8.359999656677246,8845
2025-04-07,8.359999656677246,8.359999656677246,7.71999979019165,8.119999885559082,13369
2025-04-08,8.180000305175781,8.420000076293945,8.119999885559082,8.380000114440918,5663
2025-04-09,8.260000228881836,8.319999694824219,8.100000381469727,8.239999771118164,7568
2025-04-10,8.239999771118164,8.520000457763672,8.239999771118164,8.5,5407
2025-04-11,8.5,8.5,8.380000114440918,8.420000076293945,388
2025-04-14,8.880000114440918,8.880000114440918,8.220000267028809,8.239999771118164,12902
2025-04-15,8.239999771118164,8.5,8.239999771118164,8.4399995803833,1402
2025-04-16,8.279999732971191,8.4399995803833,8.279999732971191,8.4399995803833,4893
2025-04-17,8.4399995803833,8.600000381469727,8.4399995803833,8.600000381469727,5131
2025-04-22,8.600000381469727,8.680000305175781,8.539999961853027,8.640000343322754,2763
2025-04-23,8.640000343322754,8.699999809265137,8.520000457763672,8.680000305175781,2402
2025-04-24,8.680000305175781,8.720000267028809,8.619999885559082,8.680000305175781,2423
2025-04-25,8.699999809265137,8.819999694824219,8.680000305175781,8.739999771118164,5060
2025-04-28,8.800000190734863,8.800000190734863,8.539999961853027,8.579999923706055,3052
2025-04-29,8.579999923706055,8.680000305175781,8.5600004196167,8.640000343322754,1350
2025-04-30,8.640000343322754,8.680000305175781,8.539999961853027,8.5600004196167,3116
2025-05-02,8.5600004196167,8.680000305175781,8.539999961853027,8.600000381469727,1485
2025-05-05,8.5600004196167,8.65999984741211,8.5600004196167,8.640000343322754,2825
2025-05-06,8.600000381469727,8.600000381469727,8.460000038146973,8.539999961853027,9619
2025-05-07,8.539999961853027,8.600000381469727,8.539999961853027,8.539999961853027,1347
2025-05-08,8.600000381469727,8.600000381469727,8.539999961853027,8.5600004196167,4593
2025-05-09,8.600000381469727,8.640000343322754,8.420000076293945,8.5600004196167,11115
2025-05-12,8.5600004196167,8.5600004196167,8.420000076293945,8.539999961853027,3794
2025-05-13,8.4399995803833,8.579999923706055,8.399999618530273,8.5,7459
2025-05-14,8.4399995803833,8.5,8.300000190734863,8.359999656677246,5813
2025-05-15,8.399999618530273,8.399999618530273,8.300000190734863,8.34000015258789,5979
2025-05-16,8.380000114440918,8.380000114440918,8.300000190734863,8.319999694824219,3584
2025-05-19,8.300000190734863,8.380000114440918,8.279999732971191,8.300000190734863,2857
2025-05-20,8.300000190734863,8.359999656677246,8.300000190734863,8.359999656677246,1227
2025-05-21,8.34000015258789,8.359999656677246,8.279999732971191,8.279999732971191,3223
2025-05-22,8.279999732971191,8.279999732971191,8.079999923706055,8.239999771118164,11771
2025-05-23,8.199999809265137,8.220000267028809,8.100000381469727,8.220000267028809,2656
2025-05-26,8.199999809265137,8.239999771118164,8.180000305175781,8.199999809265137,1741
2025-05-27,8.220000267028809,8.300000190734863,8.180000305175781,8.239999771118164,1616
2025-05-28,8.300000190734863,8.640000343322754,8.300000190734863,8.640000343322754,13781
2025-05-29,8.640000343322754,8.640000343322754,8.520000457763672,8.579999923706055,3357
2025-05-30,8.579999923706055,8.65999984741211,8.4399995803833,8.520000457763672,8486
2025-06-02,8.579999923706055,8.65999984741211,8.399999618530273,8.579999923706055,7175
2025-06-03,8.600000381469727,8.600000381469727,8.460000038146973,8.539999961853027,4976
2025-06-04,8.520000457763672,8.520000457763672,8.399999618530273,8.479999542236328,620
2025-06-05,8.479999542236328,8.600000381469727,8.4399995803833,8.600000381469727,3248
2025-06-06,8.640000343322754,8.680000305175781,8.640000343322754,8.640000343322754,8090
2025-06-09,8.680000305175781,8.680000305175781,8.640000343322754,8.640000343322754,6156
2025-06-10,8.640000343322754,8.779999732971191,8.520000457763672,8.720000267028809,8704
2025-06-11,8.779999732971191,8.84000015258789,8.65999984741211,8.819999694824219,5543
2025-06-12,8.720000267028809,8.84000015258789,8.680000305175781,8.739999771118164,956
2025-06-13,8.680000305175781,8.680000305175781,8.460000038146973,8.460000038146973,5133
2025-06-16,8.4399995803833,8.579999923706055,8.380000114440918,8.479999542236328,2255
2025-06-17,8.479999542236328,8.479999542236328,8.380000114440918,8.479999542236328,1739
2025-06-18,8.5,8.5,8.399999618530273,8.399999618530273,1933
2025-06-20,8.399999618530273,8.460000038146973,8.399999618530273,8.460000038146973,1705
2025-06-23,8.460000038146973,8.460000038146973,8.380000114440918,8.460000038146973,1129
2025-06-24,8.460000038146973,8.460000038146973,8.380000114440918,8.460000038146973,5941
2025-06-25,8.460000038146973,8.5,8.359999656677246,8.4399995803833,4709
2025-06-26,8.4399995803833,8.579999923706055,8.4399995803833,8.520000457763672,1900
2025-06-27,8.520000457763672,8.640000343322754,8.520000457763672,8.539999961853027,5913
2025-06-30,8.539999961853027,8.720000267028809,8.539999961853027,8.579999923706055,1864
2025-07-01,8.600000381469727,8.739999771118164,8.579999923706055,8.619999885559082,1911
2025-07-02,8.619999885559082,8.699999809265137,8.600000381469727,8.699999809265137,678
2025-07-03,8.65999984741211,8.699999809265137,8.579999923706055,8.600000381469727,5339
2025-07-04,8.600000381469727,8.600000381469727,8.5600004196167,8.600000381469727,1733
2025-07-07,8.5600004196167,8.600000381469727,8.520000457763672,8.520000457763672,2342
2025-07-08,8.579999923706055,8.579999923706055,8.479999542236328,8.520000457763672,4746
2025-07-09,8.539999961853027,8.579999923706055,8.5,8.5,1379
2025-07-10,8.5,8.5600004196167,8.5,8.5600004196167,1401
2025-07-11,8.5600004196167,8.5600004196167,8.520000457763672,8.520000457763672,1326
2025-07-14,8.520000457763672,8.5600004196167,8.479999542236328,8.479999542236328,12670
2025-07-15,8.5,8.5,8.4399995803833,8.479999542236328,3050
2025-07-16,8.479999542236328,8.5,8.4399995803833,8.460000038146973,2618
2025-07-17,8.5,8.5,8.4399995803833,8.479999542236328,1087
2025-07-18,8.479999542236328,8.5,8.4399995803833,8.479999542236328,6804
2025-07-21,8.5,8.5,8.4399995803833,8.479999542236328,2756
2025-07-22,8.5,8.5,8.460000038146973,8.479999542236328,3086
2025-07-23,8.5,8.539999961853027,8.460000038146973,8.520000457763672,4450
2025-07-24,8.520000457763672,8.800000190734863,8.520000457763672,8.680000305175781,13024
2025-07-25,8.65999984741211,8.65999984741211,8.4399995803833,8.640000343322754,9807
2025-07-28,8.640000343322754,8.739999771118164,8.579999923706055,8.600000381469727,5931
2025-07-29,8.5600004196167,8.579999923706055,8.520000457763672,8.520000457763672,2547
2025-07-30,8.539999961853027,8.600000381469727,8.5,8.5,5415
2025-07-31,8.5,8.520000457763672,8.4399995803833,8.5,5018
2025-08-01,8.479999542236328,8.479999542236328,8.34000015258789,8.4399995803833,10420
2025-08-04,8.260000228881836,8.380000114440918,8.15999984741211,8.319999694824219,8410
2025-08-05,8.34000015258789,8.34000015258789,8.260000228881836,8.34000015258789,2772
2025-08-06,8.34000015258789,8.359999656677246,8.239999771118164,8.34000015258789,3190
2025-08-07,8.34000015258789,8.34000015258789,8.239999771118164,8.34000015258789,5997
2025-08-08,8.300000190734863,8.4399995803833,8.220000267028809,8.4399995803833,3979
2025-08-11,8.420000076293945,8.4399995803833,8.359999656677246,8.4399995803833,3744
2025-08-12,8.399999618530273,8.460000038146973,8.399999618530273,8.399999618530273,3731
2025-08-13,8.399999618530273,8.420000076293945,8.380000114440918,8.399999618530273,5211
2025-08-14,8.380000114440918,8.399999618530273,8.34000015258789,8.34000015258789,3181
2025-08-18,8.34000015258789,8.34000015258789,8.220000267028809,8.34000015258789,19038
2025-08-19,8.119999885559082,8.119999885559082,8.039999961853027,8.100000381469727,5767
2025-08-20,8.100000381469727,8.180000305175781,8.079999923706055,8.079999923706055,12847
2025-08-21,8.079999923706055,8.140000343322754,8.079999923706055,8.119999885559082,1535
2025-08-22,8.100000381469727,8.140000343322754,8.100000381469727,8.100000381469727,1607
2025-08-25,8.079999923706055,8.140000343322754,8.020000457763672,8.100000381469727,10647
2025-08-26,8.100000381469727,8.140000343322754,8.0600004196167,8.079999923706055,6259
2025-08-27,8.079999923706055,8.100000381469727,8.020000457763672,8.100000381469727,1486
2025-08-28,8.020000457763672,8.100000381469727,7.980000019073486,8.079999923706055,4142
2025-08-29,8.079999923706055,8.100000381469727,7.940000057220459,8.0600004196167,1083
2025-09-01,8.0600004196167,8.0600004196167,8.020000457763672,8.0600004196167,2847
2025-09-02,8.0600004196167,8.100000381469727,8.020000457763672,8.0600004196167,1411
2025-09-03,8.0600004196167,8.0600004196167,7.980000019073486,8.0,3364
2025-09-04,8.0,8.020000457763672,7.980000019073486,7.980000019073486,2827
2025-09-05,8.020000457763672,8.020000457763672,7.900000095367432,7.940000057220459,3418
2025-09-08,7.940000057220459,8.0,7.940000057220459,7.960000038146973,1804
2025-09-09,8.0,8.039999961853027,7.960000038146973,8.039999961853027,2330
2025-09-10,8.039999961853027,8.0600004196167,7.960000038146973,8.0600004196167,15691
2025-09-11,8.039999961853027,8.0600004196167,8.0,8.039999961853027,2178
2025-09-12,8.039999961853027,8.0600004196167,8.0,8.020000457763672,2808
2025-09-15,8.039999961853027,8.079999923706055,7.980000019073486,8.0600004196167,3785
2025-09-16,8.0600004196167,8.0600004196167,7.960000038146973,8.0600004196167,4947
2025-09-17,7.980000019073486,8.079999923706055,7.960000038146973,8.079999923706055,3044
2025-09-18,8.079999923706055,8.300000190734863,8.079999923706055,8.180000305175781,12996
2025-09-19,8.140000343322754,8.300000190734863,8.100000381469727,8.300000190734863,11250
2025-09-22,8.279999732971191,8.300000190734863,8.180000305175781,8.300000190734863,4421
2025-09-23,8.300000190734863,8.359999656677246,8.119999885559082,8.359999656677246,7482
2025-09-24,8.300000190734863,8.420000076293945,8.180000305175781,8.399999618530273,8407
2025-09-25,8.420000076293945,8.5,8.380000114440918,8.399999618530273,6445
2025-09-26,8.300000190734863,8.380000114440918,8.220000267028809,8.279999732971191,3200
2025-09-29,8.34000015258789,8.380000114440918,8.260000228881836,8.359999656677246,7235
2025-09-30,8.359999656677246,8.359999656677246,8.220000267028809,8.239999771118164,2695
2025-10-01,8.260000228881836,8.399999618530273,8.260000228881836,8.279999732971191,4010
2025-10-02,8.279999732971191,8.359999656677246,8.260000228881836,8.34000015258789,9224
2025-10-03,8.359999656677246,9.100000381469727,8.359999656677246,8.979999542236328,113353
2025-10-06,9.039999961853027,9.0600004196167,8.680000305175781,8.84000015258789,32211
2025-10-07,8.800000190734863,9.020000457763672,8.760000228881836,9.0,24490
2025-10-08,8.979999542236328,9.0,8.5600004196167,8.699999809265137,16702
2025-10-09,8.720000267028809,8.720000267028809,8.460000038146973,8.539999961853027,12753
2025-10-10,8.539999961853027,8.539999961853027,8.300000190734863,8.399999618530273,10500
2025-10-13,8.380000114440918,8.399999618530273,8.319999694824219,8.399999618530273,7710
2025-10-14,8.34000015258789,8.4399995803833,8.220000267028809,8.420000076293945,4640
2025-10-15,8.34000015258789,8.420000076293945,8.300000190734863,8.420000076293945,1069
2025-10-16,8.380000114440918,8.399999618530273,8.260000228881836,8.279999732971191,3021
2025-10-17,8.279999732971191,8.279999732971191,8.199999809265137,8.279999732971191,3983
2025-10-20,8.279999732971191,8.4399995803833,8.279999732971191,8.420000076293945,7747
2025-10-21,8.4399995803833,8.699999809265137,8.359999656677246,8.600000381469727,14199
2025-10-22,8.539999961853027,8.680000305175781,8.539999961853027,8.619999885559082,1961
2025-10-23,8.619999885559082,8.619999885559082,8.539999961853027,8.539999961853027,885
2025-10-24,8.5600004196167,8.699999809265137,8.5600004196167,8.65999984741211,1654
2025-10-27,8.640000343322754,8.640000343322754,8.539999961853027,8.539999961853027,951
2025-10-28,8.5600004196167,8.5600004196167,8.5,8.520000457763672,929
2025-10-29,8.5,8.65999984741211,8.5,8.539999961853027,5604
2025-10-30,8.579999923706055,8.579999923706055,8.460000038146973,8.539999961853027,3127
2025-10-31,8.539999961853027,8.539999961853027,8.399999618530273,8.479999542236328,3669
2025-11-03,8.479999542236328,8.5,8.420000076293945,8.5,1125
2025-11-04,8.4399995803833,8.479999542236328,8.380000114440918,8.399999618530273,2969
2025-11-05,8.380000114440918,8.479999542236328,8.34000015258789,8.460000038146973,3591
2025-11-06,8.4399995803833,8.5,8.380000114440918,8.380000114440918,2354
2025-11-07,8.34000015258789,8.399999618530273,8.279999732971191,8.279999732971191,4338
2025-11-10,8.279999732971191,8.34000015258789,8.260000228881836,8.34000015258789,3646
2025-11-12,8.279999732971191,8.359999656677246,8.239999771118164,8.34000015258789,4856
2025-11-13,8.34000015258789,8.359999656677246,8.300000190734863,8.300000190734863,214
2025-11-14,8.300000190734863,8.34000015258789,8.239999771118164,8.239999771118164,3795
2025-11-17,8.239999771118164,8.319999694824219,8.239999771118164,8.300000190734863,546
2025-11-18,8.300000190734863,8.300000190734863,8.199999809265137,8.199999809265137,1314
2025-11-19,8.180000305175781,8.220000267028809,8.119999885559082,8.220000267028809,2415
2025-11-20,8.239999771118164,8.239999771118164,8.15999984741211,8.220000267028809,1171
2025-11-21,8.220000267028809,8.220000267028809,8.100000381469727,8.100000381469727,3520
2025-11-24,8.119999885559082,8.140000343322754,8.039999961853027,8.100000381469727,1951
2025-11-25,8.0600004196167,8.100000381469727,7.960000038146973,7.960000038146973,9625
2025-11-26,7.960000038146973,8.079999923706055,7.960000038146973,8.0600004196167,2199
2025-11-27,8.0600004196167,8.100000381469727,8.0,8.0,1852
2025-11-28,8.039999961853027,8.039999961853027,8.020000457763672,8.039999961853027,2481
2025-12-01,8.039999961853027,8.039999961853027,7.980000019073486,8.020000457763672,1626
2025-12-02,8.020000457763672,8.020000457763672,7.960000038146973,8.020000457763672,9724
2025-12-03,8.020000457763672,8.020000457763672,7.940000057220459,7.980000019073486,1590
2025-12-04,7.980000019073486,8.0,7.940000057220459,8.0,2380
2025-12-05,7.980000019073486,7.980000019073486,7.900000095367432,7.960000038146973,3495
2025-12-08,7.960000038146973,7.960000038146973,7.900000095367432,7.920000076293945,2273
2025-12-09,7.920000076293945,7.940000057220459,7.900000095367432,7.940000057220459,866
2025-12-10,7.940000057220459,7.960000038146973,7.880000114440918,7.900000095367432,3917
2025-12-11,7.900000095367432,7.940000057220459,7.860000133514404,7.940000057220459,4342
2025-12-12,7.940000057220459,7.960000038146973,7.880000114440918,7.880000114440918,4695
2025-12-15,7.840000152587891,7.940000057220459,7.840000152587891,7.880000114440918,14195
2025-12-16,7.880000114440918,7.940000057220459,7.800000190734863,7.860000133514404,8812
2025-12-17,7.920000076293945,7.920000076293945,7.860000133514404,7.900000095367432,6391
2025-12-18,7.880000114440918,7.880000114440918,7.699999809265137,7.71999979019165,12963
2025-12-19,7.699999809265137,7.800000190734863,7.599999904632568,7.699999809265137,8545
2025-12-22,7.800000190734863,7.800000190734863,7.400000095367432,7.440000057220459,30861
2025-12-23,7.440000057220459,7.5,7.380000114440918,7.480000019073486,20476
2025-12-29,7.539999961853027,7.71999979019165,7.5,7.699999809265137,7942
2025-12-30,7.71999979019165,7.78000020980835,7.71999979019165,7.739999771118164,3447
2026-01-02,7.940000057220459,8.0,7.800000190734863,7.920000076293945,15961
2026-01-05,7.900000095367432,8.079999923706055,7.840000152587891,8.0600004196167,6953
2026-01-07,8.0600004196167,8.199999809265137,8.0600004196167,8.079999923706055,5130
2026-01-08,8.100000381469727,8.100000381469727,7.840000152587891,8.0,2613
2026-01-09,8.0,8.079999923706055,8.0,8.039999961853027,1560
2026-01-12,8.039999961853027,8.079999923706055,8.0,8.0600004196167,4680
2026-01-13,7.980000019073486,8.0600004196167,7.880000114440918,8.039999961853027,3536
2026-01-14,8.039999961853027,8.079999923706055,7.960000038146973,8.0600004196167,4595
2026-01-15,8.100000381469727,8.100000381469727,8.0,8.079999923706055,2170
2026-01-16,8.039999961853027,8.460000038146973,8.0,8.319999694824219,21306
2026-01-19,8.239999771118164,8.300000190734863,8.220000267028809,8.300000190734863,1942
2026-01-20,8.260000228881836,8.260000228881836,8.039999961853027,8.220000267028809,2524
2026-01-21,8.199999809265137,8.220000267028809,8.119999885559082,8.199999809265137,522
2026-01-22,8.119999885559082,8.220000267028809,8.100000381469727,8.199999809265137,9814
2026-01-23,8.180000305175781,8.199999809265137,8.0,8.079999923706055,9384
2026-01-26,8.020000457763672,8.15999984741211,8.0,8.15999984741211,16636
2026-01-27,8.100000381469727,8.220000267028809,8.0600004196167,8.199999809265137,9415
2026-01-28,8.140000343322754,8.300000190734863,8.140000343322754,8.239999771118164,16228
2026-01-29,8.239999771118164,8.239999771118164,8.15999984741211,8.239999771118164,3140
2026-01-30,8.199999809265137,8.239999771118164,8.0600004196167,8.180000305175781,7586
2026-02-02,8.180000305175781,8.180000305175781,8.0600004196167,8.15999984741211,2377
2026-02-03,8.15999984741211,8.15999984741211,8.0600004196167,8.100000381469727,2053
2026-02-04,8.100000381469727,8.199999809265137,8.100000381469727,8.199999809265137,4946
2026-02-05,8.199999809265137,8.260000228881836,8.15999984741211,8.239999771118164,3451
2026-02-06,8.15999984741211,8.199999809265137,8.100000381469727,8.100000381469727,1732
2026-02-09,8.100000381469727,8.180000305175781,8.100000381469727,8.100000381469727,1159
2026-02-10,8.100000381469727,8.100000381469727,8.039999961853027,8.039999961853027,1732
2026-02-11,8.039999961853027,8.180000305175781,8.039999961853027,8.100000381469727,9790
2026-02-12,8.15999984741211,8.15999984741211,8.079999923706055,8.100000381469727,427
2026-02-13,8.100000381469727,8.140000343322754,8.079999923706055,8.100000381469727,1927
2026-02-16,8.100000381469727,8.180000305175781,8.079999923706055,8.100000381469727,5254
2026-02-17,8.100000381469727,8.119999885559082,8.079999923706055,8.100000381469727,1790
2026-02-18,8.100000381469727,8.140000343322754,8.100000381469727,8.119999885559082,809
2026-02-19,8.15999984741211,8.15999984741211,8.119999885559082,8.140000343322754,711
2026-02-20,8.140000343322754,8.15999984741211,8.0600004196167,8.140000343322754,991
2026-02-23,8.100000381469727,8.15999984741211,8.100000381469727,8.140000343322754,1759
2026-02-24,8.15999984741211,8.180000305175781,8.039999961853027,8.0600004196167,5713
2026-02-25,8.039999961853027,8.119999885559082,8.039999961853027,8.119999885559082,6714
2026-02-26,8.119999885559082,8.119999885559082,8.079999923706055,8.100000381469727,1878
2026-02-27,8.300000190734863,8.739999771118164,8.300000190734863,8.619999885559082,61598
2026-03-02,8.619999885559082,8.619999885559082,8.399999618530273,8.399999618530273,8713
2026-03-03,8.520000457763672,8.520000457763672,8.180000305175781,8.180000305175781,12293
2026-03-04,8.199999809265137,8.380000114440918,8.140000343322754,8.239999771118164,4318
2026-03-05,8.239999771118164,8.399999618530273,8.239999771118164,8.34000015258789,2387
2026-03-06,8.380000114440918,8.5,8.319999694824219,8.460000038146973,3703
2026-03-09,8.359999656677246,8.359999656677246,8.260000228881836,8.34000015258789,4048
2026-03-10,8.34000015258789,8.420000076293945,8.34000015258789,8.34000015258789,2060
2026-03-11,8.359999656677246,8.420000076293945,8.34000015258789,8.380000114440918,568
2026-03-12,8.380000114440918,8.479999542236328,8.359999656677246,8.4399995803833,5083
2026-03-13,8.399999618530273,8.399999618530273,8.300000190734863,8.359999656677246,3137
2026-03-16,8.359999656677246,8.380000114440918,8.220000267028809,8.300000190734863,2958
2026-03-17,8.300000190734863,8.380000114440918,8.260000228881836,8.300000190734863,4920
2026-03-18,8.359999656677246,8.380000114440918,8.300000190734863,8.380000114440918,2400
2026-03-19,8.380000114440918,8.380000114440918,8.119999885559082,8.260000228881836,10963
2026-03-20,8.260000228881836,8.319999694824219,8.140000343322754,8.260000228881836,3850
2026-03-23,8.119999885559082,8.180000305175781,8.0600004196167,8.180000305175781,4717
2026-03-24,8.180000305175781,8.180000305175781,8.079999923706055,8.100000381469727,1050
2026-03-25,8.119999885559082,8.15999984741211,8.079999923706055,8.15999984741211,1604
2026-03-26,8.119999885559082,8.140000343322754,8.079999923706055,8.079999923706055,1896
2026-03-27,8.079999923706055,8.079999923706055,8.0,8.039999961853027,4573
2026-03-30,8.260000228881836,8.260000228881836,8.0,8.15999984741211,7166
2026-03-31,8.15999984741211,8.199999809265137,8.15999984741211,8.199999809265137,490
2026-04-01,8.199999809265137,8.239999771118164,8.0600004196167,8.180000305175781,3863
2026-04-02,8.180000305175781,8.260000228881836,8.180000305175781,8.239999771118164,2806
2026-04-07,8.260000228881836,8.34000015258789,8.260000228881836,8.319999694824219,5840
2026-04-08,8.319999694824219,8.319999694824219,8.199999809265137,8.239999771118164,2821
2026-04-09,8.279999732971191,8.319999694824219,8.220000267028809,8.319999694824219,1629
2026-04-10,8.300000190734863,8.300000190734863,8.199999809265137,8.260000228881836,5275
2026-04-13,8.260000228881836,8.260000228881836,8.180000305175781,8.199999809265137,2965
2026-04-14,8.199999809265137,8.300000190734863,8.15999984741211,8.300000190734863,4796
2026-04-15,8.300000190734863,8.479999542236328,8.279999732971191,8.460000038146973,22602
2026-04-16,8.520000457763672,8.5600004196167,8.359999656677246,8.460000038146973,7941
2026-04-17,8.4399995803833,8.5,8.380000114440918,8.4399995803833,5438
2026-04-20,8.399999618530273,8.479999542236328,8.359999656677246,8.399999618530273,9364
2026-04-21,8.420000076293945,8.479999542236328,8.359999656677246,8.399999618530273,5070
2026-04-22,8.399999618530273,8.5,8.399999618530273,8.4399995803833,8388
2026-04-23,8.420000076293945,8.420000076293945,8.34000015258789,8.359999656677246,2793
2026-04-24,8.359999656677246,8.359999656677246,8.260000228881836,8.319999694824219,4943
2026-04-27,8.380000114440918,8.399999618530273,8.300000190734863,8.399999618530273,2185
2026-04-28,8.600000381469727,9.199999809265137,8.420000076293945,8.880000114440918,82827
2026-04-29,8.920000076293945,9.039999961853027,8.65999984741211,8.779999732971191,25999
2026-04-30,8.920000076293945,8.920000076293945,8.579999923706055,8.739999771118164,16947
2026-05-04,8.760000228881836,8.979999542236328,8.720000267028809,8.720000267028809,16556
2026-05-05,8.739999771118164,8.760000228881836,8.579999923706055,8.760000228881836,7445
2026-05-06,8.760000228881836,9.039999961853027,8.699999809265137,9.039999961853027,14470
2026-05-07,9.100000381469727,9.300000190734863,8.899999618530273,9.180000305175781,32126
2026-05-08,9.260000228881836,9.300000190734863,9.15999984741211,9.300000190734863,20798
2026-05-11,9.4399995803833,9.5,9.359999656677246,9.4399995803833,10406
2026-05-12,9.399999618530273,9.479999542236328,9.300000190734863,9.479999542236328,14018
2026-05-13,9.479999542236328,9.600000381469727,9.199999809265137,9.600000381469727,23348
2026-05-14,9.640000343322754,9.880000114440918,9.319999694824219,9.479999542236328,44518
2026-05-15,9.65999984741211,9.65999984741211,9.34000015258789,9.399999618530273,5368
2026-05-18,9.399999618530273,9.699999809265137,9.34000015258789,9.460000038146973,10898
2026-05-19,9.460000038146973,9.699999809265137,9.460000038146973,9.5600004196167,6966
2026-05-20,9.640000343322754,9.640000343322754,9.520000457763672,9.600000381469727,4029
2026-05-21,9.619999885559082,9.640000343322754,9.279999732971191,9.399999618530273,14913
2026-05-22,9.5600004196167,9.600000381469727,9.220000267028809,9.520000457763672,11473
2026-05-25,9.5600004196167,9.5600004196167,9.319999694824219,9.520000457763672,8152
2026-05-26,9.520000457763672,9.520000457763672,9.420000076293945,9.4399995803833,7427
2026-05-27,9.479999542236328,9.520000457763672,9.319999694824219,9.399999618530273,7305
2026-05-28,9.399999618530273,9.4399995803833,9.359999656677246,9.4399995803833,3098
2026-05-29,9.34000015258789,9.479999542236328,9.34000015258789,9.399999618530273,2554
2026-06-01,9.4399995803833,9.479999542236328,9.300000190734863,9.300000190734863,5665
2026-06-02,9.34000015258789,9.4399995803833,9.319999694824219,9.4399995803833,4489
2026-06-03,9.34000015258789,9.460000038146973,9.319999694824219,9.319999694824219,3641
2026-06-05,9.319999694824219,9.380000114440918,9.260000228881836,9.260000228881836,2616
2026-06-08,9.260000228881836,9.260000228881836,8.800000190734863,9.079999923706055,14101
2026-06-09,9.020000457763672,9.34000015258789,9.020000457763672,9.0600004196167,6151
2026-06-10,9.140000343322754,9.15999984741211,8.899999618530273,8.899999618530273,7799
2026-06-11,8.899999618530273,8.979999542236328,8.899999618530273,8.920000076293945,4006
2026-06-12,8.979999542236328,9.15999984741211,8.979999542236328,9.100000381469727,5559
2026-06-15,9.039999961853027,9.180000305175781,9.0,9.0,7193
2026-06-16,9.020000457763672,9.15999984741211,8.800000190734863,9.100000381469727,11857
2026-06-17,9.119999885559082,9.140000343322754,9.079999923706055,9.079999923706055,1114
2026-06-18,9.100000381469727,9.140000343322754,8.899999618530273,8.899999618530273,5002
2026-06-19,8.979999542236328,8.979999542236328,8.899999618530273,8.899999618530273,2281
2026-06-22,8.880000114440918,8.899999618530273,8.819999694824219,8.819999694824219,3641
2026-06-23,8.819999694824219,8.880000114440918,8.800000190734863,8.859999656677246,3402
2026-06-24,8.859999656677246,8.899999618530273,8.859999656677246,8.859999656677246,1133
2026-06-25,8.859999656677246,8.880000114440918,8.819999694824219,8.859999656677246,715
2026-06-26,8.859999656677246,8.859999656677246,8.680000305175781,8.819999694824219,6407
2026-06-29,8.800000190734863,8.800000190734863,8.779999732971191,8.800000190734863,833
2026-06-30,8.800000190734863,8.800000190734863,8.739999771118164,8.800000190734863,1301
2026-07-01,8.800000190734863,8.819999694824219,8.739999771118164,8.739999771118164,3063
2026-07-02,8.779999732971191,8.800000190734863,8.779999732971191,8.800000190734863,894
2026-07-03,8.800000190734863,8.859999656677246,8.779999732971191,8.800000190734863,3940
2026-07-06,8.800000190734863,9.039999961853027,8.779999732971191,8.920000076293945,6667
2026-07-07,9.0600004196167,9.199999809265137,8.920000076293945,9.079999923706055,3149
2026-07-08,9.119999885559082,9.15999984741211,9.039999961853027,9.15999984741211,3661
2026-07-09,9.119999885559082,9.239999771118164,9.100000381469727,9.220000267028809,3688
2026-07-10,9.140000343322754,9.300000190734863,9.140000343322754,9.300000190734863,5633
2026-07-13,9.300000190734863,9.4399995803833,9.300000190734863,9.4399995803833,15261
2026-07-14,9.460000038146973,9.5,9.15999984741211,9.279999732971191,10726
2026-07-15,9.220000267028809,9.279999732971191,9.180000305175781,9.199999809265137,3656
2026-07-16,9.199999809265137,9.239999771118164,9.100000381469727,9.220000267028809,3651
2026-07-17,9.239999771118164,9.239999771118164,8.9399995803833,9.100000381469727,10344
2026-07-20,9.140000343322754,9.180000305175781,9.020000457763672,9.0600004196167,2878
2026-07-21,9.15999984741211,9.15999984741211,9.100000381469727,9.119999885559082,611
2026-07-22,9.15999984741211,9.199999809265137,9.100000381469727,9.199999809265137,4706
2026-07-23,9.199999809265137,9.239999771118164,9.15999984741211,9.180000305175781,2892
2026-07-24,9.180000305175781,9.220000267028809,9.140000343322754,9.199999809265137,2436
2026-07-27,9.220000267028809,9.279999732971191,9.199999809265137,9.260000228881836,3135
2026-07-28,9.279999732971191,9.279999732971191,9.140000343322754,9.15999984741211,13204
2026-07-29,9.220000267028809,9.220000267028809,9.140000343322754,9.140000343322754,8960
2026-07-30,9.140000343322754,9.140000343322754,8.859999656677246,8.899999618530273,8946
2026-07-31,8.960000038146973,8.960000038146973,8.760000228881836,8.859999656677246,13325
2026-08-03,8.859999656677246,9.039999961853027,8.859999656677246,9.0,6787
2026-08-04,9.0600004196167,9.0600004196167,8.899999618530273,9.039999961853027,3443
2026-08-05,9.039999961853027,9.140000343322754,9.039999961853027,9.039999961853027,1608
2026-08-06,9.0,9.039999961853027,8.960000038146973,9.020000457763672,1512
2026-08-07,9.0,9.15999984741211,9.0,9.15999984741211,7694
2026-08-10,9.5,9.800000190734863,9.380000114440918,9.760000228881836,127158
2026-08-11,9.800000190734863,10.300000190734863,9.779999732971191,10.0,88661
2026-08-12,10.199999809265137,10.199999809265137,10.100000381469727,10.199999809265137,30637
2026-08-13,10.100000381469727,10.300000190734863,10.0,10.100000381469727,20817
2026-08-14,10.149999618530273,10.149999618530273,9.899999618530273,9.920000076293945,17062
2026-08-17,10.050000190734863,10.149999618530273,9.920000076293945,10.100000381469727,24297
2026-08-18,9.819999694824219,9.84000015258789,9.699999809265137,9.779999732971191,13777
2026-08-19,9.760000228881836,9.800000190734863,9.739999771118164,9.800000190734863,11425
2026-08-20,9.800000190734863,9.859999656677246,9.739999771118164,9.739999771118164,11943
2026-08-21,9.779999732971191,9.800000190734863,9.720000267028809,9.779999732971191,2915
2026-08-24,9.720000267028809,9.859999656677246,9.720000267028809,9.779999732971191,7669
2026-08-25,9.760000228881836,9.779999732971191,9.720000267028809,9.779999732971191,1347
2026-08-26,9.779999732971191,9.779999732971191,9.619999885559082,9.65999984741211,5813
2026-08-27,9.619999885559082,9.65999984741211,9.600000381469727,9.640000343322754,4643
2026-08-28,9.699999809265137,9.779999732971191,9.699999809265137,9.720000267028809,8717
2026-08-31,9.779999732971191,10.199999809265137,9.720000267028809,9.979999542236328,75431
2026-09-01,9.979999542236328,10.149999618530273,9.819999694824219,10.100000381469727,20259
2026-09-02,10.149999618530273,10.149999618530273,9.979999542236328,10.100000381469727,10464
2026-09-03,10.0,10.100000381469727,9.760000228881836,9.899999618530273,14813
2026-09-04,9.760000228881836,9.960000038146973,9.739999771118164,9.760000228881836,6643
2026-09-08,9.979999542236328,9.979999542236328,9.800000190734863,9.880000114440918,5716
2026-09-09,9.819999694824219,9.899999618530273,9.779999732971191,9.880000114440918,4050
2026-09-10,9.880000114440918,9.899999618530273,9.760000228881836,9.880000114440918,1821
2026-09-11,9.899999618530273,9.960000038146973,9.84000015258789,9.84000015258789,3027
2026-09-14,9.84000015258789,9.859999656677246,9.520000457763672,9.520000457763672,15275
2026-09-15,9.5,9.5600004196167,9.479999542236328,9.479999542236328,1847
2026-09-17,9.520000457763672,9.520000457763672,9.520000457763672,9.520000457763672,120
