date,open,high,low,close,volume
2021-09-17,23.700000762939453,24.0,23.399999618530273,24.0,924
2021-09-20,23.899999618530273,23.899999618530273,22.799999237060547,23.0,2600
2021-09-21,23.0,23.0,22.549999237060547,23.0,451
2021-09-22,23.0,23.0,22.899999618530273,22.899999618530273,108
2021-09-23,23.0,24.200000762939453,23.0,24.100000381469727,2946
2021-09-24,24.100000381469727,25.950000762939453,23.0,25.100000381469727,8835
2021-09-27,25.0,25.0,23.799999237060547,25.0,2836
2021-09-28,24.049999237060547,24.649999618530273,23.600000381469727,24.549999237060547,1205
2021-09-29,24.850000381469727,24.850000381469727,23.5,23.549999237060547,358
2021-09-30,23.600000381469727,23.600000381469727,23.399999618530273,23.399999618530273,2342
2021-10-01,23.399999618530273,24.0,23.299999237060547,23.450000762939453,2701
2021-10-04,23.549999237060547,24.399999618530273,23.0,23.600000381469727,1028
2021-10-05,23.100000381469727,23.549999237060547,23.0,23.549999237060547,812
2021-10-06,23.0,23.100000381469727,23.0,23.100000381469727,105
2021-10-07,23.450000762939453,23.450000762939453,22.899999618530273,22.899999618530273,322
2021-10-08,22.799999237060547,23.25,22.299999237060547,23.149999618530273,1703
2021-10-11,22.600000381469727,23.100000381469727,22.399999618530273,23.100000381469727,722
2021-10-12,23.100000381469727,23.100000381469727,22.149999618530273,22.700000762939453,1108
2021-10-13,22.25,22.700000762939453,22.0,22.649999618530273,3648
2021-10-14,22.049999237060547,22.399999618530273,21.899999618530273,21.899999618530273,1208
2021-10-15,22.399999618530273,22.399999618530273,21.899999618530273,21.899999618530273,88
2021-10-18,22.200000762939453,22.600000381469727,21.5,21.5,1402
2021-10-19,21.549999237060547,22.149999618530273,21.5,21.5,768
2021-10-20,21.5,21.5,19.799999237060547,21.049999237060547,4278
2021-10-21,21.299999237060547,21.299999237060547,19.5,20.899999618530273,4284
2021-10-22,20.149999618530273,20.850000381469727,20.149999618530273,20.850000381469727,230
2021-10-25,21.299999237060547,21.299999237060547,20.0,20.100000381469727,1307
2021-10-26,20.100000381469727,20.5,19.799999237060547,20.0,908
2021-10-27,20.049999237060547,20.450000762939453,19.540000915527344,20.049999237060547,1115
2021-10-28,20.049999237060547,20.049999237060547,19.559999465942383,19.600000381469727,1763
2021-10-29,20.0,20.0,18.700000762939453,19.360000610351562,8226
2021-11-02,19.239999771118164,19.239999771118164,18.200000762939453,18.899999618530273,2647
2021-11-03,18.780000686645508,19.600000381469727,18.3799991607666,19.600000381469727,1594
2021-11-04,19.5,19.8799991607666,19.420000076293945,19.420000076293945,717
2021-11-05,19.299999237060547,19.760000228881836,19.299999237060547,19.760000228881836,1282
2021-11-08,19.760000228881836,20.0,18.8799991607666,19.0,3010
2021-11-09,18.940000534057617,19.600000381469727,18.5,18.5,585
2021-11-10,18.520000457763672,19.18000030517578,18.139999389648438,18.139999389648438,949
2021-11-12,18.139999389648438,18.420000076293945,18.139999389648438,18.139999389648438,390
2021-11-15,18.15999984741211,19.1200008392334,18.1200008392334,19.0,607
2021-11-16,18.31999969482422,19.420000076293945,18.31999969482422,18.5,1126
2021-11-17,19.0,19.399999618530273,18.979999542236328,19.0,451
2021-11-18,18.3799991607666,18.3799991607666,18.3799991607666,18.3799991607666,120
2021-11-19,18.420000076293945,18.780000686645508,18.1200008392334,18.780000686645508,910
2021-11-22,18.5,19.360000610351562,18.5,18.540000915527344,701
2021-11-23,18.6200008392334,18.6200008392334,18.459999084472656,18.459999084472656,132
2021-11-24,18.440000534057617,18.440000534057617,17.899999618530273,18.0,2981
2021-11-25,18.0,18.0,17.899999618530273,17.899999618530273,141
2021-11-26,17.899999618530273,17.899999618530273,16.799999237060547,17.100000381469727,2733
2021-11-29,17.0,17.0,16.540000915527344,16.959999084472656,447
2021-11-30,16.5,17.079999923706055,16.31999969482422,17.079999923706055,5648
2021-12-01,16.979999542236328,17.479999542236328,16.959999084472656,17.0,624
2021-12-02,17.440000534057617,17.459999084472656,16.18000030517578,16.31999969482422,2260
2021-12-03,16.200000762939453,16.479999542236328,16.139999389648438,16.459999084472656,3816
2021-12-06,16.459999084472656,16.5,16.3799991607666,16.5,1157
2021-12-07,16.459999084472656,16.5,16.219999313354492,16.5,3636
2021-12-08,16.5,16.5,16.299999237060547,16.299999237060547,680
2021-12-09,16.5,17.899999618530273,16.5,17.5,6585
2021-12-10,17.5,17.81999969482422,17.0,17.0,1681
2021-12-13,16.600000381469727,18.200000762939453,16.600000381469727,17.0,6234
2021-12-14,17.020000457763672,17.299999237060547,16.600000381469727,16.600000381469727,8899
2021-12-15,16.959999084472656,16.959999084472656,16.1200008392334,16.200000762939453,1239
2021-12-16,16.200000762939453,16.579999923706055,16.079999923706055,16.079999923706055,1218
2021-12-17,16.040000915527344,16.040000915527344,15.0,15.300000190734863,6319
2021-12-20,15.119999885559082,15.279999732971191,14.34000015258789,14.460000038146973,5769
2021-12-21,14.479999542236328,14.479999542236328,14.359999656677246,14.359999656677246,1670
2021-12-22,14.380000114440918,14.680000305175781,14.119999885559082,14.579999923706055,4739
2021-12-23,14.5,14.5,14.119999885559082,14.119999885559082,4843
2021-12-27,14.100000381469727,14.100000381469727,13.100000381469727,13.420000076293945,18017
2021-12-28,13.479999542236328,13.479999542236328,12.720000267028809,13.0,15231
2021-12-29,13.079999923706055,13.9399995803833,13.079999923706055,13.399999618530273,5523
2021-12-30,13.420000076293945,13.680000305175781,13.300000190734863,13.680000305175781,2618
2022-01-03,13.699999809265137,14.239999771118164,13.680000305175781,14.220000267028809,3122
2022-01-04,14.039999961853027,14.979999542236328,14.0,14.979999542236328,2795
2022-01-05,15.0,15.9399995803833,15.0,15.680000305175781,3664
2022-01-07,15.5,15.979999542236328,14.699999809265137,15.979999542236328,2911
2022-01-10,15.979999542236328,15.979999542236328,15.100000381469727,15.100000381469727,3152
2022-01-11,15.65999984741211,15.699999809265137,15.399999618530273,15.399999618530273,447
2022-01-12,15.65999984741211,16.059999465942383,15.520000457763672,15.699999809265137,1280
2022-01-13,15.920000076293945,16.200000762939453,15.899999618530273,16.18000030517578,845
2022-01-14,16.440000534057617,16.440000534057617,15.800000190734863,16.239999771118164,801
2022-01-17,16.239999771118164,16.899999618530273,16.200000762939453,16.899999618530273,3655
2022-01-18,16.799999237060547,16.799999237060547,16.299999237060547,16.31999969482422,2385
2022-01-19,16.31999969482422,16.600000381469727,15.800000190734863,16.0,2263
2022-01-20,16.100000381469727,16.5,14.5,15.199999809265137,7757
2022-01-21,15.0,16.5,14.640000343322754,16.459999084472656,4106
2022-01-24,16.459999084472656,16.8799991607666,15.300000190734863,16.600000381469727,18688
2022-01-25,16.399999618530273,16.639999389648438,16.239999771118164,16.239999771118164,1244
2022-01-26,16.079999923706055,16.299999237060547,16.0,16.299999237060547,724
2022-01-27,16.299999237060547,16.34000015258789,16.299999237060547,16.34000015258789,163
2022-01-28,16.559999465942383,17.200000762939453,16.559999465942383,17.059999465942383,4970
2022-01-31,17.059999465942383,17.399999618530273,17.040000915527344,17.399999618530273,1875
2022-02-01,17.3799991607666,17.760000228881836,17.1200008392334,17.739999771118164,1735
2022-02-02,17.600000381469727,18.8799991607666,17.3799991607666,18.600000381469727,5472
2022-02-03,18.600000381469727,18.799999237060547,18.31999969482422,18.700000762939453,995
2022-02-04,18.34000015258789,18.639999389648438,17.399999618530273,18.3799991607666,1396
2022-02-07,18.299999237060547,18.299999237060547,17.84000015258789,18.18000030517578,500
2022-02-08,17.920000076293945,18.020000457763672,17.399999618530273,17.399999618530273,2123
2022-02-09,17.920000076293945,18.280000686645508,16.139999389648438,16.899999618530273,4313
2022-02-10,17.0,17.0,16.34000015258789,17.0,520
2022-02-11,16.299999237060547,16.299999237060547,16.260000228881836,16.260000228881836,400
2022-02-14,16.079999923706055,16.079999923706055,15.079999923706055,15.300000190734863,2975
2022-02-15,15.399999618530273,15.779999732971191,15.399999618530273,15.779999732971191,392
2022-02-16,15.800000190734863,15.800000190734863,14.640000343322754,15.479999542236328,1618
2022-02-17,15.020000457763672,15.760000228881836,14.239999771118164,15.119999885559082,4137
2022-02-18,14.600000381469727,15.619999885559082,14.359999656677246,15.180000305175781,1646
2022-02-21,15.319999694824219,15.319999694824219,13.800000190734863,14.380000114440918,6022
2022-02-22,14.380000114440918,14.380000114440918,13.699999809265137,14.260000228881836,3082
2022-02-23,14.199999809265137,14.34000015258789,13.699999809265137,13.960000038146973,1236
2022-02-24,12.65999984741211,12.65999984741211,11.399999618530273,11.5,10025
2022-02-25,11.5,13.819999694824219,11.5,13.819999694824219,2862
2022-02-28,14.300000190734863,14.5,13.180000305175781,14.5,3860
2022-03-01,14.5600004196167,14.800000190734863,13.520000457763672,14.779999732971191,1513
2022-03-02,14.15999984741211,15.539999961853027,13.739999771118164,14.739999771118164,2734
2022-03-03,14.0,15.520000457763672,13.600000381469727,14.960000038146973,2249
2022-03-04,14.880000114440918,14.880000114440918,13.920000076293945,13.920000076293945,1056
2022-03-07,14.260000228881836,14.880000114440918,13.279999732971191,13.65999984741211,2696
2022-03-08,13.680000305175781,13.680000305175781,13.220000267028809,13.220000267028809,61
2022-03-09,13.199999809265137,13.65999984741211,13.199999809265137,13.65999984741211,1080
2022-03-10,13.680000305175781,13.680000305175781,13.220000267028809,13.300000190734863,1837
2022-03-11,13.640000343322754,13.680000305175781,13.640000343322754,13.680000305175781,536
2022-03-14,13.199999809265137,13.539999961853027,13.039999961853027,13.539999961853027,127
2022-03-15,13.100000381469727,14.279999732971191,13.100000381469727,14.239999771118164,1255
2022-03-16,13.739999771118164,14.239999771118164,13.739999771118164,14.199999809265137,299
2022-03-17,14.180000305175781,14.600000381469727,13.9399995803833,14.600000381469727,1443
2022-03-18,14.100000381469727,14.5600004196167,13.9399995803833,13.9399995803833,1534
2022-03-21,14.5,14.5,14.460000038146973,14.460000038146973,65
2022-03-22,14.100000381469727,14.5,13.84000015258789,14.5,1488
2022-03-23,14.5,14.600000381469727,13.619999885559082,13.880000114440918,2446
2022-03-24,14.199999809265137,15.5600004196167,14.199999809265137,15.420000076293945,3270
2022-03-25,15.4399995803833,15.520000457763672,14.239999771118164,14.899999618530273,2134
2022-03-28,15.180000305175781,15.180000305175781,14.5,14.5,102
2022-03-29,14.5,14.9399995803833,14.100000381469727,14.100000381469727,1493
2022-03-30,14.760000228881836,14.760000228881836,14.260000228881836,14.5,616
2022-03-31,14.279999732971191,14.279999732971191,14.279999732971191,14.279999732971191,21
2022-04-01,14.600000381469727,14.680000305175781,14.600000381469727,14.680000305175781,95
2022-04-04,14.619999885559082,14.699999809265137,14.279999732971191,14.699999809265137,425
2022-04-05,14.699999809265137,14.699999809265137,14.699999809265137,14.699999809265137,18
2022-04-06,14.699999809265137,14.699999809265137,14.34000015258789,14.399999618530273,221
2022-04-07,14.399999618530273,14.399999618530273,14.399999618530273,14.399999618530273,0
2022-04-08,14.34000015258789,14.34000015258789,14.180000305175781,14.180000305175781,120
2022-04-11,14.180000305175781,14.300000190734863,13.779999732971191,14.300000190734863,622
2022-04-12,13.800000190734863,13.800000190734863,13.800000190734863,13.800000190734863,5
2022-04-13,13.800000190734863,14.649999618530273,12.649999618530273,14.649999618530273,3160
2022-04-14,14.149999618530273,14.850000381469727,13.449999809265137,14.550000190734863,1547
2022-04-19,14.75,15.0,14.0,15.0,2568
2022-04-20,14.949999809265137,15.350000381469727,14.899999618530273,14.899999618530273,793
2022-04-21,14.899999618530273,14.899999618530273,14.899999618530273,14.899999618530273,584
2022-04-22,14.600000381469727,15.199999809265137,13.550000190734863,14.300000190734863,4432
2022-04-25,14.100000381469727,14.25,13.800000190734863,13.800000190734863,1030
2022-04-26,14.0,14.0,14.0,14.0,10
2022-04-27,13.600000381469727,13.600000381469727,13.199999809265137,13.600000381469727,1142
2022-04-28,13.149999618530273,13.199999809265137,13.0,13.199999809265137,223
2022-04-29,13.149999618530273,13.149999618530273,13.149999618530273,13.149999618530273,41
2022-05-02,13.199999809265137,13.449999809265137,13.199999809265137,13.449999809265137,425
2022-05-04,13.449999809265137,13.449999809265137,13.449999809265137,13.449999809265137,0
2022-05-05,13.449999809265137,13.449999809265137,12.75,12.800000190734863,415
2022-05-06,12.699999809265137,13.399999618530273,11.800000190734863,13.399999618530273,1953
2022-05-09,13.199999809265137,13.199999809265137,13.199999809265137,13.199999809265137,30
2022-05-10,12.600000381469727,12.600000381469727,11.5,11.600000381469727,3410
2022-05-11,11.449999809265137,11.550000190734863,11.050000190734863,11.550000190734863,437
2022-05-12,11.100000381469727,11.100000381469727,10.800000190734863,11.0,2618
2022-05-13,10.899999618530273,11.0,10.75,10.800000190734863,2782
2022-05-16,11.0,11.850000381469727,10.75,11.850000381469727,5206
2022-05-17,11.850000381469727,12.300000190734863,11.0,12.199999809265137,1865
2022-05-18,12.149999618530273,12.300000190734863,11.600000381469727,12.199999809265137,916
2022-05-19,11.649999618530273,11.949999809265137,11.600000381469727,11.949999809265137,142
2022-05-20,11.949999809265137,11.949999809265137,11.949999809265137,11.949999809265137,0
2022-05-23,11.899999618530273,12.100000381469727,11.899999618530273,12.100000381469727,180
2022-05-24,11.800000190734863,12.100000381469727,11.649999618530273,12.100000381469727,86
2022-05-25,12.050000190734863,12.050000190734863,11.100000381469727,11.850000381469727,633
2022-05-26,11.850000381469727,11.850000381469727,11.0,11.0,200
2022-05-27,11.850000381469727,11.850000381469727,11.850000381469727,11.850000381469727,5
2022-05-30,11.850000381469727,12.199999809265137,11.550000190734863,11.600000381469727,1374
2022-05-31,11.550000190734863,11.550000190734863,11.350000381469727,11.399999618530273,167
2022-06-01,11.399999618530273,11.399999618530273,11.399999618530273,11.399999618530273,0
2022-06-02,11.649999618530273,11.800000190734863,11.649999618530273,11.800000190734863,110
2022-06-03,11.600000381469727,11.800000190734863,11.600000381469727,11.800000190734863,266
2022-06-06,11.800000190734863,11.800000190734863,11.800000190734863,11.800000190734863,180
2022-06-07,11.800000190734863,11.800000190734863,11.0,11.699999809265137,202
2022-06-08,11.100000381469727,11.100000381469727,11.100000381469727,11.100000381469727,25
2022-06-09,11.100000381469727,11.350000381469727,10.800000190734863,11.350000381469727,138
2022-06-10,10.800000190734863,10.899999618530273,10.5,10.5,1249
2022-06-13,10.449999809265137,10.449999809265137,9.859999656677246,9.880000114440918,2688
2022-06-14,9.859999656677246,10.100000381469727,9.819999694824219,10.100000381469727,192
2022-06-15,10.100000381469727,10.100000381469727,10.100000381469727,10.100000381469727,0
2022-06-17,9.819999694824219,10.399999618530273,9.800000190734863,10.399999618530273,454
2022-06-20,10.399999618530273,10.399999618530273,10.399999618530273,10.399999618530273,50
2022-06-21,10.399999618530273,10.399999618530273,9.520000457763672,10.399999618530273,2014
2022-06-22,10.0,10.0,9.600000381469727,9.600000381469727,235
2022-06-23,10.350000381469727,10.350000381469727,10.350000381469727,10.350000381469727,25
2022-06-24,9.680000305175781,10.25,9.680000305175781,10.25,15
2022-06-27,10.25,10.25,10.25,10.25,0
2022-06-28,10.25,10.25,10.25,10.25,0
2022-06-29,9.699999809265137,9.699999809265137,9.539999961853027,9.539999961853027,279
2022-06-30,9.619999885559082,9.619999885559082,9.619999885559082,9.619999885559082,69
2022-07-01,9.619999885559082,9.619999885559082,9.619999885559082,9.619999885559082,0
2022-07-04,9.5600004196167,9.5600004196167,9.5600004196167,9.5600004196167,260
2022-07-05,9.5600004196167,9.5600004196167,9.5600004196167,9.5600004196167,0
2022-07-06,9.9399995803833,9.9399995803833,9.9399995803833,9.9399995803833,90
2022-07-07,9.9399995803833,9.9399995803833,9.9399995803833,9.9399995803833,0
2022-07-08,9.640000343322754,9.640000343322754,9.640000343322754,9.640000343322754,60
2022-07-11,9.899999618530273,9.899999618530273,9.899999618530273,9.899999618530273,280
2022-07-12,9.899999618530273,9.899999618530273,9.899999618530273,9.899999618530273,200
2022-07-13,9.899999618530273,9.899999618530273,9.800000190734863,9.800000190734863,115
2022-07-14,9.399999618530273,9.699999809265137,9.399999618530273,9.699999809265137,311
2022-07-15,9.65999984741211,9.65999984741211,9.420000076293945,9.420000076293945,500
2022-07-18,9.420000076293945,9.420000076293945,9.380000114440918,9.380000114440918,426
2022-07-19,9.399999618530273,9.399999618530273,9.34000015258789,9.34000015258789,309
2022-07-20,9.34000015258789,9.34000015258789,9.34000015258789,9.34000015258789,0
2022-07-21,9.34000015258789,9.380000114440918,9.34000015258789,9.380000114440918,464
2022-07-22,9.680000305175781,9.680000305175781,9.300000190734863,9.300000190734863,333
2022-07-25,9.5,9.680000305175781,9.5,9.680000305175781,1368
2022-07-26,9.800000190734863,9.800000190734863,9.800000190734863,9.800000190734863,85
2022-07-27,9.800000190734863,9.800000190734863,9.800000190734863,9.800000190734863,100
2022-07-28,9.65999984741211,9.800000190734863,9.65999984741211,9.800000190734863,190
2022-07-29,9.65999984741211,9.65999984741211,9.65999984741211,9.65999984741211,72
2022-08-01,9.420000076293945,9.65999984741211,9.420000076293945,9.65999984741211,597
2022-08-02,9.699999809265137,9.699999809265137,9.460000038146973,9.460000038146973,259
2022-08-03,9.4399995803833,9.800000190734863,9.4399995803833,9.800000190734863,343
2022-08-04,9.579999923706055,9.579999923706055,9.579999923706055,9.579999923706055,368
2022-08-05,9.479999542236328,9.479999542236328,9.460000038146973,9.460000038146973,277
2022-08-08,9.319999694824219,9.319999694824219,9.319999694824219,9.319999694824219,139
2022-08-09,9.0,9.0,9.0,9.0,1851
2022-08-10,8.819999694824219,8.819999694824219,8.699999809265137,8.699999809265137,2299
2022-08-11,8.699999809265137,8.699999809265137,8.699999809265137,8.699999809265137,740
2022-08-12,8.600000381469727,8.600000381469727,8.539999961853027,8.539999961853027,357
2022-08-16,8.539999961853027,8.539999961853027,8.539999961853027,8.539999961853027,237
2022-08-17,8.539999961853027,8.539999961853027,8.539999961853027,8.539999961853027,0
2022-08-18,8.539999961853027,8.539999961853027,8.539999961853027,8.539999961853027,0
2022-08-19,8.899999618530273,8.899999618530273,8.899999618530273,8.899999618530273,98
2022-08-22,8.899999618530273,8.899999618530273,8.899999618530273,8.899999618530273,8
2022-08-23,8.899999618530273,8.899999618530273,8.899999618530273,8.899999618530273,0
2022-08-24,9.0,9.0,8.699999809265137,8.699999809265137,1022
2022-08-25,9.0,9.0,9.0,9.0,264
2022-08-26,8.600000381469727,8.600000381469727,8.600000381469727,8.600000381469727,75
2022-08-29,8.600000381469727,8.600000381469727,8.600000381469727,8.600000381469727,250
2022-08-30,8.600000381469727,8.600000381469727,8.600000381469727,8.600000381469727,25
2022-08-31,8.800000190734863,8.800000190734863,8.800000190734863,8.800000190734863,289
2022-09-01,8.5600004196167,8.5600004196167,8.5600004196167,8.5600004196167,297
2022-09-02,8.5600004196167,8.5600004196167,8.5600004196167,8.5600004196167,0
2022-09-05,8.899999618530273,8.899999618530273,8.899999618530273,8.899999618530273,100
2022-09-06,8.5600004196167,8.5600004196167,8.5600004196167,8.5600004196167,77
2022-09-07,8.84000015258789,8.84000015258789,8.84000015258789,8.84000015258789,10
2022-09-08,8.859999656677246,9.0,8.859999656677246,9.0,1458
2022-09-09,9.0,9.0,9.0,9.0,0
2022-09-12,9.0,9.0,9.0,9.0,200
2022-09-13,8.699999809265137,8.699999809265137,8.699999809265137,8.699999809265137,50
2022-09-14,8.699999809265137,8.699999809265137,8.699999809265137,8.699999809265137,15
2022-09-15,8.680000305175781,8.680000305175781,8.680000305175781,8.680000305175781,40
2022-09-16,8.640000343322754,8.640000343322754,8.640000343322754,8.640000343322754,743
2022-09-19,8.640000343322754,8.979999542236328,8.640000343322754,8.979999542236328,1860
2022-09-20,9.0,9.0,9.0,9.0,11
2022-09-21,9.0,9.0,9.0,9.0,0
2022-09-22,9.0,9.0,9.0,9.0,3
2022-09-23,9.0,9.0,9.0,9.0,0
2022-09-26,8.800000190734863,8.979999542236328,8.800000190734863,8.979999542236328,169
2022-09-27,8.539999961853027,8.539999961853027,8.539999961853027,8.539999961853027,400
2022-09-28,8.579999923706055,8.579999923706055,8.579999923706055,8.579999923706055,330
2022-09-29,8.640000343322754,8.640000343322754,8.640000343322754,8.640000343322754,20
2022-09-30,8.640000343322754,8.640000343322754,8.640000343322754,8.640000343322754,0
2022-10-03,8.979999542236328,8.979999542236328,8.979999542236328,8.979999542236328,411
2022-10-04,9.0,9.0,9.0,9.0,2654
2022-10-05,9.199999809265137,9.199999809265137,9.199999809265137,9.199999809265137,190
2022-10-06,8.600000381469727,8.600000381469727,8.600000381469727,8.600000381469727,465
2022-10-07,8.5600004196167,9.359999656677246,8.5600004196167,9.359999656677246,1040
2022-10-10,9.359999656677246,9.359999656677246,9.359999656677246,9.359999656677246,0
2022-10-11,8.279999732971191,8.279999732971191,8.279999732971191,8.279999732971191,12
2022-10-12,8.279999732971191,8.279999732971191,8.279999732971191,8.279999732971191,230
2022-10-13,9.220000267028809,9.220000267028809,9.220000267028809,9.220000267028809,10
2022-10-14,9.220000267028809,9.220000267028809,9.220000267028809,9.220000267028809,0
2022-10-17,9.199999809265137,9.199999809265137,9.199999809265137,9.199999809265137,1
2022-10-18,8.9399995803833,8.9399995803833,8.9399995803833,8.9399995803833,40
2022-10-19,8.9399995803833,8.9399995803833,8.9399995803833,8.9399995803833,0
2022-10-20,9.0,9.0,9.0,9.0,326
2022-10-21,8.800000190734863,8.800000190734863,8.800000190734863,8.800000190734863,130
2022-10-24,8.600000381469727,8.600000381469727,8.600000381469727,8.600000381469727,60
2022-10-25,8.600000381469727,8.600000381469727,8.600000381469727,8.600000381469727,418
2022-10-26,8.539999961853027,8.539999961853027,8.539999961853027,8.539999961853027,69
2022-10-27,9.359999656677246,9.359999656677246,9.359999656677246,9.359999656677246,199
2022-10-28,9.300000190734863,9.300000190734863,9.300000190734863,9.300000190734863,3
2022-10-31,8.5600004196167,8.600000381469727,8.5600004196167,8.600000381469727,477
2022-11-02,8.65999984741211,8.65999984741211,8.65999984741211,8.65999984741211,115
2022-11-03,8.800000190734863,8.800000190734863,8.399999618530273,8.399999618530273,228
2022-11-04,8.319999694824219,8.319999694824219,8.319999694824219,8.319999694824219,343
2022-11-07,8.300000190734863,8.699999809265137,8.300000190734863,8.699999809265137,770
2022-11-08,8.979999542236328,8.979999542236328,8.979999542236328,8.979999542236328,1181
2022-11-09,8.979999542236328,8.979999542236328,8.979999542236328,8.979999542236328,0
2022-11-10,8.979999542236328,8.979999542236328,8.979999542236328,8.979999542236328,0
2022-11-14,8.979999542236328,8.979999542236328,8.979999542236328,8.979999542236328,210
2022-11-15,9.279999732971191,9.279999732971191,9.279999732971191,9.279999732971191,100
2022-11-16,8.800000190734863,9.079999923706055,8.800000190734863,9.079999923706055,130
2022-11-17,9.079999923706055,9.079999923706055,9.079999923706055,9.079999923706055,0
2022-11-18,8.899999618530273,8.899999618530273,8.800000190734863,8.800000190734863,177
2022-11-21,8.800000190734863,8.800000190734863,8.800000190734863,8.800000190734863,143
2022-11-22,8.800000190734863,8.800000190734863,8.800000190734863,8.800000190734863,272
2022-11-23,8.800000190734863,8.800000190734863,8.800000190734863,8.800000190734863,0
2022-11-24,8.880000114440918,8.880000114440918,8.880000114440918,8.880000114440918,30
2022-11-25,8.880000114440918,8.880000114440918,8.880000114440918,8.880000114440918,0
2022-11-28,8.880000114440918,8.880000114440918,8.880000114440918,8.880000114440918,0
2022-11-29,8.880000114440918,8.880000114440918,8.880000114440918,8.880000114440918,0
2022-11-30,8.699999809265137,8.699999809265137,8.699999809265137,8.699999809265137,30
2022-12-01,8.640000343322754,8.640000343322754,8.640000343322754,8.640000343322754,558
2022-12-02,8.640000343322754,8.640000343322754,8.600000381469727,8.600000381469727,290
2022-12-05,8.5600004196167,8.5600004196167,8.5600004196167,8.5600004196167,794
2022-12-06,8.539999961853027,8.539999961853027,8.5,8.5,2753
2022-12-07,8.319999694824219,8.319999694824219,8.319999694824219,8.319999694824219,475
2022-12-08,8.300000190734863,8.300000190734863,7.5,7.5,4567
2022-12-09,7.480000019073486,7.480000019073486,7.480000019073486,7.480000019073486,3064
2022-12-12,7.539999961853027,7.539999961853027,7.519999980926514,7.519999980926514,3239
2022-12-13,7.539999961853027,7.539999961853027,7.519999980926514,7.519999980926514,1252
2022-12-14,7.480000019073486,7.480000019073486,7.480000019073486,7.480000019073486,1539
2022-12-15,7.480000019073486,7.480000019073486,7.480000019073486,7.480000019073486,340
2022-12-16,7.480000019073486,7.480000019073486,7.480000019073486,7.480000019073486,441
2022-12-19,7.480000019073486,7.480000019073486,7.480000019073486,7.480000019073486,1120
2022-12-20,7.480000019073486,7.480000019073486,7.440000057220459,7.440000057220459,736
2022-12-21,7.21999979019165,7.21999979019165,7.199999809265137,7.199999809265137,3084
2022-12-22,7.179999828338623,7.179999828338623,7.099999904632568,7.099999904632568,2853
2022-12-23,7.139999866485596,7.139999866485596,7.139999866485596,7.139999866485596,845
2022-12-27,7.199999809265137,7.21999979019165,7.199999809265137,7.21999979019165,910
2022-12-28,7.239999771118164,7.239999771118164,7.239999771118164,7.239999771118164,932
2022-12-29,7.139999866485596,7.21999979019165,7.139999866485596,7.21999979019165,317
2022-12-30,7.21999979019165,7.21999979019165,7.21999979019165,7.21999979019165,200
2023-01-02,7.119999885559082,7.119999885559082,7.119999885559082,7.119999885559082,34
2023-01-03,7.119999885559082,7.119999885559082,7.119999885559082,7.119999885559082,0
2023-01-04,7.400000095367432,7.460000038146973,7.400000095367432,7.460000038146973,994
2023-01-05,7.480000019073486,7.659999847412109,7.480000019073486,7.659999847412109,114
2023-01-09,8.0,8.0,8.0,8.0,250
2023-01-10,8.0,8.100000381469727,8.0,8.100000381469727,319
2023-01-11,8.260000228881836,8.260000228881836,8.260000228881836,8.260000228881836,286
2023-01-12,8.199999809265137,8.199999809265137,8.199999809265137,8.199999809265137,100
2023-01-13,8.699999809265137,8.699999809265137,8.699999809265137,8.699999809265137,600
2023-01-16,8.699999809265137,8.699999809265137,8.0,8.0,848
2023-01-17,8.100000381469727,8.539999961853027,8.100000381469727,8.539999961853027,11
2023-01-18,8.539999961853027,8.539999961853027,8.520000457763672,8.520000457763672,33
2023-01-19,8.520000457763672,8.539999961853027,8.520000457763672,8.539999961853027,1008
2023-01-20,8.119999885559082,8.539999961853027,8.119999885559082,8.539999961853027,12
2023-01-23,8.539999961853027,8.539999961853027,8.539999961853027,8.539999961853027,278
2023-01-24,8.239999771118164,8.539999961853027,8.239999771118164,8.539999961853027,110
2023-01-25,8.539999961853027,8.539999961853027,8.539999961853027,8.539999961853027,15
2023-01-26,8.539999961853027,8.539999961853027,8.539999961853027,8.539999961853027,5
2023-01-27,8.539999961853027,8.539999961853027,8.539999961853027,8.539999961853027,402
2023-01-30,8.239999771118164,8.239999771118164,8.239999771118164,8.239999771118164,110
2023-01-31,8.119999885559082,8.119999885559082,7.699999809265137,7.699999809265137,1339
2023-02-01,7.78000020980835,7.78000020980835,7.78000020980835,7.78000020980835,325
2023-02-02,8.0,8.100000381469727,8.0,8.100000381469727,192
2023-02-03,8.539999961853027,8.800000190734863,8.539999961853027,8.800000190734863,2575
2023-02-06,9.5,9.600000381469727,9.5,9.600000381469727,1662
2023-02-07,9.5,9.5,9.5,9.5,430
2023-02-08,9.600000381469727,9.600000381469727,9.600000381469727,9.600000381469727,4
2023-02-09,9.0,9.0,8.899999618530273,8.899999618530273,473
2023-02-10,10.5,10.5,9.100000381469727,9.100000381469727,3879
2023-02-13,9.899999618530273,9.899999618530273,9.720000267028809,9.720000267028809,458
2023-02-14,9.220000267028809,9.359999656677246,9.220000267028809,9.359999656677246,1300
2023-02-15,9.300000190734863,9.300000190734863,9.300000190734863,9.300000190734863,104
2023-02-16,8.520000457763672,9.15999984741211,8.520000457763672,9.15999984741211,733
2023-02-17,9.0,9.0,9.0,9.0,112
2023-02-20,8.899999618530273,8.899999618530273,8.899999618530273,8.899999618530273,50
2023-02-21,8.699999809265137,8.699999809265137,8.699999809265137,8.699999809265137,127
2023-02-22,8.600000381469727,8.600000381469727,8.600000381469727,8.600000381469727,351
2023-02-23,8.600000381469727,8.600000381469727,8.5600004196167,8.5600004196167,25
2023-02-24,8.5600004196167,8.5600004196167,8.520000457763672,8.520000457763672,71
2023-02-27,8.520000457763672,8.520000457763672,8.520000457763672,8.520000457763672,55
2023-02-28,8.520000457763672,8.520000457763672,8.520000457763672,8.520000457763672,0
2023-03-01,8.460000038146973,8.5600004196167,8.460000038146973,8.5600004196167,110
2023-03-02,8.279999732971191,8.279999732971191,8.260000228881836,8.260000228881836,359
2023-03-03,8.380000114440918,8.380000114440918,8.380000114440918,8.380000114440918,2
2023-03-06,8.399999618530273,8.399999618530273,8.380000114440918,8.380000114440918,8
2023-03-07,8.300000190734863,8.5,8.300000190734863,8.5,181
2023-03-08,8.479999542236328,8.479999542236328,8.4399995803833,8.4399995803833,7
2023-03-09,8.420000076293945,8.420000076293945,8.420000076293945,8.420000076293945,4
2023-03-10,8.220000267028809,8.220000267028809,8.140000343322754,8.140000343322754,485
2023-03-13,8.140000343322754,8.140000343322754,8.140000343322754,8.140000343322754,33
2023-03-14,8.140000343322754,8.140000343322754,8.140000343322754,8.140000343322754,0
2023-03-15,7.900000095367432,7.920000076293945,7.900000095367432,7.920000076293945,210
2023-03-16,7.900000095367432,7.900000095367432,7.900000095367432,7.900000095367432,174
2023-03-17,7.800000190734863,8.119999885559082,7.800000190734863,8.119999885559082,80
2023-03-20,8.119999885559082,8.119999885559082,8.119999885559082,8.119999885559082,402
2023-03-21,8.100000381469727,8.100000381469727,8.100000381469727,8.100000381469727,300
2023-03-22,7.800000190734863,7.800000190734863,7.800000190734863,7.800000190734863,20
2023-03-23,7.800000190734863,7.800000190734863,7.800000190734863,7.800000190734863,0
2023-03-24,8.0,8.0,7.760000228881836,7.760000228881836,389
2023-03-27,7.71999979019165,7.71999979019165,7.71999979019165,7.71999979019165,121
2023-03-28,7.699999809265137,7.699999809265137,7.699999809265137,7.699999809265137,726
2023-03-29,7.699999809265137,7.699999809265137,7.699999809265137,7.699999809265137,0
2023-03-30,7.519999980926514,7.519999980926514,7.519999980926514,7.519999980926514,145
2023-03-31,7.519999980926514,7.699999809265137,7.519999980926514,7.699999809265137,390
2023-04-03,7.800000190734863,7.800000190734863,7.699999809265137,7.699999809265137,768
2023-04-04,7.699999809265137,7.699999809265137,7.699999809265137,7.699999809265137,2
2023-04-05,7.699999809265137,7.699999809265137,7.699999809265137,7.699999809265137,0
2023-04-06,7.699999809265137,7.699999809265137,7.699999809265137,7.699999809265137,2
2023-04-11,7.699999809265137,7.699999809265137,7.619999885559082,7.619999885559082,58
2023-04-12,7.679999828338623,7.679999828338623,7.679999828338623,7.679999828338623,159
2023-04-13,7.699999809265137,7.699999809265137,7.699999809265137,7.699999809265137,63
2023-04-14,7.699999809265137,7.699999809265137,7.699999809265137,7.699999809265137,0
2023-04-17,7.699999809265137,8.0,7.699999809265137,8.0,575
2023-04-18,8.0,8.0,8.0,8.0,500
2023-04-19,8.0,8.0,8.0,8.0,478
2023-04-20,8.0,8.0,8.0,8.0,0
2023-04-21,7.5,7.5,7.5,7.5,725
2023-04-24,7.5,7.5,7.5,7.5,518
2023-04-25,7.5,7.5,7.5,7.5,4
2023-04-26,7.5,7.5,7.300000190734863,7.300000190734863,22
2023-04-27,7.400000095367432,7.400000095367432,7.400000095367432,7.400000095367432,345
2023-04-28,7.420000076293945,7.420000076293945,7.420000076293945,7.420000076293945,8
2023-05-02,7.800000190734863,7.800000190734863,7.800000190734863,7.800000190734863,150
2023-05-04,7.420000076293945,8.300000190734863,7.420000076293945,8.300000190734863,434
2023-05-05,7.659999847412109,7.659999847412109,7.659999847412109,7.659999847412109,158
2023-05-08,7.900000095367432,7.900000095367432,7.900000095367432,7.900000095367432,110
2023-05-09,8.0,8.0,8.0,8.0,2
2023-05-10,7.699999809265137,7.699999809265137,7.699999809265137,7.699999809265137,176
2023-05-11,7.639999866485596,7.639999866485596,7.639999866485596,7.639999866485596,270
2023-05-12,7.519999980926514,7.519999980926514,7.519999980926514,7.519999980926514,480
2023-05-15,8.0,8.0,8.0,8.0,3
2023-05-16,7.559999942779541,7.559999942779541,7.559999942779541,7.559999942779541,29
2023-05-17,7.559999942779541,7.559999942779541,7.559999942779541,7.559999942779541,0
2023-05-18,7.619999885559082,7.619999885559082,7.619999885559082,7.619999885559082,80
2023-05-19,7.960000038146973,7.960000038146973,7.960000038146973,7.960000038146973,2
2023-05-22,7.960000038146973,7.960000038146973,7.960000038146973,7.960000038146973,0
2023-05-23,7.760000228881836,7.760000228881836,7.760000228881836,7.760000228881836,100
2023-05-24,7.699999809265137,7.760000228881836,7.699999809265137,7.760000228881836,204
2023-05-25,7.760000228881836,7.760000228881836,7.760000228881836,7.760000228881836,0
2023-05-26,7.539999961853027,7.539999961853027,7.539999961853027,7.539999961853027,250
2023-05-29,7.519999980926514,7.519999980926514,7.519999980926514,7.519999980926514,72
2023-05-30,7.519999980926514,7.519999980926514,7.519999980926514,7.519999980926514,152
2023-05-31,7.519999980926514,7.519999980926514,7.519999980926514,7.519999980926514,0
2023-06-01,7.519999980926514,7.519999980926514,7.519999980926514,7.519999980926514,0
2023-06-02,7.739999771118164,7.739999771118164,7.739999771118164,7.739999771118164,183
2023-06-05,7.760000228881836,7.980000019073486,7.760000228881836,7.980000019073486,595
2023-06-06,7.980000019073486,7.980000019073486,7.980000019073486,7.980000019073486,2
2023-06-07,7.980000019073486,7.980000019073486,7.980000019073486,7.980000019073486,2
2023-06-09,7.980000019073486,7.980000019073486,7.980000019073486,7.980000019073486,0
2023-06-12,8.199999809265137,8.5,8.199999809265137,8.5,2421
2023-06-13,8.699999809265137,8.899999618530273,8.699999809265137,8.899999618530273,587
2023-06-14,9.199999809265137,9.600000381469727,9.199999809265137,9.600000381469727,1445
2023-06-15,9.579999923706055,9.579999923706055,8.899999618530273,8.899999618530273,275
2023-06-16,8.899999618530273,9.119999885559082,8.899999618530273,9.119999885559082,275
2023-06-19,9.119999885559082,9.119999885559082,9.119999885559082,9.119999885559082,2
2023-06-20,8.520000457763672,8.520000457763672,8.520000457763672,8.520000457763672,60
2023-06-21,9.100000381469727,9.100000381469727,9.100000381469727,9.100000381469727,7
2023-06-22,9.100000381469727,9.100000381469727,9.100000381469727,9.100000381469727,79
2023-06-23,9.100000381469727,9.100000381469727,9.100000381469727,9.100000381469727,0
2023-06-26,9.100000381469727,9.100000381469727,9.100000381469727,9.100000381469727,0
2023-06-27,9.079999923706055,9.079999923706055,9.079999923706055,9.079999923706055,18
2023-06-28,9.079999923706055,9.079999923706055,9.079999923706055,9.079999923706055,0
2023-06-29,9.079999923706055,9.079999923706055,9.079999923706055,9.079999923706055,0
2023-06-30,9.079999923706055,9.079999923706055,9.079999923706055,9.079999923706055,0
2023-07-03,9.079999923706055,9.079999923706055,9.079999923706055,9.079999923706055,13
2023-07-04,7.679999828338623,7.860000133514404,7.679999828338623,7.860000133514404,1473
2023-07-05,8.520000457763672,8.520000457763672,8.479999542236328,8.479999542236328,80
2023-07-06,8.479999542236328,8.479999542236328,8.479999542236328,8.479999542236328,0
2023-07-07,8.479999542236328,8.479999542236328,8.479999542236328,8.479999542236328,0
2023-07-10,8.0,8.0,8.0,8.0,217
2023-07-11,8.0,8.0,7.940000057220459,7.940000057220459,4
2023-07-12,7.940000057220459,7.940000057220459,7.940000057220459,7.940000057220459,65
2023-07-13,8.479999542236328,8.479999542236328,8.479999542236328,8.479999542236328,200
2023-07-14,8.460000038146973,8.460000038146973,8.460000038146973,8.460000038146973,2
2023-07-17,8.199999809265137,8.199999809265137,7.900000095367432,7.900000095367432,638
2023-07-18,7.900000095367432,7.900000095367432,7.900000095367432,7.900000095367432,724
2023-07-19,7.860000133514404,7.860000133514404,7.78000020980835,7.78000020980835,698
2023-07-20,7.739999771118164,7.739999771118164,7.5,7.5,3004
2023-07-21,7.78000020980835,7.78000020980835,7.78000020980835,7.78000020980835,182
2023-07-24,7.78000020980835,7.78000020980835,7.78000020980835,7.78000020980835,0
2023-07-25,7.5,7.599999904632568,7.5,7.599999904632568,823
2023-07-26,7.5,7.5,7.5,7.5,939
2023-07-27,7.440000057220459,7.440000057220459,7.300000190734863,7.300000190734863,469
2023-07-28,7.5,7.5,7.5,7.5,331
2023-07-31,7.300000190734863,7.440000057220459,7.300000190734863,7.440000057220459,4140
2023-08-01,7.440000057220459,7.599999904632568,7.440000057220459,7.599999904632568,366
2023-08-02,7.300000190734863,7.300000190734863,7.300000190734863,7.300000190734863,1348
2023-08-03,7.320000171661377,7.320000171661377,7.320000171661377,7.320000171661377,43
2023-08-04,7.5,7.5,7.300000190734863,7.300000190734863,708
2023-08-07,7.239999771118164,7.239999771118164,7.239999771118164,7.239999771118164,100
2023-08-08,7.199999809265137,7.199999809265137,7.199999809265137,7.199999809265137,65
2023-08-09,7.199999809265137,7.199999809265137,7.199999809265137,7.199999809265137,20
2023-08-10,7.199999809265137,7.199999809265137,7.119999885559082,7.119999885559082,76
2023-08-11,6.860000133514404,7.119999885559082,6.860000133514404,7.119999885559082,1047
2023-08-14,6.900000095367432,7.099999904632568,6.900000095367432,7.099999904632568,74
2023-08-16,7.099999904632568,7.099999904632568,7.099999904632568,7.099999904632568,2
2023-08-17,7.099999904632568,7.380000114440918,7.099999904632568,7.380000114440918,708
2023-08-18,7.320000171661377,7.320000171661377,7.320000171661377,7.320000171661377,50
2023-08-21,6.900000095367432,6.900000095367432,6.28000020980835,6.28000020980835,574
2023-08-22,7.260000228881836,7.260000228881836,7.260000228881836,7.260000228881836,303
2023-08-23,7.260000228881836,7.260000228881836,7.260000228881836,7.260000228881836,160
2023-08-24,7.260000228881836,7.260000228881836,7.260000228881836,7.260000228881836,0
2023-08-25,7.260000228881836,7.260000228881836,7.260000228881836,7.260000228881836,0
2023-08-28,7.260000228881836,7.260000228881836,7.239999771118164,7.239999771118164,20
2023-08-29,7.239999771118164,7.239999771118164,7.239999771118164,7.239999771118164,0
2023-08-30,6.659999847412109,7.239999771118164,6.659999847412109,7.239999771118164,47
2023-08-31,7.239999771118164,7.239999771118164,7.239999771118164,7.239999771118164,0
2023-09-01,7.199999809265137,7.199999809265137,7.199999809265137,7.199999809265137,2
2023-09-04,7.199999809265137,7.199999809265137,7.199999809265137,7.199999809265137,0
2023-09-05,6.679999828338623,6.679999828338623,6.679999828338623,6.679999828338623,35
2023-09-06,6.679999828338623,6.679999828338623,6.679999828338623,6.679999828338623,0
2023-09-07,6.71999979019165,6.71999979019165,6.71999979019165,6.71999979019165,90
2023-09-08,6.820000171661377,6.820000171661377,6.820000171661377,6.820000171661377,71
2023-09-11,6.820000171661377,7.239999771118164,6.820000171661377,7.239999771118164,370
2023-09-12,7.239999771118164,7.239999771118164,7.239999771118164,7.239999771118164,0
2023-09-13,7.239999771118164,7.239999771118164,7.239999771118164,7.239999771118164,0
2023-09-14,6.820000171661377,6.840000152587891,6.820000171661377,6.840000152587891,8
2023-09-15,6.840000152587891,6.840000152587891,6.840000152587891,6.840000152587891,0
2023-09-18,6.860000133514404,6.860000133514404,6.860000133514404,6.860000133514404,33
2023-09-19,6.860000133514404,6.860000133514404,6.860000133514404,6.860000133514404,0
2023-09-20,6.860000133514404,6.860000133514404,6.860000133514404,6.860000133514404,0
2023-09-21,6.440000057220459,6.440000057220459,6.360000133514404,6.360000133514404,1846
2023-09-22,6.800000190734863,6.800000190734863,6.800000190734863,6.800000190734863,1
2023-09-25,6.380000114440918,6.380000114440918,6.380000114440918,6.380000114440918,195
2023-09-26,6.480000019073486,6.480000019073486,6.420000076293945,6.420000076293945,183
2023-09-27,6.360000133514404,6.360000133514404,6.340000152587891,6.340000152587891,114
2023-09-28,6.480000019073486,6.480000019073486,6.480000019073486,6.480000019073486,280
2023-09-29,6.380000114440918,6.380000114440918,6.380000114440918,6.380000114440918,52
2023-10-02,5.860000133514404,5.860000133514404,5.860000133514404,5.860000133514404,120
2023-10-03,5.920000076293945,5.920000076293945,5.920000076293945,5.920000076293945,118
2023-10-04,5.940000057220459,5.940000057220459,5.940000057220459,5.940000057220459,164
2023-10-05,6.0,6.0,6.0,6.0,3
2023-10-06,5.960000038146973,5.960000038146973,5.960000038146973,5.960000038146973,2
2023-10-09,5.960000038146973,5.960000038146973,5.960000038146973,5.960000038146973,0
2023-10-10,5.960000038146973,5.960000038146973,5.960000038146973,5.960000038146973,2
2023-10-11,5.940000057220459,5.940000057220459,5.940000057220459,5.940000057220459,235
2023-10-12,5.940000057220459,5.940000057220459,5.940000057220459,5.940000057220459,53
2023-10-13,5.619999885559082,5.900000095367432,5.619999885559082,5.900000095367432,202
2023-10-16,5.679999828338623,5.679999828338623,5.679999828338623,5.679999828338623,66
2023-10-17,5.519999980926514,5.539999961853027,5.519999980926514,5.539999961853027,475
2023-10-18,5.539999961853027,5.539999961853027,5.539999961853027,5.539999961853027,409
2023-10-19,5.539999961853027,5.539999961853027,5.539999961853027,5.539999961853027,160
2023-10-20,5.960000038146973,6.0,5.960000038146973,6.0,1326
2023-10-23,6.0,6.0,5.800000190734863,5.800000190734863,302
2023-10-24,5.820000171661377,5.820000171661377,5.820000171661377,5.820000171661377,205
2023-10-25,5.820000171661377,5.820000171661377,5.820000171661377,5.820000171661377,484
2023-10-26,5.820000171661377,5.820000171661377,5.820000171661377,5.820000171661377,190
2023-10-27,5.800000190734863,5.800000190734863,5.800000190734863,5.800000190734863,37
2023-10-30,5.800000190734863,5.800000190734863,5.800000190734863,5.800000190734863,0
2023-10-31,5.800000190734863,5.800000190734863,5.800000190734863,5.800000190734863,0
2023-11-02,5.800000190734863,5.800000190734863,5.800000190734863,5.800000190734863,3
2023-11-03,5.800000190734863,5.800000190734863,5.800000190734863,5.800000190734863,0
2023-11-06,5.480000019073486,5.480000019073486,5.480000019073486,5.480000019073486,557
2023-11-07,6.0,6.0,6.0,6.0,2374
2023-11-08,6.440000057220459,6.440000057220459,6.179999828338623,6.179999828338623,1012
2023-11-09,6.639999866485596,6.659999847412109,6.639999866485596,6.659999847412109,526
2023-11-10,7.0,7.300000190734863,7.0,7.300000190734863,1107
2023-11-13,7.559999942779541,7.78000020980835,7.559999942779541,7.78000020980835,2511
2023-11-14,7.78000020980835,7.78000020980835,7.78000020980835,7.78000020980835,0
2023-11-15,7.78000020980835,7.78000020980835,7.78000020980835,7.78000020980835,0
2023-11-16,7.460000038146973,7.460000038146973,7.460000038146973,7.460000038146973,60
2023-11-17,7.440000057220459,7.440000057220459,7.440000057220459,7.440000057220459,5
2023-11-20,7.420000076293945,7.420000076293945,7.420000076293945,7.420000076293945,14
2023-11-21,7.440000057220459,7.440000057220459,7.440000057220459,7.440000057220459,300
2023-11-22,7.440000057220459,7.440000057220459,7.440000057220459,7.440000057220459,0
2023-11-23,7.440000057220459,7.440000057220459,7.440000057220459,7.440000057220459,0
2023-11-24,6.860000133514404,6.860000133514404,6.860000133514404,6.860000133514404,50
2023-11-27,7.440000057220459,7.440000057220459,7.440000057220459,7.440000057220459,17
2023-11-28,7.440000057220459,7.440000057220459,7.440000057220459,7.440000057220459,0
2023-11-29,7.440000057220459,7.440000057220459,7.440000057220459,7.440000057220459,0
2023-11-30,6.860000133514404,6.860000133514404,6.860000133514404,6.860000133514404,50
2023-12-01,6.860000133514404,6.860000133514404,6.860000133514404,6.860000133514404,65
2023-12-04,6.78000020980835,6.78000020980835,6.78000020980835,6.78000020980835,262
2023-12-05,6.659999847412109,6.659999847412109,6.659999847412109,6.659999847412109,118
2023-12-06,6.800000190734863,6.800000190734863,6.659999847412109,6.659999847412109,750
2023-12-07,6.659999847412109,6.659999847412109,6.659999847412109,6.659999847412109,14
2023-12-08,6.659999847412109,6.659999847412109,6.659999847412109,6.659999847412109,386
2023-12-11,6.559999942779541,6.559999942779541,6.559999942779541,6.559999942779541,107
2023-12-12,6.480000019073486,6.480000019073486,6.420000076293945,6.420000076293945,665
2023-12-13,6.420000076293945,6.420000076293945,6.400000095367432,6.400000095367432,486
2023-12-14,6.019999980926514,6.179999828338623,6.019999980926514,6.179999828338623,546
2023-12-15,6.119999885559082,6.119999885559082,6.119999885559082,6.119999885559082,1244
2023-12-18,6.059999942779541,6.059999942779541,6.0,6.0,1420
2023-12-19,5.5,5.5,5.0,5.0,4953
2023-12-20,5.199999809265137,5.199999809265137,5.139999866485596,5.139999866485596,5116
2023-12-21,5.019999980926514,5.099999904632568,5.019999980926514,5.099999904632568,1550
2023-12-22,5.0,5.0,5.0,5.0,1722
2023-12-27,4.989999771118164,4.989999771118164,4.21999979019165,4.21999979019165,1793
2023-12-28,4.300000190734863,4.300000190734863,4.28000020980835,4.28000020980835,2531
2023-12-29,4.400000095367432,4.599999904632568,4.400000095367432,4.599999904632568,1221
2024-01-02,4.619999885559082,4.619999885559082,4.619999885559082,4.619999885559082,233
2024-01-03,4.639999866485596,4.659999847412109,4.639999866485596,4.659999847412109,3000
2024-01-04,5.0,5.0,5.0,5.0,853
2024-01-05,5.099999904632568,5.5,5.099999904632568,5.5,549
2024-01-08,5.800000190734863,6.099999904632568,5.800000190734863,6.099999904632568,449
2024-01-09,6.460000038146973,6.460000038146973,6.019999980926514,6.019999980926514,1449
2024-01-10,6.039999961853027,6.039999961853027,5.440000057220459,5.440000057220459,491
2024-01-11,5.440000057220459,5.440000057220459,5.440000057220459,5.440000057220459,0
2024-01-12,5.599999904632568,5.599999904632568,5.460000038146973,5.460000038146973,233
2024-01-15,5.460000038146973,5.460000038146973,5.460000038146973,5.460000038146973,0
2024-01-16,5.900000095367432,5.900000095367432,5.900000095367432,5.900000095367432,172
2024-01-17,5.480000019073486,5.900000095367432,5.480000019073486,5.900000095367432,183
2024-01-18,5.099999904632568,5.800000190734863,5.099999904632568,5.800000190734863,1259
2024-01-19,5.800000190734863,5.800000190734863,5.800000190734863,5.800000190734863,0
2024-01-22,5.800000190734863,5.800000190734863,5.800000190734863,5.800000190734863,0
2024-01-23,5.420000076293945,5.619999885559082,5.420000076293945,5.619999885559082,95
2024-01-24,5.619999885559082,5.619999885559082,5.619999885559082,5.619999885559082,0
2024-01-25,5.619999885559082,5.619999885559082,5.619999885559082,5.619999885559082,0
2024-01-26,5.599999904632568,5.599999904632568,5.599999904632568,5.599999904632568,2
2024-01-29,5.599999904632568,5.599999904632568,5.599999904632568,5.599999904632568,3
2024-01-30,5.599999904632568,5.599999904632568,5.599999904632568,5.599999904632568,0
2024-01-31,5.920000076293945,5.920000076293945,5.920000076293945,5.920000076293945,21
2024-02-01,5.920000076293945,5.920000076293945,5.920000076293945,5.920000076293945,192
2024-02-02,5.920000076293945,5.920000076293945,5.920000076293945,5.920000076293945,0
2024-02-05,5.920000076293945,5.920000076293945,5.920000076293945,5.920000076293945,0
2024-02-06,5.920000076293945,5.920000076293945,5.920000076293945,5.920000076293945,50
2024-02-07,5.920000076293945,5.920000076293945,5.920000076293945,5.920000076293945,0
2024-02-08,5.920000076293945,5.920000076293945,5.920000076293945,5.920000076293945,0
2024-02-09,5.800000190734863,5.800000190734863,5.800000190734863,5.800000190734863,2
2024-02-12,5.519999980926514,5.519999980926514,5.519999980926514,5.519999980926514,310
2024-02-13,5.480000019073486,5.480000019073486,5.300000190734863,5.300000190734863,613
2024-02-14,5.300000190734863,5.300000190734863,5.300000190734863,5.300000190734863,0
2024-02-15,5.21999979019165,5.21999979019165,5.21999979019165,5.21999979019165,18
2024-02-16,5.21999979019165,5.21999979019165,5.21999979019165,5.21999979019165,280
2024-02-19,5.179999828338623,5.179999828338623,5.179999828338623,5.179999828338623,190
2024-02-20,5.059999942779541,5.059999942779541,5.059999942779541,5.059999942779541,112
2024-02-21,5.059999942779541,5.059999942779541,5.059999942779541,5.059999942779541,0
2024-02-22,5.179999828338623,5.179999828338623,5.179999828338623,5.179999828338623,230
2024-02-23,5.199999809265137,5.199999809265137,5.199999809265137,5.199999809265137,25
2024-02-26,5.199999809265137,5.199999809265137,5.199999809265137,5.199999809265137,0
2024-02-27,4.71999979019165,5.0,4.71999979019165,5.0,373
2024-02-28,5.0,5.0,5.0,5.0,0
2024-02-29,4.820000171661377,4.820000171661377,4.800000190734863,4.800000190734863,58
2024-03-01,4.989999771118164,4.989999771118164,4.989999771118164,4.989999771118164,39
2024-03-04,4.820000171661377,4.820000171661377,4.820000171661377,4.820000171661377,156
2024-03-05,4.820000171661377,4.820000171661377,4.820000171661377,4.820000171661377,0
2024-03-06,5.039999961853027,5.039999961853027,5.039999961853027,5.039999961853027,1000
2024-03-07,4.320000171661377,4.320000171661377,4.320000171661377,4.320000171661377,845
2024-03-08,4.989999771118164,4.989999771118164,4.980000019073486,4.980000019073486,904
2024-03-11,4.980000019073486,4.980000019073486,4.980000019073486,4.980000019073486,812
2024-03-12,4.980000019073486,4.980000019073486,4.980000019073486,4.980000019073486,0
2024-03-13,4.590000152587891,4.599999904632568,4.590000152587891,4.599999904632568,3
2024-03-14,4.599999904632568,4.599999904632568,4.599999904632568,4.599999904632568,0
2024-03-15,4.599999904632568,4.699999809265137,4.599999904632568,4.699999809265137,477
2024-03-18,5.0,5.0,5.0,5.0,80
2024-03-19,5.0,5.0,5.0,5.0,3
2024-03-20,5.5,5.5,5.5,5.5,492
2024-03-21,5.5,5.5,5.5,5.5,319
2024-03-22,4.659999847412109,4.659999847412109,4.659999847412109,4.659999847412109,90
2024-03-25,4.699999809265137,4.699999809265137,4.699999809265137,4.699999809265137,6
2024-03-26,4.599999904632568,4.820000171661377,4.599999904632568,4.820000171661377,555
2024-03-27,4.829999923706055,4.829999923706055,4.829999923706055,4.829999923706055,207
2024-03-28,4.429999828338623,4.46999979019165,4.429999828338623,4.46999979019165,1220
2024-04-02,5.150000095367432,5.150000095367432,5.150000095367432,5.150000095367432,3
2024-04-03,4.460000038146973,4.880000114440918,4.460000038146973,4.880000114440918,255
2024-04-04,4.880000114440918,4.880000114440918,4.880000114440918,4.880000114440918,0
2024-04-05,4.5,4.5,4.5,4.5,222
2024-04-08,4.539999961853027,4.539999961853027,4.539999961853027,4.539999961853027,33
2024-04-09,4.519999980926514,4.519999980926514,4.519999980926514,4.519999980926514,181
2024-04-10,4.559999942779541,4.559999942779541,4.559999942779541,4.559999942779541,29
2024-04-11,4.860000133514404,4.860000133514404,4.860000133514404,4.860000133514404,1
2024-04-12,4.659999847412109,4.659999847412109,4.599999904632568,4.599999904632568,316
2024-04-15,4.559999942779541,4.559999942779541,4.440000057220459,4.440000057220459,1264
2024-04-16,4.440000057220459,4.440000057220459,4.440000057220459,4.440000057220459,56
2024-04-17,4.539999961853027,4.539999961853027,4.260000228881836,4.260000228881836,176
2024-04-18,4.239999771118164,4.260000228881836,4.239999771118164,4.260000228881836,102
2024-04-19,4.239999771118164,4.539999961853027,4.239999771118164,4.539999961853027,222
2024-04-22,4.559999942779541,4.559999942779541,4.539999961853027,4.539999961853027,208
2024-04-23,4.539999961853027,4.619999885559082,4.539999961853027,4.619999885559082,48
2024-04-24,4.559999942779541,4.559999942779541,4.559999942779541,4.559999942779541,132
2024-04-25,4.539999961853027,4.539999961853027,4.539999961853027,4.539999961853027,31
2024-04-26,4.539999961853027,4.539999961853027,4.539999961853027,4.539999961853027,0
2024-04-29,4.320000171661377,4.320000171661377,4.320000171661377,4.320000171661377,8
2024-04-30,4.320000171661377,4.320000171661377,4.320000171661377,4.320000171661377,0
2024-05-02,4.320000171661377,4.320000171661377,4.320000171661377,4.320000171661377,0
2024-05-06,4.340000152587891,4.340000152587891,4.340000152587891,4.340000152587891,176
2024-05-07,4.360000133514404,4.360000133514404,4.360000133514404,4.360000133514404,176
2024-05-08,4.360000133514404,4.380000114440918,4.360000133514404,4.380000114440918,303
2024-05-09,4.880000114440918,4.880000114440918,4.880000114440918,4.880000114440918,81
2024-05-10,4.880000114440918,4.880000114440918,4.880000114440918,4.880000114440918,524
2024-05-13,4.840000152587891,4.840000152587891,4.840000152587891,4.840000152587891,3
2024-05-14,4.599999904632568,4.599999904632568,4.599999904632568,4.599999904632568,68
2024-05-15,4.880000114440918,4.880000114440918,4.880000114440918,4.880000114440918,1011
2024-05-16,4.599999904632568,4.599999904632568,4.599999904632568,4.599999904632568,538
2024-05-17,4.559999942779541,4.559999942779541,4.559999942779541,4.559999942779541,101
2024-05-20,4.559999942779541,4.579999923706055,4.559999942779541,4.579999923706055,201
2024-05-21,4.579999923706055,4.579999923706055,4.579999923706055,4.579999923706055,0
2024-05-22,4.860000133514404,4.880000114440918,4.860000133514404,4.880000114440918,562
2024-05-23,4.880000114440918,4.880000114440918,4.880000114440918,4.880000114440918,3
2024-05-24,4.579999923706055,4.579999923706055,4.579999923706055,4.579999923706055,306
2024-05-27,4.579999923706055,4.579999923706055,4.579999923706055,4.579999923706055,264
2024-05-28,4.579999923706055,4.579999923706055,4.579999923706055,4.579999923706055,3
2024-05-29,4.539999961853027,4.539999961853027,4.539999961853027,4.539999961853027,246
2024-05-31,4.539999961853027,4.539999961853027,4.539999961853027,4.539999961853027,90
2024-06-03,4.78000020980835,4.78000020980835,4.539999961853027,4.539999961853027,779
2024-06-04,4.78000020980835,4.78000020980835,4.78000020980835,4.78000020980835,77
2024-06-05,4.539999961853027,4.539999961853027,4.539999961853027,4.539999961853027,42
2024-06-06,4.539999961853027,4.539999961853027,4.539999961853027,4.539999961853027,75
2024-06-07,4.519999980926514,4.519999980926514,4.519999980926514,4.519999980926514,13
2024-06-10,4.480000019073486,4.5,4.480000019073486,4.5,123
2024-06-11,4.5,4.5,4.5,4.5,0
2024-06-12,4.5,4.5,4.5,4.5,0
2024-06-13,4.5,4.5,4.5,4.5,0
2024-06-14,4.5,4.5,4.5,4.5,270
2024-06-17,4.5,4.5,4.5,4.5,0
2024-06-18,4.539999961853027,4.539999961853027,4.539999961853027,4.539999961853027,50
2024-06-19,4.539999961853027,4.539999961853027,4.539999961853027,4.539999961853027,0
2024-06-20,4.559999942779541,4.559999942779541,4.559999942779541,4.559999942779541,315
2024-06-21,4.559999942779541,4.559999942779541,4.559999942779541,4.559999942779541,0
2024-06-24,4.559999942779541,4.559999942779541,4.559999942779541,4.559999942779541,0
2024-06-25,4.559999942779541,4.559999942779541,4.559999942779541,4.559999942779541,0
2024-06-26,4.559999942779541,4.559999942779541,4.559999942779541,4.559999942779541,0
2024-06-27,4.559999942779541,4.559999942779541,4.559999942779541,4.559999942779541,0
2024-06-28,4.559999942779541,4.559999942779541,4.559999942779541,4.559999942779541,0
2024-07-01,4.559999942779541,4.559999942779541,4.559999942779541,4.559999942779541,0
2024-07-02,4.5,4.5,4.5,4.5,1779
2024-07-03,4.5,4.5,4.5,4.5,0
2024-07-04,4.5,4.5,4.480000019073486,4.480000019073486,289
2024-07-05,4.480000019073486,4.480000019073486,4.480000019073486,4.480000019073486,34
2024-07-08,4.519999980926514,4.519999980926514,4.519999980926514,4.519999980926514,515
2024-07-09,4.519999980926514,4.519999980926514,4.519999980926514,4.519999980926514,0
2024-07-10,4.579999923706055,4.599999904632568,4.579999923706055,4.599999904632568,1000
2024-07-11,4.599999904632568,4.599999904632568,4.599999904632568,4.599999904632568,160
2024-07-12,4.599999904632568,4.599999904632568,4.599999904632568,4.599999904632568,0
2024-07-15,4.519999980926514,4.519999980926514,4.519999980926514,4.519999980926514,607
2024-07-16,4.519999980926514,4.519999980926514,4.519999980926514,4.519999980926514,0
2024-07-17,4.519999980926514,4.519999980926514,4.519999980926514,4.519999980926514,0
2024-07-18,4.519999980926514,4.519999980926514,4.519999980926514,4.519999980926514,0
2024-07-19,4.519999980926514,4.519999980926514,4.519999980926514,4.519999980926514,619
2024-07-22,4.519999980926514,4.519999980926514,4.519999980926514,4.519999980926514,0
2024-07-23,4.519999980926514,4.519999980926514,4.519999980926514,4.519999980926514,0
2024-07-24,4.460000038146973,4.460000038146973,4.460000038146973,4.460000038146973,20
2024-07-25,4.460000038146973,4.460000038146973,4.460000038146973,4.460000038146973,0
2024-07-26,4.460000038146973,4.460000038146973,4.460000038146973,4.460000038146973,0
2024-07-29,4.420000076293945,4.420000076293945,4.420000076293945,4.420000076293945,1200
2024-07-30,4.699999809265137,4.699999809265137,4.699999809265137,4.699999809265137,1
2024-07-31,4.440000057220459,4.440000057220459,4.440000057220459,4.440000057220459,60
2024-08-01,4.699999809265137,4.71999979019165,4.699999809265137,4.71999979019165,518
2024-08-02,4.960000038146973,4.960000038146973,4.960000038146973,4.960000038146973,113
2024-08-05,4.619999885559082,4.619999885559082,4.599999904632568,4.599999904632568,151
2024-08-06,4.360000133514404,4.360000133514404,4.340000152587891,4.340000152587891,824
2024-08-07,4.320000171661377,4.320000171661377,4.320000171661377,4.320000171661377,10
2024-08-08,4.28000020980835,4.320000171661377,4.28000020980835,4.320000171661377,600
2024-08-09,4.0,4.0,4.0,4.0,2
2024-08-12,3.700000047683716,3.740000009536743,3.700000047683716,3.740000009536743,466
2024-08-13,3.700000047683716,3.700000047683716,3.700000047683716,3.700000047683716,863
2024-08-14,3.700000047683716,3.700000047683716,3.700000047683716,3.700000047683716,30
2024-08-16,3.740000009536743,3.740000009536743,3.740000009536743,3.740000009536743,987
2024-08-19,3.740000009536743,3.740000009536743,3.740000009536743,3.740000009536743,77
2024-08-20,3.759999990463257,3.759999990463257,3.759999990463257,3.759999990463257,73
2024-08-21,3.759999990463257,3.759999990463257,3.759999990463257,3.759999990463257,0
2024-08-22,3.759999990463257,3.759999990463257,3.759999990463257,3.759999990463257,0
2024-08-23,4.5,4.5,4.5,4.5,450
2024-08-26,4.5,4.5,4.5,4.5,523
2024-08-27,4.059999942779541,4.059999942779541,4.059999942779541,4.059999942779541,540
2024-08-28,4.059999942779541,4.059999942779541,4.059999942779541,4.059999942779541,0
2024-08-29,3.819999933242798,4.0,3.819999933242798,4.0,332
2024-08-30,4.0,4.0,4.0,4.0,180
2024-09-02,3.859999895095825,3.859999895095825,3.7799999713897705,3.7799999713897705,2169
2024-09-03,3.7799999713897705,3.7799999713897705,3.7799999713897705,3.7799999713897705,0
2024-09-04,3.7799999713897705,3.7799999713897705,3.7799999713897705,3.7799999713897705,0
2024-09-05,4.139999866485596,4.139999866485596,4.139999866485596,4.139999866485596,50
2024-09-06,4.300000190734863,4.300000190734863,4.300000190734863,4.300000190734863,510
2024-09-09,4.300000190734863,4.300000190734863,4.300000190734863,4.300000190734863,0
2024-09-10,4.300000190734863,4.300000190734863,4.300000190734863,4.300000190734863,0
2024-09-11,4.460000038146973,4.460000038146973,4.460000038146973,4.460000038146973,150
2024-09-12,4.460000038146973,4.460000038146973,4.460000038146973,4.460000038146973,0
2024-09-13,4.460000038146973,4.460000038146973,4.460000038146973,4.460000038146973,0
2024-09-16,4.460000038146973,4.460000038146973,3.8399999141693115,3.8399999141693115,35
2024-09-17,3.8399999141693115,3.8399999141693115,3.8399999141693115,3.8399999141693115,0
2024-09-18,3.859999895095825,3.859999895095825,3.859999895095825,3.859999895095825,665
2024-09-19,3.9800000190734863,3.9800000190734863,3.9800000190734863,3.9800000190734863,1186
2024-09-20,3.8399999141693115,3.8399999141693115,3.799999952316284,3.799999952316284,1131
2024-09-23,4.0,4.0,4.0,4.0,1228
2024-09-24,4.0,4.0,4.0,4.0,0
2024-09-25,4.0,4.0,4.0,4.0,0
2024-09-26,4.400000095367432,4.400000095367432,4.400000095367432,4.400000095367432,38
2024-09-27,3.9000000953674316,3.9000000953674316,3.9000000953674316,3.9000000953674316,100
2024-09-30,4.28000020980835,4.28000020980835,4.28000020980835,4.28000020980835,1
2024-10-01,3.9000000953674316,3.9000000953674316,3.9000000953674316,3.9000000953674316,875
2024-10-02,3.9000000953674316,3.9000000953674316,3.9000000953674316,3.9000000953674316,0
2024-10-03,3.9000000953674316,3.9000000953674316,3.9000000953674316,3.9000000953674316,0
2024-10-04,3.7799999713897705,3.7799999713897705,3.740000009536743,3.740000009536743,1192
2024-10-07,3.7799999713897705,3.7799999713897705,3.7799999713897705,3.7799999713897705,100
2024-10-08,3.799999952316284,3.799999952316284,3.799999952316284,3.799999952316284,261
2024-10-09,3.7799999713897705,3.880000114440918,3.7799999713897705,3.880000114440918,260
2024-10-10,3.880000114440918,3.880000114440918,3.880000114440918,3.880000114440918,0
2024-10-11,3.880000114440918,3.880000114440918,3.880000114440918,3.880000114440918,0
2024-10-14,3.880000114440918,3.880000114440918,3.880000114440918,3.880000114440918,100
2024-10-15,3.880000114440918,3.880000114440918,3.880000114440918,3.880000114440918,0
2024-10-16,3.9000000953674316,3.9000000953674316,3.9000000953674316,3.9000000953674316,475
2024-10-17,3.9000000953674316,3.9000000953674316,3.9000000953674316,3.9000000953674316,0
2024-10-18,3.880000114440918,3.880000114440918,3.880000114440918,3.880000114440918,156
2024-10-21,3.880000114440918,4.0,3.880000114440918,4.0,944
2024-10-22,4.0,4.0,4.0,4.0,0
2024-10-23,4.0,4.0,4.0,4.0,0
2024-10-24,4.0,4.0,4.0,4.0,0
2024-10-25,4.0,4.0,4.0,4.0,0
2024-10-28,3.740000009536743,3.740000009536743,3.740000009536743,3.740000009536743,36
2024-10-29,3.5999999046325684,3.5999999046325684,3.5999999046325684,3.5999999046325684,275
2024-10-30,3.5199999809265137,3.5199999809265137,3.5199999809265137,3.5199999809265137,465
2024-10-31,3.5199999809265137,3.5199999809265137,3.5199999809265137,3.5199999809265137,730
2024-11-04,3.5199999809265137,3.5199999809265137,3.5199999809265137,3.5199999809265137,0
2024-11-05,3.5,3.5,3.5,3.5,404
2024-11-06,3.4200000762939453,3.4200000762939453,3.4000000953674316,3.4000000953674316,998
2024-11-07,3.4000000953674316,3.4000000953674316,3.2200000286102295,3.2200000286102295,76
2024-11-08,2.9600000381469727,3.0399999618530273,2.9600000381469727,3.0399999618530273,536
2024-11-12,3.0399999618530273,3.0399999618530273,3.0399999618530273,3.0399999618530273,250
2024-11-13,3.0999999046325684,3.0999999046325684,3.0999999046325684,3.0999999046325684,3516
2024-11-14,3.200000047683716,3.200000047683716,3.200000047683716,3.200000047683716,2000
2024-11-15,3.5,3.5,3.5,3.5,138
2024-11-18,3.799999952316284,3.799999952316284,3.5399999618530273,3.5399999618530273,757
2024-11-19,3.5999999046325684,3.859999895095825,3.5999999046325684,3.859999895095825,1858
2024-11-20,3.859999895095825,3.859999895095825,3.859999895095825,3.859999895095825,2738
2024-11-21,3.859999895095825,3.859999895095825,3.859999895095825,3.859999895095825,2689
2024-11-22,3.859999895095825,4.0,3.859999895095825,4.0,1145
2024-11-25,4.199999809265137,4.199999809265137,4.199999809265137,4.199999809265137,1558
2024-11-26,4.199999809265137,4.199999809265137,4.199999809265137,4.199999809265137,0
2024-11-27,3.799999952316284,3.799999952316284,3.799999952316284,3.799999952316284,3277
2024-11-28,3.799999952316284,3.799999952316284,3.799999952316284,3.799999952316284,0
2024-11-29,3.9000000953674316,3.9000000953674316,3.9000000953674316,3.9000000953674316,10
2024-12-02,3.9200000762939453,3.9200000762939453,3.9200000762939453,3.9200000762939453,2472
2024-12-03,3.7200000286102295,4.0,3.7200000286102295,4.0,165
2024-12-04,3.819999933242798,3.819999933242798,3.819999933242798,3.819999933242798,526
2024-12-05,3.819999933242798,3.819999933242798,3.819999933242798,3.819999933242798,100
2024-12-06,3.740000009536743,3.740000009536743,3.740000009536743,3.740000009536743,860
2024-12-09,3.6600000858306885,3.6600000858306885,3.6600000858306885,3.6600000858306885,4515
2024-12-10,3.5399999618530273,3.5399999618530273,3.5399999618530273,3.5399999618530273,181
2024-12-11,3.5399999618530273,3.5399999618530273,3.5399999618530273,3.5399999618530273,0
2024-12-12,3.299999952316284,3.299999952316284,3.299999952316284,3.299999952316284,1260
2024-12-13,2.8399999141693115,2.9800000190734863,2.8399999141693115,2.9800000190734863,6001
2024-12-16,3.0999999046325684,3.0999999046325684,3.0999999046325684,3.0999999046325684,4210
2024-12-17,3.0999999046325684,3.0999999046325684,3.0999999046325684,3.0999999046325684,0
2024-12-18,3.0,3.0,3.0,3.0,1000
2024-12-19,2.819999933242798,2.859999895095825,2.819999933242798,2.859999895095825,10241
2024-12-20,3.0,3.0399999618530273,3.0,3.0399999618530273,2806
2024-12-23,3.200000047683716,3.4000000953674316,3.200000047683716,3.4000000953674316,1393
2024-12-27,3.4000000953674316,3.559999942779541,3.4000000953674316,3.559999942779541,2970
2024-12-30,3.5,3.5,3.5,3.5,1645
2025-01-02,3.700000047683716,3.880000114440918,3.700000047683716,3.880000114440918,4475
2025-01-03,3.9800000190734863,3.9800000190734863,3.9800000190734863,3.9800000190734863,500
2025-01-07,4.0,4.0,4.0,4.0,637
2025-01-08,3.9800000190734863,3.9800000190734863,3.799999952316284,3.799999952316284,849
2025-01-09,3.799999952316284,3.799999952316284,3.799999952316284,3.799999952316284,80
2025-01-10,3.799999952316284,3.799999952316284,3.799999952316284,3.799999952316284,0
2025-01-13,3.799999952316284,4.199999809265137,3.799999952316284,4.199999809265137,3750
2025-01-14,4.0,4.0,4.0,4.0,400
2025-01-15,4.300000190734863,4.300000190734863,4.300000190734863,4.300000190734863,2508
2025-01-16,4.5,4.5,4.380000114440918,4.380000114440918,7643
2025-01-17,4.380000114440918,4.380000114440918,4.380000114440918,4.380000114440918,0
2025-01-20,3.8399999141693115,3.8399999141693115,3.8399999141693115,3.8399999141693115,4307
2025-01-21,3.859999895095825,3.859999895095825,3.859999895095825,3.859999895095825,1000
2025-01-22,3.559999942779541,3.559999942779541,3.559999942779541,3.559999942779541,17
2025-01-23,3.559999942779541,3.559999942779541,3.559999942779541,3.559999942779541,60
2025-01-24,3.559999942779541,3.559999942779541,3.559999942779541,3.559999942779541,0
2025-01-27,3.559999942779541,3.559999942779541,3.559999942779541,3.559999942779541,0
2025-01-28,3.559999942779541,3.559999942779541,3.559999942779541,3.559999942779541,0
2025-01-29,3.859999895095825,3.859999895095825,3.859999895095825,3.859999895095825,2060
2025-01-30,3.859999895095825,3.859999895095825,3.859999895095825,3.859999895095825,0
2025-01-31,3.859999895095825,3.859999895095825,3.859999895095825,3.859999895095825,0
2025-02-03,4.239999771118164,4.239999771118164,4.239999771118164,4.239999771118164,277
2025-02-04,4.159999847412109,4.159999847412109,4.159999847412109,4.159999847412109,22
2025-02-05,4.159999847412109,4.159999847412109,4.159999847412109,4.159999847412109,0
2025-02-06,4.159999847412109,4.159999847412109,4.159999847412109,4.159999847412109,130
2025-02-07,3.640000104904175,3.799999952316284,3.640000104904175,3.799999952316284,550
2025-02-10,3.799999952316284,3.799999952316284,3.799999952316284,3.799999952316284,0
2025-02-11,3.799999952316284,3.799999952316284,3.799999952316284,3.799999952316284,0
2025-02-12,3.799999952316284,3.799999952316284,3.799999952316284,3.799999952316284,0
2025-02-13,3.799999952316284,3.799999952316284,3.640000104904175,3.640000104904175,8130
2025-02-14,3.640000104904175,3.640000104904175,3.640000104904175,3.640000104904175,40
2025-02-17,3.640000104904175,3.640000104904175,3.640000104904175,3.640000104904175,104
2025-02-18,3.640000104904175,3.640000104904175,3.640000104904175,3.640000104904175,0
2025-02-19,3.9800000190734863,3.9800000190734863,3.9800000190734863,3.9800000190734863,200
2025-02-20,3.9800000190734863,3.9800000190734863,3.9800000190734863,3.9800000190734863,0
2025-02-21,3.9800000190734863,3.9800000190734863,3.9800000190734863,3.9800000190734863,50
2025-02-24,3.9800000190734863,3.9800000190734863,3.9800000190734863,3.9800000190734863,0
2025-02-25,3.9800000190734863,3.9800000190734863,3.9800000190734863,3.9800000190734863,0
2025-02-26,3.9800000190734863,3.9800000190734863,3.9800000190734863,3.9800000190734863,0
2025-02-27,3.9800000190734863,3.9800000190734863,3.9800000190734863,3.9800000190734863,0
2025-02-28,3.9800000190734863,3.9800000190734863,3.9800000190734863,3.9800000190734863,0
2025-03-03,3.9800000190734863,3.9800000190734863,3.9800000190734863,3.9800000190734863,0
2025-03-04,3.9800000190734863,3.9800000190734863,3.9800000190734863,3.9800000190734863,0
2025-03-05,3.9800000190734863,3.9800000190734863,3.9000000953674316,3.9000000953674316,26
2025-03-06,3.9000000953674316,3.9000000953674316,3.9000000953674316,3.9000000953674316,47
2025-03-07,3.9000000953674316,3.9000000953674316,3.9000000953674316,3.9000000953674316,0
2025-03-10,3.640000104904175,3.640000104904175,3.640000104904175,3.640000104904175,331
2025-03-11,3.5,3.5,3.5,3.5,15
2025-03-12,3.5,3.5,3.5,3.5,0
2025-03-13,3.5,3.5,3.4200000762939453,3.4200000762939453,1966
2025-03-14,3.240000009536743,3.9600000381469727,3.240000009536743,3.9600000381469727,882
2025-03-17,3.940000057220459,3.940000057220459,3.9200000762939453,3.9200000762939453,1009
2025-03-18,3.9200000762939453,3.9200000762939453,3.9200000762939453,3.9200000762939453,0
2025-03-19,3.5999999046325684,3.619999885559082,3.5999999046325684,3.619999885559082,1370
2025-03-20,3.5399999618530273,3.5399999618530273,3.5399999618530273,3.5399999618530273,150
2025-03-21,3.619999885559082,3.619999885559082,3.619999885559082,3.619999885559082,396
2025-03-24,3.619999885559082,3.619999885559082,3.619999885559082,3.619999885559082,0
2025-03-25,4.0,4.0,4.0,4.0,678
2025-03-26,4.0,4.0,4.0,4.0,0
2025-03-27,4.0,4.0,4.0,4.0,0
2025-03-28,3.619999885559082,4.0,3.619999885559082,4.0,1645
2025-03-31,4.0,4.0,4.0,4.0,0
2025-04-01,4.0,4.0,4.0,4.0,0
2025-04-02,4.0,4.0,4.0,4.0,0
2025-04-03,3.640000104904175,4.0,3.640000104904175,4.0,31
2025-04-04,3.640000104904175,3.700000047683716,3.640000104904175,3.700000047683716,560
2025-04-07,3.700000047683716,3.700000047683716,3.700000047683716,3.700000047683716,0
2025-04-08,3.700000047683716,3.700000047683716,3.700000047683716,3.700000047683716,1200
2025-04-09,3.700000047683716,3.700000047683716,3.700000047683716,3.700000047683716,0
2025-04-10,3.700000047683716,3.700000047683716,3.700000047683716,3.700000047683716,0
2025-04-11,3.700000047683716,3.700000047683716,3.700000047683716,3.700000047683716,0
2025-04-14,3.700000047683716,3.700000047683716,3.700000047683716,3.700000047683716,0
2025-04-15,3.700000047683716,3.700000047683716,3.700000047683716,3.700000047683716,0
2025-04-16,3.700000047683716,3.700000047683716,3.700000047683716,3.700000047683716,0
2025-04-17,3.5999999046325684,3.5999999046325684,3.5999999046325684,3.5999999046325684,10
2025-04-22,3.9000000953674316,3.9000000953674316,3.9000000953674316,3.9000000953674316,36
2025-04-23,3.9000000953674316,3.9000000953674316,3.9000000953674316,3.9000000953674316,0
2025-04-24,3.5999999046325684,3.9000000953674316,3.5999999046325684,3.9000000953674316,788
2025-04-25,3.9000000953674316,3.9000000953674316,3.9000000953674316,3.9000000953674316,302
2025-04-28,3.9800000190734863,3.9800000190734863,3.9800000190734863,3.9800000190734863,870
2025-04-29,3.9800000190734863,3.9800000190734863,3.9800000190734863,3.9800000190734863,970
2025-04-30,3.9000000953674316,3.9000000953674316,3.9000000953674316,3.9000000953674316,950
2025-05-02,3.9600000381469727,3.9600000381469727,3.9600000381469727,3.9600000381469727,3546
2025-05-05,3.9200000762939453,3.9200000762939453,3.9200000762939453,3.9200000762939453,483
2025-05-06,3.9200000762939453,3.9200000762939453,3.9200000762939453,3.9200000762939453,0
2025-05-07,3.9200000762939453,3.9200000762939453,3.9200000762939453,3.9200000762939453,0
2025-05-08,3.799999952316284,3.799999952316284,3.799999952316284,3.799999952316284,201
2025-05-09,3.799999952316284,3.799999952316284,3.799999952316284,3.799999952316284,0
2025-05-12,3.799999952316284,3.799999952316284,3.799999952316284,3.799999952316284,0
2025-05-13,3.5999999046325684,3.5999999046325684,3.5999999046325684,3.5999999046325684,371
2025-05-14,3.4200000762939453,3.4600000381469727,3.4200000762939453,3.4600000381469727,369
2025-05-15,3.4200000762939453,3.4200000762939453,3.4200000762939453,3.4200000762939453,287
2025-05-16,3.4200000762939453,3.4200000762939453,3.4200000762939453,3.4200000762939453,2505
2025-05-19,3.4600000381469727,3.4600000381469727,3.4600000381469727,3.4600000381469727,150
2025-05-20,3.440000057220459,3.440000057220459,3.440000057220459,3.440000057220459,2417
2025-05-21,3.440000057220459,3.440000057220459,3.440000057220459,3.440000057220459,0
2025-05-22,3.440000057220459,3.440000057220459,3.440000057220459,3.440000057220459,170
2025-05-23,3.5199999809265137,3.5199999809265137,3.5199999809265137,3.5199999809265137,1234
2025-05-26,3.440000057220459,3.440000057220459,3.440000057220459,3.440000057220459,55
2025-05-27,3.440000057220459,3.940000057220459,3.440000057220459,3.940000057220459,45
2025-05-28,3.7799999713897705,3.7799999713897705,3.7799999713897705,3.7799999713897705,25
2025-05-29,3.7799999713897705,3.7799999713897705,3.7799999713897705,3.7799999713897705,50
2025-05-30,3.440000057220459,3.440000057220459,3.440000057220459,3.440000057220459,968
2025-06-02,3.440000057220459,3.440000057220459,3.440000057220459,3.440000057220459,0
2025-06-03,3.7799999713897705,3.7799999713897705,3.4200000762939453,3.4200000762939453,3208
2025-06-04,3.4200000762939453,3.4200000762939453,3.4200000762939453,3.4200000762939453,110
2025-06-05,3.4200000762939453,3.4200000762939453,3.4200000762939453,3.4200000762939453,0
2025-06-06,3.4200000762939453,3.4200000762939453,3.4200000762939453,3.4200000762939453,0
2025-06-09,3.5999999046325684,4.0,3.5999999046325684,4.0,1259
2025-06-10,4.0,4.0,4.0,4.0,1154
2025-06-11,4.0,4.0,4.0,4.0,0
2025-06-12,4.0,4.0,4.0,4.0,0
2025-06-13,4.0,4.0,4.0,4.0,0
2025-06-16,4.0,4.0,4.0,4.0,328
2025-06-17,4.0,4.0,4.0,4.0,0
2025-06-18,4.0,4.0,4.0,4.0,0
2025-06-20,3.619999885559082,3.619999885559082,3.619999885559082,3.619999885559082,120
2025-06-23,3.619999885559082,3.619999885559082,3.619999885559082,3.619999885559082,880
2025-06-24,3.940000057220459,3.940000057220459,3.940000057220459,3.940000057220459,196
2025-06-25,3.9800000190734863,3.9800000190734863,3.9800000190734863,3.9800000190734863,24
2025-06-26,3.640000104904175,3.640000104904175,3.640000104904175,3.640000104904175,1000
2025-06-27,3.640000104904175,3.640000104904175,3.640000104904175,3.640000104904175,0
2025-06-30,3.640000104904175,3.640000104904175,3.640000104904175,3.640000104904175,0
2025-07-01,3.9600000381469727,3.9600000381469727,3.9600000381469727,3.9600000381469727,824
2025-07-02,3.940000057220459,4.260000228881836,3.940000057220459,4.260000228881836,1801
2025-07-03,4.260000228881836,4.260000228881836,3.680000066757202,3.680000066757202,341
2025-07-04,3.680000066757202,3.680000066757202,3.680000066757202,3.680000066757202,0
2025-07-07,3.680000066757202,3.680000066757202,3.680000066757202,3.680000066757202,0
2025-07-08,4.260000228881836,4.260000228881836,4.239999771118164,4.239999771118164,154
2025-07-09,4.260000228881836,4.260000228881836,4.260000228881836,4.260000228881836,120
2025-07-10,4.260000228881836,4.260000228881836,4.260000228881836,4.260000228881836,0
2025-07-11,4.260000228881836,4.260000228881836,4.260000228881836,4.260000228881836,146
2025-07-14,4.260000228881836,4.260000228881836,4.260000228881836,4.260000228881836,0
2025-07-15,4.260000228881836,4.260000228881836,4.260000228881836,4.260000228881836,0
2025-07-16,4.260000228881836,4.260000228881836,4.260000228881836,4.260000228881836,0
2025-07-17,4.260000228881836,4.260000228881836,4.260000228881836,4.260000228881836,0
2025-07-18,4.260000228881836,4.260000228881836,4.260000228881836,4.260000228881836,0
2025-07-21,3.6600000858306885,3.6600000858306885,3.6600000858306885,3.6600000858306885,1800
2025-07-22,3.700000047683716,4.019999980926514,3.700000047683716,4.019999980926514,26
2025-07-23,4.019999980926514,4.019999980926514,4.0,4.0,426
2025-07-24,3.700000047683716,3.700000047683716,3.700000047683716,3.700000047683716,50
2025-07-25,4.059999942779541,4.059999942779541,4.059999942779541,4.059999942779541,1
2025-07-28,3.819999933242798,4.159999847412109,3.819999933242798,4.159999847412109,31
2025-07-29,4.159999847412109,4.159999847412109,4.159999847412109,4.159999847412109,0
2025-07-30,4.159999847412109,4.159999847412109,4.159999847412109,4.159999847412109,0
2025-07-31,3.799999952316284,3.799999952316284,3.799999952316284,3.799999952316284,220
2025-08-01,3.799999952316284,3.799999952316284,3.799999952316284,3.799999952316284,1180
2025-08-04,4.099999904632568,4.099999904632568,4.099999904632568,4.099999904632568,1
2025-08-05,4.099999904632568,4.099999904632568,4.099999904632568,4.099999904632568,0
2025-08-06,4.099999904632568,4.099999904632568,4.099999904632568,4.099999904632568,0
2025-08-07,3.740000009536743,3.740000009536743,3.740000009536743,3.740000009536743,36
2025-08-08,4.039999961853027,4.039999961853027,4.039999961853027,4.039999961853027,174
2025-08-11,4.0,4.0,4.0,4.0,1302
2025-08-12,4.0,4.0,4.0,4.0,0
2025-08-13,4.0,4.0,4.0,4.0,0
2025-08-14,4.0,4.0,4.0,4.0,0
2025-08-18,4.0,4.0,4.0,4.0,0
2025-08-19,4.0,4.0,4.0,4.0,0
2025-08-20,4.0,4.0,4.0,4.0,0
2025-08-21,4.0,4.0,4.0,4.0,0
2025-08-22,4.0,4.0,4.0,4.0,0
2025-08-25,3.700000047683716,3.9200000762939453,3.700000047683716,3.9200000762939453,7
2025-08-26,3.9200000762939453,3.9200000762939453,3.9200000762939453,3.9200000762939453,103
2025-08-27,3.9200000762939453,3.9200000762939453,3.9200000762939453,3.9200000762939453,0
2025-08-28,3.9200000762939453,3.9200000762939453,3.9200000762939453,3.9200000762939453,0
2025-08-29,3.700000047683716,3.700000047683716,3.700000047683716,3.700000047683716,178
2025-09-01,3.700000047683716,3.9200000762939453,3.700000047683716,3.9200000762939453,2
2025-09-02,3.9200000762939453,3.9200000762939453,3.9200000762939453,3.9200000762939453,0
2025-09-03,3.9200000762939453,3.9200000762939453,3.9200000762939453,3.9200000762939453,0
2025-09-04,3.9200000762939453,3.9200000762939453,3.9200000762939453,3.9200000762939453,0
2025-09-05,3.9800000190734863,3.9800000190734863,3.9800000190734863,3.9800000190734863,559
2025-09-08,3.9800000190734863,3.9800000190734863,3.9800000190734863,3.9800000190734863,500
2025-09-09,3.6600000858306885,3.6600000858306885,3.6600000858306885,3.6600000858306885,32
2025-09-10,3.6600000858306885,3.6600000858306885,3.6600000858306885,3.6600000858306885,0
2025-09-11,3.6600000858306885,3.6600000858306885,3.6600000858306885,3.6600000858306885,0
2025-09-12,3.6600000858306885,3.6600000858306885,3.6600000858306885,3.6600000858306885,0
2025-09-15,3.700000047683716,3.700000047683716,3.680000066757202,3.680000066757202,334
2025-09-16,3.9000000953674316,3.9000000953674316,3.9000000953674316,3.9000000953674316,1000
2025-09-17,3.9000000953674316,3.9000000953674316,3.9000000953674316,3.9000000953674316,192
2025-09-18,3.9000000953674316,3.9000000953674316,3.680000066757202,3.680000066757202,591
2025-09-19,3.9000000953674316,3.9000000953674316,3.9000000953674316,3.9000000953674316,101
2025-09-22,3.9000000953674316,3.9000000953674316,3.9000000953674316,3.9000000953674316,25
2025-09-23,3.9600000381469727,3.9600000381469727,3.9600000381469727,3.9600000381469727,69
2025-09-24,3.9600000381469727,3.9600000381469727,3.9600000381469727,3.9600000381469727,0
2025-09-25,3.9600000381469727,3.9600000381469727,3.9600000381469727,3.9600000381469727,0
2025-09-26,4.0,4.0,4.0,4.0,570
2025-09-29,4.119999885559082,4.119999885559082,4.119999885559082,4.119999885559082,3470
2025-09-30,4.239999771118164,4.239999771118164,4.239999771118164,4.239999771118164,1613
2025-10-01,4.099999904632568,4.260000228881836,4.099999904632568,4.260000228881836,3446
2025-10-02,4.460000038146973,4.460000038146973,4.460000038146973,4.460000038146973,12223
2025-10-03,4.460000038146973,4.460000038146973,4.460000038146973,4.460000038146973,0
2025-10-06,4.099999904632568,4.099999904632568,4.099999904632568,4.099999904632568,545
2025-10-07,4.099999904632568,4.099999904632568,4.099999904632568,4.099999904632568,228
2025-10-08,4.099999904632568,4.099999904632568,4.099999904632568,4.099999904632568,392
2025-10-09,4.099999904632568,4.099999904632568,4.099999904632568,4.099999904632568,256
2025-10-10,4.099999904632568,4.099999904632568,4.099999904632568,4.099999904632568,3210
2025-10-13,4.099999904632568,4.099999904632568,4.099999904632568,4.099999904632568,0
2025-10-14,3.799999952316284,3.799999952316284,3.799999952316284,3.799999952316284,69
2025-10-15,3.799999952316284,3.799999952316284,3.799999952316284,3.799999952316284,0
2025-10-16,3.700000047683716,3.700000047683716,3.700000047683716,3.700000047683716,1240
2025-10-17,3.700000047683716,3.700000047683716,3.700000047683716,3.700000047683716,1
2025-10-20,3.700000047683716,3.700000047683716,3.700000047683716,3.700000047683716,0
2025-10-21,3.700000047683716,3.700000047683716,3.700000047683716,3.700000047683716,87
2025-10-22,3.7200000286102295,3.7200000286102295,3.7200000286102295,3.7200000286102295,4
2025-10-23,3.7200000286102295,3.7200000286102295,3.7200000286102295,3.7200000286102295,0
2025-10-24,3.7200000286102295,3.7200000286102295,3.7200000286102295,3.7200000286102295,0
2025-10-27,4.0,4.0,4.0,4.0,346
2025-10-28,4.0,4.0,4.0,4.0,0
2025-10-29,4.0,4.0,3.799999952316284,3.799999952316284,1054
2025-10-30,3.799999952316284,3.799999952316284,3.799999952316284,3.799999952316284,510
2025-10-31,3.799999952316284,3.799999952316284,3.799999952316284,3.799999952316284,0
2025-11-03,3.7200000286102295,3.7200000286102295,3.7200000286102295,3.7200000286102295,81
2025-11-04,3.740000009536743,3.740000009536743,3.740000009536743,3.740000009536743,85
2025-11-05,4.099999904632568,4.099999904632568,4.099999904632568,4.099999904632568,6
2025-11-06,4.099999904632568,4.099999904632568,4.099999904632568,4.099999904632568,0
2025-11-07,4.099999904632568,4.099999904632568,4.099999904632568,4.099999904632568,0
2025-11-10,3.3399999141693115,3.6600000858306885,3.3399999141693115,3.6600000858306885,1958
2025-11-12,3.9600000381469727,3.9600000381469727,3.680000066757202,3.680000066757202,566
2025-11-13,3.680000066757202,3.680000066757202,3.680000066757202,3.680000066757202,0
2025-11-14,3.680000066757202,3.680000066757202,3.680000066757202,3.680000066757202,100
2025-11-17,3.680000066757202,3.680000066757202,3.680000066757202,3.680000066757202,0
2025-11-18,3.680000066757202,3.680000066757202,3.680000066757202,3.680000066757202,0
2025-11-19,3.380000114440918,3.4000000953674316,3.380000114440918,3.4000000953674316,152
2025-11-20,3.380000114440918,3.380000114440918,3.259999990463257,3.259999990463257,1285
2025-11-21,3.259999990463257,3.259999990463257,3.259999990463257,3.259999990463257,0
2025-11-24,3.700000047683716,3.700000047683716,3.700000047683716,3.700000047683716,641
2025-11-25,3.700000047683716,3.700000047683716,3.700000047683716,3.700000047683716,0
2025-11-26,3.700000047683716,3.700000047683716,3.700000047683716,3.700000047683716,5
2025-11-27,3.700000047683716,3.700000047683716,3.700000047683716,3.700000047683716,301
2025-11-28,3.9800000190734863,3.9800000190734863,3.9600000381469727,3.9600000381469727,647
2025-12-01,3.9600000381469727,3.9600000381469727,3.9600000381469727,3.9600000381469727,0
2025-12-02,3.680000066757202,3.680000066757202,3.5999999046325684,3.5999999046325684,1550
2025-12-03,3.5999999046325684,3.5999999046325684,3.5999999046325684,3.5999999046325684,84
2025-12-04,3.5999999046325684,3.5999999046325684,3.5999999046325684,3.5999999046325684,83
2025-12-05,3.259999990463257,3.259999990463257,3.259999990463257,3.259999990463257,330
2025-12-08,3.259999990463257,3.259999990463257,3.259999990463257,3.259999990463257,100
2025-12-09,2.7200000286102295,2.7200000286102295,2.7200000286102295,2.7200000286102295,77
2025-12-10,2.9200000762939453,2.940000057220459,2.9200000762939453,2.940000057220459,399
2025-12-11,2.9600000381469727,3.0,2.9600000381469727,3.0,2856
2025-12-12,3.0,3.0,3.0,3.0,12
2025-12-15,3.0,3.0,3.0,3.0,1085
2025-12-16,3.0,3.0,3.0,3.0,34
2025-12-17,3.0,3.0,3.0,3.0,2889
2025-12-18,2.9800000190734863,2.9800000190734863,2.9800000190734863,2.9800000190734863,2505
2025-12-19,2.9200000762939453,2.9200000762939453,2.9200000762939453,2.9200000762939453,300
2025-12-22,2.740000009536743,2.740000009536743,2.7200000286102295,2.7200000286102295,2707
2025-12-23,2.740000009536743,2.759999990463257,2.740000009536743,2.759999990463257,9117
2025-12-29,2.700000047683716,2.740000009536743,2.700000047683716,2.740000009536743,1731
2025-12-30,2.759999990463257,2.759999990463257,2.759999990463257,2.759999990463257,100
2026-01-02,2.7799999713897705,2.7799999713897705,2.7799999713897705,2.7799999713897705,971
2026-01-05,2.7799999713897705,2.7799999713897705,2.7799999713897705,2.7799999713897705,445
2026-01-07,2.7200000286102295,2.9600000381469727,2.7200000286102295,2.9600000381469727,866
2026-01-08,2.9600000381469727,2.9600000381469727,2.9600000381469727,2.9600000381469727,488
2026-01-09,2.940000057220459,3.0,2.940000057220459,3.0,17
2026-01-12,3.200000047683716,3.2799999713897705,3.200000047683716,3.2799999713897705,3311
2026-01-13,3.559999942779541,3.559999942779541,3.559999942779541,3.559999942779541,2342
2026-01-14,3.9800000190734863,3.9800000190734863,3.9600000381469727,3.9600000381469727,16
2026-01-15,3.7799999713897705,3.7799999713897705,3.7799999713897705,3.7799999713897705,1100
2026-01-16,3.799999952316284,3.799999952316284,3.799999952316284,3.799999952316284,400
2026-01-19,3.740000009536743,3.740000009536743,3.4200000762939453,3.4200000762939453,519
2026-01-20,3.4200000762939453,3.4200000762939453,3.4200000762939453,3.4200000762939453,0
2026-01-21,3.4200000762939453,3.4200000762939453,3.4200000762939453,3.4200000762939453,0
2026-01-22,3.740000009536743,3.740000009536743,3.740000009536743,3.740000009536743,900
2026-01-23,3.4600000381469727,3.4600000381469727,3.4600000381469727,3.4600000381469727,110
2026-01-26,3.4600000381469727,3.740000009536743,3.4600000381469727,3.740000009536743,520
2026-01-27,3.4200000762939453,3.4200000762939453,3.0999999046325684,3.0999999046325684,2264
2026-01-28,3.299999952316284,3.299999952316284,3.299999952316284,3.299999952316284,333
2026-01-29,3.0999999046325684,3.0999999046325684,3.0999999046325684,3.0999999046325684,150
2026-01-30,3.4000000953674316,3.4000000953674316,3.4000000953674316,3.4000000953674316,1
2026-02-02,3.4000000953674316,3.4000000953674316,3.4000000953674316,3.4000000953674316,0
2026-02-03,3.4000000953674316,3.4000000953674316,3.4000000953674316,3.4000000953674316,338
2026-02-04,3.4000000953674316,3.4000000953674316,3.4000000953674316,3.4000000953674316,0
2026-02-05,3.380000114440918,3.380000114440918,3.380000114440918,3.380000114440918,30
2026-02-06,3.380000114440918,3.380000114440918,3.380000114440918,3.380000114440918,0
2026-02-09,3.319999933242798,3.319999933242798,3.319999933242798,3.319999933242798,849
2026-02-10,3.319999933242798,3.319999933242798,3.319999933242798,3.319999933242798,0
2026-02-11,3.319999933242798,3.319999933242798,3.319999933242798,3.319999933242798,0
2026-02-12,3.319999933242798,3.319999933242798,3.319999933242798,3.319999933242798,0
2026-02-13,3.319999933242798,3.319999933242798,3.319999933242798,3.319999933242798,0
2026-02-16,3.319999933242798,3.319999933242798,3.319999933242798,3.319999933242798,0
2026-02-17,3.319999933242798,3.319999933242798,3.319999933242798,3.319999933242798,0
2026-02-18,3.0199999809265137,3.2200000286102295,3.0199999809265137,3.2200000286102295,116
2026-02-19,2.9000000953674316,2.9000000953674316,2.9000000953674316,2.9000000953674316,10
2026-02-20,3.180000066757202,3.180000066757202,3.180000066757202,3.180000066757202,1
2026-02-23,3.0,3.0,3.0,3.0,41
2026-02-24,3.2799999713897705,3.2799999713897705,3.2799999713897705,3.2799999713897705,1
2026-02-25,3.0399999618530273,3.0399999618530273,3.0399999618530273,3.0399999618530273,1
2026-02-26,3.2799999713897705,3.2799999713897705,3.2799999713897705,3.2799999713897705,1
2026-02-27,3.2799999713897705,3.2799999713897705,3.2799999713897705,3.2799999713897705,0
2026-03-02,3.0,3.299999952316284,3.0,3.299999952316284,411
2026-03-03,3.0199999809265137,3.0199999809265137,3.0199999809265137,3.0199999809265137,1
2026-03-04,3.0199999809265137,3.0199999809265137,3.0199999809265137,3.0199999809265137,1050
2026-03-05,3.0199999809265137,3.259999990463257,3.0199999809265137,3.259999990463257,11
2026-03-06,3.0,3.0,3.0,3.0,333
2026-03-09,2.759999990463257,3.0199999809265137,2.759999990463257,3.0199999809265137,201
2026-03-10,3.0199999809265137,3.0199999809265137,3.0199999809265137,3.0199999809265137,0
2026-03-11,3.0199999809265137,3.0199999809265137,3.0199999809265137,3.0199999809265137,0
2026-03-12,3.0199999809265137,3.0199999809265137,3.0199999809265137,3.0199999809265137,0
2026-03-13,3.0199999809265137,3.0199999809265137,3.0199999809265137,3.0199999809265137,0
2026-03-16,3.0,3.0,3.0,3.0,330
2026-03-17,3.0,3.0,3.0,3.0,0
2026-03-18,3.0,3.0,3.0,3.0,0
2026-03-19,3.0,3.0,3.0,3.0,0
2026-03-20,2.759999990463257,2.759999990463257,2.759999990463257,2.759999990463257,1637
2026-03-23,2.759999990463257,2.759999990463257,2.759999990463257,2.759999990463257,0
2026-03-24,2.619999885559082,2.619999885559082,2.619999885559082,2.619999885559082,92
2026-03-25,2.619999885559082,2.619999885559082,2.619999885559082,2.619999885559082,37
2026-03-26,2.619999885559082,2.619999885559082,2.619999885559082,2.619999885559082,70
2026-03-27,2.619999885559082,2.619999885559082,2.619999885559082,2.619999885559082,1
2026-03-30,2.5999999046325684,2.5999999046325684,2.5999999046325684,2.5999999046325684,920
2026-03-31,2.5999999046325684,2.619999885559082,2.5999999046325684,2.619999885559082,2153
2026-04-01,3.0199999809265137,3.0199999809265137,3.0199999809265137,3.0199999809265137,7883
2026-04-02,3.299999952316284,3.5799999237060547,3.299999952316284,3.5799999237060547,5794
2026-04-07,3.5999999046325684,3.700000047683716,3.5999999046325684,3.700000047683716,1749
2026-04-08,3.4800000190734863,3.4800000190734863,3.4800000190734863,3.4800000190734863,125
2026-04-09,3.4800000190734863,3.4800000190734863,3.4800000190734863,3.4800000190734863,210
2026-04-10,3.0199999809265137,3.0199999809265137,3.0199999809265137,3.0199999809265137,2590
2026-04-13,3.0199999809265137,3.0199999809265137,3.0199999809265137,3.0199999809265137,29
2026-04-14,3.0199999809265137,3.0199999809265137,3.0199999809265137,3.0199999809265137,3500
2026-04-15,2.819999933242798,2.819999933242798,2.819999933242798,2.819999933242798,25
2026-04-16,2.819999933242798,2.819999933242798,2.819999933242798,2.819999933242798,8575
2026-04-17,2.819999933242798,2.819999933242798,2.819999933242798,2.819999933242798,0
2026-04-20,2.819999933242798,2.819999933242798,2.819999933242798,2.819999933242798,50
2026-04-21,2.799999952316284,2.799999952316284,2.799999952316284,2.799999952316284,10
2026-04-22,2.799999952316284,2.799999952316284,2.799999952316284,2.799999952316284,20
2026-04-23,2.799999952316284,2.799999952316284,2.799999952316284,2.799999952316284,5540
2026-04-24,2.700000047683716,2.700000047683716,2.700000047683716,2.700000047683716,1980
2026-04-27,2.799999952316284,2.799999952316284,2.700000047683716,2.700000047683716,1362
2026-04-28,2.440000057220459,2.680000066757202,2.440000057220459,2.680000066757202,221
2026-04-29,2.680000066757202,2.680000066757202,2.680000066757202,2.680000066757202,10
2026-04-30,2.4200000762939453,2.5,2.4200000762939453,2.5,45
2026-05-04,2.680000066757202,2.680000066757202,2.680000066757202,2.680000066757202,520
2026-05-05,2.680000066757202,2.680000066757202,2.680000066757202,2.680000066757202,0
2026-05-06,2.940000057220459,2.940000057220459,2.940000057220459,2.940000057220459,7
2026-05-07,2.5999999046325684,2.619999885559082,2.5999999046325684,2.619999885559082,12
2026-05-08,2.619999885559082,2.619999885559082,2.619999885559082,2.619999885559082,20
2026-05-11,2.640000104904175,2.9000000953674316,2.640000104904175,2.9000000953674316,2
2026-05-12,2.9000000953674316,2.9000000953674316,2.9000000953674316,2.9000000953674316,0
2026-05-13,3.180000066757202,3.180000066757202,3.180000066757202,3.180000066757202,3
2026-05-14,3.180000066757202,3.180000066757202,3.180000066757202,3.180000066757202,0
2026-05-15,2.9800000190734863,2.9800000190734863,2.9800000190734863,2.9800000190734863,234
2026-05-18,2.640000104904175,2.640000104904175,2.5799999237060547,2.5799999237060547,3390
2026-05-19,2.5799999237060547,2.5799999237060547,2.5799999237060547,2.5799999237060547,0
2026-05-20,2.4800000190734863,2.4800000190734863,2.4600000381469727,2.4600000381469727,900
2026-05-21,2.4600000381469727,2.4600000381469727,2.4600000381469727,2.4600000381469727,455
2026-05-22,2.4200000762939453,2.4200000762939453,2.4200000762939453,2.4200000762939453,1500
2026-05-25,2.4200000762939453,2.4200000762939453,2.4000000953674316,2.4000000953674316,1514
2026-05-26,2.4000000953674316,2.4000000953674316,2.4000000953674316,2.4000000953674316,91
2026-05-27,2.4200000762939453,2.4200000762939453,2.4200000762939453,2.4200000762939453,139
2026-05-28,2.4200000762939453,2.4200000762939453,2.4200000762939453,2.4200000762939453,150
2026-05-29,2.4200000762939453,2.4200000762939453,2.4200000762939453,2.4200000762939453,0
2026-06-01,2.4200000762939453,2.4200000762939453,2.4200000762939453,2.4200000762939453,0
2026-06-02,2.4200000762939453,2.4200000762939453,2.4200000762939453,2.4200000762939453,0
2026-06-03,2.4200000762939453,2.4200000762939453,2.4200000762939453,2.4200000762939453,0
2026-06-05,2.4200000762939453,2.4200000762939453,2.4200000762939453,2.4200000762939453,0
2026-06-08,2.4200000762939453,2.4200000762939453,2.4200000762939453,2.4200000762939453,0
2026-06-09,2.4200000762939453,2.4200000762939453,2.4200000762939453,2.4200000762939453,0
2026-06-10,2.4200000762939453,2.4200000762939453,2.4200000762939453,2.4200000762939453,0
2026-06-11,2.4200000762939453,2.4200000762939453,2.4200000762939453,2.4200000762939453,0
2026-06-12,2.4200000762939453,2.4200000762939453,2.4200000762939453,2.4200000762939453,0
2026-06-15,2.4200000762939453,2.4200000762939453,2.4200000762939453,2.4200000762939453,485
2026-06-16,2.4200000762939453,2.4200000762939453,2.4200000762939453,2.4200000762939453,0
2026-06-17,2.240000009536743,2.240000009536743,2.240000009536743,2.240000009536743,104
2026-06-18,2.359999895095825,2.359999895095825,2.359999895095825,2.359999895095825,1000
2026-06-19,2.4200000762939453,2.4200000762939453,2.4200000762939453,2.4200000762939453,1200
2026-06-22,2.4200000762939453,2.4200000762939453,2.4200000762939453,2.4200000762939453,0
2026-06-23,2.4200000762939453,2.4200000762939453,2.4200000762939453,2.4200000762939453,200
2026-06-24,2.200000047683716,2.200000047683716,2.059999942779541,2.059999942779541,785
2026-06-25,2.0,2.0,2.0,2.0,500
2026-06-26,2.0,2.0,2.0,2.0,0
2026-06-29,2.0199999809265137,2.0199999809265137,2.0199999809265137,2.0199999809265137,35
2026-06-30,2.0,2.0,2.0,2.0,732
2026-07-01,2.0,2.0,2.0,2.0,0
2026-07-02,2.0,2.0,2.0,2.0,0
2026-07-03,2.0,2.0,2.0,2.0,0
2026-07-06,2.0,2.0,2.0,2.0,10
2026-07-07,2.0,2.0,2.0,2.0,1265
2026-07-08,2.0,2.0,2.0,2.0,0
2026-07-09,1.6699999570846558,1.6699999570846558,1.6699999570846558,1.6699999570846558,650
2026-07-10,1.6699999570846558,1.6699999570846558,1.559999942779541,1.559999942779541,526
2026-07-13,1.8899999856948853,1.8899999856948853,1.8899999856948853,1.8899999856948853,779
2026-07-14,1.899999976158142,1.899999976158142,1.899999976158142,1.899999976158142,899
2026-07-15,1.899999976158142,1.899999976158142,1.8899999856948853,1.8899999856948853,250
2026-07-16,1.8899999856948853,1.8899999856948853,1.8899999856948853,1.8899999856948853,0
2026-07-17,1.8899999856948853,1.8899999856948853,1.8899999856948853,1.8899999856948853,50
2026-07-20,1.7300000190734863,1.8899999856948853,1.7300000190734863,1.8899999856948853,2150
2026-07-21,1.7000000476837158,1.7000000476837158,1.7000000476837158,1.7000000476837158,773
2026-07-22,1.7000000476837158,1.8700000047683716,1.7000000476837158,1.8700000047683716,1302
2026-07-23,1.8700000047683716,1.8700000047683716,1.8700000047683716,1.8700000047683716,0
2026-07-24,1.8700000047683716,1.8700000047683716,1.8700000047683716,1.8700000047683716,0
2026-07-27,1.8700000047683716,1.8700000047683716,1.8700000047683716,1.8700000047683716,0
2026-07-28,1.5399999618530273,1.5399999618530273,1.5399999618530273,1.5399999618530273,200
2026-07-29,1.7999999523162842,1.7999999523162842,1.7999999523162842,1.7999999523162842,1400
2026-07-30,1.7999999523162842,1.7999999523162842,1.7999999523162842,1.7999999523162842,0
2026-07-31,1.5399999618530273,1.5399999618530273,1.5399999618530273,1.5399999618530273,100
2026-08-03,1.5399999618530273,1.5399999618530273,1.5399999618530273,1.5399999618530273,0
2026-08-04,1.5399999618530273,1.5399999618530273,1.5399999618530273,1.5399999618530273,219
2026-08-05,1.5399999618530273,1.5800000429153442,1.5399999618530273,1.5800000429153442,800
2026-08-06,1.5499999523162842,1.5499999523162842,1.5499999523162842,1.5499999523162842,384
2026-08-07,1.5,1.5,1.5,1.5,300
2026-08-10,1.3600000143051147,1.5499999523162842,1.3600000143051147,1.5499999523162842,548
2026-08-11,1.5499999523162842,1.5499999523162842,1.5499999523162842,1.5499999523162842,0
2026-08-12,1.5499999523162842,1.5499999523162842,1.5499999523162842,1.5499999523162842,0
2026-08-13,1.5499999523162842,1.5499999523162842,1.5499999523162842,1.5499999523162842,0
2026-08-14,1.5499999523162842,1.5499999523162842,1.5499999523162842,1.5499999523162842,0
2026-08-17,1.5499999523162842,1.5499999523162842,1.5499999523162842,1.5499999523162842,860
2026-08-18,1.5499999523162842,1.7000000476837158,1.5499999523162842,1.7000000476837158,140
2026-08-19,1.7000000476837158,1.7000000476837158,1.7000000476837158,1.7000000476837158,0
2026-08-20,1.559999942779541,1.559999942779541,1.559999942779541,1.559999942779541,404
2026-08-21,1.559999942779541,1.559999942779541,1.559999942779541,1.559999942779541,0
2026-08-24,1.559999942779541,1.559999942779541,1.5499999523162842,1.5499999523162842,1100
2026-08-25,1.5,1.5,1.5,1.5,2165
2026-08-26,1.5,1.5,1.5,1.5,0
2026-08-27,1.440000057220459,1.4500000476837158,1.440000057220459,1.4500000476837158,1051
2026-08-28,1.4500000476837158,1.4500000476837158,1.4500000476837158,1.4500000476837158,0
2026-08-31,1.4500000476837158,1.4500000476837158,1.4299999475479126,1.4299999475479126,505
2026-09-01,1.4299999475479126,1.5700000524520874,1.4299999475479126,1.5700000524520874,910
2026-09-02,1.5700000524520874,1.5700000524520874,1.5700000524520874,1.5700000524520874,120
2026-09-03,1.6799999475479126,1.7899999618530273,1.6799999475479126,1.7899999618530273,18
2026-09-04,1.7899999618530273,1.7899999618530273,1.7899999618530273,1.7899999618530273,0
2026-09-08,1.7899999618530273,1.7899999618530273,1.7899999618530273,1.7899999618530273,0
2026-09-09,1.7899999618530273,1.7899999618530273,1.7899999618530273,1.7899999618530273,0
2026-09-10,1.7899999618530273,1.7899999618530273,1.7899999618530273,1.7899999618530273,0
2026-09-11,1.7899999618530273,1.7899999618530273,1.7899999618530273,1.7899999618530273,0
2026-09-14,1.7899999618530273,1.7899999618530273,1.7899999618530273,1.7899999618530273,0
2026-09-15,1.7699999809265137,1.7699999809265137,1.7699999809265137,1.7699999809265137,25
