date,open,high,low,close,volume
2021-09-17,4.599999904632568,4.599999904632568,4.579999923706055,4.579999923706055,2869
2021-09-20,4.579999923706055,4.579999923706055,4.264999866485596,4.414999961853027,17556
2021-09-21,4.275000095367432,4.414999961853027,4.275000095367432,4.349999904632568,15998
2021-09-22,4.400000095367432,4.414999961853027,4.300000190734863,4.300000190734863,1739
2021-09-23,4.329999923706055,4.400000095367432,4.28000020980835,4.394999980926514,5066
2021-09-24,4.394999980926514,4.400000095367432,4.380000114440918,4.380000114440918,11900
2021-09-27,4.394999980926514,4.394999980926514,4.28000020980835,4.340000152587891,1687
2021-09-28,4.340000152587891,4.340000152587891,4.28000020980835,4.300000190734863,1087
2021-09-29,4.329999923706055,4.340000152587891,4.275000095367432,4.300000190734863,2583
2021-09-30,4.300000190734863,4.409999847412109,4.300000190734863,4.409999847412109,5296
2021-10-01,4.400000095367432,4.400000095367432,4.320000171661377,4.329999923706055,2577
2021-10-04,4.380000114440918,4.380000114440918,4.320000171661377,4.329999923706055,2578
2021-10-05,4.380000114440918,4.690000057220459,4.300000190734863,4.635000228881836,27651
2021-10-06,4.639999866485596,4.730000019073486,4.400000095367432,4.534999847412109,26758
2021-10-07,4.420000076293945,4.5,4.400000095367432,4.449999809265137,3594
2021-10-08,4.519999980926514,4.519999980926514,4.400000095367432,4.5,7004
2021-10-11,4.494999885559082,4.519999980926514,4.429999828338623,4.519999980926514,4427
2021-10-12,4.409999847412109,4.5,4.400000095367432,4.414999961853027,11068
2021-10-13,4.494999885559082,4.494999885559082,4.304999828338623,4.329999923706055,10362
2021-10-14,4.380000114440918,4.380000114440918,4.260000228881836,4.355000019073486,12388
2021-10-15,4.355000019073486,4.380000114440918,4.320000171661377,4.320000171661377,922
2021-10-18,4.300000190734863,4.380000114440918,4.300000190734863,4.380000114440918,456
2021-10-19,4.300000190734863,4.380000114440918,4.300000190734863,4.380000114440918,814
2021-10-20,4.329999923706055,4.329999923706055,4.28000020980835,4.300000190734863,5902
2021-10-21,4.349999904632568,4.349999904632568,4.269999980926514,4.349999904632568,2295
2021-10-22,4.34499979019165,4.389999866485596,4.269999980926514,4.385000228881836,4563
2021-10-25,4.385000228881836,4.385000228881836,4.269999980926514,4.284999847412109,9256
2021-10-26,4.349999904632568,4.349999904632568,4.349999904632568,4.349999904632568,2
2021-10-27,4.349999904632568,4.349999904632568,4.28000020980835,4.28000020980835,2296
2021-10-28,4.340000152587891,4.349999904632568,4.300000190734863,4.349999904632568,965
2021-10-29,4.349999904632568,4.389999866485596,4.300000190734863,4.389999866485596,1752
2021-11-02,4.389999866485596,4.389999866485596,4.269999980926514,4.309999942779541,2649
2021-11-03,4.355000019073486,4.380000114440918,4.300000190734863,4.355000019073486,1176
2021-11-04,4.355000019073486,4.360000133514404,4.269999980926514,4.360000133514404,5290
2021-11-05,4.360000133514404,4.360000133514404,4.300000190734863,4.340000152587891,1721
2021-11-08,4.335000038146973,4.335000038146973,4.28000020980835,4.335000038146973,568
2021-11-09,4.335000038146973,4.34499979019165,4.260000228881836,4.324999809265137,4270
2021-11-10,4.324999809265137,4.324999809265137,4.239999771118164,4.300000190734863,2786
2021-11-12,4.300000190734863,4.300000190734863,4.300000190734863,4.300000190734863,322
2021-11-15,4.300000190734863,4.300000190734863,4.019999980926514,4.099999904632568,18284
2021-11-16,4.099999904632568,4.125,4.010000228881836,4.010000228881836,3689
2021-11-17,4.019999980926514,4.099999904632568,3.8299999237060547,3.9700000286102295,14000
2021-11-18,4.0,4.0,3.809999942779541,3.950000047683716,3864
2021-11-19,3.799999952316284,3.799999952316284,3.619999885559082,3.7100000381469727,18776
2021-11-22,3.75,3.75,3.559999942779541,3.569999933242798,15996
2021-11-23,3.5799999237060547,3.680000066757202,3.569999933242798,3.680000066757202,2508
2021-11-24,3.690000057220459,3.694999933242798,3.5399999618530273,3.6700000762939453,3195
2021-11-25,3.674999952316284,3.680000066757202,3.549999952316284,3.640000104904175,10330
2021-11-26,3.5999999046325684,3.5999999046325684,3.5,3.5899999141693115,10967
2021-11-29,3.549999952316284,3.549999952316284,3.509999990463257,3.509999990463257,15650
2021-11-30,3.509999990463257,3.5999999046325684,3.509999990463257,3.5999999046325684,9239
2021-12-01,3.509999990463257,3.5999999046325684,3.509999990463257,3.5950000286102295,9383
2021-12-02,3.5950000286102295,3.5950000286102295,3.4700000286102295,3.4749999046325684,10117
2021-12-03,3.515000104904175,3.575000047683716,3.515000104904175,3.575000047683716,2912
2021-12-06,3.575000047683716,3.575000047683716,3.5250000953674316,3.569999933242798,3683
2021-12-07,3.5799999237060547,3.5899999141693115,3.5450000762939453,3.5799999237060547,1363
2021-12-08,3.5450000762939453,3.5799999237060547,3.5250000953674316,3.5799999237060547,3623
2021-12-09,3.575000047683716,3.575000047683716,3.4749999046325684,3.565000057220459,6722
2021-12-10,3.559999942779541,3.575000047683716,3.5450000762939453,3.5450000762939453,3742
2021-12-13,3.559999942779541,3.559999942779541,3.4000000953674316,3.4000000953674316,22708
2021-12-14,3.4549999237060547,3.4549999237060547,3.380000114440918,3.444999933242798,73864
2021-12-15,3.4049999713897705,3.4200000762939453,3.380000114440918,3.384999990463257,15741
2021-12-16,3.3949999809265137,3.3949999809265137,3.319999933242798,3.359999895095825,28134
2021-12-17,3.375,3.375,3.259999990463257,3.259999990463257,6971
2021-12-20,3.259999990463257,3.259999990463257,3.0,3.059999942779541,51454
2021-12-21,3.1449999809265137,3.1449999809265137,3.059999942779541,3.0899999141693115,15286
2021-12-22,3.119999885559082,3.119999885559082,3.005000114440918,3.0450000762939453,23192
2021-12-23,3.0450000762939453,3.0450000762939453,2.9100000858306885,3.0199999809265137,33596
2021-12-27,3.0,3.0350000858306885,3.0,3.015000104904175,32286
2021-12-28,3.0450000762939453,3.049999952316284,2.990000009536743,3.049999952316284,34527
2021-12-29,3.0850000381469727,3.184999942779541,3.0850000381469727,3.184999942779541,18026
2021-12-30,3.0999999046325684,3.3450000286102295,3.0999999046325684,3.325000047683716,19366
2022-01-03,3.359999895095825,3.625,3.359999895095825,3.5950000286102295,40881
2022-01-04,3.549999952316284,3.634999990463257,3.5450000762939453,3.634999990463257,13308
2022-01-05,3.634999990463257,3.6500000953674316,3.565000057220459,3.565000057220459,2365
2022-01-07,3.630000114440918,3.630000114440918,3.5299999713897705,3.5999999046325684,2918
2022-01-10,3.5350000858306885,3.619999885559082,3.5299999713897705,3.5899999141693115,1436
2022-01-11,3.625,3.625,3.505000114440918,3.505000114440918,3213
2022-01-12,3.5999999046325684,3.5999999046325684,3.5,3.5,6847
2022-01-13,3.5,3.5399999618530273,3.450000047683716,3.450000047683716,14637
2022-01-14,3.505000114440918,3.505000114440918,3.490000009536743,3.505000114440918,539
2022-01-17,3.505000114440918,3.505000114440918,3.484999895095825,3.490000009536743,138
2022-01-18,3.5199999809265137,3.549999952316284,3.4200000762939453,3.4200000762939453,3801
2022-01-19,3.4549999237060547,3.490000009536743,3.4100000858306885,3.490000009536743,602
2022-01-20,3.490000009536743,3.494999885559082,3.4049999713897705,3.4049999713897705,1976
2022-01-21,3.4800000190734863,3.4800000190734863,3.3299999237060547,3.3299999237060547,2104
2022-01-24,3.3299999237060547,3.4200000762939453,3.1600000858306885,3.1600000858306885,24782
2022-01-25,3.015000104904175,3.1600000858306885,3.015000104904175,3.140000104904175,3244
2022-01-26,3.2799999713897705,3.2799999713897705,3.1600000858306885,3.265000104904175,3520
2022-01-27,3.190000057220459,3.265000104904175,3.174999952316284,3.265000104904175,1562
2022-01-28,3.265000104904175,3.2699999809265137,3.200000047683716,3.200000047683716,1095
2022-01-31,3.25,3.3450000286102295,3.25,3.3450000286102295,4401
2022-02-01,3.3450000286102295,3.390000104904175,3.2699999809265137,3.384999990463257,2481
2022-02-02,3.384999990463257,3.390000104904175,3.384999990463257,3.390000104904175,410
2022-02-03,3.390000104904175,3.390000104904175,3.299999952316284,3.390000104904175,220
2022-02-04,3.390000104904175,3.390000104904175,3.25,3.3499999046325684,2446
2022-02-07,3.390000104904175,3.390000104904175,3.2200000286102295,3.2200000286102295,6528
2022-02-08,3.2249999046325684,3.3499999046325684,3.2249999046325684,3.3499999046325684,2419
2022-02-09,3.365000009536743,3.365000009536743,3.2799999713897705,3.2799999713897705,2904
2022-02-10,3.3550000190734863,3.3550000190734863,3.240000009536743,3.240000009536743,4311
2022-02-11,3.299999952316284,3.299999952316284,3.2249999046325684,3.2799999713897705,237
2022-02-14,3.2699999809265137,3.2699999809265137,3.200000047683716,3.234999895095825,8056
2022-02-15,3.240000009536743,3.240000009536743,3.240000009536743,3.240000009536743,1830
2022-02-16,3.234999895095825,3.2950000762939453,3.1500000953674316,3.2950000762939453,5151
2022-02-17,3.3450000286102295,3.3450000286102295,3.1649999618530273,3.3450000286102295,6752
2022-02-18,3.299999952316284,3.299999952316284,3.180000066757202,3.25,2853
2022-02-21,3.25,3.25,3.125,3.140000104904175,10029
2022-02-22,3.140000104904175,3.200000047683716,3.0850000381469727,3.200000047683716,4215
2022-02-23,3.200000047683716,3.200000047683716,3.200000047683716,3.200000047683716,1002
2022-02-24,3.049999952316284,3.049999952316284,2.799999952316284,2.880000114440918,14411
2022-02-25,2.825000047683716,3.0999999046325684,2.825000047683716,3.0899999141693115,15286
2022-02-28,3.059999942779541,3.190000057220459,3.059999942779541,3.130000114440918,3100
2022-03-01,3.119999885559082,3.134999990463257,3.075000047683716,3.134999990463257,7210
2022-03-02,3.134999990463257,3.390000104904175,3.134999990463257,3.359999895095825,54935
2022-03-03,3.359999895095825,3.359999895095825,3.2799999713897705,3.3399999141693115,28799
2022-03-04,3.359999895095825,3.359999895095825,3.2149999141693115,3.2149999141693115,2593
2022-03-07,3.25,3.3499999046325684,3.2149999141693115,3.299999952316284,19373
2022-03-08,3.25,3.25,3.2100000381469727,3.2300000190734863,858
2022-03-09,3.2100000381469727,3.2100000381469727,3.0999999046325684,3.174999952316284,4101
2022-03-10,3.180000066757202,3.2100000381469727,3.1500000953674316,3.2100000381469727,4020
2022-03-11,3.2100000381469727,3.25,3.130000114440918,3.25,4613
2022-03-14,3.299999952316284,3.299999952316284,3.0999999046325684,3.299999952316284,7264
2022-03-15,3.299999952316284,3.299999952316284,3.1500000953674316,3.2799999713897705,3834
2022-03-16,3.2799999713897705,3.3399999141693115,3.25,3.3399999141693115,9853
2022-03-17,3.3399999141693115,3.3399999141693115,3.2049999237060547,3.2950000762939453,5957
2022-03-18,3.2950000762939453,4.460000038146973,3.2950000762939453,4.190000057220459,312763
2022-03-21,4.21999979019165,4.21999979019165,3.809999942779541,3.8299999237060547,191507
2022-03-22,3.799999952316284,3.859999895095825,3.6649999618530273,3.75,25934
2022-03-23,3.7850000858306885,3.7850000858306885,3.609999895095825,3.6649999618530273,38967
2022-03-24,3.615000009536743,3.7200000286102295,3.5799999237060547,3.7200000286102295,16763
2022-03-25,3.700000047683716,3.700000047683716,3.5999999046325684,3.630000114440918,8029
2022-03-28,3.6050000190734863,3.6600000858306885,3.5299999713897705,3.640000104904175,20113
2022-03-29,3.6649999618530273,3.690000057220459,3.609999895095825,3.684999942779541,14269
2022-03-30,3.680000066757202,3.7249999046325684,3.5999999046325684,3.7249999046325684,10603
2022-03-31,3.7249999046325684,3.890000104904175,3.7249999046325684,3.890000104904175,23019
2022-04-01,3.8450000286102295,3.9600000381469727,3.7799999713897705,3.9000000953674316,20923
2022-04-04,3.9000000953674316,3.9000000953674316,3.700000047683716,3.7200000286102295,13144
2022-04-05,3.859999895095825,3.859999895095825,3.7300000190734863,3.7300000190734863,5428
2022-04-06,3.799999952316284,3.799999952316284,3.700000047683716,3.740000009536743,8919
2022-04-07,3.7799999713897705,3.7899999618530273,3.700000047683716,3.744999885559082,16868
2022-04-08,3.744999885559082,3.744999885559082,3.6700000762939453,3.740000009536743,1679
2022-04-11,3.740000009536743,3.740000009536743,3.694999933242798,3.7100000381469727,4272
2022-04-12,3.744999885559082,3.940000057220459,3.700000047683716,3.799999952316284,33150
2022-04-13,3.8299999237060547,3.8299999237060547,3.740000009536743,3.7899999618530273,1704
2022-04-14,3.809999942779541,3.809999942779541,3.740000009536743,3.75,960
2022-04-19,3.7899999618530273,3.7899999618530273,3.6500000953674316,3.7100000381469727,8547
2022-04-20,3.7100000381469727,3.7100000381469727,3.619999885559082,3.6600000858306885,6502
2022-04-21,3.6500000953674316,3.690000057220459,3.619999885559082,3.619999885559082,2633
2022-04-22,3.5999999046325684,3.609999895095825,3.509999990463257,3.5799999237060547,8132
2022-04-25,3.6700000762939453,3.6700000762939453,3.4000000953674316,3.490000009536743,10151
2022-04-26,3.490000009536743,3.490000009536743,3.380000114440918,3.430000066757202,8200
2022-04-27,3.4200000762939453,3.4600000381469727,3.25,3.4600000381469727,9642
2022-04-28,3.4600000381469727,3.4600000381469727,3.309999942779541,3.369999885559082,6939
2022-04-29,3.369999885559082,3.4800000190734863,3.299999952316284,3.4000000953674316,10450
2022-05-02,3.4000000953674316,3.4000000953674316,3.299999952316284,3.4000000953674316,1929
2022-05-04,3.4000000953674316,3.4100000858306885,3.299999952316284,3.4100000858306885,2702
2022-05-05,3.4200000762939453,3.4600000381469727,3.4100000858306885,3.4600000381469727,3970
2022-05-06,3.4000000953674316,3.440000057220459,3.3399999141693115,3.440000057220459,3717
2022-05-09,3.440000057220459,3.4600000381469727,3.369999885559082,3.4000000953674316,1525
2022-05-10,3.4000000953674316,3.4000000953674316,3.3399999141693115,3.4000000953674316,4069
2022-05-11,3.4800000190734863,3.4800000190734863,3.299999952316284,3.4000000953674316,7739
2022-05-12,3.390000104904175,3.390000104904175,3.2799999713897705,3.2899999618530273,2462
2022-05-13,3.2699999809265137,3.299999952316284,3.109999895095825,3.299999952316284,14730
2022-05-16,3.390000104904175,3.390000104904175,3.200000047683716,3.2799999713897705,1699
2022-05-17,3.2799999713897705,3.5999999046325684,3.200000047683716,3.559999942779541,30646
2022-05-18,3.5,3.5,3.2799999713897705,3.359999895095825,19818
2022-05-19,3.4000000953674316,3.4000000953674316,3.359999895095825,3.4000000953674316,3207
2022-05-20,3.4000000953674316,3.4000000953674316,3.3299999237060547,3.369999885559082,2149
2022-05-23,3.4000000953674316,3.4000000953674316,3.380000114440918,3.4000000953674316,610
2022-05-24,3.4000000953674316,3.4000000953674316,3.2699999809265137,3.2699999809265137,6769
2022-05-25,3.319999933242798,3.3399999141693115,3.2699999809265137,3.299999952316284,4116
2022-05-26,3.25,3.3299999237060547,3.25,3.3299999237060547,669
2022-05-27,3.3299999237060547,3.3299999237060547,3.259999990463257,3.3299999237060547,777
2022-05-30,3.2699999809265137,3.3399999141693115,3.25,3.3399999141693115,2820
2022-05-31,3.3299999237060547,3.3299999237060547,3.25,3.25,3679
2022-06-01,3.299999952316284,3.299999952316284,3.240000009536743,3.299999952316284,1260
2022-06-02,3.299999952316284,3.359999895095825,3.240000009536743,3.359999895095825,10935
2022-06-03,3.390000104904175,3.390000104904175,3.319999933242798,3.390000104904175,750
2022-06-06,3.390000104904175,3.390000104904175,3.319999933242798,3.3499999046325684,710
2022-06-07,3.369999885559082,3.440000057220459,3.369999885559082,3.4000000953674316,7528
2022-06-08,3.4000000953674316,3.4600000381469727,3.369999885559082,3.4600000381469727,8446
2022-06-09,3.450000047683716,3.5199999809265137,3.4000000953674316,3.5199999809265137,6349
2022-06-10,3.5199999809265137,3.5899999141693115,3.490000009536743,3.5799999237060547,8502
2022-06-13,3.5199999809265137,3.5199999809265137,3.4600000381469727,3.5,4286
2022-06-14,3.490000009536743,3.5899999141693115,3.4800000190734863,3.4800000190734863,6324
2022-06-15,3.559999942779541,3.559999942779541,3.4600000381469727,3.5399999618530273,3253
2022-06-17,3.5399999618530273,3.5399999618530273,3.5,3.5,8
2022-06-20,3.5399999618530273,3.5799999237060547,3.5,3.5799999237060547,6531
2022-06-21,3.509999990463257,3.5799999237060547,3.5,3.5,1850
2022-06-22,3.559999942779541,3.75,3.559999942779541,3.75,20767
2022-06-23,3.799999952316284,3.8299999237060547,3.700000047683716,3.700000047683716,6238
2022-06-24,3.7100000381469727,3.7100000381469727,3.5999999046325684,3.6700000762939453,6814
2022-06-27,3.680000066757202,3.7100000381469727,3.6700000762939453,3.7100000381469727,3578
2022-06-28,3.7100000381469727,3.7799999713897705,3.7100000381469727,3.7799999713897705,6350
2022-06-29,3.7100000381469727,3.7799999713897705,3.700000047683716,3.7799999713897705,4861
2022-06-30,3.7799999713897705,3.880000114440918,3.700000047683716,3.880000114440918,4630
2022-07-01,3.869999885559082,3.869999885559082,3.680000066757202,3.8499999046325684,5778
2022-07-04,3.859999895095825,3.859999895095825,3.7200000286102295,3.8399999141693115,21015
2022-07-05,3.700000047683716,3.700000047683716,3.4100000858306885,3.5899999141693115,16678
2022-07-06,3.5899999141693115,3.5899999141693115,3.5299999713897705,3.5299999713897705,2598
2022-07-07,3.5899999141693115,4.329999923706055,3.4600000381469727,3.8399999141693115,75783
2022-07-08,3.9000000953674316,3.940000057220459,3.700000047683716,3.759999990463257,42382
2022-07-11,3.7899999618530273,3.940000057220459,3.7300000190734863,3.859999895095825,13355
2022-07-12,3.890000104904175,3.890000104904175,3.7300000190734863,3.8299999237060547,2305
2022-07-13,3.7300000190734863,3.7699999809265137,3.5999999046325684,3.7699999809265137,13623
2022-07-14,3.6500000953674316,3.7100000381469727,3.5799999237060547,3.5799999237060547,6992
2022-07-15,3.5899999141693115,3.7100000381469727,3.5299999713897705,3.5299999713897705,12527
2022-07-18,3.5399999618530273,3.6500000953674316,3.5399999618530273,3.5799999237060547,2048
2022-07-19,3.5799999237060547,3.630000114440918,3.569999933242798,3.630000114440918,1001
2022-07-20,3.630000114440918,3.630000114440918,3.559999942779541,3.5999999046325684,2438
2022-07-21,3.5999999046325684,3.6500000953674316,3.5999999046325684,3.6500000953674316,2176
2022-07-22,3.640000104904175,3.640000104904175,3.559999942779541,3.640000104904175,911
2022-07-25,3.630000114440918,3.630000114440918,3.559999942779541,3.5999999046325684,2176
2022-07-26,3.609999895095825,3.609999895095825,3.5199999809265137,3.609999895095825,23012
2022-07-27,3.640000104904175,3.75,3.640000104904175,3.690000057220459,2543
2022-07-28,3.690000057220459,3.75,3.640000104904175,3.740000009536743,5968
2022-07-29,3.75,3.8399999141693115,3.75,3.8399999141693115,7445
2022-08-01,3.8399999141693115,4.0,3.8399999141693115,4.0,22127
2022-08-02,3.890000104904175,4.170000076293945,3.890000104904175,4.170000076293945,24391
2022-08-03,4.110000133514404,4.179999828338623,4.0,4.139999866485596,31086
2022-08-04,4.190000057220459,4.25,4.099999904632568,4.25,7134
2022-08-05,4.25,4.25,4.099999904632568,4.170000076293945,5519
2022-08-08,4.190000057220459,4.199999809265137,4.119999885559082,4.119999885559082,1159
2022-08-09,4.0,4.139999866485596,4.0,4.139999866485596,8626
2022-08-10,4.159999847412109,4.159999847412109,3.940000057220459,4.150000095367432,11460
2022-08-11,4.139999866485596,4.139999866485596,4.050000190734863,4.130000114440918,2228
2022-08-12,4.130000114440918,4.130000114440918,3.859999895095825,3.859999895095825,37814
2022-08-16,3.9000000953674316,3.9800000190734863,3.9000000953674316,3.9800000190734863,9480
2022-08-17,3.990000009536743,3.990000009536743,3.9000000953674316,3.9800000190734863,2248
2022-08-18,3.9800000190734863,3.9800000190734863,3.859999895095825,3.940000057220459,2248
2022-08-19,3.940000057220459,3.940000057220459,3.8499999046325684,3.8499999046325684,399
2022-08-22,3.8499999046325684,3.9000000953674316,3.799999952316284,3.9000000953674316,3183
2022-08-23,3.9000000953674316,3.9000000953674316,3.690000057220459,3.7699999809265137,41188
2022-08-24,3.7699999809265137,3.7699999809265137,3.700000047683716,3.75,622
2022-08-25,3.7699999809265137,3.799999952316284,3.7200000286102295,3.799999952316284,7811
2022-08-26,3.799999952316284,3.9600000381469727,3.799999952316284,3.9600000381469727,6367
2022-08-29,3.9600000381469727,3.9600000381469727,3.7799999713897705,3.9000000953674316,10711
2022-08-30,3.799999952316284,3.950000047683716,3.7799999713897705,3.869999885559082,3386
2022-08-31,3.890000104904175,3.890000104904175,3.7799999713897705,3.869999885559082,2403
2022-09-01,3.869999885559082,3.869999885559082,3.680000066757202,3.799999952316284,3852
2022-09-02,3.7899999618530273,3.7899999618530273,3.7899999618530273,3.7899999618530273,2
2022-09-05,3.8299999237060547,3.8299999237060547,3.799999952316284,3.799999952316284,982
2022-09-06,3.819999933242798,3.819999933242798,3.700000047683716,3.799999952316284,2886
2022-09-07,3.799999952316284,3.9200000762939453,3.680000066757202,3.9200000762939453,8813
2022-09-08,3.799999952316284,3.869999885559082,3.7899999618530273,3.869999885559082,2842
2022-09-09,3.9000000953674316,3.9000000953674316,3.8399999141693115,3.890000104904175,1423
2022-09-12,3.9000000953674316,3.9000000953674316,3.8499999046325684,3.8499999046325684,370
2022-09-13,3.9000000953674316,3.9000000953674316,3.8499999046325684,3.8499999046325684,787
2022-09-14,3.890000104904175,3.890000104904175,3.7200000286102295,3.7799999713897705,4658
2022-09-15,3.890000104904175,3.890000104904175,3.700000047683716,3.7699999809265137,285
2022-09-16,3.8299999237060547,3.8299999237060547,3.700000047683716,3.700000047683716,828
2022-09-19,3.75,3.75,3.690000057220459,3.7200000286102295,3372
2022-09-20,3.680000066757202,3.680000066757202,3.6500000953674316,3.6500000953674316,4195
2022-09-21,3.6700000762939453,3.6700000762939453,3.549999952316284,3.549999952316284,13632
2022-09-22,3.640000104904175,3.640000104904175,3.4700000286102295,3.4700000286102295,3173
2022-09-23,3.5,3.640000104904175,3.240000009536743,3.240000009536743,14944
2022-09-26,3.240000009536743,3.390000104904175,3.240000009536743,3.3299999237060547,8258
2022-09-27,3.359999895095825,3.4000000953674316,3.309999942779541,3.4000000953674316,1131
2022-09-28,3.4000000953674316,3.4000000953674316,3.4000000953674316,3.4000000953674316,258
2022-09-29,3.369999885559082,3.369999885559082,3.259999990463257,3.299999952316284,3043
2022-09-30,3.2799999713897705,3.369999885559082,3.2799999713897705,3.359999895095825,2580
2022-10-03,3.380000114440918,3.380000114440918,3.2200000286102295,3.319999933242798,3117
2022-10-04,3.299999952316284,3.319999933242798,3.180000066757202,3.2100000381469727,13958
2022-10-05,3.2699999809265137,3.380000114440918,3.2699999809265137,3.2799999713897705,4820
2022-10-06,3.369999885559082,3.369999885559082,3.25,3.25,1002
2022-10-07,3.3499999046325684,3.3499999046325684,3.259999990463257,3.259999990463257,1310
2022-10-10,3.3499999046325684,3.3499999046325684,3.25,3.319999933242798,1297
2022-10-11,3.319999933242798,3.3299999237060547,3.319999933242798,3.3299999237060547,683
2022-10-12,3.319999933242798,3.319999933242798,3.200000047683716,3.259999990463257,6979
2022-10-13,3.259999990463257,3.259999990463257,3.1600000858306885,3.259999990463257,7399
2022-10-14,3.259999990463257,3.3499999046325684,3.180000066757202,3.3499999046325684,7569
2022-10-17,3.369999885559082,3.4600000381469727,3.369999885559082,3.430000066757202,7642
2022-10-18,3.430000066757202,3.430000066757202,3.390000104904175,3.390000104904175,502
2022-10-19,3.430000066757202,3.430000066757202,3.390000104904175,3.390000104904175,202
2022-10-20,3.430000066757202,3.430000066757202,3.380000114440918,3.380000114440918,5784
2022-10-21,3.430000066757202,3.450000047683716,3.380000114440918,3.450000047683716,374
2022-10-24,3.440000057220459,3.4600000381469727,3.3299999237060547,3.4600000381469727,5152
2022-10-25,3.4600000381469727,3.4600000381469727,3.4600000381469727,3.4600000381469727,2
2022-10-26,3.4600000381469727,3.4600000381469727,3.380000114440918,3.450000047683716,1248
2022-10-27,3.450000047683716,3.450000047683716,3.450000047683716,3.450000047683716,8
2022-10-28,3.450000047683716,3.450000047683716,3.3499999046325684,3.450000047683716,1098
2022-10-31,3.450000047683716,3.4700000286102295,3.450000047683716,3.4700000286102295,4984
2022-11-02,3.490000009536743,3.5899999141693115,3.4700000286102295,3.5899999141693115,8007
2022-11-03,3.5999999046325684,3.630000114440918,3.5,3.630000114440918,3058
2022-11-04,3.630000114440918,3.6700000762939453,3.630000114440918,3.6700000762939453,10275
2022-11-07,3.6700000762939453,3.869999885559082,3.5999999046325684,3.6600000858306885,4664
2022-11-08,3.7100000381469727,3.75,3.4600000381469727,3.5,19503
2022-11-09,3.5,3.5899999141693115,3.5,3.5899999141693115,2412
2022-11-10,3.5999999046325684,3.7200000286102295,3.5799999237060547,3.640000104904175,8316
2022-11-14,3.640000104904175,3.640000104904175,3.5,3.619999885559082,23716
2022-11-15,3.619999885559082,3.619999885559082,3.619999885559082,3.619999885559082,5630
2022-11-16,3.700000047683716,3.700000047683716,3.619999885559082,3.6700000762939453,6402
2022-11-17,3.690000057220459,3.690000057220459,3.680000066757202,3.680000066757202,1502
2022-11-18,3.680000066757202,3.680000066757202,3.630000114440918,3.630000114440918,1879
2022-11-21,3.680000066757202,3.680000066757202,3.5399999618530273,3.6500000953674316,1069
2022-11-22,3.6600000858306885,3.6600000858306885,3.5399999618530273,3.619999885559082,1728
2022-11-23,3.6700000762939453,3.6700000762939453,3.5199999809265137,3.5299999713897705,23344
2022-11-24,3.619999885559082,3.6700000762939453,3.619999885559082,3.6700000762939453,1323
2022-11-25,3.6600000858306885,3.6600000858306885,3.5399999618530273,3.630000114440918,1602
2022-11-28,3.630000114440918,3.630000114440918,3.549999952316284,3.609999895095825,1202
2022-11-29,3.609999895095825,3.609999895095825,3.5299999713897705,3.559999942779541,905
2022-11-30,3.559999942779541,3.5799999237060547,3.509999990463257,3.5799999237060547,3473
2022-12-01,3.5899999141693115,3.5899999141693115,3.5199999809265137,3.5899999141693115,1142
2022-12-02,3.5899999141693115,3.5899999141693115,3.5399999618530273,3.5399999618530273,1758
2022-12-05,3.5899999141693115,3.5899999141693115,3.509999990463257,3.5799999237060547,3602
2022-12-06,3.5799999237060547,3.5799999237060547,3.490000009536743,3.490000009536743,1367
2022-12-07,3.5799999237060547,3.5899999141693115,3.5799999237060547,3.5899999141693115,727
2022-12-08,3.5899999141693115,3.5899999141693115,3.5899999141693115,3.5899999141693115,704
2022-12-09,3.5799999237060547,3.5799999237060547,3.5799999237060547,3.5799999237060547,52
2022-12-12,3.559999942779541,3.559999942779541,3.490000009536743,3.559999942779541,2475
2022-12-13,3.559999942779541,3.559999942779541,3.5,3.5,1062
2022-12-14,3.559999942779541,3.559999942779541,3.5399999618530273,3.559999942779541,807
2022-12-15,3.559999942779541,3.559999942779541,3.559999942779541,3.559999942779541,7
2022-12-16,3.5,3.5,3.450000047683716,3.4600000381469727,14236
2022-12-19,3.4700000286102295,3.4700000286102295,3.369999885559082,3.4600000381469727,4548
2022-12-20,3.4700000286102295,3.4700000286102295,3.380000114440918,3.4000000953674316,3379
2022-12-21,3.380000114440918,3.4000000953674316,3.3499999046325684,3.4000000953674316,1910
2022-12-22,3.440000057220459,3.440000057220459,3.3399999141693115,3.3399999141693115,2486
2022-12-23,3.4100000858306885,3.4100000858306885,3.309999942779541,3.309999942779541,46228
2022-12-27,3.380000114440918,3.380000114440918,3.2100000381469727,3.2100000381469727,9784
2022-12-28,3.2799999713897705,3.299999952316284,3.140000104904175,3.2799999713897705,17847
2022-12-29,3.25,3.299999952316284,3.200000047683716,3.299999952316284,4803
2022-12-30,3.299999952316284,3.319999933242798,3.2100000381469727,3.309999942779541,7960
2023-01-02,3.4800000190734863,3.4800000190734863,3.2200000286102295,3.4100000858306885,9503
2023-01-03,3.430000066757202,3.440000057220459,3.359999895095825,3.430000066757202,3355
2023-01-04,3.359999895095825,3.450000047683716,3.359999895095825,3.450000047683716,3880
2023-01-05,3.4800000190734863,3.4800000190734863,3.4600000381469727,3.4600000381469727,9010
2023-01-09,3.4800000190734863,3.5199999809265137,3.4800000190734863,3.5199999809265137,3524
2023-01-10,3.5199999809265137,3.7699999809265137,3.5199999809265137,3.7699999809265137,20487
2023-01-11,3.7699999809265137,3.7699999809265137,3.5899999141693115,3.75,8920
2023-01-12,3.6700000762939453,3.690000057220459,3.5,3.690000057220459,12379
2023-01-13,3.7799999713897705,3.7799999713897705,3.569999933242798,3.569999933242798,10702
2023-01-16,3.6700000762939453,3.700000047683716,3.6700000762939453,3.700000047683716,5193
2023-01-17,3.700000047683716,3.7300000190734863,3.6600000858306885,3.7200000286102295,1359
2023-01-18,3.7300000190734863,3.7300000190734863,3.6500000953674316,3.6500000953674316,1502
2023-01-19,3.7200000286102295,3.7200000286102295,3.549999952316284,3.559999942779541,16530
2023-01-20,3.5999999046325684,3.630000114440918,3.5399999618530273,3.630000114440918,1311
2023-01-23,3.630000114440918,3.630000114440918,3.559999942779541,3.630000114440918,1051
2023-01-24,3.619999885559082,3.619999885559082,3.5299999713897705,3.5299999713897705,17090
2023-01-25,3.619999885559082,3.619999885559082,3.5199999809265137,3.5999999046325684,3422
2023-01-26,3.609999895095825,3.680000066757202,3.5999999046325684,3.619999885559082,8314
2023-01-27,3.6700000762939453,3.680000066757202,3.559999942779541,3.680000066757202,7092
2023-01-30,3.6500000953674316,3.6500000953674316,3.5199999809265137,3.619999885559082,7764
2023-01-31,3.619999885559082,3.619999885559082,3.5199999809265137,3.619999885559082,4840
2023-02-01,3.549999952316284,3.619999885559082,3.549999952316284,3.619999885559082,4592
2023-02-02,3.619999885559082,3.619999885559082,3.5299999713897705,3.5999999046325684,2536
2023-02-03,3.609999895095825,3.6500000953674316,3.549999952316284,3.569999933242798,3430
2023-02-06,3.640000104904175,3.640000104904175,3.549999952316284,3.549999952316284,3228
2023-02-07,3.549999952316284,3.619999885559082,3.549999952316284,3.619999885559082,565
2023-02-08,3.619999885559082,3.640000104904175,3.619999885559082,3.640000104904175,2044
2023-02-09,3.619999885559082,3.6600000858306885,3.619999885559082,3.6600000858306885,4429
2023-02-10,3.6600000858306885,3.6700000762939453,3.619999885559082,3.6700000762939453,6535
2023-02-13,3.690000057220459,3.690000057220459,3.680000066757202,3.680000066757202,364
2023-02-14,3.690000057220459,3.690000057220459,3.5199999809265137,3.619999885559082,5322
2023-02-15,3.609999895095825,3.619999885559082,3.609999895095825,3.619999885559082,634
2023-02-16,3.680000066757202,3.680000066757202,3.5299999713897705,3.609999895095825,739
2023-02-17,3.5999999046325684,3.5999999046325684,3.5199999809265137,3.5999999046325684,2980
2023-02-20,3.5999999046325684,3.609999895095825,3.5799999237060547,3.609999895095825,2155
2023-02-21,3.559999942779541,3.609999895095825,3.559999942779541,3.609999895095825,4920
2023-02-22,3.5999999046325684,3.5999999046325684,3.5199999809265137,3.5799999237060547,6095
2023-02-23,3.5999999046325684,3.5999999046325684,3.549999952316284,3.5899999141693115,13
2023-02-24,3.5899999141693115,3.5899999141693115,3.549999952316284,3.549999952316284,1145
2023-02-27,3.5899999141693115,3.5899999141693115,3.5799999237060547,3.5899999141693115,852
2023-02-28,3.5899999141693115,3.5899999141693115,3.509999990463257,3.5299999713897705,2380
2023-03-01,3.5799999237060547,3.5999999046325684,3.4800000190734863,3.5999999046325684,9502
2023-03-02,3.5799999237060547,3.5799999237060547,3.5199999809265137,3.5199999809265137,390
2023-03-03,3.490000009536743,3.5799999237060547,3.490000009536743,3.5799999237060547,510
2023-03-06,3.569999933242798,3.569999933242798,3.4000000953674316,3.4000000953674316,10706
2023-03-07,3.509999990463257,3.5199999809265137,3.380000114440918,3.450000047683716,9152
2023-03-08,3.4200000762939453,3.4800000190734863,3.4200000762939453,3.4800000190734863,1554
2023-03-09,3.4800000190734863,3.4800000190734863,3.4000000953674316,3.4700000286102295,715
2023-03-10,3.4000000953674316,3.440000057220459,3.309999942779541,3.440000057220459,6560
2023-03-13,3.450000047683716,3.450000047683716,3.2799999713897705,3.3499999046325684,19112
2023-03-14,3.380000114440918,3.380000114440918,3.3399999141693115,3.3399999141693115,30809
2023-03-15,3.359999895095825,3.369999885559082,3.319999933242798,3.319999933242798,1702
2023-03-16,3.390000104904175,3.4100000858306885,3.309999942779541,3.319999933242798,8894
2023-03-17,3.390000104904175,3.390000104904175,3.390000104904175,3.390000104904175,2
2023-03-20,3.319999933242798,3.390000104904175,3.319999933242798,3.390000104904175,342
2023-03-21,3.390000104904175,3.4000000953674316,3.3399999141693115,3.4000000953674316,1750
2023-03-22,3.4000000953674316,3.4200000762939453,3.3499999046325684,3.4100000858306885,3580
2023-03-23,3.4000000953674316,3.4000000953674316,3.309999942779541,3.369999885559082,5516
2023-03-24,3.3399999141693115,3.369999885559082,3.3299999237060547,3.369999885559082,422
2023-03-27,3.369999885559082,3.380000114440918,3.2899999618530273,3.2899999618530273,38947
2023-03-28,3.3299999237060547,3.3299999237060547,3.2699999809265137,3.3299999237060547,4910
2023-03-29,3.3299999237060547,3.3299999237060547,3.259999990463257,3.309999942779541,13502
2023-03-30,3.25,3.390000104904175,3.25,3.390000104904175,4313
2023-03-31,3.390000104904175,3.390000104904175,3.299999952316284,3.299999952316284,8688
2023-04-03,3.3299999237060547,3.3399999141693115,3.240000009536743,3.2899999618530273,2592
2023-04-04,3.299999952316284,3.299999952316284,3.2699999809265137,3.2899999618530273,975
2023-04-05,3.2899999618530273,3.2899999618530273,3.2699999809265137,3.2899999618530273,243
2023-04-06,3.299999952316284,3.299999952316284,3.2799999713897705,3.299999952316284,2136
2023-04-11,3.299999952316284,3.319999933242798,3.299999952316284,3.319999933242798,4908
2023-04-12,3.309999942779541,3.369999885559082,3.2699999809265137,3.319999933242798,65438
2023-04-13,3.319999933242798,3.319999933242798,3.259999990463257,3.299999952316284,11625
2023-04-14,3.299999952316284,3.299999952316284,3.299999952316284,3.299999952316284,1960
2023-04-17,3.319999933242798,3.319999933242798,3.299999952316284,3.319999933242798,10210
2023-04-18,3.319999933242798,3.319999933242798,3.2699999809265137,3.2699999809265137,2455
2023-04-19,3.319999933242798,3.319999933242798,3.309999942779541,3.319999933242798,21589
2023-04-20,3.3399999141693115,3.559999942779541,3.3399999141693115,3.549999952316284,23163
2023-04-21,3.549999952316284,3.559999942779541,3.440000057220459,3.559999942779541,3722
2023-04-24,3.559999942779541,3.559999942779541,3.4000000953674316,3.4700000286102295,11070
2023-04-25,3.440000057220459,3.440000057220459,3.359999895095825,3.369999885559082,9714
2023-04-26,3.4000000953674316,3.4000000953674316,3.319999933242798,3.4000000953674316,9387
2023-04-27,3.4000000953674316,3.4000000953674316,3.299999952316284,3.369999885559082,7496
2023-04-28,3.369999885559082,3.369999885559082,3.2699999809265137,3.2699999809265137,10985
2023-05-02,3.2899999618530273,3.3499999046325684,3.2899999618530273,3.2899999618530273,4870
2023-05-04,3.3399999141693115,3.3499999046325684,3.3399999141693115,3.3499999046325684,1250
2023-05-05,3.2799999713897705,3.359999895095825,3.2799999713897705,3.359999895095825,4511
2023-05-08,3.369999885559082,3.369999885559082,3.259999990463257,3.2799999713897705,6942
2023-05-09,3.3299999237060547,3.3399999141693115,3.299999952316284,3.299999952316284,1764
2023-05-10,3.3299999237060547,3.3399999141693115,3.299999952316284,3.3399999141693115,4022
2023-05-11,3.3499999046325684,3.3499999046325684,3.299999952316284,3.299999952316284,234
2023-05-12,3.2799999713897705,3.3299999237060547,3.2799999713897705,3.3299999237060547,7572
2023-05-15,3.299999952316284,3.3299999237060547,3.25,3.319999933242798,3516
2023-05-16,3.3499999046325684,3.359999895095825,3.3399999141693115,3.359999895095825,3560
2023-05-17,3.359999895095825,3.359999895095825,3.3399999141693115,3.3399999141693115,322
2023-05-18,3.359999895095825,3.359999895095825,3.359999895095825,3.359999895095825,1518
2023-05-19,3.359999895095825,3.359999895095825,3.299999952316284,3.299999952316284,2135
2023-05-22,3.359999895095825,3.359999895095825,3.359999895095825,3.359999895095825,32
2023-05-23,3.3499999046325684,3.3499999046325684,3.2799999713897705,3.2799999713897705,2574
2023-05-24,3.309999942779541,3.309999942779541,3.2799999713897705,3.309999942779541,2997
2023-05-25,3.309999942779541,3.309999942779541,3.309999942779541,3.309999942779541,30
2023-05-26,3.299999952316284,3.309999942779541,3.2899999618530273,3.2899999618530273,2637
2023-05-29,3.299999952316284,3.299999952316284,3.2899999618530273,3.299999952316284,155
2023-05-30,3.3299999237060547,3.3299999237060547,3.2799999713897705,3.319999933242798,1400
2023-05-31,3.3399999141693115,3.3399999141693115,3.2799999713897705,3.2799999713897705,460
2023-06-01,3.3399999141693115,3.3399999141693115,3.2799999713897705,3.2899999618530273,101
2023-06-02,3.3299999237060547,3.3299999237060547,3.259999990463257,3.3299999237060547,7135
2023-06-05,3.3499999046325684,3.3499999046325684,3.3299999237060547,3.3499999046325684,1444
2023-06-06,3.3499999046325684,3.3499999046325684,3.299999952316284,3.3499999046325684,1291
2023-06-07,3.359999895095825,3.359999895095825,3.3499999046325684,3.3499999046325684,202
2023-06-09,3.359999895095825,3.359999895095825,3.299999952316284,3.3399999141693115,1906
2023-06-12,3.3399999141693115,3.3399999141693115,3.2899999618530273,3.2899999618530273,140
2023-06-13,3.3399999141693115,3.3399999141693115,3.3399999141693115,3.3399999141693115,2
2023-06-14,3.3299999237060547,3.3299999237060547,3.2899999618530273,3.319999933242798,879
2023-06-15,3.319999933242798,3.319999933242798,3.299999952316284,3.309999942779541,1481
2023-06-16,3.309999942779541,3.319999933242798,3.2799999713897705,3.2799999713897705,1683
2023-06-19,3.3299999237060547,3.3299999237060547,3.319999933242798,3.319999933242798,120
2023-06-20,3.2799999713897705,3.359999895095825,3.2799999713897705,3.359999895095825,7659
2023-06-21,3.369999885559082,3.4800000190734863,3.369999885559082,3.450000047683716,13957
2023-06-22,3.450000047683716,3.450000047683716,3.430000066757202,3.430000066757202,20
2023-06-23,3.4200000762939453,3.430000066757202,3.369999885559082,3.430000066757202,2612
2023-06-26,3.450000047683716,3.4800000190734863,3.4200000762939453,3.4200000762939453,8347
2023-06-27,3.4200000762939453,3.4200000762939453,3.4000000953674316,3.4000000953674316,1552
2023-06-28,3.4600000381469727,3.4600000381469727,3.4600000381469727,3.4600000381469727,2
2023-06-29,3.430000066757202,3.4700000286102295,3.4000000953674316,3.4700000286102295,1308
2023-06-30,3.4600000381469727,3.4600000381469727,3.450000047683716,3.4600000381469727,1255
2023-07-03,3.4600000381469727,3.4600000381469727,3.4100000858306885,3.4200000762939453,1553
2023-07-04,3.4200000762939453,3.4600000381469727,3.369999885559082,3.390000104904175,25912
2023-07-05,3.380000114440918,3.380000114440918,3.319999933242798,3.380000114440918,9252
2023-07-06,3.369999885559082,3.369999885559082,3.2899999618530273,3.3499999046325684,4617
2023-07-07,3.3299999237060547,3.380000114440918,3.3299999237060547,3.369999885559082,3061
2023-07-10,3.359999895095825,3.369999885559082,3.3299999237060547,3.369999885559082,1597
2023-07-11,3.3499999046325684,3.369999885559082,3.3499999046325684,3.3499999046325684,2598
2023-07-12,3.3399999141693115,3.3499999046325684,3.3399999141693115,3.3499999046325684,5312
2023-07-13,3.3499999046325684,3.3499999046325684,3.3499999046325684,3.3499999046325684,4092
2023-07-14,3.3499999046325684,3.3499999046325684,3.3299999237060547,3.3499999046325684,7858
2023-07-17,3.3399999141693115,3.380000114440918,3.3399999141693115,3.380000114440918,4975
2023-07-18,3.390000104904175,3.4000000953674316,3.3399999141693115,3.380000114440918,11349
2023-07-19,3.380000114440918,3.430000066757202,3.380000114440918,3.4200000762939453,11314
2023-07-20,3.450000047683716,3.5299999713897705,3.450000047683716,3.5,25270
2023-07-21,3.5299999713897705,3.5299999713897705,3.4200000762939453,3.4200000762939453,10989
2023-07-24,3.509999990463257,3.509999990463257,3.5,3.509999990463257,1820
2023-07-25,3.509999990463257,3.5299999713897705,3.4700000286102295,3.5199999809265137,5699
2023-07-26,3.5199999809265137,3.5299999713897705,3.490000009536743,3.5,2859
2023-07-27,3.5,3.5299999713897705,3.430000066757202,3.5299999713897705,9324
2023-07-28,3.5,3.5299999713897705,3.4700000286102295,3.509999990463257,4343
2023-07-31,3.509999990463257,3.559999942779541,3.509999990463257,3.559999942779541,7275
2023-08-01,3.559999942779541,3.640000104904175,3.559999942779541,3.640000104904175,12244
2023-08-02,3.640000104904175,3.640000104904175,3.569999933242798,3.569999933242798,2335
2023-08-03,3.5899999141693115,3.5899999141693115,3.549999952316284,3.549999952316284,5002
2023-08-04,3.5899999141693115,3.609999895095825,3.5899999141693115,3.609999895095825,9519
2023-08-07,3.640000104904175,3.640000104904175,3.5799999237060547,3.5799999237060547,5370
2023-08-08,3.5999999046325684,3.5999999046325684,3.559999942779541,3.559999942779541,2560
2023-08-09,3.5799999237060547,3.5999999046325684,3.559999942779541,3.559999942779541,2352
2023-08-10,3.5999999046325684,3.5999999046325684,3.559999942779541,3.569999933242798,2823
2023-08-11,3.5899999141693115,3.5999999046325684,3.559999942779541,3.5999999046325684,7542
2023-08-14,3.6500000953674316,3.6500000953674316,3.630000114440918,3.630000114440918,15923
2023-08-16,3.6500000953674316,3.700000047683716,3.5299999713897705,3.640000104904175,32279
2023-08-17,3.5999999046325684,3.640000104904175,3.5399999618530273,3.5899999141693115,34448
2023-08-18,3.4700000286102295,3.4700000286102295,3.3499999046325684,3.440000057220459,15737
2023-08-21,3.440000057220459,3.440000057220459,3.390000104904175,3.390000104904175,3694
2023-08-22,3.430000066757202,3.430000066757202,3.390000104904175,3.390000104904175,4121
2023-08-23,3.4200000762939453,3.4200000762939453,3.4100000858306885,3.4200000762939453,1000
2023-08-24,3.440000057220459,3.440000057220459,3.390000104904175,3.440000057220459,62
2023-08-25,3.390000104904175,3.390000104904175,3.319999933242798,3.3299999237060547,7154
2023-08-28,3.390000104904175,3.390000104904175,3.25,3.2899999618530273,14485
2023-08-29,3.3299999237060547,3.3299999237060547,3.25,3.259999990463257,2548
2023-08-30,3.309999942779541,3.309999942779541,3.240000009536743,3.2899999618530273,1404
2023-08-31,3.25,3.2899999618530273,3.25,3.2899999618530273,3700
2023-09-01,3.2899999618530273,3.309999942779541,3.200000047683716,3.200000047683716,13628
2023-09-04,3.240000009536743,3.240000009536743,3.1600000858306885,3.200000047683716,2376
2023-09-05,3.190000057220459,3.25,3.190000057220459,3.25,1308
2023-09-06,3.25,3.25,3.200000047683716,3.2100000381469727,2119
2023-09-07,3.240000009536743,3.240000009536743,3.240000009536743,3.240000009536743,300
2023-09-08,3.240000009536743,3.240000009536743,3.240000009536743,3.240000009536743,33
2023-09-11,3.240000009536743,3.240000009536743,3.240000009536743,3.240000009536743,520
2023-09-12,3.240000009536743,3.25,3.240000009536743,3.25,2090
2023-09-13,3.2200000286102295,3.319999933242798,3.2100000381469727,3.319999933242798,1664
2023-09-14,3.259999990463257,3.259999990463257,3.259999990463257,3.259999990463257,800
2023-09-15,3.2799999713897705,3.2799999713897705,3.2200000286102295,3.2200000286102295,409
2023-09-18,3.2799999713897705,3.2799999713897705,3.2100000381469727,3.2100000381469727,612
2023-09-19,3.25,3.25,3.180000066757202,3.2200000286102295,6110
2023-09-20,3.200000047683716,3.200000047683716,3.0999999046325684,3.1700000762939453,12871
2023-09-21,3.109999895095825,3.180000066757202,3.109999895095825,3.1700000762939453,1558
2023-09-22,3.1500000953674316,3.180000066757202,3.119999885559082,3.1500000953674316,6234
2023-09-25,3.1700000762939453,3.1700000762939453,3.0899999141693115,3.0899999141693115,4188
2023-09-26,3.1600000858306885,3.1600000858306885,3.1600000858306885,3.1600000858306885,130
2023-09-27,3.1600000858306885,3.1600000858306885,3.1600000858306885,3.1600000858306885,12
2023-09-28,3.1600000858306885,3.1600000858306885,3.059999942779541,3.059999942779541,7615
2023-09-29,3.140000104904175,3.140000104904175,3.069999933242798,3.0999999046325684,990
2023-10-02,3.1600000858306885,3.1600000858306885,2.890000104904175,2.9100000858306885,13280
2023-10-03,2.9100000858306885,2.9100000858306885,2.75,2.8299999237060547,22108
2023-10-04,2.950000047683716,2.950000047683716,2.759999990463257,2.950000047683716,4440
2023-10-05,2.930000066757202,2.930000066757202,2.7699999809265137,2.799999952316284,5882
2023-10-06,2.9000000953674316,2.9000000953674316,2.7699999809265137,2.7699999809265137,7595
2023-10-09,2.9000000953674316,2.9000000953674316,2.7799999713897705,2.859999895095825,828
2023-10-10,2.859999895095825,2.869999885559082,2.7699999809265137,2.869999885559082,2683
2023-10-11,2.869999885559082,2.880000114440918,2.8299999237060547,2.869999885559082,2367
2023-10-12,2.869999885559082,2.869999885559082,2.8299999237060547,2.859999895095825,995
2023-10-13,2.859999895095825,2.9200000762939453,2.8399999141693115,2.9200000762939453,6419
2023-10-16,2.9200000762939453,2.9200000762939453,2.8499999046325684,2.9100000858306885,1613
2023-10-17,2.9100000858306885,2.9100000858306885,2.9000000953674316,2.9000000953674316,5000
2023-10-18,2.9200000762939453,2.930000066757202,2.9000000953674316,2.930000066757202,4678
2023-10-19,2.930000066757202,2.930000066757202,2.9000000953674316,2.9000000953674316,2214
2023-10-20,2.940000057220459,2.940000057220459,2.9000000953674316,2.930000066757202,3781
2023-10-23,2.940000057220459,2.940000057220459,2.9000000953674316,2.9200000762939453,7101
2023-10-24,2.940000057220459,2.940000057220459,2.9000000953674316,2.940000057220459,15756
2023-10-25,2.940000057220459,2.9800000190734863,2.9100000858306885,2.9600000381469727,8022
2023-10-26,2.9600000381469727,3.0399999618530273,2.9600000381469727,3.0,3522
2023-10-27,3.069999933242798,3.0799999237060547,3.049999952316284,3.049999952316284,8370
2023-10-30,3.069999933242798,3.069999933242798,3.0,3.059999942779541,3617
2023-10-31,3.059999942779541,3.059999942779541,2.9000000953674316,2.9800000190734863,7800
2023-11-02,2.9800000190734863,2.9800000190734863,2.9600000381469727,2.9600000381469727,153
2023-11-03,2.9600000381469727,2.9600000381469727,2.950000047683716,2.950000047683716,172
2023-11-06,2.950000047683716,2.950000047683716,2.9200000762939453,2.950000047683716,1788
2023-11-07,2.950000047683716,3.0,2.950000047683716,2.9800000190734863,2375
2023-11-08,2.9800000190734863,3.0,2.9800000190734863,3.0,2481
2023-11-09,2.9800000190734863,2.990000009536743,2.9700000286102295,2.990000009536743,2389
2023-11-10,2.990000009536743,2.990000009536743,2.940000057220459,2.9700000286102295,1215
2023-11-13,2.9700000286102295,2.9800000190734863,2.940000057220459,2.940000057220459,1231
2023-11-14,2.9200000762939453,2.9700000286102295,2.9200000762939453,2.9700000286102295,1735
2023-11-15,2.9700000286102295,2.9800000190734863,2.930000066757202,2.9600000381469727,2643
2023-11-16,2.950000047683716,2.950000047683716,2.930000066757202,2.930000066757202,1312
2023-11-17,2.950000047683716,2.950000047683716,2.930000066757202,2.930000066757202,1830
2023-11-20,2.930000066757202,2.950000047683716,2.930000066757202,2.950000047683716,8759
2023-11-21,2.9700000286102295,3.0,2.940000057220459,3.0,9901
2023-11-22,3.0,3.0,2.990000009536743,3.0,303
2023-11-23,3.0,3.0,2.940000057220459,2.940000057220459,957
2023-11-24,2.990000009536743,2.990000009536743,2.940000057220459,2.9800000190734863,3348
2023-11-27,2.940000057220459,2.9800000190734863,2.940000057220459,2.940000057220459,2176
2023-11-28,2.9800000190734863,3.0,2.950000047683716,3.0,4944
2023-11-29,3.0,3.0,2.950000047683716,2.950000047683716,1589
2023-11-30,2.990000009536743,2.990000009536743,2.9600000381469727,2.9600000381469727,1386
2023-12-01,2.990000009536743,2.990000009536743,2.950000047683716,2.9600000381469727,6300
2023-12-04,2.9600000381469727,3.0299999713897705,2.9600000381469727,3.0,5298
2023-12-05,3.0,3.0199999809265137,2.9600000381469727,3.0,3584
2023-12-06,3.0199999809265137,3.0199999809265137,2.990000009536743,2.990000009536743,400
2023-12-07,3.0299999713897705,3.0299999713897705,3.0,3.0,857
2023-12-08,3.0199999809265137,3.0199999809265137,3.009999990463257,3.0199999809265137,392
2023-12-11,3.0199999809265137,3.0199999809265137,2.990000009536743,2.990000009536743,939
2023-12-12,2.990000009536743,3.0,2.9800000190734863,3.0,3369
2023-12-13,3.009999990463257,3.009999990463257,2.950000047683716,2.950000047683716,2512
2023-12-14,2.990000009536743,2.990000009536743,2.950000047683716,2.990000009536743,4912
2023-12-15,2.990000009536743,3.0,2.9700000286102295,2.9700000286102295,3823
2023-12-18,2.9800000190734863,2.9800000190734863,2.9200000762939453,2.9200000762939453,7779
2023-12-19,2.950000047683716,2.950000047683716,2.9200000762939453,2.930000066757202,3855
2023-12-20,2.950000047683716,2.950000047683716,2.859999895095825,2.859999895095825,12751
2023-12-21,2.8499999046325684,2.880000114440918,2.799999952316284,2.880000114440918,17790
2023-12-22,2.890000104904175,2.890000104904175,2.8299999237060547,2.8399999141693115,5983
2023-12-27,2.819999933242798,2.8399999141693115,2.7799999713897705,2.819999933242798,46894
2023-12-28,2.799999952316284,2.859999895095825,2.799999952316284,2.799999952316284,13118
2023-12-29,2.859999895095825,2.859999895095825,2.859999895095825,2.859999895095825,52
2024-01-02,2.859999895095825,2.9000000953674316,2.859999895095825,2.9000000953674316,4600
2024-01-03,2.9100000858306885,2.9100000858306885,2.8399999141693115,2.890000104904175,5357
2024-01-04,2.890000104904175,2.9100000858306885,2.8399999141693115,2.9100000858306885,2275
2024-01-05,2.9100000858306885,2.940000057220459,2.859999895095825,2.859999895095825,2721
2024-01-08,2.9100000858306885,2.9100000858306885,2.8499999046325684,2.8499999046325684,1003
2024-01-09,2.9100000858306885,2.9100000858306885,2.890000104904175,2.9100000858306885,1459
2024-01-10,2.9100000858306885,2.9700000286102295,2.9100000858306885,2.9700000286102295,6862
2024-01-11,2.9700000286102295,2.9800000190734863,2.930000066757202,2.940000057220459,4630
2024-01-12,2.9600000381469727,2.9600000381469727,2.9600000381469727,2.9600000381469727,178
2024-01-15,2.9600000381469727,2.9600000381469727,2.940000057220459,2.940000057220459,5950
2024-01-16,2.9600000381469727,2.9600000381469727,2.940000057220459,2.950000047683716,402
2024-01-17,2.950000047683716,3.009999990463257,2.940000057220459,2.940000057220459,16631
2024-01-18,2.950000047683716,2.950000047683716,2.950000047683716,2.950000047683716,8
2024-01-19,2.990000009536743,3.4800000190734863,2.950000047683716,3.1700000762939453,56067
2024-01-22,3.1700000762939453,3.1700000762939453,3.0399999618530273,3.0399999618530273,10644
2024-01-23,3.0399999618530273,3.049999952316284,3.0299999713897705,3.049999952316284,5684
2024-01-24,3.049999952316284,3.049999952316284,3.009999990463257,3.049999952316284,1277
2024-01-25,3.049999952316284,3.049999952316284,3.0199999809265137,3.0199999809265137,1372
2024-01-26,3.049999952316284,3.049999952316284,3.049999952316284,3.049999952316284,2024
2024-01-29,3.0399999618530273,3.0999999046325684,3.0399999618530273,3.0399999618530273,970
2024-01-30,3.0799999237060547,3.0799999237060547,3.0799999237060547,3.0799999237060547,142
2024-01-31,3.069999933242798,3.069999933242798,3.0299999713897705,3.0299999713897705,541
2024-02-01,3.0799999237060547,3.0999999046325684,3.059999942779541,3.0799999237060547,4258
2024-02-02,3.109999895095825,3.109999895095825,3.0199999809265137,3.0199999809265137,3791
2024-02-05,3.0899999141693115,3.109999895095825,3.0399999618530273,3.0799999237060547,3752
2024-02-06,3.069999933242798,3.069999933242798,3.059999942779541,3.059999942779541,748
2024-02-07,3.069999933242798,3.069999933242798,3.069999933242798,3.069999933242798,8
2024-02-08,3.069999933242798,3.069999933242798,3.069999933242798,3.069999933242798,131
2024-02-09,3.069999933242798,3.0799999237060547,3.009999990463257,3.069999933242798,12806
2024-02-12,3.069999933242798,3.1500000953674316,3.069999933242798,3.1500000953674316,3247
2024-02-13,3.1500000953674316,3.1500000953674316,3.069999933242798,3.0799999237060547,3674
2024-02-14,3.0799999237060547,3.0799999237060547,2.950000047683716,3.0399999618530273,6657
2024-02-15,3.069999933242798,3.069999933242798,3.0399999618530273,3.0399999618530273,571
2024-02-16,3.049999952316284,3.049999952316284,2.9800000190734863,2.9800000190734863,517
2024-02-19,3.049999952316284,3.049999952316284,2.9800000190734863,3.0199999809265137,1036
2024-02-20,3.0199999809265137,3.0199999809265137,2.9600000381469727,2.9600000381469727,2208
2024-02-21,3.0199999809265137,3.0199999809265137,2.9600000381469727,2.9600000381469727,446
2024-02-22,3.0199999809265137,3.0199999809265137,2.9800000190734863,3.0199999809265137,2804
2024-02-23,3.0199999809265137,3.0199999809265137,3.0199999809265137,3.0199999809265137,684
2024-02-26,3.0199999809265137,3.0199999809265137,2.9600000381469727,2.9600000381469727,789
2024-02-27,3.0199999809265137,3.0199999809265137,3.0199999809265137,3.0199999809265137,16
2024-02-28,3.0199999809265137,3.0199999809265137,2.9800000190734863,2.9800000190734863,1032
2024-02-29,2.9600000381469727,3.0299999713897705,2.950000047683716,2.9800000190734863,22864
2024-03-01,3.0,3.0999999046325684,3.0,3.0999999046325684,15990
2024-03-04,3.200000047683716,3.2699999809265137,3.200000047683716,3.2200000286102295,46244
2024-03-05,3.2200000286102295,3.2200000286102295,3.180000066757202,3.200000047683716,4162
2024-03-06,3.200000047683716,3.200000047683716,3.1500000953674316,3.1500000953674316,1598
2024-03-07,3.1500000953674316,3.190000057220459,3.1500000953674316,3.180000066757202,1030
2024-03-08,3.180000066757202,3.190000057220459,3.180000066757202,3.190000057220459,1816
2024-03-11,3.200000047683716,3.200000047683716,3.049999952316284,3.049999952316284,6826
2024-03-12,3.0899999141693115,3.0999999046325684,3.059999942779541,3.059999942779541,1795
2024-03-13,3.1500000953674316,3.1500000953674316,3.059999942779541,3.069999933242798,3653
2024-03-14,3.0799999237060547,3.1500000953674316,3.0799999237060547,3.1500000953674316,303
2024-03-15,3.1500000953674316,3.1500000953674316,3.1500000953674316,3.1500000953674316,152
2024-03-18,3.130000114440918,3.1500000953674316,3.069999933242798,3.069999933242798,2611
2024-03-19,3.1500000953674316,3.1500000953674316,3.0799999237060547,3.0799999237060547,838
2024-03-20,3.0999999046325684,3.0999999046325684,3.0799999237060547,3.0999999046325684,1016
2024-03-21,3.130000114440918,3.130000114440918,2.9800000190734863,3.0899999141693115,10634
2024-03-22,3.0899999141693115,3.0899999141693115,2.9000000953674316,3.049999952316284,23395
2024-03-25,3.059999942779541,3.059999942779541,2.9200000762939453,2.990000009536743,6419
2024-03-26,3.0299999713897705,3.0399999618530273,2.990000009536743,3.0399999618530273,8493
2024-03-27,3.0399999618530273,3.0399999618530273,2.940000057220459,3.0,15505
2024-03-28,3.0,3.0,2.950000047683716,2.990000009536743,904
2024-04-02,2.990000009536743,3.0399999618530273,2.9100000858306885,3.009999990463257,21176
2024-04-03,3.009999990463257,3.009999990463257,2.9200000762939453,2.990000009536743,5712
2024-04-04,2.990000009536743,3.0399999618530273,2.950000047683716,3.0399999618530273,8206
2024-04-05,3.0399999618530273,3.059999942779541,3.0199999809265137,3.059999942779541,7297
2024-04-08,3.059999942779541,3.059999942779541,2.990000009536743,3.0399999618530273,4854
2024-04-09,3.0399999618530273,3.0399999618530273,2.9800000190734863,3.0,2571
2024-04-10,2.990000009536743,2.990000009536743,2.9100000858306885,2.9800000190734863,7711
2024-04-11,2.9800000190734863,2.990000009536743,2.9000000953674316,2.9800000190734863,4771
2024-04-12,2.9800000190734863,2.9800000190734863,2.940000057220459,2.950000047683716,1006
2024-04-15,2.950000047683716,2.9800000190734863,2.950000047683716,2.9800000190734863,4879
2024-04-16,3.0799999237060547,3.1500000953674316,3.0,3.0999999046325684,49260
2024-04-17,3.119999885559082,3.140000104904175,3.0999999046325684,3.140000104904175,1910
2024-04-18,3.130000114440918,3.140000104904175,3.0999999046325684,3.119999885559082,2391
2024-04-19,3.0899999141693115,3.0899999141693115,3.069999933242798,3.0899999141693115,11594
2024-04-22,3.0799999237060547,3.1500000953674316,3.069999933242798,3.1500000953674316,5172
2024-04-23,3.1500000953674316,3.1500000953674316,3.0999999046325684,3.1500000953674316,242
2024-04-24,3.1500000953674316,3.190000057220459,3.1500000953674316,3.190000057220459,8452
2024-04-25,3.2100000381469727,3.2100000381469727,3.1700000762939453,3.180000066757202,2385
2024-04-26,3.190000057220459,3.2100000381469727,3.180000066757202,3.2100000381469727,4919
2024-04-29,3.2100000381469727,3.2100000381469727,3.1700000762939453,3.2100000381469727,1212
2024-04-30,3.2100000381469727,3.2100000381469727,3.1700000762939453,3.2100000381469727,7230
2024-05-02,3.2100000381469727,3.2100000381469727,3.200000047683716,3.200000047683716,237
2024-05-06,3.200000047683716,3.200000047683716,3.180000066757202,3.200000047683716,1763
2024-05-07,3.200000047683716,3.2100000381469727,3.1600000858306885,3.200000047683716,9187
2024-05-08,3.119999885559082,3.119999885559082,3.0399999618530273,3.069999933242798,22423
2024-05-09,3.069999933242798,3.119999885559082,3.069999933242798,3.119999885559082,1026
2024-05-10,3.119999885559082,3.119999885559082,3.069999933242798,3.0999999046325684,3357
2024-05-13,3.0999999046325684,3.0999999046325684,3.059999942779541,3.0899999141693115,1304
2024-05-14,3.0899999141693115,3.1500000953674316,3.069999933242798,3.1500000953674316,11189
2024-05-15,3.1500000953674316,3.1600000858306885,3.130000114440918,3.1600000858306885,1168
2024-05-16,3.1600000858306885,3.180000066757202,3.130000114440918,3.180000066757202,7648
2024-05-17,3.190000057220459,3.190000057220459,3.119999885559082,3.180000066757202,13172
2024-05-20,3.1600000858306885,3.2100000381469727,3.1500000953674316,3.2100000381469727,7381
2024-05-21,3.190000057220459,3.200000047683716,3.190000057220459,3.200000047683716,10658
2024-05-22,3.200000047683716,3.3399999141693115,3.190000057220459,3.309999942779541,34689
2024-05-23,3.299999952316284,3.309999942779541,3.2200000286102295,3.309999942779541,13252
2024-05-24,3.309999942779541,3.309999942779541,3.240000009536743,3.299999952316284,12392
2024-05-27,3.299999952316284,3.299999952316284,3.240000009536743,3.299999952316284,3806
2024-05-28,3.299999952316284,3.299999952316284,3.299999952316284,3.299999952316284,2
2024-05-29,3.240000009536743,3.25,3.1500000953674316,3.1500000953674316,10879
2024-05-31,3.130000114440918,3.180000066757202,3.059999942779541,3.180000066757202,11302
2024-06-03,3.180000066757202,3.180000066757202,3.109999895095825,3.1600000858306885,1453
2024-06-04,3.1600000858306885,3.190000057220459,3.109999895095825,3.190000057220459,3145
2024-06-05,3.180000066757202,3.200000047683716,3.180000066757202,3.200000047683716,2010
2024-06-06,3.190000057220459,3.200000047683716,3.180000066757202,3.180000066757202,1133
2024-06-07,3.1600000858306885,3.200000047683716,3.140000104904175,3.200000047683716,1254
2024-06-10,3.1600000858306885,3.259999990463257,3.1600000858306885,3.240000009536743,6659
2024-06-11,3.25,3.25,3.140000104904175,3.1500000953674316,5618
2024-06-12,3.109999895095825,3.1600000858306885,3.0899999141693115,3.1600000858306885,7469
2024-06-13,3.0999999046325684,3.200000047683716,3.0999999046325684,3.200000047683716,5049
2024-06-14,3.200000047683716,3.200000047683716,3.119999885559082,3.200000047683716,6830
2024-06-17,3.200000047683716,3.200000047683716,3.200000047683716,3.200000047683716,10
2024-06-18,3.190000057220459,3.190000057220459,3.0899999141693115,3.1700000762939453,6771
2024-06-19,3.140000104904175,3.1700000762939453,3.140000104904175,3.1700000762939453,4262
2024-06-20,3.1600000858306885,3.1600000858306885,3.1600000858306885,3.1600000858306885,578
2024-06-21,3.1700000762939453,3.190000057220459,3.140000104904175,3.190000057220459,10168
2024-06-24,3.190000057220459,3.190000057220459,3.140000104904175,3.190000057220459,418
2024-06-25,3.190000057220459,3.190000057220459,3.130000114440918,3.180000066757202,585
2024-06-26,3.180000066757202,3.180000066757202,3.0899999141693115,3.180000066757202,2483
2024-06-27,3.180000066757202,3.180000066757202,3.0799999237060547,3.130000114440918,3141
2024-06-28,3.0999999046325684,3.130000114440918,3.0999999046325684,3.130000114440918,24
2024-07-01,3.0999999046325684,3.130000114440918,3.0799999237060547,3.130000114440918,1590
2024-07-02,3.0299999713897705,3.119999885559082,3.0299999713897705,3.0999999046325684,9654
2024-07-03,3.0999999046325684,3.180000066757202,3.0999999046325684,3.180000066757202,9703
2024-07-04,3.180000066757202,3.190000057220459,3.109999895095825,3.190000057220459,702
2024-07-05,3.190000057220459,3.190000057220459,3.109999895095825,3.1700000762939453,790
2024-07-08,3.119999885559082,3.1600000858306885,3.119999885559082,3.1600000858306885,1049
2024-07-09,3.1700000762939453,3.1700000762939453,3.0999999046325684,3.130000114440918,10425
2024-07-10,3.130000114440918,3.1500000953674316,3.130000114440918,3.1500000953674316,4402
2024-07-11,3.140000104904175,3.140000104904175,3.0899999141693115,3.0899999141693115,173
2024-07-12,3.0999999046325684,3.0999999046325684,3.059999942779541,3.059999942779541,7749
2024-07-15,3.0999999046325684,3.0999999046325684,3.049999952316284,3.049999952316284,2940
2024-07-16,3.049999952316284,3.049999952316284,3.0399999618530273,3.0399999618530273,6157
2024-07-17,3.049999952316284,3.049999952316284,3.0199999809265137,3.0199999809265137,1438
2024-07-18,3.0199999809265137,3.0799999237060547,3.0199999809265137,3.0799999237060547,761
2024-07-19,3.0799999237060547,3.0799999237060547,3.0199999809265137,3.049999952316284,1383
2024-07-22,3.049999952316284,3.049999952316284,3.0,3.009999990463257,4586
2024-07-23,3.049999952316284,3.049999952316284,3.0,3.049999952316284,2344
2024-07-24,3.049999952316284,3.049999952316284,3.049999952316284,3.049999952316284,1
2024-07-25,3.049999952316284,3.049999952316284,3.0,3.0399999618530273,2607
2024-07-26,3.049999952316284,3.049999952316284,2.990000009536743,3.0399999618530273,633
2024-07-29,3.049999952316284,3.049999952316284,3.049999952316284,3.049999952316284,1349
2024-07-30,3.049999952316284,3.049999952316284,3.049999952316284,3.049999952316284,100
2024-07-31,3.0,3.0,2.990000009536743,2.990000009536743,3667
2024-08-01,3.0,3.0399999618530273,2.950000047683716,3.0399999618530273,4544
2024-08-02,3.0399999618530273,3.0399999618530273,2.809999942779541,2.950000047683716,15125
2024-08-05,2.859999895095825,2.869999885559082,2.799999952316284,2.869999885559082,7572
2024-08-06,2.930000066757202,2.930000066757202,2.809999942779541,2.819999933242798,6201
2024-08-07,2.890000104904175,2.890000104904175,2.809999942779541,2.890000104904175,5546
2024-08-08,2.890000104904175,2.890000104904175,2.890000104904175,2.890000104904175,11
2024-08-09,2.890000104904175,2.890000104904175,2.890000104904175,2.890000104904175,2
2024-08-12,2.890000104904175,2.890000104904175,2.880000114440918,2.890000104904175,126
2024-08-13,2.890000104904175,2.890000104904175,2.890000104904175,2.890000104904175,2
2024-08-14,2.890000104904175,2.890000104904175,2.890000104904175,2.890000104904175,2
2024-08-16,2.890000104904175,2.890000104904175,2.8299999237060547,2.8499999046325684,903
2024-08-19,2.890000104904175,2.9200000762939453,2.8299999237060547,2.9200000762939453,6945
2024-08-20,2.930000066757202,2.930000066757202,2.9100000858306885,2.9100000858306885,22
2024-08-21,2.9100000858306885,2.9100000858306885,2.9100000858306885,2.9100000858306885,2
2024-08-22,2.9100000858306885,2.930000066757202,2.9100000858306885,2.930000066757202,3227
2024-08-23,2.930000066757202,2.930000066757202,2.930000066757202,2.930000066757202,13
2024-08-26,2.930000066757202,2.930000066757202,2.930000066757202,2.930000066757202,2
2024-08-27,2.930000066757202,2.930000066757202,2.930000066757202,2.930000066757202,2
2024-08-28,2.930000066757202,2.930000066757202,2.8299999237060547,2.869999885559082,5385
2024-08-29,2.819999933242798,2.8499999046325684,2.819999933242798,2.8499999046325684,2327
2024-08-30,2.819999933242798,2.869999885559082,2.819999933242798,2.869999885559082,3200
2024-09-02,2.869999885559082,2.880000114440918,2.8499999046325684,2.8499999046325684,733
2024-09-03,2.890000104904175,2.890000104904175,2.819999933242798,2.819999933242798,722
2024-09-04,2.869999885559082,2.869999885559082,2.819999933242798,2.869999885559082,1157
2024-09-05,2.869999885559082,2.869999885559082,2.869999885559082,2.869999885559082,812
2024-09-06,2.869999885559082,2.869999885559082,2.869999885559082,2.869999885559082,17
2024-09-09,2.869999885559082,2.869999885559082,2.869999885559082,2.869999885559082,157
2024-09-10,2.869999885559082,2.869999885559082,2.869999885559082,2.869999885559082,2
2024-09-11,2.869999885559082,2.869999885559082,2.869999885559082,2.869999885559082,502
2024-09-12,2.880000114440918,2.880000114440918,2.869999885559082,2.869999885559082,501
2024-09-13,2.880000114440918,2.880000114440918,2.8299999237060547,2.859999895095825,1410
2024-09-16,2.859999895095825,2.890000104904175,2.8499999046325684,2.8499999046325684,1112
2024-09-17,2.890000104904175,2.890000104904175,2.890000104904175,2.890000104904175,8
2024-09-18,2.890000104904175,2.890000104904175,2.8499999046325684,2.8499999046325684,657
2024-09-19,2.890000104904175,2.890000104904175,2.8399999141693115,2.8499999046325684,2405
2024-09-20,2.880000114440918,2.880000114440918,2.819999933242798,2.869999885559082,311
2024-09-23,2.880000114440918,2.880000114440918,2.799999952316284,2.859999895095825,940
2024-09-24,2.859999895095825,2.859999895095825,2.859999895095825,2.859999895095825,17
2024-09-25,2.859999895095825,2.859999895095825,2.8299999237060547,2.8299999237060547,455
2024-09-26,2.8399999141693115,2.8399999141693115,2.799999952316284,2.8299999237060547,2482
2024-09-27,2.8399999141693115,2.8399999141693115,2.8299999237060547,2.8399999141693115,3402
2024-09-30,2.869999885559082,2.869999885559082,2.869999885559082,2.869999885559082,143
2024-10-01,2.869999885559082,2.869999885559082,2.8399999141693115,2.8499999046325684,870
2024-10-02,2.869999885559082,2.869999885559082,2.7899999618530273,2.8499999046325684,3007
2024-10-03,2.8499999046325684,2.8499999046325684,2.799999952316284,2.799999952316284,70
2024-10-04,2.8499999046325684,2.8499999046325684,2.7100000381469727,2.7699999809265137,20119
2024-10-07,2.7200000286102295,2.7699999809265137,2.7200000286102295,2.7699999809265137,2290
2024-10-08,2.700000047683716,2.700000047683716,2.680000066757202,2.700000047683716,8839
2024-10-09,2.75,2.75,2.6500000953674316,2.7100000381469727,1200
2024-10-10,2.7200000286102295,2.740000009536743,2.7100000381469727,2.740000009536743,394
2024-10-11,2.740000009536743,2.740000009536743,2.6600000858306885,2.7100000381469727,1028
2024-10-14,2.7100000381469727,2.7200000286102295,2.7100000381469727,2.7200000286102295,964
2024-10-15,2.740000009536743,2.740000009536743,2.6500000953674316,2.7200000286102295,2952
2024-10-16,2.740000009536743,2.740000009536743,2.690000057220459,2.690000057220459,382
2024-10-17,2.690000057220459,2.690000057220459,2.630000114440918,2.630000114440918,9077
2024-10-18,2.630000114440918,2.640000104904175,2.630000114440918,2.640000104904175,588
2024-10-21,2.690000057220459,2.690000057220459,2.640000104904175,2.640000104904175,549
2024-10-22,2.690000057220459,2.690000057220459,2.640000104904175,2.640000104904175,17
2024-10-23,2.690000057220459,2.690000057220459,2.690000057220459,2.690000057220459,15
2024-10-24,2.690000057220459,2.690000057220459,2.680000066757202,2.680000066757202,487
2024-10-25,2.5999999046325684,2.5999999046325684,2.4600000381469727,2.5999999046325684,18427
2024-10-28,2.5999999046325684,2.5999999046325684,2.5299999713897705,2.5999999046325684,627
2024-10-29,2.5999999046325684,2.5999999046325684,2.559999942779541,2.5999999046325684,2301
2024-10-30,2.5999999046325684,2.5999999046325684,2.559999942779541,2.559999942779541,1939
2024-10-31,2.5799999237060547,2.5999999046325684,2.549999952316284,2.5999999046325684,740
2024-11-04,2.5999999046325684,2.5999999046325684,2.5899999141693115,2.5899999141693115,75
2024-11-05,2.5899999141693115,2.5899999141693115,2.549999952316284,2.549999952316284,1941
2024-11-06,2.5799999237060547,2.5799999237060547,2.549999952316284,2.5799999237060547,1354
2024-11-07,2.5899999141693115,2.5899999141693115,2.5899999141693115,2.5899999141693115,22
2024-11-08,2.559999942779541,2.559999942779541,2.549999952316284,2.559999942779541,2755
2024-11-12,2.5899999141693115,2.5899999141693115,2.509999990463257,2.5299999713897705,11599
2024-11-13,2.5299999713897705,2.5399999618530273,2.509999990463257,2.5399999618530273,4274
2024-11-14,2.5899999141693115,2.5899999141693115,2.5,2.509999990463257,1974
2024-11-15,2.5399999618530273,2.5399999618530273,2.5,2.5399999618530273,13100
2024-11-18,2.5399999618530273,2.5399999618530273,2.450000047683716,2.450000047683716,5928
2024-11-19,2.4700000286102295,2.4800000190734863,2.4100000858306885,2.440000057220459,18819
2024-11-20,2.440000057220459,2.440000057220459,2.430000066757202,2.430000066757202,542
2024-11-21,2.430000066757202,2.430000066757202,2.4100000858306885,2.430000066757202,2682
2024-11-22,2.430000066757202,2.430000066757202,2.4000000953674316,2.4000000953674316,2448
2024-11-25,2.4100000858306885,2.4100000858306885,2.390000104904175,2.390000104904175,6572
2024-11-26,2.390000104904175,2.390000104904175,2.3499999046325684,2.3499999046325684,9267
2024-11-27,2.3499999046325684,2.359999895095825,2.3399999141693115,2.359999895095825,355
2024-11-28,2.359999895095825,2.359999895095825,2.3399999141693115,2.3499999046325684,5048
2024-11-29,2.380000114440918,2.390000104904175,2.3399999141693115,2.3399999141693115,3787
2024-12-02,2.369999885559082,2.390000104904175,2.3399999141693115,2.369999885559082,10140
2024-12-03,2.4000000953674316,2.4000000953674316,2.359999895095825,2.359999895095825,2407
2024-12-04,2.390000104904175,2.4100000858306885,2.319999933242798,2.4100000858306885,7464
2024-12-05,2.4000000953674316,2.4000000953674316,2.4000000953674316,2.4000000953674316,555
2024-12-06,2.4000000953674316,2.4000000953674316,2.3399999141693115,2.4000000953674316,658
2024-12-09,2.390000104904175,2.390000104904175,2.2699999809265137,2.319999933242798,8424
2024-12-10,2.2899999618530273,2.390000104904175,2.2899999618530273,2.369999885559082,16701
2024-12-11,2.369999885559082,2.369999885559082,2.309999942779541,2.309999942779541,5555
2024-12-12,2.3399999141693115,2.3499999046325684,2.2799999713897705,2.3499999046325684,5311
2024-12-13,2.3499999046325684,2.3499999046325684,2.2200000286102295,2.25,18802
2024-12-16,2.25,2.2799999713897705,2.25,2.2699999809265137,8400
2024-12-17,2.2699999809265137,2.2699999809265137,2.2200000286102295,2.25,4155
2024-12-18,2.25,2.25,2.069999933242798,2.069999933242798,68370
2024-12-19,2.1500000953674316,2.1500000953674316,2.059999942779541,2.119999885559082,10624
2024-12-20,2.119999885559082,2.190000057220459,2.059999942779541,2.140000104904175,30237
2024-12-23,2.140000104904175,2.1600000858306885,2.0799999237060547,2.0899999141693115,16763
2024-12-27,2.0899999141693115,2.140000104904175,2.0899999141693115,2.140000104904175,3029
2024-12-30,2.1500000953674316,2.2699999809265137,2.119999885559082,2.240000009536743,19652
2025-01-02,2.3299999237060547,2.3399999141693115,2.240000009536743,2.3299999237060547,15865
2025-01-03,2.3299999237060547,2.3499999046325684,2.2699999809265137,2.299999952316284,8090
2025-01-07,2.2899999618530273,2.2899999618530273,2.2699999809265137,2.2699999809265137,3100
2025-01-08,2.2899999618530273,2.2899999618530273,2.240000009536743,2.240000009536743,6712
2025-01-09,2.240000009536743,2.2699999809265137,2.200000047683716,2.240000009536743,6021
2025-01-10,2.25,2.259999990463257,2.2200000286102295,2.2300000190734863,4628
2025-01-13,2.25,2.3299999237060547,2.25,2.3299999237060547,9234
2025-01-14,2.380000114440918,2.4600000381469727,2.3499999046325684,2.440000057220459,17627
2025-01-15,2.440000057220459,2.440000057220459,2.390000104904175,2.4200000762939453,1309
2025-01-16,2.4200000762939453,2.4200000762939453,2.380000114440918,2.4200000762939453,322
2025-01-17,2.430000066757202,2.6700000762939453,2.430000066757202,2.6700000762939453,27353
2025-01-20,2.6700000762939453,2.6700000762939453,2.559999942779541,2.559999942779541,7407
2025-01-21,2.609999895095825,2.609999895095825,2.559999942779541,2.559999942779541,1572
2025-01-22,2.559999942779541,2.559999942779541,2.559999942779541,2.559999942779541,510
2025-01-23,2.5999999046325684,2.630000114440918,2.5299999713897705,2.549999952316284,5329
2025-01-24,2.640000104904175,2.640000104904175,2.5299999713897705,2.609999895095825,7979
2025-01-27,2.609999895095825,2.609999895095825,2.4700000286102295,2.5999999046325684,12026
2025-01-28,2.569999933242798,2.569999933242798,2.569999933242798,2.569999933242798,999
2025-01-29,2.5799999237060547,2.6500000953674316,2.549999952316284,2.6500000953674316,11580
2025-01-30,2.6500000953674316,2.759999990463257,2.6500000953674316,2.700000047683716,4233
2025-01-31,2.7300000190734863,2.7300000190734863,2.640000104904175,2.700000047683716,4780
2025-02-03,2.700000047683716,2.700000047683716,2.619999885559082,2.680000066757202,5189
2025-02-04,2.6700000762939453,2.700000047683716,2.6700000762939453,2.700000047683716,11268
2025-02-05,2.7100000381469727,2.7200000286102295,2.680000066757202,2.680000066757202,7850
2025-02-06,2.7200000286102295,2.7899999618530273,2.7200000286102295,2.7899999618530273,10603
2025-02-07,2.7899999618530273,2.7899999618530273,2.700000047683716,2.740000009536743,8534
2025-02-10,2.740000009536743,2.7799999713897705,2.740000009536743,2.7799999713897705,809
2025-02-11,2.7799999713897705,2.7799999713897705,2.740000009536743,2.740000009536743,961
2025-02-12,2.7799999713897705,2.8499999046325684,2.740000009536743,2.8499999046325684,9566
2025-02-13,2.8499999046325684,2.950000047683716,2.8499999046325684,2.950000047683716,16522
2025-02-14,2.950000047683716,2.950000047683716,2.859999895095825,2.9100000858306885,440
2025-02-17,2.9100000858306885,2.9100000858306885,2.8499999046325684,2.8499999046325684,2346
2025-02-18,2.9000000953674316,2.9000000953674316,2.819999933242798,2.819999933242798,2117
2025-02-19,2.9000000953674316,2.9000000953674316,2.8499999046325684,2.869999885559082,1454
2025-02-20,2.9000000953674316,2.930000066757202,2.8299999237060547,2.9000000953674316,16244
2025-02-21,2.930000066757202,2.9800000190734863,2.9000000953674316,2.940000057220459,17635
2025-02-24,2.799999952316284,2.930000066757202,2.7799999713897705,2.9000000953674316,60027
2025-02-25,2.9100000858306885,2.930000066757202,2.8499999046325684,2.930000066757202,1489
2025-02-26,2.940000057220459,2.940000057220459,2.859999895095825,2.9000000953674316,647
2025-02-27,2.9000000953674316,2.940000057220459,2.8499999046325684,2.8499999046325684,2334
2025-02-28,2.940000057220459,2.940000057220459,2.8499999046325684,2.8499999046325684,5807
2025-03-03,2.9000000953674316,2.9000000953674316,2.8499999046325684,2.8499999046325684,9810
2025-03-04,2.8499999046325684,2.8499999046325684,2.8299999237060547,2.8399999141693115,22674
2025-03-05,2.859999895095825,2.890000104904175,2.8299999237060547,2.8299999237060547,10007
2025-03-06,2.8499999046325684,3.0,2.8499999046325684,2.9700000286102295,15227
2025-03-07,2.9700000286102295,3.0399999618530273,2.9000000953674316,2.9700000286102295,21299
2025-03-10,2.9700000286102295,2.9700000286102295,2.930000066757202,2.950000047683716,4336
2025-03-11,2.940000057220459,2.9700000286102295,2.890000104904175,2.9600000381469727,17886
2025-03-12,2.9000000953674316,2.9800000190734863,2.9000000953674316,2.9800000190734863,1400
2025-03-13,2.9700000286102295,2.990000009536743,2.9000000953674316,2.990000009536743,23370
2025-03-14,3.0,3.059999942779541,2.9800000190734863,3.0299999713897705,54317
2025-03-17,3.0399999618530273,3.0799999237060547,2.9800000190734863,3.0399999618530273,22360
2025-03-18,3.069999933242798,3.069999933242798,3.0,3.0399999618530273,15296
2025-03-19,3.059999942779541,3.059999942779541,3.0299999713897705,3.0399999618530273,5023
2025-03-20,3.0399999618530273,3.0399999618530273,3.0,3.0,3238
2025-03-21,3.0299999713897705,3.069999933242798,3.0,3.0,6760
2025-03-24,3.069999933242798,3.109999895095825,3.069999933242798,3.0799999237060547,74733
2025-03-25,3.0999999046325684,3.0999999046325684,3.0399999618530273,3.0399999618530273,4377
2025-03-26,3.069999933242798,3.069999933242798,2.9700000286102295,2.9700000286102295,5740
2025-03-27,3.0299999713897705,3.0299999713897705,3.0,3.0,1756
2025-03-28,3.0799999237060547,3.0799999237060547,3.0,3.0,10123
2025-03-31,3.069999933242798,3.069999933242798,2.9800000190734863,3.009999990463257,8334
2025-04-01,3.0199999809265137,3.0199999809265137,2.950000047683716,2.950000047683716,830
2025-04-02,3.0199999809265137,3.0199999809265137,2.869999885559082,2.869999885559082,5990
2025-04-03,2.8499999046325684,2.9200000762939453,2.75,2.75,9141
2025-04-04,2.7200000286102295,2.7200000286102295,2.549999952316284,2.609999895095825,15650
2025-04-07,2.609999895095825,2.609999895095825,2.569999933242798,2.5799999237060547,2387
2025-04-08,2.5799999237060547,2.6500000953674316,2.5799999237060547,2.609999895095825,946
2025-04-09,2.7100000381469727,2.7100000381469727,2.609999895095825,2.609999895095825,76
2025-04-10,2.6500000953674316,2.859999895095825,2.6500000953674316,2.75,3391
2025-04-11,2.700000047683716,2.740000009536743,2.680000066757202,2.740000009536743,1600
2025-04-14,2.759999990463257,2.759999990463257,2.7100000381469727,2.75,234
2025-04-15,2.759999990463257,2.759999990463257,2.7100000381469727,2.7100000381469727,242
2025-04-16,2.7300000190734863,2.759999990463257,2.690000057220459,2.690000057220459,1875
2025-04-17,2.680000066757202,2.680000066757202,2.5799999237060547,2.680000066757202,13676
2025-04-22,2.6700000762939453,2.6700000762939453,2.619999885559082,2.619999885559082,173
2025-04-23,2.6600000858306885,2.680000066757202,2.640000104904175,2.640000104904175,2286
2025-04-24,2.690000057220459,2.690000057220459,2.619999885559082,2.680000066757202,3756
2025-04-25,2.690000057220459,2.690000057220459,2.559999942779541,2.690000057220459,9216
2025-04-28,2.6700000762939453,2.6700000762939453,2.5899999141693115,2.5899999141693115,8849
2025-04-29,2.6500000953674316,2.6500000953674316,2.5399999618530273,2.5399999618530273,6054
2025-04-30,2.5799999237060547,2.5799999237060547,2.5399999618530273,2.559999942779541,3822
2025-05-02,2.549999952316284,2.559999942779541,2.5,2.559999942779541,10765
2025-05-05,2.559999942779541,2.559999942779541,2.5299999713897705,2.5299999713897705,2138
2025-05-06,2.5399999618530273,2.5799999237060547,2.5399999618530273,2.5399999618530273,5594
2025-05-07,2.559999942779541,2.559999942779541,2.490000009536743,2.5,16351
2025-05-08,2.490000009536743,2.490000009536743,2.440000057220459,2.450000047683716,10201
2025-05-09,2.490000009536743,2.490000009536743,2.440000057220459,2.490000009536743,732
2025-05-12,2.490000009536743,2.490000009536743,2.490000009536743,2.490000009536743,12
2025-05-13,2.490000009536743,2.490000009536743,2.450000047683716,2.4600000381469727,294
2025-05-14,2.490000009536743,2.490000009536743,2.450000047683716,2.450000047683716,3278
2025-05-15,2.450000047683716,2.4600000381469727,2.450000047683716,2.4600000381469727,2162
2025-05-16,2.4600000381469727,2.490000009536743,2.450000047683716,2.4600000381469727,2447
2025-05-19,2.4800000190734863,2.5399999618530273,2.450000047683716,2.5,10634
2025-05-20,2.430000066757202,2.509999990463257,2.359999895095825,2.369999885559082,21407
2025-05-21,2.390000104904175,2.390000104904175,2.319999933242798,2.369999885559082,8995
2025-05-22,2.369999885559082,2.390000104904175,2.359999895095825,2.390000104904175,3842
2025-05-23,2.390000104904175,2.509999990463257,2.369999885559082,2.4000000953674316,22594
2025-05-26,2.4800000190734863,2.700000047683716,2.4800000190734863,2.680000066757202,26040
2025-05-27,2.680000066757202,2.890000104904175,2.6500000953674316,2.759999990463257,25380
2025-05-28,2.8399999141693115,2.8399999141693115,2.559999942779541,2.690000057220459,23053
2025-05-29,2.690000057220459,2.690000057220459,2.450000047683716,2.450000047683716,41995
2025-05-30,2.5299999713897705,2.5299999713897705,2.5,2.509999990463257,3866
2025-06-02,2.490000009536743,2.490000009536743,2.390000104904175,2.4700000286102295,32583
2025-06-03,2.4700000286102295,2.490000009536743,2.4700000286102295,2.490000009536743,2068
2025-06-04,2.490000009536743,2.5399999618530273,2.4200000762939453,2.4200000762939453,11444
2025-06-05,2.5199999809265137,2.5199999809265137,2.390000104904175,2.4000000953674316,7957
2025-06-06,2.490000009536743,2.490000009536743,2.390000104904175,2.390000104904175,1172
2025-06-09,2.4800000190734863,2.490000009536743,2.4100000858306885,2.4200000762939453,4961
2025-06-10,2.4200000762939453,2.4700000286102295,2.4000000953674316,2.4700000286102295,3951
2025-06-11,2.4800000190734863,2.4800000190734863,2.430000066757202,2.430000066757202,363
2025-06-12,2.4800000190734863,2.4800000190734863,2.4000000953674316,2.430000066757202,2589
2025-06-13,2.430000066757202,2.4800000190734863,2.390000104904175,2.390000104904175,5733
2025-06-16,2.440000057220459,2.440000057220459,2.390000104904175,2.4000000953674316,7885
2025-06-17,2.440000057220459,2.440000057220459,2.25,2.309999942779541,54734
2025-06-18,2.309999942779541,2.450000047683716,2.309999942779541,2.450000047683716,10990
2025-06-20,2.440000057220459,2.4800000190734863,2.440000057220459,2.4800000190734863,5602
2025-06-23,2.4800000190734863,2.4800000190734863,2.450000047683716,2.450000047683716,87
2025-06-24,2.4700000286102295,2.490000009536743,2.450000047683716,2.4600000381469727,6802
2025-06-25,2.490000009536743,2.490000009536743,2.490000009536743,2.490000009536743,12
2025-06-26,2.450000047683716,2.450000047683716,2.450000047683716,2.450000047683716,5
2025-06-27,2.490000009536743,2.490000009536743,2.430000066757202,2.430000066757202,1927
2025-06-30,2.450000047683716,2.450000047683716,2.4200000762939453,2.4200000762939453,3587
2025-07-01,2.2699999809265137,2.430000066757202,2.2699999809265137,2.4000000953674316,8554
2025-07-02,2.4000000953674316,2.4000000953674316,2.3499999046325684,2.3499999046325684,12
2025-07-03,2.4000000953674316,2.4000000953674316,2.369999885559082,2.4000000953674316,1352
2025-07-04,2.390000104904175,2.390000104904175,2.390000104904175,2.390000104904175,55
2025-07-07,2.390000104904175,2.4000000953674316,2.359999895095825,2.359999895095825,5610
2025-07-08,2.4000000953674316,2.4000000953674316,2.4000000953674316,2.4000000953674316,22
2025-07-09,2.4000000953674316,2.4000000953674316,2.3299999237060547,2.3299999237060547,5310
2025-07-10,2.4000000953674316,2.4000000953674316,2.3399999141693115,2.3499999046325684,3154
2025-07-11,2.4000000953674316,2.4000000953674316,2.319999933242798,2.319999933242798,7313
2025-07-14,2.390000104904175,2.390000104904175,2.359999895095825,2.380000114440918,770
2025-07-15,2.380000114440918,2.380000114440918,2.380000114440918,2.380000114440918,1074
2025-07-16,2.380000114440918,2.380000114440918,2.2699999809265137,2.2699999809265137,12998
2025-07-17,2.369999885559082,2.369999885559082,2.299999952316284,2.299999952316284,1902
2025-07-18,2.359999895095825,2.359999895095825,2.3299999237060547,2.3299999237060547,37
2025-07-21,2.299999952316284,2.309999942779541,2.200000047683716,2.259999990463257,16915
2025-07-22,2.25,2.2699999809265137,2.2200000286102295,2.259999990463257,12943
2025-07-23,2.259999990463257,2.259999990463257,2.2100000381469727,2.259999990463257,198
2025-07-24,2.259999990463257,2.2699999809265137,2.259999990463257,2.259999990463257,1262
2025-07-25,2.259999990463257,2.2699999809265137,2.259999990463257,2.2699999809265137,397
2025-07-28,2.2200000286102295,2.2699999809265137,2.2200000286102295,2.25,132
2025-07-29,2.259999990463257,2.259999990463257,2.2300000190734863,2.259999990463257,164
2025-07-30,2.259999990463257,2.259999990463257,2.200000047683716,2.25,2451
2025-07-31,2.259999990463257,2.259999990463257,2.259999990463257,2.259999990463257,2991
2025-08-01,2.2699999809265137,2.3499999046325684,2.2699999809265137,2.309999942779541,8611
2025-08-04,2.309999942779541,2.309999942779541,2.259999990463257,2.259999990463257,2100
2025-08-05,2.309999942779541,2.359999895095825,2.309999942779541,2.3499999046325684,13652
2025-08-06,2.3499999046325684,2.3499999046325684,2.299999952316284,2.299999952316284,356
2025-08-07,2.3499999046325684,2.3499999046325684,2.3399999141693115,2.3399999141693115,587
2025-08-08,2.3299999237060547,2.4000000953674316,2.309999942779541,2.390000104904175,17855
2025-08-11,2.380000114440918,2.440000057220459,2.3399999141693115,2.4000000953674316,25143
2025-08-12,2.440000057220459,2.440000057220459,2.390000104904175,2.390000104904175,10642
2025-08-13,2.4100000858306885,2.4100000858306885,2.390000104904175,2.390000104904175,6666
2025-08-14,2.390000104904175,2.390000104904175,2.390000104904175,2.390000104904175,550
2025-08-18,2.430000066757202,2.430000066757202,2.430000066757202,2.430000066757202,836
2025-08-19,2.430000066757202,2.430000066757202,2.430000066757202,2.430000066757202,2
2025-08-20,2.430000066757202,2.430000066757202,2.430000066757202,2.430000066757202,487
2025-08-21,2.430000066757202,2.430000066757202,2.369999885559082,2.380000114440918,9302
2025-08-22,2.380000114440918,2.380000114440918,2.380000114440918,2.380000114440918,2
2025-08-25,2.390000104904175,2.390000104904175,2.3299999237060547,2.3299999237060547,4290
2025-08-26,2.390000104904175,2.390000104904175,2.390000104904175,2.390000104904175,2
2025-08-27,2.390000104904175,2.390000104904175,2.3299999237060547,2.3299999237060547,814
2025-08-28,2.380000114440918,2.380000114440918,2.319999933242798,2.3299999237060547,3485
2025-08-29,2.3299999237060547,2.3299999237060547,2.319999933242798,2.3299999237060547,1527
2025-09-01,2.380000114440918,2.380000114440918,2.380000114440918,2.380000114440918,2
2025-09-02,2.359999895095825,2.359999895095825,2.299999952316284,2.299999952316284,92
2025-09-03,2.359999895095825,2.359999895095825,2.259999990463257,2.319999933242798,4576
2025-09-04,2.299999952316284,2.319999933242798,2.2699999809265137,2.319999933242798,840
2025-09-05,2.359999895095825,2.359999895095825,2.259999990463257,2.2699999809265137,3856
2025-09-08,2.2799999713897705,2.2799999713897705,2.2799999713897705,2.2799999713897705,50
2025-09-09,2.359999895095825,2.359999895095825,2.2899999618530273,2.3399999141693115,5261
2025-09-10,2.359999895095825,2.359999895095825,2.25,2.25,12744
2025-09-11,2.319999933242798,2.319999933242798,2.240000009536743,2.25,7102
2025-09-12,2.25,2.25,2.240000009536743,2.240000009536743,1129
2025-09-15,2.309999942779541,2.309999942779541,2.2300000190734863,2.2300000190734863,3009
2025-09-16,2.2899999618530273,2.3499999046325684,2.2100000381469727,2.2300000190734863,15161
2025-09-17,2.3499999046325684,2.3499999046325684,2.25,2.25,2207
2025-09-18,2.259999990463257,2.259999990463257,2.25,2.25,4502
2025-09-19,2.259999990463257,2.380000114440918,2.25,2.380000114440918,23012
2025-09-22,2.369999885559082,2.440000057220459,2.369999885559082,2.4100000858306885,20021
2025-09-23,2.4100000858306885,2.4100000858306885,2.3399999141693115,2.3499999046325684,2916
2025-09-24,2.390000104904175,2.4000000953674316,2.3399999141693115,2.3399999141693115,3268
2025-09-25,2.390000104904175,2.390000104904175,2.3299999237060547,2.3499999046325684,5062
2025-09-26,2.3499999046325684,2.3499999046325684,2.3299999237060547,2.3299999237060547,3880
2025-09-29,2.3499999046325684,2.3499999046325684,2.3299999237060547,2.3499999046325684,257
2025-09-30,2.3499999046325684,2.3499999046325684,2.3499999046325684,2.3499999046325684,2
2025-10-01,2.3499999046325684,2.3499999046325684,2.3399999141693115,2.3399999141693115,1152
2025-10-02,2.3499999046325684,2.3499999046325684,2.3499999046325684,2.3499999046325684,502
2025-10-03,2.3499999046325684,3.109999895095825,2.3499999046325684,2.809999942779541,299150
2025-10-06,2.8299999237060547,2.930000066757202,2.6500000953674316,2.680000066757202,84492
2025-10-07,2.6600000858306885,2.6700000762939453,2.569999933242798,2.640000104904175,28167
2025-10-08,2.640000104904175,2.7899999618530273,2.5999999046325684,2.7899999618530273,25114
2025-10-09,2.799999952316284,2.8299999237060547,2.740000009536743,2.799999952316284,23521
2025-10-10,2.799999952316284,2.799999952316284,2.740000009536743,2.7699999809265137,14109
2025-10-13,2.7899999618530273,2.7899999618530273,2.619999885559082,2.630000114440918,10363
2025-10-14,2.6600000858306885,2.6600000858306885,2.5299999713897705,2.5299999713897705,16081
2025-10-15,2.6500000953674316,2.6500000953674316,2.5,2.509999990463257,12298
2025-10-16,2.609999895095825,2.609999895095825,2.5299999713897705,2.5899999141693115,299
2025-10-17,2.5999999046325684,2.5999999046325684,2.5199999809265137,2.5199999809265137,1800
2025-10-20,2.5999999046325684,2.5999999046325684,2.5199999809265137,2.569999933242798,4102
2025-10-21,2.549999952316284,2.549999952316284,2.549999952316284,2.549999952316284,1414
2025-10-22,2.5899999141693115,2.6500000953674316,2.5899999141693115,2.5999999046325684,12496
2025-10-23,2.640000104904175,2.640000104904175,2.5999999046325684,2.5999999046325684,3020
2025-10-24,2.640000104904175,2.6500000953674316,2.609999895095825,2.6500000953674316,3532
2025-10-27,2.619999885559082,2.619999885559082,2.609999895095825,2.619999885559082,1067
2025-10-28,2.6500000953674316,2.700000047683716,2.6500000953674316,2.680000066757202,6507
2025-10-29,2.690000057220459,2.7200000286102295,2.630000114440918,2.7100000381469727,10019
2025-10-30,2.5999999046325684,2.700000047683716,2.5999999046325684,2.609999895095825,11040
2025-10-31,2.6500000953674316,2.700000047683716,2.5,2.700000047683716,40827
2025-11-03,2.700000047683716,2.7100000381469727,2.6500000953674316,2.6500000953674316,2523
2025-11-04,2.690000057220459,2.690000057220459,2.640000104904175,2.6700000762939453,2063
2025-11-05,2.6700000762939453,2.6700000762939453,2.630000114440918,2.630000114440918,837
2025-11-06,2.640000104904175,2.6600000858306885,2.630000114440918,2.640000104904175,103
2025-11-07,2.6600000858306885,2.6600000858306885,2.640000104904175,2.640000104904175,5260
2025-11-10,2.6600000858306885,2.6600000858306885,2.630000114440918,2.630000114440918,1802
2025-11-12,2.630000114440918,2.630000114440918,2.609999895095825,2.609999895095825,602
2025-11-13,2.630000114440918,2.630000114440918,2.559999942779541,2.5999999046325684,7485
2025-11-14,2.609999895095825,2.609999895095825,2.5799999237060547,2.5799999237060547,1824
2025-11-17,2.5799999237060547,2.609999895095825,2.569999933242798,2.569999933242798,4097
2025-11-18,2.609999895095825,2.619999885559082,2.5799999237060547,2.5999999046325684,4378
2025-11-19,2.609999895095825,2.609999895095825,2.5999999046325684,2.5999999046325684,536
2025-11-20,2.609999895095825,2.609999895095825,2.5799999237060547,2.5799999237060547,1436
2025-11-21,2.5799999237060547,2.5799999237060547,2.5399999618530273,2.559999942779541,5682
2025-11-24,2.5899999141693115,2.5899999141693115,2.5299999713897705,2.5299999713897705,1501
2025-11-25,2.559999942779541,2.5799999237060547,2.5299999713897705,2.5799999237060547,716
2025-11-26,2.5799999237060547,2.5799999237060547,2.509999990463257,2.509999990463257,1490
2025-11-27,2.5799999237060547,2.5799999237060547,2.5199999809265137,2.5799999237060547,1695
2025-11-28,2.5799999237060547,2.5799999237060547,2.549999952316284,2.549999952316284,502
2025-12-01,2.5799999237060547,2.5899999141693115,2.5199999809265137,2.5299999713897705,2079
2025-12-02,2.5799999237060547,2.5799999237060547,2.509999990463257,2.569999933242798,2356
2025-12-03,2.5299999713897705,2.5299999713897705,2.5,2.5,11600
2025-12-04,2.4600000381469727,2.490000009536743,2.4200000762939453,2.490000009536743,3287
2025-12-05,2.5199999809265137,2.5199999809265137,2.490000009536743,2.490000009536743,707
2025-12-08,2.450000047683716,2.450000047683716,2.450000047683716,2.450000047683716,607
2025-12-09,2.450000047683716,2.490000009536743,2.440000057220459,2.440000057220459,1240
2025-12-10,2.5199999809265137,2.5199999809265137,2.450000047683716,2.450000047683716,2459
2025-12-11,2.390000104904175,2.390000104904175,2.119999885559082,2.2699999809265137,104246
2025-12-12,2.2899999618530273,2.2899999618530273,1.9299999475479126,2.059999942779541,175446
2025-12-15,2.059999942779541,2.0899999141693115,1.9950000047683716,2.009999990463257,32148
2025-12-16,2.0399999618530273,2.049999952316284,2.0,2.0,24642
2025-12-17,2.0,2.0,1.899999976158142,1.9800000190734863,51070
2025-12-18,1.975000023841858,1.9800000190734863,1.8799999952316284,1.940000057220459,31209
2025-12-19,1.940000057220459,1.940000057220459,1.8799999952316284,1.899999976158142,20188
2025-12-22,1.8849999904632568,1.9199999570846558,1.8250000476837158,1.9199999570846558,19696
2025-12-23,1.9199999570846558,1.9199999570846558,1.8600000143051147,1.8849999904632568,54501
2025-12-29,1.8849999904632568,1.940000057220459,1.8849999904632568,1.9199999570846558,2381
2025-12-30,1.9199999570846558,1.975000023841858,1.9199999570846558,1.975000023841858,9316
2026-01-02,1.9800000190734863,1.9900000095367432,1.899999976158142,1.9900000095367432,18708
2026-01-05,1.9900000095367432,2.0399999618530273,1.9800000190734863,2.0299999713897705,13077
2026-01-07,2.0299999713897705,2.0399999618530273,2.0,2.0399999618530273,5175
2026-01-08,2.0399999618530273,2.0399999618530273,1.9800000190734863,1.9950000047683716,12486
2026-01-09,1.975000023841858,2.0,1.975000023841858,1.9850000143051147,5341
2026-01-12,2.069999933242798,2.069999933242798,1.9950000047683716,2.0199999809265137,4848
2026-01-13,2.0199999809265137,2.0199999809265137,1.9800000190734863,1.9800000190734863,1311
2026-01-14,1.9800000190734863,2.0199999809265137,1.9800000190734863,1.9800000190734863,2168
2026-01-15,2.009999990463257,2.0199999809265137,1.9850000143051147,2.0199999809265137,2682
2026-01-16,2.0399999618530273,2.059999942779541,2.0,2.0299999713897705,3422
2026-01-19,2.0399999618530273,2.119999885559082,2.0399999618530273,2.0999999046325684,41087
2026-01-20,2.119999885559082,2.119999885559082,2.0799999237060547,2.109999895095825,7573
2026-01-21,2.109999895095825,2.109999895095825,2.069999933242798,2.069999933242798,5767
2026-01-22,2.069999933242798,2.130000114440918,2.069999933242798,2.109999895095825,4373
2026-01-23,2.109999895095825,2.109999895095825,2.109999895095825,2.109999895095825,3709
2026-01-26,2.0899999141693115,2.119999885559082,2.069999933242798,2.119999885559082,13199
2026-01-27,2.069999933242798,2.0799999237060547,2.0299999713897705,2.0299999713897705,10718
2026-01-28,2.0799999237060547,2.0799999237060547,2.049999952316284,2.0799999237060547,1002
2026-01-29,2.069999933242798,2.069999933242798,2.0199999809265137,2.0199999809265137,2540
2026-01-30,2.0199999809265137,2.0199999809265137,1.965000033378601,2.009999990463257,19945
2026-02-02,1.965000033378601,2.0199999809265137,1.965000033378601,1.9950000047683716,27262
2026-02-03,2.0,2.0,1.9700000286102295,1.975000023841858,1108
2026-02-04,2.009999990463257,2.009999990463257,1.9900000095367432,2.0,3888
2026-02-05,2.0,2.0,1.975000023841858,1.975000023841858,512
2026-02-06,1.975000023841858,1.975000023841858,1.9700000286102295,1.9700000286102295,1153
2026-02-09,1.975000023841858,1.975000023841858,1.9600000381469727,1.9600000381469727,2520
2026-02-10,1.9950000047683716,1.9950000047683716,1.9600000381469727,1.965000033378601,2002
2026-02-11,1.965000033378601,1.9900000095367432,1.965000033378601,1.9700000286102295,914
2026-02-12,1.9900000095367432,1.9900000095367432,1.9700000286102295,1.9700000286102295,530
2026-02-13,1.9900000095367432,1.9900000095367432,1.9600000381469727,1.9600000381469727,245
2026-02-16,1.909999966621399,1.9299999475479126,1.909999966621399,1.9249999523162842,7800
2026-02-17,1.9249999523162842,1.934999942779541,1.9249999523162842,1.934999942779541,62
2026-02-18,1.975000023841858,1.975000023841858,1.9299999475479126,1.9450000524520874,4471
2026-02-19,1.965000033378601,1.9800000190734863,1.9450000524520874,1.9450000524520874,3998
2026-02-20,1.975000023841858,1.975000023841858,1.9450000524520874,1.9450000524520874,442
2026-02-23,1.9450000524520874,1.9500000476837158,1.940000057220459,1.9500000476837158,1256
2026-02-24,1.975000023841858,1.975000023841858,1.899999976158142,1.9500000476837158,4917
2026-02-25,1.9600000381469727,1.9600000381469727,1.899999976158142,1.909999966621399,2036
2026-02-26,1.909999966621399,1.9500000476837158,1.899999976158142,1.899999976158142,23603
2026-02-27,1.9500000476837158,1.9500000476837158,1.8949999809265137,1.9049999713897705,2154
2026-03-02,1.899999976158142,1.9600000381469727,1.8949999809265137,1.9600000381469727,7143
2026-03-03,1.899999976158142,1.9500000476837158,1.899999976158142,1.9199999570846558,1305
2026-03-04,1.9600000381469727,1.9600000381469727,1.9600000381469727,1.9600000381469727,252
2026-03-05,1.909999966621399,1.9600000381469727,1.909999966621399,1.9199999570846558,110
2026-03-06,1.9550000429153442,1.9600000381469727,1.9149999618530273,1.9149999618530273,2189
2026-03-09,1.9700000286102295,1.9700000286102295,1.9249999523162842,1.9700000286102295,172
2026-03-10,1.9700000286102295,1.9700000286102295,1.965000033378601,1.965000033378601,510
2026-03-11,1.9600000381469727,1.9600000381469727,1.9249999523162842,1.9600000381469727,4012
2026-03-12,1.965000033378601,1.965000033378601,1.9199999570846558,1.9199999570846558,2751
2026-03-13,1.9550000429153442,1.9550000429153442,1.9299999475479126,1.9500000476837158,18357
2026-03-16,1.940000057220459,1.940000057220459,1.8899999856948853,1.8949999809265137,12070
2026-03-17,1.909999966621399,1.9950000047683716,1.899999976158142,1.965000033378601,33827
2026-03-18,1.965000033378601,2.049999952316284,1.965000033378601,1.975000023841858,28070
2026-03-19,2.009999990463257,2.0299999713897705,1.9450000524520874,1.9450000524520874,71398
2026-03-20,1.9500000476837158,2.0399999618530273,1.9500000476837158,2.0199999809265137,14462
2026-03-23,2.0199999809265137,2.0199999809265137,1.9600000381469727,1.975000023841858,2303
2026-03-24,1.975000023841858,2.009999990463257,1.975000023841858,2.009999990463257,117
2026-03-25,1.9800000190734863,2.009999990463257,1.975000023841858,1.975000023841858,2377
2026-03-26,1.975000023841858,2.0299999713897705,1.9700000286102295,2.0199999809265137,5302
2026-03-27,2.0299999713897705,2.0299999713897705,1.965000033378601,2.0199999809265137,2323
2026-03-30,1.9700000286102295,2.069999933242798,1.9700000286102295,2.059999942779541,9963
2026-03-31,2.0899999141693115,2.0999999046325684,1.9500000476837158,2.0899999141693115,37562
2026-04-01,2.0899999141693115,2.0899999141693115,2.0399999618530273,2.0799999237060547,3961
2026-04-02,2.0899999141693115,2.0999999046325684,2.049999952316284,2.0899999141693115,21417
2026-04-07,2.0999999046325684,2.0999999046325684,2.0399999618530273,2.0899999141693115,1223
2026-04-08,2.0999999046325684,2.0999999046325684,1.9900000095367432,1.9900000095367432,17123
2026-04-09,2.0299999713897705,2.069999933242798,2.0299999713897705,2.069999933242798,2777
2026-04-10,2.0799999237060547,2.0799999237060547,2.009999990463257,2.059999942779541,7955
2026-04-13,2.059999942779541,2.069999933242798,2.0199999809265137,2.069999933242798,4347
2026-04-14,2.059999942779541,2.059999942779541,2.0299999713897705,2.0299999713897705,1535
2026-04-15,2.049999952316284,2.0899999141693115,2.0299999713897705,2.069999933242798,7642
2026-04-16,2.069999933242798,2.109999895095825,2.0,2.0799999237060547,60865
2026-04-17,2.0899999141693115,2.0899999141693115,1.9950000047683716,2.0299999713897705,9013
2026-04-20,2.0,2.0899999141693115,1.9900000095367432,2.0199999809265137,23360
2026-04-21,2.049999952316284,2.049999952316284,2.0,2.0,8917
2026-04-22,1.9900000095367432,2.0299999713897705,1.9900000095367432,1.9900000095367432,3834
2026-04-23,1.9950000047683716,2.0299999713897705,1.9950000047683716,2.0299999713897705,2511
2026-04-24,2.0299999713897705,2.049999952316284,2.0,2.049999952316284,3125
2026-04-27,2.049999952316284,2.049999952316284,1.9850000143051147,2.0299999713897705,4004
2026-04-28,2.0299999713897705,2.0299999713897705,1.965000033378601,1.965000033378601,15159
2026-04-29,1.9500000476837158,1.9500000476837158,1.9049999713897705,1.9299999475479126,14021
2026-04-30,1.9299999475479126,1.9299999475479126,1.899999976158142,1.9299999475479126,3190
2026-05-04,1.9299999475479126,1.9299999475479126,1.9249999523162842,1.9249999523162842,3077
2026-05-05,1.9299999475479126,1.9299999475479126,1.899999976158142,1.9249999523162842,4017
2026-05-06,1.9199999570846558,1.9249999523162842,1.909999966621399,1.909999966621399,13391
2026-05-07,1.9249999523162842,1.9299999475479126,1.909999966621399,1.9299999475479126,1325
2026-05-08,1.9299999475479126,1.934999942779541,1.9049999713897705,1.934999942779541,12547
2026-05-11,1.965000033378601,1.965000033378601,1.965000033378601,1.965000033378601,1300
2026-05-12,1.9550000429153442,1.9550000429153442,1.9550000429153442,1.9550000429153442,12
2026-05-13,1.9550000429153442,1.9550000429153442,1.9199999570846558,1.9550000429153442,239
2026-05-14,1.899999976158142,1.9600000381469727,1.899999976158142,1.9600000381469727,11017
2026-05-15,1.9600000381469727,1.9600000381469727,1.899999976158142,1.909999966621399,7240
2026-05-18,1.9550000429153442,1.9550000429153442,1.8949999809265137,1.9500000476837158,1623
2026-05-19,1.965000033378601,1.965000033378601,1.9299999475479126,1.965000033378601,2038
2026-05-20,1.965000033378601,1.9700000286102295,1.909999966621399,1.9700000286102295,3614
2026-05-21,1.9700000286102295,1.9700000286102295,1.9049999713897705,1.940000057220459,3507
2026-05-22,1.9600000381469727,1.9600000381469727,1.8849999904632568,1.9450000524520874,8250
2026-05-25,1.9450000524520874,1.9450000524520874,1.8949999809265137,1.9450000524520874,1140
2026-05-26,1.940000057220459,1.9500000476837158,1.899999976158142,1.9450000524520874,2548
2026-05-27,1.9450000524520874,1.9450000524520874,1.8949999809265137,1.9299999475479126,3509
2026-05-28,1.9249999523162842,1.9299999475479126,1.9249999523162842,1.9299999475479126,851
2026-05-29,1.899999976158142,1.9299999475479126,1.7999999523162842,1.8899999856948853,42672
2026-06-01,1.909999966621399,1.909999966621399,1.7899999618530273,1.840000033378601,24742
2026-06-02,1.7899999618530273,1.850000023841858,1.7899999618530273,1.7999999523162842,10301
2026-06-03,1.840000033378601,1.8700000047683716,1.840000033378601,1.8600000143051147,4165
2026-06-05,1.8600000143051147,1.8600000143051147,1.7949999570846558,1.7949999570846558,8096
2026-06-08,1.8450000286102295,1.8450000286102295,1.815000057220459,1.8350000381469727,915
2026-06-09,1.850000023841858,1.8700000047683716,1.7999999523162842,1.8600000143051147,5414
2026-06-10,1.8650000095367432,1.8700000047683716,1.8600000143051147,1.8700000047683716,523
2026-06-11,1.8650000095367432,1.8700000047683716,1.8600000143051147,1.8600000143051147,2128
2026-06-12,1.8650000095367432,1.8650000095367432,1.8049999475479126,1.8049999475479126,378
2026-06-15,1.8450000286102295,1.8450000286102295,1.815000057220459,1.815000057220459,2213
2026-06-16,1.8450000286102295,1.8450000286102295,1.8200000524520874,1.8200000524520874,621
2026-06-17,1.8200000524520874,1.8350000381469727,1.8200000524520874,1.8350000381469727,783
2026-06-18,1.8450000286102295,1.8450000286102295,1.8250000476837158,1.8450000286102295,73
2026-06-19,1.8450000286102295,1.8450000286102295,1.8450000286102295,1.8450000286102295,1000
2026-06-22,1.8650000095367432,1.8700000047683716,1.8049999475479126,1.8650000095367432,2315
2026-06-23,1.8600000143051147,1.8600000143051147,1.7949999570846558,1.7999999523162842,6622
2026-06-24,1.7999999523162842,1.8550000190734863,1.7949999570846558,1.8550000190734863,1107
2026-06-25,1.850000023841858,1.8650000095367432,1.8200000524520874,1.8650000095367432,1100
2026-06-26,1.8650000095367432,1.8650000095367432,1.8049999475479126,1.8600000143051147,362
2026-06-29,1.8550000190734863,1.8550000190734863,1.7899999618530273,1.7949999570846558,9646
2026-06-30,1.8450000286102295,1.8450000286102295,1.7050000429153442,1.725000023841858,32443
2026-07-01,1.7899999618530273,1.965000033378601,1.7300000190734863,1.7999999523162842,125681
2026-07-02,1.7999999523162842,1.8350000381469727,1.7699999809265137,1.7999999523162842,19017
2026-07-03,1.7999999523162842,1.7999999523162842,1.7649999856948853,1.7649999856948853,123
2026-07-06,1.7949999570846558,1.7999999523162842,1.75,1.7899999618530273,27203
2026-07-07,1.7999999523162842,1.7999999523162842,1.7949999570846558,1.7949999570846558,1004
2026-07-08,1.7949999570846558,1.815000057220459,1.7949999570846558,1.815000057220459,702
2026-07-09,1.7599999904632568,1.7949999570846558,1.7549999952316284,1.7949999570846558,4703
2026-07-10,1.7949999570846558,1.7949999570846558,1.7649999856948853,1.7949999570846558,830
2026-07-13,1.7949999570846558,1.7949999570846558,1.7699999809265137,1.7799999713897705,3786
2026-07-14,1.7799999713897705,1.7799999713897705,1.7799999713897705,1.7799999713897705,581
2026-07-15,1.7949999570846558,1.7949999570846558,1.7949999570846558,1.7949999570846558,5
2026-07-16,1.7949999570846558,1.809999942779541,1.7549999952316284,1.809999942779541,4410
2026-07-17,1.7999999523162842,1.7999999523162842,1.7549999952316284,1.7949999570846558,3566
2026-07-20,1.7999999523162842,1.7999999523162842,1.7599999904632568,1.7949999570846558,3150
2026-07-21,1.7949999570846558,1.815000057220459,1.7549999952316284,1.815000057220459,246
2026-07-22,1.7799999713897705,1.815000057220459,1.7799999713897705,1.815000057220459,10
2026-07-23,1.815000057220459,1.815000057220459,1.7699999809265137,1.815000057220459,3309
2026-07-24,1.8049999475479126,1.815000057220459,1.7699999809265137,1.809999942779541,103
2026-07-27,1.7999999523162842,1.7999999523162842,1.7300000190734863,1.784999966621399,5085
2026-07-28,1.725000023841858,1.7999999523162842,1.725000023841858,1.7450000047683716,48570
2026-07-29,1.7450000047683716,1.7949999570846558,1.7450000047683716,1.774999976158142,4822
2026-07-30,1.774999976158142,1.7799999713897705,1.7599999904632568,1.7799999713897705,2534
2026-07-31,1.7799999713897705,1.7799999713897705,1.75,1.7699999809265137,5784
2026-08-03,1.7599999904632568,1.7599999904632568,1.7350000143051147,1.75,60765
2026-08-04,1.7649999856948853,1.7999999523162842,1.75,1.774999976158142,43771
2026-08-05,1.7999999523162842,1.7999999523162842,1.7549999952316284,1.7999999523162842,10428
2026-08-06,1.7949999570846558,1.7949999570846558,1.7300000190734863,1.7350000143051147,21079
2026-08-07,1.7799999713897705,1.7799999713897705,1.7200000286102295,1.7549999952316284,6801
2026-08-10,1.7549999952316284,1.7549999952316284,1.7200000286102295,1.7450000047683716,4535
2026-08-11,1.7599999904632568,1.784999966621399,1.75,1.784999966621399,13335
2026-08-12,1.7949999570846558,1.7999999523162842,1.7649999856948853,1.7999999523162842,11407
2026-08-13,1.7999999523162842,1.8049999475479126,1.7599999904632568,1.8049999475479126,14782
2026-08-14,1.815000057220459,1.8300000429153442,1.7699999809265137,1.7999999523162842,10053
2026-08-17,1.7899999618530273,1.7999999523162842,1.7649999856948853,1.7899999618530273,3040
2026-08-18,1.7899999618530273,1.7899999618530273,1.7599999904632568,1.784999966621399,3607
2026-08-19,1.784999966621399,1.784999966621399,1.75,1.7649999856948853,9877
2026-08-20,1.784999966621399,1.784999966621399,1.7000000476837158,1.7450000047683716,29770
2026-08-21,1.774999976158142,1.774999976158142,1.7000000476837158,1.7300000190734863,5716
2026-08-24,1.7300000190734863,1.75,1.7000000476837158,1.75,352
2026-08-25,1.75,1.75,1.7200000286102295,1.7300000190734863,1135
2026-08-26,1.725000023841858,1.7599999904632568,1.7000000476837158,1.7450000047683716,69784
2026-08-27,1.7450000047683716,1.7450000047683716,1.6950000524520874,1.7100000381469727,7636
2026-08-28,1.7450000047683716,1.7450000047683716,1.6950000524520874,1.7000000476837158,4625
2026-08-31,1.7450000047683716,1.7649999856948853,1.725000023841858,1.75,13223
2026-09-01,1.75,1.7549999952316284,1.715000033378601,1.715000033378601,12036
2026-09-02,1.75,1.75,1.7000000476837158,1.7000000476837158,12211
2026-09-03,1.7400000095367432,1.7400000095367432,1.6950000524520874,1.7300000190734863,9007
2026-09-04,1.7100000381469727,1.725000023841858,1.6799999475479126,1.725000023841858,14513
2026-09-08,1.7200000286102295,1.7300000190734863,1.7000000476837158,1.7000000476837158,6220
2026-09-09,1.725000023841858,1.7300000190734863,1.725000023841858,1.725000023841858,586
2026-09-10,1.7200000286102295,1.725000023841858,1.7200000286102295,1.725000023841858,5061
2026-09-11,1.7100000381469727,1.7300000190734863,1.649999976158142,1.7100000381469727,14414
2026-09-14,1.7100000381469727,1.7100000381469727,1.6299999952316284,1.6349999904632568,25080
2026-09-15,1.6349999904632568,1.6399999856948853,1.625,1.6399999856948853,5060
2026-09-17,1.6399999856948853,1.6399999856948853,1.6399999856948853,1.6399999856948853,122
2026-09-18,1.6150000095367432,1.6399999856948853,1.6150000095367432,1.6399999856948853,37000
