date,open,high,low,close,volume
2021-09-17,11.949999809265137,11.949999809265137,11.75,11.800000190734863,21835
2021-09-20,11.75,11.75,11.399999618530273,11.550000190734863,7102
2021-09-21,11.300000190734863,12.399999618530273,11.300000190734863,12.350000381469727,8767
2021-09-22,12.350000381469727,12.350000381469727,12.350000381469727,12.350000381469727,998
2021-09-23,12.300000190734863,12.350000381469727,12.050000190734863,12.300000190734863,1820
2021-09-24,12.25,12.25,12.0,12.0,1273
2021-09-27,11.949999809265137,11.949999809265137,11.899999618530273,11.899999618530273,353
2021-09-28,11.800000190734863,11.800000190734863,11.699999809265137,11.699999809265137,728
2021-09-29,11.5,11.699999809265137,11.5,11.600000381469727,1268
2021-09-30,11.649999618530273,11.699999809265137,11.600000381469727,11.649999618530273,447
2021-10-01,11.800000190734863,12.0,11.800000190734863,11.949999809265137,304
2021-10-04,11.899999618530273,11.899999618530273,11.600000381469727,11.75,1032
2021-10-05,11.75,12.0,11.5,12.0,4949
2021-10-06,12.0,12.0,11.699999809265137,12.0,4450
2021-10-07,12.0,12.0,11.550000190734863,11.800000190734863,51147
2021-10-08,11.699999809265137,11.899999618530273,11.649999618530273,11.649999618530273,394
2021-10-11,11.649999618530273,11.899999618530273,11.649999618530273,11.899999618530273,140
2021-10-12,11.899999618530273,12.050000190734863,11.899999618530273,12.050000190734863,2611
2021-10-13,12.050000190734863,12.300000190734863,11.949999809265137,12.300000190734863,3270
2021-10-14,12.300000190734863,12.300000190734863,11.899999618530273,12.25,1579
2021-10-15,12.199999809265137,12.25,12.100000381469727,12.199999809265137,684
2021-10-18,12.199999809265137,12.199999809265137,11.899999618530273,12.0,751
2021-10-19,12.149999618530273,12.149999618530273,11.649999618530273,11.649999618530273,2196
2021-10-20,11.649999618530273,11.949999809265137,11.649999618530273,11.949999809265137,275
2021-10-21,11.949999809265137,11.949999809265137,11.899999618530273,11.899999618530273,1554
2021-10-22,11.899999618530273,11.899999618530273,11.75,11.75,153
2021-10-25,11.75,11.899999618530273,11.699999809265137,11.899999618530273,887
2021-10-26,11.800000190734863,11.800000190734863,11.300000190734863,11.300000190734863,4933
2021-10-27,11.350000381469727,11.800000190734863,11.300000190734863,11.550000190734863,4611
2021-10-28,11.75,11.75,11.550000190734863,11.550000190734863,157
2021-10-29,11.550000190734863,11.899999618530273,11.550000190734863,11.899999618530273,1661
2021-11-02,12.0,12.0,11.800000190734863,11.800000190734863,1669
2021-11-03,11.899999618530273,11.899999618530273,11.800000190734863,11.899999618530273,275
2021-11-04,11.899999618530273,12.0,11.649999618530273,11.850000381469727,1148
2021-11-05,12.0,12.0,11.75,11.899999618530273,485
2021-11-08,11.949999809265137,11.949999809265137,11.550000190734863,11.649999618530273,1081
2021-11-09,11.649999618530273,12.0,11.600000381469727,11.949999809265137,2088
2021-11-10,12.0,12.0,11.550000190734863,11.850000381469727,2410
2021-11-12,11.800000190734863,11.800000190734863,11.800000190734863,11.800000190734863,305
2021-11-15,11.5,11.850000381469727,11.5,11.800000190734863,519
2021-11-16,11.800000190734863,11.800000190734863,11.5,11.649999618530273,553
2021-11-17,11.5,11.5,11.199999809265137,11.199999809265137,3246
2021-11-18,11.0,11.25,10.899999618530273,11.149999618530273,3212
2021-11-19,11.149999618530273,11.149999618530273,10.649999618530273,10.649999618530273,21607
2021-11-22,10.399999618530273,10.600000381469727,10.0,10.600000381469727,7324
2021-11-23,10.300000190734863,10.350000381469727,10.300000190734863,10.350000381469727,860
2021-11-24,10.350000381469727,10.399999618530273,10.350000381469727,10.350000381469727,836
2021-11-25,10.550000190734863,10.649999618530273,10.399999618530273,10.449999809265137,494
2021-11-26,10.550000190734863,10.550000190734863,10.100000381469727,10.100000381469727,2993
2021-11-29,10.0,10.600000381469727,10.0,10.399999618530273,6118
2021-11-30,10.5,10.550000190734863,10.25,10.25,1366
2021-12-01,10.300000190734863,10.649999618530273,10.300000190734863,10.600000381469727,1135
2021-12-02,10.600000381469727,10.600000381469727,10.399999618530273,10.399999618530273,295
2021-12-03,10.600000381469727,10.649999618530273,10.600000381469727,10.600000381469727,1089
2021-12-06,10.699999809265137,11.0,10.699999809265137,10.800000190734863,2084
2021-12-07,10.800000190734863,10.800000190734863,10.649999618530273,10.649999618530273,1286
2021-12-08,10.699999809265137,11.050000190734863,10.649999618530273,10.699999809265137,1523
2021-12-09,10.800000190734863,10.800000190734863,10.699999809265137,10.699999809265137,510
2021-12-10,10.699999809265137,10.699999809265137,10.699999809265137,10.699999809265137,0
2021-12-13,10.699999809265137,10.699999809265137,10.649999618530273,10.649999618530273,576
2021-12-14,10.649999618530273,10.649999618530273,10.300000190734863,10.300000190734863,1309
2021-12-15,10.300000190734863,10.300000190734863,9.899999618530273,9.899999618530273,2737
2021-12-16,9.899999618530273,10.149999618530273,9.899999618530273,10.149999618530273,2383
2021-12-17,10.149999618530273,11.399999618530273,10.100000381469727,10.949999809265137,34520
2021-12-20,11.899999618530273,11.899999618530273,11.350000381469727,11.600000381469727,22866
2021-12-21,11.600000381469727,11.699999809265137,11.25,11.350000381469727,10472
2021-12-22,11.300000190734863,11.300000190734863,10.550000190734863,11.050000190734863,11994
2021-12-23,10.699999809265137,11.0,10.550000190734863,11.0,2580
2021-12-27,11.0,11.0,10.149999618530273,10.149999618530273,9355
2021-12-28,10.350000381469727,10.350000381469727,9.899999618530273,10.199999809265137,4248
2021-12-29,10.199999809265137,10.350000381469727,10.100000381469727,10.350000381469727,740
2021-12-30,10.350000381469727,10.399999618530273,10.25,10.300000190734863,894
2022-01-03,11.0,11.0,10.449999809265137,10.449999809265137,3645
2022-01-04,10.449999809265137,10.600000381469727,10.0,10.399999618530273,11275
2022-01-05,11.5,12.199999809265137,10.800000190734863,11.0,31265
2022-01-07,10.649999618530273,10.75,10.5,10.649999618530273,3860
2022-01-10,10.949999809265137,10.949999809265137,10.600000381469727,10.949999809265137,2162
2022-01-11,10.949999809265137,10.949999809265137,10.5,10.949999809265137,4775
2022-01-12,10.899999618530273,11.149999618530273,10.699999809265137,11.149999618530273,5038
2022-01-13,11.350000381469727,11.350000381469727,11.0,11.050000190734863,1643
2022-01-14,11.0,11.0,10.600000381469727,10.75,1825
2022-01-17,10.75,10.899999618530273,10.699999809265137,10.75,404
2022-01-18,10.75,10.75,10.300000190734863,10.300000190734863,10680
2022-01-19,10.449999809265137,10.449999809265137,9.979999542236328,10.199999809265137,11334
2022-01-20,10.0,10.100000381469727,9.199999809265137,9.199999809265137,70737
2022-01-21,9.399999618530273,9.399999618530273,9.239999771118164,9.399999618530273,3935
2022-01-24,9.399999618530273,9.399999618530273,9.0,9.0,6010
2022-01-25,9.4399995803833,9.4399995803833,8.899999618530273,9.279999732971191,8104
2022-01-26,9.399999618530273,9.399999618530273,9.100000381469727,9.199999809265137,2642
2022-01-27,9.039999961853027,9.220000267028809,8.979999542236328,9.220000267028809,3429
2022-01-28,9.100000381469727,9.100000381469727,8.819999694824219,9.079999923706055,8475
2022-01-31,9.180000305175781,9.180000305175781,9.039999961853027,9.039999961853027,2132
2022-02-01,9.180000305175781,9.199999809265137,9.039999961853027,9.0600004196167,275
2022-02-02,9.119999885559082,9.300000190734863,9.119999885559082,9.300000190734863,1479
2022-02-03,9.300000190734863,9.5,9.220000267028809,9.460000038146973,2542
2022-02-04,9.380000114440918,9.380000114440918,9.260000228881836,9.300000190734863,5626
2022-02-07,9.300000190734863,9.4399995803833,9.300000190734863,9.300000190734863,364
2022-02-08,9.300000190734863,9.399999618530273,9.260000228881836,9.260000228881836,1250
2022-02-09,9.239999771118164,9.420000076293945,9.239999771118164,9.420000076293945,1732
2022-02-10,9.399999618530273,9.399999618530273,9.399999618530273,9.399999618530273,1000
2022-02-11,9.4399995803833,9.5,9.359999656677246,9.5,739
2022-02-14,9.5,9.5,9.300000190734863,9.5,1327
2022-02-15,9.5,9.5,9.239999771118164,9.399999618530273,434
2022-02-16,9.300000190734863,9.4399995803833,9.300000190734863,9.4399995803833,110
2022-02-17,9.4399995803833,9.5,9.380000114440918,9.380000114440918,1590
2022-02-18,9.5,9.5,9.359999656677246,9.399999618530273,3179
2022-02-21,9.239999771118164,9.300000190734863,9.020000457763672,9.199999809265137,12896
2022-02-22,9.199999809265137,9.199999809265137,8.619999885559082,8.880000114440918,16604
2022-02-23,8.9399995803833,9.079999923706055,8.84000015258789,8.880000114440918,4127
2022-02-24,8.600000381469727,8.699999809265137,8.100000381469727,8.100000381469727,7537
2022-02-25,8.260000228881836,8.600000381469727,8.260000228881836,8.399999618530273,3072
2022-02-28,8.420000076293945,8.65999984741211,8.420000076293945,8.5600004196167,2585
2022-03-01,8.539999961853027,8.779999732971191,8.539999961853027,8.779999732971191,228
2022-03-02,8.65999984741211,9.260000228881836,8.619999885559082,9.260000228881836,1144
2022-03-03,8.739999771118164,9.600000381469727,8.640000343322754,9.279999732971191,3912
2022-03-04,9.199999809265137,9.680000305175781,9.100000381469727,9.100000381469727,3994
2022-03-07,9.0,9.0,9.0,9.0,191
2022-03-08,9.100000381469727,9.399999618530273,8.699999809265137,8.699999809265137,985
2022-03-09,8.800000190734863,9.0,8.800000190734863,9.0,1710
2022-03-10,9.100000381469727,9.100000381469727,9.0600004196167,9.0600004196167,222
2022-03-11,9.0600004196167,9.0600004196167,8.9399995803833,9.0600004196167,803
2022-03-14,9.100000381469727,9.100000381469727,9.100000381469727,9.100000381469727,5
2022-03-15,9.079999923706055,9.100000381469727,9.079999923706055,9.100000381469727,15
2022-03-16,9.100000381469727,9.100000381469727,8.899999618530273,9.020000457763672,1773
2022-03-17,9.020000457763672,9.0600004196167,8.84000015258789,8.899999618530273,3057
2022-03-18,8.979999542236328,9.100000381469727,8.979999542236328,9.100000381469727,544
2022-03-21,9.100000381469727,9.100000381469727,9.0,9.100000381469727,3565
2022-03-22,9.079999923706055,9.079999923706055,8.859999656677246,8.920000076293945,3168
2022-03-23,8.920000076293945,9.100000381469727,8.920000076293945,9.100000381469727,265
2022-03-24,9.079999923706055,9.079999923706055,8.899999618530273,9.039999961853027,4789
2022-03-25,9.0600004196167,9.0600004196167,8.9399995803833,8.9399995803833,955
2022-03-28,8.960000038146973,9.079999923706055,8.960000038146973,9.0,1423
2022-03-29,9.0,9.0600004196167,8.960000038146973,9.0,2020
2022-03-30,9.0,9.0,8.960000038146973,8.960000038146973,4193
2022-03-31,9.0,9.0,9.0,9.0,2284
2022-04-01,9.0,9.0,8.960000038146973,9.0,1909
2022-04-04,9.0,9.34000015258789,8.960000038146973,9.279999732971191,14199
2022-04-05,9.300000190734863,9.479999542236328,9.119999885559082,9.119999885559082,3803
2022-04-06,9.260000228881836,9.260000228881836,9.0,9.079999923706055,3290
2022-04-07,9.100000381469727,9.279999732971191,9.0,9.260000228881836,1310
2022-04-08,9.239999771118164,9.239999771118164,9.180000305175781,9.239999771118164,245
2022-04-11,9.239999771118164,9.300000190734863,9.079999923706055,9.300000190734863,2550
2022-04-12,9.300000190734863,9.300000190734863,9.079999923706055,9.079999923706055,1812
2022-04-13,9.079999923706055,9.220000267028809,9.0600004196167,9.199999809265137,1685
2022-04-14,9.300000190734863,9.359999656677246,9.079999923706055,9.079999923706055,3405
2022-04-19,9.079999923706055,9.199999809265137,9.079999923706055,9.199999809265137,638
2022-04-20,9.100000381469727,9.199999809265137,9.079999923706055,9.100000381469727,178
2022-04-21,9.039999961853027,9.140000343322754,9.0,9.0,1695
2022-04-22,9.0,9.0,8.760000228881836,9.0,2241
2022-04-25,9.020000457763672,9.020000457763672,8.680000305175781,8.680000305175781,1891
2022-04-26,8.699999809265137,8.699999809265137,8.539999961853027,8.65999984741211,3444
2022-04-27,8.699999809265137,8.699999809265137,8.399999618530273,8.619999885559082,2900
2022-04-28,8.600000381469727,8.600000381469727,8.5,8.539999961853027,1580
2022-04-29,8.5600004196167,8.5600004196167,8.420000076293945,8.420000076293945,1823
2022-05-02,8.420000076293945,8.699999809265137,8.399999618530273,8.399999618530273,702
2022-05-04,8.399999618530273,8.479999542236328,8.399999618530273,8.479999542236328,7234
2022-05-05,8.65999984741211,8.699999809265137,8.65999984741211,8.699999809265137,252
2022-05-06,8.399999618530273,8.399999618530273,8.300000190734863,8.34000015258789,4927
2022-05-09,8.300000190734863,8.300000190734863,8.199999809265137,8.199999809265137,1940
2022-05-10,8.119999885559082,8.140000343322754,8.0,8.0,4065
2022-05-11,8.0,8.0,7.960000038146973,8.0,250
2022-05-12,8.0,8.0,7.960000038146973,7.980000019073486,295
2022-05-13,8.0,8.020000457763672,7.980000019073486,8.020000457763672,1558
2022-05-16,8.100000381469727,8.180000305175781,8.020000457763672,8.020000457763672,1368
2022-05-17,8.0600004196167,8.119999885559082,7.940000057220459,8.119999885559082,756
2022-05-18,8.0,8.180000305175781,8.0,8.180000305175781,2884
2022-05-19,8.180000305175781,8.180000305175781,7.519999980926514,7.940000057220459,2027
2022-05-20,7.920000076293945,7.940000057220459,7.920000076293945,7.940000057220459,817
2022-05-23,8.0,8.100000381469727,7.920000076293945,8.0,1373
2022-05-24,8.0,8.0,7.820000171661377,7.960000038146973,1330
2022-05-25,8.0,8.199999809265137,7.940000057220459,8.199999809265137,461
2022-05-26,8.199999809265137,8.199999809265137,7.940000057220459,7.940000057220459,808
2022-05-27,8.0,8.199999809265137,7.860000133514404,7.940000057220459,3287
2022-05-30,8.180000305175781,8.239999771118164,7.980000019073486,8.0,6298
2022-05-31,8.399999618530273,8.399999618530273,7.980000019073486,8.100000381469727,8871
2022-06-01,8.239999771118164,8.720000267028809,8.239999771118164,8.520000457763672,3303
2022-06-02,8.600000381469727,8.600000381469727,8.600000381469727,8.600000381469727,450
2022-06-03,8.739999771118164,8.979999542236328,8.420000076293945,8.420000076293945,1155
2022-06-06,8.520000457763672,8.539999961853027,8.520000457763672,8.520000457763672,138
2022-06-07,8.520000457763672,8.520000457763672,8.520000457763672,8.520000457763672,210
2022-06-08,8.640000343322754,8.65999984741211,8.399999618530273,8.399999618530273,3328
2022-06-09,8.479999542236328,8.479999542236328,8.359999656677246,8.359999656677246,1133
2022-06-10,8.359999656677246,8.420000076293945,8.239999771118164,8.319999694824219,789
2022-06-13,8.34000015258789,8.34000015258789,8.0,8.0,1656
2022-06-14,8.0,8.0,7.960000038146973,7.960000038146973,373
2022-06-15,8.0,8.0,8.0,8.0,18
2022-06-17,8.0,8.100000381469727,8.0,8.100000381469727,205
2022-06-20,8.100000381469727,8.100000381469727,7.940000057220459,8.100000381469727,583
2022-06-21,8.100000381469727,8.100000381469727,8.0,8.100000381469727,609
2022-06-22,8.100000381469727,8.100000381469727,7.960000038146973,7.960000038146973,1406
2022-06-23,7.940000057220459,8.100000381469727,7.940000057220459,8.100000381469727,340
2022-06-24,8.100000381469727,8.5,8.100000381469727,8.5,1329
2022-06-27,8.5,8.5600004196167,8.380000114440918,8.5600004196167,849
2022-06-28,8.539999961853027,8.539999961853027,8.5,8.5,60
2022-06-29,8.5600004196167,8.899999618530273,8.5,8.899999618530273,2446
2022-06-30,8.899999618530273,8.899999618530273,8.800000190734863,8.800000190734863,697
2022-07-01,8.800000190734863,8.800000190734863,8.699999809265137,8.699999809265137,1138
2022-07-04,8.800000190734863,8.800000190734863,8.779999732971191,8.800000190734863,83
2022-07-05,8.800000190734863,8.800000190734863,8.399999618530273,8.399999618530273,3831
2022-07-06,8.460000038146973,8.460000038146973,8.460000038146973,8.460000038146973,10
2022-07-07,8.460000038146973,8.460000038146973,8.359999656677246,8.359999656677246,497
2022-07-08,8.359999656677246,8.359999656677246,8.220000267028809,8.220000267028809,268
2022-07-11,8.359999656677246,8.380000114440918,8.359999656677246,8.359999656677246,1565
2022-07-12,8.319999694824219,8.319999694824219,8.300000190734863,8.319999694824219,1286
2022-07-13,8.34000015258789,8.359999656677246,8.34000015258789,8.359999656677246,295
2022-07-14,8.319999694824219,8.319999694824219,8.119999885559082,8.319999694824219,1161
2022-07-15,8.319999694824219,8.319999694824219,8.300000190734863,8.300000190734863,533
2022-07-18,8.300000190734863,8.359999656677246,8.300000190734863,8.359999656677246,2967
2022-07-19,8.359999656677246,8.359999656677246,8.34000015258789,8.359999656677246,520
2022-07-20,8.359999656677246,8.359999656677246,8.199999809265137,8.199999809265137,1241
2022-07-21,8.199999809265137,8.380000114440918,8.199999809265137,8.380000114440918,1307
2022-07-22,8.039999961853027,8.100000381469727,7.880000114440918,8.100000381469727,1756
2022-07-25,8.180000305175781,8.180000305175781,8.15999984741211,8.180000305175781,49
2022-07-26,7.920000076293945,7.940000057220459,7.920000076293945,7.920000076293945,355
2022-07-27,7.960000038146973,8.0,7.900000095367432,7.900000095367432,3293
2022-07-28,7.900000095367432,7.980000019073486,7.900000095367432,7.980000019073486,980
2022-07-29,7.900000095367432,7.900000095367432,7.860000133514404,7.900000095367432,1225
2022-08-01,8.180000305175781,8.319999694824219,7.900000095367432,7.960000038146973,11445
2022-08-02,8.0,8.119999885559082,7.800000190734863,8.100000381469727,3366
2022-08-03,8.119999885559082,8.15999984741211,8.119999885559082,8.15999984741211,1001
2022-08-04,8.180000305175781,8.180000305175781,8.180000305175781,8.180000305175781,399
2022-08-05,8.199999809265137,8.199999809265137,7.840000152587891,7.840000152587891,757
2022-08-08,7.940000057220459,7.940000057220459,7.940000057220459,7.940000057220459,10
2022-08-09,7.940000057220459,8.199999809265137,7.940000057220459,7.940000057220459,3635
2022-08-10,8.0,8.100000381469727,7.800000190734863,7.960000038146973,2240
2022-08-11,7.980000019073486,8.0,7.840000152587891,7.840000152587891,1990
2022-08-12,7.980000019073486,8.0,7.980000019073486,8.0,408
2022-08-16,8.0,8.0,7.880000114440918,7.940000057220459,147
2022-08-17,7.940000057220459,8.15999984741211,7.860000133514404,8.100000381469727,11382
2022-08-18,8.140000343322754,8.140000343322754,7.940000057220459,8.100000381469727,8728
2022-08-19,8.100000381469727,8.100000381469727,7.880000114440918,7.880000114440918,860
2022-08-22,7.860000133514404,7.860000133514404,7.820000171661377,7.820000171661377,1772
2022-08-23,7.800000190734863,7.840000152587891,7.599999904632568,7.840000152587891,1534
2022-08-24,7.679999828338623,7.900000095367432,7.599999904632568,7.599999904632568,3918
2022-08-25,7.699999809265137,7.760000228881836,7.559999942779541,7.559999942779541,182
2022-08-26,7.699999809265137,7.699999809265137,7.599999904632568,7.599999904632568,127
2022-08-29,7.659999847412109,7.659999847412109,7.5,7.5,322
2022-08-30,7.5,7.739999771118164,7.420000076293945,7.420000076293945,1338
2022-08-31,7.420000076293945,7.760000228881836,7.420000076293945,7.760000228881836,1761
2022-09-01,7.760000228881836,7.760000228881836,7.300000190734863,7.300000190734863,3443
2022-09-02,7.360000133514404,7.400000095367432,7.039999961853027,7.21999979019165,2199
2022-09-05,7.21999979019165,7.21999979019165,7.199999809265137,7.199999809265137,156
2022-09-06,7.199999809265137,7.199999809265137,7.199999809265137,7.199999809265137,5
2022-09-07,7.199999809265137,7.300000190734863,7.199999809265137,7.300000190734863,571
2022-09-08,7.139999866485596,7.159999847412109,7.119999885559082,7.159999847412109,1864
2022-09-09,7.199999809265137,7.300000190734863,7.139999866485596,7.139999866485596,411
2022-09-12,7.139999866485596,7.28000020980835,7.139999866485596,7.28000020980835,2127
2022-09-13,7.28000020980835,7.28000020980835,7.28000020980835,7.28000020980835,32
2022-09-14,7.300000190734863,7.300000190734863,7.28000020980835,7.300000190734863,210
2022-09-15,7.300000190734863,7.300000190734863,7.239999771118164,7.300000190734863,311
2022-09-16,7.239999771118164,7.28000020980835,7.239999771118164,7.239999771118164,23
2022-09-19,7.28000020980835,7.28000020980835,7.239999771118164,7.239999771118164,15
2022-09-20,7.239999771118164,7.300000190734863,7.0,7.119999885559082,1450
2022-09-21,7.119999885559082,7.119999885559082,7.079999923706055,7.079999923706055,341
2022-09-22,7.079999923706055,7.099999904632568,6.960000038146973,7.079999923706055,3195
2022-09-23,7.0,7.079999923706055,6.940000057220459,6.940000057220459,3763
2022-09-26,6.940000057220459,6.940000057220459,6.800000190734863,6.800000190734863,709
2022-09-27,6.800000190734863,6.800000190734863,6.5,6.800000190734863,638
2022-09-28,6.800000190734863,7.28000020980835,6.78000020980835,7.119999885559082,1846
2022-09-29,7.0,7.099999904632568,6.960000038146973,7.0,222
2022-09-30,7.119999885559082,7.119999885559082,7.0,7.119999885559082,357
2022-10-03,7.119999885559082,7.139999866485596,7.099999904632568,7.139999866485596,914
2022-10-04,7.019999980926514,7.099999904632568,6.900000095367432,6.900000095367432,807
2022-10-05,7.119999885559082,7.139999866485596,7.039999961853027,7.039999961853027,724
2022-10-06,6.940000057220459,7.139999866485596,6.800000190734863,7.139999866485596,817
2022-10-07,7.139999866485596,7.139999866485596,6.900000095367432,7.139999866485596,341
2022-10-10,7.139999866485596,7.139999866485596,6.900000095367432,6.900000095367432,210
2022-10-11,6.940000057220459,7.099999904632568,6.940000057220459,6.980000019073486,366
2022-10-12,7.079999923706055,7.5,7.079999923706055,7.28000020980835,2587
2022-10-13,7.28000020980835,7.28000020980835,7.139999866485596,7.139999866485596,1200
2022-10-14,7.139999866485596,7.179999828338623,7.139999866485596,7.139999866485596,20265
2022-10-17,7.199999809265137,7.199999809265137,7.119999885559082,7.199999809265137,344
2022-10-18,7.199999809265137,7.199999809265137,7.119999885559082,7.159999847412109,376
2022-10-19,7.159999847412109,7.159999847412109,6.940000057220459,6.980000019073486,1811
2022-10-20,7.099999904632568,7.139999866485596,7.0,7.119999885559082,121
2022-10-21,6.980000019073486,7.059999942779541,6.900000095367432,6.900000095367432,1526
2022-10-24,6.900000095367432,7.079999923706055,6.900000095367432,7.079999923706055,654
2022-10-25,7.0,7.079999923706055,6.980000019073486,7.079999923706055,563
2022-10-26,7.059999942779541,7.099999904632568,6.940000057220459,7.099999904632568,1031
2022-10-27,6.980000019073486,6.980000019073486,6.980000019073486,6.980000019073486,9
2022-10-28,6.980000019073486,7.099999904632568,6.980000019073486,7.079999923706055,270
2022-10-31,7.099999904632568,7.099999904632568,7.079999923706055,7.099999904632568,354
2022-11-02,7.21999979019165,7.28000020980835,6.920000076293945,7.28000020980835,1579
2022-11-03,7.28000020980835,7.28000020980835,7.179999828338623,7.28000020980835,1259
2022-11-04,7.28000020980835,7.28000020980835,7.179999828338623,7.179999828338623,1445
2022-11-07,7.239999771118164,7.820000171661377,7.119999885559082,7.340000152587891,3135
2022-11-08,7.340000152587891,7.860000133514404,7.340000152587891,7.860000133514404,535
2022-11-09,7.920000076293945,7.940000057220459,7.619999885559082,7.940000057220459,2087
2022-11-10,7.900000095367432,7.900000095367432,7.760000228881836,7.900000095367432,1893
2022-11-14,7.900000095367432,8.180000305175781,7.739999771118164,7.739999771118164,2176
2022-11-15,7.940000057220459,7.940000057220459,7.860000133514404,7.940000057220459,1312
2022-11-16,7.900000095367432,8.5,7.840000152587891,7.920000076293945,6254
2022-11-17,7.900000095367432,8.859999656677246,7.900000095367432,8.84000015258789,1263
2022-11-18,8.800000190734863,8.880000114440918,8.300000190734863,8.720000267028809,2654
2022-11-21,8.5,8.5,8.319999694824219,8.5,425
2022-11-22,8.680000305175781,8.720000267028809,8.5,8.699999809265137,749
2022-11-23,8.699999809265137,8.699999809265137,8.640000343322754,8.680000305175781,506
2022-11-24,8.680000305175781,8.680000305175781,8.020000457763672,8.399999618530273,3664
2022-11-25,8.399999618530273,8.399999618530273,8.119999885559082,8.119999885559082,4127
2022-11-28,8.0600004196167,8.300000190734863,8.0600004196167,8.300000190734863,316
2022-11-29,8.260000228881836,8.260000228881836,8.079999923706055,8.199999809265137,770
2022-11-30,8.300000190734863,8.399999618530273,8.100000381469727,8.100000381469727,188
2022-12-01,8.199999809265137,8.199999809265137,8.100000381469727,8.199999809265137,212
2022-12-02,8.359999656677246,8.359999656677246,8.199999809265137,8.300000190734863,173
2022-12-05,8.300000190734863,8.359999656677246,8.039999961853027,8.100000381469727,3924
2022-12-06,8.180000305175781,8.199999809265137,8.180000305175781,8.199999809265137,121
2022-12-07,8.199999809265137,8.239999771118164,8.15999984741211,8.15999984741211,690
2022-12-08,8.199999809265137,8.199999809265137,8.199999809265137,8.199999809265137,327
2022-12-09,8.199999809265137,8.199999809265137,8.0,8.0,9391
2022-12-12,8.100000381469727,8.100000381469727,8.020000457763672,8.100000381469727,371
2022-12-13,8.100000381469727,8.180000305175781,8.100000381469727,8.180000305175781,921
2022-12-14,8.180000305175781,8.199999809265137,8.100000381469727,8.100000381469727,6938
2022-12-15,8.180000305175781,8.199999809265137,8.119999885559082,8.199999809265137,2372
2022-12-16,8.180000305175781,8.180000305175781,8.140000343322754,8.180000305175781,130
2022-12-19,8.199999809265137,8.199999809265137,8.199999809265137,8.199999809265137,1207
2022-12-20,8.199999809265137,8.199999809265137,7.860000133514404,8.020000457763672,6695
2022-12-21,8.079999923706055,8.140000343322754,8.0,8.140000343322754,2013
2022-12-22,8.119999885559082,8.220000267028809,8.0,8.180000305175781,965
2022-12-23,8.180000305175781,8.180000305175781,7.900000095367432,7.940000057220459,2273
2022-12-27,7.920000076293945,8.279999732971191,7.920000076293945,8.079999923706055,1118
2022-12-28,8.119999885559082,8.199999809265137,7.940000057220459,8.180000305175781,1610
2022-12-29,8.079999923706055,8.199999809265137,8.079999923706055,8.100000381469727,1413
2022-12-30,8.100000381469727,8.199999809265137,8.100000381469727,8.199999809265137,1459
2023-01-02,8.100000381469727,8.300000190734863,8.100000381469727,8.279999732971191,4250
2023-01-03,8.279999732971191,8.279999732971191,8.180000305175781,8.199999809265137,3987
2023-01-04,8.180000305175781,8.199999809265137,8.140000343322754,8.199999809265137,7492
2023-01-05,8.199999809265137,8.199999809265137,8.079999923706055,8.180000305175781,5986
2023-01-09,8.260000228881836,8.260000228881836,8.15999984741211,8.180000305175781,4463
2023-01-10,8.199999809265137,8.199999809265137,8.0,8.199999809265137,2623
2023-01-11,8.239999771118164,8.239999771118164,8.180000305175781,8.199999809265137,1716
2023-01-12,8.199999809265137,8.199999809265137,8.15999984741211,8.15999984741211,2628
2023-01-13,8.199999809265137,8.199999809265137,8.039999961853027,8.0600004196167,1974
2023-01-16,8.079999923706055,8.079999923706055,7.800000190734863,7.860000133514404,15838
2023-01-17,7.880000114440918,7.900000095367432,7.800000190734863,7.860000133514404,2218
2023-01-18,7.860000133514404,7.860000133514404,7.78000020980835,7.860000133514404,3368
2023-01-19,7.860000133514404,7.900000095367432,7.840000152587891,7.860000133514404,5858
2023-01-20,7.880000114440918,7.880000114440918,7.860000133514404,7.860000133514404,1152
2023-01-23,8.100000381469727,8.100000381469727,7.920000076293945,8.079999923706055,2992
2023-01-24,8.0600004196167,8.100000381469727,8.0,8.100000381469727,2793
2023-01-25,8.079999923706055,8.119999885559082,8.079999923706055,8.119999885559082,1056
2023-01-26,8.119999885559082,8.199999809265137,8.119999885559082,8.199999809265137,4514
2023-01-27,8.199999809265137,8.199999809265137,8.199999809265137,8.199999809265137,2972
2023-01-30,8.199999809265137,8.199999809265137,8.0,8.140000343322754,1619
2023-01-31,8.15999984741211,8.220000267028809,8.15999984741211,8.199999809265137,983
2023-02-01,8.180000305175781,8.180000305175781,8.15999984741211,8.15999984741211,857
2023-02-02,8.15999984741211,8.199999809265137,8.15999984741211,8.199999809265137,1416
2023-02-03,8.199999809265137,8.199999809265137,8.020000457763672,8.020000457763672,583
2023-02-06,8.020000457763672,8.140000343322754,8.020000457763672,8.140000343322754,550
2023-02-07,8.039999961853027,8.140000343322754,8.020000457763672,8.140000343322754,25490
2023-02-08,8.15999984741211,8.15999984741211,8.140000343322754,8.15999984741211,1064
2023-02-09,8.15999984741211,8.15999984741211,8.100000381469727,8.100000381469727,1058
2023-02-10,8.15999984741211,8.15999984741211,8.0600004196167,8.0600004196167,286501
2023-02-13,8.119999885559082,8.119999885559082,8.079999923706055,8.119999885559082,132
2023-02-14,8.119999885559082,8.199999809265137,8.079999923706055,8.079999923706055,1053
2023-02-15,8.079999923706055,8.100000381469727,8.0600004196167,8.0600004196167,947
2023-02-16,8.0600004196167,8.199999809265137,8.039999961853027,8.0600004196167,11055
2023-02-17,8.0600004196167,8.15999984741211,8.0,8.100000381469727,3004
2023-02-20,8.100000381469727,8.239999771118164,8.100000381469727,8.199999809265137,3936
2023-02-21,8.260000228881836,8.260000228881836,8.119999885559082,8.199999809265137,199
2023-02-22,8.079999923706055,8.15999984741211,8.079999923706055,8.119999885559082,836
2023-02-23,8.100000381469727,8.15999984741211,8.079999923706055,8.079999923706055,600
2023-02-24,8.119999885559082,8.180000305175781,8.100000381469727,8.100000381469727,371
2023-02-27,8.180000305175781,8.279999732971191,8.180000305175781,8.279999732971191,4588
2023-02-28,8.279999732971191,8.800000190734863,8.279999732971191,8.720000267028809,11340
2023-03-01,8.800000190734863,8.819999694824219,8.579999923706055,8.579999923706055,7684
2023-03-02,8.5600004196167,8.680000305175781,8.5,8.680000305175781,1760
2023-03-03,8.680000305175781,8.680000305175781,8.15999984741211,8.34000015258789,13561
2023-03-06,8.4399995803833,8.479999542236328,8.199999809265137,8.4399995803833,3388
2023-03-07,8.479999542236328,8.479999542236328,8.199999809265137,8.380000114440918,2476
2023-03-08,8.119999885559082,8.319999694824219,8.100000381469727,8.260000228881836,2808
2023-03-09,8.359999656677246,8.359999656677246,8.020000457763672,8.100000381469727,5480
2023-03-10,8.180000305175781,8.199999809265137,7.900000095367432,8.140000343322754,8980
2023-03-13,8.100000381469727,8.199999809265137,7.900000095367432,8.0,3063
2023-03-14,8.020000457763672,8.239999771118164,7.920000076293945,8.0,1651
2023-03-15,8.199999809265137,8.359999656677246,7.840000152587891,8.0,6668
2023-03-16,8.0,8.0,7.260000228881836,7.679999828338623,10880
2023-03-17,7.539999961853027,7.699999809265137,7.360000133514404,7.599999904632568,9469
2023-03-20,7.440000057220459,7.599999904632568,7.300000190734863,7.519999980926514,7203
2023-03-21,7.519999980926514,7.599999904632568,7.400000095367432,7.400000095367432,4148
2023-03-22,7.5,7.659999847412109,7.400000095367432,7.400000095367432,5301
2023-03-23,7.320000171661377,7.599999904632568,7.320000171661377,7.380000114440918,3934
2023-03-24,7.5,7.679999828338623,7.440000057220459,7.480000019073486,4118
2023-03-27,7.599999904632568,7.599999904632568,7.400000095367432,7.400000095367432,2394
2023-03-28,7.400000095367432,7.420000076293945,7.199999809265137,7.320000171661377,6371
2023-03-29,7.380000114440918,7.480000019073486,7.28000020980835,7.340000152587891,4524
2023-03-30,7.460000038146973,7.5,7.199999809265137,7.5,11101
2023-03-31,7.260000228881836,7.420000076293945,7.199999809265137,7.300000190734863,11286
2023-04-03,7.320000171661377,7.679999828338623,7.28000020980835,7.380000114440918,24841
2023-04-04,7.420000076293945,7.599999904632568,7.320000171661377,7.5,5411
2023-04-05,7.579999923706055,7.71999979019165,7.460000038146973,7.71999979019165,10960
2023-04-06,7.71999979019165,8.079999923706055,7.71999979019165,7.920000076293945,9337
2023-04-11,8.0,8.0600004196167,7.900000095367432,8.0600004196167,9418
2023-04-12,7.940000057220459,8.380000114440918,7.920000076293945,8.319999694824219,9230
2023-04-13,8.359999656677246,8.680000305175781,8.279999732971191,8.579999923706055,13009
2023-04-14,8.579999923706055,8.680000305175781,8.34000015258789,8.579999923706055,7599
2023-04-17,8.699999809265137,8.699999809265137,8.300000190734863,8.5,8304
2023-04-18,8.399999618530273,8.5,8.199999809265137,8.399999618530273,7252
2023-04-19,8.399999618530273,8.399999618530273,8.239999771118164,8.279999732971191,2883
2023-04-20,8.279999732971191,8.460000038146973,8.239999771118164,8.359999656677246,14286
2023-04-21,8.380000114440918,8.5,8.380000114440918,8.479999542236328,3552
2023-04-24,8.399999618530273,8.680000305175781,8.399999618530273,8.479999542236328,6768
2023-04-25,8.65999984741211,8.65999984741211,8.0,8.359999656677246,45275
2023-04-26,8.640000343322754,8.680000305175781,8.300000190734863,8.520000457763672,22445
2023-04-27,8.65999984741211,9.0,8.65999984741211,9.0,44388
2023-04-28,8.920000076293945,10.75,8.920000076293945,10.600000381469727,169510
2023-05-02,10.850000381469727,11.649999618530273,10.850000381469727,10.850000381469727,55002
2023-05-04,11.0,11.149999618530273,10.199999809265137,10.300000190734863,42019
2023-05-05,10.449999809265137,10.649999618530273,9.899999618530273,10.199999809265137,16686
2023-05-08,10.199999809265137,10.199999809265137,9.720000267028809,9.720000267028809,15873
2023-05-09,9.760000228881836,10.600000381469727,9.760000228881836,10.399999618530273,18168
2023-05-10,10.699999809265137,10.850000381469727,10.25,10.75,12746
2023-05-11,10.800000190734863,11.100000381469727,10.300000190734863,10.449999809265137,74911
2023-05-12,11.0,11.0,10.300000190734863,10.75,23589
2023-05-15,10.800000190734863,10.850000381469727,10.600000381469727,10.649999618530273,5522
2023-05-16,10.649999618530273,11.199999809265137,10.550000190734863,10.699999809265137,12940
2023-05-17,10.699999809265137,10.949999809265137,10.449999809265137,10.5,24668
2023-05-18,10.5,10.5,9.9399995803833,10.199999809265137,34725
2023-05-19,10.25,10.300000190734863,9.819999694824219,10.300000190734863,8290
2023-05-22,10.100000381469727,10.899999618530273,10.100000381469727,10.300000190734863,9641
2023-05-23,10.449999809265137,10.5,10.25,10.399999618530273,1682
2023-05-24,10.399999618530273,10.399999618530273,10.050000190734863,10.199999809265137,4541
2023-05-25,10.199999809265137,10.199999809265137,9.859999656677246,10.199999809265137,11094
2023-05-26,10.199999809265137,10.199999809265137,9.899999618530273,10.199999809265137,5398
2023-05-29,10.199999809265137,10.199999809265137,10.0,10.199999809265137,2898
2023-05-30,10.199999809265137,10.199999809265137,10.0,10.100000381469727,1855
2023-05-31,10.050000190734863,10.050000190734863,9.800000190734863,9.899999618530273,8240
2023-06-01,9.899999618530273,10.0,9.5,9.579999923706055,10276
2023-06-02,9.579999923706055,9.880000114440918,9.579999923706055,9.800000190734863,2712
2023-06-05,9.800000190734863,9.880000114440918,9.800000190734863,9.880000114440918,1515
2023-06-06,9.84000015258789,11.100000381469727,9.84000015258789,10.399999618530273,65564
2023-06-07,10.399999618530273,10.5,10.300000190734863,10.5,8530
2023-06-09,10.449999809265137,10.550000190734863,10.350000381469727,10.550000190734863,19086
2023-06-12,10.899999618530273,10.899999618530273,10.350000381469727,10.350000381469727,5614
2023-06-13,10.550000190734863,10.550000190734863,10.25,10.5,4569
2023-06-14,10.449999809265137,10.800000190734863,10.199999809265137,10.800000190734863,17577
2023-06-15,10.800000190734863,10.899999618530273,10.399999618530273,10.600000381469727,3018
2023-06-16,10.649999618530273,10.699999809265137,10.5,10.5,3603
2023-06-19,10.75,10.75,10.449999809265137,10.699999809265137,6896
2023-06-20,10.600000381469727,10.75,10.550000190734863,10.550000190734863,1940
2023-06-21,10.75,10.75,10.600000381469727,10.649999618530273,2616
2023-06-22,10.649999618530273,10.649999618530273,10.5,10.600000381469727,1470
2023-06-23,10.449999809265137,10.600000381469727,10.300000190734863,10.600000381469727,6646
2023-06-26,10.5,10.600000381469727,10.199999809265137,10.5,4275
2023-06-27,10.5,10.5,10.25,10.449999809265137,3343
2023-06-28,10.550000190734863,10.550000190734863,10.300000190734863,10.300000190734863,4463
2023-06-29,10.350000381469727,10.699999809265137,10.199999809265137,10.399999618530273,8747
2023-06-30,10.300000190734863,10.350000381469727,10.199999809265137,10.300000190734863,6849
2023-07-03,10.300000190734863,10.300000190734863,10.149999618530273,10.199999809265137,1313
2023-07-04,10.300000190734863,10.350000381469727,10.149999618530273,10.350000381469727,2147
2023-07-05,10.300000190734863,10.399999618530273,10.199999809265137,10.300000190734863,3006
2023-07-06,10.300000190734863,10.300000190734863,10.0,10.100000381469727,6834
2023-07-07,10.050000190734863,10.199999809265137,10.0,10.199999809265137,5749
2023-07-10,10.199999809265137,10.350000381469727,10.050000190734863,10.25,8983
2023-07-11,10.25,10.449999809265137,10.100000381469727,10.350000381469727,5868
2023-07-12,10.399999618530273,10.449999809265137,10.300000190734863,10.399999618530273,20458
2023-07-13,10.399999618530273,10.399999618530273,10.199999809265137,10.199999809265137,3864
2023-07-14,10.199999809265137,10.649999618530273,10.100000381469727,10.550000190734863,49060
2023-07-17,10.699999809265137,11.300000190734863,10.649999618530273,11.0,37190
2023-07-18,11.199999809265137,11.699999809265137,10.899999618530273,11.5,80960
2023-07-19,11.550000190734863,11.600000381469727,11.050000190734863,11.149999618530273,15856
2023-07-20,11.199999809265137,11.5,10.949999809265137,11.199999809265137,14825
2023-07-21,10.699999809265137,11.0,10.350000381469727,11.0,15539
2023-07-24,11.149999618530273,11.199999809265137,10.800000190734863,10.800000190734863,4241
2023-07-25,10.899999618530273,11.149999618530273,10.800000190734863,11.100000381469727,13878
2023-07-26,11.149999618530273,11.199999809265137,10.800000190734863,11.0,10800
2023-07-27,10.949999809265137,10.949999809265137,10.800000190734863,10.899999618530273,4900
2023-07-28,11.0,11.0,10.850000381469727,10.949999809265137,4000
2023-07-31,10.949999809265137,10.949999809265137,10.600000381469727,10.649999618530273,13401
2023-08-01,10.649999618530273,10.699999809265137,10.550000190734863,10.649999618530273,4713
2023-08-02,10.649999618530273,10.649999618530273,10.449999809265137,10.600000381469727,4710
2023-08-03,10.550000190734863,10.550000190734863,10.350000381469727,10.399999618530273,4170
2023-08-04,10.5,10.600000381469727,10.5,10.550000190734863,1839
2023-08-07,10.5,10.550000190734863,10.0,10.300000190734863,8619
2023-08-08,10.300000190734863,10.300000190734863,10.0,10.050000190734863,3602
2023-08-09,10.149999618530273,10.199999809265137,9.9399995803833,9.9399995803833,27782
2023-08-10,9.920000076293945,10.100000381469727,9.600000381469727,9.699999809265137,19853
2023-08-11,9.699999809265137,9.899999618530273,9.65999984741211,9.739999771118164,18695
2023-08-14,9.739999771118164,10.0,9.699999809265137,9.859999656677246,11212
2023-08-16,9.899999618530273,9.899999618530273,9.699999809265137,9.720000267028809,20874
2023-08-17,9.84000015258789,9.899999618530273,9.760000228881836,9.800000190734863,8559
2023-08-18,9.800000190734863,10.350000381469727,9.800000190734863,10.199999809265137,54070
2023-08-21,10.350000381469727,10.350000381469727,9.899999618530273,9.920000076293945,7320
2023-08-22,9.899999618530273,10.100000381469727,9.880000114440918,10.100000381469727,55471
2023-08-23,10.100000381469727,10.399999618530273,9.899999618530273,9.960000038146973,23961
2023-08-24,9.960000038146973,9.979999542236328,9.920000076293945,9.960000038146973,1629
2023-08-25,9.920000076293945,9.960000038146973,9.859999656677246,9.920000076293945,1811
2023-08-28,9.920000076293945,9.979999542236328,9.899999618530273,9.979999542236328,1660
2023-08-29,9.979999542236328,9.979999542236328,9.84000015258789,9.9399995803833,3173
2023-08-30,10.0,10.300000190734863,10.0,10.300000190734863,15458
2023-08-31,10.350000381469727,10.350000381469727,10.0,10.300000190734863,3990
2023-09-01,10.300000190734863,10.300000190734863,10.100000381469727,10.25,1662
2023-09-04,10.25,10.350000381469727,10.0,10.300000190734863,6022
2023-09-05,10.350000381469727,10.699999809265137,10.25,10.399999618530273,16272
2023-09-06,10.399999618530273,10.75,10.25,10.5,18273
2023-09-07,10.5,10.5,10.0,10.199999809265137,11762
2023-09-08,9.880000114440918,10.199999809265137,9.520000457763672,10.199999809265137,18059
2023-09-11,10.199999809265137,10.75,10.050000190734863,10.350000381469727,11190
2023-09-12,10.199999809265137,10.449999809265137,10.199999809265137,10.25,4093
2023-09-13,10.25,10.350000381469727,10.25,10.300000190734863,1300
2023-09-14,10.350000381469727,10.350000381469727,10.199999809265137,10.350000381469727,7034
2023-09-15,10.449999809265137,10.5,10.25,10.399999618530273,1268
2023-09-18,10.399999618530273,10.449999809265137,9.960000038146973,10.0,15858
2023-09-19,10.0,10.149999618530273,9.800000190734863,9.899999618530273,4989
2023-09-20,9.899999618530273,9.979999542236328,9.819999694824219,9.979999542236328,687
2023-09-21,9.899999618530273,9.899999618530273,9.739999771118164,9.760000228881836,8834
2023-09-22,9.859999656677246,9.859999656677246,9.199999809265137,9.380000114440918,23302
2023-09-25,9.4399995803833,9.4399995803833,9.260000228881836,9.380000114440918,3225
2023-09-26,9.380000114440918,9.4399995803833,9.300000190734863,9.399999618530273,474
2023-09-27,9.359999656677246,9.359999656677246,9.0600004196167,9.180000305175781,9409
2023-09-28,9.0,9.279999732971191,9.0,9.279999732971191,4677
2023-09-29,9.300000190734863,9.300000190734863,9.020000457763672,9.300000190734863,1863
2023-10-02,9.300000190734863,9.359999656677246,9.239999771118164,9.260000228881836,2988
2023-10-03,9.260000228881836,9.399999618530273,9.260000228881836,9.399999618530273,933
2023-10-04,9.239999771118164,9.5600004196167,9.180000305175781,9.260000228881836,4672
2023-10-05,9.300000190734863,9.300000190734863,9.100000381469727,9.260000228881836,2874
2023-10-06,9.220000267028809,9.279999732971191,8.859999656677246,9.100000381469727,5171
2023-10-09,9.100000381469727,9.199999809265137,9.0,9.039999961853027,5414
2023-10-10,9.140000343322754,9.239999771118164,9.100000381469727,9.220000267028809,3431
2023-10-11,9.239999771118164,9.619999885559082,9.100000381469727,9.260000228881836,15618
2023-10-12,9.260000228881836,9.359999656677246,9.119999885559082,9.300000190734863,8279
2023-10-13,9.300000190734863,9.319999694824219,9.15999984741211,9.319999694824219,11074
2023-10-16,9.359999656677246,10.0,9.359999656677246,10.0,94044
2023-10-17,10.100000381469727,10.550000190734863,10.050000190734863,10.5,33313
2023-10-18,10.5,10.949999809265137,10.449999809265137,10.600000381469727,22576
2023-10-19,10.600000381469727,10.699999809265137,10.149999618530273,10.25,9439
2023-10-20,10.25,10.600000381469727,9.979999542236328,10.300000190734863,15411
2023-10-23,10.149999618530273,10.300000190734863,9.9399995803833,10.100000381469727,10758
2023-10-24,9.920000076293945,10.25,9.899999618530273,10.100000381469727,5001
2023-10-25,10.0,10.149999618530273,9.84000015258789,9.979999542236328,4885
2023-10-26,9.899999618530273,10.0,9.800000190734863,9.880000114440918,11104
2023-10-27,9.899999618530273,9.899999618530273,9.800000190734863,9.880000114440918,985
2023-10-30,9.880000114440918,10.0,9.800000190734863,10.0,3496
2023-10-31,9.9399995803833,10.0,9.899999618530273,10.0,2378
2023-11-02,10.0,10.149999618530273,9.899999618530273,9.899999618530273,3141
2023-11-03,10.050000190734863,10.199999809265137,10.0,10.0,4365
2023-11-06,10.149999618530273,10.149999618530273,9.859999656677246,10.0,4072
2023-11-07,10.050000190734863,10.050000190734863,9.539999961853027,9.680000305175781,7705
2023-11-08,9.680000305175781,9.680000305175781,9.4399995803833,9.539999961853027,4535
2023-11-09,9.520000457763672,9.600000381469727,9.5,9.5,2855
2023-11-10,9.600000381469727,9.600000381469727,9.460000038146973,9.600000381469727,3165
2023-11-13,9.600000381469727,9.600000381469727,9.479999542236328,9.5600004196167,2876
2023-11-14,9.5600004196167,9.899999618530273,9.520000457763672,9.899999618530273,5680
2023-11-15,9.899999618530273,10.5,9.899999618530273,10.100000381469727,8538
2023-11-16,9.859999656677246,9.960000038146973,9.479999542236328,9.5600004196167,34005
2023-11-17,9.5600004196167,9.800000190734863,9.5600004196167,9.640000343322754,34423
2023-11-20,9.65999984741211,9.779999732971191,9.539999961853027,9.680000305175781,9133
2023-11-21,9.65999984741211,9.65999984741211,9.4399995803833,9.520000457763672,11783
2023-11-22,9.420000076293945,9.5,9.359999656677246,9.479999542236328,5575
2023-11-23,9.479999542236328,9.520000457763672,9.4399995803833,9.5,1916
2023-11-24,9.4399995803833,9.600000381469727,9.420000076293945,9.479999542236328,5142
2023-11-27,9.5,9.5,9.420000076293945,9.420000076293945,2754
2023-11-28,9.5,9.579999923706055,9.380000114440918,9.380000114440918,5563
2023-11-29,9.380000114440918,9.420000076293945,8.619999885559082,9.119999885559082,59476
2023-11-30,9.140000343322754,9.140000343322754,8.819999694824219,8.880000114440918,5427
2023-12-01,8.960000038146973,9.0,8.800000190734863,8.960000038146973,4565
2023-12-04,9.0,9.140000343322754,8.979999542236328,9.0,22291
2023-12-05,9.100000381469727,9.15999984741211,9.0,9.0,4936
2023-12-06,9.0,9.079999923706055,8.859999656677246,9.0,4029
2023-12-07,9.079999923706055,9.119999885559082,8.920000076293945,9.039999961853027,56655
2023-12-08,9.039999961853027,9.039999961853027,9.0,9.0,3416
2023-12-11,9.0600004196167,9.0600004196167,8.960000038146973,9.0,2088
2023-12-12,8.979999542236328,9.0600004196167,8.9399995803833,9.0,17062
2023-12-13,9.039999961853027,9.039999961853027,8.899999618530273,8.979999542236328,5300
2023-12-14,8.979999542236328,9.079999923706055,8.680000305175781,8.899999618530273,21835
2023-12-15,8.920000076293945,9.0600004196167,8.819999694824219,9.020000457763672,17365
2023-12-18,9.039999961853027,9.079999923706055,9.0,9.0,2657
2023-12-19,9.0,9.380000114440918,8.960000038146973,9.119999885559082,25353
2023-12-20,9.119999885559082,9.239999771118164,9.039999961853027,9.100000381469727,9371
2023-12-21,9.0,9.100000381469727,8.979999542236328,9.0600004196167,15864
2023-12-22,9.039999961853027,9.079999923706055,9.0,9.0,11982
2023-12-27,9.0,9.100000381469727,9.0,9.0,12582
2023-12-28,9.0600004196167,9.600000381469727,9.0600004196167,9.260000228881836,66095
2023-12-29,9.220000267028809,9.4399995803833,9.119999885559082,9.119999885559082,17716
2024-01-02,9.220000267028809,9.380000114440918,9.119999885559082,9.199999809265137,5227
2024-01-03,9.199999809265137,9.420000076293945,9.15999984741211,9.199999809265137,8048
2024-01-04,9.239999771118164,9.359999656677246,9.15999984741211,9.199999809265137,7793
2024-01-05,9.220000267028809,9.279999732971191,9.180000305175781,9.220000267028809,1144
2024-01-08,9.220000267028809,9.5600004196167,9.199999809265137,9.520000457763672,21654
2024-01-09,9.520000457763672,9.979999542236328,9.399999618530273,9.859999656677246,19502
2024-01-10,9.960000038146973,10.699999809265137,9.960000038146973,10.399999618530273,50396
2024-01-11,10.5,10.649999618530273,10.100000381469727,10.300000190734863,14451
2024-01-12,10.300000190734863,10.5,10.199999809265137,10.25,8352
2024-01-15,10.25,10.25,9.920000076293945,10.25,9272
2024-01-16,10.25,10.300000190734863,9.899999618530273,10.0,12392
2024-01-17,9.9399995803833,9.979999542236328,9.800000190734863,9.899999618530273,7793
2024-01-18,9.84000015258789,10.0,9.84000015258789,10.0,2104
2024-01-19,10.0,10.149999618530273,10.0,10.149999618530273,1376
2024-01-22,10.149999618530273,10.350000381469727,10.0,10.25,4565
2024-01-23,10.350000381469727,10.449999809265137,10.100000381469727,10.199999809265137,7794
2024-01-24,10.25,10.600000381469727,10.199999809265137,10.5,11138
2024-01-25,10.5,10.600000381469727,10.399999618530273,10.550000190734863,4147
2024-01-26,10.550000190734863,10.550000190734863,10.449999809265137,10.550000190734863,1867
2024-01-29,10.600000381469727,10.699999809265137,10.25,10.25,9188
2024-01-30,10.25,10.399999618530273,9.979999542236328,10.0,6122
2024-01-31,9.979999542236328,10.199999809265137,9.899999618530273,9.9399995803833,10583
2024-02-01,10.100000381469727,10.149999618530273,9.9399995803833,10.0,3147
2024-02-02,10.0,10.300000190734863,10.0,10.199999809265137,3231
2024-02-05,10.199999809265137,10.300000190734863,9.960000038146973,10.0,5364
2024-02-06,10.0,10.100000381469727,9.819999694824219,9.960000038146973,6656
2024-02-07,9.859999656677246,10.0,9.859999656677246,10.0,2381
2024-02-08,10.0,10.100000381469727,9.979999542236328,9.979999542236328,22841
2024-02-09,9.979999542236328,10.100000381469727,9.819999694824219,9.9399995803833,11178
2024-02-12,9.899999618530273,10.050000190734863,9.899999618530273,10.050000190734863,756
2024-02-13,10.100000381469727,10.100000381469727,9.979999542236328,10.050000190734863,2490
2024-02-14,9.960000038146973,10.100000381469727,9.920000076293945,9.960000038146973,5424
2024-02-15,9.979999542236328,10.0,9.819999694824219,9.899999618530273,1677
2024-02-16,9.899999618530273,9.899999618530273,9.399999618530273,9.399999618530273,26391
2024-02-19,9.300000190734863,9.399999618530273,9.239999771118164,9.300000190734863,21345
2024-02-20,9.300000190734863,9.399999618530273,9.300000190734863,9.359999656677246,8083
2024-02-21,9.399999618530273,9.680000305175781,9.319999694824219,9.619999885559082,28082
2024-02-22,9.65999984741211,9.699999809265137,9.539999961853027,9.600000381469727,9674
2024-02-23,9.600000381469727,9.699999809265137,9.5,9.699999809265137,9655
2024-02-26,9.699999809265137,9.699999809265137,9.460000038146973,9.699999809265137,13380
2024-02-27,9.699999809265137,9.699999809265137,9.539999961853027,9.619999885559082,3971
2024-02-28,9.600000381469727,9.600000381469727,9.539999961853027,9.600000381469727,3558
2024-02-29,9.579999923706055,9.579999923706055,9.5,9.579999923706055,2845
2024-03-01,9.579999923706055,9.579999923706055,9.460000038146973,9.5,5008
2024-03-04,9.5,9.520000457763672,9.399999618530273,9.479999542236328,3416
2024-03-05,9.5,9.520000457763672,9.4399995803833,9.520000457763672,2928
2024-03-06,9.520000457763672,9.520000457763672,9.4399995803833,9.520000457763672,1235
2024-03-07,9.520000457763672,9.520000457763672,9.420000076293945,9.5,2647
2024-03-08,9.479999542236328,9.5,9.399999618530273,9.5,3143
2024-03-11,9.399999618530273,9.5,8.800000190734863,9.0600004196167,40274
2024-03-12,9.039999961853027,9.699999809265137,9.039999961853027,9.699999809265137,16484
2024-03-13,9.760000228881836,9.84000015258789,9.399999618530273,9.640000343322754,15459
2024-03-14,9.640000343322754,9.760000228881836,9.460000038146973,9.65999984741211,6689
2024-03-15,9.65999984741211,9.699999809265137,9.5,9.5600004196167,3047
2024-03-18,9.699999809265137,9.760000228881836,9.460000038146973,9.479999542236328,7383
2024-03-19,9.479999542236328,9.65999984741211,9.4399995803833,9.600000381469727,2619
2024-03-20,9.65999984741211,9.699999809265137,9.5,9.65999984741211,1178
2024-03-21,9.65999984741211,10.399999618530273,9.640000343322754,9.760000228881836,19470
2024-03-22,9.920000076293945,9.9399995803833,9.4399995803833,9.600000381469727,6107
2024-03-25,9.600000381469727,9.65999984741211,9.600000381469727,9.640000343322754,415
2024-03-26,9.619999885559082,9.760000228881836,9.479999542236328,9.619999885559082,55663
2024-03-27,9.640000343322754,9.779999732971191,9.5,9.640000343322754,3949
2024-03-28,9.640000343322754,9.680000305175781,9.460000038146973,9.579999923706055,2692
2024-04-02,9.579999923706055,9.760000228881836,9.579999923706055,9.600000381469727,4372
2024-04-03,9.600000381469727,10.0,9.600000381469727,9.880000114440918,22587
2024-04-04,9.899999618530273,10.25,9.800000190734863,10.25,19902
2024-04-05,10.199999809265137,10.25,9.720000267028809,10.050000190734863,11890
2024-04-08,10.100000381469727,10.350000381469727,10.100000381469727,10.350000381469727,9992
2024-04-09,10.350000381469727,10.449999809265137,10.0,10.149999618530273,18708
2024-04-10,10.149999618530273,10.199999809265137,9.800000190734863,10.050000190734863,13041
2024-04-11,10.050000190734863,10.199999809265137,9.899999618530273,10.199999809265137,16222
2024-04-12,10.199999809265137,10.300000190734863,10.0,10.25,2865
2024-04-15,10.25,10.25,10.0,10.050000190734863,1635
2024-04-16,10.0,10.100000381469727,9.800000190734863,10.0,5337
2024-04-17,10.0,10.100000381469727,9.819999694824219,9.960000038146973,944
2024-04-18,9.979999542236328,10.100000381469727,9.899999618530273,10.100000381469727,2232
2024-04-19,10.0,10.050000190734863,9.699999809265137,9.800000190734863,10174
2024-04-22,9.300000190734863,9.600000381469727,9.199999809265137,9.300000190734863,50296
2024-04-23,9.359999656677246,9.359999656677246,9.239999771118164,9.300000190734863,3483
2024-04-24,9.300000190734863,9.460000038146973,9.119999885559082,9.260000228881836,27555
2024-04-25,9.300000190734863,9.420000076293945,9.300000190734863,9.300000190734863,1145
2024-04-26,9.4399995803833,9.4399995803833,9.300000190734863,9.300000190734863,6731
2024-04-29,9.460000038146973,9.579999923706055,9.319999694824219,9.579999923706055,19563
2024-04-30,9.640000343322754,9.640000343322754,9.4399995803833,9.600000381469727,9717
2024-05-02,9.600000381469727,9.640000343322754,9.600000381469727,9.600000381469727,814
2024-05-06,9.640000343322754,9.65999984741211,9.5,9.619999885559082,2185
2024-05-07,9.600000381469727,9.680000305175781,9.5,9.520000457763672,1685
2024-05-08,9.520000457763672,9.65999984741211,9.5,9.640000343322754,894
2024-05-09,9.4399995803833,9.640000343322754,9.4399995803833,9.640000343322754,3005
2024-05-10,9.640000343322754,9.739999771118164,9.619999885559082,9.739999771118164,9286
2024-05-13,9.739999771118164,9.760000228881836,9.579999923706055,9.699999809265137,1958
2024-05-14,9.800000190734863,10.0,9.779999732971191,9.859999656677246,16029
2024-05-15,10.0,10.149999618530273,9.920000076293945,9.920000076293945,9662
2024-05-16,10.050000190734863,10.300000190734863,10.0,10.300000190734863,21869
2024-05-17,10.300000190734863,10.300000190734863,10.149999618530273,10.25,12766
2024-05-20,10.300000190734863,10.800000190734863,10.25,10.649999618530273,30042
2024-05-21,10.649999618530273,10.649999618530273,10.149999618530273,10.199999809265137,8374
2024-05-22,10.100000381469727,10.199999809265137,10.0,10.199999809265137,6576
2024-05-23,10.199999809265137,10.199999809265137,10.100000381469727,10.199999809265137,29061
2024-05-24,10.149999618530273,10.25,10.0,10.25,8880
2024-05-27,10.5,10.550000190734863,10.050000190734863,10.100000381469727,14766
2024-05-28,10.100000381469727,10.149999618530273,9.640000343322754,9.779999732971191,33192
2024-05-29,9.779999732971191,9.779999732971191,9.539999961853027,9.5600004196167,7996
2024-05-31,9.640000343322754,9.640000343322754,9.479999542236328,9.640000343322754,18432
2024-06-03,9.699999809265137,9.699999809265137,9.15999984741211,9.359999656677246,10803
2024-06-04,9.420000076293945,9.880000114440918,9.359999656677246,9.880000114440918,101222
2024-06-05,9.880000114440918,9.899999618530273,9.5600004196167,9.5600004196167,23774
2024-06-06,9.5600004196167,9.5600004196167,9.5,9.5,4316
2024-06-07,9.600000381469727,9.640000343322754,9.4399995803833,9.600000381469727,16612
2024-06-10,9.640000343322754,9.640000343322754,9.539999961853027,9.579999923706055,16358
2024-06-11,9.600000381469727,9.600000381469727,9.579999923706055,9.600000381469727,3435
2024-06-12,9.600000381469727,9.600000381469727,9.520000457763672,9.600000381469727,2245
2024-06-13,9.600000381469727,9.600000381469727,9.0,9.279999732971191,21472
2024-06-14,9.380000114440918,9.4399995803833,9.180000305175781,9.319999694824219,6887
2024-06-17,9.460000038146973,9.5,9.199999809265137,9.260000228881836,5584
2024-06-18,9.260000228881836,9.399999618530273,9.119999885559082,9.399999618530273,5996
2024-06-19,9.399999618530273,9.460000038146973,9.300000190734863,9.300000190734863,1604
2024-06-20,9.300000190734863,9.380000114440918,9.15999984741211,9.34000015258789,1143
2024-06-21,9.34000015258789,9.399999618530273,9.239999771118164,9.34000015258789,2856
2024-06-24,9.239999771118164,9.760000228881836,9.239999771118164,9.34000015258789,9783
2024-06-25,9.34000015258789,9.399999618530273,9.34000015258789,9.380000114440918,3212
2024-06-26,9.399999618530273,9.399999618530273,9.300000190734863,9.399999618530273,408
2024-06-27,9.399999618530273,9.800000190734863,9.380000114440918,9.699999809265137,16665
2024-06-28,9.739999771118164,9.739999771118164,9.600000381469727,9.720000267028809,1752
2024-07-01,9.800000190734863,10.300000190734863,9.720000267028809,9.720000267028809,27899
2024-07-02,10.149999618530273,10.149999618530273,9.800000190734863,10.0,10565
2024-07-03,10.0,10.0,9.800000190734863,9.800000190734863,5060
2024-07-04,10.149999618530273,10.800000190734863,9.920000076293945,10.75,56621
2024-07-05,10.699999809265137,10.75,10.5,10.600000381469727,12145
2024-07-08,10.649999618530273,10.649999618530273,10.100000381469727,10.649999618530273,15581
2024-07-09,10.600000381469727,11.600000381469727,10.600000381469727,11.0,128959
2024-07-10,11.199999809265137,11.350000381469727,10.850000381469727,11.0,6039
2024-07-11,10.899999618530273,11.0,10.5,10.699999809265137,19914
2024-07-12,10.5,10.800000190734863,10.5,10.600000381469727,10668
2024-07-15,10.600000381469727,10.699999809265137,10.300000190734863,10.649999618530273,16256
2024-07-16,10.600000381469727,10.649999618530273,10.0,10.199999809265137,14532
2024-07-17,10.199999809265137,10.25,9.859999656677246,10.149999618530273,24770
2024-07-18,10.0,10.100000381469727,9.880000114440918,9.880000114440918,14570
2024-07-19,9.880000114440918,9.880000114440918,9.34000015258789,9.399999618530273,58421
2024-07-22,9.600000381469727,9.779999732971191,9.300000190734863,9.300000190734863,53970
2024-07-23,9.319999694824219,9.420000076293945,9.15999984741211,9.15999984741211,44029
2024-07-24,9.199999809265137,9.279999732971191,9.140000343322754,9.180000305175781,49802
2024-07-25,9.119999885559082,9.239999771118164,9.119999885559082,9.220000267028809,8930
2024-07-26,9.279999732971191,9.5,9.220000267028809,9.399999618530273,13688
2024-07-29,9.380000114440918,9.520000457763672,9.380000114440918,9.5,5535
2024-07-30,9.479999542236328,9.539999961853027,9.4399995803833,9.479999542236328,2915
2024-07-31,9.479999542236328,9.479999542236328,9.199999809265137,9.34000015258789,32124
2024-08-01,9.34000015258789,9.4399995803833,9.15999984741211,9.239999771118164,12403
2024-08-02,9.199999809265137,9.460000038146973,9.020000457763672,9.460000038146973,13290
2024-08-05,9.180000305175781,9.239999771118164,8.899999618530273,9.239999771118164,24861
2024-08-06,9.380000114440918,9.460000038146973,9.119999885559082,9.260000228881836,5073
2024-08-07,9.119999885559082,9.359999656677246,9.119999885559082,9.220000267028809,5310
2024-08-08,9.220000267028809,9.359999656677246,9.020000457763672,9.359999656677246,21611
2024-08-09,9.359999656677246,9.359999656677246,9.220000267028809,9.300000190734863,5032
2024-08-12,9.220000267028809,9.380000114440918,9.220000267028809,9.380000114440918,6595
2024-08-13,9.359999656677246,9.359999656677246,9.140000343322754,9.319999694824219,3499
2024-08-14,9.300000190734863,9.300000190734863,9.0600004196167,9.199999809265137,3380
2024-08-16,9.199999809265137,9.239999771118164,9.199999809265137,9.220000267028809,2357
2024-08-19,9.260000228881836,9.399999618530273,9.220000267028809,9.399999618530273,2256
2024-08-20,9.399999618530273,9.399999618530273,9.199999809265137,9.239999771118164,4918
2024-08-21,9.34000015258789,9.34000015258789,9.199999809265137,9.300000190734863,7723
2024-08-22,9.300000190734863,9.399999618530273,9.279999732971191,9.279999732971191,2845
2024-08-23,9.199999809265137,9.380000114440918,9.15999984741211,9.220000267028809,5370
2024-08-26,9.180000305175781,9.199999809265137,9.020000457763672,9.180000305175781,2097
2024-08-27,9.180000305175781,9.380000114440918,9.0,9.319999694824219,4090
2024-08-28,9.34000015258789,9.34000015258789,9.199999809265137,9.279999732971191,2499
2024-08-29,9.300000190734863,9.300000190734863,9.100000381469727,9.239999771118164,4749
2024-08-30,9.300000190734863,9.319999694824219,9.100000381469727,9.100000381469727,4799
2024-09-02,9.100000381469727,9.359999656677246,9.100000381469727,9.34000015258789,7580
2024-09-03,9.34000015258789,9.34000015258789,9.079999923706055,9.079999923706055,9274
2024-09-04,9.079999923706055,9.260000228881836,9.0,9.199999809265137,6418
2024-09-05,9.260000228881836,9.4399995803833,9.260000228881836,9.34000015258789,8152
2024-09-06,9.34000015258789,9.399999618530273,9.15999984741211,9.380000114440918,10337
2024-09-09,9.359999656677246,9.359999656677246,9.180000305175781,9.279999732971191,3038
2024-09-10,9.279999732971191,9.279999732971191,9.100000381469727,9.140000343322754,2117
2024-09-11,9.140000343322754,9.239999771118164,9.0,9.100000381469727,4399
2024-09-12,9.15999984741211,9.300000190734863,9.15999984741211,9.300000190734863,11598
2024-09-13,9.300000190734863,9.34000015258789,9.199999809265137,9.199999809265137,484
2024-09-16,9.300000190734863,9.34000015258789,9.199999809265137,9.300000190734863,3491
2024-09-17,9.220000267028809,9.279999732971191,9.199999809265137,9.220000267028809,3554
2024-09-18,9.279999732971191,9.359999656677246,9.239999771118164,9.260000228881836,6948
2024-09-19,9.359999656677246,9.359999656677246,9.199999809265137,9.199999809265137,2824
2024-09-20,9.199999809265137,9.279999732971191,9.100000381469727,9.100000381469727,3881
2024-09-23,9.100000381469727,9.239999771118164,9.100000381469727,9.140000343322754,6473
2024-09-24,9.199999809265137,9.279999732971191,9.0,9.020000457763672,12283
2024-09-25,9.020000457763672,9.100000381469727,9.0,9.0600004196167,7460
2024-09-26,9.100000381469727,9.100000381469727,9.0,9.0,12991
2024-09-27,9.0,9.100000381469727,8.979999542236328,9.0600004196167,3911
2024-09-30,9.0600004196167,9.0600004196167,8.899999618530273,8.960000038146973,11007
2024-10-01,8.960000038146973,9.0,8.859999656677246,8.979999542236328,7611
2024-10-02,8.979999542236328,8.979999542236328,8.84000015258789,8.84000015258789,3318
2024-10-03,8.819999694824219,8.84000015258789,8.619999885559082,8.739999771118164,11177
2024-10-04,8.819999694824219,8.819999694824219,8.720000267028809,8.779999732971191,2539
2024-10-07,8.800000190734863,8.800000190734863,8.720000267028809,8.720000267028809,2902
2024-10-08,8.65999984741211,8.760000228881836,8.65999984741211,8.720000267028809,10615
2024-10-09,8.699999809265137,8.699999809265137,7.960000038146973,8.5,34638
2024-10-10,8.300000190734863,8.5,8.300000190734863,8.399999618530273,13543
2024-10-11,8.399999618530273,8.5,8.34000015258789,8.5,3675
2024-10-14,8.420000076293945,8.520000457763672,8.420000076293945,8.520000457763672,6505
2024-10-15,8.539999961853027,8.539999961853027,8.380000114440918,8.399999618530273,9641
2024-10-16,8.399999618530273,8.5,8.399999618530273,8.5,7697
2024-10-17,8.5,8.5,8.399999618530273,8.399999618530273,7123
2024-10-18,8.399999618530273,8.5,8.359999656677246,8.5,3479
2024-10-21,8.5,8.5,8.380000114440918,8.4399995803833,6990
2024-10-22,8.4399995803833,8.5,8.359999656677246,8.359999656677246,2775
2024-10-23,8.380000114440918,8.4399995803833,8.34000015258789,8.34000015258789,4283
2024-10-24,8.319999694824219,8.4399995803833,8.319999694824219,8.4399995803833,661
2024-10-25,8.359999656677246,8.359999656677246,8.279999732971191,8.300000190734863,11916
2024-10-28,8.300000190734863,8.300000190734863,8.260000228881836,8.260000228881836,3247
2024-10-29,8.199999809265137,8.199999809265137,8.119999885559082,8.199999809265137,25507
2024-10-30,8.199999809265137,9.020000457763672,8.199999809265137,8.680000305175781,37137
2024-10-31,8.960000038146973,8.960000038146973,8.600000381469727,8.600000381469727,6884
2024-11-04,8.619999885559082,8.640000343322754,8.460000038146973,8.5600004196167,5066
2024-11-05,8.5600004196167,8.640000343322754,8.5,8.579999923706055,3137
2024-11-06,8.579999923706055,8.640000343322754,8.420000076293945,8.420000076293945,1700
2024-11-07,8.420000076293945,8.720000267028809,8.399999618530273,8.640000343322754,2461
2024-11-08,8.65999984741211,8.720000267028809,8.539999961853027,8.619999885559082,2225
2024-11-12,8.619999885559082,8.680000305175781,8.300000190734863,8.520000457763672,8786
2024-11-13,8.539999961853027,8.65999984741211,8.5,8.600000381469727,2789
2024-11-14,8.5,8.680000305175781,8.359999656677246,8.5600004196167,4286
2024-11-15,8.600000381469727,8.699999809265137,8.5,8.699999809265137,9485
2024-11-18,8.699999809265137,9.079999923706055,8.4399995803833,8.899999618530273,13212
2024-11-19,9.0600004196167,9.0600004196167,8.420000076293945,8.640000343322754,8758
2024-11-20,8.640000343322754,9.0,8.579999923706055,8.699999809265137,14922
2024-11-21,8.680000305175781,8.699999809265137,8.520000457763672,8.640000343322754,4688
2024-11-22,8.640000343322754,8.920000076293945,8.640000343322754,8.640000343322754,2276
2024-11-25,8.65999984741211,8.699999809265137,8.579999923706055,8.680000305175781,3658
2024-11-26,8.699999809265137,8.699999809265137,8.640000343322754,8.65999984741211,621
2024-11-27,8.260000228881836,8.279999732971191,7.519999980926514,7.599999904632568,137879
2024-11-28,7.599999904632568,7.599999904632568,7.179999828338623,7.579999923706055,28499
2024-11-29,7.579999923706055,7.619999885559082,7.320000171661377,7.400000095367432,42345
2024-12-02,7.340000152587891,7.579999923706055,7.340000152587891,7.340000152587891,12847
2024-12-03,7.360000133514404,7.360000133514404,7.019999980926514,7.239999771118164,33988
2024-12-04,7.21999979019165,7.300000190734863,7.159999847412109,7.199999809265137,7835
2024-12-05,7.199999809265137,7.360000133514404,7.139999866485596,7.139999866485596,12829
2024-12-06,7.179999828338623,7.300000190734863,7.119999885559082,7.260000228881836,17871
2024-12-09,7.28000020980835,7.28000020980835,7.099999904632568,7.239999771118164,13857
2024-12-10,7.239999771118164,7.28000020980835,7.139999866485596,7.139999866485596,14058
2024-12-11,7.199999809265137,7.21999979019165,7.019999980926514,7.019999980926514,215787
2024-12-12,7.019999980926514,7.139999866485596,6.900000095367432,7.139999866485596,14279
2024-12-13,7.139999866485596,7.139999866485596,6.920000076293945,7.019999980926514,5592
2024-12-16,7.039999961853027,7.119999885559082,6.960000038146973,7.019999980926514,16371
2024-12-17,7.039999961853027,7.059999942779541,6.920000076293945,7.019999980926514,23164
2024-12-18,7.0,7.0,6.900000095367432,6.980000019073486,15479
2024-12-19,6.980000019073486,6.980000019073486,6.900000095367432,6.980000019073486,9010
2024-12-20,6.980000019073486,7.0,6.880000114440918,6.980000019073486,22439
2024-12-23,7.0,7.079999923706055,6.940000057220459,7.039999961853027,17505
2024-12-27,7.039999961853027,7.199999809265137,7.039999961853027,7.039999961853027,7913
2024-12-30,7.139999866485596,7.340000152587891,7.139999866485596,7.28000020980835,12097
2025-01-02,7.300000190734863,7.820000171661377,7.300000190734863,7.820000171661377,50890
2025-01-03,7.840000152587891,8.0,7.820000171661377,7.900000095367432,8806
2025-01-07,8.0,8.520000457763672,8.0,8.420000076293945,35840
2025-01-08,8.5,8.600000381469727,8.0600004196167,8.300000190734863,14266
2025-01-09,8.319999694824219,8.4399995803833,8.300000190734863,8.380000114440918,97362
2025-01-10,8.399999618530273,8.4399995803833,8.100000381469727,8.239999771118164,61443
2025-01-13,8.199999809265137,8.239999771118164,8.15999984741211,8.239999771118164,1760
2025-01-14,8.180000305175781,8.180000305175781,7.940000057220459,8.0,7432
2025-01-15,8.0,8.199999809265137,7.800000190734863,8.0,6543
2025-01-16,8.0,8.0,7.800000190734863,7.920000076293945,2791
2025-01-17,8.0,8.119999885559082,7.900000095367432,8.079999923706055,4848
2025-01-20,8.100000381469727,8.4399995803833,8.0,8.420000076293945,12717
2025-01-21,8.420000076293945,8.600000381469727,8.359999656677246,8.600000381469727,16370
2025-01-22,8.4399995803833,9.100000381469727,8.4399995803833,9.100000381469727,16492
2025-01-23,9.079999923706055,9.100000381469727,8.859999656677246,8.920000076293945,46324
2025-01-24,8.920000076293945,9.079999923706055,8.880000114440918,8.920000076293945,4491
2025-01-27,8.899999618530273,9.0,8.779999732971191,8.960000038146973,6604
2025-01-28,8.960000038146973,9.039999961853027,8.819999694824219,8.960000038146973,3524
2025-01-29,8.979999542236328,9.039999961853027,8.779999732971191,8.859999656677246,3056
2025-01-30,8.899999618530273,8.920000076293945,8.779999732971191,8.859999656677246,4163
2025-01-31,8.899999618530273,8.899999618530273,8.619999885559082,8.800000190734863,2916
2025-02-03,8.84000015258789,8.84000015258789,8.300000190734863,8.5,18289
2025-02-04,8.5,8.920000076293945,8.5,8.880000114440918,9409
2025-02-05,8.9399995803833,8.960000038146973,8.800000190734863,8.859999656677246,2185
2025-02-06,8.859999656677246,8.899999618530273,8.800000190734863,8.899999618530273,5692
2025-02-07,8.920000076293945,9.0,8.779999732971191,9.0,8231
2025-02-10,9.0,9.0,8.84000015258789,8.960000038146973,7568
2025-02-11,8.899999618530273,9.319999694824219,8.899999618530273,8.960000038146973,186845
2025-02-12,8.960000038146973,9.100000381469727,8.84000015258789,8.899999618530273,12100
2025-02-13,8.979999542236328,9.100000381469727,8.899999618530273,9.020000457763672,5970
2025-02-14,9.020000457763672,9.100000381469727,8.800000190734863,8.899999618530273,9896
2025-02-17,8.899999618530273,9.319999694824219,8.899999618530273,9.100000381469727,15953
2025-02-18,9.100000381469727,9.100000381469727,8.5,8.9399995803833,14682
2025-02-19,8.899999618530273,8.899999618530273,8.619999885559082,8.619999885559082,17583
2025-02-20,8.779999732971191,8.779999732971191,8.619999885559082,8.680000305175781,4746
2025-02-21,8.739999771118164,8.899999618530273,8.600000381469727,8.899999618530273,8386
2025-02-24,9.0,9.0,8.800000190734863,8.819999694824219,4737
2025-02-25,8.819999694824219,8.819999694824219,8.699999809265137,8.819999694824219,2360
2025-02-26,8.880000114440918,8.899999618530273,8.819999694824219,8.899999618530273,1372
2025-02-27,8.880000114440918,8.899999618530273,8.520000457763672,8.720000267028809,11721
2025-02-28,8.720000267028809,8.720000267028809,8.579999923706055,8.699999809265137,1497
2025-03-03,8.720000267028809,8.800000190734863,8.600000381469727,8.800000190734863,2539
2025-03-04,8.800000190734863,8.800000190734863,8.300000190734863,8.4399995803833,17706
2025-03-05,8.4399995803833,8.779999732971191,8.4399995803833,8.5600004196167,1755
2025-03-06,8.760000228881836,8.880000114440918,8.199999809265137,8.619999885559082,10370
2025-03-07,8.640000343322754,8.800000190734863,8.359999656677246,8.5,7070
2025-03-10,8.5,8.5600004196167,8.4399995803833,8.460000038146973,1253
2025-03-11,8.4399995803833,9.140000343322754,8.420000076293945,9.039999961853027,23797
2025-03-12,9.100000381469727,9.279999732971191,9.039999961853027,9.199999809265137,13344
2025-03-13,9.199999809265137,9.279999732971191,9.039999961853027,9.279999732971191,65026
2025-03-14,9.279999732971191,9.520000457763672,9.119999885559082,9.479999542236328,56524
2025-03-17,9.479999542236328,9.859999656677246,9.479999542236328,9.819999694824219,261822
2025-03-18,9.880000114440918,10.100000381469727,9.819999694824219,9.920000076293945,244552
2025-03-19,9.899999618530273,9.899999618530273,9.5,9.5,210207
2025-03-20,9.579999923706055,9.800000190734863,9.220000267028809,9.260000228881836,11375
2025-03-21,9.34000015258789,9.600000381469727,9.220000267028809,9.4399995803833,5120
2025-03-24,9.399999618530273,9.5,9.380000114440918,9.399999618530273,8349
2025-03-25,9.399999618530273,9.680000305175781,9.300000190734863,9.65999984741211,7980
2025-03-26,9.699999809265137,9.899999618530273,9.579999923706055,9.779999732971191,8352
2025-03-27,9.739999771118164,9.739999771118164,9.600000381469727,9.680000305175781,4206
2025-03-28,9.65999984741211,9.680000305175781,9.279999732971191,9.5,7141
2025-03-31,9.5,9.5,9.020000457763672,9.239999771118164,6580
2025-04-01,9.239999771118164,9.34000015258789,9.119999885559082,9.220000267028809,1420
2025-04-02,9.239999771118164,9.239999771118164,9.15999984741211,9.15999984741211,3024
2025-04-03,9.140000343322754,9.140000343322754,8.739999771118164,8.899999618530273,8179
2025-04-04,8.739999771118164,8.899999618530273,8.260000228881836,8.579999923706055,9482
2025-04-07,8.399999618530273,8.640000343322754,8.0,8.5,16257
2025-04-08,8.680000305175781,8.920000076293945,8.640000343322754,8.760000228881836,3023
2025-04-09,8.600000381469727,9.100000381469727,8.600000381469727,8.760000228881836,7746
2025-04-10,9.0,9.239999771118164,9.0,9.140000343322754,3310
2025-04-11,9.140000343322754,9.260000228881836,9.140000343322754,9.15999984741211,1330
2025-04-14,9.199999809265137,9.260000228881836,9.0600004196167,9.260000228881836,4918
2025-04-15,9.300000190734863,9.760000228881836,9.100000381469727,9.119999885559082,237394
2025-04-16,9.579999923706055,9.680000305175781,9.100000381469727,9.399999618530273,24410
2025-04-17,9.640000343322754,9.640000343322754,9.300000190734863,9.5,3839
2025-04-22,9.539999961853027,9.680000305175781,9.359999656677246,9.640000343322754,10127
2025-04-23,9.640000343322754,10.949999809265137,9.520000457763672,10.600000381469727,120204
2025-04-24,10.600000381469727,10.600000381469727,10.149999618530273,10.350000381469727,50754
2025-04-25,10.350000381469727,10.75,10.0,10.300000190734863,138355
2025-04-28,10.300000190734863,10.75,10.300000190734863,10.550000190734863,50071
2025-04-29,10.699999809265137,11.199999809265137,10.699999809265137,10.850000381469727,158480
2025-04-30,10.850000381469727,10.850000381469727,10.449999809265137,10.800000190734863,24551
2025-05-02,10.600000381469727,11.0,10.550000190734863,10.800000190734863,10426
2025-05-05,10.800000190734863,10.949999809265137,10.75,10.949999809265137,25386
2025-05-06,10.949999809265137,10.949999809265137,10.5,10.600000381469727,18315
2025-05-07,10.699999809265137,11.0,10.699999809265137,11.0,18721
2025-05-08,11.100000381469727,11.5,10.949999809265137,11.5,52404
2025-05-09,11.5,11.75,11.399999618530273,11.5,24893
2025-05-12,11.550000190734863,11.75,11.199999809265137,11.649999618530273,32922
2025-05-13,11.649999618530273,11.899999618530273,11.600000381469727,11.800000190734863,16093
2025-05-14,12.0,12.25,11.649999618530273,12.0,43796
2025-05-15,11.649999618530273,12.0,11.649999618530273,11.949999809265137,7798
2025-05-16,11.949999809265137,12.0,11.649999618530273,11.699999809265137,4778
2025-05-19,11.699999809265137,11.699999809265137,11.25,11.449999809265137,17026
2025-05-20,10.5,10.800000190734863,10.399999618530273,10.800000190734863,76330
2025-05-21,10.800000190734863,10.949999809265137,10.800000190734863,10.949999809265137,36694
2025-05-22,10.899999618530273,11.0,10.699999809265137,10.949999809265137,8541
2025-05-23,10.800000190734863,10.800000190734863,10.300000190734863,10.600000381469727,78512
2025-05-26,10.600000381469727,11.25,10.5,11.0,16624
2025-05-27,11.0,11.149999618530273,10.899999618530273,11.050000190734863,12792
2025-05-28,11.100000381469727,11.100000381469727,10.850000381469727,11.0,4385
2025-05-29,11.0,11.399999618530273,10.899999618530273,11.0,38391
2025-05-30,11.100000381469727,11.199999809265137,10.899999618530273,11.100000381469727,69239
2025-06-02,10.5,10.949999809265137,10.449999809265137,10.899999618530273,9094
2025-06-03,10.699999809265137,10.800000190734863,10.600000381469727,10.699999809265137,5564
2025-06-04,10.649999618530273,10.699999809265137,10.5,10.5,3346
2025-06-05,10.550000190734863,10.899999618530273,10.550000190734863,10.699999809265137,3459
2025-06-06,10.600000381469727,10.850000381469727,10.600000381469727,10.600000381469727,3015
2025-06-09,10.550000190734863,10.699999809265137,10.5,10.699999809265137,3067
2025-06-10,10.649999618530273,10.699999809265137,10.5,10.649999618530273,4987
2025-06-11,10.75,10.75,10.550000190734863,10.699999809265137,4715
2025-06-12,10.699999809265137,10.699999809265137,10.5,10.699999809265137,4916
2025-06-13,10.449999809265137,10.899999618530273,10.449999809265137,10.800000190734863,9018
2025-06-16,10.800000190734863,10.850000381469727,10.649999618530273,10.800000190734863,3863
2025-06-17,10.75,10.75,10.5,10.5,5151
2025-06-18,10.699999809265137,10.800000190734863,10.350000381469727,10.699999809265137,56573
2025-06-20,10.75,10.75,10.199999809265137,10.550000190734863,7149
2025-06-23,10.300000190734863,10.449999809265137,10.0,10.25,12758
2025-06-24,10.25,10.300000190734863,10.149999618530273,10.300000190734863,1307
2025-06-25,10.300000190734863,10.399999618530273,10.300000190734863,10.300000190734863,1880
2025-06-26,10.199999809265137,10.399999618530273,10.199999809265137,10.399999618530273,2310
2025-06-27,10.399999618530273,10.800000190734863,10.399999618530273,10.600000381469727,4058
2025-06-30,10.649999618530273,10.800000190734863,10.550000190734863,10.600000381469727,1799
2025-07-01,10.699999809265137,10.800000190734863,10.399999618530273,10.649999618530273,4220
2025-07-02,10.649999618530273,10.800000190734863,10.449999809265137,10.800000190734863,6762
2025-07-03,11.25,11.5,11.149999618530273,11.5,55403
2025-07-04,11.649999618530273,11.75,11.350000381469727,11.600000381469727,16794
2025-07-07,11.399999618530273,11.600000381469727,11.350000381469727,11.550000190734863,17976
2025-07-08,11.550000190734863,11.550000190734863,11.100000381469727,11.100000381469727,5268
2025-07-09,11.149999618530273,11.25,10.649999618530273,10.949999809265137,14280
2025-07-10,11.0,11.149999618530273,10.949999809265137,11.050000190734863,2524
2025-07-11,11.050000190734863,11.100000381469727,10.850000381469727,11.100000381469727,2864
2025-07-14,11.100000381469727,11.199999809265137,10.949999809265137,11.100000381469727,4834
2025-07-15,11.100000381469727,11.149999618530273,10.949999809265137,11.100000381469727,1360
2025-07-16,11.100000381469727,11.25,11.050000190734863,11.050000190734863,55721
2025-07-17,11.050000190734863,11.25,11.0,11.25,27868
2025-07-18,11.199999809265137,11.25,10.899999618530273,11.100000381469727,3499
2025-07-21,11.100000381469727,11.300000190734863,10.899999618530273,11.149999618530273,6291
2025-07-22,11.550000190734863,11.699999809265137,11.300000190734863,11.550000190734863,29874
2025-07-23,11.600000381469727,11.699999809265137,11.399999618530273,11.399999618530273,8355
2025-07-24,11.550000190734863,11.600000381469727,11.449999809265137,11.5,1527
2025-07-25,11.600000381469727,11.600000381469727,11.350000381469727,11.5,6594
2025-07-28,11.5,11.5,11.350000381469727,11.350000381469727,5833
2025-07-29,11.399999618530273,11.399999618530273,11.100000381469727,11.199999809265137,13132
2025-07-30,11.199999809265137,11.25,11.0,11.199999809265137,5281
2025-07-31,11.199999809265137,11.25,10.949999809265137,11.25,2070
2025-08-01,11.25,11.25,10.600000381469727,10.600000381469727,5415
2025-08-04,10.699999809265137,10.949999809265137,10.699999809265137,10.899999618530273,2131
2025-08-05,10.800000190734863,10.949999809265137,10.699999809265137,10.800000190734863,6145
2025-08-06,10.699999809265137,10.75,10.5,10.75,2786
2025-08-07,10.75,10.800000190734863,10.350000381469727,10.800000190734863,10589
2025-08-08,10.600000381469727,10.800000190734863,10.600000381469727,10.800000190734863,2993
2025-08-11,10.800000190734863,10.800000190734863,10.550000190734863,10.600000381469727,3469
2025-08-12,10.649999618530273,10.699999809265137,10.600000381469727,10.649999618530273,2498
2025-08-13,10.600000381469727,10.800000190734863,10.600000381469727,10.649999618530273,8877
2025-08-14,10.600000381469727,10.600000381469727,10.149999618530273,10.350000381469727,5416
2025-08-18,10.350000381469727,10.600000381469727,10.350000381469727,10.5,2099
2025-08-19,10.550000190734863,10.699999809265137,10.550000190734863,10.699999809265137,2447
2025-08-20,10.699999809265137,10.699999809265137,10.449999809265137,10.5,11260
2025-08-21,10.649999618530273,10.699999809265137,10.399999618530273,10.399999618530273,1257
2025-08-22,10.5,10.699999809265137,10.350000381469727,10.600000381469727,1213
2025-08-25,10.699999809265137,10.75,10.399999618530273,10.399999618530273,2079
2025-08-26,10.449999809265137,10.5,10.25,10.300000190734863,4792
2025-08-27,10.300000190734863,10.300000190734863,10.149999618530273,10.199999809265137,4943
2025-08-28,10.199999809265137,10.25,10.0,10.100000381469727,2352
2025-08-29,10.149999618530273,10.300000190734863,9.960000038146973,9.979999542236328,5377
2025-09-01,9.979999542236328,10.199999809265137,9.979999542236328,10.199999809265137,3602
2025-09-02,10.199999809265137,10.300000190734863,9.979999542236328,10.300000190734863,3959
2025-09-03,10.300000190734863,10.300000190734863,10.050000190734863,10.199999809265137,785
2025-09-04,10.100000381469727,10.25,9.859999656677246,10.25,10307
2025-09-05,10.25,10.300000190734863,10.100000381469727,10.149999618530273,3779
2025-09-08,10.149999618530273,10.149999618530273,9.899999618530273,9.920000076293945,6739
2025-09-09,10.100000381469727,10.100000381469727,9.600000381469727,9.760000228881836,9987
2025-09-10,9.779999732971191,9.779999732971191,9.600000381469727,9.720000267028809,4646
2025-09-11,9.760000228881836,9.899999618530273,9.520000457763672,9.880000114440918,4865
2025-09-12,9.819999694824219,9.920000076293945,9.800000190734863,9.859999656677246,2939
2025-09-15,9.920000076293945,10.149999618530273,9.899999618530273,9.979999542236328,4223
2025-09-16,9.979999542236328,10.100000381469727,9.819999694824219,9.899999618530273,2652
2025-09-17,9.899999618530273,9.899999618530273,9.84000015258789,9.880000114440918,1391
2025-09-18,9.960000038146973,10.100000381469727,9.960000038146973,10.0,1103
2025-09-19,10.100000381469727,10.25,9.960000038146973,10.25,10668
2025-09-22,10.25,10.25,10.0,10.100000381469727,4562
2025-09-23,10.100000381469727,10.100000381469727,10.0,10.0,2096
2025-09-24,10.100000381469727,10.199999809265137,9.9399995803833,9.9399995803833,4113
2025-09-25,10.0,10.199999809265137,9.920000076293945,10.0,1821
2025-09-26,10.0,11.0,10.0,10.699999809265137,50847
2025-09-29,11.149999618530273,11.449999809265137,11.0,11.449999809265137,55962
2025-09-30,11.600000381469727,11.600000381469727,11.149999618530273,11.350000381469727,18566
2025-10-01,11.350000381469727,11.600000381469727,11.100000381469727,11.25,16851
2025-10-02,11.25,11.25,11.050000190734863,11.25,4071
2025-10-03,11.25,11.25,10.699999809265137,11.050000190734863,20379
2025-10-06,11.050000190734863,11.100000381469727,10.75,10.899999618530273,5184
2025-10-07,10.75,11.100000381469727,10.75,10.850000381469727,2034
2025-10-08,10.949999809265137,11.0,10.899999618530273,10.899999618530273,6081
2025-10-09,11.0,11.199999809265137,10.800000190734863,10.949999809265137,8821
2025-10-10,10.899999618530273,11.0,10.699999809265137,10.75,2099
2025-10-13,10.699999809265137,10.850000381469727,10.600000381469727,10.75,6329
2025-10-14,10.850000381469727,10.850000381469727,10.350000381469727,10.550000190734863,6779
2025-10-15,10.5,10.699999809265137,10.350000381469727,10.699999809265137,5582
2025-10-16,10.699999809265137,10.850000381469727,10.649999618530273,10.850000381469727,4043
2025-10-17,10.800000190734863,10.800000190734863,10.5,10.649999618530273,4503
2025-10-20,10.800000190734863,10.899999618530273,10.550000190734863,10.800000190734863,3370
2025-10-21,10.899999618530273,10.899999618530273,10.300000190734863,10.5,8763
2025-10-22,10.550000190734863,11.100000381469727,10.5,11.100000381469727,23668
2025-10-23,11.100000381469727,11.25,10.899999618530273,11.0,13501
2025-10-24,11.100000381469727,11.25,10.949999809265137,11.050000190734863,5094
2025-10-27,11.199999809265137,11.199999809265137,10.800000190734863,11.0,4394
2025-10-28,11.0,11.050000190734863,10.850000381469727,11.050000190734863,6918
2025-10-29,11.050000190734863,11.050000190734863,10.800000190734863,11.0,6443
2025-10-30,11.100000381469727,11.149999618530273,10.800000190734863,11.149999618530273,6768
2025-10-31,11.25,11.399999618530273,11.0,11.300000190734863,16031
2025-11-03,11.350000381469727,11.350000381469727,11.050000190734863,11.149999618530273,4434
2025-11-04,11.399999618530273,11.899999618530273,11.25,11.699999809265137,55346
2025-11-05,11.800000190734863,12.649999618530273,11.800000190734863,12.550000190734863,73954
2025-11-06,12.600000381469727,12.600000381469727,12.300000190734863,12.5,24596
2025-11-07,12.449999809265137,12.699999809265137,12.399999618530273,12.699999809265137,25286
2025-11-10,12.550000190734863,12.800000190734863,12.5,12.75,7545
2025-11-12,12.800000190734863,12.800000190734863,12.399999618530273,12.600000381469727,10096
2025-11-13,12.600000381469727,12.699999809265137,12.449999809265137,12.649999618530273,4222
2025-11-14,12.649999618530273,12.75,12.600000381469727,12.649999618530273,9844
2025-11-17,12.649999618530273,12.649999618530273,12.550000190734863,12.649999618530273,11802
2025-11-18,12.300000190734863,12.5,12.100000381469727,12.100000381469727,20650
2025-11-19,12.100000381469727,12.399999618530273,12.050000190734863,12.399999618530273,4170
2025-11-20,12.399999618530273,12.5,12.350000381469727,12.399999618530273,5248
2025-11-21,12.350000381469727,12.5,12.25,12.5,6231
2025-11-24,12.449999809265137,12.600000381469727,12.350000381469727,12.600000381469727,3425
2025-11-25,12.399999618530273,13.199999809265137,12.399999618530273,12.800000190734863,28140
2025-11-26,12.699999809265137,12.949999809265137,12.600000381469727,12.75,2909
2025-11-27,12.800000190734863,13.199999809265137,12.5,13.100000381469727,10794
2025-11-28,13.149999618530273,13.449999809265137,13.050000190734863,13.300000190734863,10419
2025-12-01,13.5,13.800000190734863,13.5,13.800000190734863,21190
2025-12-02,13.800000190734863,13.949999809265137,13.5,13.949999809265137,16125
2025-12-03,13.949999809265137,14.0,13.649999618530273,13.850000381469727,7111
2025-12-04,13.600000381469727,13.75,13.050000190734863,13.300000190734863,19169
2025-12-05,13.399999618530273,13.550000190734863,13.0,13.199999809265137,11053
2025-12-08,13.350000381469727,13.800000190734863,13.25,13.800000190734863,10357
2025-12-09,13.899999618530273,14.0,13.850000381469727,13.949999809265137,6697
2025-12-10,14.0,14.0,13.800000190734863,13.800000190734863,5425
2025-12-11,13.699999809265137,13.949999809265137,13.699999809265137,13.949999809265137,2423
2025-12-12,13.449999809265137,13.949999809265137,13.449999809265137,13.899999618530273,14554
2025-12-15,13.899999618530273,13.899999618530273,13.25,13.800000190734863,5541
2025-12-16,13.800000190734863,14.300000190734863,13.800000190734863,14.149999618530273,30561
2025-12-17,14.149999618530273,14.350000381469727,14.0,14.199999809265137,16788
2025-12-18,14.199999809265137,14.199999809265137,13.75,14.0,4612
2025-12-19,14.0,14.0,13.699999809265137,13.800000190734863,4320
2025-12-22,14.100000381469727,14.100000381469727,13.699999809265137,13.899999618530273,3643
2025-12-23,13.800000190734863,13.899999618530273,13.699999809265137,13.800000190734863,2188
2025-12-29,14.050000190734863,14.350000381469727,13.800000190734863,13.899999618530273,14050
2025-12-30,14.199999809265137,14.199999809265137,13.850000381469727,14.149999618530273,179944
2026-01-02,14.149999618530273,14.550000190734863,14.149999618530273,14.550000190734863,14914
2026-01-05,14.949999809265137,15.5,14.800000190734863,14.899999618530273,12163
2026-01-07,14.800000190734863,15.399999618530273,14.649999618530273,15.050000190734863,33148
2026-01-08,15.050000190734863,15.050000190734863,14.449999809265137,14.800000190734863,6336
2026-01-09,14.850000381469727,14.899999618530273,14.600000381469727,14.800000190734863,7746
2026-01-12,15.300000190734863,15.300000190734863,14.449999809265137,14.600000381469727,29664
2026-01-13,14.600000381469727,14.600000381469727,14.0,14.25,14099
2026-01-14,14.199999809265137,14.399999618530273,13.75,14.0,8734
2026-01-15,14.100000381469727,14.100000381469727,13.300000190734863,13.649999618530273,12147
2026-01-16,13.649999618530273,13.850000381469727,13.25,13.5,13071
2026-01-19,13.449999809265137,13.449999809265137,12.699999809265137,13.0,20826
2026-01-20,12.899999618530273,13.699999809265137,12.699999809265137,13.300000190734863,13995
2026-01-21,13.350000381469727,13.699999809265137,13.300000190734863,13.5,5611
2026-01-22,13.75,14.0,13.449999809265137,13.899999618530273,19819
2026-01-23,13.850000381469727,14.550000190734863,13.800000190734863,14.399999618530273,7350
2026-01-26,14.199999809265137,14.75,13.899999618530273,14.399999618530273,10222
2026-01-27,14.699999809265137,14.699999809265137,14.100000381469727,14.550000190734863,9450
2026-01-28,14.550000190734863,15.350000381469727,14.100000381469727,15.350000381469727,30989
2026-01-29,15.300000190734863,15.449999809265137,14.949999809265137,15.449999809265137,14613
2026-01-30,15.350000381469727,15.350000381469727,14.600000381469727,14.949999809265137,13530
2026-02-02,15.100000381469727,15.100000381469727,14.600000381469727,14.850000381469727,30875
2026-02-03,15.100000381469727,15.149999618530273,14.850000381469727,15.050000190734863,14694
2026-02-04,15.149999618530273,15.199999809265137,14.75,15.149999618530273,6429
2026-02-05,15.5,15.800000190734863,15.100000381469727,15.649999618530273,33522
2026-02-06,15.550000190734863,15.75,15.300000190734863,15.699999809265137,15557
2026-02-09,15.699999809265137,15.949999809265137,15.699999809265137,15.699999809265137,28074
2026-02-10,15.800000190734863,16.0,15.800000190734863,15.949999809265137,11422
2026-02-11,16.0,16.0,15.600000381469727,15.75,11636
2026-02-12,15.800000190734863,16.100000381469727,15.649999618530273,15.949999809265137,10562
2026-02-13,15.800000190734863,15.949999809265137,15.449999809265137,15.800000190734863,6582
2026-02-16,16.25,16.299999237060547,15.550000190734863,15.550000190734863,29498
2026-02-17,16.0,16.350000381469727,15.600000381469727,15.850000381469727,12930
2026-02-18,15.899999618530273,16.049999237060547,15.600000381469727,15.949999809265137,10278
2026-02-19,15.949999809265137,16.0,15.550000190734863,15.899999618530273,14368
2026-02-20,16.0,16.049999237060547,15.550000190734863,15.949999809265137,22300
2026-02-23,15.949999809265137,16.600000381469727,15.949999809265137,16.350000381469727,25637
2026-02-24,16.25,16.299999237060547,15.899999618530273,16.100000381469727,11075
2026-02-25,16.049999237060547,16.100000381469727,15.800000190734863,16.0,11789
2026-02-26,16.100000381469727,16.149999618530273,15.649999618530273,15.850000381469727,9275
2026-02-27,15.899999618530273,15.949999809265137,15.600000381469727,15.649999618530273,8282
2026-03-02,15.75,16.200000762939453,15.449999809265137,15.800000190734863,65286
2026-03-03,16.0,16.25,15.100000381469727,15.149999618530273,29116
2026-03-04,15.300000190734863,15.850000381469727,15.300000190734863,15.850000381469727,5702
2026-03-05,15.5,17.049999237060547,15.449999809265137,16.700000762939453,49074
2026-03-06,16.700000762939453,17.0,16.549999237060547,16.850000381469727,18567
2026-03-09,17.0,17.0,16.149999618530273,16.450000762939453,19512
2026-03-10,16.899999618530273,16.899999618530273,16.450000762939453,16.5,6013
2026-03-11,16.600000381469727,16.799999237060547,16.25,16.600000381469727,3367
2026-03-12,16.600000381469727,16.600000381469727,15.649999618530273,16.0,10022
2026-03-13,15.949999809265137,16.299999237060547,15.399999618530273,15.800000190734863,8548
2026-03-16,15.800000190734863,16.0,15.550000190734863,15.699999809265137,10426
2026-03-17,15.850000381469727,16.200000762939453,15.550000190734863,15.699999809265137,20229
2026-03-18,15.649999618530273,16.100000381469727,15.649999618530273,16.100000381469727,11727
2026-03-19,16.0,16.0,15.550000190734863,15.600000381469727,6407
2026-03-20,15.899999618530273,16.0,15.550000190734863,15.550000190734863,13481
2026-03-23,15.550000190734863,15.550000190734863,14.600000381469727,15.300000190734863,17586
2026-03-24,15.300000190734863,15.300000190734863,14.399999618530273,14.449999809265137,13333
2026-03-25,14.350000381469727,14.699999809265137,14.199999809265137,14.350000381469727,18121
2026-03-26,14.300000190734863,14.800000190734863,14.199999809265137,14.5,4048
2026-03-27,14.699999809265137,14.699999809265137,13.600000381469727,13.949999809265137,20938
2026-03-30,13.75,14.0,13.300000190734863,14.0,68131
2026-03-31,13.699999809265137,14.149999618530273,13.600000381469727,13.949999809265137,11518
2026-04-01,13.75,14.25,13.699999809265137,13.699999809265137,17546
2026-04-02,13.899999618530273,14.149999618530273,13.75,14.0,7755
2026-04-07,14.0,14.699999809265137,13.9399995803833,14.380000114440918,16801
2026-04-08,14.399999618530273,15.300000190734863,14.399999618530273,15.039999961853027,16925
2026-04-09,15.239999771118164,15.579999923706055,14.0,15.539999961853027,114378
2026-04-10,15.600000381469727,16.100000381469727,15.539999961853027,16.059999465942383,22533
2026-04-13,16.059999465942383,16.059999465942383,15.260000228881836,15.380000114440918,11140
2026-04-14,15.300000190734863,15.460000038146973,15.0600004196167,15.0600004196167,20945
2026-04-15,15.0,15.399999618530273,14.779999732971191,14.920000076293945,8761
2026-04-16,14.960000038146973,15.0600004196167,14.699999809265137,14.739999771118164,8997
2026-04-17,14.5,14.899999618530273,14.34000015258789,14.720000267028809,10307
2026-04-20,14.720000267028809,14.979999542236328,14.239999771118164,14.739999771118164,15187
2026-04-21,15.0,15.800000190734863,14.84000015258789,15.720000267028809,20053
2026-04-22,15.800000190734863,16.100000381469727,15.4399995803833,16.0,15899
2026-04-23,15.979999542236328,15.979999542236328,15.779999732971191,15.779999732971191,5412
2026-04-24,15.899999618530273,15.899999618530273,15.100000381469727,15.319999694824219,21367
2026-04-27,15.34000015258789,15.600000381469727,15.300000190734863,15.300000190734863,8729
2026-04-28,15.779999732971191,16.18000030517578,14.800000190734863,14.920000076293945,39201
2026-04-29,15.0,15.279999732971191,14.899999618530273,14.960000038146973,7961
2026-04-30,15.0,15.0,14.5600004196167,15.0,9391
2026-05-04,14.899999618530273,15.0,14.699999809265137,14.739999771118164,8498
2026-05-05,15.180000305175781,15.180000305175781,14.640000343322754,14.960000038146973,12856
2026-05-06,15.0,15.140000343322754,14.640000343322754,14.84000015258789,22231
2026-05-07,14.84000015258789,14.899999618530273,14.699999809265137,14.739999771118164,2200
2026-05-08,14.739999771118164,14.9399995803833,14.699999809265137,14.920000076293945,6650
2026-05-11,14.920000076293945,15.0,14.760000228881836,14.760000228881836,12754
2026-05-12,14.699999809265137,14.899999618530273,14.399999618530273,14.5,6247
2026-05-13,14.5,14.680000305175781,13.899999618530273,14.300000190734863,13942
2026-05-14,14.300000190734863,14.300000190734863,13.880000114440918,14.100000381469727,10099
2026-05-15,14.0600004196167,14.0600004196167,13.600000381469727,13.859999656677246,10780
2026-05-18,13.800000190734863,13.800000190734863,13.199999809265137,13.300000190734863,12319
2026-05-19,13.279999732971191,14.65999984741211,12.680000305175781,14.34000015258789,61918
2026-05-20,14.539999961853027,14.5600004196167,13.960000038146973,14.100000381469727,9612
2026-05-21,14.039999961853027,14.039999961853027,13.600000381469727,13.720000267028809,10629
2026-05-22,13.819999694824219,13.819999694824219,13.5,13.720000267028809,4795
2026-05-25,13.699999809265137,13.84000015258789,13.520000457763672,13.84000015258789,14245
2026-05-26,13.84000015258789,14.220000267028809,13.699999809265137,14.180000305175781,4904
2026-05-27,14.140000343322754,14.180000305175781,14.0,14.0,4589
2026-05-28,14.0,14.140000343322754,14.0,14.0,10932
2026-05-29,14.020000457763672,14.100000381469727,13.920000076293945,13.9399995803833,4910
2026-06-01,13.9399995803833,13.9399995803833,13.399999618530273,13.65999984741211,17994
2026-06-02,13.65999984741211,13.739999771118164,13.479999542236328,13.600000381469727,12350
2026-06-03,13.600000381469727,13.600000381469727,13.180000305175781,13.199999809265137,9196
2026-06-05,13.119999885559082,13.119999885559082,12.239999771118164,12.34000015258789,43293
2026-06-08,12.539999961853027,12.699999809265137,12.239999771118164,12.34000015258789,7358
2026-06-09,12.199999809265137,12.300000190734863,12.039999961853027,12.199999809265137,19323
2026-06-10,12.279999732971191,12.279999732971191,12.0,12.0,11070
2026-06-11,11.960000038146973,12.239999771118164,11.960000038146973,12.100000381469727,5302
2026-06-12,12.180000305175781,12.34000015258789,12.0,12.020000457763672,18758
2026-06-15,12.279999732971191,12.34000015258789,12.020000457763672,12.020000457763672,19820
2026-06-16,12.020000457763672,12.859999656677246,12.0,12.84000015258789,20539
2026-06-17,12.260000228881836,12.920000076293945,12.260000228881836,12.739999771118164,35955
2026-06-18,13.0,13.800000190734863,13.0,13.399999618530273,22326
2026-06-19,13.5,13.520000457763672,13.119999885559082,13.260000228881836,3789
2026-06-22,12.720000267028809,12.899999618530273,12.460000038146973,12.800000190734863,45322
2026-06-23,12.619999885559082,12.739999771118164,12.619999885559082,12.65999984741211,1876
2026-06-24,12.65999984741211,12.9399995803833,12.65999984741211,12.739999771118164,10677
2026-06-25,12.859999656677246,13.199999809265137,12.859999656677246,13.020000457763672,7246
2026-06-26,13.0,13.0600004196167,12.680000305175781,13.0600004196167,13598
2026-06-29,13.0600004196167,13.140000343322754,12.920000076293945,13.020000457763672,3201
2026-06-30,13.0600004196167,13.140000343322754,13.020000457763672,13.020000457763672,1644
2026-07-01,13.0,13.15999984741211,13.0,13.0600004196167,6054
2026-07-02,13.0600004196167,13.479999542236328,13.0600004196167,13.279999732971191,6230
2026-07-03,13.279999732971191,13.279999732971191,13.0600004196167,13.260000228881836,1781
2026-07-06,13.180000305175781,13.260000228881836,13.119999885559082,13.260000228881836,5299
2026-07-07,13.260000228881836,13.260000228881836,13.100000381469727,13.239999771118164,4910
2026-07-08,13.15999984741211,13.220000267028809,12.979999542236328,12.979999542236328,10555
2026-07-09,13.140000343322754,13.319999694824219,13.0,13.220000267028809,6666
2026-07-10,13.319999694824219,13.819999694824219,13.239999771118164,13.460000038146973,10243
2026-07-13,13.479999542236328,13.880000114440918,13.460000038146973,13.819999694824219,12324
2026-07-14,13.819999694824219,13.859999656677246,13.479999542236328,13.760000228881836,5097
2026-07-15,13.800000190734863,13.800000190734863,13.34000015258789,13.619999885559082,5960
2026-07-16,13.539999961853027,13.539999961853027,12.699999809265137,13.020000457763672,22847
2026-07-17,13.020000457763672,13.020000457763672,12.84000015258789,12.960000038146973,1811
2026-07-20,12.84000015258789,13.020000457763672,12.699999809265137,12.859999656677246,3568
2026-07-21,12.859999656677246,13.020000457763672,12.600000381469727,12.920000076293945,4045
2026-07-22,12.640000343322754,13.199999809265137,12.640000343322754,13.079999923706055,7263
2026-07-23,13.199999809265137,13.300000190734863,12.600000381469727,12.979999542236328,6544
2026-07-24,12.699999809265137,13.0,12.699999809265137,12.960000038146973,3886
2026-07-27,12.960000038146973,12.960000038146973,12.800000190734863,12.960000038146973,1853
2026-07-28,13.0,13.199999809265137,12.800000190734863,13.140000343322754,4724
2026-07-29,13.140000343322754,13.199999809265137,12.960000038146973,13.119999885559082,2784
2026-07-30,13.140000343322754,13.760000228881836,13.0,13.699999809265137,21147
2026-07-31,13.699999809265137,13.699999809265137,13.5,13.640000343322754,2787
2026-08-03,13.680000305175781,13.979999542236328,13.220000267028809,13.699999809265137,12047
2026-08-04,13.9399995803833,13.9399995803833,13.699999809265137,13.899999618530273,4829
2026-08-05,13.899999618530273,14.0,13.779999732971191,14.0,5288
2026-08-06,13.899999618530273,14.020000457763672,13.739999771118164,13.779999732971191,4193
2026-08-07,13.779999732971191,13.779999732971191,13.699999809265137,13.779999732971191,4001
2026-08-10,13.859999656677246,13.920000076293945,13.4399995803833,13.699999809265137,5049
2026-08-11,13.699999809265137,14.600000381469727,13.380000114440918,14.0,18384
2026-08-12,14.020000457763672,14.039999961853027,13.699999809265137,13.739999771118164,4888
2026-08-13,13.739999771118164,13.739999771118164,13.4399995803833,13.4399995803833,5403
2026-08-14,13.4399995803833,14.100000381469727,13.260000228881836,13.4399995803833,16322
2026-08-17,13.4399995803833,13.4399995803833,13.100000381469727,13.140000343322754,3906
2026-08-18,13.260000228881836,13.600000381469727,13.239999771118164,13.520000457763672,2711
2026-08-19,13.5,13.5600004196167,13.260000228881836,13.5600004196167,1861
2026-08-20,13.5600004196167,13.5600004196167,13.119999885559082,13.380000114440918,5657
2026-08-21,13.5,13.5,13.34000015258789,13.479999542236328,1849
2026-08-24,13.800000190734863,13.800000190734863,13.460000038146973,13.779999732971191,10592
2026-08-25,14.0,14.199999809265137,13.699999809265137,13.899999618530273,20943
2026-08-26,13.600000381469727,14.100000381469727,13.600000381469727,13.859999656677246,9718
2026-08-27,13.84000015258789,13.859999656677246,13.380000114440918,13.600000381469727,14443
2026-08-28,13.420000076293945,13.819999694824219,13.420000076293945,13.819999694824219,5061
2026-08-31,13.739999771118164,13.899999618530273,13.739999771118164,13.859999656677246,4065
2026-09-01,13.84000015258789,13.84000015258789,13.539999961853027,13.600000381469727,5252
2026-09-02,14.0,14.600000381469727,13.899999618530273,14.399999618530273,20411
2026-09-03,14.399999618530273,14.960000038146973,14.300000190734863,14.960000038146973,24971
2026-09-04,14.800000190734863,16.260000228881836,14.640000343322754,14.899999618530273,102789
2026-09-08,15.260000228881836,15.319999694824219,15.020000457763672,15.199999809265137,2514
2026-09-09,15.199999809265137,15.199999809265137,14.859999656677246,15.180000305175781,4331
2026-09-10,15.199999809265137,15.34000015258789,15.0,15.279999732971191,4211
2026-09-11,15.279999732971191,15.779999732971191,15.279999732971191,15.539999961853027,20419
2026-09-14,15.680000305175781,15.779999732971191,15.220000267028809,15.380000114440918,4402
2026-09-15,15.779999732971191,15.859999656677246,15.0,15.0,18427
2026-09-17,14.520000457763672,14.640000343322754,14.5,14.539999961853027,344
2026-09-18,14.760000228881836,14.899999618530273,14.699999809265137,14.899999618530273,5432
