date,open,high,low,close,volume
2021-09-17,1.399999976158142,1.434000015258789,1.3760000467300415,1.3880000114440918,16055
2021-09-20,1.3899999856948853,1.3899999856948853,1.3760000467300415,1.3799999952316284,9900
2021-09-21,1.4160000085830688,1.440000057220459,1.350000023841858,1.399999976158142,46281
2021-09-22,1.399999976158142,1.4240000247955322,1.399999976158142,1.399999976158142,6937
2021-09-23,1.3819999694824219,1.4299999475479126,1.3799999952316284,1.4199999570846558,47280
2021-09-24,1.3919999599456787,1.409999966621399,1.3819999694824219,1.3819999694824219,3707
2021-09-27,1.3639999628067017,1.440000057220459,1.3639999628067017,1.3819999694824219,11749
2021-09-28,1.3799999952316284,1.399999976158142,1.3799999952316284,1.3799999952316284,12935
2021-09-29,1.4160000085830688,1.4160000085830688,1.4160000085830688,1.4160000085830688,100
2021-09-30,1.4140000343322754,1.4140000343322754,1.3700000047683716,1.3700000047683716,8518
2021-10-01,1.3660000562667847,1.3899999856948853,1.3600000143051147,1.3899999856948853,8342
2021-10-04,1.3799999952316284,1.3799999952316284,1.3639999628067017,1.3639999628067017,1050
2021-10-05,1.3519999980926514,1.399999976158142,1.3519999980926514,1.399999976158142,3456
2021-10-06,1.3880000114440918,1.3899999856948853,1.350000023841858,1.3799999952316284,7500
2021-10-07,1.3519999980926514,1.378000020980835,1.350000023841858,1.378000020980835,6450
2021-10-08,1.3760000467300415,1.3980000019073486,1.350000023841858,1.3639999628067017,35462
2021-10-11,1.3799999952316284,1.3819999694824219,1.350000023841858,1.3819999694824219,15342
2021-10-12,1.3700000047683716,1.3819999694824219,1.350000023841858,1.3600000143051147,8445
2021-10-13,1.350000023841858,1.3739999532699585,1.2999999523162842,1.3739999532699585,27550
2021-10-14,1.350000023841858,1.3799999952316284,1.350000023841858,1.3600000143051147,19242
2021-10-15,1.3600000143051147,1.3940000534057617,1.3600000143051147,1.3880000114440918,17295
2021-10-18,1.3600000143051147,1.3819999694824219,1.3300000429153442,1.340000033378601,18614
2021-10-19,1.3300000429153442,1.3559999465942383,1.2999999523162842,1.2999999523162842,23984
2021-10-20,1.3480000495910645,1.3480000495910645,1.3020000457763672,1.3380000591278076,12330
2021-10-21,1.3380000591278076,1.3459999561309814,1.3300000429153442,1.3459999561309814,10710
2021-10-22,1.3300000429153442,1.340000033378601,1.25,1.3259999752044678,15862
2021-10-25,1.2999999523162842,1.3240000009536743,1.2999999523162842,1.3220000267028809,1409
2021-10-26,1.2640000581741333,1.3140000104904175,1.2619999647140503,1.3140000104904175,3802
2021-10-27,1.2799999713897705,1.2860000133514404,1.2580000162124634,1.2580000162124634,15927
2021-10-28,1.2599999904632568,1.2999999523162842,1.2599999904632568,1.2999999523162842,18588
2021-10-29,1.2999999523162842,1.315999984741211,1.2899999618530273,1.315999984741211,5020
2021-11-02,1.2640000581741333,1.2979999780654907,1.2619999647140503,1.2979999780654907,6187
2021-11-03,1.25,1.2979999780654907,1.1720000505447388,1.2139999866485596,74641
2021-11-04,1.2400000095367432,1.25,1.1260000467300415,1.1959999799728394,46112
2021-11-05,1.1920000314712524,1.2599999904632568,1.149999976158142,1.2599999904632568,41088
2021-11-08,1.2599999904632568,1.309999942779541,1.2599999904632568,1.309999942779541,27231
2021-11-09,1.2740000486373901,1.4500000476837158,1.2740000486373901,1.4179999828338623,142940
2021-11-10,1.3519999980926514,1.4199999570846558,1.3519999980926514,1.4119999408721924,23583
2021-11-12,1.4119999408721924,1.4299999475479126,1.3600000143051147,1.406000018119812,20506
2021-11-15,1.406000018119812,1.409999966621399,1.3519999980926514,1.3600000143051147,9060
2021-11-16,1.3339999914169312,1.4259999990463257,1.2899999618530273,1.4199999570846558,31194
2021-11-17,1.4199999570846558,1.4299999475479126,1.3700000047683716,1.4199999570846558,11939
2021-11-18,1.399999976158142,1.409999966621399,1.3660000562667847,1.409999966621399,5439
2021-11-19,1.4040000438690186,1.4040000438690186,1.3600000143051147,1.3940000534057617,7140
2021-11-22,1.312000036239624,1.3860000371932983,1.3040000200271606,1.3799999952316284,12298
2021-11-23,1.3799999952316284,1.3799999952316284,1.3140000104904175,1.3700000047683716,3138
2021-11-24,1.3700000047683716,1.3700000047683716,1.3040000200271606,1.3600000143051147,12997
2021-11-25,1.305999994277954,1.340000033378601,1.2699999809265137,1.340000033378601,22813
2021-11-26,1.3279999494552612,1.3300000429153442,1.2619999647140503,1.3200000524520874,16254
2021-11-29,1.2999999523162842,1.2999999523162842,1.2699999809265137,1.2999999523162842,11672
2021-11-30,1.2139999866485596,1.2879999876022339,1.2039999961853027,1.2879999876022339,20761
2021-12-01,1.2860000133514404,1.343999981880188,1.2799999713897705,1.3420000076293945,22914
2021-12-02,1.340000033378601,1.3420000076293945,1.2699999809265137,1.2719999551773071,5760
2021-12-03,1.2999999523162842,1.2999999523162842,1.2339999675750732,1.25,20754
2021-12-06,1.2419999837875366,1.25,1.222000002861023,1.2400000095367432,18272
2021-12-07,1.2000000476837158,1.2380000352859497,1.2000000476837158,1.2020000219345093,15533
2021-12-08,1.2020000219345093,1.2100000381469727,1.194000005722046,1.2100000381469727,16874
2021-12-09,1.2100000381469727,1.2120000123977661,1.2000000476837158,1.2100000381469727,12559
2021-12-10,1.2120000123977661,1.2300000190734863,1.190000057220459,1.190000057220459,20715
2021-12-13,1.1959999799728394,1.2139999866485596,1.190000057220459,1.2139999866485596,11572
2021-12-14,1.2139999866485596,1.218000054359436,1.190000057220459,1.2000000476837158,21787
2021-12-15,1.194000005722046,1.2100000381469727,1.1799999475479126,1.2100000381469727,23215
2021-12-16,1.1920000314712524,1.2200000286102295,1.190000057220459,1.2100000381469727,21596
2021-12-17,1.2100000381469727,1.2100000381469727,1.1299999952316284,1.1339999437332153,32362
2021-12-20,1.1399999856948853,1.149999976158142,1.1200000047683716,1.1200000047683716,14115
2021-12-21,1.1200000047683716,1.149999976158142,1.100000023841858,1.1200000047683716,33884
2021-12-22,1.1200000047683716,1.149999976158142,1.0820000171661377,1.1200000047683716,102659
2021-12-23,1.1160000562667847,1.1160000562667847,1.0880000591278076,1.1139999628067017,67179
2021-12-27,1.100000023841858,1.1100000143051147,1.00600004196167,1.059999942779541,162123
2021-12-28,1.0299999713897705,1.059999942779541,1.0140000581741333,1.0499999523162842,734844
2021-12-29,1.0779999494552612,1.149999976158142,1.0399999618530273,1.1200000047683716,29379
2021-12-30,1.0920000076293945,1.1399999856948853,1.059999942779541,1.1399999856948853,17717
2022-01-03,1.1200000047683716,1.2300000190734863,1.1200000047683716,1.194000005722046,14379
2022-01-04,1.1399999856948853,1.2300000190734863,1.1399999856948853,1.2200000286102295,19281
2022-01-05,1.190000057220459,1.2200000286102295,1.159999966621399,1.2200000286102295,7936
2022-01-07,1.1720000505447388,1.2400000095367432,1.1720000505447388,1.2400000095367432,4968
2022-01-10,1.25,1.2599999904632568,1.1920000314712524,1.25,3823
2022-01-11,1.194000005722046,1.25,1.194000005722046,1.2280000448226929,4673
2022-01-12,1.2200000286102295,1.2680000066757202,1.1979999542236328,1.2100000381469727,4899
2022-01-13,1.2100000381469727,1.3300000429153442,1.2100000381469727,1.2599999904632568,45428
2022-01-14,1.2599999904632568,1.2999999523162842,1.2400000095367432,1.2999999523162842,16773
2022-01-17,1.25,1.25,1.25,1.25,827
2022-01-18,1.2899999618530273,1.315999984741211,1.2519999742507935,1.253999948501587,8613
2022-01-19,1.2799999713897705,1.2799999713897705,1.2300000190734863,1.2799999713897705,2605
2022-01-20,1.2239999771118164,1.25,1.1959999799728394,1.218000054359436,29043
2022-01-21,1.218000054359436,1.2200000286102295,1.2000000476837158,1.2200000286102295,5622
2022-01-24,1.1959999799728394,1.2200000286102295,1.0800000429153442,1.100000023841858,32795
2022-01-25,1.100000023841858,1.159999966621399,1.0700000524520874,1.1480000019073486,48650
2022-01-26,1.1480000019073486,1.190000057220459,1.1480000019073486,1.1579999923706055,2666
2022-01-27,1.093999981880188,1.1779999732971191,1.093999981880188,1.1239999532699585,8049
2022-01-28,1.1779999732971191,1.1779999732971191,1.1779999732971191,1.1779999732971191,50
2022-01-31,1.1059999465942383,1.1759999990463257,1.1059999465942383,1.1759999990463257,2183
2022-02-01,1.1779999732971191,1.1779999732971191,1.1779999732971191,1.1779999732971191,2509
2022-02-02,1.121999979019165,1.2100000381469727,1.121999979019165,1.2079999446868896,4887
2022-02-03,1.2079999446868896,1.2100000381469727,1.2079999446868896,1.2079999446868896,1950
2022-02-04,1.1339999437332153,1.2259999513626099,1.1299999952316284,1.1979999542236328,6601
2022-02-07,1.1979999542236328,1.2400000095367432,1.1360000371932983,1.2000000476837158,14282
2022-02-08,1.2000000476837158,1.2000000476837158,1.149999976158142,1.190000057220459,2095
2022-02-09,1.1699999570846558,1.1979999542236328,1.1540000438690186,1.1979999542236328,4171
2022-02-10,1.156000018119812,1.1979999542236328,1.149999976158142,1.1979999542236328,12899
2022-02-11,1.2000000476837158,1.2000000476837158,1.1640000343322754,1.1640000343322754,3059
2022-02-14,1.1239999532699585,1.1799999475479126,1.1200000047683716,1.1779999732971191,6211
2022-02-15,1.1759999990463257,1.1779999732971191,1.149999976158142,1.1779999732971191,4628
2022-02-16,1.1779999732971191,1.194000005722046,1.159999966621399,1.194000005722046,2251
2022-02-17,1.1920000314712524,1.1979999542236328,1.149999976158142,1.1779999732971191,7913
2022-02-18,1.1519999504089355,1.1519999504089355,1.1519999504089355,1.1519999504089355,2800
2022-02-21,1.149999976158142,1.149999976158142,1.100000023841858,1.1180000305175781,12763
2022-02-22,1.100000023841858,1.1019999980926514,1.0499999523162842,1.0880000591278076,16368
2022-02-23,1.090000033378601,1.1200000047683716,1.090000033378601,1.1100000143051147,6690
2022-02-24,1.0499999523162842,1.0499999523162842,0.949999988079071,0.9700000286102295,61719
2022-02-25,0.9700000286102295,1.055999994277954,0.9700000286102295,1.0399999618530273,67113
2022-02-28,0.9509999752044678,1.0399999618530273,0.9509999752044678,1.0360000133514404,15011
2022-03-01,1.0360000133514404,1.0499999523162842,1.0019999742507935,1.0479999780654907,5399
2022-03-02,1.0019999742507935,1.0180000066757202,0.9900000095367432,1.0140000581741333,16424
2022-03-03,1.0,1.0199999809265137,1.0,1.0199999809265137,6911
2022-03-04,1.027999997138977,1.0399999618530273,1.0,1.0,5273
2022-03-07,0.972000002861023,0.9990000128746033,0.9599999785423279,0.9599999785423279,27116
2022-03-08,0.9800000190734863,0.9890000224113464,0.9610000252723694,0.9800000190734863,10552
2022-03-09,0.9649999737739563,0.9959999918937683,0.9649999737739563,0.9890000224113464,10470
2022-03-10,0.9950000047683716,1.0399999618530273,0.9700000286102295,0.9980000257492065,9163
2022-03-11,0.9900000095367432,1.0379999876022339,0.9879999756813049,1.0299999713897705,9925
2022-03-14,1.0299999713897705,1.0299999713897705,0.9900000095367432,1.0219999551773071,13032
2022-03-15,1.0379999876022339,1.0379999876022339,1.0379999876022339,1.0379999876022339,150
2022-03-16,1.0399999618530273,1.0460000038146973,1.003999948501587,1.0399999618530273,553
2022-03-17,1.0199999809265137,1.0399999618530273,1.0119999647140503,1.0119999647140503,2705
2022-03-18,1.0160000324249268,1.0299999713897705,1.0160000324249268,1.0299999713897705,3655
2022-03-21,1.0379999876022339,1.0399999618530273,1.0299999713897705,1.0399999618530273,1378
2022-03-22,1.0240000486373901,1.0460000038146973,1.0199999809265137,1.0460000038146973,5512
2022-03-23,1.0460000038146973,1.059999942779541,1.0199999809265137,1.0299999713897705,11674
2022-03-24,1.0479999780654907,1.0479999780654907,1.0199999809265137,1.0199999809265137,10543
2022-03-25,1.0199999809265137,1.0299999713897705,0.9599999785423279,1.027999997138977,29249
2022-03-28,1.027999997138977,1.027999997138977,0.9819999933242798,1.0019999742507935,15952
2022-03-29,1.0,1.0499999523162842,0.9990000128746033,1.0499999523162842,11821
2022-03-30,1.0479999780654907,1.0479999780654907,1.0479999780654907,1.0479999780654907,2300
2022-03-31,1.059999942779541,1.059999942779541,1.0260000228881836,1.0260000228881836,14840
2022-04-01,1.0260000228881836,1.059999942779541,1.0260000228881836,1.0540000200271606,4200
2022-04-04,1.0119999647140503,1.0499999523162842,1.0119999647140503,1.0299999713897705,3040
2022-04-05,1.0119999647140503,1.0119999647140503,0.9599999785423279,0.9980000257492065,31002
2022-04-06,0.9990000128746033,1.0080000162124634,0.9829999804496765,1.0,7340
2022-04-07,1.003999948501587,1.003999948501587,0.9800000190734863,0.9800000190734863,6725
2022-04-08,1.0,1.0,0.9800000190734863,1.0,5581
2022-04-11,1.0,1.0,0.9990000128746033,1.0,2200
2022-04-12,0.9990000128746033,1.0,0.9990000128746033,1.0,2731
2022-04-13,1.0,1.0,0.9819999933242798,1.0,3514
2022-04-14,1.0,1.0,1.0,1.0,700
2022-04-19,1.0,1.0299999713897705,1.0,1.0199999809265137,8526
2022-04-20,1.024999976158142,1.0299999713897705,1.0099999904632568,1.0099999904632568,1600
2022-04-21,1.0099999904632568,1.0099999904632568,1.0099999904632568,1.0099999904632568,3924
2022-04-22,1.0,1.0,1.0,1.0,8241
2022-04-25,0.9419999718666077,1.0,0.9120000004768372,1.0,16777
2022-04-26,1.0,1.0299999713897705,0.9739999771118164,0.9940000176429749,2654
2022-04-27,0.9739999771118164,0.984000027179718,0.9739999771118164,0.984000027179718,2369
2022-04-28,0.9580000042915344,0.9700000286102295,0.9319999814033508,0.9319999814033508,3832
2022-04-29,0.9580000042915344,0.9599999785423279,0.906000018119812,0.9480000138282776,7135
2022-05-02,0.9580000042915344,0.9580000042915344,0.9580000042915344,0.9580000042915344,1252
2022-05-04,0.9539999961853027,1.1200000047683716,0.9539999961853027,1.090000033378601,71042
2022-05-05,1.0800000429153442,1.1699999570846558,1.0299999713897705,1.159999966621399,19899
2022-05-06,1.159999966621399,1.159999966621399,1.0800000429153442,1.149999976158142,16854
2022-05-09,1.159999966621399,1.1699999570846558,1.090000033378601,1.1699999570846558,15821
2022-05-10,1.1699999570846558,1.1799999475479126,1.149999976158142,1.1799999475479126,15638
2022-05-11,1.1699999570846558,1.1799999475479126,1.1299999952316284,1.1349999904632568,8126
2022-05-12,1.149999976158142,1.1649999618530273,1.1100000143051147,1.1649999618530273,4821
2022-05-13,1.1649999618530273,1.190000057220459,1.1649999618530273,1.190000057220459,12550
2022-05-16,1.2000000476837158,1.2450000047683716,1.1449999809265137,1.2450000047683716,13464
2022-05-17,1.2450000047683716,1.2599999904632568,1.2000000476837158,1.2599999904632568,17461
2022-05-18,1.2699999809265137,1.2699999809265137,1.2200000286102295,1.2649999856948853,15857
2022-05-19,1.1799999475479126,1.2599999904632568,1.149999976158142,1.2599999904632568,1659
2022-05-20,1.2649999856948853,1.3600000143051147,1.1699999570846558,1.3200000524520874,36878
2022-05-23,1.3200000524520874,1.3250000476837158,1.2899999618530273,1.3200000524520874,18708
2022-05-24,1.2350000143051147,1.2799999713897705,1.2350000143051147,1.2649999856948853,1160
2022-05-25,1.2300000190734863,1.2999999523162842,1.215000033378601,1.2599999904632568,14382
2022-05-26,1.2599999904632568,1.2949999570846558,1.215000033378601,1.2949999570846558,7830
2022-05-27,1.2799999713897705,1.315000057220459,1.2799999713897705,1.2899999618530273,6760
2022-05-30,1.2899999618530273,1.2949999570846558,1.2899999618530273,1.2949999570846558,52
2022-05-31,1.225000023841858,1.2899999618530273,1.215000033378601,1.2899999618530273,1504
2022-06-01,1.2899999618530273,1.2899999618530273,1.2899999618530273,1.2899999618530273,0
2022-06-02,1.2200000286102295,1.2200000286102295,1.2000000476837158,1.2000000476837158,6872
2022-06-03,1.0549999475479126,1.2949999570846558,1.0549999475479126,1.190000057220459,49002
2022-06-06,1.2899999618530273,1.2899999618530273,1.25,1.25,6410
2022-06-07,1.1950000524520874,1.2799999713897705,1.190000057220459,1.2799999713897705,10130
2022-06-08,1.2100000381469727,1.2899999618530273,1.2000000476837158,1.2899999618530273,12839
2022-06-09,1.2100000381469727,1.2699999809265137,1.2100000381469727,1.2699999809265137,3108
2022-06-10,1.25,1.2799999713897705,1.2100000381469727,1.2799999713897705,11131
2022-06-13,1.2000000476837158,1.2100000381469727,1.159999966621399,1.2100000381469727,10583
2022-06-14,1.149999976158142,1.149999976158142,1.149999976158142,1.149999976158142,190
2022-06-15,1.1549999713897705,1.2200000286102295,1.149999976158142,1.149999976158142,5600
2022-06-17,1.1950000524520874,1.25,1.1100000143051147,1.2200000286102295,11764
2022-06-20,1.215000033378601,1.3250000476837158,1.215000033378601,1.2899999618530273,45905
2022-06-21,1.3200000524520874,1.3200000524520874,1.25,1.309999942779541,3628
2022-06-22,1.2549999952316284,1.309999942779541,1.2000000476837158,1.309999942779541,10699
2022-06-23,1.25,1.2999999523162842,1.25,1.2999999523162842,1245
2022-06-24,1.25,1.309999942779541,1.25,1.309999942779541,15500
2022-06-27,1.309999942779541,1.309999942779541,1.225000023841858,1.2799999713897705,6245
2022-06-28,1.2999999523162842,1.2999999523162842,1.2400000095367432,1.2999999523162842,11300
2022-06-29,1.225000023841858,1.2300000190734863,1.225000023841858,1.225000023841858,1117
2022-06-30,1.284999966621399,1.2999999523162842,1.2699999809265137,1.2699999809265137,7700
2022-07-01,1.1799999475479126,1.309999942779541,1.1799999475479126,1.309999942779541,5550
2022-07-04,1.309999942779541,1.309999942779541,1.2400000095367432,1.2899999618530273,18650
2022-07-05,1.2400000095367432,1.2400000095367432,1.2050000429153442,1.2100000381469727,1499
2022-07-06,1.2050000429153442,1.25,1.2000000476837158,1.2100000381469727,3280
2022-07-07,1.1799999475479126,1.2949999570846558,1.1799999475479126,1.2899999618530273,3833
2022-07-08,1.2200000286102295,1.2649999856948853,1.2200000286102295,1.2649999856948853,6450
2022-07-11,1.2949999570846558,1.2999999523162842,1.25,1.2549999952316284,5165
2022-07-12,1.2549999952316284,1.2999999523162842,1.2549999952316284,1.2999999523162842,900
2022-07-13,1.2949999570846558,1.2999999523162842,1.225000023841858,1.2949999570846558,4030
2022-07-14,1.2699999809265137,1.2699999809265137,1.2699999809265137,1.2699999809265137,30
2022-07-15,1.284999966621399,1.2999999523162842,1.2050000429153442,1.2999999523162842,5991
2022-07-18,1.3300000429153442,1.3300000429153442,1.2350000143051147,1.274999976158142,10622
2022-07-19,1.284999966621399,1.2899999618530273,1.2300000190734863,1.2899999618530273,4850
2022-07-20,1.2450000047683716,1.2949999570846558,1.2400000095367432,1.2949999570846558,3329
2022-07-21,1.25,1.2699999809265137,1.2200000286102295,1.2699999809265137,9302
2022-07-22,1.2799999713897705,1.2799999713897705,1.2799999713897705,1.2799999713897705,1700
2022-07-25,1.274999976158142,1.2999999523162842,1.2400000095367432,1.2400000095367432,15860
2022-07-26,1.25,1.2999999523162842,1.25,1.2899999618530273,1620
2022-07-27,1.2899999618530273,1.2899999618530273,1.2899999618530273,1.2899999618530273,1080
2022-07-28,1.2999999523162842,1.2999999523162842,1.2999999523162842,1.2999999523162842,1500
2022-07-29,1.2999999523162842,1.2999999523162842,1.2400000095367432,1.2999999523162842,3147
2022-08-01,1.2949999570846558,1.309999942779541,1.2400000095367432,1.2999999523162842,9605
2022-08-02,1.2450000047683716,1.2799999713897705,1.2450000047683716,1.2799999713897705,312
2022-08-03,1.25,1.3049999475479126,1.25,1.3049999475479126,16686
2022-08-04,1.309999942779541,1.309999942779541,1.309999942779541,1.309999942779541,7060
2022-08-05,1.2999999523162842,1.309999942779541,1.2999999523162842,1.309999942779541,9091
2022-08-08,1.309999942779541,1.315000057220459,1.25,1.315000057220459,15419
2022-08-09,1.315000057220459,1.315000057220459,1.274999976158142,1.315000057220459,4379
2022-08-10,1.315000057220459,1.315000057220459,1.309999942779541,1.309999942779541,2222
2022-08-11,1.309999942779541,1.309999942779541,1.2649999856948853,1.2999999523162842,4327
2022-08-12,1.2999999523162842,1.2999999523162842,1.2999999523162842,1.2999999523162842,0
2022-08-16,1.2999999523162842,1.3200000524520874,1.2999999523162842,1.3200000524520874,23467
2022-08-17,1.2649999856948853,1.3049999475479126,1.2549999952316284,1.3049999475479126,840
2022-08-18,1.2999999523162842,1.2999999523162842,1.2999999523162842,1.2999999523162842,10000
2022-08-19,1.2549999952316284,1.2999999523162842,1.2549999952316284,1.2999999523162842,5524
2022-08-22,1.2549999952316284,1.2599999904632568,1.2549999952316284,1.2599999904632568,346
2022-08-23,1.2549999952316284,1.2599999904632568,1.2549999952316284,1.2599999904632568,2650
2022-08-24,1.2599999904632568,1.2599999904632568,1.1349999904632568,1.2400000095367432,13873
2022-08-25,1.2350000143051147,1.2949999570846558,1.2000000476837158,1.2599999904632568,3700
2022-08-26,1.1549999713897705,1.2649999856948853,1.1549999713897705,1.2649999856948853,1760
2022-08-29,1.2649999856948853,1.2649999856948853,1.2649999856948853,1.2649999856948853,0
2022-08-30,1.159999966621399,1.2000000476837158,1.159999966621399,1.2000000476837158,13322
2022-08-31,1.1549999713897705,1.2949999570846558,1.125,1.125,21413
2022-09-01,1.125,1.2799999713897705,1.125,1.2300000190734863,68596
2022-09-02,1.2599999904632568,1.2599999904632568,1.1349999904632568,1.2450000047683716,22882
2022-09-05,1.2450000047683716,1.2450000047683716,1.1299999952316284,1.1950000524520874,15549
2022-09-06,1.159999966621399,1.159999966621399,1.1299999952316284,1.1299999952316284,6519
2022-09-07,1.149999976158142,1.149999976158142,1.149999976158142,1.149999976158142,5
2022-09-08,1.1100000143051147,1.2200000286102295,1.100000023841858,1.2100000381469727,2306
2022-09-09,1.215000033378601,1.2200000286102295,1.184999942779541,1.2050000429153442,2489
2022-09-12,1.184999942779541,1.2000000476837158,1.125,1.190000057220459,1401
2022-09-13,1.184999942779541,1.184999942779541,1.184999942779541,1.184999942779541,10
2022-09-14,1.184999942779541,1.1950000524520874,1.100000023841858,1.1649999618530273,7669
2022-09-15,1.1449999809265137,1.1449999809265137,1.100000023841858,1.1349999904632568,3687
2022-09-16,1.1150000095367432,1.1799999475479126,1.1150000095367432,1.1299999952316284,858
2022-09-19,1.1299999952316284,1.1299999952316284,1.1299999952316284,1.1299999952316284,446
2022-09-20,1.1050000190734863,1.1649999618530273,1.100000023841858,1.100000023841858,4091
2022-09-21,1.065000057220459,1.1699999570846558,1.0499999523162842,1.1349999904632568,9330
2022-09-22,1.0700000524520874,1.1649999618530273,1.065000057220459,1.159999966621399,3580
2022-09-23,1.0499999523162842,1.0800000429153442,1.0499999523162842,1.0700000524520874,6877
2022-09-26,1.0549999475479126,1.1349999904632568,1.0549999475479126,1.1299999952316284,87316
2022-09-27,1.1299999952316284,1.1299999952316284,0.9900000095367432,0.9940000176429749,154019
2022-09-28,1.0399999618530273,1.0399999618530273,0.9940000176429749,1.024999976158142,2040
2022-09-29,1.0299999713897705,1.059999942779541,1.0299999713897705,1.0499999523162842,4270
2022-09-30,1.0,1.0499999523162842,0.9940000176429749,0.9940000176429749,8379
2022-10-03,1.0499999523162842,1.0499999523162842,1.0,1.0,8583
2022-10-04,1.0399999618530273,1.059999942779541,1.0149999856948853,1.0149999856948853,5882
2022-10-05,1.0099999904632568,1.0549999475479126,1.0049999952316284,1.0399999618530273,3575
2022-10-06,1.034999966621399,1.034999966621399,1.0,1.0299999713897705,2441
2022-10-07,1.0299999713897705,1.034999966621399,1.0299999713897705,1.034999966621399,1300
2022-10-10,1.0299999713897705,1.0399999618530273,1.0149999856948853,1.034999966621399,6345
2022-10-11,1.059999942779541,1.059999942779541,1.0149999856948853,1.0149999856948853,7450
2022-10-12,1.0099999904632568,1.0099999904632568,1.0,1.0,19200
2022-10-13,1.0099999904632568,1.0199999809265137,0.9700000286102295,1.0,15892
2022-10-14,0.972000002861023,0.9980000257492065,0.972000002861023,0.9980000257492065,777
2022-10-17,0.9900000095367432,0.9980000257492065,0.9800000190734863,0.9959999918937683,8333
2022-10-18,1.0,1.024999976158142,0.9800000190734863,0.9980000257492065,16574
2022-10-19,1.0,1.0,0.9520000219345093,0.9539999961853027,5114
2022-10-20,0.9580000042915344,0.9800000190734863,0.9580000042915344,0.9800000190734863,12505
2022-10-21,0.9599999785423279,1.0099999904632568,0.9559999704360962,1.0099999904632568,7520
2022-10-24,1.024999976158142,1.024999976158142,0.9819999933242798,1.0,2274
2022-10-25,1.0149999856948853,1.0149999856948853,0.9980000257492065,0.9980000257492065,3720
2022-10-26,0.9980000257492065,0.9980000257492065,0.9800000190734863,0.9800000190734863,2020
2022-10-27,1.0149999856948853,1.0149999856948853,1.0149999856948853,1.0149999856948853,50
2022-10-28,1.0149999856948853,1.0149999856948853,1.0149999856948853,1.0149999856948853,1200
2022-10-31,1.0199999809265137,1.0299999713897705,0.9800000190734863,1.024999976158142,15657
2022-11-02,1.0,1.059999942779541,0.9900000095367432,1.0549999475479126,47010
2022-11-03,1.059999942779541,1.059999942779541,1.0,1.0499999523162842,3830
2022-11-04,1.0499999523162842,1.059999942779541,1.0299999713897705,1.0499999523162842,14215
2022-11-07,1.0499999523162842,1.0549999475479126,1.0049999952316284,1.0149999856948853,1476
2022-11-08,1.0049999952316284,1.024999976158142,0.949999988079071,0.9520000219345093,28994
2022-11-09,0.9660000205039978,1.1649999618530273,0.9300000071525574,1.1399999856948853,83901
2022-11-10,1.1349999904632568,1.1399999856948853,1.0499999523162842,1.1349999904632568,16690
2022-11-14,1.1349999904632568,1.1349999904632568,1.0299999713897705,1.0800000429153442,9740
2022-11-15,1.0750000476837158,1.0800000429153442,0.949999988079071,1.024999976158142,35946
2022-11-16,1.0,1.024999976158142,1.0,1.024999976158142,1150
2022-11-17,0.9919999837875366,1.0299999713897705,0.9779999852180481,1.0199999809265137,7978
2022-11-18,1.0,1.0099999904632568,0.9959999918937683,1.0,8240
2022-11-21,1.0,1.0449999570846558,1.0,1.0299999713897705,8898
2022-11-22,1.0049999952316284,1.0299999713897705,1.0049999952316284,1.024999976158142,15122
2022-11-23,1.0049999952316284,1.0399999618530273,0.9959999918937683,1.024999976158142,5666
2022-11-24,1.0199999809265137,1.1299999952316284,1.0199999809265137,1.0399999618530273,70272
2022-11-25,1.0399999618530273,1.0399999618530273,1.0099999904632568,1.0399999618530273,10076
2022-11-28,1.0399999618530273,1.100000023841858,1.024999976158142,1.0499999523162842,8878
2022-11-29,1.0499999523162842,1.0499999523162842,1.0,1.0299999713897705,13753
2022-11-30,1.0099999904632568,1.0099999904632568,0.9860000014305115,0.9860000014305115,7984
2022-12-01,1.0,1.0099999904632568,0.9879999756813049,0.9879999756813049,6121
2022-12-02,1.0049999952316284,1.0099999904632568,0.9919999837875366,0.9919999837875366,733
2022-12-05,1.0,1.0,0.9900000095367432,1.0,4690
2022-12-06,1.0,1.0,0.9399999976158142,0.9800000190734863,30841
2022-12-07,0.9800000190734863,0.9800000190734863,0.949999988079071,0.949999988079071,11621
2022-12-08,0.9620000123977661,0.9800000190734863,0.9399999976158142,0.9779999852180481,24750
2022-12-09,0.9620000123977661,0.9800000190734863,0.9459999799728394,0.9559999704360962,4415
2022-12-12,0.9700000286102295,0.9779999852180481,0.9700000286102295,0.9700000286102295,2500
2022-12-13,0.9700000286102295,0.9700000286102295,0.9419999718666077,0.9419999718666077,6536
2022-12-14,0.949999988079071,0.9760000109672546,0.949999988079071,0.9599999785423279,5603
2022-12-15,0.9800000190734863,0.9800000190734863,0.9399999976158142,0.9660000205039978,32411
2022-12-16,0.9660000205039978,0.9660000205039978,0.9440000057220459,0.949999988079071,10540
2022-12-19,0.9419999718666077,0.9599999785423279,0.9419999718666077,0.9539999961853027,11960
2022-12-20,0.9800000190734863,0.9800000190734863,0.9580000042915344,0.9700000286102295,16092
2022-12-21,0.9599999785423279,0.9700000286102295,0.9459999799728394,0.949999988079071,19561
2022-12-22,0.949999988079071,0.949999988079071,0.9399999976158142,0.949999988079071,17316
2022-12-23,0.9660000205039978,0.9900000095367432,0.949999988079071,0.9900000095367432,15221
2022-12-27,0.9800000190734863,0.9800000190734863,0.9300000071525574,0.9399999976158142,20298
2022-12-28,0.9399999976158142,0.9800000190734863,0.9319999814033508,0.9399999976158142,47684
2022-12-29,0.9559999704360962,0.9679999947547913,0.9559999704360962,0.9599999785423279,6966
2022-12-30,0.9599999785423279,0.9760000109672546,0.949999988079071,0.9599999785423279,8772
2023-01-02,0.9440000057220459,0.9779999852180481,0.9440000057220459,0.9520000219345093,4405
2023-01-03,0.9020000100135803,0.9739999771118164,0.9020000100135803,0.972000002861023,20916
2023-01-04,0.9559999704360962,1.024999976158142,0.9559999704360962,1.0199999809265137,13831
2023-01-05,1.024999976158142,1.0449999570846558,1.0099999904632568,1.0449999570846558,8293
2023-01-09,1.0149999856948853,1.0149999856948853,0.9660000205039978,0.9800000190734863,22533
2023-01-10,0.9800000190734863,0.9800000190734863,0.9660000205039978,0.9800000190734863,14306
2023-01-11,0.9700000286102295,1.0299999713897705,0.9700000286102295,0.9800000190734863,24761
2023-01-12,1.0049999952316284,1.0099999904632568,1.0049999952316284,1.0049999952316284,189
2023-01-13,1.0,1.0299999713897705,0.9800000190734863,1.0099999904632568,5328
2023-01-16,1.0049999952316284,1.0099999904632568,0.9660000205039978,0.9679999947547913,17026
2023-01-17,0.9800000190734863,1.0099999904632568,0.9800000190734863,1.0,2905
2023-01-18,0.9860000014305115,1.0,0.949999988079071,0.949999988079071,21563
2023-01-19,0.9639999866485596,0.9900000095367432,0.9639999866485596,0.9900000095367432,1100
2023-01-20,0.9900000095367432,1.0700000524520874,0.9900000095367432,1.0399999618530273,55571
2023-01-23,1.0399999618530273,1.0499999523162842,1.0049999952316284,1.0199999809265137,7029
2023-01-24,1.0449999570846558,1.0449999570846558,1.0,1.0,12140
2023-01-25,1.0149999856948853,1.0199999809265137,1.0099999904632568,1.0099999904632568,70
2023-01-26,1.0299999713897705,1.0299999713897705,0.9300000071525574,0.9520000219345093,166532
2023-01-27,0.9599999785423279,0.9679999947547913,0.9020000100135803,0.9639999866485596,63554
2023-01-30,0.9660000205039978,0.9660000205039978,0.9399999976158142,0.9480000138282776,9227
2023-01-31,0.9459999799728394,0.9700000286102295,0.9399999976158142,0.9700000286102295,5432
2023-02-01,0.9520000219345093,0.9700000286102295,0.949999988079071,0.9700000286102295,9595
2023-02-02,0.9700000286102295,0.9700000286102295,0.9639999866485596,0.9639999866485596,4000
2023-02-03,0.9660000205039978,0.9700000286102295,0.9440000057220459,0.9700000286102295,21249
2023-02-06,0.949999988079071,0.9879999756813049,0.949999988079071,0.9860000014305115,4805
2023-02-07,0.9800000190734863,0.9879999756813049,0.9440000057220459,0.9679999947547913,8569
2023-02-08,0.9599999785423279,0.9779999852180481,0.8999999761581421,0.949999988079071,53560
2023-02-09,0.9440000057220459,0.949999988079071,0.9440000057220459,0.949999988079071,8353
2023-02-10,0.9300000071525574,0.9480000138282776,0.9300000071525574,0.9319999814033508,3806
2023-02-13,0.9459999799728394,0.9480000138282776,0.9300000071525574,0.9300000071525574,3650
2023-02-14,0.9399999976158142,1.0399999618530273,0.9020000100135803,1.0299999713897705,112020
2023-02-15,1.0299999713897705,1.0299999713897705,0.9800000190734863,1.0,17859
2023-02-16,0.9980000257492065,0.9980000257492065,0.972000002861023,0.9959999918937683,2536
2023-02-17,1.0,1.0,0.9900000095367432,0.9900000095367432,5019
2023-02-20,0.9760000109672546,1.0099999904632568,0.9760000109672546,0.9819999933242798,1087
2023-02-21,1.0,1.0099999904632568,0.9800000190734863,1.0049999952316284,10253
2023-02-22,1.0049999952316284,1.0049999952316284,1.0049999952316284,1.0049999952316284,0
2023-02-23,1.0149999856948853,1.0199999809265137,0.9800000190734863,0.9819999933242798,454
2023-02-24,0.9819999933242798,1.0049999952316284,0.949999988079071,1.0,13080
2023-02-27,1.0,1.0,0.9679999947547913,1.0,9157
2023-02-28,1.0099999904632568,1.0099999904632568,0.9800000190734863,1.0049999952316284,2149
2023-03-01,0.9800000190734863,0.9940000176429749,0.9739999771118164,0.9739999771118164,12576
2023-03-02,0.9739999771118164,0.9739999771118164,0.9599999785423279,0.9599999785423279,10778
2023-03-03,0.972000002861023,0.9760000109672546,0.9700000286102295,0.9760000109672546,11905
2023-03-06,0.9760000109672546,0.9800000190734863,0.9039999842643738,0.9679999947547913,28517
2023-03-07,0.949999988079071,0.949999988079071,0.9380000233650208,0.949999988079071,3477
2023-03-08,0.9419999718666077,0.9700000286102295,0.9399999976158142,0.9580000042915344,14450
2023-03-09,0.9639999866485596,0.9860000014305115,0.9559999704360962,0.9599999785423279,26523
2023-03-10,0.9800000190734863,0.9800000190734863,0.9599999785423279,0.9599999785423279,2472
2023-03-13,0.9700000286102295,0.9700000286102295,0.9300000071525574,0.9620000123977661,12900
2023-03-14,0.9620000123977661,0.9620000123977661,0.9100000262260437,0.9300000071525574,6131
2023-03-15,0.9480000138282776,0.9639999866485596,0.9259999990463257,0.9259999990463257,3741
2023-03-16,0.9300000071525574,0.9539999961853027,0.9300000071525574,0.9539999961853027,3629
2023-03-17,0.9539999961853027,0.9539999961853027,0.9539999961853027,0.9539999961853027,0
2023-03-20,0.9279999732971191,0.9279999732971191,0.9200000166893005,0.9279999732971191,3161
2023-03-21,0.921999990940094,0.9459999799728394,0.921999990940094,0.9459999799728394,87
2023-03-22,0.9459999799728394,0.9459999799728394,0.9459999799728394,0.9459999799728394,0
2023-03-23,0.9319999814033508,0.9399999976158142,0.8679999709129333,0.9300000071525574,47344
2023-03-24,0.9300000071525574,0.9300000071525574,0.9300000071525574,0.9300000071525574,0
2023-03-27,0.9200000166893005,0.9200000166893005,0.906000018119812,0.9200000166893005,11481
2023-03-28,0.8999999761581421,0.9200000166893005,0.8920000195503235,0.8999999761581421,3332
2023-03-29,0.8999999761581421,0.8999999761581421,0.8820000290870667,0.8880000114440918,4867
2023-03-30,0.8880000114440918,0.9340000152587891,0.8880000114440918,0.9340000152587891,11547
2023-03-31,0.9319999814033508,0.9319999814033508,0.9300000071525574,0.9300000071525574,17114
2023-04-03,0.9300000071525574,0.9300000071525574,0.8920000195503235,0.8920000195503235,8122
2023-04-04,0.8939999938011169,0.9200000166893005,0.8939999938011169,0.8980000019073486,12924
2023-04-05,0.8999999761581421,0.9179999828338623,0.8980000019073486,0.8999999761581421,4013
2023-04-06,0.8999999761581421,0.9100000262260437,0.8980000019073486,0.9100000262260437,6842
2023-04-11,0.9160000085830688,0.9160000085830688,0.8880000114440918,0.9100000262260437,29052
2023-04-12,0.8939999938011169,0.9039999842643738,0.8899999856948853,0.8899999856948853,27750
2023-04-13,0.9079999923706055,0.9079999923706055,0.8820000290870667,0.8999999761581421,32256
2023-04-14,0.8899999856948853,0.8899999856948853,0.871999979019165,0.8880000114440918,18942
2023-04-17,0.8880000114440918,0.8899999856948853,0.8700000047683716,0.8700000047683716,8480
2023-04-18,0.8500000238418579,0.8799999952316284,0.8500000238418579,0.8700000047683716,23476
2023-04-19,0.8759999871253967,0.878000020980835,0.8399999737739563,0.8399999737739563,15339
2023-04-20,0.843999981880188,0.8600000143051147,0.8259999752044678,0.8460000157356262,27328
2023-04-21,0.8500000238418579,0.8700000047683716,0.8320000171661377,0.8479999899864197,9406
2023-04-24,0.8479999899864197,0.8640000224113464,0.8399999737739563,0.8519999980926514,13851
2023-04-25,0.8500000238418579,0.8500000238418579,0.8399999737739563,0.8399999737739563,10110
2023-04-26,0.8479999899864197,0.8700000047683716,0.800000011920929,0.8100000023841858,51465
2023-04-27,0.8100000023841858,0.8259999752044678,0.8100000023841858,0.8259999752044678,3789
2023-04-28,0.8299999833106995,0.8299999833106995,0.8100000023841858,0.8259999752044678,24674
2023-05-02,0.8259999752044678,0.828000009059906,0.8059999942779541,0.8059999942779541,1425
2023-05-04,0.8180000185966492,0.8199999928474426,0.8100000023841858,0.8180000185966492,2517
2023-05-05,0.8180000185966492,0.8299999833106995,0.8180000185966492,0.8240000009536743,13336
2023-05-08,0.8299999833106995,0.8299999833106995,0.8140000104904175,0.8220000267028809,34067
2023-05-09,0.8259999752044678,0.8259999752044678,0.8180000185966492,0.8259999752044678,9065
2023-05-10,0.8259999752044678,0.8980000019073486,0.8259999752044678,0.8679999709129333,93123
2023-05-11,0.8799999952316284,0.9679999947547913,0.8799999952316284,0.9279999732971191,295268
2023-05-12,0.9259999990463257,0.9459999799728394,0.9039999842643738,0.9419999718666077,27236
2023-05-15,0.9380000233650208,0.9739999771118164,0.9039999842643738,0.9620000123977661,116181
2023-05-16,0.9200000166893005,0.9399999976158142,0.9160000085830688,0.9359999895095825,60181
2023-05-17,0.9160000085830688,1.0,0.8999999761581421,0.9959999918937683,200670
2023-05-18,1.0,1.0199999809265137,0.9800000190734863,0.9800000190734863,22305
2023-05-19,0.9800000190734863,1.0,0.9800000190734863,0.984000027179718,10754
2023-05-22,1.0,1.0,0.949999988079071,0.9520000219345093,3758
2023-05-23,0.9599999785423279,0.9599999785423279,0.9599999785423279,0.9599999785423279,3005
2023-05-24,0.984000027179718,0.984000027179718,0.9399999976158142,0.9399999976158142,2560
2023-05-25,0.9580000042915344,0.9900000095367432,0.9559999704360962,0.9559999704360962,3853
2023-05-26,0.9419999718666077,0.9419999718666077,0.9139999747276306,0.9139999747276306,3010
2023-05-29,0.9160000085830688,0.949999988079071,0.9100000262260437,0.949999988079071,10474
2023-05-30,0.949999988079071,0.949999988079071,0.9100000262260437,0.9100000262260437,7076
2023-05-31,0.8999999761581421,0.8999999761581421,0.8799999952316284,0.8939999938011169,15636
2023-06-01,0.8999999761581421,0.9079999923706055,0.8999999761581421,0.8999999761581421,9870
2023-06-02,0.8820000290870667,0.9259999990463257,0.8820000290870667,0.8980000019073486,9395
2023-06-05,0.8899999856948853,0.9020000100135803,0.8899999856948853,0.8999999761581421,7612
2023-06-06,0.8999999761581421,0.9279999732971191,0.8939999938011169,0.9100000262260437,22867
2023-06-07,0.9240000247955322,0.9240000247955322,0.8980000019073486,0.9139999747276306,4184
2023-06-09,0.9160000085830688,0.9200000166893005,0.9160000085830688,0.9160000085830688,1975
2023-06-12,0.9179999828338623,0.9179999828338623,0.9160000085830688,0.9179999828338623,2670
2023-06-13,0.8980000019073486,0.9100000262260437,0.8899999856948853,0.9100000262260437,9926
2023-06-14,0.8999999761581421,0.9200000166893005,0.8799999952316284,0.9079999923706055,21989
2023-06-15,0.8999999761581421,0.8999999761581421,0.8980000019073486,0.8980000019073486,5015
2023-06-16,0.8960000276565552,0.8960000276565552,0.8799999952316284,0.8859999775886536,25941
2023-06-19,0.8859999775886536,0.8999999761581421,0.8859999775886536,0.8960000276565552,14174
2023-06-20,0.8899999856948853,0.8999999761581421,0.8880000114440918,0.8960000276565552,18000
2023-06-21,0.8980000019073486,0.8999999761581421,0.8960000276565552,0.8999999761581421,780
2023-06-22,0.9100000262260437,0.9100000262260437,0.906000018119812,0.906000018119812,4570
2023-06-23,0.9100000262260437,0.9100000262260437,0.8859999775886536,0.9100000262260437,6621
2023-06-26,0.9160000085830688,0.9200000166893005,0.8920000195503235,0.8920000195503235,5361
2023-06-27,0.8999999761581421,0.8999999761581421,0.8999999761581421,0.8999999761581421,636
2023-06-28,0.8920000195503235,0.8999999761581421,0.8920000195503235,0.8960000276565552,17050
2023-06-29,0.8899999856948853,0.8999999761581421,0.8880000114440918,0.8999999761581421,6200
2023-06-30,0.9020000100135803,0.9100000262260437,0.8999999761581421,0.9079999923706055,3325
2023-07-03,0.9120000004768372,0.9179999828338623,0.8999999761581421,0.9020000100135803,3612
2023-07-04,0.9020000100135803,0.9179999828338623,0.9020000100135803,0.9179999828338623,2935
2023-07-05,0.9139999747276306,0.9200000166893005,0.9020000100135803,0.9200000166893005,15077
2023-07-06,0.9179999828338623,0.9179999828338623,0.9020000100135803,0.9020000100135803,8351
2023-07-07,0.9160000085830688,0.9300000071525574,0.8999999761581421,0.9279999732971191,47751
2023-07-10,0.9399999976158142,0.9399999976158142,0.9300000071525574,0.9380000233650208,27602
2023-07-11,0.9419999718666077,0.9800000190734863,0.8999999761581421,0.9399999976158142,43704
2023-07-12,0.921999990940094,1.0099999904632568,0.9200000166893005,0.9800000190734863,148729
2023-07-13,0.9779999852180481,1.0199999809265137,0.9700000286102295,0.9959999918937683,18366
2023-07-14,0.9900000095367432,1.0149999856948853,0.9539999961853027,0.9959999918937683,13628
2023-07-17,0.9980000257492065,1.0149999856948853,0.9620000123977661,0.9959999918937683,8824
2023-07-18,0.972000002861023,0.9919999837875366,0.9660000205039978,0.9919999837875366,15978
2023-07-19,0.9919999837875366,0.9919999837875366,0.949999988079071,0.972000002861023,20897
2023-07-20,0.9679999947547913,0.9679999947547913,0.949999988079071,0.9599999785423279,12800
2023-07-21,0.949999988079071,0.9580000042915344,0.9200000166893005,0.9580000042915344,14909
2023-07-24,0.9300000071525574,0.9559999704360962,0.9300000071525574,0.9559999704360962,10393
2023-07-25,0.9319999814033508,0.9480000138282776,0.9240000247955322,0.9459999799728394,9161
2023-07-26,0.9459999799728394,0.949999988079071,0.9300000071525574,0.9480000138282776,8617
2023-07-27,0.9399999976158142,0.9599999785423279,0.9240000247955322,0.9599999785423279,19935
2023-07-28,0.949999988079071,0.9539999961853027,0.9020000100135803,0.9399999976158142,21694
2023-07-31,0.9380000233650208,0.949999988079071,0.9200000166893005,0.9300000071525574,28946
2023-08-01,0.9300000071525574,0.949999988079071,0.9300000071525574,0.9300000071525574,13650
2023-08-02,0.921999990940094,0.9240000247955322,0.9200000166893005,0.9200000166893005,14204
2023-08-03,0.9120000004768372,0.9480000138282776,0.9100000262260437,0.9399999976158142,28677
2023-08-04,0.9399999976158142,0.9399999976158142,0.9200000166893005,0.9399999976158142,17155
2023-08-07,0.9200000166893005,0.9300000071525574,0.8999999761581421,0.8999999761581421,13151
2023-08-08,0.906000018119812,0.9200000166893005,0.906000018119812,0.9079999923706055,848
2023-08-09,0.9100000262260437,0.9100000262260437,0.8960000276565552,0.8960000276565552,9954
2023-08-10,0.8999999761581421,0.9100000262260437,0.8999999761581421,0.9100000262260437,4277
2023-08-11,0.9200000166893005,0.9279999732971191,0.9200000166893005,0.921999990940094,368
2023-08-14,0.9020000100135803,0.9200000166893005,0.8899999856948853,0.9200000166893005,17960
2023-08-16,0.9240000247955322,0.9240000247955322,0.8999999761581421,0.921999990940094,1487
2023-08-17,0.9200000166893005,0.9599999785423279,0.9200000166893005,0.9200000166893005,12494
2023-08-18,0.9300000071525574,0.9539999961853027,0.9100000262260437,0.9100000262260437,10968
2023-08-21,0.9399999976158142,1.0,0.9399999976158142,0.9559999704360962,82385
2023-08-22,0.9300000071525574,0.949999988079071,0.8700000047683716,0.9020000100135803,72176
2023-08-23,0.9399999976158142,0.9399999976158142,0.8460000157356262,0.8939999938011169,65990
2023-08-24,0.871999979019165,0.9100000262260437,0.871999979019165,0.878000020980835,17916
2023-08-25,0.8799999952316284,0.9079999923706055,0.8799999952316284,0.8799999952316284,32066
2023-08-28,0.8799999952316284,0.8799999952316284,0.8799999952316284,0.8799999952316284,11000
2023-08-29,0.8799999952316284,0.9139999747276306,0.8759999871253967,0.8759999871253967,7272
2023-08-30,0.8799999952316284,0.8859999775886536,0.8759999871253967,0.878000020980835,1570
2023-08-31,0.8799999952316284,0.8999999761581421,0.871999979019165,0.8999999761581421,19485
2023-09-01,0.8859999775886536,0.9179999828338623,0.8799999952316284,0.8820000290870667,4470
2023-09-04,0.8980000019073486,0.8999999761581421,0.8980000019073486,0.8999999761581421,930
2023-09-05,0.8999999761581421,0.9200000166893005,0.8840000033378601,0.8999999761581421,13514
2023-09-06,0.9139999747276306,0.9160000085830688,0.8999999761581421,0.8999999761581421,2101
2023-09-07,0.9020000100135803,0.9020000100135803,0.8820000290870667,0.8820000290870667,6480
2023-09-08,0.8880000114440918,0.8980000019073486,0.8840000033378601,0.8980000019073486,1155
2023-09-11,0.8999999761581421,0.8999999761581421,0.8820000290870667,0.8899999856948853,1198
2023-09-12,0.8899999856948853,0.8980000019073486,0.8740000128746033,0.8899999856948853,11996
2023-09-13,0.8899999856948853,0.8980000019073486,0.8840000033378601,0.8920000195503235,5700
2023-09-14,0.8980000019073486,0.9079999923706055,0.8759999871253967,0.9079999923706055,13782
2023-09-15,0.8939999938011169,0.9039999842643738,0.8820000290870667,0.8840000033378601,968
2023-09-18,0.8999999761581421,0.9120000004768372,0.8840000033378601,0.8840000033378601,4572
2023-09-19,0.8820000290870667,0.8980000019073486,0.8820000290870667,0.8980000019073486,201
2023-09-20,0.8960000276565552,0.906000018119812,0.8960000276565552,0.906000018119812,114
2023-09-21,0.8939999938011169,0.9039999842643738,0.8939999938011169,0.8939999938011169,131
2023-09-22,0.8999999761581421,0.8999999761581421,0.8939999938011169,0.8939999938011169,500
2023-09-25,0.8999999761581421,0.9079999923706055,0.8980000019073486,0.8980000019073486,9817
2023-09-26,0.9039999842643738,0.9079999923706055,0.878000020980835,0.8939999938011169,2557
2023-09-27,0.8820000290870667,0.8820000290870667,0.8700000047683716,0.8700000047683716,9024
2023-09-28,0.8679999709129333,0.8700000047683716,0.8500000238418579,0.8700000047683716,18692
2023-09-29,0.8519999980926514,0.8700000047683716,0.828000009059906,0.8700000047683716,17401
2023-10-02,0.878000020980835,0.8840000033378601,0.8679999709129333,0.8840000033378601,6022
2023-10-03,0.8840000033378601,0.8980000019073486,0.8700000047683716,0.8880000114440918,8100
2023-10-04,0.8859999775886536,0.8920000195503235,0.8199999928474426,0.8600000143051147,34404
2023-10-05,0.8519999980926514,0.9179999828338623,0.8519999980926514,0.8840000033378601,19853
2023-10-06,0.8640000224113464,0.878000020980835,0.8199999928474426,0.8740000128746033,36113
2023-10-09,0.8740000128746033,0.8799999952316284,0.8220000267028809,0.8579999804496765,17198
2023-10-10,0.8479999899864197,0.8700000047683716,0.843999981880188,0.8700000047683716,11930
2023-10-11,0.8700000047683716,0.8700000047683716,0.8500000238418579,0.8619999885559082,5758
2023-10-12,0.8399999737739563,0.8619999885559082,0.8059999942779541,0.8600000143051147,7051
2023-10-13,0.8420000076293945,0.8700000047683716,0.8199999928474426,0.8700000047683716,18073
2023-10-16,0.8500000238418579,0.8700000047683716,0.7940000295639038,0.8460000157356262,78274
2023-10-17,0.8059999942779541,0.8479999899864197,0.7960000038146973,0.8479999899864197,42845
2023-10-18,0.843999981880188,0.8519999980926514,0.8259999752044678,0.8519999980926514,3682
2023-10-19,0.8600000143051147,0.8600000143051147,0.8600000143051147,0.8600000143051147,3300
2023-10-20,0.8579999804496765,0.8600000143051147,0.8220000267028809,0.8579999804496765,10775
2023-10-23,0.8500000238418579,0.8579999804496765,0.7979999780654907,0.8320000171661377,22355
2023-10-24,0.8320000171661377,0.8320000171661377,0.8180000185966492,0.8199999928474426,7245
2023-10-25,0.8299999833106995,0.8500000238418579,0.8199999928474426,0.8500000238418579,1780
2023-10-26,0.8560000061988831,0.8560000061988831,0.8220000267028809,0.8399999737739563,3415
2023-10-27,0.8399999737739563,0.8460000157356262,0.8199999928474426,0.8460000157356262,6143
2023-10-30,0.8460000157356262,0.8460000157356262,0.828000009059906,0.828000009059906,225
2023-10-31,0.828000009059906,0.8460000157356262,0.8140000104904175,0.8399999737739563,10678
2023-11-02,0.8159999847412109,0.8399999737739563,0.8080000281333923,0.8379999995231628,7074
2023-11-03,0.8299999833106995,0.8379999995231628,0.8199999928474426,0.8299999833106995,3125
2023-11-06,0.8299999833106995,0.8339999914169312,0.8299999833106995,0.8339999914169312,1403
2023-11-07,0.828000009059906,0.828000009059906,0.8019999861717224,0.828000009059906,4604
2023-11-08,0.8259999752044678,0.8360000252723694,0.8259999752044678,0.8360000252723694,9200
2023-11-09,0.8320000171661377,0.8320000171661377,0.8299999833106995,0.8299999833106995,37
2023-11-10,0.8220000267028809,0.8360000252723694,0.8159999847412109,0.8360000252723694,8009
2023-11-13,0.8360000252723694,0.8379999995231628,0.8220000267028809,0.8299999833106995,3985
2023-11-14,0.828000009059906,0.8299999833106995,0.800000011920929,0.8259999752044678,38186
2023-11-15,0.8100000023841858,0.8240000009536743,0.8100000023841858,0.8240000009536743,14629
2023-11-16,0.8240000009536743,0.8259999752044678,0.8119999766349792,0.8180000185966492,5979
2023-11-17,0.8119999766349792,0.8119999766349792,0.8059999942779541,0.8100000023841858,10196
2023-11-20,0.8199999928474426,0.8199999928474426,0.8059999942779541,0.8100000023841858,1810
2023-11-21,0.8100000023841858,0.8100000023841858,0.8059999942779541,0.8100000023841858,4865
2023-11-22,0.800000011920929,0.8100000023841858,0.7799999713897705,0.7799999713897705,56225
2023-11-23,0.7839999794960022,0.7979999780654907,0.7839999794960022,0.7979999780654907,2038
2023-11-24,0.7919999957084656,0.7960000038146973,0.7799999713897705,0.7940000295639038,5674
2023-11-27,0.7940000295639038,0.7940000295639038,0.7799999713897705,0.7820000052452087,11307
2023-11-28,0.7820000052452087,0.7820000052452087,0.7799999713897705,0.7799999713897705,6600
2023-11-29,0.777999997138977,0.777999997138977,0.7599999904632568,0.765999972820282,12418
2023-11-30,0.7580000162124634,0.7580000162124634,0.7400000095367432,0.7559999823570251,14870
2023-12-01,0.75,0.7599999904632568,0.7039999961853027,0.7400000095367432,17008
2023-12-04,0.7400000095367432,0.7400000095367432,0.7300000190734863,0.7300000190734863,13467
2023-12-05,0.7300000190734863,0.7300000190734863,0.7099999785423279,0.7200000286102295,10624
2023-12-06,0.7120000123977661,0.7559999823570251,0.699999988079071,0.7379999756813049,71367
2023-12-07,0.7099999785423279,0.7300000190734863,0.7099999785423279,0.7200000286102295,7840
2023-12-08,0.7200000286102295,0.7300000190734863,0.7039999961853027,0.7120000123977661,17840
2023-12-11,0.7020000219345093,0.7720000147819519,0.7020000219345093,0.7699999809265137,65960
2023-12-12,0.7699999809265137,0.7699999809265137,0.7300000190734863,0.7580000162124634,25557
2023-12-13,0.7319999933242798,0.7559999823570251,0.7200000286102295,0.75,34505
2023-12-14,0.7300000190734863,0.7559999823570251,0.6579999923706055,0.734000027179718,46769
2023-12-15,0.734000027179718,0.7360000014305115,0.6919999718666077,0.7139999866485596,85268
2023-12-18,0.699999988079071,0.7120000123977661,0.6700000166893005,0.7020000219345093,62554
2023-12-19,0.699999988079071,0.7459999918937683,0.699999988079071,0.7459999918937683,41790
2023-12-20,0.7360000014305115,0.7459999918937683,0.7139999866485596,0.7459999918937683,30366
2023-12-21,0.7379999756813049,0.7379999756813049,0.7059999704360962,0.7319999933242798,43840
2023-12-22,0.7319999933242798,0.75,0.7200000286102295,0.7200000286102295,59152
2023-12-27,0.7200000286102295,0.7200000286102295,0.6899999976158142,0.699999988079071,75618
2023-12-28,0.6899999976158142,0.7179999947547913,0.6880000233650208,0.7179999947547913,28800
2023-12-29,0.7179999947547913,0.7900000214576721,0.6899999976158142,0.7879999876022339,126857
2024-01-02,0.7900000214576721,0.800000011920929,0.7160000205039978,0.7379999756813049,69460
2024-01-03,0.7300000190734863,0.7480000257492065,0.7160000205039978,0.7480000257492065,8532
2024-01-04,0.7480000257492065,0.75,0.7200000286102295,0.75,2765
2024-01-05,0.7459999918937683,0.7580000162124634,0.7400000095367432,0.7580000162124634,4176
2024-01-08,0.7400000095367432,0.7580000162124634,0.7400000095367432,0.7580000162124634,5750
2024-01-09,0.7459999918937683,0.7599999904632568,0.7400000095367432,0.7400000095367432,10439
2024-01-10,0.7400000095367432,0.7400000095367432,0.7400000095367432,0.7400000095367432,264
2024-01-11,0.7400000095367432,0.7400000095367432,0.699999988079071,0.699999988079071,25325
2024-01-12,0.7059999704360962,0.7059999704360962,0.6800000071525574,0.6940000057220459,38187
2024-01-15,0.6940000057220459,0.7519999742507935,0.6940000057220459,0.7519999742507935,13465
2024-01-16,0.7480000257492065,0.75,0.7459999918937683,0.75,1693
2024-01-17,0.7480000257492065,0.7480000257492065,0.7179999947547913,0.7179999947547913,3088
2024-01-18,0.7200000286102295,0.7459999918937683,0.7179999947547913,0.7179999947547913,320
2024-01-19,0.7419999837875366,0.7419999837875366,0.699999988079071,0.7400000095367432,2950
2024-01-22,0.7379999756813049,0.75,0.699999988079071,0.7459999918937683,8170
2024-01-23,0.7200000286102295,0.7480000257492065,0.7200000286102295,0.7440000176429749,1850
2024-01-24,0.7239999771118164,0.7419999837875366,0.7239999771118164,0.7419999837875366,797
2024-01-25,0.7419999837875366,0.7419999837875366,0.734000027179718,0.7400000095367432,6100
2024-01-26,0.7440000176429749,0.7440000176429749,0.7400000095367432,0.7400000095367432,734
2024-01-29,0.7400000095367432,0.765999972820282,0.722000002861023,0.7480000257492065,11584
2024-01-30,0.7300000190734863,0.765999972820282,0.7200000286102295,0.7599999904632568,2479
2024-01-31,0.7440000176429749,0.75,0.7099999785423279,0.7459999918937683,3788
2024-02-01,0.7400000095367432,0.7599999904632568,0.7239999771118164,0.7319999933242798,2641
2024-02-02,0.734000027179718,0.7360000014305115,0.7300000190734863,0.7319999933242798,2868
2024-02-05,0.734000027179718,0.75,0.7039999961853027,0.7099999785423279,7201
2024-02-06,0.7120000123977661,0.7419999837875366,0.699999988079071,0.699999988079071,18931
2024-02-07,0.7139999866485596,0.7200000286102295,0.6959999799728394,0.699999988079071,1964
2024-02-08,0.6980000138282776,0.7179999947547913,0.6899999976158142,0.7179999947547913,5660
2024-02-09,0.7179999947547913,0.7300000190734863,0.7160000205039978,0.7279999852180481,10340
2024-02-12,0.7120000123977661,0.7279999852180481,0.6800000071525574,0.7059999704360962,7720
2024-02-13,0.699999988079071,0.699999988079071,0.699999988079071,0.699999988079071,2360
2024-02-14,0.6980000138282776,0.699999988079071,0.6980000138282776,0.699999988079071,1510
2024-02-15,0.699999988079071,0.7099999785423279,0.699999988079071,0.699999988079071,18760
2024-02-16,0.699999988079071,0.699999988079071,0.6819999814033508,0.699999988079071,3501
2024-02-19,0.6800000071525574,0.699999988079071,0.6800000071525574,0.6899999976158142,7450
2024-02-20,0.6899999976158142,0.6980000138282776,0.6800000071525574,0.6959999799728394,8986
2024-02-21,0.6899999976158142,0.6899999976158142,0.6800000071525574,0.6880000233650208,5371
2024-02-22,0.6840000152587891,0.7099999785423279,0.6819999814033508,0.699999988079071,17904
2024-02-23,0.699999988079071,0.699999988079071,0.6980000138282776,0.699999988079071,4200
2024-02-26,0.6940000057220459,0.7020000219345093,0.6899999976158142,0.6899999976158142,17189
2024-02-27,0.6859999895095825,0.699999988079071,0.6800000071525574,0.699999988079071,56888
2024-02-28,0.6980000138282776,0.699999988079071,0.6819999814033508,0.6819999814033508,6134
2024-02-29,0.6980000138282776,0.6980000138282776,0.6819999814033508,0.6980000138282776,4655
2024-03-01,0.6959999799728394,0.7059999704360962,0.6959999799728394,0.7059999704360962,4661
2024-03-04,0.699999988079071,0.7059999704360962,0.6859999895095825,0.699999988079071,12145
2024-03-05,0.699999988079071,0.7059999704360962,0.6600000262260437,0.6740000247955322,53341
2024-03-06,0.6700000166893005,0.6700000166893005,0.6259999871253967,0.6700000166893005,19490
2024-03-07,0.656000018119812,0.6700000166893005,0.6520000100135803,0.6520000100135803,19674
2024-03-08,0.6600000262260437,0.6700000166893005,0.6399999856948853,0.6600000262260437,55061
2024-03-11,0.6679999828338623,0.6779999732971191,0.6620000004768372,0.6700000166893005,13499
2024-03-12,0.671999990940094,0.6880000233650208,0.6340000033378601,0.6539999842643738,13998
2024-03-13,0.6439999938011169,0.6959999799728394,0.6439999938011169,0.6899999976158142,14415
2024-03-14,0.6859999895095825,0.6859999895095825,0.6499999761581421,0.6679999828338623,5840
2024-03-15,0.6759999990463257,0.6759999990463257,0.621999979019165,0.6679999828338623,12531
2024-03-18,0.6899999976158142,0.6959999799728394,0.621999979019165,0.6600000262260437,29337
2024-03-19,0.6480000019073486,0.6779999732971191,0.5860000252723694,0.6200000047683716,32935
2024-03-20,0.6000000238418579,0.6579999923706055,0.6000000238418579,0.6460000276565552,51634
2024-03-21,0.6159999966621399,0.6480000019073486,0.6039999723434448,0.6100000143051147,13768
2024-03-22,0.6179999709129333,0.6420000195503235,0.6119999885559082,0.6179999709129333,9576
2024-03-25,0.6039999723434448,0.6380000114440918,0.6039999723434448,0.6380000114440918,6170
2024-03-26,0.6140000224113464,0.6340000033378601,0.6039999723434448,0.6240000128746033,13705
2024-03-27,0.6240000128746033,0.6299999952316284,0.6000000238418579,0.6159999966621399,23678
2024-03-28,0.628000020980835,0.6299999952316284,0.6200000047683716,0.628000020980835,3061
2024-04-02,0.6259999871253967,0.6259999871253967,0.6000000238418579,0.6000000238418579,2592
2024-04-03,0.6200000047683716,0.6200000047683716,0.6000000238418579,0.6000000238418579,5434
2024-04-04,0.5960000157356262,0.6100000143051147,0.5920000076293945,0.6000000238418579,24396
2024-04-05,0.6000000238418579,0.6000000238418579,0.5400000214576721,0.5799999833106995,38826
2024-04-08,0.5899999737739563,0.5979999899864197,0.5600000023841858,0.5820000171661377,49626
2024-04-09,0.5839999914169312,0.6359999775886536,0.5839999914169312,0.6359999775886536,39307
2024-04-10,0.6079999804496765,0.6100000143051147,0.5759999752044678,0.593999981880188,28539
2024-04-11,0.5899999737739563,0.5899999737739563,0.5720000267028809,0.5720000267028809,2052
2024-04-12,0.5799999833106995,0.5979999899864197,0.578000009059906,0.5799999833106995,5128
2024-04-15,0.5899999737739563,0.6100000143051147,0.5860000252723694,0.5860000252723694,11497
2024-04-16,0.6079999804496765,0.6079999804496765,0.6079999804496765,0.6079999804496765,20
2024-04-17,0.5920000076293945,0.6100000143051147,0.5519999861717224,0.5860000252723694,24555
2024-04-18,0.5720000267028809,0.593999981880188,0.5559999942779541,0.5920000076293945,6674
2024-04-19,0.5699999928474426,0.593999981880188,0.550000011920929,0.593999981880188,24379
2024-04-22,0.593999981880188,0.6000000238418579,0.5799999833106995,0.6000000238418579,112008
2024-04-23,0.5960000157356262,0.5960000157356262,0.5960000157356262,0.5960000157356262,175
2024-04-24,0.5899999737739563,0.6380000114440918,0.5899999737739563,0.593999981880188,9330
2024-04-25,0.6000000238418579,0.6000000238418579,0.5740000009536743,0.5920000076293945,7583
2024-04-26,0.593999981880188,0.6000000238418579,0.593999981880188,0.6000000238418579,1246
2024-04-29,0.6000000238418579,0.6000000238418579,0.5899999737739563,0.5960000157356262,7405
2024-04-30,0.5860000252723694,0.5879999995231628,0.5600000023841858,0.5879999995231628,10096
2024-05-02,0.578000009059906,0.5879999995231628,0.578000009059906,0.5879999995231628,15508
2024-05-06,0.5879999995231628,0.5879999995231628,0.5619999766349792,0.5699999928474426,8033
2024-05-07,0.5680000185966492,0.5699999928474426,0.5600000023841858,0.5659999847412109,15689
2024-05-08,0.5699999928474426,0.5699999928474426,0.5659999847412109,0.5699999928474426,8053
2024-05-09,0.5699999928474426,0.5699999928474426,0.5580000281333923,0.5699999928474426,9354
2024-05-10,0.5680000185966492,0.5699999928474426,0.550000011920929,0.5659999847412109,28800
2024-05-13,0.5659999847412109,0.5699999928474426,0.5479999780654907,0.5699999928474426,22568
2024-05-14,0.5659999847412109,0.5699999928474426,0.5600000023841858,0.5659999847412109,32406
2024-05-15,0.5600000023841858,0.5600000023841858,0.550000011920929,0.550000011920929,4900
2024-05-16,0.5640000104904175,0.5680000185966492,0.5519999861717224,0.5680000185966492,21411
2024-05-17,0.5680000185966492,0.5680000185966492,0.5600000023841858,0.5659999847412109,7624
2024-05-20,0.5659999847412109,0.5699999928474426,0.5600000023841858,0.5600000023841858,6429
2024-05-21,0.5600000023841858,0.5699999928474426,0.550000011920929,0.5659999847412109,23274
2024-05-22,0.5640000104904175,0.5680000185966492,0.5640000104904175,0.5680000185966492,1193
2024-05-23,0.5640000104904175,0.5680000185966492,0.5640000104904175,0.5680000185966492,221
2024-05-24,0.5640000104904175,0.5640000104904175,0.5640000104904175,0.5640000104904175,30
2024-05-27,0.5619999766349792,0.5680000185966492,0.5600000023841858,0.5600000023841858,10190
2024-05-28,0.5580000281333923,0.5580000281333923,0.5299999713897705,0.5580000281333923,14704
2024-05-29,0.5580000281333923,0.5600000023841858,0.5299999713897705,0.5600000023841858,40942
2024-05-31,0.5600000023841858,0.5659999847412109,0.5600000023841858,0.5640000104904175,5392
2024-06-03,0.5580000281333923,0.5600000023841858,0.5519999861717224,0.5519999861717224,2379
2024-06-04,0.5600000023841858,0.5600000023841858,0.5199999809265137,0.5400000214576721,34727
2024-06-05,0.5299999713897705,0.5799999833106995,0.5299999713897705,0.5680000185966492,43357
2024-06-06,0.5440000295639038,0.5699999928474426,0.5299999713897705,0.5400000214576721,25949
2024-06-07,0.5320000052452087,0.5400000214576721,0.5059999823570251,0.5299999713897705,17668
2024-06-10,0.5199999809265137,0.5199999809265137,0.5,0.5180000066757202,12277
2024-06-11,0.5099999904632568,0.5199999809265137,0.5019999742507935,0.5099999904632568,11965
2024-06-12,0.5099999904632568,0.5199999809265137,0.5099999904632568,0.5139999985694885,4746
2024-06-13,0.5199999809265137,0.5199999809265137,0.5019999742507935,0.5099999904632568,2070
2024-06-14,0.5099999904632568,0.5099999904632568,0.5080000162124634,0.5099999904632568,3564
2024-06-17,0.5099999904632568,0.5199999809265137,0.4950000047683716,0.49900001287460327,15626
2024-06-18,0.5,0.5299999713897705,0.5,0.5040000081062317,8441
2024-06-19,0.5019999742507935,0.5299999713897705,0.5019999742507935,0.5260000228881836,895
2024-06-20,0.5260000228881836,0.5299999713897705,0.4950000047683716,0.5019999742507935,4748
2024-06-21,0.5180000066757202,0.5199999809265137,0.5180000066757202,0.5180000066757202,58
2024-06-24,0.5099999904632568,0.5239999890327454,0.5,0.5199999809265137,8589
2024-06-25,0.5019999742507935,0.5019999742507935,0.5,0.5,460
2024-06-26,0.5059999823570251,0.5059999823570251,0.5059999823570251,0.5059999823570251,3533
2024-06-27,0.5040000081062317,0.5080000162124634,0.5,0.5080000162124634,2253
2024-06-28,0.5059999823570251,0.5299999713897705,0.49399998784065247,0.5,60138
2024-07-01,0.5,0.5040000081062317,0.5,0.5,17503
2024-07-02,0.5,0.5,0.5,0.5,8600
2024-07-03,0.5,0.5,0.49900001287460327,0.49900001287460327,27412
2024-07-04,0.5019999742507935,0.5019999742507935,0.5,0.5,40620
2024-07-05,0.5,0.5019999742507935,0.49000000953674316,0.5,45952
2024-07-08,0.5,0.5,0.49799999594688416,0.5,19391
2024-07-09,0.49900001287460327,0.5,0.49900001287460327,0.5,4200
2024-07-10,0.49900001287460327,0.5019999742507935,0.49900001287460327,0.5,3986
2024-07-11,0.5,0.5,0.49000000953674316,0.5,15470
2024-07-12,0.5,0.5019999742507935,0.48100000619888306,0.5019999742507935,31974
2024-07-15,0.492000013589859,0.5,0.47999998927116394,0.49799999594688416,19312
2024-07-16,0.49300000071525574,0.5,0.48500001430511475,0.49799999594688416,6142
2024-07-17,0.49799999594688416,0.49799999594688416,0.4869999885559082,0.4959999918937683,6360
2024-07-18,0.4950000047683716,0.49900001287460327,0.4880000054836273,0.4959999918937683,1488
2024-07-19,0.4909999966621399,0.4950000047683716,0.47999998927116394,0.49000000953674316,15277
2024-07-22,0.4749999940395355,0.49000000953674316,0.4749999940395355,0.48500001430511475,6980
2024-07-23,0.48500001430511475,0.48500001430511475,0.47999998927116394,0.47999998927116394,9364
2024-07-24,0.49000000953674316,0.49000000953674316,0.4620000123977661,0.4740000069141388,16143
2024-07-25,0.4729999899864197,0.4729999899864197,0.4659999907016754,0.4659999907016754,12795
2024-07-26,0.4650000035762787,0.49000000953674316,0.4189999997615814,0.4300000071525574,146189
2024-07-29,0.4300000071525574,0.4300000071525574,0.40400001406669617,0.41999998688697815,23600
2024-07-30,0.4050000011920929,0.4099999964237213,0.382999986410141,0.4099999964237213,74474
2024-07-31,0.40799999237060547,0.4099999964237213,0.38199999928474426,0.4099999964237213,37874
2024-08-01,0.4099999964237213,0.41200000047683716,0.4020000100135803,0.4090000092983246,16304
2024-08-02,0.4090000092983246,0.4189999997615814,0.4090000092983246,0.4189999997615814,38184
2024-08-05,0.41499999165534973,0.41499999165534973,0.3799999952316284,0.40799999237060547,58493
2024-08-06,0.40700000524520874,0.43700000643730164,0.40700000524520874,0.4099999964237213,26362
2024-08-07,0.4269999861717224,0.42800000309944153,0.39500001072883606,0.4090000092983246,15259
2024-08-08,0.40799999237060547,0.4090000092983246,0.40799999237060547,0.4090000092983246,580
2024-08-09,0.40799999237060547,0.4099999964237213,0.4000000059604645,0.4000000059604645,5440
2024-08-12,0.40799999237060547,0.40799999237060547,0.39899998903274536,0.39899998903274536,1132
2024-08-13,0.39899998903274536,0.4000000059604645,0.39500001072883606,0.4000000059604645,9202
2024-08-14,0.3959999978542328,0.4000000059604645,0.38999998569488525,0.4000000059604645,10736
2024-08-16,0.4020000100135803,0.4020000100135803,0.4000000059604645,0.4000000059604645,4192
2024-08-19,0.4020000100135803,0.42399999499320984,0.4000000059604645,0.4000000059604645,51535
2024-08-20,0.4000000059604645,0.4099999964237213,0.3919999897480011,0.4050000011920929,8775
2024-08-21,0.4050000011920929,0.4050000011920929,0.4009999930858612,0.4050000011920929,801
2024-08-22,0.40400001406669617,0.40400001406669617,0.4000000059604645,0.4000000059604645,2720
2024-08-23,0.4000000059604645,0.4000000059604645,0.4000000059604645,0.4000000059604645,10
2024-08-26,0.3970000147819519,0.4000000059604645,0.38499999046325684,0.39800000190734863,10277
2024-08-27,0.38999998569488525,0.4000000059604645,0.38999998569488525,0.4000000059604645,10057
2024-08-28,0.4000000059604645,0.4189999997615814,0.4000000059604645,0.4000000059604645,41697
2024-08-29,0.4000000059604645,0.4009999930858612,0.38999998569488525,0.39899998903274536,28935
2024-08-30,0.39899998903274536,0.4000000059604645,0.39899998903274536,0.4000000059604645,205
2024-09-02,0.4000000059604645,0.4050000011920929,0.39100000262260437,0.4000000059604645,16968
2024-09-03,0.4000000059604645,0.4020000100135803,0.4000000059604645,0.4000000059604645,11466
2024-09-04,0.4000000059604645,0.41600000858306885,0.4000000059604645,0.40799999237060547,56296
2024-09-05,0.4050000011920929,0.40700000524520874,0.4009999930858612,0.40700000524520874,17908
2024-09-06,0.4050000011920929,0.4050000011920929,0.3659999966621399,0.3799999952316284,90611
2024-09-09,0.375,0.39899998903274536,0.375,0.38999998569488525,45177
2024-09-10,0.38999998569488525,0.39500001072883606,0.3889999985694885,0.38999998569488525,52113
2024-09-11,0.38999998569488525,0.3919999897480011,0.38999998569488525,0.3919999897480011,29980
2024-09-12,0.3880000114440918,0.4000000059604645,0.3880000114440918,0.3970000147819519,32041
2024-09-13,0.3970000147819519,0.3970000147819519,0.3880000114440918,0.38999998569488525,36522
2024-09-16,0.3930000066757202,0.3930000066757202,0.3880000114440918,0.3889999985694885,17510
2024-09-17,0.3880000114440918,0.3880000114440918,0.3869999945163727,0.3869999945163727,2090
2024-09-18,0.3869999945163727,0.3880000114440918,0.38100001215934753,0.38499999046325684,10074
2024-09-19,0.38999998569488525,0.38999998569488525,0.3720000088214874,0.375,9590
2024-09-20,0.375,0.4099999964237213,0.36000001430511475,0.36000001430511475,119186
2024-09-23,0.3700000047683716,0.37400001287460327,0.3499999940395355,0.3499999940395355,57090
2024-09-24,0.3409999907016754,0.35499998927116394,0.33000001311302185,0.33899998664855957,62283
2024-09-25,0.3400000035762787,0.36000001430511475,0.33899998664855957,0.3490000069141388,71304
2024-09-26,0.3440000116825104,0.35499998927116394,0.3400000035762787,0.3449999988079071,53574
2024-09-27,0.35499998927116394,0.3569999933242798,0.3409999907016754,0.3409999907016754,31807
2024-09-30,0.3409999907016754,0.3490000069141388,0.3409999907016754,0.3449999988079071,15892
2024-10-01,0.34299999475479126,0.34299999475479126,0.3370000123977661,0.3409999907016754,52671
2024-10-02,0.3409999907016754,0.3409999907016754,0.335999995470047,0.3409999907016754,15052
2024-10-03,0.3400000035762787,0.3400000035762787,0.335999995470047,0.335999995470047,3749
2024-10-04,0.33899998664855957,0.3400000035762787,0.335999995470047,0.3400000035762787,4768
2024-10-07,0.33899998664855957,0.3400000035762787,0.33899998664855957,0.3400000035762787,17005
2024-10-08,0.3400000035762787,0.40700000524520874,0.3400000035762787,0.38999998569488525,188219
2024-10-09,0.38999998569488525,0.5239999890327454,0.38999998569488525,0.5239999890327454,224240
2024-10-10,0.7300000190734863,0.800000011920929,0.6579999923706055,0.800000011920929,1404490
2024-10-11,0.8799999952316284,0.9679999947547913,0.7400000095367432,0.7739999890327454,1429932
2024-10-14,0.7699999809265137,0.8100000023841858,0.7039999961853027,0.7200000286102295,471927
2024-10-15,0.7200000286102295,0.7200000286102295,0.621999979019165,0.6499999761581421,546164
2024-10-16,0.6420000195503235,0.6899999976158142,0.621999979019165,0.6299999952316284,232392
2024-10-17,0.6200000047683716,0.6480000019073486,0.5899999737739563,0.5899999737739563,270586
2024-10-18,0.5920000076293945,0.6359999775886536,0.5519999861717224,0.5960000157356262,658281
2024-10-21,0.5979999899864197,0.6119999885559082,0.5720000267028809,0.6079999804496765,61595
2024-10-22,0.6100000143051147,0.6100000143051147,0.5699999928474426,0.5799999833106995,117952
2024-10-23,0.5720000267028809,0.5879999995231628,0.5600000023841858,0.5600000023841858,89413
2024-10-24,0.5659999847412109,0.75,0.5659999847412109,0.75,764211
2024-10-25,0.8019999861717224,0.9380000233650208,0.7300000190734863,0.8040000200271606,1309293
2024-10-28,0.8019999861717224,0.8140000104904175,0.7319999933242798,0.7379999756813049,284446
2024-10-29,0.7379999756813049,0.75,0.6959999799728394,0.7260000109672546,144340
2024-10-30,0.7179999947547913,0.7820000052452087,0.6840000152587891,0.7200000286102295,302467
2024-10-31,0.7080000042915344,0.7080000042915344,0.6639999747276306,0.6859999895095825,115388
2024-11-04,0.6800000071525574,0.7179999947547913,0.6299999952316284,0.6859999895095825,93312
2024-11-05,0.6880000233650208,0.6880000233650208,0.6499999761581421,0.6740000247955322,53924
2024-11-06,0.671999990940094,0.6859999895095825,0.6380000114440918,0.6840000152587891,26586
2024-11-07,0.6660000085830688,0.6980000138282776,0.6299999952316284,0.6660000085830688,174706
2024-11-08,0.6499999761581421,0.6660000085830688,0.6480000019073486,0.6579999923706055,19764
2024-11-12,0.6600000262260437,0.6620000004768372,0.6240000128746033,0.6399999856948853,61373
2024-11-13,0.6359999775886536,0.6399999856948853,0.5799999833106995,0.6200000047683716,56882
2024-11-14,0.6179999709129333,0.6179999709129333,0.5820000171661377,0.6100000143051147,13630
2024-11-15,0.6019999980926514,0.6299999952316284,0.593999981880188,0.6179999709129333,23355
2024-11-18,0.6179999709129333,0.6179999709129333,0.5960000157356262,0.6100000143051147,850
2024-11-19,0.5820000171661377,0.6140000224113464,0.5699999928474426,0.5899999737739563,121938
2024-11-20,0.5879999995231628,0.5879999995231628,0.550000011920929,0.5820000171661377,87763
2024-11-21,0.5839999914169312,0.6200000047683716,0.5619999766349792,0.6119999885559082,30093
2024-11-22,0.6119999885559082,0.6119999885559082,0.5600000023841858,0.5839999914169312,40246
2024-11-25,0.5820000171661377,0.5820000171661377,0.550000011920929,0.5619999766349792,48278
2024-11-26,0.5619999766349792,0.5680000185966492,0.5580000281333923,0.5680000185966492,27214
2024-11-27,0.5559999942779541,0.5979999899864197,0.5460000038146973,0.5979999899864197,51342
2024-11-28,0.5979999899864197,0.6899999976158142,0.593999981880188,0.6259999871253967,281073
2024-11-29,0.6259999871253967,0.6259999871253967,0.5920000076293945,0.6000000238418579,23792
2024-12-02,0.5920000076293945,0.6060000061988831,0.5600000023841858,0.593999981880188,51594
2024-12-03,0.5759999752044678,0.5899999737739563,0.5619999766349792,0.5799999833106995,27995
2024-12-04,0.5600000023841858,0.6159999966621399,0.5600000023841858,0.6000000238418579,70139
2024-12-05,0.6019999980926514,0.6019999980926514,0.5820000171661377,0.5879999995231628,10383
2024-12-06,0.5979999899864197,0.6240000128746033,0.5860000252723694,0.6000000238418579,124678
2024-12-09,0.6119999885559082,0.6399999856948853,0.6019999980926514,0.6179999709129333,110779
2024-12-10,0.6079999804496765,0.6299999952316284,0.6000000238418579,0.6159999966621399,50550
2024-12-11,0.6100000143051147,0.6200000047683716,0.5820000171661377,0.6159999966621399,41905
2024-12-12,0.6039999723434448,0.6140000224113464,0.6019999980926514,0.6079999804496765,73294
2024-12-13,0.6019999980926514,0.6079999804496765,0.5799999833106995,0.5839999914169312,12473
2024-12-16,0.5839999914169312,0.6060000061988831,0.5799999833106995,0.5799999833106995,48076
2024-12-17,0.5640000104904175,0.5899999737739563,0.5640000104904175,0.5839999914169312,22073
2024-12-18,0.5640000104904175,0.593999981880188,0.5640000104904175,0.593999981880188,27859
2024-12-19,0.5960000157356262,0.5960000157356262,0.5839999914169312,0.5899999737739563,10843
2024-12-20,0.5839999914169312,0.5979999899864197,0.5699999928474426,0.5899999737739563,16138
2024-12-23,0.5879999995231628,0.5899999737739563,0.5600000023841858,0.5899999737739563,125381
2024-12-27,0.5860000252723694,0.5860000252723694,0.5640000104904175,0.5860000252723694,18345
2024-12-30,0.578000009059906,0.5879999995231628,0.5699999928474426,0.5759999752044678,32950
2025-01-02,0.5740000009536743,0.5960000157356262,0.5519999861717224,0.5960000157356262,54664
2025-01-03,0.5960000157356262,0.6380000114440918,0.5960000157356262,0.6000000238418579,99810
2025-01-07,0.593999981880188,0.6119999885559082,0.5699999928474426,0.5820000171661377,100666
2025-01-08,0.5799999833106995,0.5899999737739563,0.5720000267028809,0.5860000252723694,13850
2025-01-09,0.5860000252723694,0.5899999737739563,0.5799999833106995,0.5899999737739563,13700
2025-01-10,0.5920000076293945,0.593999981880188,0.5699999928474426,0.5839999914169312,22678
2025-01-13,0.5839999914169312,0.5879999995231628,0.5839999914169312,0.5879999995231628,6853
2025-01-14,0.5879999995231628,0.7099999785423279,0.5879999995231628,0.6039999723434448,417875
2025-01-15,0.6039999723434448,0.6179999709129333,0.5839999914169312,0.5960000157356262,78632
2025-01-16,0.5960000157356262,0.6019999980926514,0.5820000171661377,0.6019999980926514,21142
2025-01-17,0.6079999804496765,0.6079999804496765,0.5820000171661377,0.6039999723434448,20622
2025-01-20,0.6000000238418579,0.6039999723434448,0.5839999914169312,0.5839999914169312,78393
2025-01-21,0.5979999899864197,0.5979999899864197,0.5740000009536743,0.5879999995231628,18661
2025-01-22,0.5879999995231628,0.6320000290870667,0.5799999833106995,0.5960000157356262,154739
2025-01-23,0.5860000252723694,0.6079999804496765,0.5860000252723694,0.5920000076293945,51455
2025-01-24,0.5920000076293945,0.6079999804496765,0.5920000076293945,0.6079999804496765,73878
2025-01-27,0.6060000061988831,0.6660000085830688,0.5920000076293945,0.6320000290870667,303615
2025-01-28,0.6320000290870667,0.6320000290870667,0.6159999966621399,0.6240000128746033,18022
2025-01-29,0.6240000128746033,0.6320000290870667,0.6019999980926514,0.6159999966621399,15331
2025-01-30,0.621999979019165,0.6299999952316284,0.5979999899864197,0.6119999885559082,66862
2025-01-31,0.6200000047683716,0.621999979019165,0.6019999980926514,0.6060000061988831,4599
2025-02-03,0.5979999899864197,0.6140000224113464,0.593999981880188,0.6060000061988831,49588
2025-02-04,0.6100000143051147,0.6200000047683716,0.5979999899864197,0.6179999709129333,23826
2025-02-05,0.6119999885559082,0.6159999966621399,0.5960000157356262,0.5960000157356262,3457
2025-02-06,0.6039999723434448,0.6119999885559082,0.5960000157356262,0.6119999885559082,15638
2025-02-07,0.6100000143051147,0.6159999966621399,0.5960000157356262,0.5979999899864197,23464
2025-02-10,0.6100000143051147,0.6179999709129333,0.6000000238418579,0.6060000061988831,4443
2025-02-11,0.6019999980926514,0.6159999966621399,0.5920000076293945,0.5979999899864197,20638
2025-02-12,0.5979999899864197,0.6299999952316284,0.5960000157356262,0.6100000143051147,56049
2025-02-13,0.6060000061988831,0.6140000224113464,0.5979999899864197,0.6019999980926514,14180
2025-02-14,0.6019999980926514,0.6100000143051147,0.5979999899864197,0.6000000238418579,15344
2025-02-17,0.6079999804496765,0.6100000143051147,0.5920000076293945,0.6019999980926514,22854
2025-02-18,0.6019999980926514,0.6019999980926514,0.5899999737739563,0.5960000157356262,42707
2025-02-19,0.5960000157356262,0.6079999804496765,0.5960000157356262,0.6079999804496765,28900
2025-02-20,0.6039999723434448,0.6100000143051147,0.6000000238418579,0.6000000238418579,24250
2025-02-21,0.6000000238418579,0.6079999804496765,0.5860000252723694,0.5860000252723694,32901
2025-02-24,0.5839999914169312,0.5960000157356262,0.5799999833106995,0.5960000157356262,12969
2025-02-25,0.5960000157356262,0.6000000238418579,0.5799999833106995,0.6000000238418579,12930
2025-02-26,0.5960000157356262,0.5979999899864197,0.5759999752044678,0.5879999995231628,5014
2025-02-27,0.593999981880188,0.593999981880188,0.5860000252723694,0.593999981880188,7085
2025-02-28,0.5920000076293945,0.5979999899864197,0.5839999914169312,0.5960000157356262,11262
2025-03-03,0.5879999995231628,0.5960000157356262,0.5799999833106995,0.5960000157356262,6495
2025-03-04,0.5899999737739563,0.5960000157356262,0.578000009059906,0.5879999995231628,4839
2025-03-05,0.5759999752044678,0.593999981880188,0.5740000009536743,0.5899999737739563,35165
2025-03-06,0.5899999737739563,0.6019999980926514,0.5799999833106995,0.6019999980926514,8515
2025-03-07,0.5979999899864197,0.6320000290870667,0.5820000171661377,0.6159999966621399,50849
2025-03-10,0.6119999885559082,0.6200000047683716,0.5879999995231628,0.6159999966621399,21495
2025-03-11,0.6100000143051147,0.6200000047683716,0.5879999995231628,0.6200000047683716,38941
2025-03-12,0.6100000143051147,0.6100000143051147,0.5899999737739563,0.5960000157356262,12369
2025-03-13,0.6019999980926514,0.6019999980926514,0.5879999995231628,0.5960000157356262,21394
2025-03-14,0.593999981880188,0.5960000157356262,0.5740000009536743,0.5899999737739563,14456
2025-03-17,0.593999981880188,0.6800000071525574,0.5799999833106995,0.6700000166893005,388382
2025-03-18,0.6800000071525574,0.6899999976158142,0.6359999775886536,0.6499999761581421,198622
2025-03-19,0.6299999952316284,0.6579999923706055,0.6200000047683716,0.6499999761581421,139487
2025-03-20,0.656000018119812,0.699999988079071,0.6240000128746033,0.6959999799728394,265480
2025-03-21,0.7099999785423279,0.8579999804496765,0.6320000290870667,0.6420000195503235,2196301
2025-03-24,0.6439999938011169,0.6800000071525574,0.6359999775886536,0.6700000166893005,293038
2025-03-25,0.6700000166893005,0.6779999732971191,0.6420000195503235,0.6759999990463257,100395
2025-03-26,0.6779999732971191,0.7300000190734863,0.6420000195503235,0.699999988079071,277507
2025-03-27,0.7279999852180481,0.7319999933242798,0.6800000071525574,0.699999988079071,93368
2025-03-28,0.7080000042915344,0.7239999771118164,0.6859999895095825,0.7020000219345093,24371
2025-03-31,0.7059999704360962,0.7059999704360962,0.671999990940094,0.6980000138282776,102735
2025-04-01,0.6819999814033508,0.699999988079071,0.6639999747276306,0.6859999895095825,77972
2025-04-02,0.6859999895095825,0.6899999976158142,0.671999990940094,0.6859999895095825,19467
2025-04-03,0.6880000233650208,0.6880000233650208,0.6499999761581421,0.6779999732971191,36045
2025-04-04,0.6520000100135803,0.6759999990463257,0.6179999709129333,0.6420000195503235,93344
2025-04-07,0.6119999885559082,0.6380000114440918,0.6019999980926514,0.6240000128746033,23790
2025-04-08,0.628000020980835,0.656000018119812,0.6100000143051147,0.656000018119812,23081
2025-04-09,0.6340000033378601,0.6499999761581421,0.6100000143051147,0.6399999856948853,6966
2025-04-10,0.6399999856948853,0.6420000195503235,0.6119999885559082,0.6159999966621399,13752
2025-04-11,0.6240000128746033,0.628000020980835,0.6159999966621399,0.6159999966621399,977
2025-04-14,0.6200000047683716,0.621999979019165,0.6140000224113464,0.621999979019165,8497
2025-04-15,0.6200000047683716,0.6240000128746033,0.6100000143051147,0.6200000047683716,34864
2025-04-16,0.6200000047683716,0.6240000128746033,0.6079999804496765,0.6100000143051147,16316
2025-04-17,0.6179999709129333,0.6240000128746033,0.6079999804496765,0.6179999709129333,19735
2025-04-22,0.6200000047683716,0.6499999761581421,0.6179999709129333,0.6480000019073486,69170
2025-04-23,0.6480000019073486,0.6480000019073486,0.628000020980835,0.6420000195503235,34308
2025-04-24,0.6399999856948853,0.6399999856948853,0.6079999804496765,0.6140000224113464,56757
2025-04-25,0.6200000047683716,0.6240000128746033,0.6079999804496765,0.6100000143051147,32164
2025-04-28,0.6340000033378601,0.6340000033378601,0.6140000224113464,0.6159999966621399,32713
2025-04-29,0.6200000047683716,0.6380000114440918,0.6159999966621399,0.6359999775886536,24097
2025-04-30,0.6439999938011169,0.6439999938011169,0.621999979019165,0.6299999952316284,17453
2025-05-02,0.6380000114440918,0.6380000114440918,0.6159999966621399,0.628000020980835,30883
2025-05-05,0.6320000290870667,0.6399999856948853,0.6259999871253967,0.6380000114440918,9701
2025-05-06,0.6200000047683716,0.6399999856948853,0.6200000047683716,0.6380000114440918,2892
2025-05-07,0.6299999952316284,0.6359999775886536,0.621999979019165,0.6359999775886536,15678
2025-05-08,0.6359999775886536,0.6359999775886536,0.6159999966621399,0.621999979019165,8361
2025-05-09,0.6299999952316284,0.6340000033378601,0.6299999952316284,0.6299999952316284,5626
2025-05-12,0.628000020980835,0.6359999775886536,0.6179999709129333,0.6179999709129333,10990
2025-05-13,0.6200000047683716,0.6600000262260437,0.6179999709129333,0.6399999856948853,32055
2025-05-14,0.6399999856948853,0.6579999923706055,0.628000020980835,0.6480000019073486,23860
2025-05-15,0.6359999775886536,0.6420000195503235,0.6299999952316284,0.6320000290870667,5292
2025-05-16,0.6399999856948853,0.6399999856948853,0.6100000143051147,0.6259999871253967,84304
2025-05-19,0.6259999871253967,0.6259999871253967,0.6039999723434448,0.6119999885559082,11640
2025-05-20,0.6200000047683716,0.6259999871253967,0.6119999885559082,0.6200000047683716,4020
2025-05-21,0.6179999709129333,0.6320000290870667,0.5580000281333923,0.6000000238418579,248383
2025-05-22,0.6000000238418579,0.6140000224113464,0.5799999833106995,0.5920000076293945,16286
2025-05-23,0.5979999899864197,0.6039999723434448,0.5799999833106995,0.5960000157356262,19561
2025-05-26,0.593999981880188,0.5960000157356262,0.5720000267028809,0.5920000076293945,7566
2025-05-27,0.5860000252723694,0.5979999899864197,0.5799999833106995,0.5979999899864197,20013
2025-05-28,0.5979999899864197,0.6179999709129333,0.5920000076293945,0.5920000076293945,27599
2025-05-29,0.6079999804496765,0.6119999885559082,0.5920000076293945,0.5920000076293945,3218
2025-05-30,0.6060000061988831,0.6079999804496765,0.593999981880188,0.6079999804496765,4442
2025-06-02,0.6060000061988831,0.6060000061988831,0.5960000157356262,0.6060000061988831,7027
2025-06-03,0.6100000143051147,0.6100000143051147,0.5979999899864197,0.6039999723434448,912
2025-06-04,0.5960000157356262,0.5979999899864197,0.5860000252723694,0.5899999737739563,21838
2025-06-05,0.5960000157356262,0.5960000157356262,0.5740000009536743,0.593999981880188,17551
2025-06-06,0.593999981880188,0.5960000157356262,0.5860000252723694,0.5860000252723694,9396
2025-06-09,0.5860000252723694,0.5920000076293945,0.5680000185966492,0.578000009059906,14893
2025-06-10,0.5799999833106995,0.5820000171661377,0.5799999833106995,0.5799999833106995,687
2025-06-11,0.578000009059906,0.578000009059906,0.5699999928474426,0.578000009059906,14790
2025-06-12,0.5799999833106995,0.5839999914169312,0.5519999861717224,0.5759999752044678,36547
2025-06-13,0.5600000023841858,0.5820000171661377,0.5600000023841858,0.5799999833106995,13097
2025-06-16,0.5720000267028809,0.5820000171661377,0.5699999928474426,0.5799999833106995,5411
2025-06-17,0.5699999928474426,0.5799999833106995,0.5419999957084656,0.5419999957084656,66790
2025-06-18,0.5440000295639038,0.5619999766349792,0.5199999809265137,0.5460000038146973,37341
2025-06-20,0.5360000133514404,0.5360000133514404,0.5120000243186951,0.5320000052452087,48363
2025-06-23,0.5339999794960022,0.5339999794960022,0.49000000953674316,0.5180000066757202,13834
2025-06-24,0.5139999985694885,0.515999972820282,0.5,0.5120000243186951,46560
2025-06-25,0.5099999904632568,0.5260000228881836,0.5099999904632568,0.5260000228881836,5161
2025-06-26,0.515999972820282,0.5339999794960022,0.5120000243186951,0.5260000228881836,11797
2025-06-27,0.5239999890327454,0.5479999780654907,0.5239999890327454,0.5460000038146973,30510
2025-06-30,0.5460000038146973,0.5460000038146973,0.5,0.5120000243186951,29762
2025-07-01,0.5180000066757202,0.5239999890327454,0.515999972820282,0.5220000147819519,4323
2025-07-02,0.5220000147819519,0.550000011920929,0.5180000066757202,0.5440000295639038,21983
2025-07-03,0.5299999713897705,0.5339999794960022,0.5299999713897705,0.5339999794960022,871
2025-07-04,0.5220000147819519,0.5260000228881836,0.5099999904632568,0.5260000228881836,21448
2025-07-07,0.5260000228881836,0.5260000228881836,0.5180000066757202,0.5180000066757202,7752
2025-07-08,0.5220000147819519,0.5360000133514404,0.5220000147819519,0.5220000147819519,18557
2025-07-09,0.5220000147819519,0.5360000133514404,0.5220000147819519,0.5360000133514404,4007
2025-07-10,0.5379999876022339,0.5379999876022339,0.5239999890327454,0.5339999794960022,7759
2025-07-11,0.527999997138977,0.527999997138977,0.5260000228881836,0.5260000228881836,1226
2025-07-14,0.5299999713897705,0.5339999794960022,0.5239999890327454,0.5299999713897705,10670
2025-07-15,0.5299999713897705,0.5339999794960022,0.5120000243186951,0.5299999713897705,32771
2025-07-16,0.5320000052452087,0.5460000038146973,0.5260000228881836,0.5400000214576721,12630
2025-07-17,0.5239999890327454,0.5339999794960022,0.5099999904632568,0.5099999904632568,13240
2025-07-18,0.5120000243186951,0.5299999713897705,0.5120000243186951,0.5260000228881836,4764
2025-07-21,0.5260000228881836,0.5299999713897705,0.5260000228881836,0.5299999713897705,1500
2025-07-22,0.550000011920929,0.5559999942779541,0.527999997138977,0.5400000214576721,23976
2025-07-23,0.5400000214576721,0.5400000214576721,0.5379999876022339,0.5400000214576721,2264
2025-07-24,0.5400000214576721,0.5479999780654907,0.5400000214576721,0.5479999780654907,1026
2025-07-25,0.5479999780654907,0.550000011920929,0.5339999794960022,0.550000011920929,13733
2025-07-28,0.550000011920929,0.5600000023841858,0.5400000214576721,0.5559999942779541,12063
2025-07-29,0.5559999942779541,0.5559999942779541,0.5559999942779541,0.5559999942779541,432
2025-07-30,0.5460000038146973,0.5580000281333923,0.5400000214576721,0.5559999942779541,5064
2025-07-31,0.5540000200271606,0.5540000200271606,0.5419999957084656,0.5419999957084656,541
2025-08-01,0.5419999957084656,0.5699999928474426,0.5419999957084656,0.5680000185966492,47635
2025-08-04,0.5680000185966492,0.5699999928474426,0.5540000200271606,0.5699999928474426,9854
2025-08-05,0.5699999928474426,0.5699999928474426,0.5559999942779541,0.5699999928474426,4810
2025-08-06,0.5680000185966492,0.5680000185966492,0.5680000185966492,0.5680000185966492,1
2025-08-07,0.5559999942779541,0.5699999928474426,0.5339999794960022,0.5640000104904175,41432
2025-08-08,0.5540000200271606,0.5580000281333923,0.5339999794960022,0.5339999794960022,16281
2025-08-11,0.5479999780654907,0.5479999780654907,0.5299999713897705,0.5400000214576721,12154
2025-08-12,0.527999997138977,0.5299999713897705,0.527999997138977,0.5299999713897705,13676
2025-08-13,0.5339999794960022,0.5339999794960022,0.5220000147819519,0.5320000052452087,1250
2025-08-14,0.5339999794960022,0.5339999794960022,0.5199999809265137,0.5299999713897705,17614
2025-08-18,0.5220000147819519,0.5299999713897705,0.5139999985694885,0.5299999713897705,21652
2025-08-19,0.5220000147819519,0.5220000147819519,0.4699999988079071,0.5,36945
2025-08-20,0.5,0.6399999856948853,0.5,0.6399999856948853,685621
2025-08-21,0.6600000262260437,0.8500000238418579,0.6499999761581421,0.828000009059906,3178862
2025-08-22,0.8759999871253967,0.9480000138282776,0.7519999742507935,0.7620000243186951,1856078
2025-08-25,0.7639999985694885,0.9959999918937683,0.7639999985694885,0.9959999918937683,1575255
2025-08-26,1.0700000524520874,1.350000023841858,1.0700000524520874,1.350000023841858,1138678
2025-08-27,1.5950000286102295,1.7999999523162842,1.1699999570846558,1.2599999904632568,5151325
2025-08-28,1.2400000095367432,1.4500000476837158,1.1399999856948853,1.2100000381469727,2410957
2025-08-29,1.190000057220459,1.2899999618530273,1.090000033378601,1.1699999570846558,1293404
2025-09-01,1.190000057220459,1.2350000143051147,1.090000033378601,1.1399999856948853,1029856
2025-09-02,1.1699999570846558,1.1699999570846558,1.059999942779541,1.0800000429153442,1024511
2025-09-03,1.0700000524520874,1.1399999856948853,0.9959999918937683,1.0099999904632568,1374154
2025-09-04,1.0199999809265137,1.0800000429153442,0.9819999933242798,1.024999976158142,1147211
2025-09-05,1.024999976158142,1.034999966621399,0.9300000071525574,0.9399999976158142,851050
2025-09-08,0.9419999718666077,0.9639999866485596,0.8640000224113464,0.9399999976158142,911043
2025-09-09,0.9399999976158142,1.1950000524520874,0.9399999976158142,1.1950000524520874,1761441
2025-09-10,1.215000033378601,1.2200000286102295,1.0499999523162842,1.100000023841858,1379294
2025-09-11,1.090000033378601,1.1699999570846558,1.0299999713897705,1.125,657727
2025-09-12,1.125,1.125,1.059999942779541,1.0800000429153442,197769
2025-09-15,1.0299999713897705,1.0700000524520874,1.0099999904632568,1.0099999904632568,341333
2025-09-16,0.9959999918937683,0.9980000257492065,0.9539999961853027,0.9879999756813049,375192
2025-09-17,0.9900000095367432,1.1299999952316284,0.9900000095367432,1.0700000524520874,655363
2025-09-18,1.0549999475479126,1.0850000381469727,1.024999976158142,1.0700000524520874,229736
2025-09-19,1.0850000381469727,1.2200000286102295,1.059999942779541,1.1200000047683716,961804
2025-09-22,1.1349999904632568,1.1449999809265137,1.059999942779541,1.0850000381469727,286104
2025-09-23,1.0750000476837158,1.1100000143051147,1.0499999523162842,1.0950000286102295,272490
2025-09-24,1.059999942779541,1.0800000429153442,1.0399999618530273,1.0399999618530273,303045
2025-09-25,1.0299999713897705,1.065000057220459,1.0049999952316284,1.0549999475479126,135306
2025-09-26,1.0499999523162842,1.065000057220459,1.034999966621399,1.0499999523162842,112147
2025-09-29,1.0449999570846558,1.0700000524520874,1.0299999713897705,1.0299999713897705,67699
2025-09-30,1.0399999618530273,1.0499999523162842,0.9940000176429749,1.0,250339
2025-10-01,1.0,1.034999966621399,0.9919999837875366,1.0049999952316284,45194
2025-10-02,1.0199999809265137,1.034999966621399,1.0,1.0149999856948853,58628
2025-10-03,1.0149999856948853,1.0449999570846558,0.9980000257492065,1.0399999618530273,255735
2025-10-06,1.0399999618530273,1.0399999618530273,1.0099999904632568,1.0299999713897705,63064
2025-10-07,1.0149999856948853,1.024999976158142,0.9959999918937683,1.0099999904632568,101325
2025-10-08,1.0099999904632568,1.0099999904632568,0.9800000190734863,0.9940000176429749,111269
2025-10-09,1.0199999809265137,1.0199999809265137,0.949999988079071,0.9900000095367432,122090
2025-10-10,0.9679999947547913,0.9860000014305115,0.949999988079071,0.9520000219345093,121802
2025-10-13,0.949999988079071,0.949999988079071,0.9120000004768372,0.921999990940094,320886
2025-10-14,0.9039999842643738,0.9380000233650208,0.8999999761581421,0.9120000004768372,140793
2025-10-15,0.9319999814033508,0.9419999718666077,0.906000018119812,0.9279999732971191,93750
2025-10-16,0.9359999895095825,0.9359999895095825,0.9039999842643738,0.9120000004768372,18543
2025-10-17,0.9120000004768372,0.9200000166893005,0.8619999885559082,0.9179999828338623,128949
2025-10-20,0.9160000085830688,0.9179999828338623,0.8640000224113464,0.8799999952316284,167504
2025-10-21,0.8799999952316284,0.8859999775886536,0.8640000224113464,0.8859999775886536,72331
2025-10-22,0.8859999775886536,0.8999999761581421,0.8640000224113464,0.8999999761581421,61225
2025-10-23,0.8820000290870667,0.8939999938011169,0.871999979019165,0.8799999952316284,28891
2025-10-24,0.871999979019165,0.871999979019165,0.8420000076293945,0.8500000238418579,75609
2025-10-27,0.8399999737739563,0.8600000143051147,0.8119999766349792,0.8259999752044678,74213
2025-10-28,0.8240000009536743,0.8640000224113464,0.8140000104904175,0.8579999804496765,34105
2025-10-29,0.8640000224113464,0.8659999966621399,0.8199999928474426,0.8259999752044678,45398
2025-10-30,0.8259999752044678,0.8479999899864197,0.8240000009536743,0.8420000076293945,26515
2025-10-31,0.8420000076293945,0.8460000157356262,0.8240000009536743,0.8399999737739563,18634
2025-11-03,0.8399999737739563,0.9100000262260437,0.8399999737739563,0.8579999804496765,154985
2025-11-04,0.8600000143051147,0.9739999771118164,0.8600000143051147,0.9620000123977661,412641
2025-11-05,0.9559999704360962,0.9639999866485596,0.906000018119812,0.9319999814033508,158965
2025-11-06,0.9259999990463257,0.9319999814033508,0.8640000224113464,0.8740000128746033,291428
2025-11-07,0.8399999737739563,0.8880000114440918,0.8100000023841858,0.8420000076293945,151913
2025-11-10,0.8420000076293945,0.8500000238418579,0.8199999928474426,0.8399999737739563,30119
2025-11-12,0.8479999899864197,0.8519999980926514,0.8100000023841858,0.8399999737739563,53528
2025-11-13,0.8259999752044678,0.8479999899864197,0.8259999752044678,0.8379999995231628,29022
2025-11-14,0.8420000076293945,0.8420000076293945,0.7839999794960022,0.828000009059906,106093
2025-11-17,0.8259999752044678,0.8259999752044678,0.7860000133514404,0.7960000038146973,88729
2025-11-18,0.7979999780654907,0.7979999780654907,0.7699999809265137,0.7960000038146973,38493
2025-11-19,0.7900000214576721,0.8080000281333923,0.7720000147819519,0.7879999876022339,55652
2025-11-20,0.7879999876022339,0.8379999995231628,0.7879999876022339,0.8119999766349792,161879
2025-11-21,0.8100000023841858,0.8240000009536743,0.7900000214576721,0.7960000038146973,67415
2025-11-24,0.8100000023841858,0.8140000104904175,0.7720000147819519,0.800000011920929,54469
2025-11-25,0.7979999780654907,0.8299999833106995,0.75,0.8159999847412109,79175
2025-11-26,0.800000011920929,0.8159999847412109,0.7739999890327454,0.8040000200271606,70554
2025-11-27,0.8040000200271606,0.8560000061988831,0.8019999861717224,0.843999981880188,109019
2025-11-28,0.8240000009536743,0.843999981880188,0.8100000023841858,0.8379999995231628,46006
2025-12-01,0.8379999995231628,0.8379999995231628,0.8019999861717224,0.8259999752044678,46157
2025-12-02,0.8299999833106995,0.8700000047683716,0.8040000200271606,0.8579999804496765,93142
2025-12-03,0.8579999804496765,0.8759999871253967,0.8299999833106995,0.8320000171661377,37819
2025-12-04,0.8379999995231628,0.8619999885559082,0.8379999995231628,0.8500000238418579,22282
2025-12-05,0.8640000224113464,0.8640000224113464,0.8299999833106995,0.8299999833106995,19688
2025-12-08,0.8240000009536743,0.8420000076293945,0.8040000200271606,0.8259999752044678,20372
2025-12-09,0.8159999847412109,0.8360000252723694,0.8059999942779541,0.828000009059906,14783
2025-12-10,0.8339999914169312,0.8339999914169312,0.7900000214576721,0.8100000023841858,77905
2025-12-11,0.8100000023841858,0.8100000023841858,0.777999997138977,0.7900000214576721,39505
2025-12-12,0.7900000214576721,0.8159999847412109,0.7720000147819519,0.7720000147819519,78156
2025-12-15,0.7900000214576721,0.8259999752044678,0.7599999904632568,0.7699999809265137,83782
2025-12-16,0.7799999713897705,0.7799999713897705,0.6800000071525574,0.7300000190734863,100178
2025-12-17,0.7300000190734863,0.7400000095367432,0.7120000123977661,0.7200000286102295,86430
2025-12-18,0.7200000286102295,0.7300000190734863,0.699999988079071,0.7200000286102295,105735
2025-12-19,0.722000002861023,0.722000002861023,0.6819999814033508,0.7139999866485596,92217
2025-12-22,0.7120000123977661,0.7120000123977661,0.6840000152587891,0.6840000152587891,110030
2025-12-23,0.6819999814033508,0.6819999814033508,0.621999979019165,0.6539999842643738,267104
2025-12-29,0.6499999761581421,0.6779999732971191,0.6499999761581421,0.6759999990463257,67078
2025-12-30,0.6759999990463257,0.7400000095367432,0.6600000262260437,0.7319999933242798,134692
2026-01-02,0.7300000190734863,0.7960000038146973,0.699999988079071,0.7580000162124634,79974
2026-01-05,0.7580000162124634,0.7580000162124634,0.7120000123977661,0.7480000257492065,56308
2026-01-07,0.7480000257492065,0.7480000257492065,0.7239999771118164,0.7360000014305115,15919
2026-01-08,0.7440000176429749,0.7440000176429749,0.7020000219345093,0.7260000109672546,46812
2026-01-09,0.7260000109672546,0.7419999837875366,0.699999988079071,0.722000002861023,70279
2026-01-12,0.7200000286102295,0.7760000228881836,0.7059999704360962,0.7559999823570251,102234
2026-01-13,0.7559999823570251,0.7559999823570251,0.7400000095367432,0.7459999918937683,25687
2026-01-14,0.7480000257492065,0.7480000257492065,0.7120000123977661,0.7279999852180481,36563
2026-01-15,0.7379999756813049,0.7400000095367432,0.6940000057220459,0.7160000205039978,85849
2026-01-16,0.7039999961853027,0.7300000190734863,0.6980000138282776,0.7300000190734863,59651
2026-01-19,0.7300000190734863,0.7300000190734863,0.7279999852180481,0.7300000190734863,24792
2026-01-20,0.699999988079071,0.7279999852180481,0.699999988079071,0.7179999947547913,16143
2026-01-21,0.7139999866485596,0.7279999852180481,0.7020000219345093,0.722000002861023,14714
2026-01-22,0.7200000286102295,0.777999997138977,0.7020000219345093,0.75,155814
2026-01-23,0.75,0.765999972820282,0.7480000257492065,0.7540000081062317,23772
2026-01-26,0.7480000257492065,0.7519999742507935,0.722000002861023,0.7300000190734863,26849
2026-01-27,0.722000002861023,0.7279999852180481,0.7020000219345093,0.7200000286102295,31254
2026-01-28,0.7200000286102295,0.7459999918937683,0.7139999866485596,0.7440000176429749,20778
2026-01-29,0.7400000095367432,0.7419999837875366,0.7179999947547913,0.7260000109672546,19479
2026-01-30,0.7379999756813049,0.7379999756813049,0.7139999866485596,0.7300000190734863,9991
2026-02-02,0.7300000190734863,0.7300000190734863,0.7099999785423279,0.7160000205039978,13966
2026-02-03,0.7139999866485596,0.7139999866485596,0.656000018119812,0.6959999799728394,91456
2026-02-04,0.6959999799728394,0.7160000205039978,0.6959999799728394,0.699999988079071,10269
2026-02-05,0.7139999866485596,0.7139999866485596,0.6899999976158142,0.7139999866485596,23625
2026-02-06,0.7020000219345093,0.7020000219345093,0.6660000085830688,0.6940000057220459,26189
2026-02-09,0.6980000138282776,0.7080000042915344,0.6639999747276306,0.7080000042915344,77684
2026-02-10,0.6819999814033508,0.7080000042915344,0.6819999814033508,0.6899999976158142,44413
2026-02-11,0.699999988079071,0.699999988079071,0.6700000166893005,0.6959999799728394,41874
2026-02-12,0.6959999799728394,0.7059999704360962,0.6959999799728394,0.6980000138282776,22545
2026-02-13,0.6959999799728394,0.699999988079071,0.6899999976158142,0.699999988079071,3473
2026-02-16,0.699999988079071,0.699999988079071,0.671999990940094,0.6940000057220459,12113
2026-02-17,0.6899999976158142,0.7720000147819519,0.6800000071525574,0.7379999756813049,192989
2026-02-18,0.7099999785423279,0.7360000014305115,0.699999988079071,0.699999988079071,45612
2026-02-19,0.722000002861023,0.722000002861023,0.6819999814033508,0.699999988079071,35544
2026-02-20,0.6919999718666077,0.7020000219345093,0.6700000166893005,0.7020000219345093,84957
2026-02-23,0.7099999785423279,0.7379999756813049,0.699999988079071,0.7279999852180481,50420
2026-02-24,0.7279999852180481,0.7300000190734863,0.6899999976158142,0.7099999785423279,34022
2026-02-25,0.699999988079071,0.7139999866485596,0.6940000057220459,0.7120000123977661,6729
2026-02-26,0.7059999704360962,0.7080000042915344,0.6819999814033508,0.7080000042915344,27214
2026-02-27,0.6919999718666077,0.699999988079071,0.6899999976158142,0.699999988079071,4727
2026-03-02,0.6899999976158142,0.6980000138282776,0.6700000166893005,0.6919999718666077,89902
2026-03-03,0.6800000071525574,0.6959999799728394,0.671999990940094,0.6959999799728394,3723
2026-03-04,0.6899999976158142,0.6959999799728394,0.6700000166893005,0.6940000057220459,17596
2026-03-05,0.6940000057220459,0.7099999785423279,0.6899999976158142,0.699999988079071,21182
2026-03-06,0.6940000057220459,0.7139999866485596,0.6800000071525574,0.6980000138282776,14719
2026-03-09,0.6759999990463257,0.6980000138282776,0.6700000166893005,0.6980000138282776,13485
2026-03-10,0.6959999799728394,0.6959999799728394,0.6700000166893005,0.671999990940094,31461
2026-03-11,0.6859999895095825,0.6919999718666077,0.6700000166893005,0.671999990940094,18231
2026-03-12,0.6759999990463257,0.6859999895095825,0.6700000166893005,0.6840000152587891,21282
2026-03-13,0.6840000152587891,0.6859999895095825,0.671999990940094,0.6859999895095825,13412
2026-03-16,0.6740000247955322,0.6919999718666077,0.6700000166893005,0.6779999732971191,15056
2026-03-17,0.6880000233650208,0.6880000233650208,0.6660000085830688,0.6840000152587891,30978
2026-03-18,0.6800000071525574,0.6940000057220459,0.671999990940094,0.6859999895095825,1865
2026-03-19,0.6740000247955322,0.6740000247955322,0.6620000004768372,0.6700000166893005,6704
2026-03-20,0.6700000166893005,0.6840000152587891,0.6620000004768372,0.6840000152587891,12751
2026-03-23,0.6679999828338623,0.6679999828338623,0.6399999856948853,0.6600000262260437,46466
2026-03-24,0.6600000262260437,0.6899999976158142,0.6399999856948853,0.6899999976158142,55977
2026-03-25,0.6620000004768372,0.6899999976158142,0.6620000004768372,0.6779999732971191,18916
2026-03-26,0.6679999828338623,0.6800000071525574,0.6420000195503235,0.6679999828338623,12278
2026-03-27,0.6679999828338623,0.6819999814033508,0.6600000262260437,0.6700000166893005,10086
2026-03-30,0.6700000166893005,0.6940000057220459,0.6420000195503235,0.6840000152587891,51548
2026-03-31,0.6520000100135803,0.6819999814033508,0.6499999761581421,0.6819999814033508,11187
2026-04-01,0.6800000071525574,0.6840000152587891,0.6740000247955322,0.6800000071525574,10104
2026-04-02,0.6740000247955322,0.6740000247955322,0.6480000019073486,0.6579999923706055,110452
2026-04-07,0.6700000166893005,0.6899999976158142,0.6510000228881836,0.6639999747276306,27217
2026-04-08,0.6700000166893005,0.6700000166893005,0.6510000228881836,0.6510000228881836,30537
2026-04-09,0.6499999761581421,0.6690000295639038,0.6380000114440918,0.6499999761581421,16028
2026-04-10,0.6579999923706055,0.6579999923706055,0.6380000114440918,0.6460000276565552,11503
2026-04-13,0.6399999856948853,0.6499999761581421,0.6389999985694885,0.640999972820282,18620
2026-04-14,0.640999972820282,0.6470000147819519,0.6399999856948853,0.6470000147819519,22328
2026-04-15,0.6449999809265137,0.6470000147819519,0.6380000114440918,0.6449999809265137,13687
2026-04-16,0.6460000276565552,0.6470000147819519,0.6100000143051147,0.6449999809265137,24462
2026-04-17,0.6399999856948853,0.6449999809265137,0.6200000047683716,0.6430000066757202,27831
2026-04-20,0.625,0.6439999938011169,0.6200000047683716,0.6439999938011169,10848
2026-04-21,0.6449999809265137,0.6480000019073486,0.6349999904632568,0.6349999904632568,6439
2026-04-22,0.6349999904632568,0.6449999809265137,0.6309999823570251,0.6399999856948853,23371
2026-04-23,0.6430000066757202,0.6430000066757202,0.6299999952316284,0.6420000195503235,10209
2026-04-24,0.6420000195503235,0.6439999938011169,0.6309999823570251,0.6340000033378601,10062
2026-04-27,0.6340000033378601,0.6340000033378601,0.6299999952316284,0.6299999952316284,3154
2026-04-28,0.6340000033378601,0.6399999856948853,0.6150000095367432,0.628000020980835,11317
2026-04-29,0.628000020980835,0.628000020980835,0.6000000238418579,0.6019999980926514,30464
2026-04-30,0.6119999885559082,0.6169999837875366,0.6069999933242798,0.6100000143051147,12905
2026-05-04,0.6000000238418579,0.6150000095367432,0.6000000238418579,0.6129999756813049,10576
2026-05-05,0.6140000224113464,0.6200000047683716,0.6110000014305115,0.6190000176429749,13190
2026-05-06,0.6190000176429749,0.6430000066757202,0.6010000109672546,0.6340000033378601,13440
2026-05-07,0.6340000033378601,0.6399999856948853,0.6299999952316284,0.6389999985694885,17424
2026-05-08,0.6330000162124634,0.6420000195503235,0.625,0.6389999985694885,24334
2026-05-11,0.6290000081062317,0.640999972820282,0.6290000081062317,0.6399999856948853,15923
2026-05-12,0.6290000081062317,0.6489999890327454,0.6290000081062317,0.6489999890327454,105377
2026-05-13,0.6489999890327454,0.6700000166893005,0.6399999856948853,0.6690000295639038,21699
2026-05-14,0.6679999828338623,0.6679999828338623,0.640999972820282,0.6579999923706055,18953
2026-05-15,0.6499999761581421,0.6639999747276306,0.6430000066757202,0.6430000066757202,27179
2026-05-18,0.6430000066757202,0.6470000147819519,0.6359999775886536,0.6380000114440918,25069
2026-05-19,0.6359999775886536,0.6449999809265137,0.6349999904632568,0.6449999809265137,3441
2026-05-20,0.6439999938011169,0.6489999890327454,0.6439999938011169,0.6480000019073486,506
2026-05-21,0.6399999856948853,0.6399999856948853,0.5979999899864197,0.6200000047683716,123100
2026-05-22,0.6159999966621399,0.6299999952316284,0.6060000061988831,0.6299999952316284,44859
2026-05-25,0.6359999775886536,0.6370000243186951,0.6209999918937683,0.6370000243186951,16218
2026-05-26,0.6290000081062317,0.6399999856948853,0.6290000081062317,0.6380000114440918,17507
2026-05-27,0.6359999775886536,0.6359999775886536,0.6290000081062317,0.6359999775886536,707
2026-05-28,0.6240000128746033,0.6389999985694885,0.6240000128746033,0.6389999985694885,5141
2026-05-29,0.6389999985694885,0.6399999856948853,0.6240000128746033,0.6240000128746033,41425
2026-06-01,0.6240000128746033,0.6299999952316284,0.6029999852180481,0.6299999952316284,9082
2026-06-02,0.6190000176429749,0.6259999871253967,0.6100000143051147,0.6240000128746033,22108
2026-06-03,0.628000020980835,0.628000020980835,0.6200000047683716,0.6200000047683716,5358
2026-06-05,0.6200000047683716,0.6259999871253967,0.6100000143051147,0.6240000128746033,27684
2026-06-08,0.6119999885559082,0.6240000128746033,0.6029999852180481,0.6200000047683716,4458
2026-06-09,0.6050000190734863,0.6190000176429749,0.6050000190734863,0.6150000095367432,8406
2026-06-10,0.6190000176429749,0.6190000176429749,0.6150000095367432,0.6150000095367432,524
2026-06-11,0.6100000143051147,0.6230000257492065,0.6079999804496765,0.6200000047683716,16078
2026-06-12,0.6179999709129333,0.6209999918937683,0.6179999709129333,0.6209999918937683,667
2026-06-15,0.6209999918937683,0.6209999918937683,0.6010000109672546,0.6200000047683716,46416
2026-06-16,0.6169999837875366,0.6240000128746033,0.6169999837875366,0.6200000047683716,3375
2026-06-17,0.6190000176429749,0.6200000047683716,0.6190000176429749,0.6200000047683716,11805
2026-06-18,0.6169999837875366,0.6190000176429749,0.6010000109672546,0.6169999837875366,6320
2026-06-19,0.6100000143051147,0.6200000047683716,0.6029999852180481,0.6029999852180481,27485
2026-06-22,0.6150000095367432,0.6150000095367432,0.5720000267028809,0.6050000190734863,15308
2026-06-23,0.6050000190734863,0.6079999804496765,0.5820000171661377,0.6019999980926514,16505
2026-06-24,0.5899999737739563,0.6029999852180481,0.5899999737739563,0.6029999852180481,3240
2026-06-25,0.6039999723434448,0.609000027179718,0.5809999704360962,0.609000027179718,6857
2026-06-26,0.6050000190734863,0.6069999933242798,0.5830000042915344,0.6069999933242798,10508
2026-06-29,0.5860000252723694,0.6129999756813049,0.5860000252723694,0.6129999756813049,2223
2026-06-30,0.609000027179718,0.609000027179718,0.609000027179718,0.609000027179718,15
2026-07-01,0.5699999928474426,0.5950000286102295,0.5699999928474426,0.5950000286102295,22979
2026-07-02,0.5950000286102295,0.5950000286102295,0.5709999799728394,0.574999988079071,39253
2026-07-03,0.5740000009536743,0.5950000286102295,0.5740000009536743,0.5920000076293945,1597
2026-07-06,0.5820000171661377,0.593999981880188,0.5820000171661377,0.5920000076293945,1624
2026-07-07,0.5920000076293945,0.5920000076293945,0.5920000076293945,0.5920000076293945,0
2026-07-08,0.6129999756813049,0.6129999756813049,0.5860000252723694,0.5860000252723694,4828
2026-07-09,0.5849999785423279,0.5989999771118164,0.5270000100135803,0.5400000214576721,67295
2026-07-10,0.5400000214576721,0.550000011920929,0.5400000214576721,0.5440000295639038,6103
2026-07-13,0.5640000104904175,0.5640000104904175,0.5249999761581421,0.5630000233650208,30725
2026-07-14,0.5569999814033508,0.5569999814033508,0.5370000004768372,0.5379999876022339,20499
2026-07-15,0.5559999942779541,0.5559999942779541,0.5400000214576721,0.5450000166893005,7307
2026-07-16,0.5450000166893005,0.5450000166893005,0.5370000004768372,0.5450000166893005,4578
2026-07-17,0.5400000214576721,0.550000011920929,0.5370000004768372,0.5490000247955322,3964
2026-07-20,0.5479999780654907,0.5479999780654907,0.5370000004768372,0.5460000038146973,5028
2026-07-21,0.5400000214576721,0.5600000023841858,0.5370000004768372,0.5600000023841858,19561
2026-07-22,0.5600000023841858,0.5600000023841858,0.5370000004768372,0.550000011920929,3722
2026-07-23,0.5479999780654907,0.5490000247955322,0.5360000133514404,0.5400000214576721,21029
2026-07-24,0.5460000038146973,0.5590000152587891,0.5320000052452087,0.5590000152587891,16361
2026-07-27,0.5590000152587891,0.5600000023841858,0.5450000166893005,0.5580000281333923,8011
2026-07-28,0.5450000166893005,0.5450000166893005,0.5360000133514404,0.5360000133514404,2305
2026-07-29,0.5379999876022339,0.5569999814033508,0.5360000133514404,0.5410000085830688,5631
2026-07-30,0.5569999814033508,0.5600000023841858,0.5400000214576721,0.5550000071525574,38293
2026-07-31,0.5569999814033508,0.5699999928474426,0.5529999732971191,0.5669999718666077,17949
2026-08-03,0.5649999976158142,0.5680000185966492,0.5529999732971191,0.5640000104904175,2498
2026-08-04,0.5649999976158142,0.5799999833106995,0.5649999976158142,0.5799999833106995,18231
2026-08-05,0.5799999833106995,0.5799999833106995,0.5699999928474426,0.574999988079071,16152
2026-08-06,0.5680000185966492,0.5789999961853027,0.5600000023841858,0.5789999961853027,9065
2026-08-07,0.5699999928474426,0.5789999961853027,0.5659999847412109,0.5789999961853027,10932
2026-08-10,0.5619999766349792,0.5690000057220459,0.5509999990463257,0.5690000057220459,6809
2026-08-11,0.5669999718666077,0.5669999718666077,0.5559999942779541,0.5600000023841858,21500
2026-08-12,0.5619999766349792,0.5649999976158142,0.5619999766349792,0.5649999976158142,10110
2026-08-13,0.5649999976158142,0.5680000185966492,0.5649999976158142,0.5659999847412109,3792
2026-08-14,0.5649999976158142,0.5680000185966492,0.5400000214576721,0.5630000233650208,27755
2026-08-17,0.5659999847412109,0.5659999847412109,0.5509999990463257,0.5600000023841858,8490
2026-08-18,0.5590000152587891,0.5899999737739563,0.5590000152587891,0.5899999737739563,19842
2026-08-19,0.5899999737739563,0.6380000114440918,0.5809999704360962,0.6380000114440918,96177
2026-08-20,0.6299999952316284,0.6370000243186951,0.5899999737739563,0.625,60543
2026-08-21,0.6240000128746033,0.6240000128746033,0.6100000143051147,0.6209999918937683,20958
2026-08-24,0.625,0.625,0.5979999899864197,0.6240000128746033,10595
2026-08-25,0.6050000190734863,0.6079999804496765,0.5759999752044678,0.6039999723434448,9167
2026-08-26,0.5910000205039978,0.6029999852180481,0.5899999737739563,0.5989999771118164,3100
2026-08-27,0.5920000076293945,0.5920000076293945,0.5799999833106995,0.5899999737739563,2039
2026-08-28,0.5809999704360962,0.5989999771118164,0.5809999704360962,0.5989999771118164,21830
2026-08-31,0.5989999771118164,0.6290000081062317,0.5989999771118164,0.6290000081062317,47198
2026-09-01,0.6290000081062317,0.6290000081062317,0.6079999804496765,0.628000020980835,23698
2026-09-02,0.6200000047683716,0.625,0.5849999785423279,0.5849999785423279,56451
2026-09-03,0.5979999899864197,0.6200000047683716,0.5960000157356262,0.6000000238418579,14074
2026-09-04,0.5899999737739563,0.6140000224113464,0.5849999785423279,0.6100000143051147,4853
2026-09-08,0.597000002861023,0.6050000190734863,0.5830000042915344,0.6050000190734863,20563
2026-09-09,0.6019999980926514,0.6039999723434448,0.5899999737739563,0.5899999737739563,1955
2026-09-10,0.5910000205039978,0.5910000205039978,0.5889999866485596,0.5889999866485596,31900
2026-09-11,0.5879999995231628,0.5989999771118164,0.5839999914169312,0.5860000252723694,4891
2026-09-14,0.5860000252723694,0.5899999737739563,0.5809999704360962,0.5899999737739563,5758
2026-09-15,0.5839999914169312,0.6039999723434448,0.5720000267028809,0.6039999723434448,8417
2026-09-17,0.6029999852180481,0.6029999852180481,0.6019999980926514,0.6019999980926514,81
