date,open,high,low,close,volume
2021-09-17,13.430000305175781,13.6899995803833,13.25,13.6899995803833,204981
2021-09-20,13.699999809265137,14.149999618530273,13.510000228881836,13.970000267028809,424192
2021-09-21,14.0600004196167,14.260000228881836,13.8100004196167,14.069999694824219,882188
2021-09-22,14.0,14.0600004196167,13.779999732971191,13.779999732971191,117587
2021-09-23,13.720000267028809,13.850000381469727,13.550000190734863,13.579999923706055,122768
2021-09-24,13.59000015258789,13.789999961853027,13.5600004196167,13.720000267028809,73154
2021-09-27,13.729999542236328,13.9399995803833,13.720000267028809,13.899999618530273,67879
2021-09-28,13.9399995803833,14.210000038146973,13.819999694824219,14.010000228881836,317238
2021-09-29,13.989999771118164,14.289999961853027,13.989999771118164,14.100000381469727,138038
2021-09-30,14.229999542236328,14.239999771118164,14.069999694824219,14.069999694824219,121239
2021-10-01,14.079999923706055,14.199999809265137,13.90999984741211,13.90999984741211,108947
2021-10-04,13.890000343322754,14.0,13.8100004196167,13.84000015258789,62384
2021-10-05,13.90999984741211,13.930000305175781,13.619999885559082,13.729999542236328,104576
2021-10-06,13.800000190734863,14.350000381469727,13.600000381469727,14.34000015258789,258439
2021-10-07,14.399999618530273,14.4399995803833,14.039999961853027,14.109999656677246,129521
2021-10-08,14.069999694824219,14.399999618530273,14.039999961853027,14.210000038146973,143428
2021-10-11,14.300000190734863,14.300000190734863,13.8100004196167,14.0,175201
2021-10-12,14.050000190734863,15.260000228881836,13.90999984741211,14.949999809265137,687462
2021-10-13,15.199999809265137,15.229999542236328,14.579999923706055,14.699999809265137,190504
2021-10-14,14.699999809265137,15.15999984741211,14.699999809265137,14.75,170835
2021-10-15,14.869999885559082,15.100000381469727,14.75,15.100000381469727,154876
2021-10-18,15.140000343322754,15.180000305175781,14.960000038146973,15.029999732971191,106181
2021-10-19,15.039999961853027,15.59000015258789,15.020000457763672,15.300000190734863,256693
2021-10-20,15.3100004196167,15.75,15.3100004196167,15.6899995803833,362256
2021-10-21,15.789999961853027,15.850000381469727,15.010000228881836,15.399999618530273,277434
2021-10-22,15.399999618530273,15.59000015258789,15.289999961853027,15.430000305175781,147467
2021-10-25,15.5,16.0,15.399999618530273,15.699999809265137,378140
2021-10-26,17.270000457763672,17.489999771118164,16.299999237060547,16.520000457763672,1833664
2021-10-27,16.549999237060547,16.690000534057617,16.100000381469727,16.200000762939453,417879
2021-10-28,16.200000762939453,16.5,16.110000610351562,16.34000015258789,182083
2021-10-29,16.469999313354492,16.770000457763672,16.3799991607666,16.420000076293945,188977
2021-11-02,16.420000076293945,16.459999084472656,16.15999984741211,16.15999984741211,139790
2021-11-03,16.1200008392334,16.280000686645508,15.800000190734863,15.84000015258789,225765
2021-11-04,15.859999656677246,16.1200008392334,15.84000015258789,16.0,182636
2021-11-05,16.0,16.270000457763672,15.899999618530273,16.0,126371
2021-11-08,16.020000457763672,16.600000381469727,16.020000457763672,16.31999969482422,144128
2021-11-09,16.34000015258789,16.459999084472656,16.0,16.100000381469727,133281
2021-11-10,16.079999923706055,16.200000762939453,15.119999885559082,15.829999923706055,255571
2021-11-12,15.890000343322754,16.200000762939453,15.890000343322754,16.030000686645508,72262
2021-11-15,16.149999618530273,16.15999984741211,15.899999618530273,16.020000457763672,101096
2021-11-16,16.0,16.1299991607666,15.819999694824219,16.049999237060547,85447
2021-11-17,15.920000076293945,16.059999465942383,15.850000381469727,15.850000381469727,42785
2021-11-18,15.859999656677246,16.09000015258789,15.8100004196167,15.84000015258789,133259
2021-11-19,15.850000381469727,15.960000038146973,15.520000457763672,15.59000015258789,163615
2021-11-22,15.510000228881836,15.579999923706055,15.220000267028809,15.380000114440918,138292
2021-11-23,15.380000114440918,15.640000343322754,15.050000190734863,15.329999923706055,168929
2021-11-24,15.329999923706055,15.520000457763672,15.100000381469727,15.199999809265137,115307
2021-11-25,15.380000114440918,15.380000114440918,15.199999809265137,15.289999961853027,73922
2021-11-26,15.220000267028809,16.3799991607666,15.220000267028809,16.100000381469727,679576
2021-11-29,16.149999618530273,16.59000015258789,15.760000228881836,16.0,250189
2021-11-30,15.899999618530273,16.18000030517578,15.699999809265137,15.699999809265137,113540
2021-12-01,15.949999809265137,16.149999618530273,15.789999961853027,16.149999618530273,82018
2021-12-02,16.200000762939453,16.959999084472656,16.06999969482422,16.8799991607666,377419
2021-12-03,16.8799991607666,16.969999313354492,16.6299991607666,16.969999313354492,128233
2021-12-06,16.90999984741211,17.280000686645508,16.530000686645508,16.549999237060547,214530
2021-12-07,16.479999542236328,16.8700008392334,16.450000762939453,16.600000381469727,83010
2021-12-08,16.510000228881836,16.979999542236328,16.489999771118164,16.860000610351562,104519
2021-12-09,16.760000228881836,17.0,16.6299991607666,16.84000015258789,98115
2021-12-10,16.889999389648438,16.899999618530273,16.18000030517578,16.549999237060547,156521
2021-12-13,16.3799991607666,16.56999969482422,16.299999237060547,16.489999771118164,77326
2021-12-14,16.34000015258789,16.350000381469727,15.960000038146973,15.960000038146973,167580
2021-12-15,16.0,16.3700008392334,15.729999542236328,15.729999542236328,179650
2021-12-16,15.9399995803833,16.190000534057617,15.800000190734863,15.960000038146973,141393
2021-12-17,15.949999809265137,16.030000686645508,15.75,15.779999732971191,174259
2021-12-20,15.710000038146973,15.979999542236328,15.710000038146973,15.899999618530273,162173
2021-12-21,15.920000076293945,16.200000762939453,15.850000381469727,16.18000030517578,167054
2021-12-22,16.110000610351562,16.280000686645508,16.010000228881836,16.020000457763672,161796
2021-12-23,16.049999237060547,16.09000015258789,15.899999618530273,15.979999542236328,125925
2021-12-27,16.0,16.190000534057617,15.859999656677246,16.100000381469727,163903
2021-12-28,16.079999923706055,16.190000534057617,15.880000114440918,15.970000267028809,290767
2021-12-29,16.0,16.65999984741211,16.0,16.610000610351562,131923
2021-12-30,16.610000610351562,16.940000534057617,16.59000015258789,16.780000686645508,131251
2022-01-03,16.65999984741211,16.979999542236328,16.6200008392334,16.940000534057617,93084
2022-01-04,16.940000534057617,16.969999313354492,16.549999237060547,16.549999237060547,74389
2022-01-05,16.540000915527344,16.81999969482422,16.540000915527344,16.610000610351562,63011
2022-01-07,16.780000686645508,17.5,16.700000762939453,17.329999923706055,330258
2022-01-10,17.389999389648438,17.790000915527344,16.1299991607666,16.280000686645508,945303
2022-01-11,16.389999389648438,16.719999313354492,16.139999389648438,16.399999618530273,192403
2022-01-12,16.420000076293945,16.770000457763672,16.420000076293945,16.520000457763672,112262
2022-01-13,16.639999389648438,16.860000610351562,16.40999984741211,16.75,100151
2022-01-14,16.75,17.049999237060547,16.549999237060547,16.790000915527344,130793
2022-01-17,16.989999771118164,17.049999237060547,16.770000457763672,16.829999923706055,86948
2022-01-18,16.93000030517578,16.93000030517578,16.549999237060547,16.610000610351562,83323
2022-01-19,16.600000381469727,16.889999389648438,16.459999084472656,16.850000381469727,123920
2022-01-20,16.780000686645508,17.15999984741211,16.6299991607666,17.0,312038
2022-01-21,16.920000076293945,17.170000076293945,16.65999984741211,16.799999237060547,167208
2022-01-24,16.81999969482422,17.399999618530273,16.209999084472656,16.59000015258789,1094377
2022-01-25,16.469999313354492,16.969999313354492,16.34000015258789,16.489999771118164,226368
2022-01-26,16.5,16.860000610351562,16.440000534057617,16.459999084472656,113376
2022-01-27,16.459999084472656,16.8799991607666,16.459999084472656,16.549999237060547,109570
2022-01-28,16.700000762939453,16.81999969482422,16.510000228881836,16.530000686645508,107293
2022-01-31,16.59000015258789,16.84000015258789,16.510000228881836,16.56999969482422,97615
2022-02-01,16.600000381469727,16.739999771118164,16.059999465942383,16.110000610351562,252023
2022-02-02,16.309999465942383,16.940000534057617,16.309999465942383,16.420000076293945,412081
2022-02-03,16.5,16.520000457763672,16.09000015258789,16.170000076293945,185233
2022-02-04,16.239999771118164,16.329999923706055,16.110000610351562,16.290000915527344,59143
2022-02-07,16.389999389648438,16.479999542236328,16.1200008392334,16.389999389648438,70007
2022-02-08,16.200000762939453,16.389999389648438,16.100000381469727,16.31999969482422,86719
2022-02-09,16.329999923706055,16.350000381469727,15.520000457763672,15.899999618530273,307596
2022-02-10,15.949999809265137,16.020000457763672,15.6899995803833,16.020000457763672,125013
2022-02-11,15.84000015258789,16.06999969482422,15.680000305175781,15.699999809265137,164489
2022-02-14,15.640000343322754,15.699999809265137,15.25,15.699999809265137,195241
2022-02-15,15.699999809265137,16.020000457763672,15.699999809265137,15.869999885559082,103714
2022-02-16,15.899999618530273,16.09000015258789,15.75,15.899999618530273,64643
2022-02-17,15.670000076293945,15.890000343322754,15.329999923706055,15.420000076293945,166936
2022-02-18,15.449999809265137,15.670000076293945,15.399999618530273,15.600000381469727,95022
2022-02-21,15.600000381469727,15.640000343322754,14.699999809265137,15.359999656677246,281874
2022-02-22,15.210000038146973,15.65999984741211,14.920000076293945,15.5,171707
2022-02-23,15.579999923706055,15.65999984741211,15.170000076293945,15.170000076293945,59755
2022-02-24,14.5,15.75,13.699999809265137,14.199999809265137,1106633
2022-02-25,14.5,15.079999923706055,14.5,14.829999923706055,387066
2022-02-28,14.770000457763672,16.0,14.40999984741211,15.84000015258789,294496
2022-03-01,15.859999656677246,15.949999809265137,15.399999618530273,15.65999984741211,169453
2022-03-02,15.600000381469727,16.229999542236328,15.470000267028809,16.1200008392334,307358
2022-03-03,16.149999618530273,16.389999389648438,15.8100004196167,16.309999465942383,254405
2022-03-04,16.110000610351562,16.260000228881836,15.699999809265137,15.739999771118164,266497
2022-03-07,15.899999618530273,16.200000762939453,15.710000038146973,15.949999809265137,348397
2022-03-08,15.800000190734863,17.020000457763672,15.739999771118164,16.84000015258789,452907
2022-03-09,16.979999542236328,17.09000015258789,16.399999618530273,17.0,318645
2022-03-10,17.0,17.440000534057617,16.8700008392334,17.299999237060547,583718
2022-03-11,17.440000534057617,18.899999618530273,17.440000534057617,17.899999618530273,1112800
2022-03-14,18.100000381469727,18.309999465942383,17.829999923706055,18.15999984741211,176353
2022-03-15,18.139999389648438,18.200000762939453,17.6200008392334,17.989999771118164,168577
2022-03-16,17.969999313354492,18.1200008392334,17.6200008392334,18.0,236347
2022-03-17,17.979999542236328,18.200000762939453,17.15999984741211,17.5,491553
2022-03-18,17.600000381469727,18.15999984741211,17.600000381469727,18.079999923706055,320237
2022-03-21,18.360000610351562,18.600000381469727,18.149999618530273,18.31999969482422,477482
2022-03-22,18.600000381469727,19.299999237060547,18.5,19.229999542236328,495049
2022-03-23,19.280000686645508,19.440000534057617,18.639999389648438,18.950000762939453,303102
2022-03-24,19.0,19.200000762939453,18.229999542236328,18.979999542236328,311975
2022-03-25,19.0,19.190000534057617,18.799999237060547,18.989999771118164,89364
2022-03-28,19.219999313354492,19.270000457763672,18.850000381469727,19.0,113091
2022-03-29,19.010000228881836,19.18000030517578,18.860000610351562,18.959999084472656,177535
2022-03-30,18.950000762939453,19.219999313354492,18.5,18.81999969482422,157787
2022-03-31,18.90999984741211,19.780000686645508,18.700000762939453,19.360000610351562,615559
2022-04-01,19.600000381469727,19.600000381469727,19.219999313354492,19.399999618530273,86825
2022-04-04,19.5,20.959999084472656,19.459999084472656,20.420000076293945,843095
2022-04-05,20.299999237060547,20.459999084472656,20.059999465942383,20.420000076293945,175118
2022-04-06,20.420000076293945,20.799999237060547,20.18000030517578,20.700000762939453,223677
2022-04-07,20.700000762939453,21.420000076293945,20.700000762939453,21.299999237060547,343078
2022-04-08,21.280000686645508,21.440000534057617,20.399999618530273,20.420000076293945,248080
2022-04-11,20.459999084472656,21.399999618530273,20.459999084472656,21.0,294262
2022-04-12,21.200000762939453,22.059999465942383,20.959999084472656,21.799999237060547,592741
2022-04-13,21.719999313354492,21.920000076293945,20.959999084472656,21.020000457763672,228946
2022-04-14,21.020000457763672,21.3799991607666,20.799999237060547,20.81999969482422,101186
2022-04-19,20.899999618530273,21.280000686645508,20.3799991607666,20.559999465942383,186712
2022-04-20,20.559999465942383,20.979999542236328,20.260000228881836,20.3799991607666,130346
2022-04-21,20.3799991607666,20.65999984741211,19.649999618530273,19.649999618530273,324572
2022-04-22,19.670000076293945,20.6200008392334,19.649999618530273,20.399999618530273,380734
2022-04-25,20.239999771118164,20.84000015258789,19.219999313354492,20.200000762939453,783685
2022-04-26,20.299999237060547,20.399999618530273,19.75,19.8799991607666,524479
2022-04-27,21.579999923706055,21.81999969482422,20.100000381469727,21.260000228881836,2068526
2022-04-28,21.299999237060547,21.5,20.360000610351562,20.520000457763672,369411
2022-04-29,20.6200008392334,20.959999084472656,20.420000076293945,20.600000381469727,255440
2022-05-02,20.600000381469727,21.18000030517578,20.579999923706055,20.8799991607666,359246
2022-05-04,19.5,20.0,18.899999618530273,18.93000030517578,242102
2022-05-05,18.93000030517578,19.139999389648438,17.989999771118164,18.149999618530273,283556
2022-05-06,18.489999771118164,18.989999771118164,17.920000076293945,18.799999237060547,419246
2022-05-09,18.93000030517578,18.93000030517578,17.850000381469727,17.850000381469727,182723
2022-05-10,18.110000610351562,18.770000457763672,17.940000534057617,18.770000457763672,308787
2022-05-11,18.670000076293945,18.899999618530273,18.399999618530273,18.559999465942383,96699
2022-05-12,18.450000762939453,18.770000457763672,18.15999984741211,18.450000762939453,166909
2022-05-13,18.8799991607666,19.309999465942383,18.6200008392334,19.290000915527344,193431
2022-05-16,19.389999389648438,19.670000076293945,19.030000686645508,19.1299991607666,207919
2022-05-17,19.260000228881836,19.850000381469727,19.25,19.639999389648438,434065
2022-05-18,19.700000762939453,19.75,19.049999237060547,19.100000381469727,154032
2022-05-19,18.920000076293945,19.6200008392334,18.84000015258789,19.469999313354492,128117
2022-05-20,19.399999618530273,19.8799991607666,19.360000610351562,19.860000610351562,159464
2022-05-23,19.889999389648438,20.34000015258789,19.860000610351562,19.950000762939453,203148
2022-05-24,19.959999084472656,20.260000228881836,19.899999618530273,20.139999389648438,106262
2022-05-25,20.18000030517578,20.18000030517578,19.84000015258789,19.860000610351562,65754
2022-05-26,19.899999618530273,20.360000610351562,19.899999618530273,20.280000686645508,73169
2022-05-27,20.360000610351562,20.360000610351562,19.989999771118164,20.360000610351562,107150
2022-05-30,20.399999618530273,20.6200008392334,20.260000228881836,20.260000228881836,102339
2022-05-31,20.5,20.540000915527344,20.079999923706055,20.420000076293945,123832
2022-06-01,20.5,20.520000457763672,19.719999313354492,19.93000030517578,139344
2022-06-02,20.0,20.260000228881836,19.799999237060547,20.239999771118164,117532
2022-06-03,20.260000228881836,20.260000228881836,19.709999084472656,19.889999389648438,155661
2022-06-06,19.81999969482422,20.079999923706055,19.799999237060547,19.989999771118164,85109
2022-06-07,19.81999969482422,19.989999771118164,19.799999237060547,19.799999237060547,76735
2022-06-08,19.799999237060547,19.8700008392334,19.399999618530273,19.459999084472656,112058
2022-06-09,19.399999618530273,19.81999969482422,19.309999465942383,19.709999084472656,150191
2022-06-10,19.540000915527344,19.649999618530273,18.959999084472656,19.15999984741211,203982
2022-06-13,19.079999923706055,19.479999542236328,18.719999313354492,19.360000610351562,262169
2022-06-14,19.56999969482422,20.420000076293945,19.40999984741211,20.34000015258789,462517
2022-06-15,20.059999465942383,20.399999618530273,19.93000030517578,20.34000015258789,179311
2022-06-17,20.360000610351562,21.600000381469727,20.360000610351562,20.6200008392334,624879
2022-06-20,20.8799991607666,21.219999313354492,20.65999984741211,20.799999237060547,176170
2022-06-21,20.760000228881836,20.799999237060547,20.34000015258789,20.479999542236328,96867
2022-06-22,20.780000686645508,20.780000686645508,20.079999923706055,20.31999969482422,99609
2022-06-23,20.299999237060547,20.459999084472656,19.899999618530273,20.34000015258789,113445
2022-06-24,20.299999237060547,20.299999237060547,19.959999084472656,20.0,54194
2022-06-27,20.059999465942383,20.639999389648438,20.0,20.059999465942383,88824
2022-06-28,20.079999923706055,20.420000076293945,19.799999237060547,19.969999313354492,146835
2022-06-29,19.989999771118164,20.719999313354492,19.90999984741211,20.700000762939453,210872
2022-06-30,20.68000030517578,21.100000381469727,20.440000534057617,20.639999389648438,119972
2022-07-01,20.760000228881836,21.0,20.299999237060547,20.899999618530273,185108
2022-07-04,21.0,21.579999923706055,20.860000610351562,21.440000534057617,307403
2022-07-05,21.5,21.799999237060547,20.65999984741211,21.059999465942383,243198
2022-07-06,21.280000686645508,21.31999969482422,20.81999969482422,21.0,119013
2022-07-07,21.200000762939453,21.6200008392334,21.020000457763672,21.579999923706055,123905
2022-07-08,21.68000030517578,21.799999237060547,21.3799991607666,21.760000228881836,124568
2022-07-11,21.780000686645508,22.0,21.459999084472656,21.899999618530273,124449
2022-07-12,21.8799991607666,22.5,21.600000381469727,22.079999923706055,204079
2022-07-13,21.979999542236328,22.200000762939453,21.399999618530273,21.739999771118164,158671
2022-07-14,21.799999237060547,21.959999084472656,21.540000915527344,21.8799991607666,72378
2022-07-15,21.959999084472656,22.139999389648438,21.280000686645508,21.639999389648438,124405
2022-07-18,21.5,21.700000762939453,21.18000030517578,21.700000762939453,151658
2022-07-19,21.760000228881836,22.020000457763672,21.360000610351562,21.760000228881836,127958
2022-07-20,21.780000686645508,21.920000076293945,21.15999984741211,21.399999618530273,231456
2022-07-21,21.399999618530273,22.079999923706055,21.219999313354492,22.059999465942383,190747
2022-07-22,22.239999771118164,22.600000381469727,21.81999969482422,22.559999465942383,140110
2022-07-25,22.65999984741211,23.239999771118164,22.040000915527344,22.100000381469727,289758
2022-07-26,22.34000015258789,22.860000610351562,22.15999984741211,22.780000686645508,171586
2022-07-27,23.31999969482422,23.5,21.399999618530273,21.600000381469727,1055411
2022-07-28,21.520000457763672,22.139999389648438,21.100000381469727,21.860000610351562,383850
2022-07-29,21.600000381469727,21.799999237060547,21.020000457763672,21.360000610351562,385173
2022-08-01,21.219999313354492,21.700000762939453,21.139999389648438,21.459999084472656,178306
2022-08-02,21.360000610351562,21.979999542236328,21.360000610351562,21.68000030517578,172314
2022-08-03,21.520000457763672,21.940000534057617,21.34000015258789,21.799999237060547,220685
2022-08-04,21.8799991607666,21.979999542236328,21.639999389648438,21.8799991607666,119469
2022-08-05,21.860000610351562,22.260000228881836,21.579999923706055,21.6200008392334,117669
2022-08-08,21.520000457763672,21.799999237060547,21.200000762939453,21.5,126813
2022-08-09,21.399999618530273,22.100000381469727,21.31999969482422,21.760000228881836,146783
2022-08-10,21.799999237060547,21.799999237060547,21.3799991607666,21.5,76148
2022-08-11,21.5,21.600000381469727,21.15999984741211,21.559999465942383,156882
2022-08-12,21.559999465942383,21.899999618530273,21.520000457763672,21.600000381469727,100739
2022-08-16,21.540000915527344,22.299999237060547,21.459999084472656,22.0,534312
2022-08-17,22.100000381469727,22.200000762939453,21.639999389648438,22.0,647834
2022-08-18,21.860000610351562,22.68000030517578,21.860000610351562,22.600000381469727,207159
2022-08-19,22.700000762939453,22.84000015258789,22.420000076293945,22.780000686645508,190364
2022-08-22,22.639999389648438,22.639999389648438,21.700000762939453,21.719999313354492,181826
2022-08-23,21.799999237060547,22.079999923706055,21.719999313354492,22.040000915527344,96704
2022-08-24,22.040000915527344,22.040000915527344,21.479999542236328,21.65999984741211,114437
2022-08-25,21.639999389648438,21.959999084472656,21.639999389648438,21.860000610351562,53726
2022-08-26,21.860000610351562,21.860000610351562,21.34000015258789,21.399999618530273,125823
2022-08-29,21.260000228881836,21.68000030517578,20.940000534057617,21.540000915527344,150810
2022-08-30,21.540000915527344,21.559999465942383,21.100000381469727,21.18000030517578,133149
2022-08-31,21.100000381469727,21.920000076293945,21.100000381469727,21.81999969482422,154361
2022-09-01,21.860000610351562,21.860000610351562,21.18000030517578,21.81999969482422,205415
2022-09-02,21.84000015258789,21.84000015258789,21.34000015258789,21.700000762939453,98679
2022-09-05,21.700000762939453,21.899999618530273,21.479999542236328,21.739999771118164,81685
2022-09-06,21.600000381469727,21.68000030517578,21.0,21.079999923706055,90634
2022-09-07,21.079999923706055,21.639999389648438,20.1200008392334,21.559999465942383,346049
2022-09-08,21.600000381469727,21.68000030517578,21.1200008392334,21.299999237060547,89581
2022-09-09,21.260000228881836,22.040000915527344,21.15999984741211,22.040000915527344,142662
2022-09-12,22.079999923706055,22.1200008392334,21.760000228881836,22.0,73611
2022-09-13,22.059999465942383,22.1200008392334,21.639999389648438,21.719999313354492,89664
2022-09-14,21.700000762939453,21.959999084472656,21.600000381469727,21.6200008392334,65611
2022-09-15,21.799999237060547,21.799999237060547,21.3799991607666,21.5,110374
2022-09-16,21.5,21.860000610351562,21.219999313354492,21.239999771118164,440498
2022-09-19,21.15999984741211,21.84000015258789,21.15999984741211,21.799999237060547,71506
2022-09-20,21.559999465942383,22.059999465942383,21.479999542236328,21.579999923706055,203992
2022-09-21,21.5,21.860000610351562,21.420000076293945,21.700000762939453,109593
2022-09-22,21.559999465942383,22.059999465942383,21.360000610351562,22.040000915527344,171207
2022-09-23,22.0,22.0,21.299999237060547,21.299999237060547,135302
2022-09-26,21.219999313354492,21.5,19.559999465942383,20.700000762939453,505442
2022-09-27,20.5,21.299999237060547,20.260000228881836,20.639999389648438,170732
2022-09-28,20.780000686645508,21.200000762939453,20.079999923706055,20.739999771118164,496450
2022-09-29,20.68000030517578,20.8799991607666,19.959999084472656,20.0,239177
2022-09-30,20.0,20.299999237060547,19.559999465942383,20.200000762939453,274996
2022-10-03,20.0,20.34000015258789,19.899999618530273,20.219999313354492,144854
2022-10-04,20.34000015258789,21.100000381469727,20.34000015258789,21.0,122403
2022-10-05,21.0,21.079999923706055,20.579999923706055,20.68000030517578,72833
2022-10-06,20.799999237060547,21.760000228881836,20.799999237060547,21.68000030517578,165770
2022-10-07,21.520000457763672,21.639999389648438,21.15999984741211,21.239999771118164,94404
2022-10-10,21.200000762939453,21.420000076293945,20.979999542236328,20.979999542236328,72779
2022-10-11,20.979999542236328,21.200000762939453,20.5,21.200000762939453,134063
2022-10-12,21.200000762939453,21.200000762939453,20.860000610351562,20.899999618530273,103978
2022-10-13,21.100000381469727,21.459999084472656,21.020000457763672,21.459999084472656,153973
2022-10-14,21.540000915527344,21.940000534057617,21.5,21.799999237060547,142786
2022-10-17,21.799999237060547,22.280000686645508,21.65999984741211,22.100000381469727,124838
2022-10-18,22.299999237060547,23.079999923706055,22.200000762939453,22.959999084472656,333401
2022-10-19,23.0,23.3799991607666,22.739999771118164,23.0,131055
2022-10-20,22.979999542236328,23.739999771118164,22.799999237060547,23.68000030517578,178210
2022-10-21,23.68000030517578,23.700000762939453,22.799999237060547,23.15999984741211,231248
2022-10-24,23.239999771118164,24.540000915527344,23.239999771118164,24.239999771118164,464525
2022-10-25,24.280000686645508,24.65999984741211,24.0,24.260000228881836,175392
2022-10-26,24.360000610351562,24.579999923706055,24.0,24.0,277687
2022-10-27,24.65999984741211,25.719999313354492,24.579999923706055,25.700000762939453,845290
2022-10-28,25.700000762939453,26.059999465942383,25.459999084472656,25.719999313354492,254557
2022-10-31,25.739999771118164,27.34000015258789,25.600000381469727,27.280000686645508,464588
2022-11-02,27.219999313354492,27.799999237060547,26.5,27.100000381469727,386258
2022-11-03,26.940000534057617,27.780000686645508,26.700000762939453,27.5,177013
2022-11-04,27.6200008392334,27.979999542236328,27.260000228881836,27.719999313354492,238645
2022-11-07,27.84000015258789,28.6200008392334,27.600000381469727,28.200000762939453,392498
2022-11-08,28.200000762939453,28.799999237060547,27.860000610351562,28.280000686645508,259124
2022-11-09,28.15999984741211,29.15999984741211,28.040000915527344,28.979999542236328,481182
2022-11-10,28.959999084472656,29.479999542236328,28.540000915527344,29.3799991607666,257531
2022-11-14,29.399999618530273,29.719999313354492,28.15999984741211,28.219999313354492,401836
2022-11-15,28.31999969482422,29.5,28.139999389648438,29.239999771118164,383498
2022-11-16,28.600000381469727,29.780000686645508,28.600000381469727,29.100000381469727,403133
2022-11-17,29.040000915527344,29.719999313354492,29.0,29.600000381469727,247792
2022-11-18,29.600000381469727,30.639999389648438,29.18000030517578,30.34000015258789,314891
2022-11-21,30.8799991607666,30.8799991607666,29.65999984741211,30.15999984741211,188833
2022-11-22,30.299999237060547,30.299999237060547,29.719999313354492,29.799999237060547,153771
2022-11-23,29.860000610351562,30.299999237060547,29.84000015258789,29.899999618530273,165235
2022-11-24,30.0,30.139999389648438,28.799999237060547,29.239999771118164,274033
2022-11-25,29.299999237060547,29.420000076293945,28.81999969482422,29.100000381469727,81024
2022-11-28,29.34000015258789,30.280000686645508,28.959999084472656,30.139999389648438,233063
2022-11-29,30.0,30.139999389648438,29.200000762939453,29.65999984741211,113470
2022-11-30,29.600000381469727,29.81999969482422,29.0,29.479999542236328,187041
2022-12-01,29.68000030517578,30.079999923706055,29.65999984741211,30.079999923706055,223459
2022-12-02,30.0,30.020000457763672,29.360000610351562,29.899999618530273,101898
2022-12-05,29.920000076293945,29.940000534057617,29.260000228881836,29.299999237060547,96353
2022-12-06,29.260000228881836,29.700000762939453,29.0,29.540000915527344,164549
2022-12-07,29.559999465942383,29.579999923706055,29.059999465942383,29.18000030517578,80624
2022-12-08,29.18000030517578,29.399999618530273,28.31999969482422,28.700000762939453,195890
2022-12-09,28.65999984741211,29.219999313354492,28.65999984741211,29.219999313354492,55823
2022-12-12,29.219999313354492,29.5,28.940000534057617,29.100000381469727,64406
2022-12-13,29.0,29.459999084472656,28.979999542236328,29.219999313354492,105837
2022-12-14,29.219999313354492,30.1200008392334,29.040000915527344,30.040000915527344,204539
2022-12-15,30.0,30.579999923706055,30.0,30.540000915527344,176315
2022-12-16,30.600000381469727,31.0,30.219999313354492,30.280000686645508,270578
2022-12-19,30.260000228881836,31.860000610351562,30.260000228881836,31.799999237060547,310640
2022-12-20,31.799999237060547,32.15999984741211,31.34000015258789,31.6200008392334,131300
2022-12-21,31.5,32.119998931884766,31.299999237060547,32.08000183105469,135652
2022-12-22,32.29999923706055,32.29999923706055,31.5,31.559999465942383,110606
2022-12-23,31.440000534057617,31.6200008392334,30.799999237060547,31.200000762939453,236660
2022-12-27,31.18000030517578,31.959999084472656,30.799999237060547,31.0,190259
2022-12-28,31.020000457763672,31.440000534057617,30.239999771118164,30.700000762939453,323118
2022-12-29,30.700000762939453,32.0,30.5,31.739999771118164,178659
2022-12-30,31.739999771118164,32.099998474121094,31.020000457763672,31.020000457763672,143451
2023-01-02,31.420000076293945,31.84000015258789,30.81999969482422,31.399999618530273,94673
2023-01-03,31.420000076293945,31.5,30.940000534057617,31.079999923706055,140362
2023-01-04,31.079999923706055,31.8799991607666,31.079999923706055,31.860000610351562,155645
2023-01-05,31.899999618530273,32.279998779296875,31.540000915527344,31.959999084472656,200854
2023-01-09,32.02000045776367,32.97999954223633,32.0,32.880001068115234,275436
2023-01-10,32.880001068115234,33.880001068115234,32.619998931884766,33.560001373291016,250376
2023-01-11,33.560001373291016,33.68000030517578,32.900001525878906,33.040000915527344,216869
2023-01-12,33.380001068115234,33.68000030517578,33.060001373291016,33.060001373291016,114374
2023-01-13,33.099998474121094,33.400001525878906,33.0,33.060001373291016,111328
2023-01-16,33.0,33.279998779296875,32.040000915527344,32.79999923706055,146306
2023-01-17,32.79999923706055,33.13999938964844,32.560001373291016,32.779998779296875,96052
2023-01-18,32.900001525878906,33.20000076293945,32.459999084472656,32.70000076293945,175325
2023-01-19,32.70000076293945,33.380001068115234,32.400001525878906,32.86000061035156,366171
2023-01-20,33.060001373291016,33.31999969482422,32.7599983215332,32.81999969482422,151123
2023-01-23,33.0,33.15999984741211,32.7599983215332,32.900001525878906,96617
2023-01-24,33.0,33.34000015258789,32.400001525878906,32.540000915527344,164306
2023-01-25,33.20000076293945,33.20000076293945,32.459999084472656,32.7400016784668,137658
2023-01-26,32.7400016784668,33.20000076293945,32.220001220703125,32.439998626708984,184270
2023-01-27,32.599998474121094,32.70000076293945,32.08000183105469,32.400001525878906,139390
2023-01-30,32.380001068115234,32.380001068115234,31.920000076293945,32.15999984741211,121977
2023-01-31,32.08000183105469,33.220001220703125,31.799999237060547,33.13999938964844,214849
2023-02-01,33.13999938964844,33.13999938964844,32.400001525878906,32.400001525878906,291673
2023-02-02,29.299999237060547,31.420000076293945,28.34000015258789,31.399999618530273,2433243
2023-02-03,31.600000381469727,32.099998474121094,31.399999618530273,32.0,334598
2023-02-06,31.719999313354492,31.860000610351562,30.299999237060547,30.760000228881836,509016
2023-02-07,30.700000762939453,32.08000183105469,30.700000762939453,32.0,333370
2023-02-08,32.0,32.2599983215332,31.34000015258789,31.420000076293945,182656
2023-02-09,31.34000015258789,32.2400016784668,31.34000015258789,32.2400016784668,150420
2023-02-10,32.15999984741211,32.400001525878906,31.34000015258789,31.700000762939453,181473
2023-02-13,32.0,32.36000061035156,31.399999618530273,32.0,192485
2023-02-14,32.279998779296875,32.29999923706055,31.700000762939453,32.15999984741211,111954
2023-02-15,32.0,32.380001068115234,31.81999969482422,32.15999984741211,99521
2023-02-16,32.29999923706055,33.0,32.099998474121094,33.0,120464
2023-02-17,32.97999954223633,34.20000076293945,32.97999954223633,34.18000030517578,268065
2023-02-20,34.20000076293945,35.15999984741211,33.81999969482422,35.13999938964844,223998
2023-02-21,35.18000030517578,35.29999923706055,33.84000015258789,33.84000015258789,201511
2023-02-22,33.79999923706055,34.0,32.65999984741211,33.13999938964844,211660
2023-02-23,33.2599983215332,33.86000061035156,32.900001525878906,33.08000183105469,153045
2023-02-24,33.099998474121094,33.41999816894531,32.619998931884766,32.720001220703125,102717
2023-02-27,32.70000076293945,33.540000915527344,32.58000183105469,33.220001220703125,127116
2023-02-28,33.13999938964844,33.41999816894531,32.880001068115234,33.279998779296875,98079
2023-03-01,33.02000045776367,34.900001525878906,32.97999954223633,33.63999938964844,309940
2023-03-02,33.5,34.02000045776367,33.15999984741211,33.7400016784668,81707
2023-03-03,33.599998474121094,35.279998779296875,33.599998474121094,34.86000061035156,185688
2023-03-06,35.0,35.0,34.459999084472656,35.0,121953
2023-03-07,35.0,35.2400016784668,34.52000045776367,35.02000045776367,133674
2023-03-08,35.040000915527344,36.900001525878906,34.720001220703125,36.15999984741211,420996
2023-03-09,36.279998779296875,36.459999084472656,35.220001220703125,35.29999923706055,173426
2023-03-10,35.29999923706055,36.060001373291016,35.02000045776367,35.779998779296875,183559
2023-03-13,35.84000015258789,36.13999938964844,34.099998474121094,35.119998931884766,387848
2023-03-14,35.119998931884766,35.439998626708984,34.08000183105469,34.52000045776367,174885
2023-03-15,34.91999816894531,34.939998626708984,33.599998474121094,33.81999969482422,160375
2023-03-16,33.900001525878906,34.36000061035156,32.119998931884766,33.220001220703125,308631
2023-03-17,33.619998931884766,33.900001525878906,32.380001068115234,32.900001525878906,157172
2023-03-20,33.0,33.7400016784668,31.799999237060547,33.439998626708984,174249
2023-03-21,33.70000076293945,34.84000015258789,33.31999969482422,34.619998931884766,278868
2023-03-22,34.720001220703125,35.65999984741211,34.29999923706055,34.900001525878906,209142
2023-03-23,34.91999816894531,35.65999984741211,33.15999984741211,33.20000076293945,359925
2023-03-24,33.20000076293945,33.63999938964844,32.20000076293945,33.619998931884766,221388
2023-03-27,33.400001525878906,33.81999969482422,32.65999984741211,32.84000015258789,108592
2023-03-28,32.880001068115234,33.47999954223633,32.70000076293945,33.29999923706055,232081
2023-03-29,33.400001525878906,33.400001525878906,31.559999465942383,31.700000762939453,292420
2023-03-30,31.700000762939453,32.47999954223633,31.65999984741211,31.799999237060547,201422
2023-03-31,31.799999237060547,32.31999969482422,31.100000381469727,31.700000762939453,234789
2023-04-03,31.700000762939453,32.34000015258789,31.5,32.29999923706055,216214
2023-04-04,32.29999923706055,33.20000076293945,32.040000915527344,33.20000076293945,153605
2023-04-05,33.2599983215332,33.86000061035156,32.5,32.939998626708984,555114
2023-04-06,33.0,33.2400016784668,32.41999816894531,32.540000915527344,159959
2023-04-11,32.900001525878906,33.2599983215332,32.560001373291016,32.959999084472656,442305
2023-04-12,33.220001220703125,35.41999816894531,33.099998474121094,35.41999816894531,617277
2023-04-13,35.400001525878906,36.5,35.02000045776367,36.36000061035156,544527
2023-04-14,36.400001525878906,36.65999984741211,36.0,36.279998779296875,193631
2023-04-17,36.279998779296875,36.279998779296875,35.15999984741211,35.599998474121094,188114
2023-04-18,35.63999938964844,36.2400016784668,35.5,35.880001068115234,113121
2023-04-19,35.959999084472656,37.79999923706055,35.619998931884766,37.7599983215332,428456
2023-04-20,37.779998779296875,37.779998779296875,36.220001220703125,36.41999816894531,191857
2023-04-21,36.70000076293945,36.779998779296875,35.279998779296875,35.79999923706055,276626
2023-04-24,35.540000915527344,35.79999923706055,34.880001068115234,35.060001373291016,137941
2023-04-25,35.31999969482422,35.880001068115234,34.81999969482422,35.52000045776367,127214
2023-04-26,35.5,35.70000076293945,34.880001068115234,35.2599983215332,157772
2023-04-27,38.779998779296875,41.119998931884766,37.79999923706055,39.939998626708984,1563385
2023-04-28,39.900001525878906,40.779998779296875,39.41999816894531,40.0,308487
2023-05-02,40.0,40.119998931884766,39.2599983215332,39.2599983215332,120770
2023-05-04,39.29999923706055,41.5,39.29999923706055,41.34000015258789,472883
2023-05-05,41.79999923706055,43.060001373291016,41.02000045776367,42.599998474121094,439749
2023-05-08,42.70000076293945,43.880001068115234,42.70000076293945,43.2400016784668,398774
2023-05-09,43.18000030517578,43.18000030517578,42.540000915527344,42.70000076293945,177658
2023-05-10,38.70000076293945,39.7599983215332,38.34000015258789,38.5,2116344
2023-05-11,38.70000076293945,39.29999923706055,38.41999816894531,38.79999923706055,489918
2023-05-12,38.70000076293945,38.939998626708984,37.380001068115234,38.0,326327
2023-05-15,38.0,38.63999938964844,37.52000045776367,37.79999923706055,228263
2023-05-16,37.5,38.7599983215332,37.439998626708984,38.36000061035156,417821
2023-05-17,38.439998626708984,39.70000076293945,38.099998474121094,39.119998931884766,290660
2023-05-18,39.439998626708984,39.70000076293945,38.900001525878906,39.060001373291016,251463
2023-05-19,39.13999938964844,39.79999923706055,38.97999954223633,39.58000183105469,196100
2023-05-22,39.65999984741211,40.400001525878906,39.2400016784668,40.2400016784668,326758
2023-05-23,40.380001068115234,41.47999954223633,39.7400016784668,40.65999984741211,531453
2023-05-24,40.619998931884766,40.70000076293945,39.7400016784668,39.959999084472656,321591
2023-05-25,40.08000183105469,41.29999923706055,39.81999969482422,41.220001220703125,304415
2023-05-26,41.099998474121094,41.97999954223633,40.900001525878906,41.91999816894531,305628
2023-05-29,41.97999954223633,42.13999938964844,41.34000015258789,41.70000076293945,113011
2023-05-30,41.7400016784668,41.959999084472656,41.13999938964844,41.47999954223633,148911
2023-05-31,41.459999084472656,41.84000015258789,40.68000030517578,41.20000076293945,514342
2023-06-01,41.0,42.0,40.97999954223633,42.0,195748
2023-06-02,41.900001525878906,42.29999923706055,41.540000915527344,41.900001525878906,211095
2023-06-05,42.0,42.2400016784668,41.7599983215332,42.0,245959
2023-06-06,42.0,42.0,40.720001220703125,41.0,601086
2023-06-07,41.0,41.52000045776367,41.0,41.380001068115234,116009
2023-06-09,41.5,42.060001373291016,41.5,41.91999816894531,165151
2023-06-12,41.81999969482422,41.86000061035156,40.79999923706055,40.79999923706055,194710
2023-06-13,41.02000045776367,41.279998779296875,40.68000030517578,40.70000076293945,108534
2023-06-14,40.86000061035156,40.97999954223633,39.2599983215332,39.5,638568
2023-06-15,39.5,40.47999954223633,39.20000076293945,40.47999954223633,262522
2023-06-16,40.5,41.20000076293945,40.5,41.13999938964844,336819
2023-06-19,41.13999938964844,41.2599983215332,40.52000045776367,40.599998474121094,89128
2023-06-20,40.63999938964844,40.97999954223633,40.58000183105469,40.70000076293945,66087
2023-06-21,40.900001525878906,41.58000183105469,40.540000915527344,41.400001525878906,288222
2023-06-22,41.400001525878906,41.5,40.5,40.540000915527344,129370
2023-06-23,40.540000915527344,41.400001525878906,40.36000061035156,41.20000076293945,184360
2023-06-26,41.20000076293945,41.380001068115234,40.880001068115234,41.02000045776367,78876
2023-06-27,41.459999084472656,41.459999084472656,40.79999923706055,40.97999954223633,89581
2023-06-28,40.97999954223633,41.20000076293945,40.720001220703125,41.13999938964844,74286
2023-06-29,41.13999938964844,42.099998474121094,41.040000915527344,42.099998474121094,169966
2023-06-30,42.099998474121094,43.279998779296875,41.52000045776367,41.52000045776367,378220
2023-07-03,42.0,42.79999923706055,41.81999969482422,42.0,224497
2023-07-04,42.0,42.400001525878906,41.939998626708984,42.36000061035156,394913
2023-07-05,42.34000015258789,42.36000061035156,41.560001373291016,41.58000183105469,305609
2023-07-06,41.540000915527344,41.91999816894531,40.65999984741211,41.29999923706055,573098
2023-07-07,37.47999954223633,39.15999984741211,37.29999923706055,39.0,909347
2023-07-10,39.0,39.47999954223633,38.36000061035156,38.58000183105469,294360
2023-07-11,38.58000183105469,38.779998779296875,37.5,37.84000015258789,312531
2023-07-12,37.79999923706055,38.5,37.720001220703125,38.400001525878906,125660
2023-07-13,38.459999084472656,38.900001525878906,38.08000183105469,38.5,223707
2023-07-14,38.599998474121094,40.31999969482422,38.36000061035156,40.29999923706055,558675
2023-07-17,40.29999923706055,40.29999923706055,39.439998626708984,39.52000045776367,120849
2023-07-18,39.52000045776367,40.08000183105469,38.939998626708984,39.7599983215332,240753
2023-07-19,39.400001525878906,41.099998474121094,39.380001068115234,41.02000045776367,260044
2023-07-20,40.97999954223633,41.63999938964844,40.779998779296875,41.31999969482422,260606
2023-07-21,41.13999938964844,42.0,40.91999816894531,41.459999084472656,264205
2023-07-24,41.439998626708984,41.459999084472656,39.900001525878906,40.02000045776367,299527
2023-07-25,40.099998474121094,41.13999938964844,40.060001373291016,40.97999954223633,202103
2023-07-26,40.97999954223633,41.060001373291016,39.880001068115234,40.18000030517578,297402
2023-07-27,37.900001525878906,38.7599983215332,37.31999969482422,38.2400016784668,1336866
2023-07-28,38.439998626708984,39.68000030517578,38.29999923706055,39.36000061035156,396781
2023-07-31,39.5,39.65999984741211,38.459999084472656,39.13999938964844,272076
2023-08-01,39.220001220703125,39.400001525878906,38.70000076293945,39.15999984741211,170809
2023-08-02,39.099998474121094,39.439998626708984,38.84000015258789,39.20000076293945,175179
2023-08-03,39.29999923706055,39.47999954223633,39.0,39.36000061035156,163510
2023-08-04,39.31999969482422,39.84000015258789,39.119998931884766,39.400001525878906,161127
2023-08-07,39.619998931884766,39.619998931884766,38.31999969482422,38.36000061035156,172044
2023-08-08,38.36000061035156,38.86000061035156,37.91999816894531,38.31999969482422,246550
2023-08-09,38.459999084472656,38.540000915527344,37.5,37.599998474121094,190776
2023-08-10,37.779998779296875,38.0,37.52000045776367,37.58000183105469,145007
2023-08-11,37.68000030517578,38.099998474121094,37.439998626708984,38.0,99000
2023-08-14,38.0,38.20000076293945,37.619998931884766,37.939998626708984,112682
2023-08-16,37.79999923706055,38.0,36.7599983215332,37.099998474121094,263634
2023-08-17,37.459999084472656,38.18000030517578,37.2400016784668,37.58000183105469,190970
2023-08-18,37.599998474121094,37.779998779296875,36.5,37.619998931884766,338811
2023-08-21,37.29999923706055,37.380001068115234,33.0,34.34000015258789,1262651
2023-08-22,35.02000045776367,36.02000045776367,34.36000061035156,34.540000915527344,719772
2023-08-23,33.15999984741211,34.400001525878906,32.65999984741211,34.29999923706055,855122
2023-08-24,34.20000076293945,34.560001373291016,33.060001373291016,33.13999938964844,260312
2023-08-25,33.02000045776367,34.2599983215332,32.619998931884766,33.86000061035156,240509
2023-08-28,34.20000076293945,34.52000045776367,32.939998626708984,33.63999938964844,238561
2023-08-29,33.70000076293945,33.79999923706055,32.68000030517578,32.81999969482422,322288
2023-08-30,32.81999969482422,33.29999923706055,32.70000076293945,32.97999954223633,300951
2023-08-31,32.959999084472656,33.31999969482422,32.599998474121094,33.119998931884766,265496
2023-09-01,33.119998931884766,33.31999969482422,32.7400016784668,32.959999084472656,288148
2023-09-04,33.02000045776367,33.5,32.560001373291016,32.68000030517578,177890
2023-09-05,32.540000915527344,33.02000045776367,32.540000915527344,32.65999984741211,123510
2023-09-06,32.79999923706055,32.939998626708984,31.219999313354492,32.02000045776367,419492
2023-09-07,32.2599983215332,32.439998626708984,30.84000015258789,31.0,479546
2023-09-08,30.84000015258789,32.400001525878906,30.81999969482422,32.2599983215332,277892
2023-09-11,32.47999954223633,32.47999954223633,31.399999618530273,31.399999618530273,154926
2023-09-12,31.719999313354492,32.400001525878906,31.459999084472656,32.34000015258789,256117
2023-09-13,32.400001525878906,32.400001525878906,31.799999237060547,32.15999984741211,137792
2023-09-14,32.36000061035156,32.58000183105469,31.440000534057617,31.780000686645508,282488
2023-09-15,31.81999969482422,32.060001373291016,31.6200008392334,31.68000030517578,338695
2023-09-18,32.0,32.099998474121094,31.520000457763672,31.6200008392334,191671
2023-09-19,31.639999389648438,32.7599983215332,31.639999389648438,32.20000076293945,225118
2023-09-20,32.15999984741211,32.959999084472656,31.799999237060547,32.84000015258789,264071
2023-09-21,32.79999923706055,32.79999923706055,31.920000076293945,32.13999938964844,278270
2023-09-22,32.2400016784668,32.400001525878906,31.799999237060547,31.940000534057617,123881
2023-09-25,32.0,32.13999938964844,31.079999923706055,31.100000381469727,241385
2023-09-26,31.040000915527344,31.239999771118164,30.31999969482422,31.0,281284
2023-09-27,31.100000381469727,31.260000228881836,30.0,30.100000381469727,274034
2023-09-28,30.200000762939453,30.700000762939453,30.020000457763672,30.260000228881836,201929
2023-09-29,30.459999084472656,30.84000015258789,30.31999969482422,30.700000762939453,166661
2023-10-02,30.700000762939453,31.059999465942383,30.040000915527344,30.360000610351562,135014
2023-10-03,30.360000610351562,31.040000915527344,30.200000762939453,30.200000762939453,343191
2023-10-04,30.200000762939453,31.540000915527344,28.920000076293945,30.959999084472656,478931
2023-10-05,31.459999084472656,31.479999542236328,29.860000610351562,29.860000610351562,342348
2023-10-06,29.940000534057617,30.579999923706055,29.520000457763672,30.059999465942383,224112
2023-10-09,30.18000030517578,30.5,29.600000381469727,29.6200008392334,285141
2023-10-10,29.860000610351562,31.1200008392334,29.860000610351562,30.8799991607666,302030
2023-10-11,30.920000076293945,31.719999313354492,30.520000457763672,31.5,580969
2023-10-12,31.700000762939453,32.47999954223633,31.479999542236328,31.739999771118164,224395
2023-10-13,31.920000076293945,32.29999923706055,31.600000381469727,32.119998931884766,256097
2023-10-16,32.58000183105469,32.939998626708984,31.799999237060547,32.20000076293945,236587
2023-10-17,32.31999969482422,33.65999984741211,32.31999969482422,32.939998626708984,295465
2023-10-18,33.0,33.560001373291016,32.400001525878906,32.68000030517578,220041
2023-10-19,32.779998779296875,32.81999969482422,32.0,32.34000015258789,192493
2023-10-20,32.29999923706055,32.79999923706055,31.84000015258789,31.940000534057617,317296
2023-10-23,31.780000686645508,32.15999984741211,31.65999984741211,32.0,95321
2023-10-24,32.02000045776367,33.2400016784668,32.02000045776367,32.84000015258789,174460
2023-10-25,32.97999954223633,33.2599983215332,32.599998474121094,32.880001068115234,150683
2023-10-26,32.70000076293945,33.02000045776367,32.220001220703125,32.81999969482422,128943
2023-10-27,32.20000076293945,32.79999923706055,31.6200008392334,32.13999938964844,568601
2023-10-30,32.279998779296875,33.68000030517578,32.2599983215332,33.34000015258789,264894
2023-10-31,33.459999084472656,33.459999084472656,32.65999984741211,32.720001220703125,328772
2023-11-02,33.02000045776367,34.34000015258789,33.0,34.02000045776367,331059
2023-11-03,34.2400016784668,34.439998626708984,33.97999954223633,34.31999969482422,195117
2023-11-06,34.439998626708984,35.65999984741211,34.400001525878906,34.91999816894531,248671
2023-11-07,34.939998626708984,35.7400016784668,34.63999938964844,35.63999938964844,204417
2023-11-08,35.70000076293945,36.29999923706055,34.68000030517578,34.68000030517578,227384
2023-11-09,34.81999969482422,35.36000061035156,33.7400016784668,35.060001373291016,833426
2023-11-10,35.119998931884766,35.400001525878906,34.20000076293945,34.97999954223633,240794
2023-11-13,34.91999816894531,35.0,34.040000915527344,34.040000915527344,107868
2023-11-14,34.060001373291016,35.279998779296875,34.02000045776367,35.119998931884766,134157
2023-11-15,35.29999923706055,35.540000915527344,34.400001525878906,34.459999084472656,204453
2023-11-16,34.63999938964844,34.7599983215332,33.540000915527344,34.02000045776367,229223
2023-11-17,34.29999923706055,34.79999923706055,34.060001373291016,34.36000061035156,126034
2023-11-20,34.34000015258789,35.29999923706055,34.29999923706055,35.060001373291016,176112
2023-11-21,35.15999984741211,35.36000061035156,34.86000061035156,34.91999816894531,143836
2023-11-22,35.0,35.2599983215332,34.7400016784668,35.0,134094
2023-11-23,35.15999984741211,35.15999984741211,33.65999984741211,34.2599983215332,219580
2023-11-24,34.2599983215332,34.63999938964844,34.08000183105469,34.41999816894531,107786
2023-11-27,34.36000061035156,34.619998931884766,33.939998626708984,34.099998474121094,90114
2023-11-28,34.13999938964844,34.2599983215332,33.939998626708984,34.099998474121094,95511
2023-11-29,34.20000076293945,34.279998779296875,33.52000045776367,33.900001525878906,176461
2023-11-30,34.0,34.20000076293945,33.0,33.31999969482422,315106
2023-12-01,33.540000915527344,34.58000183105469,33.2400016784668,34.13999938964844,228729
2023-12-04,34.13999938964844,34.91999816894531,33.900001525878906,34.79999923706055,272942
2023-12-05,34.79999923706055,35.15999984741211,34.52000045776367,34.79999923706055,205258
2023-12-06,34.939998626708984,35.08000183105469,34.0,34.29999923706055,212611
2023-12-07,34.58000183105469,34.58000183105469,33.880001068115234,34.060001373291016,155662
2023-12-08,34.060001373291016,35.13999938964844,34.060001373291016,35.099998474121094,183032
2023-12-11,35.20000076293945,36.380001068115234,35.13999938964844,35.599998474121094,325421
2023-12-12,35.86000061035156,36.040000915527344,35.13999938964844,35.29999923706055,109720
2023-12-13,35.400001525878906,35.7400016784668,35.220001220703125,35.65999984741211,96530
2023-12-14,35.7599983215332,36.939998626708984,35.7599983215332,36.58000183105469,288874
2023-12-15,36.779998779296875,37.779998779296875,36.599998474121094,36.84000015258789,419688
2023-12-18,36.880001068115234,37.65999984741211,36.619998931884766,36.79999923706055,239050
2023-12-19,36.81999969482422,37.70000076293945,36.7400016784668,37.63999938964844,322986
2023-12-20,37.70000076293945,38.84000015258789,37.599998474121094,38.5,450763
2023-12-21,38.5,38.939998626708984,38.060001373291016,38.81999969482422,198329
2023-12-22,38.959999084472656,38.959999084472656,38.060001373291016,38.459999084472656,157631
2023-12-27,38.5,38.939998626708984,38.099998474121094,38.41999816894531,329965
2023-12-28,38.58000183105469,39.119998931884766,38.060001373291016,38.41999816894531,175815
2023-12-29,38.619998931884766,38.79999923706055,37.81999969482422,37.81999969482422,343129
2024-01-02,38.099998474121094,38.5,37.540000915527344,38.36000061035156,247208
2024-01-03,38.380001068115234,38.47999954223633,36.619998931884766,36.91999816894531,272352
2024-01-04,37.0,37.65999984741211,36.86000061035156,37.34000015258789,119338
2024-01-05,37.36000061035156,38.08000183105469,36.7599983215332,37.939998626708984,185624
2024-01-08,38.13999938964844,39.459999084472656,38.0,39.220001220703125,470953
2024-01-09,40.0,40.099998474121094,39.18000030517578,39.439998626708984,314800
2024-01-10,39.439998626708984,39.84000015258789,38.5,38.5,200776
2024-01-11,38.86000061035156,39.119998931884766,38.060001373291016,38.540000915527344,196301
2024-01-12,38.7400016784668,39.29999923706055,38.540000915527344,38.720001220703125,110401
2024-01-15,38.91999816894531,39.380001068115234,38.52000045776367,38.79999923706055,144164
2024-01-16,38.79999923706055,39.36000061035156,38.560001373291016,39.31999969482422,139753
2024-01-17,39.20000076293945,39.2400016784668,38.060001373291016,38.41999816894531,267332
2024-01-18,38.86000061035156,39.29999923706055,38.47999954223633,39.08000183105469,142819
2024-01-19,39.15999984741211,39.459999084472656,38.79999923706055,38.880001068115234,158155
2024-01-22,39.0,39.279998779296875,38.68000030517578,38.81999969482422,108167
2024-01-23,38.900001525878906,39.02000045776367,38.380001068115234,38.81999969482422,105335
2024-01-24,38.84000015258789,40.08000183105469,38.619998931884766,39.7599983215332,307421
2024-01-25,39.97999954223633,40.220001220703125,39.15999984741211,39.34000015258789,149390
2024-01-26,39.29999923706055,39.58000183105469,38.880001068115234,39.279998779296875,134685
2024-01-29,39.400001525878906,39.7400016784668,39.29999923706055,39.439998626708984,100697
2024-01-30,39.29999923706055,39.720001220703125,39.2400016784668,39.400001525878906,160146
2024-01-31,42.20000076293945,45.439998626708984,42.18000030517578,45.15999984741211,1582287
2024-02-01,45.0,45.400001525878906,44.2400016784668,45.099998474121094,374582
2024-02-02,45.15999984741211,46.79999923706055,45.099998474121094,45.70000076293945,336709
2024-02-05,45.70000076293945,47.119998931884766,45.459999084472656,46.779998779296875,336875
2024-02-06,42.5,43.459999084472656,42.13999938964844,42.91999816894531,2642443
2024-02-07,43.060001373291016,43.599998474121094,42.560001373291016,43.099998474121094,478465
2024-02-08,43.099998474121094,43.29999923706055,42.65999984741211,42.86000061035156,502154
2024-02-09,42.97999954223633,43.040000915527344,42.2400016784668,42.47999954223633,442575
2024-02-12,42.5,42.97999954223633,42.119998931884766,42.720001220703125,335331
2024-02-13,42.720001220703125,43.02000045776367,42.220001220703125,42.29999923706055,267362
2024-02-14,42.439998626708984,43.13999938964844,42.400001525878906,43.099998474121094,652149
2024-02-15,43.2599983215332,45.79999923706055,43.220001220703125,45.79999923706055,910152
2024-02-16,45.900001525878906,47.0,45.31999969482422,46.81999969482422,591861
2024-02-19,46.900001525878906,47.779998779296875,46.619998931884766,47.220001220703125,362263
2024-02-20,47.31999969482422,47.720001220703125,46.939998626708984,47.08000183105469,230829
2024-02-21,47.08000183105469,47.41999816894531,46.29999923706055,46.41999816894531,197716
2024-02-22,46.959999084472656,47.08000183105469,45.2400016784668,46.599998474121094,519670
2024-02-23,46.58000183105469,46.900001525878906,46.20000076293945,46.47999954223633,259280
2024-02-26,46.5,47.459999084472656,46.47999954223633,46.939998626708984,209951
2024-02-27,46.900001525878906,47.79999923706055,46.63999938964844,47.619998931884766,271953
2024-02-28,47.5,48.70000076293945,47.5,47.79999923706055,243913
2024-02-29,47.540000915527344,49.18000030517578,47.540000915527344,48.220001220703125,516237
2024-03-01,48.220001220703125,49.47999954223633,48.099998474121094,49.31999969482422,249139
2024-03-04,49.5,50.0,48.65999984741211,49.5,288441
2024-03-05,49.459999084472656,51.20000076293945,49.0,50.650001525878906,404911
2024-03-06,50.95000076293945,51.95000076293945,50.400001525878906,51.75,369417
2024-03-07,51.75,52.45000076293945,50.599998474121094,52.150001525878906,348590
2024-03-08,52.20000076293945,52.79999923706055,51.79999923706055,52.29999923706055,178687
2024-03-11,52.400001525878906,52.75,50.650001525878906,51.29999923706055,250499
2024-03-12,51.5,53.29999923706055,51.29999923706055,52.900001525878906,224904
2024-03-13,53.04999923706055,54.400001525878906,52.70000076293945,52.900001525878906,377803
2024-03-14,53.099998474121094,54.45000076293945,53.0,54.04999923706055,196616
2024-03-15,54.29999923706055,55.400001525878906,54.150001525878906,55.0,1196060
2024-03-18,55.0,55.400001525878906,53.400001525878906,53.5,232985
2024-03-19,53.5,54.400001525878906,52.349998474121094,54.349998474121094,249456
2024-03-20,54.29999923706055,54.29999923706055,52.79999923706055,52.79999923706055,131066
2024-03-21,53.45000076293945,53.79999923706055,53.0,53.400001525878906,255685
2024-03-22,53.75,54.20000076293945,53.349998474121094,53.900001525878906,145824
2024-03-25,53.900001525878906,54.45000076293945,53.5,53.849998474121094,148096
2024-03-26,53.900001525878906,54.45000076293945,53.650001525878906,54.349998474121094,131392
2024-03-27,54.45000076293945,57.099998474121094,54.29999923706055,57.099998474121094,513048
2024-03-28,57.400001525878906,57.79999923706055,54.70000076293945,54.70000076293945,312227
2024-04-02,55.29999923706055,58.20000076293945,55.29999923706055,56.779998779296875,359823
2024-04-03,57.15999984741211,57.31999969482422,56.099998474121094,56.5,148033
2024-04-04,56.5,59.36000061035156,56.459999084472656,57.7599983215332,658202
2024-04-05,57.439998626708984,58.47999954223633,56.439998626708984,57.0,261988
2024-04-08,57.279998779296875,57.959999084472656,56.779998779296875,56.86000061035156,124568
2024-04-09,57.0,57.58000183105469,56.15999984741211,56.47999954223633,211649
2024-04-10,56.959999084472656,58.400001525878906,56.81999969482422,57.880001068115234,395776
2024-04-11,58.060001373291016,58.439998626708984,56.939998626708984,56.939998626708984,155439
2024-04-12,57.31999969482422,58.70000076293945,57.060001373291016,58.47999954223633,333547
2024-04-15,58.31999969482422,60.65999984741211,58.20000076293945,60.20000076293945,287541
2024-04-16,60.2599983215332,60.36000061035156,58.79999923706055,59.08000183105469,298007
2024-04-17,59.5,60.97999954223633,59.29999923706055,60.400001525878906,248473
2024-04-18,60.599998474121094,61.439998626708984,59.0,61.20000076293945,324489
2024-04-19,60.959999084472656,62.0,58.400001525878906,58.599998474121094,368752
2024-04-22,58.599998474121094,59.7400016784668,57.47999954223633,59.119998931884766,291972
2024-04-23,59.36000061035156,61.20000076293945,59.02000045776367,61.02000045776367,311571
2024-04-24,61.380001068115234,62.29999923706055,61.15999984741211,61.439998626708984,261478
2024-04-25,61.02000045776367,61.91999816894531,60.79999923706055,61.79999923706055,232001
2024-04-26,61.79999923706055,62.84000015258789,61.599998474121094,62.779998779296875,254105
2024-04-29,62.959999084472656,64.4000015258789,61.86000061035156,62.29999923706055,336790
2024-04-30,62.119998931884766,64.0,61.040000915527344,63.58000183105469,454367
2024-05-02,63.040000915527344,63.58000183105469,59.900001525878906,60.2599983215332,649669
2024-05-06,61.0,65.23999786376953,61.0,65.23999786376953,549800
2024-05-07,65.33999633789062,66.77999877929688,64.91999816894531,66.0999984741211,344497
2024-05-08,66.19999694824219,67.22000122070312,65.12000274658203,67.0,345499
2024-05-09,67.19999694824219,67.76000213623047,66.58000183105469,67.5199966430664,155616
2024-05-10,67.54000091552734,67.63999938964844,65.73999786376953,66.73999786376953,346668
2024-05-13,66.69999694824219,68.45999908447266,66.63999938964844,68.44000244140625,220017
2024-05-14,68.54000091552734,69.58000183105469,67.81999969482422,69.0,320341
2024-05-15,69.0199966430664,71.30000305175781,69.0,71.30000305175781,386520
2024-05-16,71.4800033569336,72.0,70.55999755859375,71.0,261745
2024-05-17,71.4000015258789,72.0,69.87999725341797,72.0,209340
2024-05-20,72.0,73.18000030517578,71.5999984741211,73.0999984741211,265916
2024-05-21,73.0,74.55999755859375,72.45999908447266,72.95999908447266,433597
2024-05-22,72.9800033569336,74.30000305175781,72.5199966430664,74.05999755859375,302451
2024-05-23,74.4000015258789,75.87999725341797,73.94000244140625,75.0,241880
2024-05-24,75.0,75.5199966430664,74.4000015258789,75.08000183105469,238268
2024-05-27,75.36000061035156,75.55999755859375,73.30000305175781,74.0999984741211,262674
2024-05-28,74.5,74.69999694824219,71.68000030517578,72.0,369485
2024-05-29,71.0,72.18000030517578,69.4800033569336,70.81999969482422,459088
2024-05-31,66.69999694824219,69.37999725341797,65.69999694824219,66.0999984741211,1003262
2024-06-03,66.0,68.0,64.30000305175781,65.77999877929688,598099
2024-06-04,65.80000305175781,66.26000213623047,62.880001068115234,64.30000305175781,460927
2024-06-05,64.5,66.30000305175781,63.5,66.19999694824219,433619
2024-06-06,66.5,66.80000305175781,64.62000274658203,65.31999969482422,354323
2024-06-07,65.54000091552734,66.27999877929688,65.0999984741211,66.0,171387
2024-06-10,65.9000015258789,66.5999984741211,65.4000015258789,66.0,150653
2024-06-11,66.0,68.27999877929688,66.0,67.16000366210938,319472
2024-06-12,67.16000366210938,68.69999694824219,66.13999938964844,68.58000183105469,358080
2024-06-13,68.54000091552734,68.5999984741211,67.27999877929688,67.73999786376953,267623
2024-06-14,67.73999786376953,67.83999633789062,65.18000030517578,66.55999755859375,220145
2024-06-17,66.55999755859375,68.33999633789062,66.55999755859375,68.05999755859375,211957
2024-06-18,68.13999938964844,71.58000183105469,68.13999938964844,71.0,344145
2024-06-19,71.0,72.33999633789062,70.5999984741211,71.86000061035156,167873
2024-06-20,72.0,73.31999969482422,70.41999816894531,70.83999633789062,320700
2024-06-21,71.0,72.16000366210938,70.54000091552734,71.12000274658203,220372
2024-06-24,70.81999969482422,71.86000061035156,68.86000061035156,71.45999908447266,223881
2024-06-25,71.5999984741211,71.95999908447266,70.83999633789062,71.0999984741211,145376
2024-06-26,71.19999694824219,71.45999908447266,69.16000366210938,69.77999877929688,202292
2024-06-27,69.83999633789062,71.9000015258789,69.72000122070312,71.9000015258789,292246
2024-06-28,72.0,72.44000244140625,70.9800033569336,71.63999938964844,212152
2024-07-01,72.0199966430664,73.08000183105469,70.83999633789062,71.19999694824219,332536
2024-07-02,71.4000015258789,71.80000305175781,70.41999816894531,71.0,165986
2024-07-03,71.0999984741211,71.18000030517578,69.0999984741211,69.0999984741211,268253
2024-07-04,68.9800033569336,69.68000030517578,67.0,69.4000015258789,323056
2024-07-05,69.63999938964844,70.45999908447266,69.0999984741211,69.76000213623047,138091
2024-07-08,69.87999725341797,70.5,69.19999694824219,70.5,115324
2024-07-09,70.9000015258789,72.18000030517578,70.0999984741211,72.16000366210938,192728
2024-07-10,72.16000366210938,72.69999694824219,71.0199966430664,72.44000244140625,181625
2024-07-11,72.5999984741211,72.63999938964844,70.91999816894531,71.94000244140625,124723
2024-07-12,71.94000244140625,72.94000244140625,71.13999938964844,72.58000183105469,162797
2024-07-15,72.5,73.0,63.599998474121094,64.0199966430664,2220866
2024-07-16,64.08000183105469,64.27999877929688,58.5,61.0,2438924
2024-07-17,61.29999923706055,61.939998626708984,59.29999923706055,59.619998931884766,704574
2024-07-18,60.0,60.380001068115234,57.0,59.68000030517578,762970
2024-07-19,59.5,61.0,59.5,59.599998474121094,329561
2024-07-22,60.08000183105469,62.34000015258789,60.0,62.29999923706055,360914
2024-07-23,62.599998474121094,62.900001525878906,61.220001220703125,61.97999954223633,300280
2024-07-24,61.86000061035156,63.099998474121094,61.41999816894531,62.84000015258789,286281
2024-07-25,61.619998931884766,62.599998474121094,60.68000030517578,62.5,414710
2024-07-26,62.400001525878906,63.439998626708984,62.040000915527344,63.15999984741211,198868
2024-07-29,63.0,63.52000045776367,62.18000030517578,62.97999954223633,271778
2024-07-30,63.0,63.599998474121094,61.91999816894531,62.119998931884766,231637
2024-07-31,62.5,63.439998626708984,62.29999923706055,63.18000030517578,274704
2024-08-01,63.040000915527344,63.70000076293945,62.0,62.5,246615
2024-08-02,62.0,62.560001373291016,60.5,60.91999816894531,440507
2024-08-05,58.02000045776367,59.41999816894531,55.0,58.619998931884766,1365048
2024-08-06,59.5,60.91999816894531,59.0,59.779998779296875,396460
2024-08-07,59.65999984741211,60.47999954223633,58.5,60.099998474121094,220697
2024-08-08,60.0,60.97999954223633,58.900001525878906,60.70000076293945,249132
2024-08-09,60.52000045776367,61.20000076293945,60.2599983215332,60.79999923706055,169426
2024-08-12,60.880001068115234,62.5,60.79999923706055,62.5,173864
2024-08-13,62.52000045776367,64.45999908447266,61.939998626708984,64.45999908447266,273354
2024-08-14,64.4800033569336,64.4800033569336,62.86000061035156,63.560001373291016,182693
2024-08-16,63.880001068115234,66.87999725341797,63.70000076293945,66.5999984741211,413971
2024-08-19,66.5999984741211,67.23999786376953,65.9800033569336,67.0999984741211,222374
2024-08-20,67.0999984741211,67.44000244140625,65.95999908447266,66.0,183642
2024-08-21,66.0,66.80000305175781,65.80000305175781,66.77999877929688,151978
2024-08-22,66.76000213623047,67.23999786376953,65.80000305175781,66.83999633789062,162775
2024-08-23,66.5,67.12000274658203,65.81999969482422,66.58000183105469,208435
2024-08-26,66.5,66.63999938964844,64.80000305175781,65.68000030517578,231327
2024-08-27,65.66000366210938,67.4800033569336,64.68000030517578,67.4800033569336,342460
2024-08-28,67.4000015258789,68.19999694824219,66.31999969482422,68.13999938964844,208443
2024-08-29,68.0,68.72000122070312,67.0999984741211,67.45999908447266,214454
2024-08-30,66.80000305175781,68.5,66.5999984741211,68.41999816894531,204825
2024-09-02,68.0,70.5999984741211,67.30000305175781,70.18000030517578,376125
2024-09-03,70.16000366210938,70.77999877929688,68.19999694824219,68.19999694824219,322443
2024-09-04,63.5,64.80000305175781,62.2400016784668,62.400001525878906,2718505
2024-09-05,62.68000030517578,63.939998626708984,62.0,62.0,1014960
2024-09-06,62.20000076293945,62.81999969482422,61.52000045776367,61.65999984741211,736173
2024-09-09,61.880001068115234,62.81999969482422,61.20000076293945,61.20000076293945,301594
2024-09-10,61.58000183105469,62.68000030517578,59.880001068115234,60.5,636448
2024-09-11,60.5,61.36000061035156,58.63999938964844,60.459999084472656,628918
2024-09-12,61.31999969482422,61.939998626708984,60.63999938964844,61.36000061035156,330207
2024-09-13,61.79999923706055,62.15999984741211,60.7599983215332,61.97999954223633,383017
2024-09-16,61.939998626708984,63.040000915527344,61.540000915527344,62.439998626708984,440445
2024-09-17,62.540000915527344,63.29999923706055,62.18000030517578,62.619998931884766,255042
2024-09-18,62.599998474121094,62.779998779296875,61.7599983215332,61.81999969482422,220229
2024-09-19,62.2400016784668,62.779998779296875,61.7400016784668,62.29999923706055,199627
2024-09-20,62.060001373291016,62.7599983215332,60.36000061035156,60.36000061035156,1941945
2024-09-23,60.959999084472656,61.65999984741211,60.439998626708984,61.41999816894531,194548
2024-09-24,61.81999969482422,62.68000030517578,61.52000045776367,61.779998779296875,188938
2024-09-25,61.939998626708984,62.70000076293945,61.47999954223633,62.70000076293945,217056
2024-09-26,62.79999923706055,63.459999084472656,62.5,63.439998626708984,201712
2024-09-27,63.5,63.560001373291016,62.52000045776367,63.36000061035156,185173
2024-09-30,63.380001068115234,64.22000122070312,61.18000030517578,61.36000061035156,330657
2024-10-01,61.36000061035156,62.63999938964844,61.060001373291016,62.119998931884766,198547
2024-10-02,62.02000045776367,62.7599983215332,61.599998474121094,61.79999923706055,146498
2024-10-03,62.0,66.04000091552734,61.41999816894531,63.400001525878906,763949
2024-10-04,63.959999084472656,64.27999877929688,62.79999923706055,63.29999923706055,394435
2024-10-07,63.400001525878906,64.0999984741211,61.959999084472656,61.959999084472656,188876
2024-10-08,61.779998779296875,63.599998474121094,61.220001220703125,63.5,304732
2024-10-09,63.5,64.45999908447266,63.040000915527344,63.599998474121094,280078
2024-10-10,63.79999923706055,63.79999923706055,62.36000061035156,62.7599983215332,288531
2024-10-11,62.7599983215332,64.16000366210938,62.7599983215332,63.86000061035156,238986
2024-10-14,64.16000366210938,64.58000183105469,62.2599983215332,62.2599983215332,211004
2024-10-15,62.2599983215332,63.68000030517578,61.900001525878906,63.040000915527344,180233
2024-10-16,63.119998931884766,63.18000030517578,61.47999954223633,61.63999938964844,286698
2024-10-17,61.97999954223633,62.0,60.400001525878906,60.41999816894531,263132
2024-10-18,60.5,61.5,60.5,61.060001373291016,160260
2024-10-21,61.34000015258789,65.36000061035156,61.34000015258789,64.9000015258789,813168
2024-10-22,65.0,65.30000305175781,63.79999923706055,65.0999984741211,321627
2024-10-23,65.0999984741211,65.37999725341797,64.0,64.5199966430664,192262
2024-10-24,64.4000015258789,66.94000244140625,64.4000015258789,66.72000122070312,230874
2024-10-25,66.86000061035156,67.19999694824219,64.81999969482422,64.81999969482422,204551
2024-10-28,65.12000274658203,66.0999984741211,64.62000274658203,65.62000274658203,175812
2024-10-29,65.87999725341797,66.54000091552734,65.0999984741211,66.22000122070312,237905
2024-10-30,66.36000061035156,66.63999938964844,63.65999984741211,64.44000244140625,357602
2024-10-31,64.45999908447266,65.73999786376953,63.91999816894531,64.9000015258789,478440
2024-11-04,65.0199966430664,67.4000015258789,64.9800033569336,67.26000213623047,382312
2024-11-05,67.37999725341797,67.37999725341797,66.0999984741211,66.4000015258789,176699
2024-11-06,66.73999786376953,68.80000305175781,66.73999786376953,67.0999984741211,233499
2024-11-07,67.5,69.44000244140625,67.41999816894531,69.44000244140625,274198
2024-11-08,69.5,71.0,68.26000213623047,68.44000244140625,458992
2024-11-12,68.9800033569336,69.76000213623047,68.55999755859375,69.31999969482422,284636
2024-11-13,69.30000305175781,70.13999938964844,68.83999633789062,69.04000091552734,213968
2024-11-14,69.37999725341797,71.5999984741211,69.19999694824219,70.19999694824219,440857
2024-11-15,70.5,71.0,70.0199966430664,70.4000015258789,173260
2024-11-18,70.4000015258789,71.80000305175781,69.62000274658203,70.31999969482422,313690
2024-11-19,70.31999969482422,71.4800033569336,67.0999984741211,68.58000183105469,436118
2024-11-20,69.36000061035156,70.4800033569336,68.83999633789062,70.0,263308
2024-11-21,69.80000305175781,70.13999938964844,68.72000122070312,69.94000244140625,209585
2024-11-22,70.0,70.33999633789062,69.0199966430664,69.95999908447266,183329
2024-11-25,70.18000030517578,71.27999877929688,69.91999816894531,70.80000305175781,714659
2024-11-26,70.54000091552734,71.0999984741211,70.0,70.80000305175781,166453
2024-11-27,70.31999969482422,71.5199966430664,70.0,70.26000213623047,188820
2024-11-28,70.4000015258789,71.0199966430664,69.37999725341797,69.86000061035156,119566
2024-11-29,70.18000030517578,71.04000091552734,69.9000015258789,70.81999969482422,160103
2024-12-02,71.0,71.33999633789062,70.30000305175781,70.33999633789062,153878
2024-12-03,70.83999633789062,71.12000274658203,69.91999816894531,70.36000061035156,297326
2024-12-04,70.76000213623047,72.5,70.0999984741211,72.4000015258789,615892
2024-12-05,72.41999816894531,73.4000015258789,72.31999969482422,73.26000213623047,253982
2024-12-06,73.4000015258789,73.4000015258789,72.23999786376953,72.9800033569336,225112
2024-12-09,73.13999938964844,73.80000305175781,72.41999816894531,72.5,198342
2024-12-10,72.5999984741211,72.86000061035156,70.5199966430664,71.63999938964844,225102
2024-12-11,71.68000030517578,72.05999755859375,70.9000015258789,71.5199966430664,94586
2024-12-12,71.95999908447266,72.19999694824219,70.69999694824219,71.19999694824219,142246
2024-12-13,71.12000274658203,71.66000366210938,70.36000061035156,70.69999694824219,169825
2024-12-16,70.5199966430664,71.23999786376953,69.55999755859375,70.30000305175781,286015
2024-12-17,70.30000305175781,70.58000183105469,67.04000091552734,67.81999969482422,366445
2024-12-18,67.94000244140625,68.73999786376953,67.16000366210938,67.95999908447266,254081
2024-12-19,67.87999725341797,67.94000244140625,66.4000015258789,67.66000366210938,421107
2024-12-20,67.66000366210938,68.16000366210938,66.13999938964844,67.45999908447266,1414961
2024-12-23,67.4000015258789,70.16000366210938,67.4000015258789,69.54000091552734,298447
2024-12-27,69.62000274658203,71.0199966430664,69.19999694824219,70.55999755859375,178956
2024-12-30,70.58000183105469,70.73999786376953,69.9000015258789,70.4000015258789,152385
2025-01-02,71.0,73.18000030517578,70.30000305175781,72.83999633789062,365973
2025-01-03,72.9800033569336,74.27999877929688,72.4000015258789,72.5,271166
2025-01-07,73.4000015258789,76.83999633789062,73.36000061035156,76.16000366210938,493130
2025-01-08,76.30000305175781,76.94000244140625,74.76000213623047,75.44000244140625,268136
2025-01-09,75.45999908447266,76.19999694824219,74.22000122070312,75.69999694824219,234463
2025-01-10,75.69999694824219,76.18000030517578,74.80000305175781,75.5999984741211,248204
2025-01-13,75.5,75.5999984741211,70.44000244140625,71.83999633789062,515838
2025-01-14,71.86000061035156,72.5999984741211,70.5999984741211,71.18000030517578,282113
2025-01-15,71.4000015258789,72.0,70.73999786376953,72.0,266736
2025-01-16,71.9800033569336,73.5,71.83999633789062,73.5,183431
2025-01-17,73.5,75.83999633789062,73.0199966430664,75.81999969482422,337696
2025-01-20,75.9000015258789,77.69999694824219,75.86000061035156,77.45999908447266,325723
2025-01-21,77.44000244140625,78.0,76.37999725341797,77.4000015258789,327709
2025-01-22,77.41999816894531,77.69999694824219,75.62000274658203,77.4800033569336,346266
2025-01-23,77.4800033569336,77.9000015258789,75.86000061035156,76.04000091552734,256853
2025-01-24,76.19999694824219,76.87999725341797,75.44000244140625,76.19999694824219,249806
2025-01-27,75.5,75.86000061035156,73.41999816894531,74.4800033569336,267258
2025-01-28,74.5199966430664,74.9800033569336,73.45999908447266,74.69999694824219,233533
2025-01-29,74.76000213623047,75.19999694824219,73.81999969482422,73.9000015258789,146439
2025-01-30,74.13999938964844,75.86000061035156,74.13999938964844,75.62000274658203,234125
2025-01-31,70.0,72.0,64.91999816894531,65.5999984741211,3661761
2025-02-03,65.5999984741211,66.4000015258789,63.459999084472656,64.0,1011892
2025-02-04,64.4000015258789,67.4800033569336,64.4000015258789,64.58000183105469,806832
2025-02-05,64.73999786376953,65.31999969482422,63.91999816894531,64.4800033569336,446690
2025-02-06,64.94000244140625,65.76000213623047,64.31999969482422,65.5,559897
2025-02-07,65.5999984741211,65.86000061035156,64.58000183105469,64.58000183105469,555116
2025-02-10,64.73999786376953,65.58000183105469,64.18000030517578,65.37999725341797,525830
2025-02-11,65.41999816894531,66.16000366210938,64.83999633789062,64.9000015258789,370817
2025-02-12,64.9000015258789,65.12000274658203,63.36000061035156,63.84000015258789,690734
2025-02-13,64.5999984741211,66.36000061035156,64.5999984741211,65.80000305175781,779150
2025-02-14,65.9000015258789,67.94000244140625,65.5,67.5,721119
2025-02-17,67.5999984741211,68.86000061035156,67.0199966430664,68.5,413743
2025-02-18,68.5,69.0999984741211,68.19999694824219,68.66000366210938,375320
2025-02-19,68.62000274658203,69.0,67.80000305175781,68.9000015258789,620031
2025-02-20,68.5,69.26000213623047,67.83999633789062,68.26000213623047,451247
2025-02-21,68.31999969482422,68.66000366210938,67.87999725341797,68.0999984741211,175978
2025-02-24,68.12000274658203,68.87999725341797,66.30000305175781,67.13999938964844,487427
2025-02-25,67.16000366210938,67.45999908447266,65.5,65.72000122070312,388068
2025-02-26,66.23999786376953,67.13999938964844,65.5199966430664,67.0,352477
2025-02-27,67.0,67.04000091552734,65.41999816894531,66.04000091552734,381314
2025-02-28,65.80000305175781,66.12000274658203,65.18000030517578,66.0,418790
2025-03-03,65.63999938964844,66.30000305175781,64.12000274658203,66.18000030517578,311487
2025-03-04,65.12000274658203,65.86000061035156,62.7400016784668,63.02000045776367,685400
2025-03-05,64.45999908447266,65.4000015258789,64.27999877929688,65.0,380447
2025-03-06,65.04000091552734,65.30000305175781,64.31999969482422,64.91999816894531,269211
2025-03-07,64.77999877929688,65.18000030517578,64.12000274658203,64.9800033569336,166124
2025-03-10,65.08000183105469,65.44000244140625,63.5,64.0,285603
2025-03-11,64.0,64.5999984741211,63.720001220703125,64.0199966430664,228534
2025-03-12,64.30000305175781,65.31999969482422,64.26000213623047,65.23999786376953,208884
2025-03-13,65.23999786376953,66.5199966430664,64.77999877929688,66.44000244140625,308128
2025-03-14,66.44000244140625,67.9800033569336,66.44000244140625,67.30000305175781,389720
2025-03-17,67.31999969482422,67.76000213623047,66.5,67.04000091552734,243293
2025-03-18,67.04000091552734,67.54000091552734,66.69999694824219,67.16000366210938,249267
2025-03-19,67.16000366210938,67.77999877929688,66.36000061035156,67.69999694824219,249407
2025-03-20,67.77999877929688,68.0999984741211,66.37999725341797,67.0199966430664,183282
2025-03-21,67.18000030517578,67.9800033569336,66.4800033569336,66.66000366210938,591763
2025-03-24,65.0,67.55999755859375,63.29999923706055,67.33999633789062,281451
2025-03-25,67.44000244140625,70.05999755859375,67.30000305175781,69.77999877929688,670161
2025-03-26,69.80000305175781,70.0,68.68000030517578,69.27999877929688,247024
2025-03-27,69.27999877929688,69.30000305175781,67.91999816894531,68.66000366210938,209817
2025-03-28,68.9000015258789,68.9000015258789,68.0,68.13999938964844,145806
2025-03-31,68.0,68.44000244140625,65.80000305175781,68.13999938964844,474907
2025-04-01,68.13999938964844,68.13999938964844,66.55999755859375,67.12000274658203,328929
2025-04-02,67.68000030517578,68.63999938964844,67.23999786376953,68.5999984741211,190373
2025-04-03,68.31999969482422,69.80000305175781,67.55999755859375,68.13999938964844,294516
2025-04-04,68.0,69.5,66.30000305175781,66.4000015258789,705314
2025-04-07,64.05999755859375,71.9800033569336,63.65999984741211,70.31999969482422,1301286
2025-04-08,71.0,72.0,69.69999694824219,71.77999877929688,631998
2025-04-09,71.41999816894531,73.9000015258789,70.0,72.45999908447266,913001
2025-04-10,75.0,75.30000305175781,72.5,74.0,580486
2025-04-11,74.0,75.31999969482422,73.41999816894531,75.12000274658203,672873
2025-04-14,75.5,75.80000305175781,74.0999984741211,75.4000015258789,522747
2025-04-15,75.0,78.73999786376953,75.0,78.04000091552734,877696
2025-04-16,77.9800033569336,78.4800033569336,77.0,78.19999694824219,293240
2025-04-17,78.18000030517578,78.95999908447266,78.0,78.66000366210938,320354
2025-04-22,78.0999984741211,79.5999984741211,77.91999816894531,79.5,343933
2025-04-23,79.66000366210938,80.41999816894531,77.5999984741211,80.4000015258789,577934
2025-04-24,80.22000122070312,81.0999984741211,78.83999633789062,80.5,376133
2025-04-25,80.41999816894531,80.9000015258789,79.91999816894531,80.26000213623047,345528
2025-04-28,80.0,80.76000213623047,79.69999694824219,80.23999786376953,609544
2025-04-29,79.9000015258789,80.16000366210938,78.4000015258789,78.87999725341797,453065
2025-04-30,78.30000305175781,85.26000213623047,77.04000091552734,82.0,1047685
2025-05-02,83.0,83.0,81.23999786376953,81.80000305175781,349988
2025-05-05,81.22000122070312,84.5,81.22000122070312,84.4000015258789,369653
2025-05-06,84.4000015258789,84.80000305175781,82.5,84.80000305175781,323304
2025-05-07,85.0,86.5,84.87999725341797,85.9000015258789,482965
2025-05-08,86.13999938964844,89.27999877929688,86.13999938964844,88.19999694824219,722137
2025-05-09,89.0,89.80000305175781,88.22000122070312,89.80000305175781,546341
2025-05-12,89.9800033569336,91.76000213623047,88.58000183105469,89.26000213623047,457934
2025-05-13,89.77999877929688,91.27999877929688,88.55999755859375,90.19999694824219,409639
2025-05-14,89.80000305175781,90.91999816894531,87.5,88.16000366210938,388303
2025-05-15,87.73999786376953,88.0,85.73999786376953,86.19999694824219,405385
2025-05-16,86.19999694824219,87.0,85.18000030517578,85.80000305175781,309250
2025-05-19,85.0,86.41999816894531,83.55999755859375,84.5,279762
2025-05-20,81.80000305175781,84.4800033569336,80.69999694824219,83.91999816894531,2494736
2025-05-21,84.0,85.41999816894531,83.26000213623047,83.5,851159
2025-05-22,83.19999694824219,83.19999694824219,81.04000091552734,82.0,476791
2025-05-23,81.9800033569336,82.0,79.44000244140625,81.58000183105469,617065
2025-05-26,81.80000305175781,83.45999908447266,81.69999694824219,82.94000244140625,261188
2025-05-27,82.95999908447266,83.83999633789062,82.30000305175781,83.0199966430664,307117
2025-05-28,83.0,84.0199966430664,82.22000122070312,82.66000366210938,314031
2025-05-29,83.04000091552734,83.0999984741211,81.63999938964844,82.4000015258789,292737
2025-05-30,82.80000305175781,82.94000244140625,81.33999633789062,82.69999694824219,452097
2025-06-02,81.66000366210938,83.0,81.37999725341797,82.0,276465
2025-06-03,82.30000305175781,82.30000305175781,80.66000366210938,81.12000274658203,190428
2025-06-04,81.66000366210938,82.0,80.62000274658203,80.76000213623047,234326
2025-06-05,81.36000061035156,81.36000061035156,79.13999938964844,79.66000366210938,365526
2025-06-06,79.72000122070312,80.45999908447266,78.33999633789062,80.04000091552734,296227
2025-06-09,81.0,81.54000091552734,80.19999694824219,80.62000274658203,414815
2025-06-10,80.9000015258789,82.4000015258789,80.55999755859375,80.58000183105469,332415
2025-06-11,80.5999984741211,80.9800033569336,79.5199966430664,79.81999969482422,265971
2025-06-12,79.81999969482422,80.27999877929688,78.31999969482422,78.63999938964844,496782
2025-06-13,74.16000366210938,76.13999938964844,74.0999984741211,74.12000274658203,601832
2025-06-16,74.23999786376953,75.5,73.69999694824219,73.76000213623047,300850
2025-06-17,73.9800033569336,74.77999877929688,72.72000122070312,74.69999694824219,424226
2025-06-18,75.0,75.0,73.12000274658203,73.37999725341797,345955
2025-06-20,73.72000122070312,74.83999633789062,73.04000091552734,74.83999633789062,379246
2025-06-23,74.80000305175781,74.80000305175781,72.62000274658203,73.23999786376953,325535
2025-06-24,74.0199966430664,78.18000030517578,74.0199966430664,77.54000091552734,522657
2025-06-25,77.5999984741211,80.22000122070312,77.5199966430664,79.66000366210938,534477
2025-06-26,79.9800033569336,81.83999633789062,79.13999938964844,80.4800033569336,483193
2025-06-27,80.80000305175781,80.80000305175781,79.31999969482422,80.5999984741211,241049
2025-06-30,80.63999938964844,81.45999908447266,79.9800033569336,81.45999908447266,459737
2025-07-01,81.5,82.22000122070312,79.5,79.5,604201
2025-07-02,79.30000305175781,79.30000305175781,76.41999816894531,77.5,429904
2025-07-03,77.5,77.69999694824219,74.37999725341797,75.22000122070312,728045
2025-07-04,75.27999877929688,76.37999725341797,74.0199966430664,74.58000183105469,348771
2025-07-07,73.80000305175781,73.95999908447266,69.94000244140625,70.0,1579816
2025-07-08,70.31999969482422,73.19999694824219,70.30000305175781,72.12000274658203,721710
2025-07-09,72.12000274658203,73.5,71.4000015258789,72.5,329358
2025-07-10,72.87999725341797,73.19999694824219,71.18000030517578,71.4000015258789,220457
2025-07-11,71.41999816894531,72.08000183105469,71.22000122070312,71.87999725341797,180367
2025-07-14,72.0,72.36000061035156,71.4000015258789,72.0999984741211,162845
2025-07-15,72.0999984741211,72.5,71.30000305175781,71.76000213623047,146713
2025-07-16,71.76000213623047,71.95999908447266,70.63999938964844,71.0999984741211,237050
2025-07-17,71.0999984741211,71.80000305175781,70.73999786376953,71.66000366210938,312985
2025-07-18,71.9000015258789,74.12000274658203,71.76000213623047,73.9000015258789,382383
2025-07-21,74.0,74.19999694824219,72.77999877929688,73.4000015258789,173915
2025-07-22,73.0,73.05999755859375,71.04000091552734,71.33999633789062,351485
2025-07-23,71.69999694824219,72.18000030517578,71.33999633789062,71.5999984741211,191226
2025-07-24,71.66000366210938,73.16000366210938,71.66000366210938,72.91999816894531,249314
2025-07-25,72.76000213623047,74.0,72.45999908447266,73.12000274658203,151831
2025-07-28,73.22000122070312,73.86000061035156,72.27999877929688,72.69999694824219,137800
2025-07-29,72.9800033569336,73.95999908447266,72.77999877929688,73.95999908447266,197355
2025-07-30,74.0,75.26000213623047,73.5,75.0,317352
2025-07-31,75.04000091552734,76.18000030517578,74.0,75.05999755859375,412965
2025-08-01,72.0,72.4000015258789,70.04000091552734,70.12000274658203,1210697
2025-08-04,70.5,72.66000366210938,70.04000091552734,72.30000305175781,380647
2025-08-05,72.69999694824219,75.58000183105469,72.68000030517578,74.23999786376953,536026
2025-08-06,75.23999786376953,76.45999908447266,74.5199966430664,76.13999938964844,412893
2025-08-07,76.16000366210938,79.0999984741211,76.0999984741211,78.0,513309
2025-08-08,77.76000213623047,78.45999908447266,76.27999877929688,77.4000015258789,201665
2025-08-11,77.19999694824219,78.19999694824219,76.41999816894531,77.0,154995
2025-08-12,77.0,77.37999725341797,76.23999786376953,76.68000030517578,186982
2025-08-13,76.69999694824219,78.5999984741211,75.63999938964844,76.22000122070312,194766
2025-08-14,76.37999725341797,76.80000305175781,74.69999694824219,76.36000061035156,329883
2025-08-18,76.36000061035156,77.44000244140625,75.44000244140625,77.19999694824219,167399
2025-08-19,77.41999816894531,78.16000366210938,77.0999984741211,77.4000015258789,175521
2025-08-20,77.19999694824219,77.33999633789062,76.13999938964844,76.4800033569336,110593
2025-08-21,76.45999908447266,77.55999755859375,76.41999816894531,77.5,137800
2025-08-22,77.4800033569336,77.5999984741211,76.5199966430664,77.5,212214
2025-08-25,77.5,78.19999694824219,77.05999755859375,77.68000030517578,162012
2025-08-26,77.5,77.9000015258789,77.23999786376953,77.54000091552734,210318
2025-08-27,77.5999984741211,77.87999725341797,75.91999816894531,76.76000213623047,195241
2025-08-28,76.80000305175781,76.9000015258789,74.0,75.54000091552734,263513
2025-08-29,75.0999984741211,77.69999694824219,74.72000122070312,77.0,246635
2025-09-01,77.0,77.69999694824219,75.68000030517578,76.87999725341797,180804
2025-09-02,77.0,77.73999786376953,75.30000305175781,75.5,176479
2025-09-03,75.5,77.04000091552734,75.30000305175781,76.30000305175781,154505
2025-09-04,76.5,77.58000183105469,75.9000015258789,77.54000091552734,195130
2025-09-05,77.19999694824219,78.5999984741211,76.63999938964844,76.63999938964844,307760
2025-09-08,76.80000305175781,78.58000183105469,76.80000305175781,78.58000183105469,165259
2025-09-09,78.5,78.63999938964844,77.9000015258789,78.33999633789062,119793
2025-09-10,77.87999725341797,78.19999694824219,75.5999984741211,75.81999969482422,284616
2025-09-11,76.0,76.58000183105469,75.9800033569336,76.22000122070312,152307
2025-09-12,76.22000122070312,76.72000122070312,75.5999984741211,75.72000122070312,126853
2025-09-15,75.94000244140625,76.4000015258789,75.12000274658203,75.83999633789062,163795
2025-09-16,75.95999908447266,76.72000122070312,73.5,73.86000061035156,402387
2025-09-17,74.37999725341797,74.76000213623047,72.0999984741211,72.19999694824219,321349
2025-09-18,72.19999694824219,73.4000015258789,72.16000366210938,73.0,269968
2025-09-19,73.19999694824219,74.19999694824219,72.0,72.0,855837
2025-09-22,72.0,72.5999984741211,71.5,72.22000122070312,180443
2025-09-23,72.22000122070312,73.16000366210938,72.22000122070312,72.91999816894531,157927
2025-09-24,72.9800033569336,73.0,71.91999816894531,72.37999725341797,165001
2025-09-25,72.4000015258789,72.9800033569336,71.69999694824219,71.76000213623047,109369
2025-09-26,71.81999969482422,72.63999938964844,71.58000183105469,72.0,156931
2025-09-29,72.30000305175781,72.36000061035156,71.41999816894531,71.55999755859375,155602
2025-09-30,71.87999725341797,72.5,71.55999755859375,71.80000305175781,241817
2025-10-01,72.16000366210938,72.27999877929688,71.0999984741211,71.33999633789062,206718
2025-10-02,71.69999694824219,72.12000274658203,71.22000122070312,71.30000305175781,202609
2025-10-03,71.9000015258789,72.0,70.69999694824219,70.77999877929688,160402
2025-10-06,71.5199966430664,71.9800033569336,68.95999908447266,68.95999908447266,421493
2025-10-07,69.5,69.77999877929688,67.55999755859375,69.33999633789062,573892
2025-10-08,69.94000244140625,70.19999694824219,66.83999633789062,67.55999755859375,539874
2025-10-09,68.08000183105469,69.31999969482422,67.63999938964844,68.5999984741211,443747
2025-10-10,68.5999984741211,68.5999984741211,67.05999755859375,67.41999816894531,278578
2025-10-13,67.80000305175781,68.5999984741211,67.19999694824219,67.62000274658203,327030
2025-10-14,67.73999786376953,67.91999816894531,66.86000061035156,67.12000274658203,218363
2025-10-15,67.5199966430664,67.77999877929688,66.72000122070312,67.08000183105469,271533
2025-10-16,67.5999984741211,68.4000015258789,67.19999694824219,67.30000305175781,224132
2025-10-17,67.30000305175781,67.45999908447266,66.5999984741211,67.19999694824219,248788
2025-10-20,67.87999725341797,69.80000305175781,67.33999633789062,69.30000305175781,443702
2025-10-21,69.72000122070312,70.5,68.41999816894531,68.54000091552734,250297
2025-10-22,67.9000015258789,68.66000366210938,67.04000091552734,67.19999694824219,410073
2025-10-23,67.5,68.22000122070312,67.26000213623047,68.16000366210938,197651
2025-10-24,68.16000366210938,68.83999633789062,67.68000030517578,67.9000015258789,243144
2025-10-27,69.0,69.18000030517578,68.12000274658203,68.18000030517578,206724
2025-10-28,68.76000213623047,69.18000030517578,68.22000122070312,68.4800033569336,298492
2025-10-29,62.060001373291016,68.26000213623047,61.86000061035156,65.5999984741211,3236099
2025-10-30,67.19999694824219,69.12000274658203,65.91999816894531,68.5,802503
2025-10-31,68.9000015258789,69.69999694824219,67.30000305175781,69.69999694824219,592284
2025-11-03,69.95999908447266,69.95999908447266,68.31999969482422,68.41999816894531,340734
2025-11-04,68.69999694824219,70.69999694824219,68.45999908447266,70.55999755859375,445533
2025-11-05,70.76000213623047,72.80000305175781,70.62000274658203,71.5199966430664,526120
2025-11-06,71.16000366210938,71.95999908447266,70.33999633789062,70.44000244140625,327777
2025-11-07,71.0,71.23999786376953,69.5999984741211,70.0199966430664,306264
2025-11-10,70.9800033569336,71.4000015258789,70.27999877929688,71.4000015258789,165395
2025-11-12,72.4000015258789,73.45999908447266,71.68000030517578,72.30000305175781,357542
2025-11-13,72.9800033569336,72.9800033569336,69.73999786376953,69.73999786376953,656149
2025-11-14,69.9800033569336,70.81999969482422,69.04000091552734,70.04000091552734,289609
2025-11-17,70.58000183105469,70.69999694824219,68.66000366210938,68.91999816894531,180317
2025-11-18,68.80000305175781,69.5199966430664,68.0,68.62000274658203,213388
2025-11-19,68.30000305175781,70.36000061035156,68.30000305175781,70.04000091552734,159745
2025-11-20,71.0,71.0,69.63999938964844,70.0,103615
2025-11-21,69.9800033569336,70.04000091552734,68.0199966430664,68.0199966430664,257236
2025-11-24,68.23999786376953,68.5,67.23999786376953,68.33999633789062,191880
2025-11-25,68.5,69.23999786376953,67.72000122070312,69.23999786376953,200460
2025-11-26,69.44000244140625,70.0199966430664,68.80000305175781,69.77999877929688,208737
2025-11-27,70.0,70.27999877929688,68.91999816894531,70.27999877929688,144654
2025-11-28,70.27999877929688,70.76000213623047,69.55999755859375,70.66000366210938,128956
2025-12-01,70.66000366210938,70.73999786376953,69.81999969482422,70.0,206917
2025-12-02,70.36000061035156,70.36000061035156,69.26000213623047,70.0,181841
2025-12-03,70.0,70.36000061035156,69.19999694824219,69.19999694824219,97676
2025-12-04,70.23999786376953,70.23999786376953,68.58000183105469,69.30000305175781,193127
2025-12-05,69.5,69.87999725341797,68.5199966430664,68.5199966430664,120819
2025-12-08,68.5,69.27999877929688,68.23999786376953,69.04000091552734,135271
2025-12-09,69.23999786376953,70.77999877929688,68.62000274658203,70.77999877929688,402318
2025-12-10,70.95999908447266,73.5199966430664,70.0999984741211,72.4000015258789,397716
2025-12-11,72.4000015258789,72.5,70.45999908447266,70.83999633789062,220811
2025-12-12,71.0999984741211,71.69999694824219,69.54000091552734,69.5999984741211,399918
2025-12-15,70.0,71.33999633789062,69.5,70.36000061035156,232842
2025-12-16,70.63999938964844,70.72000122070312,69.23999786376953,69.30000305175781,254092
2025-12-17,69.80000305175781,69.80000305175781,68.4000015258789,69.18000030517578,275772
2025-12-18,69.4800033569336,70.13999938964844,68.87999725341797,69.4000015258789,253080
2025-12-19,69.4000015258789,70.13999938964844,69.23999786376953,69.81999969482422,306775
2025-12-22,70.36000061035156,71.19999694824219,69.95999908447266,71.0,268527
2025-12-23,71.16000366210938,71.62000274658203,70.45999908447266,71.04000091552734,299467
2025-12-29,71.30000305175781,72.4000015258789,71.30000305175781,72.23999786376953,188584
2025-12-30,72.27999877929688,72.45999908447266,71.44000244140625,71.81999969482422,140775
2026-01-02,72.0999984741211,73.4000015258789,72.0199966430664,73.4000015258789,313088
2026-01-05,73.80000305175781,74.23999786376953,73.08000183105469,73.4800033569336,273262
2026-01-07,74.19999694824219,74.54000091552734,72.87999725341797,74.54000091552734,580625
2026-01-08,74.19999694824219,74.19999694824219,71.44000244140625,72.66000366210938,472734
2026-01-09,73.0,74.69999694824219,72.23999786376953,74.54000091552734,489938
2026-01-12,74.94000244140625,74.95999908447266,72.31999969482422,72.95999908447266,557230
2026-01-13,73.18000030517578,73.9000015258789,72.9800033569336,73.55999755859375,260529
2026-01-14,73.86000061035156,74.12000274658203,73.12000274658203,73.91999816894531,205573
2026-01-15,74.0999984741211,74.5,73.31999969482422,74.19999694824219,262621
2026-01-16,74.30000305175781,75.41999816894531,73.80000305175781,75.04000091552734,397130
2026-01-19,75.0999984741211,75.63999938964844,74.0199966430664,75.0999984741211,202188
2026-01-20,75.5,76.0,73.86000061035156,76.0,362126
2026-01-21,76.30000305175781,77.0,75.0,76.80000305175781,256142
2026-01-22,77.0999984741211,78.69999694824219,76.80000305175781,78.4000015258789,395716
2026-01-23,78.4000015258789,78.4000015258789,77.19999694824219,77.41999816894531,199052
2026-01-26,77.41999816894531,77.76000213623047,74.80000305175781,76.0999984741211,430989
2026-01-27,76.68000030517578,77.9800033569336,75.76000213623047,76.23999786376953,302067
2026-01-28,76.91999816894531,76.91999816894531,74.80000305175781,76.0,323679
2026-01-29,76.08000183105469,76.5,75.31999969482422,75.9000015258789,370256
2026-01-30,78.4000015258789,84.80000305175781,78.12000274658203,84.80000305175781,1585029
2026-02-02,85.95999908447266,89.18000030517578,85.5,86.63999938964844,883797
2026-02-03,86.04000091552734,88.63999938964844,84.80000305175781,87.72000122070312,629907
2026-02-04,87.69999694824219,88.87999725341797,86.58000183105469,88.19999694824219,376328
2026-02-05,88.18000030517578,88.54000091552734,85.62000274658203,86.26000213623047,393076
2026-02-06,86.04000091552734,87.26000213623047,85.0,86.26000213623047,276856
2026-02-09,86.87999725341797,91.72000122070312,86.5,90.4800033569336,904280
2026-02-10,90.9800033569336,91.5,90.12000274658203,90.9000015258789,311258
2026-02-11,91.12000274658203,91.19999694824219,88.41999816894531,89.63999938964844,362594
2026-02-12,89.68000030517578,89.68000030517578,87.33999633789062,88.4000015258789,237326
2026-02-13,88.36000061035156,90.4000015258789,87.5,90.19999694824219,342649
2026-02-16,91.0,91.9000015258789,90.0999984741211,91.5,249689
2026-02-17,91.33999633789062,91.33999633789062,88.19999694824219,88.9800033569336,224621
2026-02-18,89.0199966430664,89.9800033569336,88.45999908447266,89.62000274658203,155821
2026-02-19,89.9000015258789,89.9000015258789,87.81999969482422,88.55999755859375,193555
2026-02-20,88.22000122070312,88.5199966430664,87.0,88.5199966430664,163826
2026-02-23,88.66000366210938,89.33999633789062,87.63999938964844,88.68000030517578,287909
2026-02-24,88.63999938964844,89.0999984741211,86.0999984741211,87.27999877929688,234673
2026-02-25,87.58000183105469,88.69999694824219,87.13999938964844,88.05999755859375,171187
2026-02-26,88.44000244140625,88.5199966430664,87.30000305175781,88.18000030517578,164398
2026-02-27,88.54000091552734,89.86000061035156,87.80000305175781,88.9000015258789,305300
2026-03-02,88.5,91.5,87.9000015258789,91.13999938964844,470380
2026-03-03,90.5199966430664,91.9000015258789,89.54000091552734,91.5199966430664,667844
2026-03-04,91.5199966430664,93.5999984741211,90.68000030517578,93.0,655886
2026-03-05,93.5,93.62000274658203,91.26000213623047,92.77999877929688,352059
2026-03-06,93.0,93.87999725341797,90.86000061035156,92.0,417276
2026-03-09,91.9000015258789,93.69999694824219,91.23999786376953,93.0,560796
2026-03-10,93.80000305175781,96.94000244140625,93.69999694824219,95.86000061035156,658320
2026-03-11,96.0,96.76000213623047,94.5,95.5,383527
2026-03-12,96.0,96.0,92.23999786376953,93.55999755859375,310545
2026-03-13,93.86000061035156,94.76000213623047,92.23999786376953,93.68000030517578,255187
2026-03-16,93.5199966430664,93.68000030517578,91.9000015258789,93.05999755859375,277079
2026-03-17,92.86000061035156,94.9000015258789,92.37999725341797,94.41999816894531,425427
2026-03-18,94.55999755859375,96.08000183105469,94.41999816894531,94.5,208473
2026-03-19,94.62000274658203,95.19999694824219,93.73999786376953,94.5,249816
2026-03-20,94.9800033569336,94.9800033569336,90.0999984741211,91.58000183105469,830087
2026-03-23,91.4000015258789,92.0,86.4000015258789,91.16000366210938,552179
2026-03-24,91.4000015258789,91.58000183105469,89.87999725341797,90.68000030517578,255691
2026-03-25,92.0,92.55999755859375,91.04000091552734,91.87999725341797,266796
2026-03-26,92.0999984741211,92.0999984741211,90.55999755859375,91.5,248650
2026-03-27,91.0,94.5,91.0,92.69999694824219,446927
2026-03-30,92.0199966430664,93.33999633789062,91.0999984741211,92.22000122070312,511778
2026-03-31,92.5,94.69999694824219,92.08000183105469,94.68000030517578,295789
2026-04-01,95.04000091552734,95.86000061035156,94.30000305175781,94.86000061035156,361111
2026-04-02,94.95999908447266,95.69999694824219,93.81999969482422,95.69999694824219,291598
2026-04-07,95.69999694824219,98.6500015258789,95.20999908447266,98.6500015258789,607134
2026-04-08,99.58000183105469,100.0,96.5199966430664,100.0,607661
2026-04-09,100.0,104.0199966430664,100.0,104.0,718812
2026-04-10,104.5,105.9800033569336,103.0,104.18000030517578,611375
2026-04-13,105.0,108.0,104.5999984741211,108.0,633224
2026-04-14,106.0999984741211,110.4800033569336,104.31999969482422,110.4800033569336,599283
2026-04-15,110.4800033569336,113.44000244140625,110.23999786376953,113.44000244140625,589269
2026-04-16,114.0,114.0,104.0999984741211,108.69999694824219,908058
2026-04-17,109.9000015258789,111.0,107.91999816894531,109.76000213623047,376557
2026-04-20,109.76000213623047,109.77999877929688,106.62000274658203,108.62000274658203,346998
2026-04-21,108.83999633789062,108.83999633789062,105.68000030517578,106.23999786376953,340073
2026-04-22,105.80000305175781,110.05999755859375,105.80000305175781,110.05999755859375,388435
2026-04-23,110.5,110.5199966430664,106.33999633789062,106.83999633789062,231441
2026-04-24,106.45999908447266,107.16000366210938,104.0199966430664,105.80000305175781,419760
2026-04-27,108.69999694824219,108.9000015258789,104.12000274658203,104.69999694824219,332275
2026-04-28,105.0,108.0,104.76000213623047,105.80000305175781,388688
2026-04-29,105.95999908447266,108.5,99.98999786376953,100.73999786376953,1468391
2026-04-30,102.0,102.45999908447266,100.31999969482422,102.0,384245
2026-05-04,102.87999725341797,102.87999725341797,96.62000274658203,99.0,718971
2026-05-05,99.5,100.76000213623047,98.23999786376953,99.66999816894531,255377
2026-05-06,100.9000015258789,102.31999969482422,100.0199966430664,102.08000183105469,331756
2026-05-07,103.0,103.37999725341797,101.81999969482422,103.37999725341797,339527
2026-05-08,103.95999908447266,103.95999908447266,100.12000274658203,100.5199966430664,288412
2026-05-11,102.0,107.26000213623047,100.72000122070312,107.12000274658203,646214
2026-05-12,107.83999633789062,108.69999694824219,105.5199966430664,105.62000274658203,789651
2026-05-13,108.0,108.9000015258789,106.5,108.83999633789062,683254
2026-05-14,109.0999984741211,110.83999633789062,108.05999755859375,110.30000305175781,465760
2026-05-15,110.0,110.9800033569336,103.5199966430664,105.41999816894531,616784
2026-05-18,106.5,106.63999938964844,102.55999755859375,104.69999694824219,357665
2026-05-19,105.62000274658203,105.94000244140625,104.55999755859375,105.54000091552734,146743
2026-05-20,105.41999816894531,107.30000305175781,105.22000122070312,107.26000213623047,195037
2026-05-21,106.19999694824219,108.41999816894531,104.9000015258789,107.30000305175781,145128
2026-05-22,107.9800033569336,109.33999633789062,106.66000366210938,109.04000091552734,261746
2026-05-25,109.12000274658203,110.0999984741211,107.9000015258789,109.95999908447266,153700
2026-05-26,110.0,110.80000305175781,108.0,108.83999633789062,228313
2026-05-27,106.55999755859375,106.55999755859375,99.20999908447266,99.80000305175781,1290171
2026-05-28,100.80000305175781,102.87999725341797,99.13999938964844,102.0,477695
2026-05-29,102.95999908447266,103.76000213623047,102.0,103.63999938964844,308703
2026-06-01,103.95999908447266,103.95999908447266,101.58000183105469,103.08000183105469,268130
2026-06-02,103.30000305175781,103.91999816894531,102.04000091552734,102.81999969482422,275206
2026-06-03,103.27999877929688,106.0,101.9800033569336,105.81999969482422,261984
2026-06-05,106.66000366210938,110.4000015258789,106.5,108.5999984741211,1670104
2026-06-08,108.0199966430664,108.4800033569336,103.62000274658203,107.26000213623047,489753
2026-06-09,107.69999694824219,109.9000015258789,106.30000305175781,109.04000091552734,316826
2026-06-10,108.0,109.0,106.76000213623047,108.9000015258789,355701
2026-06-11,108.94000244140625,109.5999984741211,108.0199966430664,109.0,211306
2026-06-12,106.23999786376953,110.22000122070312,106.22000122070312,110.0,436134
2026-06-15,109.9000015258789,110.5199966430664,106.81999969482422,108.16000366210938,366104
2026-06-16,108.13999938964844,110.0,107.91999816894531,108.91999816894531,304638
2026-06-17,109.4800033569336,109.9800033569336,108.22000122070312,109.13999938964844,339241
2026-06-18,109.80000305175781,110.0,109.0,110.0,325543
2026-06-19,110.0,110.0999984741211,108.68000030517578,109.5,297517
2026-06-22,109.5,109.81999969482422,107.69999694824219,109.4000015258789,134743
2026-06-23,108.54000091552734,109.23999786376953,107.4800033569336,109.0999984741211,266131
2026-06-24,109.19999694824219,109.94000244140625,106.83999633789062,107.54000091552734,300361
2026-06-25,107.5,108.66000366210938,105.91999816894531,107.5999984741211,245060
2026-06-26,107.94000244140625,107.94000244140625,104.12000274658203,104.12000274658203,250059
2026-06-29,104.58000183105469,106.77999877929688,103.5,105.54000091552734,174715
2026-06-30,106.0,107.68000030517578,103.5199966430664,106.95999908447266,260177
2026-07-01,107.0999984741211,110.0,105.94000244140625,110.0,424306
2026-07-02,110.0,118.9800033569336,109.72000122070312,116.94000244140625,939309
2026-07-03,116.5,118.69999694824219,115.5999984741211,118.4000015258789,201604
2026-07-06,118.80000305175781,120.19999694824219,117.77999877929688,120.19999694824219,289508
2026-07-07,120.0,122.5999984741211,118.9000015258789,121.44000244140625,513782
2026-07-08,122.05999755859375,124.0,120.23999786376953,124.0,442314
2026-07-09,123.94000244140625,128.9600067138672,123.86000061035156,127.9000015258789,671041
2026-07-10,127.9800033569336,129.39999389648438,125.77999877929688,129.39999389648438,593503
2026-07-13,129.0,129.89999389648438,124.72000122070312,128.13999938964844,477455
2026-07-14,127.5999984741211,130.6999969482422,126.41999816894531,130.6999969482422,340685
2026-07-15,130.8000030517578,135.1999969482422,129.82000732421875,135.1999969482422,762927
2026-07-16,134.89999389648438,134.89999389648438,130.72000122070312,131.8000030517578,312834
2026-07-17,131.0,132.1999969482422,128.52000427246094,131.39999389648438,253577
2026-07-20,131.39999389648438,133.66000366210938,130.5800018310547,133.4600067138672,190120
2026-07-21,134.0,137.5800018310547,133.5399932861328,137.5800018310547,331684
2026-07-22,137.83999633789062,138.10000610351562,136.10000610351562,138.0,263073
2026-07-23,138.10000610351562,138.39999389648438,134.0,135.9600067138672,299143
2026-07-24,136.0,138.5,136.0,137.0,210198
2026-07-27,138.0,140.8000030517578,137.94000244140625,138.8000030517578,455792
2026-07-28,138.77999877929688,140.6999969482422,137.55999755859375,138.5,358659
2026-07-29,138.5,139.39999389648438,135.32000732421875,135.94000244140625,324388
2026-07-30,140.0,149.0,140.0,147.67999267578125,1276835
2026-07-31,147.89999389648438,149.66000366210938,146.5,148.72000122070312,421677
2026-08-03,149.5,151.1999969482422,146.1199951171875,151.17999267578125,267307
2026-08-04,151.5,158.0,148.24000549316406,157.72000122070312,1071798
2026-08-05,158.74000549316406,161.0,156.77999877929688,161.0,540764
2026-08-06,162.52000427246094,167.0,162.02000427246094,166.6199951171875,748854
2026-08-07,168.0,169.86000061035156,166.6199951171875,168.0,675307
2026-08-10,169.3800048828125,169.39999389648438,160.4199981689453,166.27999877929688,435983
2026-08-11,166.27999877929688,169.5,164.13999938964844,169.05999755859375,599243
2026-08-12,169.16000366210938,177.8000030517578,168.3000030517578,177.8000030517578,1008863
2026-08-13,177.32000732421875,177.3800048828125,169.1199951171875,172.0,761753
2026-08-14,173.63999938964844,177.0,173.1999969482422,176.36000061035156,344601
2026-08-17,176.66000366210938,177.44000244140625,166.6999969482422,169.17999267578125,484089
2026-08-18,167.13999938964844,168.0,157.39999389648438,166.4600067138672,1233980
2026-08-19,166.05999755859375,166.72000122070312,162.67999267578125,164.5,635809
2026-08-20,163.66000366210938,166.1199951171875,162.8000030517578,163.27999877929688,418655
2026-08-21,164.1999969482422,168.60000610351562,163.02000427246094,168.3000030517578,675888
2026-08-24,168.5800018310547,172.27999877929688,166.9199981689453,171.10000610351562,470841
2026-08-25,172.5,175.4199981689453,170.27999877929688,173.24000549316406,208828
2026-08-26,174.1999969482422,180.10000610351562,173.32000732421875,180.0,636702
2026-08-27,181.0,184.97999572753906,180.52000427246094,182.0,525901
2026-08-28,185.0,186.6999969482422,177.27999877929688,180.83999633789062,381033
2026-08-31,181.02000427246094,184.9199981689453,178.5800018310547,184.16000366210938,329182
2026-09-01,184.16000366210938,185.27999877929688,179.1999969482422,182.75999450683594,274430
2026-09-02,181.5,181.5,172.5,174.3000030517578,561464
2026-09-03,160.0,162.6999969482422,154.1999969482422,157.24000549316406,3244398
2026-09-04,159.0,160.60000610351562,156.74000549316406,157.74000549316406,1063309
2026-09-08,156.67999267578125,157.75999450683594,155.16000366210938,156.17999267578125,449573
2026-09-09,157.0,157.10000610351562,149.77999877929688,151.75999450683594,722675
2026-09-10,152.6999969482422,152.8000030517578,142.8800048828125,144.33999633789062,1462178
2026-09-11,144.5,150.0,143.1199951171875,148.5,803954
2026-09-14,149.77999877929688,149.89999389648438,145.5399932861328,146.10000610351562,444177
2026-09-15,146.3800048828125,147.17999267578125,143.32000732421875,143.32000732421875,533529
2026-09-17,145.8800048828125,145.89999389648438,143.60000610351562,144.02000427246094,56128
