date,open,high,low,close,volume
2021-09-17,3.4200000762939453,3.4200000762939453,3.4000000953674316,3.4200000762939453,4103
2021-09-20,3.3299999237060547,3.3499999046325684,3.1600000858306885,3.1600000858306885,2527
2021-09-21,3.240000009536743,3.240000009536743,3.240000009536743,3.240000009536743,11
2021-09-22,3.240000009536743,3.2699999809265137,3.240000009536743,3.2699999809265137,2553
2021-09-23,3.2300000190734863,3.4100000858306885,3.2300000190734863,3.4100000858306885,2805
2021-09-24,3.4100000858306885,3.4100000858306885,3.4100000858306885,3.4100000858306885,7
2021-09-27,3.4100000858306885,3.4100000858306885,3.4100000858306885,3.4100000858306885,20
2021-09-28,3.390000104904175,3.4100000858306885,3.390000104904175,3.4100000858306885,1180
2021-09-29,3.450000047683716,3.490000009536743,3.440000057220459,3.4800000190734863,9921
2021-09-30,3.440000057220459,3.4800000190734863,3.430000066757202,3.4800000190734863,5719
2021-10-01,3.490000009536743,3.490000009536743,3.369999885559082,3.4600000381469727,5181
2021-10-04,3.4600000381469727,3.4600000381469727,3.3499999046325684,3.3499999046325684,2000
2021-10-05,3.3499999046325684,3.3499999046325684,3.3499999046325684,3.3499999046325684,0
2021-10-06,3.3499999046325684,3.3499999046325684,3.0199999809265137,3.3499999046325684,17099
2021-10-07,3.1600000858306885,3.1600000858306885,2.950000047683716,3.0299999713897705,12929
2021-10-08,2.990000009536743,3.119999885559082,2.990000009536743,3.119999885559082,928
2021-10-11,3.119999885559082,3.119999885559082,3.119999885559082,3.119999885559082,0
2021-10-12,3.119999885559082,3.119999885559082,3.119999885559082,3.119999885559082,3233
2021-10-13,3.0,3.0,3.0,3.0,100
2021-10-14,3.0,3.1500000953674316,3.0,3.1500000953674316,681
2021-10-15,3.0999999046325684,3.0999999046325684,3.0999999046325684,3.0999999046325684,50
2021-10-18,3.0999999046325684,3.130000114440918,2.9600000381469727,2.9600000381469727,2565
2021-10-19,2.9600000381469727,2.9600000381469727,2.9600000381469727,2.9600000381469727,60
2021-10-20,2.9600000381469727,3.0799999237060547,2.9600000381469727,3.0799999237060547,600
2021-10-21,2.9700000286102295,3.049999952316284,2.9100000858306885,2.9100000858306885,1061
2021-10-22,2.9700000286102295,3.0,2.940000057220459,3.0,1673
2021-10-25,3.0,3.0,3.0,3.0,0
2021-10-26,2.9800000190734863,3.0199999809265137,2.940000057220459,3.0199999809265137,1211
2021-10-27,2.950000047683716,3.0399999618530273,2.950000047683716,3.0399999618530273,17000
2021-10-28,3.009999990463257,3.0899999141693115,3.0,3.0899999141693115,5671
2021-10-29,3.0399999618530273,3.0399999618530273,3.0399999618530273,3.0399999618530273,5080
2021-11-02,3.0399999618530273,3.0399999618530273,2.9100000858306885,2.9100000858306885,34011
2021-11-03,2.9200000762939453,2.9200000762939453,2.9200000762939453,2.9200000762939453,125
2021-11-04,2.9200000762939453,2.9200000762939453,2.9000000953674316,2.9200000762939453,2464
2021-11-05,2.940000057220459,3.0,2.940000057220459,3.0,4740
2021-11-08,3.0,3.0,3.0,3.0,105
2021-11-09,3.0,3.0,3.0,3.0,80
2021-11-10,3.0,3.0,2.990000009536743,3.0,2935
2021-11-12,3.0,3.0,3.0,3.0,0
2021-11-15,3.0299999713897705,3.0299999713897705,3.0299999713897705,3.0299999713897705,58
2021-11-16,3.0299999713897705,3.0299999713897705,3.0299999713897705,3.0299999713897705,0
2021-11-17,3.0,3.0,3.0,3.0,280
2021-11-18,3.0,3.0,2.9800000190734863,2.9800000190734863,1300
2021-11-19,3.0,3.0199999809265137,3.0,3.0199999809265137,1850
2021-11-22,3.0,3.0,2.9600000381469727,3.0,2151
2021-11-23,3.0,3.299999952316284,3.0,3.2799999713897705,19579
2021-11-24,3.2699999809265137,3.490000009536743,3.059999942779541,3.369999885559082,27108
2021-11-25,3.3399999141693115,3.3499999046325684,3.25,3.299999952316284,4332
2021-11-26,3.309999942779541,3.309999942779541,3.25,3.299999952316284,3548
2021-11-29,3.2799999713897705,3.3499999046325684,3.200000047683716,3.3499999046325684,8085
2021-11-30,3.380000114440918,3.380000114440918,3.3299999237060547,3.3299999237060547,360
2021-12-01,3.380000114440918,3.4700000286102295,3.3299999237060547,3.4000000953674316,1650
2021-12-02,3.4100000858306885,3.7100000381469727,3.4000000953674316,3.7100000381469727,22188
2021-12-03,4.0,4.900000095367432,4.0,4.900000095367432,204055
2021-12-06,5.5,6.300000190734863,5.380000114440918,5.800000190734863,399423
2021-12-07,5.860000133514404,5.860000133514404,4.800000190734863,4.909999847412109,138666
2021-12-08,4.800000190734863,5.099999904632568,4.519999980926514,4.760000228881836,273389
2021-12-09,4.650000095367432,4.820000171661377,4.400000095367432,4.409999847412109,71826
2021-12-10,4.400000095367432,4.739999771118164,4.199999809265137,4.239999771118164,49522
2021-12-13,4.369999885559082,4.800000190734863,4.130000114440918,4.570000171661377,86989
2021-12-14,4.639999866485596,5.28000020980835,4.320000171661377,5.28000020980835,90625
2021-12-15,5.199999809265137,5.239999771118164,4.679999828338623,4.679999828338623,68784
2021-12-16,4.679999828338623,4.989999771118164,4.480000019073486,4.590000152587891,45771
2021-12-17,4.559999942779541,4.679999828338623,4.5,4.619999885559082,4637
2021-12-20,4.5,4.610000133514404,4.21999979019165,4.329999923706055,15079
2021-12-21,4.329999923706055,4.329999923706055,4.03000020980835,4.21999979019165,71004
2021-12-22,4.150000095367432,4.260000228881836,4.070000171661377,4.260000228881836,7875
2021-12-23,4.110000133514404,4.25,4.019999980926514,4.239999771118164,55326
2021-12-27,4.460000038146973,4.460000038146973,4.199999809265137,4.199999809265137,3906
2021-12-28,4.320000171661377,4.599999904632568,4.170000076293945,4.510000228881836,19816
2021-12-29,4.550000190734863,4.639999866485596,4.389999866485596,4.639999866485596,10217
2021-12-30,4.599999904632568,4.599999904632568,4.5,4.510000228881836,3878
2022-01-03,4.599999904632568,4.639999866485596,4.5,4.5,4802
2022-01-04,4.539999961853027,5.579999923706055,4.460000038146973,5.539999961853027,82601
2022-01-05,5.5,5.539999961853027,4.920000076293945,4.920000076293945,40593
2022-01-07,4.980000019073486,5.079999923706055,4.510000228881836,5.079999923706055,22625
2022-01-10,5.099999904632568,5.139999866485596,4.820000171661377,5.039999961853027,22221
2022-01-11,4.920000076293945,5.019999980926514,4.800000190734863,4.960000038146973,27328
2022-01-12,4.900000095367432,5.199999809265137,4.840000152587891,5.099999904632568,11594
2022-01-13,5.079999923706055,5.159999847412109,4.96999979019165,5.119999885559082,5365
2022-01-14,5.119999885559082,5.119999885559082,4.900000095367432,5.039999961853027,1868
2022-01-17,4.989999771118164,5.460000038146973,4.989999771118164,5.059999942779541,13258
2022-01-18,5.059999942779541,5.519999980926514,4.949999809265137,5.460000038146973,33754
2022-01-19,5.440000057220459,6.559999942779541,5.400000095367432,5.619999885559082,73220
2022-01-20,5.639999866485596,6.5,5.28000020980835,5.980000019073486,60525
2022-01-21,6.0,6.28000020980835,5.5,5.860000133514404,62929
2022-01-24,5.739999771118164,5.78000020980835,5.239999771118164,5.380000114440918,51509
2022-01-25,5.239999771118164,6.460000038146973,5.239999771118164,6.460000038146973,66582
2022-01-26,6.460000038146973,6.980000019073486,6.179999828338623,6.900000095367432,40766
2022-01-27,6.900000095367432,7.239999771118164,6.599999904632568,6.840000152587891,27009
2022-01-28,6.880000114440918,7.0,6.21999979019165,6.699999809265137,36107
2022-01-31,6.880000114440918,7.0,6.599999904632568,6.78000020980835,10566
2022-02-01,6.760000228881836,6.760000228881836,6.300000190734863,6.539999961853027,11795
2022-02-02,6.420000076293945,6.840000152587891,6.340000152587891,6.699999809265137,8481
2022-02-03,6.820000171661377,6.820000171661377,6.400000095367432,6.400000095367432,6668
2022-02-04,6.5,6.639999866485596,6.400000095367432,6.579999923706055,6254
2022-02-07,6.539999961853027,6.78000020980835,6.5,6.78000020980835,11838
2022-02-08,6.78000020980835,7.0,6.699999809265137,6.760000228881836,12188
2022-02-09,6.860000133514404,7.0,6.699999809265137,6.960000038146973,12728
2022-02-10,7.0,7.940000057220459,6.980000019073486,7.760000228881836,72797
2022-02-11,7.760000228881836,7.800000190734863,7.28000020980835,7.5,22711
2022-02-14,7.28000020980835,7.440000057220459,6.840000152587891,7.0,57996
2022-02-15,7.079999923706055,7.659999847412109,7.079999923706055,7.579999923706055,12083
2022-02-16,7.579999923706055,7.659999847412109,7.400000095367432,7.5,7570
2022-02-17,7.5,7.5,7.199999809265137,7.440000057220459,5071
2022-02-18,7.420000076293945,7.619999885559082,7.380000114440918,7.619999885559082,4032
2022-02-21,7.559999942779541,7.619999885559082,6.920000076293945,7.0,28028
2022-02-22,7.0,7.199999809265137,6.800000190734863,7.119999885559082,24168
2022-02-23,7.099999904632568,7.260000228881836,7.0,7.179999828338623,47754
2022-02-24,6.820000171661377,7.199999809265137,6.199999809265137,6.880000114440918,52709
2022-02-25,6.619999885559082,7.199999809265137,6.599999904632568,7.079999923706055,14767
2022-02-28,7.099999904632568,7.099999904632568,6.900000095367432,6.960000038146973,6156
2022-03-01,7.059999942779541,7.059999942779541,6.5,6.739999771118164,17165
2022-03-02,6.699999809265137,6.800000190734863,6.039999961853027,6.5,27412
2022-03-03,6.019999980926514,6.559999942779541,6.019999980926514,6.400000095367432,6819
2022-03-04,6.28000020980835,6.699999809265137,6.019999980926514,6.679999828338623,8943
2022-03-07,6.659999847412109,6.659999847412109,6.300000190734863,6.599999904632568,2423
2022-03-08,6.420000076293945,6.519999980926514,6.199999809265137,6.199999809265137,4135
2022-03-09,6.199999809265137,7.28000020980835,6.139999866485596,7.099999904632568,42108
2022-03-10,7.079999923706055,7.079999923706055,6.599999904632568,7.019999980926514,18142
2022-03-11,7.079999923706055,7.5,6.960000038146973,7.300000190734863,34275
2022-03-14,7.460000038146973,7.460000038146973,6.739999771118164,7.0,12285
2022-03-15,6.900000095367432,6.920000076293945,6.619999885559082,6.900000095367432,5671
2022-03-16,6.71999979019165,6.900000095367432,6.619999885559082,6.900000095367432,2876
2022-03-17,6.800000190734863,6.860000133514404,6.559999942779541,6.860000133514404,3174
2022-03-18,6.800000190734863,6.800000190734863,6.599999904632568,6.71999979019165,1783
2022-03-21,6.71999979019165,6.739999771118164,6.699999809265137,6.699999809265137,260
2022-03-22,6.800000190734863,6.800000190734863,6.5,6.78000020980835,5580
2022-03-23,6.739999771118164,6.739999771118164,6.699999809265137,6.739999771118164,500
2022-03-24,6.739999771118164,7.0,6.619999885559082,6.960000038146973,9426
2022-03-25,6.960000038146973,6.980000019073486,6.940000057220459,6.980000019073486,1158
2022-03-28,6.940000057220459,7.260000228881836,6.940000057220459,7.260000228881836,2915
2022-03-29,7.119999885559082,7.28000020980835,7.059999942779541,7.059999942779541,1573
2022-03-30,7.019999980926514,7.239999771118164,6.820000171661377,6.980000019073486,154044
2022-03-31,6.980000019073486,7.099999904632568,6.920000076293945,6.920000076293945,470
2022-04-01,7.0,7.0,6.820000171661377,6.980000019073486,1031
2022-04-04,6.940000057220459,7.019999980926514,6.900000095367432,7.0,51993
2022-04-05,6.880000114440918,6.880000114440918,6.880000114440918,6.880000114440918,20
2022-04-06,6.820000171661377,7.0,6.820000171661377,7.0,2296
2022-04-07,7.079999923706055,7.199999809265137,6.860000133514404,7.159999847412109,1945
2022-04-08,7.099999904632568,7.099999904632568,7.0,7.059999942779541,597
2022-04-11,6.920000076293945,7.0,6.860000133514404,6.980000019073486,1075
2022-04-12,6.960000038146973,7.059999942779541,6.960000038146973,7.059999942779541,382
2022-04-13,7.059999942779541,7.199999809265137,7.0,7.179999828338623,1216
2022-04-14,7.199999809265137,7.199999809265137,7.039999961853027,7.159999847412109,521
2022-04-19,7.179999828338623,7.199999809265137,7.0,7.039999961853027,3402
2022-04-20,6.940000057220459,7.0,6.940000057220459,7.0,1836
2022-04-21,7.0,7.0,7.0,7.0,50
2022-04-22,7.0,7.0,6.599999904632568,6.699999809265137,2601
2022-04-25,6.420000076293945,6.699999809265137,6.400000095367432,6.619999885559082,1947
2022-04-26,6.400000095367432,6.760000228881836,6.400000095367432,6.739999771118164,2159
2022-04-27,6.739999771118164,6.739999771118164,6.579999923706055,6.699999809265137,1725
2022-04-28,6.71999979019165,6.71999979019165,6.519999980926514,6.639999866485596,1558
2022-04-29,6.659999847412109,6.659999847412109,6.659999847412109,6.659999847412109,350
2022-05-02,6.599999904632568,6.760000228881836,6.460000038146973,6.760000228881836,1604
2022-05-04,6.78000020980835,6.78000020980835,6.78000020980835,6.78000020980835,20
2022-05-05,6.71999979019165,6.760000228881836,6.400000095367432,6.71999979019165,5429
2022-05-06,6.679999828338623,6.679999828338623,6.440000057220459,6.679999828338623,2328
2022-05-09,6.659999847412109,6.699999809265137,6.559999942779541,6.679999828338623,2675
2022-05-10,6.71999979019165,6.739999771118164,6.679999828338623,6.739999771118164,1231
2022-05-11,6.699999809265137,6.699999809265137,6.699999809265137,6.699999809265137,380
2022-05-12,6.699999809265137,6.699999809265137,6.539999961853027,6.679999828338623,2179
2022-05-13,6.639999866485596,6.659999847412109,6.599999904632568,6.659999847412109,1890
2022-05-16,6.639999866485596,6.639999866485596,6.420000076293945,6.5,2136
2022-05-17,6.400000095367432,6.519999980926514,6.300000190734863,6.340000152587891,3995
2022-05-18,6.380000114440918,6.420000076293945,6.380000114440918,6.420000076293945,151
2022-05-19,6.199999809265137,6.28000020980835,6.019999980926514,6.179999828338623,1835
2022-05-20,6.179999828338623,6.380000114440918,6.179999828338623,6.300000190734863,2012
2022-05-23,6.300000190734863,6.380000114440918,6.260000228881836,6.380000114440918,1645
2022-05-24,6.380000114440918,6.440000057220459,6.300000190734863,6.360000133514404,736
2022-05-25,6.300000190734863,6.300000190734863,6.239999771118164,6.300000190734863,452
2022-05-26,6.239999771118164,6.340000152587891,6.239999771118164,6.300000190734863,254
2022-05-27,6.340000152587891,6.480000019073486,6.300000190734863,6.340000152587891,7305
2022-05-30,6.260000228881836,6.260000228881836,6.179999828338623,6.179999828338623,2016
2022-05-31,6.179999828338623,6.179999828338623,6.059999942779541,6.119999885559082,608
2022-06-01,6.0,6.019999980926514,6.0,6.0,857
2022-06-02,6.0,6.099999904632568,6.0,6.099999904632568,1310
2022-06-03,6.119999885559082,6.119999885559082,5.980000019073486,5.980000019073486,1931
2022-06-06,6.079999923706055,6.079999923706055,5.980000019073486,5.980000019073486,435
2022-06-07,5.980000019073486,5.980000019073486,5.400000095367432,5.400000095367432,6328
2022-06-08,5.400000095367432,5.539999961853027,5.400000095367432,5.539999961853027,2202
2022-06-09,5.519999980926514,5.519999980926514,5.360000133514404,5.360000133514404,1561
2022-06-10,5.460000038146973,5.5,5.360000133514404,5.380000114440918,1205
2022-06-13,5.460000038146973,5.460000038146973,4.920000076293945,5.0,1884
2022-06-14,5.039999961853027,5.039999961853027,4.960000038146973,5.039999961853027,106
2022-06-15,5.039999961853027,5.039999961853027,5.039999961853027,5.039999961853027,10
2022-06-17,5.019999980926514,5.019999980926514,5.0,5.0,231
2022-06-20,4.980000019073486,4.980000019073486,4.900000095367432,4.900000095367432,225
2022-06-21,4.860000133514404,4.960000038146973,4.860000133514404,4.960000038146973,205
2022-06-22,4.78000020980835,4.78000020980835,4.400000095367432,4.400000095367432,7651
2022-06-23,4.380000114440918,4.460000038146973,4.199999809265137,4.460000038146973,13637
2022-06-24,4.559999942779541,4.789999961853027,4.489999771118164,4.670000076293945,12396
2022-06-27,4.670000076293945,4.670000076293945,4.460000038146973,4.460000038146973,2170
2022-06-28,4.389999866485596,4.420000076293945,4.28000020980835,4.28000020980835,3666
2022-06-29,4.28000020980835,4.380000114440918,4.28000020980835,4.380000114440918,865
2022-06-30,4.360000133514404,4.360000133514404,4.050000190734863,4.099999904632568,4111
2022-07-01,4.099999904632568,4.199999809265137,4.050000190734863,4.199999809265137,5001
2022-07-04,4.190000057220459,4.199999809265137,4.190000057220459,4.199999809265137,205
2022-07-05,4.199999809265137,4.199999809265137,4.0,4.090000152587891,19314
2022-07-06,3.9800000190734863,4.119999885559082,3.9700000286102295,4.119999885559082,2557
2022-07-07,4.119999885559082,4.119999885559082,3.9600000381469727,4.0,13392
2022-07-08,4.0,4.199999809265137,4.0,4.190000057220459,6927
2022-07-11,4.190000057220459,4.190000057220459,4.179999828338623,4.190000057220459,2840
2022-07-12,4.190000057220459,4.190000057220459,4.079999923706055,4.179999828338623,824
2022-07-13,4.179999828338623,4.190000057220459,4.059999942779541,4.179999828338623,1040
2022-07-14,4.190000057220459,4.190000057220459,3.990000009536743,4.090000152587891,5527
2022-07-15,4.090000152587891,4.090000152587891,3.990000009536743,3.990000009536743,868
2022-07-18,4.079999923706055,4.119999885559082,3.990000009536743,4.099999904632568,4206
2022-07-19,4.010000228881836,4.150000095367432,4.0,4.150000095367432,449
2022-07-20,4.050000190734863,4.199999809265137,4.050000190734863,4.199999809265137,2230
2022-07-21,4.25,4.670000076293945,4.25,4.670000076293945,5175
2022-07-22,4.679999828338623,4.679999828338623,4.400000095367432,4.489999771118164,1354
2022-07-25,4.5,4.829999923706055,4.5,4.829999923706055,3122
2022-07-26,4.820000171661377,4.820000171661377,4.820000171661377,4.820000171661377,80
2022-07-27,4.809999942779541,5.0,4.519999980926514,4.739999771118164,3400
2022-07-28,4.699999809265137,4.699999809265137,4.699999809265137,4.699999809265137,50
2022-07-29,4.699999809265137,4.800000190734863,4.699999809265137,4.800000190734863,25
2022-08-01,4.599999904632568,4.760000228881836,4.599999904632568,4.760000228881836,2001
2022-08-02,4.760000228881836,4.760000228881836,4.760000228881836,4.760000228881836,0
2022-08-03,4.679999828338623,4.730000019073486,4.590000152587891,4.730000019073486,940
2022-08-04,4.659999847412109,4.659999847412109,4.659999847412109,4.659999847412109,35
2022-08-05,4.659999847412109,4.659999847412109,4.659999847412109,4.659999847412109,0
2022-08-08,4.659999847412109,4.659999847412109,4.659999847412109,4.659999847412109,50
2022-08-09,4.659999847412109,4.71999979019165,4.570000171661377,4.71999979019165,2375
2022-08-10,4.820000171661377,4.909999847412109,4.820000171661377,4.909999847412109,105
2022-08-11,4.920000076293945,4.920000076293945,4.920000076293945,4.920000076293945,20
2022-08-12,4.849999904632568,4.849999904632568,4.699999809265137,4.829999923706055,1207
2022-08-16,4.699999809265137,4.730000019073486,4.650000095367432,4.730000019073486,4238
2022-08-17,4.619999885559082,4.619999885559082,4.619999885559082,4.619999885559082,141
2022-08-18,4.619999885559082,4.659999847412109,4.619999885559082,4.659999847412109,509
2022-08-19,4.659999847412109,4.659999847412109,4.659999847412109,4.659999847412109,0
2022-08-22,4.599999904632568,4.659999847412109,4.599999904632568,4.659999847412109,165
2022-08-23,4.559999942779541,4.559999942779541,4.559999942779541,4.559999942779541,100
2022-08-24,4.559999942779541,4.71999979019165,4.559999942779541,4.71999979019165,1697
2022-08-25,4.71999979019165,4.730000019073486,4.710000038146973,4.730000019073486,1340
2022-08-26,4.71999979019165,4.71999979019165,4.699999809265137,4.699999809265137,1010
2022-08-29,4.699999809265137,4.699999809265137,4.699999809265137,4.699999809265137,10
2022-08-30,4.699999809265137,4.71999979019165,4.699999809265137,4.71999979019165,108
2022-08-31,4.71999979019165,4.71999979019165,4.71999979019165,4.71999979019165,10
2022-09-01,4.699999809265137,4.699999809265137,4.699999809265137,4.699999809265137,10
2022-09-02,4.699999809265137,4.699999809265137,4.699999809265137,4.699999809265137,3
2022-09-05,4.690000057220459,4.71999979019165,4.690000057220459,4.71999979019165,45
2022-09-06,4.599999904632568,4.599999904632568,4.599999904632568,4.599999904632568,230
2022-09-07,4.599999904632568,4.659999847412109,4.559999942779541,4.619999885559082,161
2022-09-08,4.619999885559082,4.619999885559082,4.619999885559082,4.619999885559082,0
2022-09-09,4.659999847412109,4.659999847412109,4.659999847412109,4.659999847412109,10
2022-09-12,4.590000152587891,4.659999847412109,4.590000152587891,4.639999866485596,620
2022-09-13,4.579999923706055,4.579999923706055,4.480000019073486,4.559999942779541,1980
2022-09-14,4.559999942779541,4.559999942779541,4.559999942779541,4.559999942779541,0
2022-09-15,4.559999942779541,4.559999942779541,4.559999942779541,4.559999942779541,0
2022-09-16,4.559999942779541,4.559999942779541,4.559999942779541,4.559999942779541,0
2022-09-19,4.369999885559082,4.369999885559082,4.28000020980835,4.329999923706055,1370
2022-09-20,4.380000114440918,4.389999866485596,4.369999885559082,4.389999866485596,321
2022-09-21,4.440000057220459,4.449999809265137,4.440000057220459,4.449999809265137,25
2022-09-22,4.449999809265137,4.449999809265137,4.449999809265137,4.449999809265137,0
2022-09-23,4.449999809265137,4.449999809265137,4.449999809265137,4.449999809265137,0
2022-09-26,4.260000228881836,4.260000228881836,4.260000228881836,4.260000228881836,36
2022-09-27,4.260000228881836,4.260000228881836,4.260000228881836,4.260000228881836,0
2022-09-28,4.260000228881836,4.260000228881836,4.260000228881836,4.260000228881836,0
2022-09-29,4.050000190734863,4.329999923706055,4.019999980926514,4.019999980926514,6445
2022-09-30,4.130000114440918,4.130000114440918,4.099999904632568,4.130000114440918,181
2022-10-03,4.010000228881836,4.099999904632568,4.010000228881836,4.010000228881836,135
2022-10-04,4.099999904632568,4.099999904632568,4.010000228881836,4.099999904632568,1324
2022-10-05,4.130000114440918,4.150000095367432,4.010000228881836,4.139999866485596,120
2022-10-06,4.010000228881836,4.099999904632568,4.0,4.099999904632568,4781
2022-10-07,3.9800000190734863,4.099999904632568,3.9800000190734863,4.099999904632568,50
2022-10-10,4.019999980926514,4.260000228881836,4.019999980926514,4.260000228881836,2330
2022-10-11,4.050000190734863,4.059999942779541,3.859999895095825,3.859999895095825,5315
2022-10-12,3.9200000762939453,4.119999885559082,3.9200000762939453,4.119999885559082,3065
2022-10-13,4.039999961853027,4.110000133514404,3.9800000190734863,4.110000133514404,395
2022-10-14,3.9700000286102295,3.9700000286102295,3.9700000286102295,3.9700000286102295,20
2022-10-17,4.110000133514404,4.150000095367432,4.110000133514404,4.150000095367432,1020
2022-10-18,4.079999923706055,4.130000114440918,4.079999923706055,4.130000114440918,180
2022-10-19,4.059999942779541,4.110000133514404,4.019999980926514,4.110000133514404,250
2022-10-20,4.110000133514404,4.110000133514404,4.110000133514404,4.110000133514404,0
2022-10-21,4.110000133514404,4.110000133514404,4.110000133514404,4.110000133514404,0
2022-10-24,4.079999923706055,4.460000038146973,4.039999961853027,4.460000038146973,3392
2022-10-25,4.510000228881836,4.869999885559082,4.510000228881836,4.739999771118164,6594
2022-10-26,4.739999771118164,5.460000038146973,4.730000019073486,4.920000076293945,33082
2022-10-27,4.960000038146973,4.960000038146973,4.860000133514404,4.949999809265137,711
2022-10-28,4.949999809265137,4.949999809265137,4.809999942779541,4.920000076293945,1485
2022-10-31,4.920000076293945,5.300000190734863,4.920000076293945,5.300000190734863,9719
2022-11-02,5.28000020980835,5.420000076293945,5.28000020980835,5.400000095367432,5570
2022-11-03,5.21999979019165,5.360000133514404,5.21999979019165,5.360000133514404,231
2022-11-04,5.360000133514404,5.360000133514404,5.239999771118164,5.239999771118164,270
2022-11-07,5.360000133514404,5.360000133514404,5.099999904632568,5.099999904632568,1345
2022-11-08,5.159999847412109,5.159999847412109,5.039999961853027,5.159999847412109,220
2022-11-09,5.159999847412109,5.159999847412109,5.159999847412109,5.159999847412109,0
2022-11-10,5.159999847412109,5.159999847412109,5.0,5.079999923706055,2931
2022-11-14,5.039999961853027,5.139999866485596,5.0,5.139999866485596,721
2022-11-15,5.0,5.099999904632568,4.940000057220459,5.099999904632568,622
2022-11-16,4.940000057220459,5.099999904632568,4.940000057220459,4.940000057220459,210
2022-11-17,4.949999809265137,5.099999904632568,4.949999809265137,5.099999904632568,371
2022-11-18,5.099999904632568,5.099999904632568,5.099999904632568,5.099999904632568,0
2022-11-21,4.980000019073486,4.980000019073486,4.869999885559082,4.869999885559082,255
2022-11-22,5.0,5.0,4.760000228881836,4.760000228881836,1510
2022-11-23,4.75,4.75,4.75,4.75,100
2022-11-24,4.849999904632568,4.849999904632568,4.849999904632568,4.849999904632568,20
2022-11-25,4.800000190734863,4.840000152587891,4.75,4.840000152587891,1215
2022-11-28,4.840000152587891,4.840000152587891,4.840000152587891,4.840000152587891,0
2022-11-29,4.820000171661377,5.0,4.820000171661377,5.0,1400
2022-11-30,4.909999847412109,4.909999847412109,4.909999847412109,4.909999847412109,2000
2022-12-01,4.96999979019165,5.099999904632568,4.96999979019165,5.099999904632568,27
2022-12-02,5.139999866485596,5.199999809265137,5.139999866485596,5.199999809265137,19
2022-12-05,5.199999809265137,5.440000057220459,5.199999809265137,5.440000057220459,16307
2022-12-06,5.460000038146973,5.460000038146973,5.300000190734863,5.300000190734863,1511
2022-12-07,5.300000190734863,5.460000038146973,5.239999771118164,5.460000038146973,477
2022-12-08,5.460000038146973,5.760000228881836,5.300000190734863,5.760000228881836,8559
2022-12-09,5.860000133514404,5.900000095367432,5.860000133514404,5.900000095367432,2060
2022-12-12,5.900000095367432,5.900000095367432,5.699999809265137,5.800000190734863,336
2022-12-13,5.800000190734863,5.840000152587891,5.800000190734863,5.840000152587891,122
2022-12-14,5.900000095367432,5.900000095367432,5.860000133514404,5.860000133514404,275
2022-12-15,5.800000190734863,5.880000114440918,5.800000190734863,5.880000114440918,115
2022-12-16,5.900000095367432,5.900000095367432,5.880000114440918,5.900000095367432,1920
2022-12-19,5.900000095367432,5.960000038146973,5.900000095367432,5.960000038146973,1700
2022-12-20,5.880000114440918,6.059999942779541,5.880000114440918,6.059999942779541,1121
2022-12-21,6.059999942779541,6.059999942779541,5.940000057220459,6.039999961853027,1530
2022-12-22,6.039999961853027,6.059999942779541,6.019999980926514,6.059999942779541,2020
2022-12-23,6.059999942779541,6.059999942779541,5.920000076293945,6.059999942779541,385
2022-12-27,6.039999961853027,6.059999942779541,5.980000019073486,5.980000019073486,800
2022-12-28,6.0,6.0,5.78000020980835,6.0,1865
2022-12-29,5.980000019073486,5.980000019073486,5.760000228881836,5.940000057220459,230
2022-12-30,5.900000095367432,5.900000095367432,5.900000095367432,5.900000095367432,17
2023-01-02,5.900000095367432,6.139999866485596,5.900000095367432,6.139999866485596,105
2023-01-03,5.800000190734863,6.5,5.800000190734863,6.5,3333
2023-01-04,6.5,6.5,6.039999961853027,6.059999942779541,2585
2023-01-05,6.059999942779541,6.21999979019165,6.039999961853027,6.059999942779541,730
2023-01-09,6.199999809265137,6.320000171661377,6.199999809265137,6.199999809265137,2265
2023-01-10,6.28000020980835,6.28000020980835,6.139999866485596,6.21999979019165,115
2023-01-11,6.28000020980835,6.28000020980835,6.139999866485596,6.139999866485596,245
2023-01-12,6.28000020980835,6.28000020980835,6.28000020980835,6.28000020980835,50
2023-01-13,6.199999809265137,6.480000019073486,6.199999809265137,6.480000019073486,1431
2023-01-16,6.480000019073486,6.480000019073486,6.480000019073486,6.480000019073486,30
2023-01-17,6.300000190734863,6.480000019073486,6.28000020980835,6.480000019073486,1391
2023-01-18,6.440000057220459,6.440000057220459,6.119999885559082,6.119999885559082,1391
2023-01-19,6.099999904632568,6.239999771118164,6.099999904632568,6.239999771118164,2001
2023-01-20,6.0,6.119999885559082,6.0,6.119999885559082,115
2023-01-23,6.119999885559082,6.199999809265137,5.940000057220459,5.940000057220459,1074
2023-01-24,5.920000076293945,6.0,5.920000076293945,6.0,268
2023-01-25,6.0,6.0,5.760000228881836,5.960000038146973,1581
2023-01-26,5.880000114440918,5.880000114440918,5.880000114440918,5.880000114440918,70
2023-01-27,5.880000114440918,5.880000114440918,5.78000020980835,5.880000114440918,364
2023-01-30,5.960000038146973,6.0,5.820000171661377,5.820000171661377,2378
2023-01-31,5.860000133514404,5.940000057220459,5.800000190734863,5.940000057220459,2370
2023-02-01,5.820000171661377,6.0,5.820000171661377,5.820000171661377,2076
2023-02-02,5.820000171661377,5.920000076293945,5.820000171661377,5.920000076293945,320
2023-02-03,5.960000038146973,5.960000038146973,5.960000038146973,5.960000038146973,5000
2023-02-06,6.0,6.0,5.800000190734863,5.980000019073486,2532
2023-02-07,5.900000095367432,5.900000095367432,5.699999809265137,5.800000190734863,960
2023-02-08,5.800000190734863,5.800000190734863,5.800000190734863,5.800000190734863,175
2023-02-09,5.860000133514404,5.860000133514404,5.679999828338623,5.840000152587891,701
2023-02-10,5.679999828338623,5.800000190734863,5.679999828338623,5.800000190734863,380
2023-02-13,5.860000133514404,5.860000133514404,5.860000133514404,5.860000133514404,85
2023-02-14,5.800000190734863,5.800000190734863,5.800000190734863,5.800000190734863,95
2023-02-15,5.800000190734863,5.800000190734863,5.78000020980835,5.78000020980835,220
2023-02-16,5.800000190734863,5.800000190734863,5.699999809265137,5.699999809265137,280
2023-02-17,5.78000020980835,5.820000171661377,5.78000020980835,5.820000171661377,885
2023-02-20,5.840000152587891,5.900000095367432,5.71999979019165,5.880000114440918,3059
2023-02-21,5.860000133514404,5.860000133514404,5.860000133514404,5.860000133514404,88
2023-02-22,5.880000114440918,5.880000114440918,5.71999979019165,5.800000190734863,296
2023-02-23,5.800000190734863,5.800000190734863,5.800000190734863,5.800000190734863,115
2023-02-24,5.739999771118164,5.739999771118164,5.739999771118164,5.739999771118164,10
2023-02-27,5.900000095367432,5.900000095367432,5.900000095367432,5.900000095367432,20
2023-02-28,5.900000095367432,5.900000095367432,5.5,5.679999828338623,6652
2023-03-01,5.619999885559082,5.739999771118164,5.599999904632568,5.739999771118164,500
2023-03-02,5.760000228881836,5.760000228881836,5.760000228881836,5.760000228881836,80
2023-03-03,5.760000228881836,5.760000228881836,5.599999904632568,5.599999904632568,239
2023-03-06,5.760000228881836,5.760000228881836,5.760000228881836,5.760000228881836,40
2023-03-07,5.760000228881836,5.760000228881836,5.760000228881836,5.760000228881836,70
2023-03-08,5.760000228881836,5.760000228881836,5.760000228881836,5.760000228881836,95
2023-03-09,5.699999809265137,5.699999809265137,5.699999809265137,5.699999809265137,370
2023-03-10,5.760000228881836,5.760000228881836,5.739999771118164,5.739999771118164,387
2023-03-13,5.760000228881836,5.760000228881836,5.760000228881836,5.760000228881836,60
2023-03-14,5.760000228881836,5.760000228881836,5.599999904632568,5.599999904632568,120
2023-03-15,5.599999904632568,5.599999904632568,5.599999904632568,5.599999904632568,60
2023-03-16,5.599999904632568,5.699999809265137,5.539999961853027,5.539999961853027,815
2023-03-17,5.539999961853027,5.539999961853027,5.539999961853027,5.539999961853027,0
2023-03-20,5.579999923706055,5.579999923706055,5.400000095367432,5.400000095367432,2326
2023-03-21,5.5,5.559999942779541,5.5,5.559999942779541,1525
2023-03-22,5.519999980926514,5.519999980926514,5.380000114440918,5.519999980926514,1727
2023-03-23,5.519999980926514,5.559999942779541,5.519999980926514,5.559999942779541,536
2023-03-24,5.5,5.5,5.5,5.5,2000
2023-03-27,5.579999923706055,5.599999904632568,5.460000038146973,5.599999904632568,319
2023-03-28,5.599999904632568,5.599999904632568,5.380000114440918,5.380000114440918,568
2023-03-29,5.380000114440918,5.519999980926514,5.360000133514404,5.519999980926514,1865
2023-03-30,5.320000171661377,5.320000171661377,5.199999809265137,5.199999809265137,540
2023-03-31,5.340000152587891,5.340000152587891,5.0,5.0,2704
2023-04-03,4.900000095367432,4.900000095367432,4.900000095367432,4.900000095367432,1455
2023-04-04,5.0,5.0,4.949999809265137,4.989999771118164,320
2023-04-05,5.0,5.0,5.0,5.0,60
2023-04-06,4.989999771118164,5.0,4.989999771118164,5.0,2690
2023-04-11,4.929999828338623,4.929999828338623,4.920000076293945,4.920000076293945,40
2023-04-12,4.920000076293945,4.920000076293945,4.920000076293945,4.920000076293945,50
2023-04-13,4.920000076293945,4.920000076293945,4.920000076293945,4.920000076293945,954
2023-04-14,5.019999980926514,5.139999866485596,5.019999980926514,5.119999885559082,340
2023-04-17,5.119999885559082,5.119999885559082,5.119999885559082,5.119999885559082,0
2023-04-18,5.119999885559082,5.119999885559082,5.119999885559082,5.119999885559082,0
2023-04-19,5.119999885559082,5.5,5.119999885559082,5.5,215
2023-04-20,5.5,5.5,5.5,5.5,26
2023-04-21,5.320000171661377,5.320000171661377,4.980000019073486,4.980000019073486,2332
2023-04-24,5.099999904632568,5.159999847412109,4.960000038146973,4.960000038146973,605
2023-04-25,4.960000038146973,4.960000038146973,4.960000038146973,4.960000038146973,0
2023-04-26,4.900000095367432,4.900000095367432,4.900000095367432,4.900000095367432,50
2023-04-27,5.039999961853027,5.059999942779541,5.039999961853027,5.059999942779541,125
2023-04-28,4.940000057220459,4.940000057220459,4.909999847412109,4.909999847412109,1005
2023-05-02,4.909999847412109,4.909999847412109,4.909999847412109,4.909999847412109,288
2023-05-04,4.909999847412109,5.0,4.909999847412109,4.909999847412109,79
2023-05-05,4.909999847412109,4.909999847412109,4.900000095367432,4.900000095367432,27
2023-05-08,4.900000095367432,5.0,4.900000095367432,5.0,160
2023-05-09,4.900000095367432,4.900000095367432,4.900000095367432,4.900000095367432,155
2023-05-10,4.900000095367432,4.900000095367432,4.900000095367432,4.900000095367432,105
2023-05-11,4.900000095367432,4.900000095367432,4.900000095367432,4.900000095367432,0
2023-05-12,5.0,5.099999904632568,5.0,5.099999904632568,320
2023-05-15,5.0,5.0,4.940000057220459,5.0,150
2023-05-16,5.0,5.0,4.989999771118164,5.0,319
2023-05-17,5.0,5.0,5.0,5.0,0
2023-05-18,4.989999771118164,5.079999923706055,4.989999771118164,5.079999923706055,1065
2023-05-19,5.059999942779541,5.159999847412109,5.059999942779541,5.159999847412109,1000
2023-05-22,5.159999847412109,5.159999847412109,5.159999847412109,5.159999847412109,0
2023-05-23,5.179999828338623,5.179999828338623,5.179999828338623,5.179999828338623,100
2023-05-24,5.179999828338623,5.179999828338623,5.179999828338623,5.179999828338623,50
2023-05-25,5.159999847412109,5.199999809265137,5.159999847412109,5.199999809265137,505
2023-05-26,5.199999809265137,5.199999809265137,5.199999809265137,5.199999809265137,0
2023-05-29,5.199999809265137,5.199999809265137,5.099999904632568,5.179999828338623,171
2023-05-30,5.199999809265137,5.199999809265137,5.199999809265137,5.199999809265137,50
2023-05-31,5.199999809265137,5.199999809265137,5.199999809265137,5.199999809265137,0
2023-06-01,5.199999809265137,5.199999809265137,5.159999847412109,5.179999828338623,1075
2023-06-02,5.199999809265137,5.239999771118164,5.199999809265137,5.239999771118164,265
2023-06-05,5.260000228881836,5.480000019073486,5.260000228881836,5.400000095367432,2503
2023-06-06,5.400000095367432,5.400000095367432,5.400000095367432,5.400000095367432,45
2023-06-07,5.400000095367432,5.400000095367432,5.400000095367432,5.400000095367432,0
2023-06-09,5.400000095367432,5.400000095367432,5.400000095367432,5.400000095367432,705
2023-06-12,5.5,5.5,5.5,5.5,50
2023-06-13,5.559999942779541,5.559999942779541,5.320000171661377,5.320000171661377,950
2023-06-14,5.320000171661377,5.320000171661377,5.320000171661377,5.320000171661377,0
2023-06-15,5.320000171661377,5.320000171661377,5.320000171661377,5.320000171661377,50
2023-06-16,5.21999979019165,5.380000114440918,5.159999847412109,5.380000114440918,1518
2023-06-19,5.340000152587891,5.340000152587891,5.340000152587891,5.340000152587891,10
2023-06-20,5.340000152587891,5.340000152587891,5.340000152587891,5.340000152587891,10
2023-06-21,5.340000152587891,5.340000152587891,5.340000152587891,5.340000152587891,0
2023-06-22,5.300000190734863,5.300000190734863,5.300000190734863,5.300000190734863,15
2023-06-23,5.320000171661377,5.360000133514404,5.320000171661377,5.360000133514404,30
2023-06-26,5.199999809265137,5.199999809265137,5.199999809265137,5.199999809265137,115
2023-06-27,5.320000171661377,5.320000171661377,5.320000171661377,5.320000171661377,20
2023-06-28,5.099999904632568,5.300000190734863,5.099999904632568,5.300000190734863,420
2023-06-29,5.199999809265137,5.199999809265137,5.199999809265137,5.199999809265137,50
2023-06-30,5.260000228881836,5.460000038146973,5.260000228881836,5.460000038146973,2415
2023-07-03,5.460000038146973,5.800000190734863,5.460000038146973,5.599999904632568,4723
2023-07-04,5.360000133514404,5.619999885559082,5.360000133514404,5.619999885559082,215
2023-07-05,5.619999885559082,5.619999885559082,5.619999885559082,5.619999885559082,0
2023-07-06,5.559999942779541,5.679999828338623,5.480000019073486,5.639999866485596,5129
2023-07-07,5.639999866485596,5.639999866485596,5.639999866485596,5.639999866485596,15
2023-07-10,5.639999866485596,5.639999866485596,5.400000095367432,5.400000095367432,408
2023-07-11,5.579999923706055,5.639999866485596,5.420000076293945,5.619999885559082,190
2023-07-12,5.639999866485596,5.639999866485596,5.639999866485596,5.639999866485596,40
2023-07-13,5.639999866485596,5.639999866485596,5.639999866485596,5.639999866485596,46
2023-07-14,5.639999866485596,5.639999866485596,5.639999866485596,5.639999866485596,55
2023-07-17,5.639999866485596,5.639999866485596,5.639999866485596,5.639999866485596,35
2023-07-18,5.5,5.599999904632568,5.5,5.599999904632568,260
2023-07-19,5.639999866485596,5.639999866485596,5.400000095367432,5.639999866485596,530
2023-07-20,5.639999866485596,5.940000057220459,5.599999904632568,5.940000057220459,10563
2023-07-21,5.760000228881836,6.239999771118164,5.760000228881836,6.239999771118164,6330
2023-07-24,6.239999771118164,6.300000190734863,6.21999979019165,6.28000020980835,865
2023-07-25,6.28000020980835,6.28000020980835,6.28000020980835,6.28000020980835,565
2023-07-26,6.28000020980835,6.28000020980835,6.28000020980835,6.28000020980835,195
2023-07-27,6.400000095367432,6.400000095367432,6.28000020980835,6.400000095367432,2643
2023-07-28,6.28000020980835,6.460000038146973,6.28000020980835,6.440000057220459,2734
2023-07-31,6.460000038146973,7.400000095367432,6.460000038146973,7.400000095367432,15177
2023-08-01,7.420000076293945,7.679999828338623,7.139999866485596,7.300000190734863,1995
2023-08-02,7.320000171661377,7.840000152587891,7.079999923706055,7.71999979019165,13142
2023-08-03,7.519999980926514,7.519999980926514,7.0,7.199999809265137,3060
2023-08-04,7.28000020980835,7.699999809265137,7.059999942779541,7.239999771118164,498
2023-08-07,7.199999809265137,7.260000228881836,7.199999809265137,7.260000228881836,230
2023-08-08,7.239999771118164,7.239999771118164,7.239999771118164,7.239999771118164,1325
2023-08-09,7.260000228881836,7.260000228881836,7.239999771118164,7.239999771118164,516
2023-08-10,7.139999866485596,7.260000228881836,6.980000019073486,7.099999904632568,1349
2023-08-11,7.099999904632568,7.099999904632568,6.960000038146973,7.079999923706055,806
2023-08-14,7.099999904632568,7.099999904632568,7.079999923706055,7.079999923706055,420
2023-08-16,7.099999904632568,7.099999904632568,7.059999942779541,7.079999923706055,2293
2023-08-17,7.099999904632568,7.099999904632568,6.920000076293945,6.920000076293945,690
2023-08-18,6.900000095367432,6.900000095367432,6.900000095367432,6.900000095367432,412
2023-08-21,7.079999923706055,7.119999885559082,7.079999923706055,7.119999885559082,135
2023-08-22,7.119999885559082,7.119999885559082,7.119999885559082,7.119999885559082,0
2023-08-23,7.119999885559082,7.119999885559082,7.119999885559082,7.119999885559082,0
2023-08-24,6.840000152587891,7.119999885559082,6.840000152587891,7.0,969
2023-08-25,7.0,7.039999961853027,7.0,7.039999961853027,1000
2023-08-28,7.019999980926514,7.039999961853027,6.940000057220459,7.039999961853027,427
2023-08-29,7.039999961853027,7.039999961853027,6.820000171661377,7.0,418
2023-08-30,6.820000171661377,6.960000038146973,6.78000020980835,6.960000038146973,1001
2023-08-31,6.960000038146973,6.960000038146973,6.960000038146973,6.960000038146973,0
2023-09-01,7.039999961853027,7.039999961853027,7.039999961853027,7.039999961853027,10
2023-09-04,7.039999961853027,7.039999961853027,7.039999961853027,7.039999961853027,10
2023-09-05,7.039999961853027,7.039999961853027,7.039999961853027,7.039999961853027,40
2023-09-06,7.039999961853027,7.039999961853027,7.039999961853027,7.039999961853027,40
2023-09-07,7.0,7.039999961853027,7.0,7.039999961853027,100
2023-09-08,7.039999961853027,7.039999961853027,7.039999961853027,7.039999961853027,0
2023-09-11,7.039999961853027,7.039999961853027,7.039999961853027,7.039999961853027,85
2023-09-12,7.019999980926514,7.039999961853027,7.0,7.0,900
2023-09-13,7.039999961853027,7.039999961853027,7.019999980926514,7.039999961853027,560
2023-09-14,7.039999961853027,7.039999961853027,7.019999980926514,7.019999980926514,144
2023-09-15,6.980000019073486,7.039999961853027,6.960000038146973,7.039999961853027,260
2023-09-18,7.039999961853027,7.039999961853027,7.039999961853027,7.039999961853027,100
2023-09-19,6.980000019073486,6.980000019073486,6.960000038146973,6.960000038146973,150
2023-09-20,7.019999980926514,7.239999771118164,6.960000038146973,7.239999771118164,2957
2023-09-21,7.239999771118164,7.239999771118164,7.139999866485596,7.199999809265137,811
2023-09-22,7.199999809265137,7.239999771118164,7.199999809265137,7.239999771118164,705
2023-09-25,7.239999771118164,7.260000228881836,7.099999904632568,7.21999979019165,1521
2023-09-26,7.21999979019165,7.260000228881836,7.139999866485596,7.260000228881836,3905
2023-09-27,7.380000114440918,7.440000057220459,7.380000114440918,7.440000057220459,82
2023-09-28,7.300000190734863,7.300000190734863,7.300000190734863,7.300000190734863,730
2023-09-29,7.400000095367432,7.400000095367432,7.380000114440918,7.380000114440918,30
2023-10-02,7.360000133514404,7.380000114440918,7.360000133514404,7.380000114440918,300
2023-10-03,7.360000133514404,7.360000133514404,7.260000228881836,7.260000228881836,582
2023-10-04,7.360000133514404,7.380000114440918,7.340000152587891,7.380000114440918,1684
2023-10-05,7.360000133514404,7.360000133514404,7.360000133514404,7.360000133514404,35
2023-10-06,7.340000152587891,7.340000152587891,7.340000152587891,7.340000152587891,773
2023-10-09,7.28000020980835,7.28000020980835,6.980000019073486,7.0,2315
2023-10-10,6.980000019073486,7.340000152587891,6.980000019073486,7.340000152587891,210
2023-10-11,7.28000020980835,7.28000020980835,7.019999980926514,7.079999923706055,388
2023-10-12,7.099999904632568,7.199999809265137,7.079999923706055,7.199999809265137,1792
2023-10-13,7.059999942779541,7.059999942779541,7.0,7.0,2000
2023-10-16,6.960000038146973,6.960000038146973,6.940000057220459,6.940000057220459,2018
2023-10-17,7.0,7.0,6.860000133514404,6.860000133514404,1455
2023-10-18,6.940000057220459,6.940000057220459,6.800000190734863,6.920000076293945,280
2023-10-19,6.920000076293945,6.920000076293945,6.579999923706055,6.599999904632568,2946
2023-10-20,6.639999866485596,6.699999809265137,6.639999866485596,6.699999809265137,50
2023-10-23,6.519999980926514,6.639999866485596,6.5,6.639999866485596,220
2023-10-24,6.5,6.5,6.400000095367432,6.400000095367432,260
2023-10-25,6.5,6.519999980926514,6.5,6.519999980926514,60
2023-10-26,6.400000095367432,6.699999809265137,6.400000095367432,6.559999942779541,1307
2023-10-27,6.400000095367432,6.400000095367432,6.320000171661377,6.320000171661377,950
2023-10-30,6.5,6.699999809265137,6.300000190734863,6.480000019073486,3987
2023-10-31,6.480000019073486,6.599999904632568,6.480000019073486,6.599999904632568,385
2023-11-02,6.420000076293945,6.599999904632568,6.420000076293945,6.599999904632568,29
2023-11-03,6.599999904632568,6.599999904632568,6.599999904632568,6.599999904632568,35
2023-11-06,6.519999980926514,6.599999904632568,6.519999980926514,6.599999904632568,10400
2023-11-07,6.400000095367432,6.519999980926514,6.199999809265137,6.320000171661377,830
2023-11-08,6.21999979019165,6.21999979019165,6.0,6.119999885559082,1725
2023-11-09,6.119999885559082,6.119999885559082,6.119999885559082,6.119999885559082,50
2023-11-10,6.119999885559082,6.179999828338623,6.039999961853027,6.039999961853027,835
2023-11-13,6.139999866485596,6.179999828338623,6.0,6.179999828338623,1520
2023-11-14,6.0,6.0,6.0,6.0,2
2023-11-15,6.099999904632568,6.139999866485596,5.960000038146973,5.980000019073486,4835
2023-11-16,5.980000019073486,5.980000019073486,5.960000038146973,5.960000038146973,133
2023-11-17,5.960000038146973,6.099999904632568,5.960000038146973,6.099999904632568,537
2023-11-20,5.960000038146973,5.960000038146973,5.960000038146973,5.960000038146973,75
2023-11-21,6.059999942779541,6.059999942779541,5.960000038146973,5.960000038146973,35
2023-11-22,5.960000038146973,6.0,5.860000133514404,6.0,506
2023-11-23,5.920000076293945,5.940000057220459,5.920000076293945,5.940000057220459,80
2023-11-24,5.900000095367432,5.960000038146973,5.900000095367432,5.960000038146973,90
2023-11-27,5.940000057220459,5.980000019073486,5.900000095367432,5.980000019073486,1320
2023-11-28,5.900000095367432,6.0,5.900000095367432,6.0,565
2023-11-29,5.900000095367432,6.119999885559082,5.900000095367432,6.119999885559082,755
2023-11-30,6.119999885559082,6.480000019073486,6.119999885559082,6.480000019073486,6570
2023-12-01,6.480000019073486,6.539999961853027,6.300000190734863,6.5,2861
2023-12-04,6.400000095367432,6.539999961853027,6.400000095367432,6.5,3610
2023-12-05,6.539999961853027,6.539999961853027,6.480000019073486,6.5,1010
2023-12-06,6.440000057220459,6.519999980926514,6.199999809265137,6.380000114440918,4314
2023-12-07,6.380000114440918,6.380000114440918,6.260000228881836,6.260000228881836,2806
2023-12-08,6.380000114440918,6.400000095367432,6.380000114440918,6.400000095367432,475
2023-12-11,6.5,6.579999923706055,6.5,6.539999961853027,6845
2023-12-12,6.539999961853027,6.539999961853027,6.539999961853027,6.539999961853027,940
2023-12-13,6.559999942779541,6.559999942779541,6.5,6.539999961853027,711
2023-12-14,6.539999961853027,6.559999942779541,6.539999961853027,6.559999942779541,585
2023-12-15,6.559999942779541,6.559999942779541,6.360000133514404,6.480000019073486,2052
2023-12-18,6.380000114440918,6.480000019073486,6.340000152587891,6.460000038146973,1225
2023-12-19,6.440000057220459,6.440000057220459,6.380000114440918,6.380000114440918,45
2023-12-20,6.420000076293945,6.539999961853027,6.420000076293945,6.539999961853027,745
2023-12-21,6.519999980926514,6.519999980926514,6.340000152587891,6.340000152587891,900
2023-12-22,6.340000152587891,6.539999961853027,6.340000152587891,6.539999961853027,1260
2023-12-27,6.400000095367432,6.460000038146973,6.21999979019165,6.420000076293945,2555
2023-12-28,6.539999961853027,6.539999961853027,6.340000152587891,6.460000038146973,70
2023-12-29,6.539999961853027,6.539999961853027,6.519999980926514,6.519999980926514,1180
2024-01-02,6.599999904632568,6.960000038146973,6.5,6.960000038146973,4887
2024-01-03,6.840000152587891,6.860000133514404,6.760000228881836,6.860000133514404,576
2024-01-04,6.840000152587891,6.840000152587891,6.840000152587891,6.840000152587891,75
2024-01-05,6.800000190734863,6.800000190734863,6.78000020980835,6.78000020980835,281
2024-01-08,6.78000020980835,6.78000020980835,6.78000020980835,6.78000020980835,0
2024-01-09,6.78000020980835,6.78000020980835,6.78000020980835,6.78000020980835,20
2024-01-10,6.78000020980835,6.78000020980835,6.5,6.599999904632568,605
2024-01-11,6.599999904632568,6.760000228881836,6.599999904632568,6.599999904632568,700
2024-01-12,6.639999866485596,6.71999979019165,6.639999866485596,6.71999979019165,95
2024-01-15,6.659999847412109,6.880000114440918,6.559999942779541,6.559999942779541,4226
2024-01-16,6.71999979019165,6.71999979019165,6.679999828338623,6.699999809265137,50
2024-01-17,6.679999828338623,6.699999809265137,6.519999980926514,6.679999828338623,632
2024-01-18,6.679999828338623,6.679999828338623,6.659999847412109,6.659999847412109,193
2024-01-19,6.679999828338623,6.679999828338623,6.519999980926514,6.519999980926514,1030
2024-01-22,6.639999866485596,6.639999866485596,6.28000020980835,6.619999885559082,1942
2024-01-23,6.300000190734863,6.440000057220459,5.920000076293945,5.920000076293945,11096
2024-01-24,5.880000114440918,6.460000038146973,5.880000114440918,6.460000038146973,4674
2024-01-25,6.139999866485596,6.420000076293945,6.059999942779541,6.420000076293945,414
2024-01-26,6.420000076293945,6.420000076293945,6.420000076293945,6.420000076293945,50
2024-01-29,6.380000114440918,6.380000114440918,6.199999809265137,6.360000133514404,295
2024-01-30,6.179999828338623,6.300000190734863,6.079999923706055,6.300000190734863,2751
2024-01-31,6.119999885559082,6.199999809265137,6.019999980926514,6.139999866485596,2625
2024-02-01,6.139999866485596,6.139999866485596,6.139999866485596,6.139999866485596,0
2024-02-02,6.059999942779541,6.079999923706055,5.960000038146973,5.960000038146973,1509
2024-02-05,6.0,6.340000152587891,6.0,6.199999809265137,3030
2024-02-06,6.119999885559082,6.119999885559082,5.940000057220459,6.039999961853027,3371
2024-02-07,6.039999961853027,6.119999885559082,6.0,6.0,2390
2024-02-08,6.119999885559082,6.139999866485596,6.119999885559082,6.119999885559082,510
2024-02-09,6.119999885559082,6.119999885559082,5.940000057220459,5.940000057220459,989
2024-02-12,6.119999885559082,6.199999809265137,6.119999885559082,6.199999809265137,75
2024-02-13,6.159999847412109,6.300000190734863,6.0,6.239999771118164,3707
2024-02-14,5.960000038146973,6.039999961853027,5.920000076293945,6.0,1020
2024-02-15,6.0,6.0,6.0,6.0,0
2024-02-16,5.800000190734863,6.019999980926514,5.800000190734863,6.019999980926514,782
2024-02-19,6.0,6.0,6.0,6.0,201
2024-02-20,6.0,6.0,5.78000020980835,5.800000190734863,1156
2024-02-21,5.900000095367432,5.900000095367432,5.739999771118164,5.739999771118164,150
2024-02-22,5.739999771118164,5.860000133514404,5.679999828338623,5.78000020980835,2164
2024-02-23,5.679999828338623,5.679999828338623,5.460000038146973,5.460000038146973,7121
2024-02-26,5.78000020980835,5.860000133514404,5.5,5.800000190734863,2304
2024-02-27,5.800000190734863,5.820000171661377,5.800000190734863,5.820000171661377,2425
2024-02-28,5.800000190734863,5.860000133514404,5.800000190734863,5.860000133514404,975
2024-02-29,5.900000095367432,5.940000057220459,5.619999885559082,5.900000095367432,395
2024-03-01,5.880000114440918,5.900000095367432,5.619999885559082,5.699999809265137,2051
2024-03-04,5.539999961853027,5.639999866485596,5.420000076293945,5.639999866485596,2003
2024-03-05,5.599999904632568,5.639999866485596,5.599999904632568,5.639999866485596,466
2024-03-06,5.639999866485596,5.639999866485596,5.179999828338623,5.199999809265137,24108
2024-03-07,5.199999809265137,5.300000190734863,5.059999942779541,5.059999942779541,1876
2024-03-08,5.019999980926514,5.139999866485596,4.940000057220459,5.139999866485596,5552
2024-03-11,5.059999942779541,5.159999847412109,5.0,5.159999847412109,699
2024-03-12,5.139999866485596,5.559999942779541,5.139999866485596,5.360000133514404,2635
2024-03-13,5.380000114440918,5.539999961853027,5.380000114440918,5.539999961853027,1540
2024-03-14,5.5,5.619999885559082,5.480000019073486,5.5,2714
2024-03-15,5.5,5.5,5.420000076293945,5.5,1115
2024-03-18,5.480000019073486,5.480000019073486,5.0,5.059999942779541,14463
2024-03-19,4.989999771118164,5.139999866485596,4.920000076293945,5.139999866485596,3716
2024-03-20,4.929999828338623,5.179999828338623,4.900000095367432,5.179999828338623,2183
2024-03-21,4.940000057220459,5.179999828338623,4.900000095367432,5.179999828338623,2165
2024-03-22,5.179999828338623,5.440000057220459,5.179999828338623,5.28000020980835,2978
2024-03-25,5.119999885559082,5.159999847412109,5.0,5.159999847412109,2510
2024-03-26,5.159999847412109,5.21999979019165,5.159999847412109,5.21999979019165,220
2024-03-27,5.159999847412109,5.21999979019165,5.159999847412109,5.159999847412109,666
2024-03-28,5.079999923706055,5.199999809265137,5.059999942779541,5.199999809265137,275
2024-04-02,5.449999809265137,5.650000095367432,5.150000095367432,5.300000190734863,8684
2024-04-03,5.300000190734863,5.5,5.300000190734863,5.5,6833
2024-04-04,5.449999809265137,5.449999809265137,5.349999904632568,5.400000095367432,2512
2024-04-05,5.349999904632568,5.400000095367432,4.920000076293945,5.099999904632568,18527
2024-04-08,5.099999904632568,5.349999904632568,5.0,5.0,5998
2024-04-09,5.099999904632568,5.300000190734863,4.980000019073486,5.099999904632568,5261
2024-04-10,5.099999904632568,5.199999809265137,5.099999904632568,5.150000095367432,1767
2024-04-11,5.050000190734863,5.25,5.050000190734863,5.25,721
2024-04-12,5.199999809265137,5.300000190734863,5.099999904632568,5.300000190734863,1238
2024-04-15,5.25,5.5,5.099999904632568,5.5,6021
2024-04-16,5.449999809265137,5.849999904632568,5.400000095367432,5.800000190734863,7336
2024-04-17,5.699999809265137,5.75,5.599999904632568,5.75,3144
2024-04-18,5.800000190734863,5.849999904632568,5.75,5.849999904632568,2802
2024-04-19,5.849999904632568,5.849999904632568,5.699999809265137,5.699999809265137,2460
2024-04-22,5.300000190734863,5.599999904632568,5.300000190734863,5.550000190734863,3597
2024-04-23,5.5,5.800000190734863,5.5,5.699999809265137,1550
2024-04-24,5.699999809265137,5.849999904632568,5.599999904632568,5.849999904632568,3112
2024-04-25,5.75,5.900000095367432,5.75,5.900000095367432,2591
2024-04-26,5.900000095367432,5.949999809265137,5.849999904632568,5.949999809265137,3694
2024-04-29,6.099999904632568,6.099999904632568,5.900000095367432,5.900000095367432,700
2024-04-30,5.949999809265137,6.099999904632568,5.900000095367432,5.949999809265137,2815
2024-05-02,5.949999809265137,6.0,5.699999809265137,5.699999809265137,3383
2024-05-06,5.849999904632568,5.949999809265137,5.650000095367432,5.949999809265137,2912
2024-05-07,5.949999809265137,5.949999809265137,5.949999809265137,5.949999809265137,855
2024-05-08,5.949999809265137,5.949999809265137,5.949999809265137,5.949999809265137,50
2024-05-09,6.050000190734863,6.050000190734863,5.900000095367432,5.949999809265137,3577
2024-05-10,5.949999809265137,6.0,5.599999904632568,5.900000095367432,1850
2024-05-13,6.0,6.050000190734863,5.900000095367432,6.050000190734863,10375
2024-05-14,6.050000190734863,6.199999809265137,6.050000190734863,6.099999904632568,4182
2024-05-15,6.099999904632568,6.099999904632568,6.099999904632568,6.099999904632568,1559
2024-05-16,6.050000190734863,6.150000095367432,6.050000190734863,6.150000095367432,400
2024-05-17,6.050000190734863,6.050000190734863,6.050000190734863,6.050000190734863,75
2024-05-20,6.0,6.0,6.0,6.0,2938
2024-05-21,6.0,6.050000190734863,6.0,6.0,2070
2024-05-22,6.0,6.150000095367432,6.0,6.150000095367432,4816
2024-05-23,6.199999809265137,6.449999809265137,6.199999809265137,6.400000095367432,11275
2024-05-24,6.400000095367432,6.5,6.400000095367432,6.449999809265137,4340
2024-05-27,6.5,6.5,6.5,6.5,3420
2024-05-28,6.5,7.0,6.5,6.949999809265137,8420
2024-05-29,6.949999809265137,7.0,6.300000190734863,6.75,31029
2024-05-31,7.0,7.0,6.75,6.75,788
2024-06-03,6.699999809265137,6.699999809265137,6.449999809265137,6.449999809265137,2702
2024-06-04,6.550000190734863,6.800000190734863,6.099999904632568,6.150000095367432,7363
2024-06-05,6.150000095367432,6.150000095367432,5.949999809265137,6.150000095367432,5061
2024-06-06,6.050000190734863,6.599999904632568,6.050000190734863,6.599999904632568,8381
2024-06-07,6.550000190734863,6.550000190734863,6.5,6.5,1997
2024-06-10,6.699999809265137,6.949999809265137,6.699999809265137,6.900000095367432,21789
2024-06-11,6.699999809265137,6.800000190734863,6.699999809265137,6.800000190734863,1118
2024-06-12,6.650000095367432,6.650000095367432,6.0,6.550000190734863,12268
2024-06-13,6.349999904632568,6.449999809265137,6.199999809265137,6.449999809265137,574
2024-06-14,6.25,6.349999904632568,6.150000095367432,6.349999904632568,2020
2024-06-17,6.349999904632568,6.449999809265137,6.099999904632568,6.400000095367432,3682
2024-06-18,6.400000095367432,6.400000095367432,6.099999904632568,6.099999904632568,1069
2024-06-19,6.099999904632568,6.300000190734863,6.0,6.199999809265137,9245
2024-06-20,6.300000190734863,6.300000190734863,6.0,6.199999809265137,4455
2024-06-21,6.150000095367432,6.150000095367432,6.099999904632568,6.099999904632568,167
2024-06-24,6.150000095367432,6.300000190734863,5.949999809265137,6.099999904632568,2599
2024-06-25,6.400000095367432,6.599999904632568,6.199999809265137,6.449999809265137,9611
2024-06-26,6.5,6.800000190734863,6.449999809265137,6.650000095367432,9747
2024-06-27,6.650000095367432,6.800000190734863,6.550000190734863,6.550000190734863,8367
2024-06-28,6.5,6.5,6.5,6.5,150
2024-07-01,6.449999809265137,6.75,6.449999809265137,6.75,2494
2024-07-02,6.699999809265137,6.75,6.599999904632568,6.599999904632568,12093
2024-07-03,6.550000190734863,6.699999809265137,6.550000190734863,6.599999904632568,2893
2024-07-04,6.699999809265137,6.699999809265137,6.650000095367432,6.650000095367432,1487
2024-07-05,6.599999904632568,7.400000095367432,6.599999904632568,7.400000095367432,25888
2024-07-08,7.349999904632568,7.449999809265137,6.800000190734863,7.25,6121
2024-07-09,7.199999809265137,7.199999809265137,7.150000095367432,7.150000095367432,2115
2024-07-10,7.199999809265137,7.199999809265137,7.0,7.0,4885
2024-07-11,7.0,7.5,7.0,7.5,7121
2024-07-12,7.400000095367432,7.400000095367432,7.300000190734863,7.300000190734863,2176
2024-07-15,7.25,7.400000095367432,7.0,7.150000095367432,8917
2024-07-16,6.949999809265137,6.949999809265137,6.800000190734863,6.800000190734863,7065
2024-07-17,6.800000190734863,6.800000190734863,6.699999809265137,6.699999809265137,1678
2024-07-18,6.699999809265137,6.900000095367432,6.699999809265137,6.900000095367432,958
2024-07-19,6.900000095367432,6.949999809265137,6.800000190734863,6.949999809265137,1515
2024-07-22,6.949999809265137,7.150000095367432,6.949999809265137,7.099999904632568,5410
2024-07-23,7.099999904632568,7.199999809265137,7.050000190734863,7.099999904632568,2910
2024-07-24,7.150000095367432,7.150000095367432,6.949999809265137,6.949999809265137,67
2024-07-25,7.099999904632568,7.099999904632568,7.099999904632568,7.099999904632568,10
2024-07-26,6.949999809265137,7.0,6.849999904632568,6.949999809265137,1715
2024-07-29,7.0,7.0,6.599999904632568,6.650000095367432,2459
2024-07-30,6.650000095367432,7.0,6.150000095367432,6.5,15064
2024-07-31,6.5,6.5,6.400000095367432,6.400000095367432,570
2024-08-01,6.25,6.400000095367432,6.25,6.400000095367432,13841
2024-08-02,6.25,6.300000190734863,6.099999904632568,6.25,6766
2024-08-05,6.0,6.25,5.599999904632568,5.75,14490
2024-08-06,5.900000095367432,6.0,5.650000095367432,5.949999809265137,13562
2024-08-07,5.900000095367432,6.449999809265137,5.900000095367432,6.25,6280
2024-08-08,6.25,6.300000190734863,6.150000095367432,6.300000190734863,1616
2024-08-09,6.25,6.25,6.199999809265137,6.25,416
2024-08-12,6.199999809265137,6.199999809265137,5.949999809265137,5.949999809265137,4947
2024-08-13,5.949999809265137,6.199999809265137,5.949999809265137,6.0,16449
2024-08-14,6.099999904632568,6.25,6.099999904632568,6.25,2059
2024-08-16,6.400000095367432,6.400000095367432,6.099999904632568,6.349999904632568,12288
2024-08-19,5.849999904632568,6.400000095367432,5.849999904632568,6.400000095367432,21635
2024-08-20,6.400000095367432,6.699999809265137,6.199999809265137,6.650000095367432,7060
2024-08-21,6.650000095367432,6.699999809265137,6.550000190734863,6.599999904632568,13487
2024-08-22,6.599999904632568,6.699999809265137,6.5,6.5,2719
2024-08-23,6.449999809265137,7.0,6.449999809265137,6.949999809265137,5208
2024-08-26,6.900000095367432,7.199999809265137,6.75,7.0,7630
2024-08-27,6.75,6.75,6.75,6.75,125
2024-08-28,7.0,7.0,6.699999809265137,6.900000095367432,721
2024-08-29,6.849999904632568,6.849999904632568,6.849999904632568,6.849999904632568,346
2024-08-30,6.849999904632568,6.849999904632568,6.5,6.5,2910
2024-09-02,6.75,6.800000190734863,6.75,6.800000190734863,513
2024-09-03,6.75,6.75,6.699999809265137,6.75,2098
2024-09-04,6.800000190734863,6.800000190734863,6.650000095367432,6.800000190734863,1015
2024-09-05,6.650000095367432,6.699999809265137,6.5,6.699999809265137,4645
2024-09-06,6.5,6.800000190734863,6.5,6.599999904632568,2720
2024-09-09,6.599999904632568,6.849999904632568,6.599999904632568,6.800000190734863,1894
2024-09-10,6.800000190734863,6.849999904632568,6.800000190734863,6.849999904632568,409
2024-09-11,6.800000190734863,6.800000190734863,6.75,6.800000190734863,486
2024-09-12,6.800000190734863,6.800000190734863,6.800000190734863,6.800000190734863,0
2024-09-13,6.800000190734863,6.849999904632568,6.699999809265137,6.800000190734863,15359
2024-09-16,6.800000190734863,6.800000190734863,6.650000095367432,6.800000190734863,3350
2024-09-17,6.699999809265137,6.699999809265137,6.550000190734863,6.699999809265137,1550
2024-09-18,6.75,6.75,6.650000095367432,6.75,1977
2024-09-19,6.599999904632568,6.75,6.5,6.650000095367432,5323
2024-09-20,6.550000190734863,6.650000095367432,6.300000190734863,6.300000190734863,4800
2024-09-23,6.300000190734863,6.400000095367432,6.199999809265137,6.400000095367432,4266
2024-09-24,6.400000095367432,6.75,6.400000095367432,6.650000095367432,6270
2024-09-25,6.75,7.0,6.75,6.800000190734863,6887
2024-09-26,6.900000095367432,6.900000095367432,6.800000190734863,6.900000095367432,1790
2024-09-27,6.900000095367432,7.0,6.900000095367432,6.900000095367432,3764
2024-09-30,6.800000190734863,6.800000190734863,6.400000095367432,6.699999809265137,5656
2024-10-01,6.650000095367432,6.650000095367432,6.650000095367432,6.650000095367432,18
2024-10-02,6.650000095367432,6.650000095367432,6.349999904632568,6.349999904632568,600
2024-10-03,6.550000190734863,6.550000190734863,6.550000190734863,6.550000190734863,1830
2024-10-04,6.550000190734863,6.650000095367432,6.449999809265137,6.650000095367432,4692
2024-10-07,6.650000095367432,6.75,6.349999904632568,6.349999904632568,4769
2024-10-08,6.300000190734863,6.5,6.300000190734863,6.5,1085
2024-10-09,6.5,6.5,6.449999809265137,6.449999809265137,18
2024-10-10,6.300000190734863,6.550000190734863,6.300000190734863,6.550000190734863,1095
2024-10-11,6.449999809265137,6.550000190734863,6.400000095367432,6.550000190734863,1514
2024-10-14,6.550000190734863,6.650000095367432,6.25,6.400000095367432,16014
2024-10-15,6.300000190734863,6.400000095367432,6.25,6.25,10723
2024-10-16,6.300000190734863,6.349999904632568,6.300000190734863,6.300000190734863,1881
2024-10-17,6.25,6.400000095367432,6.25,6.400000095367432,564
2024-10-18,6.400000095367432,6.599999904632568,6.199999809265137,6.449999809265137,13638
2024-10-21,6.449999809265137,6.599999904632568,6.449999809265137,6.599999904632568,2315
2024-10-22,6.599999904632568,6.650000095367432,6.599999904632568,6.650000095367432,7831
2024-10-23,6.5,6.5,6.400000095367432,6.400000095367432,1550
2024-10-24,6.400000095367432,6.650000095367432,6.25,6.5,4536
2024-10-25,6.5,6.5,6.5,6.5,0
2024-10-28,6.349999904632568,6.449999809265137,6.300000190734863,6.300000190734863,2141
2024-10-29,6.400000095367432,6.599999904632568,6.400000095367432,6.5,13358
2024-10-30,6.400000095367432,6.5,6.400000095367432,6.449999809265137,2552
2024-10-31,6.400000095367432,6.400000095367432,6.300000190734863,6.300000190734863,5381
2024-11-04,6.349999904632568,6.449999809265137,6.349999904632568,6.349999904632568,160
2024-11-05,6.349999904632568,6.449999809265137,6.349999904632568,6.349999904632568,299
2024-11-06,6.300000190734863,6.349999904632568,6.300000190734863,6.300000190734863,685
2024-11-07,6.300000190734863,6.449999809265137,6.300000190734863,6.349999904632568,1036
2024-11-08,6.349999904632568,6.349999904632568,6.199999809265137,6.25,3025
2024-11-12,6.25,6.25,6.199999809265137,6.199999809265137,1443
2024-11-13,6.199999809265137,6.449999809265137,6.199999809265137,6.349999904632568,2083
2024-11-14,6.199999809265137,6.199999809265137,6.199999809265137,6.199999809265137,3135
2024-11-15,6.199999809265137,6.199999809265137,6.199999809265137,6.199999809265137,10734
2024-11-18,6.199999809265137,6.199999809265137,6.199999809265137,6.199999809265137,145
2024-11-19,6.199999809265137,6.300000190734863,6.050000190734863,6.099999904632568,5235
2024-11-20,6.150000095367432,6.300000190734863,6.150000095367432,6.25,80
2024-11-21,6.099999904632568,6.25,6.099999904632568,6.150000095367432,618
2024-11-22,6.150000095367432,6.300000190734863,6.099999904632568,6.199999809265137,4095
2024-11-25,6.25,6.599999904632568,6.25,6.599999904632568,4925
2024-11-26,6.400000095367432,6.5,6.349999904632568,6.5,3791
2024-11-27,6.5,6.599999904632568,6.449999809265137,6.599999904632568,2631
2024-11-28,6.599999904632568,6.599999904632568,6.449999809265137,6.449999809265137,814
2024-11-29,6.550000190734863,6.800000190734863,6.550000190734863,6.800000190734863,13890
2024-12-02,6.800000190734863,6.900000095367432,6.550000190734863,6.650000095367432,8435
2024-12-03,6.599999904632568,6.699999809265137,6.550000190734863,6.550000190734863,2895
2024-12-04,6.550000190734863,6.699999809265137,6.400000095367432,6.400000095367432,1926
2024-12-05,6.400000095367432,6.550000190734863,6.400000095367432,6.400000095367432,158
2024-12-06,6.400000095367432,6.400000095367432,6.199999809265137,6.300000190734863,5792
2024-12-09,6.449999809265137,6.449999809265137,6.449999809265137,6.449999809265137,174
2024-12-10,6.300000190734863,6.349999904632568,6.300000190734863,6.349999904632568,330
2024-12-11,6.349999904632568,6.349999904632568,6.199999809265137,6.300000190734863,2128
2024-12-12,6.25,6.300000190734863,6.199999809265137,6.199999809265137,2375
2024-12-13,6.199999809265137,6.550000190734863,6.199999809265137,6.550000190734863,739
2024-12-16,6.550000190734863,6.800000190734863,6.5,6.800000190734863,13722
2024-12-17,6.650000095367432,6.800000190734863,6.5,6.5,2636
2024-12-18,6.5,6.699999809265137,6.5,6.650000095367432,4373
2024-12-19,6.599999904632568,6.599999904632568,6.449999809265137,6.449999809265137,2032
2024-12-20,6.5,6.599999904632568,6.400000095367432,6.5,1937
2024-12-23,6.650000095367432,6.699999809265137,6.449999809265137,6.550000190734863,2774
2024-12-27,6.699999809265137,7.150000095367432,6.5,7.0,6721
2024-12-30,6.949999809265137,7.0,6.849999904632568,6.949999809265137,3476
2025-01-02,6.800000190734863,7.449999809265137,6.5,7.050000190734863,7643
2025-01-03,7.050000190734863,7.050000190734863,6.900000095367432,7.0,66
2025-01-07,7.0,7.050000190734863,6.800000190734863,7.0,4624
2025-01-08,7.0,7.0,6.800000190734863,6.800000190734863,345
2025-01-09,6.75,6.900000095367432,6.75,6.900000095367432,95
2025-01-10,6.849999904632568,7.099999904632568,6.800000190734863,6.800000190734863,6373
2025-01-13,6.699999809265137,7.099999904632568,6.699999809265137,6.849999904632568,1346
2025-01-14,6.849999904632568,7.0,6.849999904632568,7.0,98
2025-01-15,7.0,7.0,6.949999809265137,7.0,545
2025-01-16,7.0,7.300000190734863,7.0,7.199999809265137,17582
2025-01-17,7.199999809265137,9.300000190734863,7.199999809265137,9.149999618530273,61219
2025-01-20,9.0,9.899999618530273,8.75,9.199999809265137,29492
2025-01-21,9.199999809265137,9.550000190734863,8.600000381469727,9.25,16040
2025-01-22,9.25,9.449999809265137,9.0,9.0,13568
2025-01-23,9.0,9.100000381469727,8.75,8.850000381469727,3759
2025-01-24,8.949999809265137,9.350000381469727,8.949999809265137,9.350000381469727,3231
2025-01-27,9.350000381469727,9.350000381469727,8.699999809265137,8.899999618530273,7958
2025-01-28,9.050000190734863,9.199999809265137,8.899999618530273,9.100000381469727,2855
2025-01-29,9.300000190734863,9.300000190734863,8.75,8.899999618530273,3779
2025-01-30,8.800000190734863,8.850000381469727,8.600000381469727,8.600000381469727,2509
2025-01-31,8.75,9.199999809265137,8.75,9.149999618530273,1399
2025-02-03,9.199999809265137,9.199999809265137,8.800000190734863,8.800000190734863,2037
2025-02-04,8.949999809265137,9.050000190734863,8.649999618530273,8.75,2406
2025-02-05,8.899999618530273,8.949999809265137,8.699999809265137,8.949999809265137,2096
2025-02-06,8.949999809265137,9.350000381469727,8.75,9.100000381469727,14034
2025-02-07,9.100000381469727,9.100000381469727,8.699999809265137,8.899999618530273,3322
2025-02-10,8.899999618530273,8.949999809265137,8.5,8.699999809265137,11959
2025-02-11,8.649999618530273,8.699999809265137,8.199999809265137,8.5,17406
2025-02-12,8.5,8.5,7.849999904632568,8.0,14460
2025-02-13,8.100000381469727,8.850000381469727,8.100000381469727,8.75,10785
2025-02-14,8.699999809265137,8.699999809265137,8.25,8.600000381469727,7518
2025-02-17,8.550000190734863,8.550000190734863,8.25,8.449999809265137,9980
2025-02-18,8.5,8.550000190734863,8.25,8.350000381469727,8895
2025-02-19,8.350000381469727,8.350000381469727,7.949999809265137,8.25,5837
2025-02-20,8.25,8.25,8.0,8.149999618530273,3315
2025-02-21,8.0,8.100000381469727,8.0,8.100000381469727,1264
2025-02-24,7.949999809265137,8.399999618530273,7.900000095367432,8.149999618530273,4996
2025-02-25,8.050000190734863,8.199999809265137,7.949999809265137,8.0,1935
2025-02-26,8.050000190734863,8.449999809265137,8.0,8.350000381469727,7801
2025-02-27,8.350000381469727,8.5,8.25,8.449999809265137,1739
2025-02-28,8.25,8.399999618530273,8.149999618530273,8.399999618530273,1451
2025-03-03,8.399999618530273,8.399999618530273,8.100000381469727,8.399999618530273,1430
2025-03-04,8.199999809265137,8.199999809265137,7.900000095367432,8.050000190734863,5522
2025-03-05,8.100000381469727,8.100000381469727,7.849999904632568,8.100000381469727,2330
2025-03-06,8.100000381469727,8.100000381469727,7.900000095367432,8.050000190734863,2246
2025-03-07,8.050000190734863,8.199999809265137,8.050000190734863,8.199999809265137,273
2025-03-10,8.199999809265137,8.449999809265137,7.900000095367432,7.900000095367432,3107
2025-03-11,8.0,8.0,7.75,7.849999904632568,2490
2025-03-12,7.699999809265137,8.050000190734863,7.550000190734863,7.949999809265137,4080
2025-03-13,7.900000095367432,8.399999618530273,7.75,8.300000190734863,4808
2025-03-14,8.300000190734863,8.300000190734863,8.050000190734863,8.199999809265137,599
2025-03-17,8.199999809265137,8.199999809265137,8.0,8.149999618530273,2129
2025-03-18,8.149999618530273,8.199999809265137,7.800000190734863,8.0,5314
2025-03-19,8.0,8.25,7.949999809265137,8.25,1162
2025-03-20,8.25,8.699999809265137,8.25,8.5,10303
2025-03-21,8.649999618530273,8.899999618530273,8.649999618530273,8.850000381469727,4141
2025-03-24,8.850000381469727,9.300000190734863,8.850000381469727,9.25,9354
2025-03-25,9.100000381469727,9.25,8.850000381469727,9.100000381469727,3252
2025-03-26,8.850000381469727,8.850000381469727,8.600000381469727,8.850000381469727,3326
2025-03-27,8.949999809265137,9.25,8.800000190734863,9.199999809265137,2134
2025-03-28,9.199999809265137,9.199999809265137,8.699999809265137,9.199999809265137,6003
2025-03-31,8.699999809265137,8.699999809265137,7.800000190734863,7.949999809265137,33911
2025-04-01,8.239999771118164,8.399999618530273,7.739999771118164,7.860000133514404,8255
2025-04-02,7.820000171661377,7.880000114440918,7.260000228881836,7.679999828338623,7084
2025-04-03,7.679999828338623,7.679999828338623,7.199999809265137,7.28000020980835,5113
2025-04-04,7.199999809265137,7.480000019073486,6.800000190734863,7.0,7151
2025-04-07,6.920000076293945,7.400000095367432,6.71999979019165,7.400000095367432,6594
2025-04-08,7.28000020980835,7.300000190734863,7.139999866485596,7.28000020980835,3090
2025-04-09,7.28000020980835,7.400000095367432,7.099999904632568,7.099999904632568,5400
2025-04-10,7.320000171661377,7.480000019073486,7.300000190734863,7.480000019073486,3424
2025-04-11,7.480000019073486,7.559999942779541,7.300000190734863,7.460000038146973,2073
2025-04-14,7.5,7.699999809265137,7.400000095367432,7.400000095367432,2819
2025-04-15,7.599999904632568,7.599999904632568,7.400000095367432,7.5,2166
2025-04-16,7.5,7.5,7.360000133514404,7.360000133514404,926
2025-04-17,7.440000057220459,7.5,7.260000228881836,7.5,2371
2025-04-22,7.5,7.539999961853027,7.480000019073486,7.480000019073486,854
2025-04-23,7.420000076293945,7.5,7.320000171661377,7.400000095367432,2736
2025-04-24,7.480000019073486,7.480000019073486,7.21999979019165,7.21999979019165,435
2025-04-25,7.21999979019165,7.420000076293945,7.139999866485596,7.139999866485596,1186
2025-04-28,7.679999828338623,8.100000381469727,7.440000057220459,7.599999904632568,41639
2025-04-29,7.880000114440918,7.980000019073486,7.400000095367432,7.440000057220459,7552
2025-04-30,7.440000057220459,7.5,7.119999885559082,7.460000038146973,8181
2025-05-02,7.460000038146973,7.460000038146973,7.320000171661377,7.420000076293945,1867
2025-05-05,7.420000076293945,7.619999885559082,7.320000171661377,7.599999904632568,3229
2025-05-06,7.460000038146973,7.539999961853027,7.320000171661377,7.539999961853027,3730
2025-05-07,7.340000152587891,7.900000095367432,7.340000152587891,7.820000171661377,8810
2025-05-08,8.5,8.5,7.900000095367432,7.960000038146973,53141
2025-05-09,8.0,8.380000114440918,7.960000038146973,8.199999809265137,26407
2025-05-12,8.140000343322754,8.399999618530273,8.079999923706055,8.239999771118164,11754
2025-05-13,8.239999771118164,8.359999656677246,8.140000343322754,8.199999809265137,4815
2025-05-14,8.199999809265137,8.199999809265137,7.960000038146973,8.020000457763672,6641
2025-05-15,8.020000457763672,8.079999923706055,7.880000114440918,7.960000038146973,3879
2025-05-16,8.039999961853027,8.0600004196167,7.940000057220459,8.039999961853027,450
2025-05-19,7.940000057220459,8.0,7.880000114440918,8.0,9678
2025-05-20,7.900000095367432,8.0,7.900000095367432,7.980000019073486,2694
2025-05-21,7.920000076293945,7.960000038146973,7.519999980926514,7.699999809265137,8574
2025-05-22,7.739999771118164,7.78000020980835,7.539999961853027,7.699999809265137,1421
2025-05-23,7.579999923706055,7.659999847412109,7.519999980926514,7.659999847412109,423
2025-05-26,7.800000190734863,7.840000152587891,7.559999942779541,7.840000152587891,9179
2025-05-27,7.900000095367432,8.0,7.800000190734863,8.0,2330
2025-05-28,7.940000057220459,7.980000019073486,7.860000133514404,7.900000095367432,1756
2025-05-29,8.0,8.0,7.539999961853027,7.539999961853027,3127
2025-05-30,8.020000457763672,8.039999961853027,7.599999904632568,7.980000019073486,13699
2025-06-02,7.980000019073486,7.980000019073486,7.619999885559082,7.940000057220459,2517
2025-06-03,7.980000019073486,7.980000019073486,7.699999809265137,7.699999809265137,3256
2025-06-04,7.800000190734863,7.800000190734863,7.659999847412109,7.800000190734863,2422
2025-06-05,7.78000020980835,7.800000190734863,7.619999885559082,7.659999847412109,4913
2025-06-06,7.659999847412109,7.78000020980835,7.659999847412109,7.78000020980835,1302
2025-06-09,7.400000095367432,7.539999961853027,7.340000152587891,7.5,19841
2025-06-10,7.460000038146973,7.679999828338623,7.420000076293945,7.420000076293945,7633
2025-06-11,7.440000057220459,7.659999847412109,7.440000057220459,7.619999885559082,1745
2025-06-12,7.519999980926514,7.800000190734863,7.5,7.800000190734863,2702
2025-06-13,7.78000020980835,7.860000133514404,7.599999904632568,7.599999904632568,2416
2025-06-16,7.840000152587891,7.840000152587891,7.599999904632568,7.619999885559082,9963
2025-06-17,7.699999809265137,7.699999809265137,7.340000152587891,7.659999847412109,12745
2025-06-18,7.599999904632568,7.599999904632568,7.5,7.5,730
2025-06-20,7.5,7.5,7.400000095367432,7.400000095367432,1649
2025-06-23,7.400000095367432,7.440000057220459,7.400000095367432,7.400000095367432,1365
2025-06-24,7.420000076293945,7.599999904632568,7.420000076293945,7.559999942779541,1077
2025-06-25,7.5,7.5,7.400000095367432,7.400000095367432,2975
2025-06-26,7.480000019073486,7.699999809265137,7.400000095367432,7.699999809265137,1855
2025-06-27,7.679999828338623,7.699999809265137,7.659999847412109,7.699999809265137,606
2025-06-30,7.659999847412109,7.679999828338623,7.340000152587891,7.599999904632568,4784
2025-07-01,7.71999979019165,7.840000152587891,7.440000057220459,7.460000038146973,4402
2025-07-02,7.619999885559082,8.079999923706055,7.599999904632568,7.880000114440918,25379
2025-07-03,7.900000095367432,8.079999923706055,7.880000114440918,7.900000095367432,2225
2025-07-04,7.880000114440918,7.960000038146973,7.519999980926514,7.940000057220459,4192
2025-07-07,7.940000057220459,7.940000057220459,7.579999923706055,7.760000228881836,5490
2025-07-08,7.760000228881836,7.940000057220459,7.659999847412109,7.920000076293945,1705
2025-07-09,7.920000076293945,8.239999771118164,7.920000076293945,8.220000267028809,18912
2025-07-10,8.220000267028809,8.260000228881836,8.100000381469727,8.199999809265137,8442
2025-07-11,8.119999885559082,8.180000305175781,8.0600004196167,8.180000305175781,3629
2025-07-14,8.140000343322754,8.140000343322754,7.960000038146973,8.020000457763672,14515
2025-07-15,8.0600004196167,8.15999984741211,8.020000457763672,8.119999885559082,8930
2025-07-16,8.020000457763672,8.100000381469727,8.0,8.079999923706055,3822
2025-07-17,8.100000381469727,8.380000114440918,8.020000457763672,8.380000114440918,10219
2025-07-18,8.359999656677246,8.359999656677246,8.100000381469727,8.300000190734863,2432
2025-07-21,8.300000190734863,8.4399995803833,8.239999771118164,8.380000114440918,3622
2025-07-22,8.380000114440918,8.479999542236328,8.380000114440918,8.460000038146973,4452
2025-07-23,8.479999542236328,8.920000076293945,8.479999542236328,8.800000190734863,19153
2025-07-24,8.899999618530273,8.960000038146973,8.65999984741211,8.84000015258789,3539
2025-07-25,8.84000015258789,9.180000305175781,8.84000015258789,9.0,14421
2025-07-28,9.039999961853027,9.039999961853027,8.859999656677246,8.859999656677246,5539
2025-07-29,8.979999542236328,8.979999542236328,8.899999618530273,8.960000038146973,376
2025-07-30,8.779999732971191,8.859999656677246,8.399999618530273,8.859999656677246,4161
2025-07-31,8.5,8.779999732971191,8.420000076293945,8.420000076293945,4552
2025-08-01,8.420000076293945,8.779999732971191,8.180000305175781,8.5600004196167,8907
2025-08-04,8.65999984741211,8.65999984741211,8.539999961853027,8.539999961853027,140
2025-08-05,8.539999961853027,8.539999961853027,8.319999694824219,8.34000015258789,1733
2025-08-06,8.300000190734863,8.539999961853027,8.300000190734863,8.539999961853027,3734
2025-08-07,8.579999923706055,8.779999732971191,8.380000114440918,8.600000381469727,2350
2025-08-08,8.600000381469727,8.600000381469727,8.359999656677246,8.539999961853027,4965
2025-08-11,8.520000457763672,8.579999923706055,8.420000076293945,8.420000076293945,1782
2025-08-12,8.5600004196167,8.5600004196167,8.5600004196167,8.5600004196167,31
2025-08-13,8.539999961853027,8.539999961853027,8.420000076293945,8.420000076293945,150
2025-08-14,8.420000076293945,8.479999542236328,8.239999771118164,8.479999542236328,919
2025-08-18,8.199999809265137,8.380000114440918,8.180000305175781,8.359999656677246,4212
2025-08-19,8.359999656677246,8.460000038146973,8.359999656677246,8.420000076293945,762
2025-08-20,8.359999656677246,8.420000076293945,8.0,8.34000015258789,4141
2025-08-21,8.260000228881836,8.319999694824219,8.100000381469727,8.319999694824219,902
2025-08-22,8.239999771118164,8.239999771118164,7.960000038146973,8.0,6319
2025-08-25,7.940000057220459,8.100000381469727,7.739999771118164,8.100000381469727,6497
2025-08-26,8.119999885559082,8.119999885559082,8.0,8.119999885559082,582
2025-08-27,8.0,8.140000343322754,7.900000095367432,7.900000095367432,1185
2025-08-28,7.840000152587891,8.0600004196167,7.800000190734863,8.020000457763672,818
2025-08-29,7.900000095367432,8.0,7.739999771118164,8.0,5838
2025-09-01,8.0,8.140000343322754,7.800000190734863,7.900000095367432,7573
2025-09-02,7.900000095367432,7.980000019073486,7.900000095367432,7.980000019073486,2498
2025-09-03,7.980000019073486,8.079999923706055,7.960000038146973,8.079999923706055,3717
2025-09-04,8.0600004196167,8.180000305175781,7.900000095367432,8.119999885559082,2649
2025-09-05,8.020000457763672,8.020000457763672,7.980000019073486,7.980000019073486,935
2025-09-08,8.0,8.0,7.920000076293945,8.0,2974
2025-09-09,8.0,8.15999984741211,8.0,8.119999885559082,7775
2025-09-10,7.980000019073486,8.079999923706055,7.840000152587891,8.0600004196167,6614
2025-09-11,7.980000019073486,8.100000381469727,7.900000095367432,8.100000381469727,1819
2025-09-12,8.079999923706055,8.100000381469727,8.0,8.100000381469727,1507
2025-09-15,8.279999732971191,8.300000190734863,7.980000019073486,7.980000019073486,4038
2025-09-16,7.980000019073486,8.0600004196167,7.940000057220459,8.020000457763672,385
2025-09-17,7.980000019073486,8.279999732971191,7.900000095367432,7.900000095367432,5859
2025-09-18,8.0600004196167,8.140000343322754,8.020000457763672,8.140000343322754,712
2025-09-19,8.020000457763672,8.140000343322754,8.020000457763672,8.119999885559082,570
2025-09-22,8.100000381469727,8.199999809265137,7.920000076293945,8.100000381469727,2156
2025-09-23,7.940000057220459,8.079999923706055,7.920000076293945,8.020000457763672,3511
2025-09-24,8.020000457763672,8.239999771118164,8.0,8.180000305175781,15841
2025-09-25,8.15999984741211,8.380000114440918,8.0600004196167,8.279999732971191,13109
2025-09-26,7.880000114440918,7.880000114440918,7.360000133514404,7.599999904632568,42320
2025-09-29,7.599999904632568,7.599999904632568,7.159999847412109,7.320000171661377,15660
2025-09-30,7.199999809265137,7.480000019073486,7.199999809265137,7.480000019073486,6591
2025-10-01,7.480000019073486,7.519999980926514,7.199999809265137,7.300000190734863,9139
2025-10-02,7.199999809265137,7.380000114440918,7.159999847412109,7.360000133514404,2882
2025-10-03,7.360000133514404,7.360000133514404,7.119999885559082,7.179999828338623,9577
2025-10-06,7.079999923706055,7.099999904632568,6.840000152587891,7.099999904632568,17018
2025-10-07,6.900000095367432,7.21999979019165,6.820000171661377,7.099999904632568,7973
2025-10-08,7.019999980926514,7.179999828338623,6.940000057220459,7.079999923706055,2669
2025-10-09,7.079999923706055,7.079999923706055,6.820000171661377,6.960000038146973,10769
2025-10-10,7.0,7.179999828338623,6.940000057220459,7.179999828338623,5239
2025-10-13,7.0,7.019999980926514,6.920000076293945,6.920000076293945,5103
2025-10-14,6.980000019073486,7.079999923706055,6.900000095367432,7.059999942779541,2876
2025-10-15,6.920000076293945,7.079999923706055,6.920000076293945,7.059999942779541,953
2025-10-16,7.400000095367432,7.78000020980835,7.400000095367432,7.559999942779541,19504
2025-10-17,7.699999809265137,7.699999809265137,7.420000076293945,7.539999961853027,2327
2025-10-20,7.539999961853027,7.539999961853027,7.139999866485596,7.360000133514404,4143
2025-10-21,7.340000152587891,7.400000095367432,7.21999979019165,7.400000095367432,1443
2025-10-22,7.420000076293945,8.140000343322754,7.300000190734863,7.5,20481
2025-10-23,7.599999904632568,7.800000190734863,7.460000038146973,7.78000020980835,8014
2025-10-24,7.760000228881836,8.279999732971191,7.760000228881836,8.140000343322754,17800
2025-10-27,8.119999885559082,8.119999885559082,7.880000114440918,7.960000038146973,3510
2025-10-28,7.960000038146973,7.960000038146973,7.78000020980835,7.900000095367432,3316
2025-10-29,7.920000076293945,7.920000076293945,7.619999885559082,7.71999979019165,1740
2025-10-30,7.699999809265137,7.71999979019165,7.5,7.639999866485596,7172
2025-10-31,7.78000020980835,8.140000343322754,7.659999847412109,7.900000095367432,20630
2025-11-03,7.860000133514404,7.880000114440918,7.699999809265137,7.820000171661377,6510
2025-11-04,7.699999809265137,7.760000228881836,7.619999885559082,7.699999809265137,9115
2025-11-05,7.659999847412109,7.78000020980835,7.659999847412109,7.78000020980835,5438
2025-11-06,7.760000228881836,7.760000228881836,7.659999847412109,7.699999809265137,2622
2025-11-07,7.71999979019165,7.71999979019165,7.480000019073486,7.480000019073486,1670
2025-11-10,7.440000057220459,7.579999923706055,7.420000076293945,7.539999961853027,1123
2025-11-12,7.539999961853027,7.559999942779541,7.480000019073486,7.5,1421
2025-11-13,7.460000038146973,7.539999961853027,7.440000057220459,7.460000038146973,4955
2025-11-14,7.420000076293945,7.539999961853027,7.400000095367432,7.519999980926514,1405
2025-11-17,7.460000038146973,7.539999961853027,7.360000133514404,7.539999961853027,2550
2025-11-18,7.400000095367432,7.480000019073486,7.300000190734863,7.400000095367432,1287
2025-11-19,7.340000152587891,7.360000133514404,7.159999847412109,7.360000133514404,2326
2025-11-20,7.320000171661377,7.360000133514404,7.179999828338623,7.179999828338623,11697
2025-11-21,7.179999828338623,7.300000190734863,7.159999847412109,7.179999828338623,2084
2025-11-24,7.28000020980835,7.28000020980835,7.179999828338623,7.239999771118164,2426
2025-11-25,7.239999771118164,7.28000020980835,7.199999809265137,7.260000228881836,2054
2025-11-26,7.28000020980835,7.300000190734863,7.159999847412109,7.28000020980835,3756
2025-11-27,7.300000190734863,7.340000152587891,7.239999771118164,7.340000152587891,4748
2025-11-28,6.980000019073486,6.980000019073486,6.300000190734863,6.519999980926514,57001
2025-12-01,6.599999904632568,6.739999771118164,6.420000076293945,6.539999961853027,12510
2025-12-02,6.539999961853027,6.760000228881836,6.539999961853027,6.760000228881836,6184
2025-12-03,6.760000228881836,7.0,6.760000228881836,6.960000038146973,4665
2025-12-04,6.960000038146973,6.960000038146973,6.800000190734863,6.800000190734863,1629
2025-12-05,6.860000133514404,7.199999809265137,6.539999961853027,6.880000114440918,12950
2025-12-08,6.880000114440918,6.920000076293945,6.659999847412109,6.840000152587891,2175
2025-12-09,6.840000152587891,6.840000152587891,6.679999828338623,6.820000171661377,969
2025-12-10,6.659999847412109,6.820000171661377,6.659999847412109,6.699999809265137,2883
2025-12-11,6.699999809265137,6.760000228881836,6.599999904632568,6.699999809265137,1443
2025-12-12,6.599999904632568,6.760000228881836,6.579999923706055,6.699999809265137,2637
2025-12-15,6.699999809265137,6.739999771118164,6.519999980926514,6.639999866485596,3131
2025-12-16,6.699999809265137,7.0,6.639999866485596,6.659999847412109,14285
2025-12-17,6.679999828338623,6.800000190734863,6.599999904632568,6.739999771118164,5108
2025-12-18,6.739999771118164,6.900000095367432,6.619999885559082,6.699999809265137,1561
2025-12-19,6.860000133514404,6.880000114440918,6.619999885559082,6.800000190734863,6153
2025-12-22,6.800000190734863,6.960000038146973,6.559999942779541,6.78000020980835,10313
2025-12-23,6.78000020980835,6.78000020980835,6.539999961853027,6.579999923706055,6705
2025-12-29,6.579999923706055,6.78000020980835,6.480000019073486,6.78000020980835,6876
2025-12-30,6.519999980926514,6.739999771118164,6.519999980926514,6.679999828338623,6632
2026-01-02,6.539999961853027,7.159999847412109,6.539999961853027,6.820000171661377,3865
2026-01-05,6.820000171661377,6.980000019073486,6.659999847412109,6.960000038146973,7105
2026-01-07,6.960000038146973,7.0,6.840000152587891,6.900000095367432,9716
2026-01-08,7.0,7.0,6.900000095367432,6.920000076293945,7885
2026-01-09,6.920000076293945,6.920000076293945,6.659999847412109,6.860000133514404,8281
2026-01-12,6.880000114440918,7.0,6.800000190734863,6.900000095367432,4462
2026-01-13,6.800000190734863,6.900000095367432,6.760000228881836,6.860000133514404,2237
2026-01-14,6.800000190734863,6.860000133514404,6.760000228881836,6.820000171661377,1007
2026-01-15,6.78000020980835,6.840000152587891,6.559999942779541,6.699999809265137,5760
2026-01-16,6.699999809265137,6.699999809265137,6.5,6.579999923706055,2619
2026-01-19,6.599999904632568,6.599999904632568,6.519999980926514,6.519999980926514,2510
2026-01-20,6.579999923706055,6.599999904632568,6.539999961853027,6.559999942779541,1006
2026-01-21,6.559999942779541,6.599999904632568,6.460000038146973,6.460000038146973,5096
2026-01-22,6.5,6.579999923706055,6.360000133514404,6.400000095367432,5581
2026-01-23,6.400000095367432,6.519999980926514,6.380000114440918,6.519999980926514,4575
2026-01-26,6.420000076293945,6.420000076293945,6.400000095367432,6.400000095367432,1610
2026-01-27,6.400000095367432,6.5,6.400000095367432,6.5,1595
2026-01-28,6.5,6.5,6.21999979019165,6.320000171661377,9790
2026-01-29,6.239999771118164,6.239999771118164,6.019999980926514,6.099999904632568,11351
2026-01-30,6.139999866485596,6.139999866485596,5.900000095367432,6.099999904632568,5274
2026-02-02,6.099999904632568,6.099999904632568,6.039999961853027,6.059999942779541,1844
2026-02-03,6.079999923706055,6.199999809265137,6.039999961853027,6.199999809265137,2476
2026-02-04,6.199999809265137,6.260000228881836,6.119999885559082,6.119999885559082,2135
2026-02-05,6.159999847412109,6.159999847412109,5.980000019073486,6.039999961853027,3854
2026-02-06,6.059999942779541,6.079999923706055,6.059999942779541,6.079999923706055,1050
2026-02-09,6.119999885559082,6.119999885559082,6.0,6.019999980926514,808
2026-02-10,6.039999961853027,6.099999904632568,6.0,6.099999904632568,1394
2026-02-11,6.099999904632568,6.139999866485596,6.099999904632568,6.099999904632568,772
2026-02-12,6.099999904632568,6.119999885559082,6.0,6.039999961853027,2792
2026-02-13,6.0,6.0,5.760000228881836,5.880000114440918,10717
2026-02-16,5.800000190734863,5.800000190734863,5.420000076293945,5.539999961853027,25852
2026-02-17,5.659999847412109,5.800000190734863,5.659999847412109,5.679999828338623,3560
2026-02-18,5.760000228881836,5.880000114440918,5.699999809265137,5.880000114440918,4368
2026-02-19,5.880000114440918,6.019999980926514,5.800000190734863,5.800000190734863,2076
2026-02-20,5.800000190734863,5.880000114440918,5.71999979019165,5.880000114440918,721
2026-02-23,5.880000114440918,5.900000095367432,5.800000190734863,5.880000114440918,602
2026-02-24,5.880000114440918,5.900000095367432,5.800000190734863,5.880000114440918,3320
2026-02-25,5.880000114440918,5.880000114440918,5.800000190734863,5.800000190734863,410
2026-02-26,5.760000228881836,5.860000133514404,5.599999904632568,5.599999904632568,2553
2026-02-27,5.599999904632568,5.639999866485596,5.5,5.639999866485596,1055
2026-03-02,5.679999828338623,5.679999828338623,5.519999980926514,5.559999942779541,2060
2026-03-03,5.619999885559082,5.619999885559082,5.559999942779541,5.559999942779541,827
2026-03-04,5.579999923706055,5.619999885559082,5.5,5.599999904632568,1385
2026-03-05,5.539999961853027,5.539999961853027,5.519999980926514,5.539999961853027,2763
2026-03-06,5.599999904632568,5.599999904632568,5.300000190734863,5.320000171661377,2333
2026-03-09,5.300000190734863,5.460000038146973,5.199999809265137,5.21999979019165,4123
2026-03-10,5.28000020980835,5.360000133514404,5.21999979019165,5.320000171661377,3971
2026-03-11,5.320000171661377,5.340000152587891,5.260000228881836,5.320000171661377,245
2026-03-12,5.320000171661377,5.320000171661377,5.260000228881836,5.28000020980835,47
2026-03-13,5.28000020980835,5.340000152587891,5.21999979019165,5.340000152587891,1307
2026-03-16,5.340000152587891,5.380000114440918,5.239999771118164,5.360000133514404,1169
2026-03-17,5.239999771118164,5.340000152587891,5.239999771118164,5.340000152587891,284
2026-03-18,5.340000152587891,5.380000114440918,5.260000228881836,5.260000228881836,779
2026-03-19,5.340000152587891,5.340000152587891,5.260000228881836,5.340000152587891,801
2026-03-20,5.28000020980835,5.360000133514404,5.260000228881836,5.300000190734863,703
2026-03-23,5.260000228881836,5.28000020980835,5.119999885559082,5.28000020980835,5247
2026-03-24,5.320000171661377,5.480000019073486,5.320000171661377,5.480000019073486,2886
2026-03-25,5.420000076293945,5.5,5.420000076293945,5.480000019073486,250
2026-03-26,5.480000019073486,5.5,5.480000019073486,5.5,86
2026-03-27,5.400000095367432,5.400000095367432,5.340000152587891,5.380000114440918,982
2026-03-30,5.340000152587891,5.440000057220459,5.28000020980835,5.360000133514404,2902
2026-03-31,5.340000152587891,5.340000152587891,5.340000152587891,5.340000152587891,37
2026-04-01,5.340000152587891,5.460000038146973,5.28000020980835,5.460000038146973,875
2026-04-02,5.400000095367432,5.400000095367432,5.340000152587891,5.400000095367432,1753
2026-04-07,5.28000020980835,5.28000020980835,5.260000228881836,5.260000228881836,1350
2026-04-08,5.300000190734863,5.300000190734863,5.059999942779541,5.099999904632568,5424
2026-04-09,5.079999923706055,5.079999923706055,5.0,5.079999923706055,3150
2026-04-10,5.099999904632568,5.099999904632568,5.039999961853027,5.039999961853027,2116
2026-04-13,5.099999904632568,5.21999979019165,5.079999923706055,5.139999866485596,4194
2026-04-14,5.139999866485596,5.179999828338623,5.079999923706055,5.179999828338623,1235
2026-04-15,5.21999979019165,5.420000076293945,5.21999979019165,5.400000095367432,4218
2026-04-16,5.420000076293945,5.420000076293945,5.360000133514404,5.400000095367432,567
2026-04-17,5.400000095367432,5.860000133514404,5.400000095367432,5.619999885559082,5935
2026-04-20,5.679999828338623,5.679999828338623,5.559999942779541,5.559999942779541,1353
2026-04-21,5.559999942779541,5.659999847412109,5.559999942779541,5.659999847412109,315
2026-04-22,5.599999904632568,5.639999866485596,5.559999942779541,5.559999942779541,1953
2026-04-23,5.539999961853027,5.539999961853027,5.400000095367432,5.400000095367432,2542
2026-04-24,5.5,5.5,5.5,5.5,295
2026-04-27,5.599999904632568,5.599999904632568,5.420000076293945,5.420000076293945,540
2026-04-28,5.420000076293945,5.440000057220459,5.420000076293945,5.440000057220459,325
2026-04-29,5.400000095367432,5.480000019073486,5.380000114440918,5.480000019073486,451
2026-04-30,5.400000095367432,5.400000095367432,5.340000152587891,5.380000114440918,2760
2026-05-04,5.380000114440918,5.420000076293945,5.380000114440918,5.420000076293945,1048
2026-05-05,5.420000076293945,5.420000076293945,5.340000152587891,5.400000095367432,464
2026-05-06,5.400000095367432,5.460000038146973,5.400000095367432,5.440000057220459,2149
2026-05-07,5.5,6.099999904632568,5.5,6.099999904632568,19838
2026-05-08,6.199999809265137,6.199999809265137,5.900000095367432,5.900000095367432,12521
2026-05-11,5.78000020980835,5.800000190734863,5.78000020980835,5.800000190734863,1012
2026-05-12,5.800000190734863,5.800000190734863,5.699999809265137,5.699999809265137,1540
2026-05-13,5.71999979019165,5.920000076293945,5.71999979019165,5.900000095367432,1294
2026-05-14,5.78000020980835,5.78000020980835,5.78000020980835,5.78000020980835,132
2026-05-15,5.800000190734863,5.800000190734863,5.699999809265137,5.699999809265137,3396
2026-05-18,5.699999809265137,5.699999809265137,5.659999847412109,5.659999847412109,1890
2026-05-19,5.659999847412109,5.699999809265137,5.539999961853027,5.699999809265137,4960
2026-05-20,5.619999885559082,6.179999828338623,5.619999885559082,6.179999828338623,18409
2026-05-21,6.159999847412109,6.179999828338623,6.0,6.119999885559082,1800
2026-05-22,6.119999885559082,6.5,6.119999885559082,6.5,6321
2026-05-25,6.420000076293945,6.559999942779541,6.400000095367432,6.519999980926514,4215
2026-05-26,6.579999923706055,6.639999866485596,6.5,6.5,2539
2026-05-27,6.440000057220459,6.480000019073486,6.239999771118164,6.360000133514404,5319
2026-05-28,6.5,6.78000020980835,6.480000019073486,6.760000228881836,20414
2026-05-29,6.760000228881836,6.800000190734863,6.639999866485596,6.639999866485596,3589
2026-06-01,6.760000228881836,6.760000228881836,6.380000114440918,6.380000114440918,1537
2026-06-02,6.519999980926514,6.699999809265137,6.5,6.679999828338623,1745
2026-06-03,6.519999980926514,6.679999828338623,6.260000228881836,6.260000228881836,3384
2026-06-05,6.239999771118164,6.320000171661377,6.21999979019165,6.260000228881836,2929
2026-06-08,6.260000228881836,6.400000095367432,6.260000228881836,6.380000114440918,1199
2026-06-09,6.360000133514404,6.420000076293945,6.21999979019165,6.21999979019165,1716
2026-06-10,6.460000038146973,6.480000019073486,6.239999771118164,6.239999771118164,975
2026-06-11,6.239999771118164,6.300000190734863,6.239999771118164,6.300000190734863,1050
2026-06-12,6.380000114440918,6.78000020980835,6.380000114440918,6.760000228881836,11875
2026-06-15,6.840000152587891,6.940000057220459,6.599999904632568,6.800000190734863,5331
2026-06-16,6.960000038146973,7.079999923706055,6.800000190734863,7.079999923706055,9362
2026-06-17,7.099999904632568,7.099999904632568,6.940000057220459,7.079999923706055,1565
2026-06-18,7.0,7.099999904632568,6.900000095367432,7.099999904632568,1214
2026-06-19,6.900000095367432,7.039999961853027,6.880000114440918,7.019999980926514,883
2026-06-22,6.880000114440918,6.960000038146973,6.71999979019165,6.840000152587891,949
2026-06-23,6.840000152587891,6.840000152587891,6.71999979019165,6.71999979019165,453
2026-06-24,6.699999809265137,6.699999809265137,6.559999942779541,6.679999828338623,2975
2026-06-25,6.699999809265137,6.760000228881836,6.519999980926514,6.519999980926514,2741
2026-06-26,6.5,6.5,6.21999979019165,6.440000057220459,5743
2026-06-29,6.440000057220459,6.5,6.320000171661377,6.460000038146973,2927
2026-06-30,6.480000019073486,6.599999904632568,6.480000019073486,6.579999923706055,1564
2026-07-01,6.519999980926514,6.699999809265137,6.519999980926514,6.519999980926514,649
2026-07-02,6.679999828338623,6.679999828338623,6.5,6.5,1504
2026-07-03,6.699999809265137,6.699999809265137,6.619999885559082,6.619999885559082,1340
2026-07-06,6.760000228881836,6.840000152587891,6.659999847412109,6.78000020980835,1764
2026-07-07,6.679999828338623,6.699999809265137,6.619999885559082,6.659999847412109,1311
2026-07-08,6.619999885559082,6.699999809265137,6.519999980926514,6.679999828338623,15554
2026-07-09,6.519999980926514,6.679999828338623,6.519999980926514,6.679999828338623,19
2026-07-10,6.579999923706055,6.679999828338623,6.519999980926514,6.679999828338623,505
2026-07-13,6.519999980926514,6.519999980926514,6.460000038146973,6.5,1216
2026-07-14,6.519999980926514,6.519999980926514,6.28000020980835,6.28000020980835,2645
2026-07-15,6.28000020980835,6.28000020980835,5.960000038146973,6.0,9245
2026-07-16,6.0,6.179999828338623,5.900000095367432,6.0,5773
2026-07-17,5.980000019073486,6.019999980926514,5.980000019073486,6.0,654
2026-07-20,5.960000038146973,5.960000038146973,5.739999771118164,5.940000057220459,2931
2026-07-21,5.940000057220459,6.039999961853027,5.739999771118164,5.739999771118164,5162
2026-07-22,5.739999771118164,5.900000095367432,5.739999771118164,5.900000095367432,2666
2026-07-23,5.900000095367432,5.980000019073486,5.78000020980835,5.880000114440918,2629
2026-07-24,5.880000114440918,5.980000019073486,5.78000020980835,5.800000190734863,4727
2026-07-27,5.800000190734863,5.920000076293945,5.800000190734863,5.860000133514404,2379
2026-07-28,5.900000095367432,5.900000095367432,5.800000190734863,5.900000095367432,150
2026-07-29,5.940000057220459,6.480000019073486,5.940000057220459,6.139999866485596,11270
2026-07-30,6.260000228881836,6.300000190734863,6.139999866485596,6.28000020980835,3450
2026-07-31,6.300000190734863,6.300000190734863,6.199999809265137,6.199999809265137,7455
2026-08-03,6.199999809265137,6.199999809265137,6.059999942779541,6.159999847412109,2037
2026-08-04,6.159999847412109,6.159999847412109,6.0,6.079999923706055,2547
2026-08-05,6.0,6.059999942779541,6.0,6.019999980926514,1369
2026-08-06,5.980000019073486,6.019999980926514,5.940000057220459,6.019999980926514,2143
2026-08-07,5.960000038146973,6.019999980926514,5.840000152587891,6.019999980926514,3977
2026-08-10,5.980000019073486,6.019999980926514,5.659999847412109,5.860000133514404,9700
2026-08-11,5.880000114440918,5.980000019073486,5.760000228881836,5.940000057220459,5160
2026-08-12,6.0,6.059999942779541,5.960000038146973,5.960000038146973,1954
2026-08-13,6.059999942779541,6.059999942779541,6.0,6.059999942779541,1261
2026-08-14,6.059999942779541,6.079999923706055,5.980000019073486,6.079999923706055,871
2026-08-17,6.079999923706055,6.099999904632568,6.079999923706055,6.099999904632568,465
2026-08-18,6.0,6.079999923706055,6.0,6.079999923706055,2689
2026-08-19,6.059999942779541,6.059999942779541,5.940000057220459,6.039999961853027,1070
2026-08-20,6.039999961853027,6.039999961853027,5.960000038146973,6.039999961853027,289
2026-08-21,5.960000038146973,6.039999961853027,5.860000133514404,6.039999961853027,914
2026-08-24,6.039999961853027,6.059999942779541,5.960000038146973,5.960000038146973,1514
2026-08-25,5.960000038146973,6.079999923706055,5.960000038146973,6.039999961853027,123
2026-08-26,6.039999961853027,6.099999904632568,6.0,6.0,1661
2026-08-27,6.0,6.0,5.900000095367432,5.980000019073486,1213
2026-08-28,5.940000057220459,5.980000019073486,5.940000057220459,5.980000019073486,108
2026-08-31,5.980000019073486,5.980000019073486,5.860000133514404,5.920000076293945,888
2026-09-01,5.900000095367432,5.980000019073486,5.900000095367432,5.900000095367432,844
2026-09-02,5.860000133514404,6.0,5.860000133514404,5.920000076293945,6461
2026-09-03,5.960000038146973,5.980000019073486,5.960000038146973,5.980000019073486,591
2026-09-04,5.980000019073486,6.0,5.840000152587891,5.980000019073486,1026
2026-09-08,5.880000114440918,5.880000114440918,5.860000133514404,5.860000133514404,140
2026-09-09,5.960000038146973,5.960000038146973,5.860000133514404,5.940000057220459,1430
2026-09-10,5.840000152587891,5.840000152587891,5.760000228881836,5.800000190734863,2079
2026-09-11,5.739999771118164,5.800000190734863,5.699999809265137,5.78000020980835,1412
2026-09-14,5.699999809265137,5.78000020980835,5.5,5.579999923706055,5323
2026-09-15,5.579999923706055,5.579999923706055,5.380000114440918,5.519999980926514,3157
2026-09-17,5.739999771118164,5.78000020980835,5.739999771118164,5.78000020980835,206
2026-09-18,5.78000020980835,5.840000152587891,5.78000020980835,5.800000190734863,2958
