date,open,high,low,close,volume
2021-09-17,21.299999237060547,21.399999618530273,19.5,19.700000762939453,202658
2021-09-20,19.450000762939453,19.450000762939453,16.600000381469727,17.799999237060547,447001
2021-09-21,17.950000762939453,19.5,17.350000381469727,17.350000381469727,354382
2021-09-22,18.049999237060547,19.350000381469727,17.450000762939453,19.100000381469727,305323
2021-09-23,19.75,22.299999237060547,19.649999618530273,20.899999618530273,681385
2021-09-24,20.899999618530273,21.399999618530273,18.200000762939453,18.25,377498
2021-09-27,19.899999618530273,20.600000381469727,18.899999618530273,20.0,329144
2021-09-28,20.399999618530273,20.799999237060547,19.200000762939453,19.299999237060547,115339
2021-09-29,19.049999237060547,19.850000381469727,18.600000381469727,19.399999618530273,86458
2021-09-30,19.5,19.600000381469727,18.5,18.600000381469727,119216
2021-10-01,18.700000762939453,18.700000762939453,17.600000381469727,17.899999618530273,170491
2021-10-04,18.25,19.799999237060547,17.5,18.200000762939453,314287
2021-10-05,18.200000762939453,18.600000381469727,18.100000381469727,18.549999237060547,72177
2021-10-06,18.75,18.950000762939453,17.549999237060547,18.100000381469727,116562
2021-10-07,18.100000381469727,19.299999237060547,17.700000762939453,18.799999237060547,119214
2021-10-08,18.450000762939453,18.799999237060547,18.25,18.5,57195
2021-10-11,18.549999237060547,18.649999618530273,17.850000381469727,18.25,64913
2021-10-12,18.450000762939453,21.299999237060547,18.0,19.5,515484
2021-10-13,19.5,19.799999237060547,18.399999618530273,18.799999237060547,188097
2021-10-14,18.75,19.399999618530273,18.700000762939453,18.950000762939453,57790
2021-10-15,21.100000381469727,21.399999618530273,19.700000762939453,19.899999618530273,236060
2021-10-18,20.0,20.399999618530273,18.799999237060547,19.0,105307
2021-10-19,19.0,19.700000762939453,18.850000381469727,19.200000762939453,37099
2021-10-20,19.399999618530273,19.399999618530273,18.700000762939453,19.0,44741
2021-10-21,18.899999618530273,18.950000762939453,18.350000381469727,18.799999237060547,43894
2021-10-22,18.75,18.950000762939453,18.299999237060547,18.700000762939453,26384
2021-10-25,18.700000762939453,18.850000381469727,18.100000381469727,18.350000381469727,48019
2021-10-26,18.399999618530273,18.899999618530273,18.200000762939453,18.5,41879
2021-10-27,18.700000762939453,18.700000762939453,18.0,18.049999237060547,35693
2021-10-28,18.0,19.5,18.0,19.0,84232
2021-10-29,19.0,19.399999618530273,18.350000381469727,18.600000381469727,45677
2021-11-02,18.850000381469727,19.0,18.5,18.899999618530273,37895
2021-11-03,18.950000762939453,19.799999237060547,18.700000762939453,19.399999618530273,69707
2021-11-04,19.200000762939453,19.700000762939453,18.899999618530273,19.200000762939453,39463
2021-11-05,19.200000762939453,19.299999237060547,18.450000762939453,18.799999237060547,38110
2021-11-08,18.799999237060547,19.200000762939453,18.649999618530273,18.850000381469727,11480
2021-11-09,18.700000762939453,19.25,18.600000381469727,19.0,12367
2021-11-10,18.799999237060547,19.100000381469727,18.600000381469727,18.799999237060547,10615
2021-11-12,18.700000762939453,18.899999618530273,18.399999618530273,18.700000762939453,15076
2021-11-15,18.700000762939453,19.200000762939453,18.399999618530273,18.5,14337
2021-11-16,18.799999237060547,18.799999237060547,18.399999618530273,18.600000381469727,12677
2021-11-17,18.399999618530273,18.799999237060547,18.399999618530273,18.600000381469727,13421
2021-11-18,18.700000762939453,18.700000762939453,17.950000762939453,18.049999237060547,42133
2021-11-19,18.100000381469727,18.399999618530273,17.299999237060547,17.899999618530273,60718
2021-11-22,17.899999618530273,17.899999618530273,17.299999237060547,17.549999237060547,17375
2021-11-23,17.100000381469727,17.700000762939453,16.200000762939453,17.200000762939453,64117
2021-11-24,17.149999618530273,17.450000762939453,16.299999237060547,16.299999237060547,38949
2021-11-25,16.299999237060547,16.649999618530273,16.100000381469727,16.450000762939453,19189
2021-11-26,16.100000381469727,16.450000762939453,14.949999809265137,15.300000190734863,72215
2021-11-29,16.5,17.899999618530273,15.649999618530273,15.75,102521
2021-11-30,15.600000381469727,16.799999237060547,15.25,16.600000381469727,44136
2021-12-01,16.899999618530273,17.25,16.200000762939453,16.399999618530273,53705
2021-12-02,16.649999618530273,16.649999618530273,16.200000762939453,16.5,7172
2021-12-03,16.299999237060547,16.950000762939453,16.200000762939453,16.899999618530273,38086
2021-12-06,16.850000381469727,17.350000381469727,16.700000762939453,16.950000762939453,20073
2021-12-07,17.149999618530273,17.450000762939453,16.75,17.399999618530273,28093
2021-12-08,17.450000762939453,19.450000762939453,17.450000762939453,18.850000381469727,127197
2021-12-09,18.950000762939453,19.149999618530273,17.899999618530273,18.600000381469727,68560
2021-12-10,18.350000381469727,19.100000381469727,18.200000762939453,18.200000762939453,10661
2021-12-13,18.100000381469727,18.350000381469727,17.5,17.549999237060547,34415
2021-12-14,17.799999237060547,17.799999237060547,17.0,17.0,22198
2021-12-15,17.100000381469727,17.299999237060547,16.5,16.5,19713
2021-12-16,17.0,17.299999237060547,16.549999237060547,16.600000381469727,36981
2021-12-17,16.399999618530273,16.649999618530273,16.0,16.450000762939453,14419
2021-12-20,16.200000762939453,18.5,15.399999618530273,18.350000381469727,233350
2021-12-21,18.549999237060547,19.0,17.649999618530273,17.950000762939453,82707
2021-12-22,18.0,18.0,17.350000381469727,17.399999618530273,15562
2021-12-23,17.600000381469727,18.0,17.299999237060547,17.700000762939453,17741
2021-12-27,17.649999618530273,18.5,17.0,17.0,43318
2021-12-28,17.100000381469727,17.700000762939453,16.799999237060547,16.850000381469727,72617
2021-12-29,17.25,17.450000762939453,16.950000762939453,17.200000762939453,11123
2021-12-30,17.200000762939453,17.399999618530273,16.899999618530273,17.100000381469727,10507
2022-01-03,17.049999237060547,18.0,17.049999237060547,17.799999237060547,34621
2022-01-04,17.799999237060547,18.450000762939453,17.5,17.649999618530273,25096
2022-01-05,17.799999237060547,18.200000762939453,17.200000762939453,17.950000762939453,28347
2022-01-07,17.950000762939453,18.100000381469727,17.350000381469727,17.450000762939453,14103
2022-01-10,17.450000762939453,17.899999618530273,17.25,17.299999237060547,24966
2022-01-11,17.350000381469727,17.700000762939453,17.350000381469727,17.450000762939453,6309
2022-01-12,17.600000381469727,18.450000762939453,17.5,18.399999618530273,45650
2022-01-13,18.5,18.799999237060547,18.0,18.299999237060547,68701
2022-01-14,18.100000381469727,18.399999618530273,17.649999618530273,17.950000762939453,24072
2022-01-17,18.049999237060547,18.100000381469727,17.700000762939453,17.75,10009
2022-01-18,18.049999237060547,18.049999237060547,17.299999237060547,17.399999618530273,22945
2022-01-19,17.25,17.399999618530273,16.799999237060547,17.399999618530273,19469
2022-01-20,17.399999618530273,17.899999618530273,17.0,17.100000381469727,13672
2022-01-21,17.100000381469727,17.25,16.700000762939453,16.700000762939453,19836
2022-01-24,16.600000381469727,16.950000762939453,15.100000381469727,15.300000190734863,69940
2022-01-25,15.399999618530273,16.399999618530273,15.300000190734863,15.600000381469727,28004
2022-01-26,16.0,16.0,15.5,15.699999809265137,23044
2022-01-27,15.850000381469727,15.850000381469727,15.350000381469727,15.75,7496
2022-01-28,15.600000381469727,15.699999809265137,15.100000381469727,15.100000381469727,23551
2022-01-31,15.600000381469727,15.800000190734863,15.300000190734863,15.649999618530273,8229
2022-02-01,15.850000381469727,16.299999237060547,15.800000190734863,16.0,9752
2022-02-02,16.100000381469727,16.799999237060547,15.800000190734863,16.5,15162
2022-02-03,16.799999237060547,16.799999237060547,16.200000762939453,16.299999237060547,26931
2022-02-04,16.399999618530273,16.399999618530273,15.75,15.949999809265137,17830
2022-02-07,16.0,16.149999618530273,15.5,15.899999618530273,11484
2022-02-08,15.550000190734863,15.850000381469727,15.5,15.600000381469727,5167
2022-02-09,15.75,15.850000381469727,15.5,15.5,14394
2022-02-10,15.699999809265137,16.0,15.5,15.550000190734863,10234
2022-02-11,15.550000190734863,15.75,15.300000190734863,15.649999618530273,10698
2022-02-14,15.25,15.399999618530273,14.449999809265137,14.899999618530273,37257
2022-02-15,14.699999809265137,15.5,14.699999809265137,15.5,23528
2022-02-16,15.550000190734863,16.299999237060547,15.550000190734863,15.800000190734863,12815
2022-02-17,15.800000190734863,16.100000381469727,15.100000381469727,15.25,27672
2022-02-18,15.550000190734863,15.550000190734863,15.149999618530273,15.25,9677
2022-02-21,15.25,15.5,14.0,14.399999618530273,42882
2022-02-22,14.050000190734863,15.0,13.800000190734863,14.800000190734863,18736
2022-02-23,14.800000190734863,15.0,14.300000190734863,14.550000190734863,13149
2022-02-24,13.199999809265137,13.699999809265137,11.300000190734863,11.949999809265137,123323
2022-02-25,12.649999618530273,13.050000190734863,12.0,12.600000381469727,36808
2022-02-28,12.399999618530273,14.449999809265137,12.300000190734863,13.75,53773
2022-03-01,14.050000190734863,14.449999809265137,13.0,13.300000190734863,39299
2022-03-02,13.300000190734863,16.0,13.149999618530273,15.550000190734863,133795
2022-03-03,19.0,19.299999237060547,16.899999618530273,17.299999237060547,279291
2022-03-04,17.5,18.850000381469727,17.0,17.5,142773
2022-03-07,18.299999237060547,18.450000762939453,17.0,17.25,100632
2022-03-08,17.399999618530273,17.950000762939453,16.299999237060547,17.149999618530273,40526
2022-03-09,18.0,18.200000762939453,17.0,17.299999237060547,56935
2022-03-10,17.25,17.950000762939453,17.049999237060547,17.950000762939453,23527
2022-03-11,18.399999618530273,18.399999618530273,17.799999237060547,18.0,27158
2022-03-14,18.399999618530273,18.399999618530273,17.299999237060547,17.700000762939453,24651
2022-03-15,17.700000762939453,17.899999618530273,17.299999237060547,17.450000762939453,15247
2022-03-16,17.5,17.899999618530273,17.299999237060547,17.299999237060547,16780
2022-03-17,17.5,17.649999618530273,17.200000762939453,17.200000762939453,13269
2022-03-18,17.299999237060547,17.799999237060547,17.299999237060547,17.75,19359
2022-03-21,17.5,18.25,17.5,18.100000381469727,56544
2022-03-22,18.100000381469727,18.200000762939453,17.700000762939453,18.049999237060547,13339
2022-03-23,17.950000762939453,18.049999237060547,17.600000381469727,17.649999618530273,13984
2022-03-24,17.649999618530273,18.100000381469727,17.649999618530273,18.100000381469727,13349
2022-03-25,18.0,18.049999237060547,17.649999618530273,17.899999618530273,11874
2022-03-28,17.950000762939453,18.049999237060547,17.600000381469727,17.799999237060547,11377
2022-03-29,17.600000381469727,17.75,16.600000381469727,16.950000762939453,31215
2022-03-30,17.149999618530273,17.5,17.0,17.149999618530273,15229
2022-03-31,17.399999618530273,17.399999618530273,17.049999237060547,17.149999618530273,7786
2022-04-01,17.25,17.5,17.100000381469727,17.149999618530273,5143
2022-04-04,17.299999237060547,17.450000762939453,17.149999618530273,17.299999237060547,3244
2022-04-05,17.299999237060547,17.399999618530273,17.100000381469727,17.299999237060547,4998
2022-04-06,17.100000381469727,17.299999237060547,17.0,17.25,4728
2022-04-07,17.25,17.25,17.0,17.149999618530273,4159
2022-04-08,17.0,17.200000762939453,16.799999237060547,17.100000381469727,9290
2022-04-11,16.799999237060547,17.149999618530273,16.649999618530273,17.100000381469727,4862
2022-04-12,17.100000381469727,17.100000381469727,16.799999237060547,17.100000381469727,5015
2022-04-13,17.100000381469727,17.100000381469727,16.84000015258789,17.0,3497
2022-04-14,17.0,17.200000762939453,16.020000457763672,17.200000762939453,26859
2022-04-19,17.299999237060547,17.899999618530273,17.299999237060547,17.559999465942383,28449
2022-04-20,17.600000381469727,17.899999618530273,17.520000457763672,17.799999237060547,29063
2022-04-21,17.799999237060547,17.799999237060547,17.520000457763672,17.760000228881836,10541
2022-04-22,17.700000762939453,17.760000228881836,17.31999969482422,17.34000015258789,22522
2022-04-25,17.34000015258789,17.520000457763672,15.640000343322754,16.200000762939453,50265
2022-04-26,16.200000762939453,17.0,15.720000267028809,16.0,15144
2022-04-27,15.739999771118164,16.239999771118164,15.5,16.239999771118164,5696
2022-04-28,16.260000228881836,16.540000915527344,16.260000228881836,16.5,2927
2022-04-29,16.520000457763672,16.780000686645508,16.5,16.739999771118164,7612
2022-05-02,16.719999313354492,16.799999237060547,16.5,16.799999237060547,4677
2022-05-04,16.799999237060547,16.799999237060547,16.100000381469727,16.15999984741211,5060
2022-05-05,16.5,16.5,15.899999618530273,16.100000381469727,5996
2022-05-06,16.079999923706055,16.100000381469727,15.0,15.119999885559082,18419
2022-05-09,15.479999542236328,15.479999542236328,15.020000457763672,15.239999771118164,3663
2022-05-10,14.84000015258789,15.079999923706055,14.520000457763672,14.720000267028809,11097
2022-05-11,14.5,15.0600004196167,14.5,14.65999984741211,4095
2022-05-12,14.65999984741211,14.680000305175781,13.34000015258789,13.579999923706055,31124
2022-05-13,13.720000267028809,14.699999809265137,13.680000305175781,14.680000305175781,10583
2022-05-16,14.520000457763672,15.779999732971191,14.5,15.460000038146973,10506
2022-05-17,15.699999809265137,15.800000190734863,14.899999618530273,15.0600004196167,12226
2022-05-18,15.140000343322754,15.5600004196167,14.800000190734863,14.800000190734863,5812
2022-05-19,14.760000228881836,15.119999885559082,14.600000381469727,14.65999984741211,2509
2022-05-20,14.699999809265137,15.5,14.699999809265137,15.34000015258789,14852
2022-05-23,15.34000015258789,17.579999923706055,15.34000015258789,17.0,36357
2022-05-24,17.0,17.799999237060547,16.639999389648438,17.139999389648438,35671
2022-05-25,17.18000030517578,17.65999984741211,16.540000915527344,17.020000457763672,10717
2022-05-26,17.15999984741211,17.81999969482422,17.0,17.81999969482422,24246
2022-05-27,18.15999984741211,18.799999237060547,17.600000381469727,17.600000381469727,66298
2022-05-30,17.940000534057617,19.260000228881836,17.940000534057617,18.700000762939453,73308
2022-05-31,18.799999237060547,18.799999237060547,17.899999618530273,18.020000457763672,19093
2022-06-01,18.299999237060547,19.18000030517578,18.299999237060547,19.18000030517578,92102
2022-06-02,19.399999618530273,20.799999237060547,19.299999237060547,20.549999237060547,154919
2022-06-03,20.799999237060547,22.399999618530273,20.200000762939453,21.399999618530273,250960
2022-06-06,21.899999618530273,24.75,21.799999237060547,22.950000762939453,245513
2022-06-07,22.600000381469727,23.100000381469727,21.600000381469727,22.5,135232
2022-06-08,22.149999618530273,22.899999618530273,21.299999237060547,22.25,126832
2022-06-09,22.450000762939453,24.5,21.950000762939453,23.399999618530273,141258
2022-06-10,23.700000762939453,23.850000381469727,20.5,21.5,239255
2022-06-13,21.200000762939453,21.200000762939453,19.579999923706055,19.899999618530273,109704
2022-06-14,20.5,21.0,19.899999618530273,19.920000076293945,56253
2022-06-15,20.299999237060547,20.75,19.280000686645508,20.5,46500
2022-06-17,20.299999237060547,21.850000381469727,19.540000915527344,21.549999237060547,46545
2022-06-20,21.5,22.149999618530273,20.700000762939453,21.549999237060547,52608
2022-06-21,21.700000762939453,24.0,21.700000762939453,23.0,152603
2022-06-22,22.799999237060547,22.799999237060547,22.200000762939453,22.549999237060547,33740
2022-06-23,23.0,23.100000381469727,21.799999237060547,22.850000381469727,43548
2022-06-24,23.100000381469727,23.450000762939453,22.5,23.25,32812
2022-06-27,23.350000381469727,24.450000762939453,22.899999618530273,22.899999618530273,92282
2022-06-28,23.25,23.75,22.149999618530273,23.399999618530273,91463
2022-06-29,23.399999618530273,23.899999618530273,22.799999237060547,23.5,25772
2022-06-30,23.200000762939453,23.75,22.700000762939453,23.299999237060547,30589
2022-07-01,23.25,24.75,23.200000762939453,24.200000762939453,75590
2022-07-04,24.350000381469727,25.5,23.799999237060547,23.799999237060547,133725
2022-07-05,24.200000762939453,25.100000381469727,23.100000381469727,24.950000762939453,139369
2022-07-06,25.049999237060547,26.5,24.549999237060547,25.100000381469727,173178
2022-07-07,25.149999618530273,26.649999618530273,25.100000381469727,26.5,120359
2022-07-08,26.5,27.200000762939453,25.799999237060547,26.100000381469727,91561
2022-07-11,25.5,26.799999237060547,25.299999237060547,26.399999618530273,75606
2022-07-12,26.100000381469727,26.299999237060547,24.649999618530273,25.25,50710
2022-07-13,25.350000381469727,25.5,24.600000381469727,25.0,54327
2022-07-14,24.950000762939453,26.5,24.700000762939453,25.899999618530273,62026
2022-07-15,26.350000381469727,26.75,25.350000381469727,26.649999618530273,46795
2022-07-18,26.299999237060547,28.399999618530273,26.299999237060547,28.350000381469727,114945
2022-07-19,28.350000381469727,29.350000381469727,27.25,28.0,146844
2022-07-20,28.399999618530273,28.700000762939453,27.299999237060547,28.049999237060547,62605
2022-07-21,27.75,27.899999618530273,26.350000381469727,27.5,77093
2022-07-22,27.5,28.0,26.5,26.649999618530273,50154
2022-07-25,26.649999618530273,27.850000381469727,25.799999237060547,27.700000762939453,93485
2022-07-26,27.399999618530273,27.799999237060547,26.049999237060547,26.25,58594
2022-07-27,26.25,26.299999237060547,25.549999237060547,25.850000381469727,29562
2022-07-28,26.200000762939453,26.950000762939453,26.0,26.299999237060547,28133
2022-07-29,26.600000381469727,28.5,26.600000381469727,28.200000762939453,71034
2022-08-01,28.100000381469727,31.5,28.100000381469727,31.0,216507
2022-08-02,30.549999237060547,31.549999237060547,30.200000762939453,30.299999237060547,57148
2022-08-03,29.950000762939453,32.20000076293945,29.299999237060547,30.75,76073
2022-08-04,31.0,31.0,29.200000762939453,29.799999237060547,40007
2022-08-05,29.600000381469727,32.20000076293945,29.299999237060547,31.799999237060547,92030
2022-08-08,32.400001525878906,34.79999923706055,32.349998474121094,34.150001525878906,128712
2022-08-09,34.099998474121094,35.400001525878906,33.0,35.349998474121094,91461
2022-08-10,35.04999923706055,35.5,32.599998474121094,33.5,88559
2022-08-11,33.900001525878906,34.400001525878906,32.599998474121094,33.400001525878906,51072
2022-08-12,33.45000076293945,34.29999923706055,32.349998474121094,33.29999923706055,34075
2022-08-16,33.349998474121094,36.650001525878906,33.349998474121094,36.650001525878906,125633
2022-08-17,37.95000076293945,37.95000076293945,35.150001525878906,36.29999923706055,112847
2022-08-18,36.400001525878906,37.20000076293945,35.5,37.0,38585
2022-08-19,37.5,37.5,36.0,36.29999923706055,34432
2022-08-22,35.400001525878906,37.0,34.5,36.79999923706055,32245
2022-08-23,37.400001525878906,37.849998474121094,36.0,36.5,42672
2022-08-24,36.29999923706055,36.29999923706055,35.0,35.599998474121094,42672
2022-08-25,35.5,36.45000076293945,33.900001525878906,34.0,73528
2022-08-26,33.900001525878906,36.20000076293945,33.150001525878906,35.04999923706055,61146
2022-08-29,35.599998474121094,35.900001525878906,33.45000076293945,34.0,38624
2022-08-30,34.54999923706055,35.29999923706055,28.600000381469727,30.299999237060547,139346
2022-08-31,30.200000762939453,31.950000762939453,30.200000762939453,31.100000381469727,78601
2022-09-01,30.799999237060547,31.450000762939453,27.75,28.100000381469727,176735
2022-09-02,28.5,29.25,26.600000381469727,28.0,98008
2022-09-05,27.200000762939453,29.450000762939453,27.100000381469727,28.600000381469727,65081
2022-09-06,28.649999618530273,29.399999618530273,26.549999237060547,27.299999237060547,73164
2022-09-07,27.299999237060547,28.75,25.5,28.5,207942
2022-09-08,29.0,29.450000762939453,26.700000762939453,27.350000381469727,76575
2022-09-09,27.600000381469727,28.600000381469727,27.25,28.299999237060547,45532
2022-09-12,28.700000762939453,28.700000762939453,26.5,26.700000762939453,72872
2022-09-13,26.649999618530273,26.649999618530273,22.649999618530273,25.299999237060547,311583
2022-09-14,25.0,25.600000381469727,23.649999618530273,24.450000762939453,111772
2022-09-15,24.299999237060547,24.850000381469727,22.299999237060547,22.600000381469727,114815
2022-09-16,22.399999618530273,23.399999618530273,21.600000381469727,23.399999618530273,178722
2022-09-19,23.0,23.899999618530273,22.450000762939453,23.75,75272
2022-09-20,24.100000381469727,24.649999618530273,23.0,23.899999618530273,81785
2022-09-21,23.899999618530273,24.850000381469727,23.0,24.600000381469727,58074
2022-09-22,24.399999618530273,25.450000762939453,23.799999237060547,25.299999237060547,65610
2022-09-23,25.299999237060547,25.299999237060547,23.549999237060547,23.600000381469727,65915
2022-09-26,22.5,22.799999237060547,18.639999389648438,19.8799991607666,337842
2022-09-27,20.200000762939453,21.299999237060547,20.149999618530273,20.649999618530273,148782
2022-09-28,19.799999237060547,20.75,19.5,20.0,62407
2022-09-29,19.860000610351562,20.0,18.700000762939453,18.920000076293945,90049
2022-09-30,19.0,19.959999084472656,18.34000015258789,18.399999618530273,94089
2022-10-03,18.200000762939453,19.600000381469727,17.200000762939453,19.200000762939453,156388
2022-10-04,19.5,20.299999237060547,18.420000076293945,18.799999237060547,131850
2022-10-05,20.049999237060547,20.350000381469727,19.040000915527344,19.31999969482422,57373
2022-10-06,19.299999237060547,21.200000762939453,19.18000030517578,20.700000762939453,67252
2022-10-07,20.600000381469727,22.450000762939453,20.25,21.5,77970
2022-10-10,21.200000762939453,21.299999237060547,19.079999923706055,19.200000762939453,133671
2022-10-11,19.079999923706055,19.799999237060547,18.700000762939453,19.059999465942383,86567
2022-10-12,19.0,19.600000381469727,18.399999618530273,18.399999618530273,127828
2022-10-13,18.719999313354492,18.959999084472656,17.6200008392334,18.100000381469727,77513
2022-10-14,18.600000381469727,18.959999084472656,17.5,17.600000381469727,71370
2022-10-17,17.780000686645508,18.299999237060547,17.5,18.059999465942383,25259
2022-10-18,18.5,19.700000762939453,18.5,18.559999465942383,78467
2022-10-19,18.559999465942383,24.25,18.100000381469727,23.549999237060547,387841
2022-10-20,23.799999237060547,25.399999618530273,21.450000762939453,21.450000762939453,537985
2022-10-21,21.5,23.149999618530273,21.100000381469727,21.399999618530273,133331
2022-10-24,22.049999237060547,25.0,21.649999618530273,23.850000381469727,294385
2022-10-25,24.700000762939453,25.0,22.799999237060547,23.299999237060547,162328
2022-10-26,23.299999237060547,26.149999618530273,23.0,25.75,131648
2022-10-27,26.350000381469727,27.399999618530273,24.899999618530273,25.25,197552
2022-10-28,25.049999237060547,26.649999618530273,24.799999237060547,25.899999618530273,119094
2022-10-31,27.0,32.599998474121094,26.399999618530273,27.399999618530273,1068636
2022-11-02,28.399999618530273,29.799999237060547,27.5,27.649999618530273,359529
2022-11-03,27.799999237060547,27.950000762939453,25.299999237060547,25.899999618530273,362969
2022-11-04,25.649999618530273,26.5,25.200000762939453,25.799999237060547,305887
2022-11-07,26.0,26.549999237060547,24.649999618530273,24.75,189997
2022-11-08,24.649999618530273,25.299999237060547,23.700000762939453,23.850000381469727,145589
2022-11-09,24.100000381469727,24.450000762939453,23.100000381469727,23.899999618530273,120523
2022-11-10,24.0,24.350000381469727,22.700000762939453,23.100000381469727,287931
2022-11-14,23.200000762939453,23.700000762939453,21.75,22.049999237060547,193668
2022-11-15,22.049999237060547,23.399999618530273,21.700000762939453,22.5,270950
2022-11-16,22.0,23.299999237060547,21.899999618530273,23.25,94051
2022-11-17,23.25,23.75,22.450000762939453,23.149999618530273,104371
2022-11-18,23.200000762939453,23.700000762939453,20.399999618530273,20.75,386812
2022-11-21,20.799999237060547,21.200000762939453,19.81999969482422,20.149999618530273,188046
2022-11-22,20.299999237060547,20.600000381469727,20.0,20.25,99225
2022-11-23,20.399999618530273,21.299999237060547,20.200000762939453,21.200000762939453,103311
2022-11-24,21.350000381469727,22.399999618530273,21.0,22.200000762939453,131948
2022-11-25,22.5,22.5,21.399999618530273,21.600000381469727,82981
2022-11-28,21.549999237060547,22.149999618530273,21.0,21.850000381469727,85010
2022-11-29,22.0,22.25,21.350000381469727,21.950000762939453,86872
2022-11-30,23.200000762939453,23.799999237060547,21.450000762939453,21.450000762939453,199422
2022-12-01,21.549999237060547,22.25,21.100000381469727,21.450000762939453,95664
2022-12-02,21.5,22.149999618530273,21.299999237060547,21.899999618530273,67483
2022-12-05,21.899999618530273,22.649999618530273,21.549999237060547,21.799999237060547,69675
2022-12-06,21.850000381469727,22.149999618530273,21.450000762939453,21.600000381469727,32205
2022-12-07,21.700000762939453,25.0,21.600000381469727,24.5,272558
2022-12-08,24.149999618530273,24.899999618530273,23.399999618530273,23.5,138064
2022-12-09,23.549999237060547,23.75,22.549999237060547,22.549999237060547,84944
2022-12-12,22.649999618530273,23.149999618530273,21.600000381469727,23.0,73289
2022-12-13,23.0,23.200000762939453,22.399999618530273,22.600000381469727,39927
2022-12-14,22.700000762939453,23.350000381469727,22.700000762939453,22.950000762939453,33757
2022-12-15,22.950000762939453,24.299999237060547,22.5,23.950000762939453,141774
2022-12-16,24.0,24.0,22.899999618530273,23.299999237060547,88804
2022-12-19,23.100000381469727,23.799999237060547,23.100000381469727,23.299999237060547,21175
2022-12-20,23.299999237060547,23.450000762939453,23.0,23.399999618530273,20650
2022-12-21,23.350000381469727,23.399999618530273,22.799999237060547,22.799999237060547,32419
2022-12-22,22.899999618530273,23.299999237060547,22.799999237060547,23.0,32379
2022-12-23,23.0,23.450000762939453,22.799999237060547,23.350000381469727,30241
2022-12-27,23.350000381469727,23.450000762939453,22.600000381469727,22.799999237060547,51970
2022-12-28,22.799999237060547,23.100000381469727,22.299999237060547,22.899999618530273,51166
2022-12-29,22.899999618530273,23.299999237060547,22.899999618530273,23.0,22856
2022-12-30,22.950000762939453,23.299999237060547,22.799999237060547,23.0,17270
2023-01-02,23.299999237060547,24.100000381469727,23.200000762939453,23.350000381469727,52841
2023-01-03,23.5,24.299999237060547,23.299999237060547,23.5,74521
2023-01-04,23.600000381469727,23.75,23.0,23.200000762939453,47617
2023-01-05,23.200000762939453,23.649999618530273,22.649999618530273,22.75,80406
2023-01-09,23.149999618530273,23.149999618530273,22.049999237060547,22.450000762939453,95711
2023-01-10,22.350000381469727,22.950000762939453,22.299999237060547,22.700000762939453,45954
2023-01-11,22.799999237060547,23.649999618530273,22.5,23.0,57403
2023-01-12,22.799999237060547,23.25,22.799999237060547,23.100000381469727,28715
2023-01-13,23.149999618530273,23.799999237060547,22.75,23.600000381469727,63367
2023-01-16,23.850000381469727,24.850000381469727,23.25,24.549999237060547,114166
2023-01-17,24.600000381469727,25.399999618530273,24.299999237060547,25.049999237060547,132587
2023-01-18,25.0,27.0,25.0,26.450000762939453,205751
2023-01-19,27.25,29.200000762939453,25.299999237060547,25.5,440462
2023-01-20,25.850000381469727,26.350000381469727,24.950000762939453,25.299999237060547,117312
2023-01-23,25.600000381469727,26.350000381469727,25.049999237060547,25.75,59936
2023-01-24,26.0,27.149999618530273,25.75,27.0,139953
2023-01-25,27.100000381469727,28.799999237060547,27.0,28.299999237060547,156661
2023-01-26,28.649999618530273,29.399999618530273,27.649999618530273,27.899999618530273,111805
2023-01-27,27.799999237060547,28.450000762939453,27.25,28.049999237060547,64335
2023-01-30,28.200000762939453,28.299999237060547,27.200000762939453,27.5,63189
2023-01-31,27.5,28.5,27.350000381469727,28.399999618530273,49379
2023-02-01,28.200000762939453,29.700000762939453,28.149999618530273,28.950000762939453,135977
2023-02-02,28.899999618530273,29.299999237060547,28.0,28.899999618530273,49429
2023-02-03,28.899999618530273,29.75,28.450000762939453,28.75,76554
2023-02-06,28.950000762939453,29.0,27.799999237060547,28.0,43783
2023-02-07,28.049999237060547,28.149999618530273,26.899999618530273,27.100000381469727,42398
2023-02-08,27.399999618530273,27.5,26.75,27.200000762939453,19282
2023-02-09,27.200000762939453,27.799999237060547,26.75,27.049999237060547,35096
2023-02-10,27.0,27.25,26.200000762939453,26.450000762939453,30981
2023-02-13,26.799999237060547,26.899999618530273,25.700000762939453,25.950000762939453,39055
2023-02-14,25.950000762939453,26.450000762939453,25.399999618530273,25.799999237060547,29964
2023-02-15,26.0,26.149999618530273,25.549999237060547,26.049999237060547,13436
2023-02-16,26.100000381469727,26.5,26.049999237060547,26.450000762939453,17258
2023-02-17,26.399999618530273,26.75,26.0,26.450000762939453,9234
2023-02-20,26.799999237060547,26.850000381469727,26.25,26.5,6987
2023-02-21,26.450000762939453,27.299999237060547,26.200000762939453,26.399999618530273,23580
2023-02-22,26.700000762939453,26.850000381469727,25.700000762939453,25.899999618530273,19536
2023-02-23,25.700000762939453,26.649999618530273,25.700000762939453,26.200000762939453,8139
2023-02-24,26.600000381469727,26.75,25.549999237060547,25.700000762939453,28724
2023-02-27,25.799999237060547,25.950000762939453,25.5,25.5,31076
2023-02-28,25.700000762939453,25.850000381469727,25.25,25.5,22155
2023-03-01,25.5,26.549999237060547,25.5,26.299999237060547,21491
2023-03-02,26.299999237060547,28.350000381469727,25.549999237060547,25.850000381469727,141204
2023-03-03,26.299999237060547,27.850000381469727,26.0,27.0,63200
2023-03-06,27.850000381469727,28.799999237060547,27.0,28.700000762939453,100641
2023-03-07,28.799999237060547,29.200000762939453,27.5,27.799999237060547,146867
2023-03-08,28.0,28.350000381469727,27.049999237060547,28.0,44953
2023-03-09,28.200000762939453,28.5,27.549999237060547,28.0,33705
2023-03-10,27.549999237060547,27.799999237060547,27.049999237060547,27.549999237060547,26052
2023-03-13,27.549999237060547,28.299999237060547,25.649999618530273,26.0,167571
2023-03-14,25.700000762939453,26.299999237060547,24.549999237060547,25.049999237060547,137027
2023-03-15,25.350000381469727,25.5,23.600000381469727,23.600000381469727,94790
2023-03-16,24.0,24.850000381469727,22.600000381469727,23.5,86108
2023-03-17,24.0,24.700000762939453,23.0,23.100000381469727,48649
2023-03-20,23.0,23.25,22.399999618530273,23.200000762939453,45943
2023-03-21,23.25,24.049999237060547,23.200000762939453,23.299999237060547,44760
2023-03-22,23.399999618530273,23.549999237060547,22.75,22.75,25777
2023-03-23,22.600000381469727,23.450000762939453,22.600000381469727,23.299999237060547,28647
2023-03-24,23.350000381469727,23.450000762939453,22.649999618530273,22.700000762939453,21634
2023-03-27,23.100000381469727,23.100000381469727,22.549999237060547,22.700000762939453,26104
2023-03-28,22.700000762939453,23.700000762939453,22.600000381469727,22.600000381469727,100125
2023-03-29,23.0,23.0,22.649999618530273,22.899999618530273,20770
2023-03-30,23.149999618530273,23.600000381469727,23.0,23.299999237060547,80147
2023-03-31,24.0,24.0,23.350000381469727,23.5,20601
2023-04-03,23.5,24.0,23.100000381469727,23.299999237060547,32726
2023-04-04,23.399999618530273,23.399999618530273,22.649999618530273,22.700000762939453,42862
2023-04-05,22.799999237060547,23.0,22.700000762939453,22.799999237060547,11950
2023-04-06,22.75,23.0,22.649999618530273,22.899999618530273,8099
2023-04-11,23.200000762939453,23.5,23.100000381469727,23.299999237060547,23989
2023-04-12,23.350000381469727,23.649999618530273,23.200000762939453,23.399999618530273,24844
2023-04-13,23.399999618530273,25.049999237060547,23.200000762939453,23.850000381469727,129014
2023-04-14,24.149999618530273,24.799999237060547,23.5,23.899999618530273,94382
2023-04-17,24.0,24.350000381469727,23.5,23.799999237060547,32341
2023-04-18,24.0,24.149999618530273,23.549999237060547,23.799999237060547,44870
2023-04-19,24.0,24.0,23.350000381469727,23.5,25188
2023-04-20,23.5,23.700000762939453,23.299999237060547,23.299999237060547,34020
2023-04-21,23.350000381469727,23.5,23.100000381469727,23.149999618530273,17098
2023-04-24,23.200000762939453,23.5,23.100000381469727,23.299999237060547,15984
2023-04-25,23.200000762939453,23.299999237060547,23.0,23.25,11884
2023-04-26,23.100000381469727,23.399999618530273,23.0,23.149999618530273,14067
2023-04-27,23.149999618530273,23.549999237060547,23.0,23.350000381469727,23892
2023-04-28,23.100000381469727,24.149999618530273,23.0,23.0,58400
2023-05-02,23.25,23.350000381469727,23.0,23.100000381469727,15299
2023-05-04,23.100000381469727,23.100000381469727,21.75,22.0,68457
2023-05-05,22.100000381469727,22.149999618530273,21.450000762939453,21.700000762939453,40440
2023-05-08,21.899999618530273,22.0,21.649999618530273,21.799999237060547,19329
2023-05-09,21.899999618530273,21.899999618530273,21.100000381469727,21.399999618530273,30020
2023-05-10,21.5,22.299999237060547,21.350000381469727,21.899999618530273,19831
2023-05-11,22.200000762939453,22.549999237060547,22.0,22.200000762939453,12696
2023-05-12,22.399999618530273,22.399999618530273,21.899999618530273,21.899999618530273,9450
2023-05-15,21.950000762939453,22.299999237060547,21.950000762939453,22.25,6223
2023-05-16,22.350000381469727,22.5,22.200000762939453,22.200000762939453,6483
2023-05-17,22.450000762939453,22.5,22.0,22.25,17659
2023-05-18,22.450000762939453,22.450000762939453,21.649999618530273,21.899999618530273,9970
2023-05-19,21.799999237060547,22.350000381469727,21.799999237060547,22.350000381469727,9290
2023-05-22,22.350000381469727,22.5,22.299999237060547,22.399999618530273,13509
2023-05-23,22.399999618530273,22.549999237060547,22.299999237060547,22.399999618530273,12202
2023-05-24,22.5,22.5,21.799999237060547,21.950000762939453,16577
2023-05-25,22.100000381469727,22.100000381469727,21.700000762939453,21.899999618530273,10395
2023-05-26,21.399999618530273,21.799999237060547,20.950000762939453,21.799999237060547,26552
2023-05-29,21.850000381469727,22.25,21.799999237060547,22.0,4884
2023-05-30,22.0,22.25,21.799999237060547,22.049999237060547,2567
2023-05-31,22.0,22.0,20.950000762939453,21.0,18374
2023-06-01,21.049999237060547,21.5,21.049999237060547,21.399999618530273,7344
2023-06-02,21.299999237060547,21.600000381469727,21.299999237060547,21.450000762939453,5273
2023-06-05,21.450000762939453,22.0,21.399999618530273,21.549999237060547,5486
2023-06-06,21.600000381469727,21.850000381469727,21.5,21.549999237060547,8623
2023-06-07,21.75,22.0,21.299999237060547,21.950000762939453,11221
2023-06-09,21.899999618530273,22.0,21.5,21.700000762939453,9505
2023-06-12,21.75,21.950000762939453,21.399999618530273,21.399999618530273,8969
2023-06-13,21.399999618530273,21.399999618530273,20.600000381469727,20.700000762939453,33923
2023-06-14,20.700000762939453,21.0,20.5,20.549999237060547,24494
2023-06-15,20.549999237060547,20.549999237060547,19.200000762939453,20.0,59769
2023-06-16,20.100000381469727,20.200000762939453,20.0,20.200000762939453,40413
2023-06-19,20.200000762939453,20.700000762939453,20.0,20.549999237060547,14090
2023-06-20,20.549999237060547,20.549999237060547,20.049999237060547,20.200000762939453,12367
2023-06-21,20.299999237060547,20.399999618530273,20.100000381469727,20.100000381469727,9764
2023-06-22,20.0,20.350000381469727,20.0,20.350000381469727,7526
2023-06-23,20.299999237060547,20.299999237060547,20.149999618530273,20.149999618530273,4982
2023-06-26,20.100000381469727,20.350000381469727,20.0,20.149999618530273,3987
2023-06-27,20.200000762939453,20.25,20.0,20.0,5109
2023-06-28,20.100000381469727,20.149999618530273,19.600000381469727,19.780000686645508,17648
2023-06-29,19.799999237060547,19.959999084472656,19.5,19.600000381469727,15077
2023-06-30,19.520000457763672,19.780000686645508,18.479999542236328,19.100000381469727,80601
2023-07-03,19.219999313354492,19.219999313354492,18.760000228881836,19.079999923706055,32692
2023-07-04,19.0,19.100000381469727,18.760000228881836,18.979999542236328,26802
2023-07-05,18.81999969482422,22.899999618530273,18.81999969482422,21.350000381469727,278381
2023-07-06,21.350000381469727,21.350000381469727,19.719999313354492,19.799999237060547,100668
2023-07-07,19.799999237060547,20.399999618530273,19.639999389648438,20.0,30239
2023-07-10,20.0,20.200000762939453,19.68000030517578,20.100000381469727,13298
2023-07-11,20.100000381469727,20.350000381469727,19.899999618530273,20.049999237060547,11944
2023-07-12,20.25,22.100000381469727,20.100000381469727,21.399999618530273,86050
2023-07-13,21.75,22.850000381469727,21.450000762939453,21.549999237060547,107648
2023-07-14,21.700000762939453,21.75,20.649999618530273,20.700000762939453,68484
2023-07-17,20.850000381469727,21.899999618530273,20.75,21.25,43097
2023-07-18,21.25,21.450000762939453,20.899999618530273,21.049999237060547,15710
2023-07-19,21.25,21.299999237060547,20.75,20.950000762939453,16804
2023-07-20,21.200000762939453,21.25,20.799999237060547,21.149999618530273,13422
2023-07-21,21.149999618530273,21.399999618530273,20.899999618530273,21.200000762939453,10626
2023-07-24,21.200000762939453,21.299999237060547,21.0,21.299999237060547,10581
2023-07-25,21.100000381469727,21.799999237060547,21.049999237060547,21.5,14183
2023-07-26,21.549999237060547,21.75,21.049999237060547,21.200000762939453,16242
2023-07-27,21.0,21.0,20.200000762939453,20.850000381469727,24375
2023-07-28,20.850000381469727,20.950000762939453,20.700000762939453,20.700000762939453,8589
2023-07-31,20.700000762939453,20.700000762939453,20.399999618530273,20.5,19018
2023-08-01,20.649999618530273,20.649999618530273,20.299999237060547,20.399999618530273,13814
2023-08-02,20.399999618530273,20.899999618530273,20.200000762939453,20.399999618530273,15956
2023-08-03,20.350000381469727,20.5,20.049999237060547,20.299999237060547,14521
2023-08-04,20.299999237060547,20.649999618530273,20.149999618530273,20.200000762939453,14679
2023-08-07,20.100000381469727,20.450000762939453,20.100000381469727,20.200000762939453,10350
2023-08-08,20.0,20.200000762939453,19.899999618530273,20.0,16827
2023-08-09,20.0,20.200000762939453,19.8799991607666,20.200000762939453,8702
2023-08-10,20.200000762939453,20.5,19.799999237060547,20.049999237060547,13293
2023-08-11,20.049999237060547,20.399999618530273,19.860000610351562,19.8799991607666,9519
2023-08-14,19.8799991607666,19.899999618530273,19.520000457763672,19.8799991607666,12247
2023-08-16,19.8799991607666,20.100000381469727,19.440000534057617,19.600000381469727,20184
2023-08-17,19.719999313354492,20.0,19.5,19.559999465942383,9433
2023-08-18,19.559999465942383,19.700000762939453,19.420000076293945,19.420000076293945,8733
2023-08-21,19.440000534057617,19.8799991607666,19.399999618530273,19.459999084472656,10480
2023-08-22,19.68000030517578,19.68000030517578,19.299999237060547,19.299999237060547,7537
2023-08-23,19.299999237060547,19.899999618530273,19.299999237060547,19.600000381469727,10591
2023-08-24,19.700000762939453,19.899999618530273,19.600000381469727,19.600000381469727,8331
2023-08-25,19.6200008392334,20.0,19.600000381469727,19.899999618530273,4476
2023-08-28,19.899999618530273,20.0,19.799999237060547,19.84000015258789,5924
2023-08-29,19.899999618530273,19.920000076293945,19.600000381469727,19.600000381469727,6796
2023-08-30,19.600000381469727,19.780000686645508,19.600000381469727,19.639999389648438,5849
2023-08-31,19.780000686645508,19.899999618530273,19.5,19.600000381469727,7977
2023-09-01,19.559999465942383,19.899999618530273,19.540000915527344,19.600000381469727,10470
2023-09-04,19.600000381469727,20.600000381469727,19.600000381469727,20.149999618530273,17411
2023-09-05,20.049999237060547,20.600000381469727,20.0,20.350000381469727,13707
2023-09-06,20.600000381469727,20.600000381469727,19.899999618530273,20.100000381469727,14707
2023-09-07,20.299999237060547,20.399999618530273,19.940000534057617,20.0,7348
2023-09-08,20.149999618530273,20.299999237060547,20.0,20.200000762939453,3361
2023-09-11,20.200000762939453,20.299999237060547,20.0,20.0,5256
2023-09-12,20.100000381469727,20.100000381469727,19.700000762939453,19.979999542236328,11230
2023-09-13,19.920000076293945,20.149999618530273,19.81999969482422,19.84000015258789,4263
2023-09-14,20.100000381469727,20.200000762939453,19.860000610351562,20.149999618530273,2590
2023-09-15,20.200000762939453,20.25,19.920000076293945,19.920000076293945,7321
2023-09-18,20.0,20.100000381469727,19.700000762939453,19.799999237060547,7386
2023-09-19,19.719999313354492,19.899999618530273,19.579999923706055,19.68000030517578,6584
2023-09-20,19.780000686645508,20.0,19.5,19.520000457763672,6435
2023-09-21,19.600000381469727,19.65999984741211,19.1200008392334,19.299999237060547,11362
2023-09-22,19.299999237060547,19.600000381469727,19.15999984741211,19.579999923706055,2666
2023-09-25,19.579999923706055,19.639999389648438,19.200000762939453,19.200000762939453,5018
2023-09-26,19.200000762939453,19.420000076293945,19.1200008392334,19.139999389648438,3678
2023-09-27,19.200000762939453,19.5,19.100000381469727,19.100000381469727,3872
2023-09-28,19.299999237060547,19.399999618530273,19.0,19.059999465942383,7386
2023-09-29,21.399999618530273,21.5,19.8799991607666,20.049999237060547,90617
2023-10-02,20.200000762939453,20.600000381469727,19.899999618530273,19.899999618530273,12073
2023-10-03,19.920000076293945,20.100000381469727,19.479999542236328,19.559999465942383,11903
2023-10-04,19.559999465942383,19.68000030517578,19.420000076293945,19.600000381469727,4816
2023-10-05,19.65999984741211,19.8799991607666,19.479999542236328,19.780000686645508,2790
2023-10-06,19.700000762939453,19.700000762939453,19.420000076293945,19.440000534057617,4301
2023-10-09,19.399999618530273,19.479999542236328,19.100000381469727,19.200000762939453,8772
2023-10-10,19.200000762939453,19.600000381469727,19.200000762939453,19.219999313354492,12530
2023-10-11,19.260000228881836,19.719999313354492,19.260000228881836,19.399999618530273,4252
2023-10-12,19.600000381469727,19.600000381469727,19.239999771118164,19.420000076293945,4313
2023-10-13,19.219999313354492,19.540000915527344,19.219999313354492,19.34000015258789,3233
2023-10-16,19.420000076293945,19.899999618530273,19.420000076293945,19.899999618530273,9560
2023-10-17,19.899999618530273,20.299999237060547,19.719999313354492,19.739999771118164,15258
2023-10-18,19.65999984741211,20.100000381469727,19.600000381469727,19.959999084472656,13740
2023-10-19,20.0,20.049999237060547,19.6200008392334,19.739999771118164,3105
2023-10-20,19.700000762939453,19.739999771118164,19.520000457763672,19.540000915527344,2191
2023-10-23,19.700000762939453,19.700000762939453,19.239999771118164,19.239999771118164,6340
2023-10-24,19.3799991607666,19.799999237060547,19.3799991607666,19.600000381469727,5973
2023-10-25,19.5,19.979999542236328,19.299999237060547,19.8799991607666,6108
2023-10-26,19.8799991607666,20.0,19.520000457763672,19.639999389648438,4373
2023-10-27,20.0,20.0,19.68000030517578,19.920000076293945,3801
2023-10-30,19.920000076293945,20.0,19.68000030517578,19.68000030517578,6494
2023-10-31,19.899999618530273,19.959999084472656,19.600000381469727,19.600000381469727,4971
2023-11-02,19.959999084472656,20.0,19.739999771118164,19.799999237060547,7908
2023-11-03,19.940000534057617,20.899999618530273,19.81999969482422,20.200000762939453,35471
2023-11-06,20.450000762939453,20.950000762939453,20.450000762939453,20.700000762939453,29094
2023-11-07,20.799999237060547,21.149999618530273,20.399999618530273,20.549999237060547,18376
2023-11-08,20.350000381469727,20.399999618530273,19.979999542236328,20.100000381469727,11164
2023-11-09,20.100000381469727,20.299999237060547,19.600000381469727,19.81999969482422,14711
2023-11-10,20.0,20.149999618530273,19.520000457763672,20.0,7995
2023-11-13,20.0,20.149999618530273,19.700000762939453,19.959999084472656,2681
2023-11-14,19.899999618530273,20.299999237060547,19.899999618530273,20.299999237060547,7999
2023-11-15,20.399999618530273,20.549999237060547,20.049999237060547,20.25,6643
2023-11-16,20.450000762939453,20.5,20.100000381469727,20.149999618530273,8047
2023-11-17,20.25,20.5,20.149999618530273,20.399999618530273,4922
2023-11-20,20.399999618530273,20.450000762939453,20.149999618530273,20.350000381469727,8209
2023-11-21,20.899999618530273,21.600000381469727,20.700000762939453,21.200000762939453,51235
2023-11-22,21.200000762939453,21.350000381469727,20.649999618530273,21.0,10097
2023-11-23,21.0,21.299999237060547,20.75,20.799999237060547,5520
2023-11-24,20.950000762939453,21.799999237060547,20.799999237060547,21.700000762939453,47392
2023-11-27,21.950000762939453,22.700000762939453,21.700000762939453,22.0,185244
2023-11-28,22.100000381469727,22.5,21.700000762939453,22.149999618530273,80430
2023-11-29,22.299999237060547,22.299999237060547,21.149999618530273,21.350000381469727,42528
2023-11-30,22.600000381469727,22.700000762939453,21.5,21.950000762939453,105490
2023-12-01,22.0,22.450000762939453,21.450000762939453,22.0,60937
2023-12-04,22.200000762939453,22.700000762939453,22.200000762939453,22.5,58811
2023-12-05,22.5,22.799999237060547,22.350000381469727,22.350000381469727,22372
2023-12-06,22.299999237060547,22.5,21.850000381469727,22.299999237060547,28564
2023-12-07,22.350000381469727,22.350000381469727,21.799999237060547,22.049999237060547,23026
2023-12-08,22.149999618530273,22.25,21.799999237060547,21.899999618530273,18807
2023-12-11,21.799999237060547,21.950000762939453,21.549999237060547,21.75,21387
2023-12-12,21.899999618530273,21.950000762939453,21.600000381469727,21.649999618530273,8026
2023-12-13,21.549999237060547,21.549999237060547,21.049999237060547,21.299999237060547,20701
2023-12-14,21.299999237060547,21.600000381469727,21.200000762939453,21.350000381469727,17761
2023-12-15,21.299999237060547,21.5,21.100000381469727,21.299999237060547,27514
2023-12-18,21.399999618530273,21.549999237060547,21.200000762939453,21.350000381469727,13672
2023-12-19,21.299999237060547,21.399999618530273,21.049999237060547,21.200000762939453,18944
2023-12-20,21.149999618530273,22.75,21.049999237060547,22.100000381469727,123637
2023-12-21,22.149999618530273,22.399999618530273,21.649999618530273,22.0,41780
2023-12-22,22.0,22.25,21.700000762939453,22.100000381469727,36556
2023-12-27,22.100000381469727,22.200000762939453,21.75,21.75,36965
2023-12-28,22.149999618530273,22.149999618530273,21.450000762939453,21.549999237060547,26298
2023-12-29,21.600000381469727,21.850000381469727,21.5,21.600000381469727,17442
2024-01-02,21.600000381469727,21.899999618530273,21.350000381469727,21.549999237060547,19109
2024-01-03,21.600000381469727,21.850000381469727,21.299999237060547,21.299999237060547,13466
2024-01-04,21.299999237060547,21.450000762939453,20.75,20.899999618530273,24969
2024-01-05,20.799999237060547,21.299999237060547,20.600000381469727,21.0,15649
2024-01-08,21.0,21.200000762939453,18.940000534057617,20.950000762939453,44199
2024-01-09,20.950000762939453,21.149999618530273,20.549999237060547,20.700000762939453,11079
2024-01-10,20.850000381469727,20.850000381469727,20.549999237060547,20.600000381469727,4686
2024-01-11,20.649999618530273,21.399999618530273,20.649999618530273,20.75,9787
2024-01-12,20.649999618530273,20.850000381469727,20.450000762939453,20.549999237060547,9160
2024-01-15,20.549999237060547,20.649999618530273,20.200000762939453,20.299999237060547,6004
2024-01-16,20.299999237060547,20.399999618530273,20.0,20.299999237060547,20901
2024-01-17,20.200000762939453,20.5,19.81999969482422,20.100000381469727,15194
2024-01-18,20.100000381469727,20.450000762939453,19.799999237060547,20.450000762939453,11729
2024-01-19,20.450000762939453,20.799999237060547,20.350000381469727,20.549999237060547,10903
2024-01-22,20.450000762939453,20.5,19.81999969482422,20.0,19604
2024-01-23,20.0,20.200000762939453,19.81999969482422,19.81999969482422,5838
2024-01-24,19.8799991607666,20.0,19.760000228881836,19.760000228881836,14797
2024-01-25,19.959999084472656,20.200000762939453,19.8799991607666,19.979999542236328,6180
2024-01-26,20.100000381469727,20.200000762939453,19.81999969482422,19.899999618530273,6690
2024-01-29,19.899999618530273,19.899999618530273,19.65999984741211,19.700000762939453,11059
2024-01-30,19.700000762939453,20.25,19.600000381469727,19.81999969482422,14974
2024-01-31,19.81999969482422,20.350000381469727,19.780000686645508,20.0,13820
2024-02-01,20.200000762939453,20.5,19.899999618530273,20.299999237060547,29781
2024-02-02,20.450000762939453,20.5,20.200000762939453,20.450000762939453,17672
2024-02-05,20.549999237060547,20.549999237060547,20.25,20.299999237060547,10195
2024-02-06,20.25,20.25,19.8799991607666,19.920000076293945,34975
2024-02-07,19.899999618530273,20.399999618530273,19.81999969482422,20.350000381469727,18678
2024-02-08,20.399999618530273,20.450000762939453,20.100000381469727,20.149999618530273,9693
2024-02-09,20.399999618530273,20.450000762939453,20.0,20.0,15241
2024-02-12,20.200000762939453,20.25,19.899999618530273,19.979999542236328,13352
2024-02-13,20.0,20.100000381469727,19.899999618530273,19.899999618530273,5433
2024-02-14,19.899999618530273,20.200000762939453,19.84000015258789,19.920000076293945,7801
2024-02-15,19.920000076293945,19.979999542236328,19.799999237060547,19.940000534057617,6529
2024-02-16,19.899999618530273,20.100000381469727,19.81999969482422,20.0,10682
2024-02-19,20.0,20.149999618530273,19.899999618530273,19.940000534057617,8584
2024-02-20,20.100000381469727,20.149999618530273,19.81999969482422,20.0,9840
2024-02-21,20.0,20.0,19.799999237060547,19.799999237060547,17648
2024-02-22,19.81999969482422,20.0,19.700000762939453,19.959999084472656,18486
2024-02-23,20.0,20.350000381469727,19.899999618530273,20.149999618530273,20558
2024-02-26,20.149999618530273,20.200000762939453,19.920000076293945,19.979999542236328,9565
2024-02-27,19.899999618530273,20.25,19.899999618530273,19.979999542236328,7817
2024-02-28,19.940000534057617,20.0,19.920000076293945,19.979999542236328,6911
2024-02-29,19.979999542236328,20.100000381469727,19.84000015258789,19.8799991607666,7506
2024-03-01,19.8799991607666,20.0,19.760000228881836,20.0,13310
2024-03-04,19.979999542236328,19.979999542236328,19.34000015258789,19.65999984741211,25177
2024-03-05,19.65999984741211,19.780000686645508,19.100000381469727,19.18000030517578,18069
2024-03-06,19.239999771118164,19.299999237060547,19.020000457763672,19.18000030517578,12350
2024-03-07,19.139999389648438,19.200000762939453,18.84000015258789,18.979999542236328,22724
2024-03-08,18.860000610351562,19.0,18.81999969482422,18.899999618530273,10306
2024-03-11,18.940000534057617,19.0,18.799999237060547,19.0,8119
2024-03-12,19.0,19.0,18.579999923706055,18.700000762939453,12615
2024-03-13,18.719999313354492,19.079999923706055,18.719999313354492,19.079999923706055,10405
2024-03-14,19.079999923706055,19.100000381469727,18.959999084472656,18.959999084472656,10489
2024-03-15,18.899999618530273,19.079999923706055,18.0,18.0,91562
2024-03-18,18.0,18.0,17.34000015258789,17.600000381469727,50472
2024-03-19,17.719999313354492,18.799999237060547,17.3799991607666,18.799999237060547,25556
2024-03-20,19.200000762939453,19.860000610351562,18.780000686645508,19.079999923706055,40575
2024-03-21,19.079999923706055,19.100000381469727,18.600000381469727,18.700000762939453,11952
2024-03-22,18.68000030517578,18.68000030517578,18.219999313354492,18.299999237060547,17777
2024-03-25,18.479999542236328,19.299999237060547,18.219999313354492,19.200000762939453,65558
2024-03-26,19.299999237060547,20.149999618530273,19.020000457763672,19.639999389648438,35357
2024-03-27,19.940000534057617,19.940000534057617,19.600000381469727,19.600000381469727,4239
2024-03-28,19.600000381469727,19.899999618530273,19.600000381469727,19.600000381469727,8855
2024-04-02,20.0,20.0,19.3799991607666,19.600000381469727,11438
2024-04-03,19.600000381469727,19.799999237060547,19.31999969482422,19.579999923706055,3915
2024-04-04,19.579999923706055,19.81999969482422,19.5,19.540000915527344,6773
2024-04-05,19.540000915527344,19.639999389648438,19.34000015258789,19.34000015258789,3995
2024-04-08,19.34000015258789,19.639999389648438,19.0,19.639999389648438,7060
2024-04-09,19.579999923706055,19.979999542236328,19.579999923706055,19.639999389648438,12426
2024-04-10,19.65999984741211,19.799999237060547,19.219999313354492,19.479999542236328,5715
2024-04-11,19.700000762939453,19.700000762939453,19.440000534057617,19.68000030517578,7039
2024-04-12,20.0,20.0,19.5,19.540000915527344,9161
2024-04-15,19.520000457763672,19.719999313354492,19.239999771118164,19.239999771118164,3472
2024-04-16,19.219999313354492,19.399999618530273,19.0,19.020000457763672,7672
2024-04-17,19.100000381469727,19.299999237060547,19.0,19.260000228881836,6138
2024-04-18,19.34000015258789,19.3799991607666,19.040000915527344,19.299999237060547,954
2024-04-19,19.299999237060547,19.399999618530273,19.139999389648438,19.360000610351562,3821
2024-04-22,19.8799991607666,20.0,19.420000076293945,19.700000762939453,23739
2024-04-23,19.799999237060547,19.860000610351562,19.700000762939453,19.799999237060547,13161
2024-04-24,19.739999771118164,19.860000610351562,19.479999542236328,19.579999923706055,10380
2024-04-25,19.559999465942383,19.600000381469727,19.399999618530273,19.540000915527344,6002
2024-04-26,19.780000686645508,19.780000686645508,19.5,19.700000762939453,3651
2024-04-29,19.719999313354492,19.780000686645508,19.600000381469727,19.719999313354492,6160
2024-04-30,19.739999771118164,19.799999237060547,19.5,19.700000762939453,4385
2024-05-02,19.799999237060547,20.399999618530273,19.719999313354492,19.940000534057617,37620
2024-05-06,19.959999084472656,19.979999542236328,19.719999313354492,19.760000228881836,9658
2024-05-07,19.719999313354492,19.940000534057617,19.719999313354492,19.799999237060547,8998
2024-05-08,19.739999771118164,20.200000762939453,19.540000915527344,19.959999084472656,16859
2024-05-09,19.959999084472656,20.350000381469727,19.959999084472656,19.979999542236328,17992
2024-05-10,20.100000381469727,20.399999618530273,19.81999969482422,19.979999542236328,19074
2024-05-13,20.0,20.350000381469727,19.920000076293945,20.200000762939453,16235
2024-05-14,20.200000762939453,20.350000381469727,19.940000534057617,20.0,12702
2024-05-15,20.149999618530273,20.149999618530273,19.81999969482422,19.959999084472656,10927
2024-05-16,20.0,20.100000381469727,19.700000762939453,19.940000534057617,17119
2024-05-17,19.940000534057617,19.940000534057617,19.5,19.700000762939453,31871
2024-05-20,19.700000762939453,20.149999618530273,19.399999618530273,20.100000381469727,40110
2024-05-21,20.100000381469727,20.299999237060547,19.940000534057617,19.959999084472656,42719
2024-05-22,19.940000534057617,21.0,19.899999618530273,20.799999237060547,80679
2024-05-23,20.899999618530273,21.549999237060547,20.600000381469727,20.75,77410
2024-05-24,20.75,20.899999618530273,20.25,20.450000762939453,22085
2024-05-27,20.450000762939453,21.200000762939453,20.350000381469727,20.700000762939453,22702
2024-05-28,20.799999237060547,20.850000381469727,20.049999237060547,20.200000762939453,30746
2024-05-29,20.0,20.100000381469727,19.100000381469727,19.200000762939453,85398
2024-05-31,19.299999237060547,19.579999923706055,19.100000381469727,19.18000030517578,30999
2024-06-03,19.200000762939453,19.459999084472656,19.200000762939453,19.399999618530273,11565
2024-06-04,19.479999542236328,19.479999542236328,19.200000762939453,19.299999237060547,8737
2024-06-05,19.360000610351562,19.420000076293945,19.100000381469727,19.239999771118164,8716
2024-06-06,19.280000686645508,19.299999237060547,19.200000762939453,19.280000686645508,6673
2024-06-07,19.280000686645508,19.299999237060547,19.0,19.200000762939453,14990
2024-06-10,19.31999969482422,19.399999618530273,19.18000030517578,19.18000030517578,21151
2024-06-11,19.18000030517578,19.280000686645508,19.0,19.059999465942383,7879
2024-06-12,19.200000762939453,19.200000762939453,19.0,19.100000381469727,8188
2024-06-13,19.100000381469727,19.200000762939453,19.0,19.020000457763672,5001
2024-06-14,19.059999465942383,19.139999389648438,18.1200008392334,19.0,29013
2024-06-17,19.0,19.079999923706055,18.799999237060547,18.899999618530273,6837
2024-06-18,18.84000015258789,18.979999542236328,18.799999237060547,18.860000610351562,6635
2024-06-19,18.799999237060547,18.799999237060547,18.299999237060547,18.479999542236328,44757
2024-06-20,18.479999542236328,18.600000381469727,18.399999618530273,18.440000534057617,49828
2024-06-21,18.420000076293945,18.959999084472656,18.399999618530273,18.700000762939453,19873
2024-06-24,18.780000686645508,18.780000686645508,18.5,18.700000762939453,9436
2024-06-25,18.81999969482422,18.940000534057617,18.600000381469727,18.899999618530273,11386
2024-06-26,18.899999618530273,18.940000534057617,18.719999313354492,18.860000610351562,4973
2024-06-27,18.700000762939453,18.719999313354492,18.520000457763672,18.68000030517578,15626
2024-06-28,18.700000762939453,19.18000030517578,18.700000762939453,18.899999618530273,11876
2024-07-01,19.15999984741211,19.15999984741211,18.920000076293945,19.0,8222
2024-07-02,19.059999465942383,19.079999923706055,18.799999237060547,18.8799991607666,4165
2024-07-03,18.799999237060547,19.0,18.780000686645508,18.780000686645508,4110
2024-07-04,18.700000762939453,18.979999542236328,18.639999389648438,18.739999771118164,9177
2024-07-05,18.780000686645508,18.979999542236328,18.600000381469727,18.799999237060547,9086
2024-07-08,18.600000381469727,19.0,18.459999084472656,19.0,11012
2024-07-09,18.81999969482422,18.899999618530273,18.600000381469727,18.8799991607666,16382
2024-07-10,18.860000610351562,18.860000610351562,18.559999465942383,18.760000228881836,9539
2024-07-11,18.760000228881836,18.760000228881836,18.420000076293945,18.600000381469727,13119
2024-07-12,18.559999465942383,18.799999237060547,18.479999542236328,18.760000228881836,6185
2024-07-15,18.600000381469727,18.760000228881836,18.31999969482422,18.600000381469727,6897
2024-07-16,18.600000381469727,18.600000381469727,18.299999237060547,18.479999542236328,8463
2024-07-17,18.440000534057617,18.440000534057617,17.899999618530273,18.100000381469727,16750
2024-07-18,18.100000381469727,18.399999618530273,18.100000381469727,18.299999237060547,6450
2024-07-19,18.299999237060547,18.579999923706055,18.200000762939453,18.31999969482422,3105
2024-07-22,18.31999969482422,18.600000381469727,18.299999237060547,18.520000457763672,9402
2024-07-23,18.639999389648438,18.639999389648438,18.219999313354492,18.5,3223
2024-07-24,18.219999313354492,18.420000076293945,18.079999923706055,18.15999984741211,9962
2024-07-25,18.15999984741211,18.15999984741211,17.799999237060547,17.959999084472656,11638
2024-07-26,18.139999389648438,18.6200008392334,18.0,18.15999984741211,10058
2024-07-29,18.299999237060547,18.559999465942383,18.239999771118164,18.239999771118164,3358
2024-07-30,18.459999084472656,18.579999923706055,18.219999313354492,18.219999313354492,6129
2024-07-31,18.219999313354492,18.5,18.219999313354492,18.219999313354492,3303
2024-08-01,18.200000762939453,18.3799991607666,18.020000457763672,18.3799991607666,3480
2024-08-02,18.360000610351562,18.360000610351562,17.920000076293945,18.1200008392334,9578
2024-08-05,17.799999237060547,17.8799991607666,16.739999771118164,17.299999237060547,45803
2024-08-06,17.5,17.739999771118164,17.399999618530273,17.700000762939453,10385
2024-08-07,17.760000228881836,17.860000610351562,17.520000457763672,17.760000228881836,6754
2024-08-08,17.760000228881836,17.84000015258789,17.5,17.719999313354492,4368
2024-08-09,17.8799991607666,17.899999618530273,17.6200008392334,17.81999969482422,1662
2024-08-12,17.81999969482422,18.100000381469727,17.739999771118164,18.100000381469727,4483
2024-08-13,18.079999923706055,18.100000381469727,17.799999237060547,18.079999923706055,5088
2024-08-14,17.899999618530273,18.0,17.81999969482422,17.920000076293945,1967
2024-08-16,18.100000381469727,18.100000381469727,17.920000076293945,18.0,2477
2024-08-19,17.959999084472656,18.1200008392334,17.940000534057617,17.940000534057617,5250
2024-08-20,17.979999542236328,18.0,17.799999237060547,17.979999542236328,5003
2024-08-21,18.0,18.0,17.65999984741211,17.860000610351562,5517
2024-08-22,17.700000762939453,18.100000381469727,17.68000030517578,17.940000534057617,10232
2024-08-23,17.940000534057617,18.0,17.81999969482422,18.0,2428
2024-08-26,18.0,18.079999923706055,17.920000076293945,18.0,6053
2024-08-27,18.0,18.100000381469727,18.0,18.0,656
2024-08-28,17.979999542236328,18.059999465942383,17.899999618530273,18.0,5133
2024-08-29,17.920000076293945,18.0,17.799999237060547,17.8799991607666,4610
2024-08-30,17.8799991607666,18.0,17.780000686645508,18.0,9553
2024-09-02,18.0,18.059999465942383,17.780000686645508,18.0,5254
2024-09-03,18.020000457763672,18.5,18.020000457763672,18.18000030517578,18770
2024-09-04,18.1200008392334,18.15999984741211,17.8799991607666,18.0,6891
2024-09-05,18.0,18.079999923706055,17.899999618530273,17.979999542236328,5234
2024-09-06,17.920000076293945,18.040000915527344,17.8799991607666,18.0,2049
2024-09-09,17.920000076293945,18.079999923706055,17.719999313354492,17.719999313354492,7901
2024-09-10,17.81999969482422,17.959999084472656,17.6200008392334,17.899999618530273,4577
2024-09-11,17.899999618530273,17.899999618530273,17.6200008392334,17.639999389648438,3019
2024-09-12,17.600000381469727,17.700000762939453,17.459999084472656,17.459999084472656,15886
2024-09-13,17.459999084472656,17.899999618530273,17.459999084472656,17.639999389648438,1604
2024-09-16,17.65999984741211,17.8799991607666,17.639999389648438,17.68000030517578,3556
2024-09-17,17.68000030517578,17.8799991607666,17.600000381469727,17.84000015258789,2729
2024-09-18,17.84000015258789,17.860000610351562,17.559999465942383,17.84000015258789,3814
2024-09-19,17.84000015258789,17.84000015258789,17.600000381469727,17.6200008392334,3210
2024-09-20,17.6200008392334,17.81999969482422,17.440000534057617,17.440000534057617,5214
2024-09-23,17.440000534057617,17.84000015258789,17.420000076293945,17.600000381469727,4273
2024-09-24,17.600000381469727,17.8799991607666,17.579999923706055,17.780000686645508,3444
2024-09-25,18.200000762939453,18.360000610351562,18.0,18.239999771118164,25157
2024-09-26,18.18000030517578,18.200000762939453,17.920000076293945,18.100000381469727,13830
2024-09-27,17.959999084472656,18.079999923706055,17.719999313354492,17.760000228881836,13959
2024-09-30,17.760000228881836,17.940000534057617,17.540000915527344,17.540000915527344,5142
2024-10-01,17.8799991607666,17.979999542236328,17.639999389648438,17.959999084472656,5166
2024-10-02,17.959999084472656,18.0,17.520000457763672,17.65999984741211,5312
2024-10-03,17.739999771118164,17.739999771118164,17.440000534057617,17.65999984741211,4373
2024-10-04,17.739999771118164,17.739999771118164,17.399999618530273,17.399999618530273,7777
2024-10-07,17.399999618530273,17.600000381469727,16.799999237060547,17.15999984741211,19373
2024-10-08,16.979999542236328,17.0,16.040000915527344,16.899999618530273,30147
2024-10-09,16.899999618530273,17.299999237060547,16.8799991607666,17.0,6145
2024-10-10,17.0,17.0,16.899999618530273,16.959999084472656,4478
2024-10-11,16.959999084472656,16.959999084472656,16.81999969482422,16.959999084472656,2329
2024-10-14,16.979999542236328,17.0,16.739999771118164,16.8799991607666,3011
2024-10-15,16.8799991607666,16.8799991607666,16.600000381469727,16.65999984741211,5433
2024-10-16,16.65999984741211,16.700000762939453,16.399999618530273,16.600000381469727,7552
2024-10-17,16.600000381469727,16.899999618530273,16.420000076293945,16.5,10602
2024-10-18,16.459999084472656,16.559999465942383,15.5,16.540000915527344,23859
2024-10-21,16.559999465942383,17.0,16.399999618530273,16.700000762939453,5307
2024-10-22,16.780000686645508,16.940000534057617,16.700000762939453,16.700000762939453,2016
2024-10-23,16.639999389648438,16.799999237060547,16.280000686645508,16.280000686645508,4868
2024-10-24,16.280000686645508,16.5,16.219999313354492,16.5,5417
2024-10-25,16.440000534057617,16.700000762939453,16.399999618530273,16.5,2597
2024-10-28,16.639999389648438,16.639999389648438,16.299999237060547,16.639999389648438,1869
2024-10-29,16.65999984741211,16.65999984741211,16.3799991607666,16.479999542236328,5212
2024-10-30,16.479999542236328,16.479999542236328,16.399999618530273,16.459999084472656,3019
2024-10-31,16.459999084472656,16.459999084472656,16.200000762939453,16.34000015258789,5339
2024-11-04,16.280000686645508,16.399999618530273,16.280000686645508,16.3799991607666,3432
2024-11-05,16.399999618530273,16.579999923706055,16.280000686645508,16.540000915527344,5106
2024-11-06,16.540000915527344,16.540000915527344,16.299999237060547,16.399999618530273,4220
2024-11-07,16.3799991607666,16.5,16.299999237060547,16.3799991607666,3415
2024-11-08,16.260000228881836,16.479999542236328,16.200000762939453,16.399999618530273,5101
2024-11-12,16.459999084472656,16.459999084472656,15.880000114440918,16.239999771118164,11132
2024-11-13,16.260000228881836,16.399999618530273,16.0,16.200000762939453,3375
2024-11-14,16.1200008392334,16.1200008392334,15.5,15.899999618530273,10183
2024-11-15,15.899999618530273,15.960000038146973,15.579999923706055,15.579999923706055,7206
2024-11-18,15.739999771118164,15.960000038146973,15.100000381469727,15.199999809265137,12624
2024-11-19,15.199999809265137,15.199999809265137,14.539999961853027,14.880000114440918,14808
2024-11-20,14.899999618530273,15.079999923706055,14.720000267028809,14.960000038146973,9646
2024-11-21,14.960000038146973,15.079999923706055,14.699999809265137,15.0,6779
2024-11-22,15.0,16.1200008392334,14.9399995803833,15.699999809265137,21494
2024-11-25,16.0,16.68000030517578,15.800000190734863,16.479999542236328,16128
2024-11-26,16.520000457763672,16.739999771118164,16.0,16.700000762939453,14066
2024-11-27,16.34000015258789,16.34000015258789,15.899999618530273,16.020000457763672,9885
2024-11-28,15.920000076293945,16.260000228881836,15.920000076293945,16.0,2377
2024-11-29,15.920000076293945,16.260000228881836,15.5,15.739999771118164,11362
2024-12-02,15.520000457763672,16.0,15.520000457763672,16.0,11199
2024-12-03,16.040000915527344,16.079999923706055,15.819999694824219,15.84000015258789,5068
2024-12-04,15.9399995803833,15.9399995803833,15.720000267028809,15.859999656677246,1609
2024-12-05,15.84000015258789,15.84000015258789,15.520000457763672,15.699999809265137,3824
2024-12-06,15.539999961853027,15.699999809265137,15.399999618530273,15.699999809265137,9093
2024-12-09,15.699999809265137,15.779999732971191,15.520000457763672,15.640000343322754,5801
2024-12-10,15.640000343322754,15.640000343322754,15.180000305175781,15.4399995803833,12770
2024-12-11,15.4399995803833,15.520000457763672,15.0,15.0600004196167,18008
2024-12-12,15.100000381469727,15.279999732971191,14.4399995803833,14.65999984741211,55279
2024-12-13,14.65999984741211,14.739999771118164,14.460000038146973,14.65999984741211,23488
2024-12-16,14.5,14.600000381469727,13.899999618530273,14.399999618530273,64248
2024-12-17,14.399999618530273,14.399999618530273,14.0,14.079999923706055,19952
2024-12-18,14.079999923706055,14.15999984741211,13.619999885559082,13.800000190734863,22970
2024-12-19,13.899999618530273,14.100000381469727,13.600000381469727,14.0,23434
2024-12-20,13.899999618530273,13.899999618530273,13.539999961853027,13.739999771118164,44414
2024-12-23,13.699999809265137,13.739999771118164,13.300000190734863,13.399999618530273,53267
2024-12-27,13.399999618530273,13.680000305175781,13.399999618530273,13.619999885559082,6246
2024-12-30,13.619999885559082,13.84000015258789,13.479999542236328,13.680000305175781,15426
2025-01-02,13.819999694824219,14.199999809265137,13.420000076293945,14.199999809265137,17993
2025-01-03,14.300000190734863,14.380000114440918,14.039999961853027,14.279999732971191,11376
2025-01-07,14.279999732971191,14.279999732971191,14.15999984741211,14.279999732971191,11840
2025-01-08,14.260000228881836,14.260000228881836,13.880000114440918,14.0,10531
2025-01-09,14.0,14.0600004196167,13.819999694824219,14.0600004196167,6142
2025-01-10,14.0,14.180000305175781,13.960000038146973,14.15999984741211,6715
2025-01-13,14.039999961853027,14.079999923706055,13.899999618530273,13.960000038146973,3280
2025-01-14,14.0,14.15999984741211,13.880000114440918,13.9399995803833,5627
2025-01-15,13.920000076293945,14.279999732971191,13.920000076293945,14.15999984741211,7691
2025-01-16,14.15999984741211,14.15999984741211,13.960000038146973,14.100000381469727,7439
2025-01-17,14.100000381469727,14.279999732971191,14.039999961853027,14.180000305175781,10250
2025-01-20,14.260000228881836,14.5600004196167,14.220000267028809,14.5,11359
2025-01-21,14.5,14.520000457763672,14.359999656677246,14.399999618530273,7463
2025-01-22,14.479999542236328,14.5,14.239999771118164,14.460000038146973,5028
2025-01-23,14.520000457763672,18.860000610351562,14.260000228881836,17.899999618530273,288058
2025-01-24,18.200000762939453,18.299999237060547,17.100000381469727,17.299999237060547,80227
2025-01-27,17.280000686645508,17.299999237060547,16.799999237060547,16.979999542236328,16813
2025-01-28,16.979999542236328,17.600000381469727,16.979999542236328,17.280000686645508,13221
2025-01-29,17.280000686645508,17.799999237060547,17.219999313354492,17.3799991607666,10726
2025-01-30,17.299999237060547,17.440000534057617,17.200000762939453,17.200000762939453,11097
2025-01-31,17.399999618530273,17.399999618530273,16.739999771118164,16.979999542236328,14346
2025-02-03,16.780000686645508,16.780000686645508,16.1200008392334,16.600000381469727,13058
2025-02-04,16.399999618530273,16.600000381469727,16.1200008392334,16.600000381469727,9873
2025-02-05,16.600000381469727,16.860000610351562,16.440000534057617,16.860000610351562,3890
2025-02-06,16.84000015258789,16.84000015258789,16.399999618530273,16.719999313354492,12710
2025-02-07,16.719999313354492,16.760000228881836,16.5,16.760000228881836,8870
2025-02-10,16.799999237060547,17.81999969482422,16.600000381469727,17.299999237060547,32428
2025-02-11,17.559999465942383,17.700000762939453,17.299999237060547,17.600000381469727,8610
2025-02-12,17.700000762939453,17.899999618530273,17.420000076293945,17.540000915527344,13538
2025-02-13,17.540000915527344,18.700000762939453,17.540000915527344,18.700000762939453,62399
2025-02-14,18.6200008392334,18.700000762939453,17.899999618530273,18.040000915527344,25014
2025-02-17,18.0,18.440000534057617,17.979999542236328,18.299999237060547,8858
2025-02-18,18.440000534057617,18.579999923706055,18.299999237060547,18.579999923706055,17160
2025-02-19,18.600000381469727,18.600000381469727,18.219999313354492,18.219999313354492,9557
2025-02-20,18.299999237060547,18.399999618530273,17.920000076293945,17.979999542236328,7662
2025-02-21,17.979999542236328,18.479999542236328,17.979999542236328,18.3799991607666,10865
2025-02-24,18.200000762939453,18.440000534057617,18.15999984741211,18.15999984741211,3957
2025-02-25,18.100000381469727,18.100000381469727,17.739999771118164,17.920000076293945,6225
2025-02-26,17.899999618530273,18.3799991607666,17.8799991607666,18.280000686645508,7179
2025-02-27,18.34000015258789,18.360000610351562,17.799999237060547,18.200000762939453,8345
2025-02-28,18.139999389648438,18.139999389648438,17.600000381469727,17.8799991607666,14337
2025-03-03,17.8799991607666,17.8799991607666,17.600000381469727,17.799999237060547,4592
2025-03-04,17.65999984741211,17.65999984741211,16.899999618530273,17.299999237060547,6983
2025-03-05,17.139999389648438,17.600000381469727,17.139999389648438,17.579999923706055,4697
2025-03-06,17.579999923706055,17.6200008392334,17.299999237060547,17.600000381469727,5529
2025-03-07,17.600000381469727,17.600000381469727,17.0,17.479999542236328,4207
2025-03-10,17.479999542236328,17.479999542236328,17.239999771118164,17.3799991607666,1997
2025-03-11,17.559999465942383,17.579999923706055,16.639999389648438,17.100000381469727,31161
2025-03-12,17.040000915527344,17.040000915527344,16.600000381469727,16.799999237060547,20385
2025-03-13,16.799999237060547,17.479999542236328,16.799999237060547,16.940000534057617,25709
2025-03-14,16.940000534057617,17.299999237060547,16.5,16.739999771118164,31925
2025-03-17,16.65999984741211,17.0,16.65999984741211,16.899999618530273,9856
2025-03-18,16.799999237060547,16.979999542236328,16.559999465942383,16.959999084472656,8494
2025-03-19,16.700000762939453,16.959999084472656,16.700000762939453,16.81999969482422,4720
2025-03-20,16.81999969482422,16.959999084472656,16.700000762939453,16.959999084472656,11850
2025-03-21,16.959999084472656,16.959999084472656,16.719999313354492,16.84000015258789,3072
2025-03-24,16.899999618530273,16.959999084472656,16.700000762939453,16.959999084472656,5465
2025-03-25,16.979999542236328,17.799999237060547,16.979999542236328,17.559999465942383,32125
2025-03-26,17.579999923706055,17.700000762939453,17.260000228881836,17.31999969482422,6009
2025-03-27,17.31999969482422,17.799999237060547,17.299999237060547,17.780000686645508,10335
2025-03-28,17.700000762939453,18.079999923706055,17.360000610351562,18.079999923706055,17507
2025-03-31,18.079999923706055,18.079999923706055,17.399999618530273,17.780000686645508,4714
2025-04-01,17.780000686645508,17.780000686645508,17.559999465942383,17.700000762939453,3052
2025-04-02,17.68000030517578,18.0,17.579999923706055,17.700000762939453,7780
2025-04-03,17.579999923706055,17.639999389648438,17.0,17.15999984741211,14371
2025-04-04,17.139999389648438,17.139999389648438,16.5,16.700000762939453,25030
2025-04-07,16.299999237060547,16.479999542236328,15.0600004196167,16.299999237060547,19782
2025-04-08,16.399999618530273,16.479999542236328,16.299999237060547,16.399999618530273,6089
2025-04-09,16.299999237060547,16.479999542236328,16.0,16.100000381469727,5889
2025-04-10,16.700000762939453,17.0,16.399999618530273,17.0,22600
2025-04-11,16.920000076293945,17.5,16.639999389648438,17.399999618530273,10801
2025-04-14,17.5,18.31999969482422,17.299999237060547,18.079999923706055,23876
2025-04-15,18.18000030517578,18.600000381469727,18.0,18.079999923706055,23010
2025-04-16,18.0,18.079999923706055,17.899999618530273,18.0,7881
2025-04-17,17.959999084472656,18.299999237060547,17.860000610351562,18.18000030517578,22582
2025-04-22,18.18000030517578,19.100000381469727,18.18000030517578,18.979999542236328,34981
2025-04-23,19.100000381469727,19.5,19.020000457763672,19.200000762939453,28728
2025-04-24,19.18000030517578,19.18000030517578,18.920000076293945,19.040000915527344,12528
2025-04-25,19.040000915527344,19.200000762939453,18.600000381469727,18.780000686645508,11876
2025-04-28,18.799999237060547,19.200000762939453,18.399999618530273,18.8799991607666,11427
2025-04-29,18.8799991607666,19.0,18.700000762939453,19.0,9299
2025-04-30,19.18000030517578,19.200000762939453,18.760000228881836,18.760000228881836,13881
2025-05-02,18.760000228881836,19.6200008392334,18.68000030517578,19.5,25214
2025-05-05,19.459999084472656,19.459999084472656,19.200000762939453,19.260000228881836,12045
2025-05-06,19.31999969482422,19.31999969482422,18.299999237060547,18.600000381469727,40005
2025-05-07,18.65999984741211,18.760000228881836,18.299999237060547,18.719999313354492,7498
2025-05-08,18.760000228881836,18.84000015258789,18.559999465942383,18.799999237060547,5599
2025-05-09,18.799999237060547,18.899999618530273,18.700000762939453,18.8799991607666,6263
2025-05-12,18.899999618530273,18.979999542236328,18.780000686645508,18.8799991607666,7152
2025-05-13,18.899999618530273,19.200000762939453,18.799999237060547,19.200000762939453,33928
2025-05-14,20.899999618530273,26.0,20.799999237060547,25.0,788057
2025-05-15,25.5,28.049999237060547,24.299999237060547,25.649999618530273,412984
2025-05-16,25.549999237060547,25.950000762939453,24.25,24.899999618530273,122009
2025-05-19,24.899999618530273,25.850000381469727,24.899999618530273,25.350000381469727,39408
2025-05-20,25.399999618530273,25.649999618530273,24.799999237060547,25.049999237060547,32844
2025-05-21,25.0,25.049999237060547,23.450000762939453,24.0,71641
2025-05-22,24.0,24.75,23.450000762939453,24.100000381469727,34175
2025-05-23,24.100000381469727,24.799999237060547,23.549999237060547,23.850000381469727,30318
2025-05-26,24.299999237060547,25.5,24.100000381469727,24.700000762939453,42757
2025-05-27,24.700000762939453,24.950000762939453,24.25,24.600000381469727,21729
2025-05-28,24.899999618530273,26.649999618530273,24.299999237060547,25.350000381469727,118819
2025-05-29,25.899999618530273,26.0,25.299999237060547,25.299999237060547,31745
2025-05-30,25.299999237060547,25.649999618530273,24.899999618530273,25.399999618530273,24330
2025-06-02,24.0,25.200000762939453,23.799999237060547,25.149999618530273,35181
2025-06-03,25.0,25.0,24.149999618530273,24.649999618530273,22140
2025-06-04,24.850000381469727,25.200000762939453,24.399999618530273,25.149999618530273,20720
2025-06-05,25.149999618530273,25.149999618530273,24.450000762939453,24.649999618530273,19712
2025-06-06,24.450000762939453,24.799999237060547,24.200000762939453,24.549999237060547,12748
2025-06-09,24.649999618530273,25.149999618530273,24.5,24.899999618530273,20842
2025-06-10,25.100000381469727,28.25,25.049999237060547,27.299999237060547,229434
2025-06-11,27.5,28.0,26.799999237060547,27.299999237060547,79919
2025-06-12,27.299999237060547,27.450000762939453,26.299999237060547,26.75,38266
2025-06-13,26.25,26.399999618530273,25.5,26.149999618530273,78487
2025-06-16,26.299999237060547,27.299999237060547,25.899999618530273,27.049999237060547,33592
2025-06-17,27.149999618530273,28.450000762939453,27.149999618530273,28.149999618530273,73136
2025-06-18,28.799999237060547,30.850000381469727,28.75,30.299999237060547,234197
2025-06-20,30.0,30.25,29.100000381469727,29.75,51906
2025-06-23,29.75,30.350000381469727,28.75,30.350000381469727,58438
2025-06-24,30.5,30.850000381469727,29.149999618530273,29.299999237060547,48016
2025-06-25,29.600000381469727,30.200000762939453,29.350000381469727,30.0,20775
2025-06-26,30.0,30.350000381469727,29.5,29.600000381469727,24030
2025-06-27,29.899999618530273,29.899999618530273,28.75,29.0,25714
2025-06-30,28.899999618530273,29.399999618530273,28.049999237060547,28.950000762939453,46085
2025-07-01,27.5,27.5,23.049999237060547,23.25,499035
2025-07-02,23.899999618530273,24.75,22.700000762939453,24.649999618530273,235138
2025-07-03,24.649999618530273,25.350000381469727,24.100000381469727,24.600000381469727,86744
2025-07-04,24.450000762939453,25.399999618530273,24.450000762939453,24.700000762939453,46722
2025-07-07,25.0,25.0,24.450000762939453,24.899999618530273,21058
2025-07-08,24.899999618530273,25.0,23.25,24.350000381469727,36613
2025-07-09,24.549999237060547,24.799999237060547,23.899999618530273,24.700000762939453,28680
2025-07-10,24.700000762939453,25.0,24.450000762939453,24.799999237060547,21712
2025-07-11,24.899999618530273,24.899999618530273,24.5,24.75,17769
2025-07-14,24.799999237060547,24.799999237060547,24.049999237060547,24.399999618530273,43215
2025-07-15,24.100000381469727,24.600000381469727,24.100000381469727,24.299999237060547,15023
2025-07-16,24.450000762939453,24.450000762939453,23.450000762939453,24.200000762939453,41357
2025-07-17,24.350000381469727,24.399999618530273,24.0,24.049999237060547,21062
2025-07-18,24.100000381469727,24.549999237060547,24.100000381469727,24.350000381469727,24199
2025-07-21,25.75,26.200000762939453,24.5,25.100000381469727,73053
2025-07-22,25.100000381469727,25.549999237060547,24.700000762939453,25.049999237060547,17581
2025-07-23,25.100000381469727,25.25,24.899999618530273,25.149999618530273,10644
2025-07-24,25.200000762939453,25.200000762939453,24.649999618530273,24.75,10749
2025-07-25,24.75,24.850000381469727,24.100000381469727,24.200000762939453,19263
2025-07-28,24.049999237060547,24.200000762939453,23.700000762939453,23.700000762939453,34157
2025-07-29,23.700000762939453,23.950000762939453,23.5,23.649999618530273,12252
2025-07-30,23.5,23.75,23.200000762939453,23.299999237060547,14242
2025-07-31,23.299999237060547,23.5,23.200000762939453,23.399999618530273,9712
2025-08-01,23.600000381469727,23.600000381469727,22.700000762939453,22.75,25654
2025-08-04,23.399999618530273,23.399999618530273,22.299999237060547,22.299999237060547,13709
2025-08-05,22.5,22.75,21.899999618530273,21.899999618530273,30204
2025-08-06,21.899999618530273,21.899999618530273,20.600000381469727,20.899999618530273,55468
2025-08-07,21.0,22.0,21.0,22.0,36730
2025-08-08,22.100000381469727,22.100000381469727,21.850000381469727,22.0,7119
2025-08-11,22.100000381469727,22.850000381469727,22.0,22.850000381469727,15767
2025-08-12,22.700000762939453,23.0,22.149999618530273,22.799999237060547,16660
2025-08-13,22.950000762939453,23.0,22.549999237060547,22.649999618530273,15499
2025-08-14,22.600000381469727,22.600000381469727,22.149999618530273,22.399999618530273,12255
2025-08-18,22.600000381469727,23.799999237060547,22.399999618530273,23.700000762939453,30428
2025-08-19,23.700000762939453,23.850000381469727,23.149999618530273,23.399999618530273,6767
2025-08-20,23.450000762939453,23.649999618530273,23.149999618530273,23.200000762939453,5539
2025-08-21,23.200000762939453,23.350000381469727,22.850000381469727,23.100000381469727,3577
2025-08-22,22.899999618530273,23.399999618530273,22.399999618530273,22.399999618530273,14638
2025-08-25,22.350000381469727,23.850000381469727,22.25,23.100000381469727,8457
2025-08-26,23.399999618530273,23.399999618530273,22.799999237060547,23.0,1865
2025-08-27,22.799999237060547,23.0,22.399999618530273,22.600000381469727,6914
2025-08-28,22.700000762939453,22.950000762939453,21.850000381469727,21.950000762939453,8970
2025-08-29,21.950000762939453,22.450000762939453,21.350000381469727,21.899999618530273,9665
2025-09-01,21.5,21.899999618530273,21.299999237060547,21.600000381469727,9968
2025-09-02,21.850000381469727,21.850000381469727,21.049999237060547,21.600000381469727,11213
2025-09-03,21.649999618530273,21.799999237060547,21.25,21.450000762939453,8128
2025-09-04,21.700000762939453,21.850000381469727,21.450000762939453,21.649999618530273,11949
2025-09-05,21.549999237060547,21.899999618530273,21.549999237060547,21.700000762939453,4197
2025-09-08,21.649999618530273,22.0,21.299999237060547,21.75,7862
2025-09-09,21.399999618530273,21.899999618530273,21.350000381469727,21.649999618530273,10342
2025-09-10,21.299999237060547,23.299999237060547,21.149999618530273,22.950000762939453,46368
2025-09-11,23.25,23.899999618530273,22.850000381469727,22.850000381469727,30547
2025-09-12,23.0,23.850000381469727,23.0,23.549999237060547,18971
2025-09-15,23.5,23.549999237060547,23.299999237060547,23.350000381469727,7242
2025-09-16,23.350000381469727,23.350000381469727,22.600000381469727,23.299999237060547,12237
2025-09-17,23.299999237060547,24.600000381469727,22.899999618530273,24.399999618530273,23033
2025-09-18,24.649999618530273,24.899999618530273,24.25,24.649999618530273,33493
2025-09-19,24.299999237060547,24.799999237060547,23.700000762939453,24.799999237060547,15502
2025-09-22,24.799999237060547,24.950000762939453,24.149999618530273,24.200000762939453,17600
2025-09-23,24.25,24.799999237060547,24.200000762939453,24.649999618530273,8941
2025-09-24,24.399999618530273,24.700000762939453,24.200000762939453,24.350000381469727,5430
2025-09-25,24.5,24.600000381469727,24.0,24.149999618530273,4437
2025-09-26,24.149999618530273,24.5,23.700000762939453,24.0,6813
2025-09-29,24.0,24.5,23.700000762939453,24.299999237060547,8669
2025-09-30,24.200000762939453,24.350000381469727,23.75,23.950000762939453,4937
2025-10-01,22.75,23.549999237060547,22.25,22.5,42884
2025-10-02,22.549999237060547,22.899999618530273,21.950000762939453,22.399999618530273,27863
2025-10-03,22.299999237060547,22.700000762939453,22.100000381469727,22.450000762939453,11114
2025-10-06,22.450000762939453,22.450000762939453,21.299999237060547,21.450000762939453,49510
2025-10-07,21.649999618530273,21.950000762939453,20.75,21.100000381469727,36712
2025-10-08,20.600000381469727,22.0,20.5,21.899999618530273,30759
2025-10-09,22.0,22.049999237060547,21.5,22.0,12606
2025-10-10,21.950000762939453,21.950000762939453,21.200000762939453,21.850000381469727,8194
2025-10-13,21.450000762939453,21.799999237060547,21.399999618530273,21.600000381469727,2608
2025-10-14,21.850000381469727,21.850000381469727,21.0,21.25,7930
2025-10-15,21.649999618530273,21.649999618530273,21.299999237060547,21.399999618530273,6251
2025-10-16,23.25,24.5,22.600000381469727,22.799999237060547,114612
2025-10-17,22.799999237060547,23.350000381469727,21.799999237060547,22.200000762939453,47653
2025-10-20,22.399999618530273,22.5,21.600000381469727,21.799999237060547,30192
2025-10-21,21.799999237060547,22.799999237060547,21.549999237060547,21.950000762939453,20442
2025-10-22,21.950000762939453,22.600000381469727,21.799999237060547,22.200000762939453,12532
2025-10-23,21.899999618530273,22.450000762939453,21.899999618530273,22.049999237060547,11310
2025-10-24,22.049999237060547,22.299999237060547,21.899999618530273,22.200000762939453,7119
2025-10-27,22.100000381469727,22.549999237060547,22.0,22.0,6330
2025-10-28,22.0,22.299999237060547,21.899999618530273,22.0,4261
2025-10-29,22.049999237060547,22.049999237060547,21.75,21.899999618530273,5368
2025-10-30,21.950000762939453,21.950000762939453,21.649999618530273,21.799999237060547,9129
2025-10-31,21.700000762939453,22.5,21.700000762939453,22.399999618530273,10497
2025-11-03,22.399999618530273,22.5,21.600000381469727,22.100000381469727,8764
2025-11-04,22.200000762939453,22.25,21.75,21.799999237060547,6202
2025-11-05,21.950000762939453,21.950000762939453,21.799999237060547,21.850000381469727,2277
2025-11-06,21.75,22.0,21.600000381469727,21.799999237060547,8145
2025-11-07,21.799999237060547,22.100000381469727,21.700000762939453,22.0,5087
2025-11-10,22.0,22.200000762939453,21.700000762939453,22.0,5944
2025-11-12,21.799999237060547,22.049999237060547,21.75,22.0,6231
2025-11-13,22.0,22.200000762939453,21.950000762939453,22.149999618530273,1840
2025-11-14,22.100000381469727,22.200000762939453,21.649999618530273,22.100000381469727,10347
2025-11-17,22.100000381469727,22.100000381469727,21.649999618530273,21.649999618530273,5384
2025-11-18,21.700000762939453,21.899999618530273,21.149999618530273,21.200000762939453,6193
2025-11-19,21.149999618530273,21.600000381469727,21.100000381469727,21.600000381469727,10088
2025-11-20,21.399999618530273,21.649999618530273,21.350000381469727,21.350000381469727,5294
2025-11-21,21.350000381469727,21.5,21.0,21.200000762939453,4833
2025-11-24,21.100000381469727,21.100000381469727,20.700000762939453,20.75,7413
2025-11-25,20.700000762939453,21.100000381469727,20.600000381469727,21.100000381469727,5198
2025-11-26,21.100000381469727,21.100000381469727,20.850000381469727,20.850000381469727,4460
2025-11-27,20.799999237060547,20.799999237060547,20.600000381469727,20.799999237060547,4840
2025-11-28,20.700000762939453,21.149999618530273,20.299999237060547,20.799999237060547,15115
2025-12-01,20.299999237060547,20.299999237060547,19.260000228881836,20.0,41337
2025-12-02,20.0,20.350000381469727,19.760000228881836,19.799999237060547,14135
2025-12-03,19.799999237060547,19.799999237060547,19.260000228881836,19.360000610351562,16379
2025-12-04,19.299999237060547,19.299999237060547,18.280000686645508,18.299999237060547,48424
2025-12-05,18.219999313354492,18.639999389648438,17.100000381469727,17.600000381469727,53057
2025-12-08,17.6200008392334,17.959999084472656,17.100000381469727,17.200000762939453,31628
2025-12-09,17.200000762939453,17.5,17.0,17.100000381469727,18576
2025-12-10,17.299999237060547,17.579999923706055,17.020000457763672,17.399999618530273,16847
2025-12-11,17.399999618530273,17.899999618530273,17.299999237060547,17.420000076293945,19204
2025-12-12,17.5,17.600000381469727,17.280000686645508,17.34000015258789,10445
2025-12-15,17.31999969482422,17.34000015258789,16.780000686645508,17.1200008392334,23639
2025-12-16,17.1200008392334,17.15999984741211,16.700000762939453,16.700000762939453,30895
2025-12-17,16.700000762939453,17.0,16.6200008392334,16.8799991607666,70158
2025-12-18,16.8799991607666,16.899999618530273,16.459999084472656,16.780000686645508,30061
2025-12-19,16.799999237060547,16.799999237060547,16.459999084472656,16.5,45743
2025-12-22,16.399999618530273,16.440000534057617,16.0,16.0,57174
2025-12-23,15.84000015258789,17.600000381469727,15.5,17.479999542236328,78498
2025-12-29,17.559999465942383,17.739999771118164,17.299999237060547,17.700000762939453,29375
2025-12-30,17.8799991607666,19.5,17.8799991607666,19.299999237060547,43901
2026-01-02,19.299999237060547,20.5,19.200000762939453,20.100000381469727,42015
2026-01-05,20.299999237060547,20.299999237060547,19.200000762939453,20.049999237060547,39547
2026-01-07,19.799999237060547,20.549999237060547,19.799999237060547,20.549999237060547,22284
2026-01-08,20.549999237060547,20.649999618530273,19.34000015258789,20.0,22358
2026-01-09,20.100000381469727,20.100000381469727,19.780000686645508,20.049999237060547,17752
2026-01-12,20.049999237060547,20.149999618530273,19.719999313354492,19.940000534057617,17150
2026-01-13,19.940000534057617,19.979999542236328,19.719999313354492,19.860000610351562,9587
2026-01-14,19.760000228881836,19.979999542236328,19.700000762939453,19.760000228881836,8613
2026-01-15,19.799999237060547,19.799999237060547,19.559999465942383,19.739999771118164,8877
2026-01-16,19.739999771118164,19.959999084472656,19.719999313354492,19.8799991607666,14264
2026-01-19,19.899999618530273,19.920000076293945,19.719999313354492,19.899999618530273,8407
2026-01-20,19.920000076293945,20.0,19.5,19.520000457763672,11501
2026-01-21,19.520000457763672,19.700000762939453,19.5,19.6200008392334,4911
2026-01-22,19.780000686645508,20.049999237060547,19.639999389648438,19.860000610351562,13931
2026-01-23,19.899999618530273,20.0,19.719999313354492,19.81999969482422,6131
2026-01-26,19.739999771118164,19.979999542236328,19.360000610351562,19.600000381469727,11837
2026-01-27,19.559999465942383,19.84000015258789,19.479999542236328,19.799999237060547,7079
2026-01-28,19.860000610351562,19.979999542236328,19.600000381469727,19.639999389648438,5015
2026-01-29,19.799999237060547,19.860000610351562,19.479999542236328,19.5,7177
2026-01-30,19.479999542236328,19.799999237060547,19.020000457763672,19.479999542236328,8190
2026-02-02,19.600000381469727,19.700000762939453,19.360000610351562,19.700000762939453,4234
2026-02-03,19.760000228881836,19.760000228881836,19.440000534057617,19.440000534057617,5476
2026-02-04,19.440000534057617,19.65999984741211,19.200000762939453,19.200000762939453,4831
2026-02-05,19.219999313354492,19.5,18.899999618530273,18.899999618530273,9931
2026-02-06,18.940000534057617,19.0,18.260000228881836,18.65999984741211,9441
2026-02-09,18.65999984741211,18.739999771118164,18.260000228881836,18.540000915527344,13897
2026-02-10,18.5,18.81999969482422,18.360000610351562,18.440000534057617,2482
2026-02-11,18.68000030517578,18.780000686645508,18.399999618530273,18.459999084472656,4964
2026-02-12,18.579999923706055,18.81999969482422,18.579999923706055,18.799999237060547,3575
2026-02-13,18.81999969482422,18.81999969482422,18.6200008392334,18.65999984741211,1964
2026-02-16,18.65999984741211,18.959999084472656,18.600000381469727,18.959999084472656,5538
2026-02-17,18.959999084472656,18.959999084472656,18.68000030517578,18.68000030517578,1384
2026-02-18,18.8799991607666,18.8799991607666,18.399999618530273,18.600000381469727,6432
2026-02-19,18.700000762939453,18.739999771118164,18.34000015258789,18.440000534057617,3611
2026-02-20,18.600000381469727,19.360000610351562,18.299999237060547,18.600000381469727,11835
2026-02-23,18.799999237060547,18.899999618530273,18.639999389648438,18.65999984741211,6608
2026-02-24,18.540000915527344,18.799999237060547,18.520000457763672,18.600000381469727,5031
2026-02-25,18.799999237060547,18.799999237060547,18.600000381469727,18.6200008392334,1893
2026-02-26,18.700000762939453,19.079999923706055,18.639999389648438,18.899999618530273,17886
2026-02-27,18.899999618530273,19.200000762939453,18.899999618530273,18.899999618530273,4639
2026-03-02,18.639999389648438,18.8799991607666,18.479999542236328,18.5,10873
2026-03-03,18.440000534057617,18.440000534057617,17.899999618530273,18.020000457763672,14407
2026-03-04,18.020000457763672,18.399999618530273,18.0,18.299999237060547,3634
2026-03-05,18.219999313354492,18.479999542236328,17.799999237060547,18.139999389648438,15540
2026-03-06,18.139999389648438,18.200000762939453,17.959999084472656,17.959999084472656,4575
2026-03-09,17.959999084472656,17.959999084472656,17.440000534057617,17.459999084472656,8416
2026-03-10,17.559999465942383,17.940000534057617,17.1200008392334,17.700000762939453,14476
2026-03-11,17.600000381469727,17.600000381469727,17.360000610351562,17.600000381469727,6788
2026-03-12,17.280000686645508,17.520000457763672,17.280000686645508,17.440000534057617,8355
2026-03-13,17.360000610351562,17.639999389648438,17.280000686645508,17.600000381469727,3009
2026-03-16,17.459999084472656,17.65999984741211,17.360000610351562,17.440000534057617,3861
2026-03-17,17.440000534057617,19.8799991607666,17.440000534057617,18.84000015258789,48642
2026-03-18,18.899999618530273,19.239999771118164,17.899999618530273,17.920000076293945,25235
2026-03-19,17.959999084472656,18.479999542236328,17.780000686645508,17.959999084472656,14391
2026-03-20,17.860000610351562,18.239999771118164,17.81999969482422,18.0,4326
2026-03-23,18.0,18.0,16.84000015258789,17.360000610351562,28401
2026-03-24,17.219999313354492,17.68000030517578,17.219999313354492,17.540000915527344,4272
2026-03-25,17.68000030517578,17.84000015258789,17.540000915527344,17.700000762939453,2905
2026-03-26,17.780000686645508,17.780000686645508,17.5,17.520000457763672,3446
2026-03-27,17.559999465942383,17.579999923706055,17.200000762939453,17.360000610351562,10507
2026-03-30,17.360000610351562,18.299999237060547,17.100000381469727,18.200000762939453,15788
2026-03-31,18.200000762939453,18.299999237060547,17.520000457763672,17.940000534057617,6876
2026-04-01,17.739999771118164,18.299999237060547,17.520000457763672,18.079999923706055,3614
2026-04-02,17.979999542236328,18.040000915527344,17.639999389648438,17.979999542236328,5492
2026-04-07,17.979999542236328,18.280000686645508,17.959999084472656,18.0,4709
2026-04-08,18.200000762939453,18.459999084472656,18.100000381469727,18.459999084472656,8212
2026-04-09,18.479999542236328,18.600000381469727,18.100000381469727,18.360000610351562,6309
2026-04-10,18.34000015258789,18.360000610351562,18.139999389648438,18.200000762939453,3868
2026-04-13,18.559999465942383,18.65999984741211,18.1200008392334,18.15999984741211,3087
2026-04-14,18.059999465942383,18.459999084472656,18.059999465942383,18.219999313354492,3543
2026-04-15,18.479999542236328,18.479999542236328,17.81999969482422,18.200000762939453,10042
2026-04-16,18.200000762939453,18.479999542236328,18.200000762939453,18.299999237060547,2456
2026-04-17,18.200000762939453,18.600000381469727,18.040000915527344,18.299999237060547,4638
2026-04-20,18.719999313354492,19.020000457763672,18.200000762939453,18.799999237060547,14616
2026-04-21,18.65999984741211,19.3799991607666,18.399999618530273,19.200000762939453,19291
2026-04-22,19.239999771118164,20.100000381469727,19.239999771118164,19.81999969482422,24610
2026-04-23,19.979999542236328,20.0,18.84000015258789,18.940000534057617,14162
2026-04-24,18.81999969482422,18.81999969482422,18.579999923706055,18.719999313354492,5446
2026-04-27,18.719999313354492,19.18000030517578,18.719999313354492,19.0,3473
2026-04-28,19.0,19.200000762939453,18.600000381469727,18.600000381469727,3834
2026-04-29,18.299999237060547,18.8799991607666,18.299999237060547,18.68000030517578,10562
2026-04-30,18.459999084472656,18.860000610351562,18.0,18.34000015258789,11990
2026-05-04,18.34000015258789,18.799999237060547,18.200000762939453,18.34000015258789,4326
2026-05-05,18.440000534057617,18.760000228881836,18.299999237060547,18.700000762939453,3520
2026-05-06,18.600000381469727,18.899999618530273,18.479999542236328,18.700000762939453,7861
2026-05-07,18.799999237060547,18.799999237060547,18.479999542236328,18.540000915527344,2061
2026-05-08,18.5,18.559999465942383,18.360000610351562,18.559999465942383,2866
2026-05-11,18.479999542236328,18.760000228881836,18.200000762939453,18.540000915527344,6103
2026-05-12,18.700000762939453,18.700000762939453,18.239999771118164,18.399999618530273,2091
2026-05-13,18.399999618530273,18.540000915527344,18.299999237060547,18.31999969482422,995
2026-05-14,18.5,19.360000610351562,18.5,18.760000228881836,14506
2026-05-15,18.760000228881836,18.940000534057617,18.5,18.600000381469727,4492
2026-05-18,18.34000015258789,18.799999237060547,18.219999313354492,18.760000228881836,5728
2026-05-19,18.719999313354492,18.920000076293945,18.420000076293945,18.780000686645508,7323
2026-05-20,18.860000610351562,18.860000610351562,18.540000915527344,18.780000686645508,1837
2026-05-21,18.780000686645508,19.139999389648438,18.5,18.940000534057617,5982
2026-05-22,18.639999389648438,19.200000762939453,18.600000381469727,19.100000381469727,5102
2026-05-25,19.100000381469727,19.31999969482422,18.940000534057617,18.940000534057617,15245
2026-05-26,19.0,19.079999923706055,18.700000762939453,18.799999237060547,3790
2026-05-27,18.799999237060547,18.979999542236328,18.65999984741211,18.780000686645508,4306
2026-05-28,18.579999923706055,18.760000228881836,18.579999923706055,18.739999771118164,2461
2026-05-29,18.520000457763672,18.84000015258789,18.520000457763672,18.559999465942383,4170
2026-06-01,18.520000457763672,18.559999465942383,18.440000534057617,18.440000534057617,2994
2026-06-02,18.579999923706055,18.579999923706055,18.31999969482422,18.31999969482422,6008
2026-06-03,18.34000015258789,18.3799991607666,18.200000762939453,18.3799991607666,4880
2026-06-05,18.200000762939453,18.360000610351562,18.100000381469727,18.280000686645508,3154
2026-06-08,18.1200008392334,18.219999313354492,17.639999389648438,17.899999618530273,9328
2026-06-09,17.81999969482422,17.8799991607666,17.399999618530273,17.780000686645508,5008
2026-06-10,17.719999313354492,17.780000686645508,17.299999237060547,17.700000762939453,19272
2026-06-11,17.65999984741211,17.65999984741211,17.399999618530273,17.5,5524
2026-06-12,17.559999465942383,18.139999389648438,17.559999465942383,17.8799991607666,6151
2026-06-15,17.959999084472656,18.020000457763672,17.5,17.5,8183
2026-06-16,17.34000015258789,17.959999084472656,17.34000015258789,17.799999237060547,3958
2026-06-17,17.579999923706055,17.8799991607666,17.579999923706055,17.719999313354492,2456
2026-06-18,17.600000381469727,17.8799991607666,17.399999618530273,17.440000534057617,6816
2026-06-19,17.440000534057617,17.8799991607666,17.440000534057617,17.520000457763672,4990
2026-06-22,17.520000457763672,17.520000457763672,17.399999618530273,17.440000534057617,3396
2026-06-23,17.5,17.5,17.200000762939453,17.31999969482422,3278
2026-06-24,17.31999969482422,17.31999969482422,17.0,17.200000762939453,7257
2026-06-25,17.200000762939453,17.200000762939453,16.8799991607666,16.979999542236328,20303
2026-06-26,16.959999084472656,17.399999618530273,16.639999389648438,16.920000076293945,9058
2026-06-29,16.940000534057617,17.200000762939453,16.899999618530273,17.040000915527344,2484
2026-06-30,17.040000915527344,17.040000915527344,16.700000762939453,16.799999237060547,11798
2026-07-01,16.979999542236328,17.399999618530273,16.979999542236328,17.1200008392334,3462
2026-07-02,17.020000457763672,17.299999237060547,16.860000610351562,17.040000915527344,3243
2026-07-03,17.239999771118164,17.239999771118164,16.920000076293945,17.0,7722
2026-07-06,17.260000228881836,17.260000228881836,16.8799991607666,16.8799991607666,4455
2026-07-07,17.0,17.139999389648438,16.84000015258789,16.899999618530273,4387
2026-07-08,17.200000762939453,17.200000762939453,16.700000762939453,16.8799991607666,8303
2026-07-09,16.899999618530273,16.959999084472656,16.559999465942383,16.579999923706055,6520
2026-07-10,16.579999923706055,16.899999618530273,16.540000915527344,16.6200008392334,7066
2026-07-13,16.6200008392334,16.860000610351562,16.239999771118164,16.81999969482422,5611
2026-07-14,16.81999969482422,17.0,16.81999969482422,16.8799991607666,2783
2026-07-15,16.8799991607666,17.100000381469727,16.81999969482422,17.020000457763672,2465
2026-07-16,16.899999618530273,17.020000457763672,16.760000228881836,16.760000228881836,2681
2026-07-17,16.760000228881836,17.100000381469727,16.760000228881836,17.020000457763672,7599
2026-07-20,17.0,17.15999984741211,16.979999542236328,17.040000915527344,2280
2026-07-21,17.059999465942383,17.139999389648438,17.040000915527344,17.100000381469727,1037
2026-07-22,17.100000381469727,17.799999237060547,17.079999923706055,17.600000381469727,3398
2026-07-23,17.600000381469727,17.959999084472656,17.600000381469727,17.799999237060547,5764
2026-07-24,17.799999237060547,17.959999084472656,17.68000030517578,17.68000030517578,3997
2026-07-27,17.940000534057617,17.979999542236328,17.559999465942383,17.559999465942383,7453
2026-07-28,17.520000457763672,17.739999771118164,17.5,17.5,2533
2026-07-29,17.5,17.979999542236328,17.5,17.799999237060547,3134
2026-07-30,17.6200008392334,17.760000228881836,17.280000686645508,17.5,2184
2026-07-31,17.8799991607666,17.8799991607666,17.520000457763672,17.520000457763672,2283
2026-08-03,17.639999389648438,17.940000534057617,17.559999465942383,17.700000762939453,1884
2026-08-04,17.719999313354492,18.440000534057617,17.700000762939453,18.420000076293945,12396
2026-08-05,18.5,18.540000915527344,18.200000762939453,18.299999237060547,6981
2026-08-06,18.540000915527344,18.540000915527344,18.260000228881836,18.260000228881836,2032
2026-08-07,18.260000228881836,18.579999923706055,18.260000228881836,18.34000015258789,3329
2026-08-10,18.399999618530273,18.5,18.280000686645508,18.280000686645508,4325
2026-08-11,18.280000686645508,18.559999465942383,18.280000686645508,18.31999969482422,5210
2026-08-12,18.479999542236328,18.5,18.299999237060547,18.299999237060547,4923
2026-08-13,18.5,18.5,18.280000686645508,18.31999969482422,1642
2026-08-14,18.3799991607666,18.399999618530273,18.280000686645508,18.299999237060547,1672
2026-08-17,18.280000686645508,18.3799991607666,18.18000030517578,18.31999969482422,1478
2026-08-18,18.219999313354492,18.299999237060547,18.020000457763672,18.059999465942383,2070
2026-08-19,18.059999465942383,18.079999923706055,17.760000228881836,18.079999923706055,726
2026-08-20,18.059999465942383,18.059999465942383,17.65999984741211,17.860000610351562,2880
2026-08-21,17.600000381469727,17.899999618530273,17.579999923706055,17.6200008392334,3173
2026-08-24,17.5,17.84000015258789,17.280000686645508,17.65999984741211,3981
2026-08-25,17.899999618530273,18.200000762939453,17.899999618530273,18.020000457763672,9305
2026-08-26,18.0,18.18000030517578,17.719999313354492,17.899999618530273,4633
2026-08-27,17.899999618530273,18.200000762939453,17.899999618530273,17.979999542236328,3729
2026-08-28,17.959999084472656,18.219999313354492,17.5,17.739999771118164,4281
2026-08-31,17.8799991607666,18.200000762939453,17.700000762939453,17.700000762939453,2706
2026-09-01,17.860000610351562,17.899999618530273,17.5,17.700000762939453,4312
2026-09-02,17.739999771118164,17.739999771118164,17.420000076293945,17.600000381469727,3016
2026-09-03,17.559999465942383,17.739999771118164,17.459999084472656,17.68000030517578,2049
2026-09-04,17.739999771118164,17.739999771118164,17.579999923706055,17.579999923706055,6591
2026-09-08,17.979999542236328,18.479999542236328,17.81999969482422,18.239999771118164,14697
2026-09-09,18.459999084472656,18.979999542236328,18.040000915527344,18.84000015258789,19553
2026-09-10,18.979999542236328,19.0,18.420000076293945,18.520000457763672,12434
2026-09-11,18.8799991607666,19.15999984741211,18.6200008392334,18.6200008392334,13365
2026-09-14,19.0,19.059999465942383,18.139999389648438,18.139999389648438,4178
2026-09-15,18.399999618530273,18.399999618530273,17.84000015258789,17.8799991607666,4660
2026-09-17,18.3799991607666,18.3799991607666,18.200000762939453,18.3799991607666,1747
