date,open,high,low,close,volume
2021-09-17,0.8600000143051147,0.8759999871253967,0.8460000157356262,0.8600000143051147,99838
2021-09-20,0.8659999966621399,0.8659999966621399,0.8100000023841858,0.8600000143051147,146022
2021-09-21,0.8259999752044678,0.8619999885559082,0.8259999752044678,0.8399999737739563,49375
2021-09-22,0.8640000224113464,0.8640000224113464,0.8399999737739563,0.8600000143051147,17058
2021-09-23,0.8399999737739563,0.8600000143051147,0.8320000171661377,0.8600000143051147,16718
2021-09-24,0.8339999914169312,0.8560000061988831,0.8299999833106995,0.8539999723434448,15551
2021-09-27,0.8579999804496765,0.8579999804496765,0.8220000267028809,0.8539999723434448,46657
2021-09-28,0.8399999737739563,0.8579999804496765,0.8199999928474426,0.8579999804496765,146356
2021-09-29,0.8399999737739563,0.8519999980926514,0.8220000267028809,0.8500000238418579,21357
2021-09-30,0.8539999723434448,0.8700000047683716,0.8500000238418579,0.8700000047683716,116348
2021-10-01,0.8659999966621399,0.8679999709129333,0.8320000171661377,0.8679999709129333,169856
2021-10-04,0.843999981880188,0.878000020980835,0.843999981880188,0.878000020980835,60397
2021-10-05,0.878000020980835,0.8859999775886536,0.8600000143051147,0.8799999952316284,59803
2021-10-06,0.8859999775886536,1.0399999618530273,0.8500000238418579,0.8880000114440918,2581723
2021-10-07,0.9259999990463257,0.9380000233650208,0.8920000195503235,0.9100000262260437,310105
2021-10-08,0.9200000166893005,0.9279999732971191,0.8999999761581421,0.9259999990463257,104385
2021-10-11,0.9200000166893005,0.9279999732971191,0.9039999842643738,0.9179999828338623,83493
2021-10-12,0.9399999976158142,0.9399999976158142,0.906000018119812,0.9300000071525574,60856
2021-10-13,0.9300000071525574,0.9359999895095825,0.906000018119812,0.9200000166893005,36389
2021-10-14,0.9200000166893005,0.9200000166893005,0.8999999761581421,0.9200000166893005,58702
2021-10-15,0.9100000262260437,0.9200000166893005,0.8999999761581421,0.8999999761581421,17559
2021-10-18,0.8880000114440918,0.9200000166893005,0.8880000114440918,0.9200000166893005,29522
2021-10-19,0.9200000166893005,0.9200000166893005,0.8960000276565552,0.9200000166893005,23520
2021-10-20,0.9020000100135803,0.9200000166893005,0.9020000100135803,0.9200000166893005,40480
2021-10-21,0.9160000085830688,0.9160000085830688,0.8799999952316284,0.9120000004768372,69307
2021-10-22,0.8899999856948853,0.9160000085830688,0.8840000033378601,0.9139999747276306,26621
2021-10-25,0.9160000085830688,0.9160000085830688,0.8920000195503235,0.9079999923706055,26870
2021-10-26,0.8840000033378601,0.9079999923706055,0.8700000047683716,0.9079999923706055,59984
2021-10-27,0.8899999856948853,0.9020000100135803,0.8799999952316284,0.9020000100135803,36107
2021-10-28,0.8859999775886536,0.8899999856948853,0.8420000076293945,0.8899999856948853,264717
2021-10-29,0.8600000143051147,0.8999999761581421,0.8600000143051147,0.8999999761581421,105948
2021-11-02,0.906000018119812,0.906000018119812,0.8899999856948853,0.8999999761581421,10815
2021-11-03,0.906000018119812,0.906000018119812,0.8799999952316284,0.8799999952316284,34319
2021-11-04,0.8799999952316284,0.9039999842643738,0.8700000047683716,0.8999999761581421,127989
2021-11-05,0.8999999761581421,0.9020000100135803,0.8840000033378601,0.9020000100135803,28488
2021-11-08,0.8899999856948853,0.9039999842643738,0.8880000114440918,0.8880000114440918,3658
2021-11-09,0.8859999775886536,0.9039999842643738,0.8799999952316284,0.9039999842643738,57157
2021-11-10,0.8820000290870667,0.8980000019073486,0.8740000128746033,0.8980000019073486,113023
2021-11-12,0.8799999952316284,0.8980000019073486,0.8799999952316284,0.8980000019073486,35450
2021-11-15,0.8820000290870667,0.9100000262260437,0.8799999952316284,0.9100000262260437,92089
2021-11-16,0.9100000262260437,0.9100000262260437,0.8939999938011169,0.8999999761581421,31125
2021-11-17,0.906000018119812,0.906000018119812,0.8899999856948853,0.8999999761581421,16261
2021-11-18,0.8859999775886536,0.8999999761581421,0.871999979019165,0.8899999856948853,91814
2021-11-19,0.8799999952316284,0.8980000019073486,0.8600000143051147,0.8880000114440918,110282
2021-11-22,0.8640000224113464,0.8859999775886536,0.8600000143051147,0.8859999775886536,43686
2021-11-23,0.8640000224113464,0.8980000019073486,0.8600000143051147,0.8980000019073486,58388
2021-11-24,0.8759999871253967,0.9100000262260437,0.8759999871253967,0.9100000262260437,30487
2021-11-25,0.8899999856948853,0.9100000262260437,0.8799999952316284,0.8960000276565552,15256
2021-11-26,0.9039999842643738,0.9079999923706055,0.8799999952316284,0.9079999923706055,39417
2021-11-29,0.8799999952316284,0.9039999842643738,0.8679999709129333,0.9039999842643738,52365
2021-11-30,0.8700000047683716,0.8880000114440918,0.8539999723434448,0.8880000114440918,102071
2021-12-01,0.8700000047683716,0.8920000195503235,0.8700000047683716,0.8920000195503235,60011
2021-12-02,0.8939999938011169,0.8939999938011169,0.8759999871253967,0.8799999952316284,51200
2021-12-03,0.8920000195503235,0.8920000195503235,0.8920000195503235,0.8920000195503235,25075
2021-12-06,0.8899999856948853,0.8920000195503235,0.8899999856948853,0.8899999856948853,11749
2021-12-07,0.8859999775886536,0.8880000114440918,0.8679999709129333,0.8880000114440918,8029
2021-12-08,0.8640000224113464,0.8880000114440918,0.8640000224113464,0.8820000290870667,54506
2021-12-09,0.8679999709129333,0.8820000290870667,0.8679999709129333,0.8820000290870667,53450
2021-12-10,0.8700000047683716,0.8799999952316284,0.8679999709129333,0.8799999952316284,54220
2021-12-13,0.8679999709129333,0.8899999856948853,0.8600000143051147,0.8859999775886536,123243
2021-12-14,0.8859999775886536,0.8859999775886536,0.8600000143051147,0.8799999952316284,29900
2021-12-15,0.8600000143051147,0.8799999952316284,0.8600000143051147,0.8799999952316284,41662
2021-12-16,0.8880000114440918,0.8880000114440918,0.8500000238418579,0.878000020980835,53627
2021-12-17,0.8579999804496765,0.8799999952316284,0.8579999804496765,0.878000020980835,25001
2021-12-20,0.8500000238418579,0.8700000047683716,0.8460000157356262,0.8700000047683716,55472
2021-12-21,0.8500000238418579,0.878000020980835,0.8460000157356262,0.8759999871253967,72405
2021-12-22,0.8560000061988831,0.878000020980835,0.8560000061988831,0.8759999871253967,32215
2021-12-23,0.8560000061988831,0.871999979019165,0.8500000238418579,0.8700000047683716,89646
2021-12-27,0.8500000238418579,0.8679999709129333,0.8399999737739563,0.8679999709129333,35796
2021-12-28,0.8399999737739563,0.8659999966621399,0.8399999737739563,0.8659999966621399,118448
2021-12-29,0.8679999709129333,0.8799999952316284,0.8500000238418579,0.8799999952316284,60561
2021-12-30,0.8619999885559082,0.8980000019073486,0.8600000143051147,0.8980000019073486,138113
2022-01-03,0.9079999923706055,0.9160000085830688,0.8899999856948853,0.9160000085830688,47144
2022-01-04,0.8999999761581421,0.9200000166893005,0.8999999761581421,0.9200000166893005,61113
2022-01-05,0.9200000166893005,0.9200000166893005,0.9179999828338623,0.9179999828338623,4286
2022-01-07,0.9179999828338623,0.9200000166893005,0.8920000195503235,0.9200000166893005,33702
2022-01-10,0.9179999828338623,0.9200000166893005,0.906000018119812,0.9120000004768372,28960
2022-01-11,0.9039999842643738,0.9139999747276306,0.8920000195503235,0.9139999747276306,24379
2022-01-12,0.8920000195503235,0.8999999761581421,0.8899999856948853,0.8999999761581421,46145
2022-01-13,0.9020000100135803,0.9100000262260437,0.8859999775886536,0.9079999923706055,12119
2022-01-14,0.9039999842643738,0.9039999842643738,0.9039999842643738,0.9039999842643738,875
2022-01-17,0.8859999775886536,0.8999999761581421,0.8840000033378601,0.8999999761581421,7333
2022-01-18,0.8899999856948853,0.8899999856948853,0.8659999966621399,0.8700000047683716,75720
2022-01-19,0.878000020980835,0.8840000033378601,0.8640000224113464,0.8840000033378601,26009
2022-01-20,0.8840000033378601,0.8899999856948853,0.8840000033378601,0.8899999856948853,3000
2022-01-21,0.8659999966621399,0.8899999856948853,0.8640000224113464,0.8899999856948853,5000
2022-01-24,0.8899999856948853,0.8899999856948853,0.8019999861717224,0.8640000224113464,67244
2022-01-25,0.8799999952316284,0.8799999952316284,0.8360000252723694,0.8679999709129333,36050
2022-01-26,0.8420000076293945,0.8899999856948853,0.8420000076293945,0.8899999856948853,25945
2022-01-27,0.8420000076293945,0.8899999856948853,0.8420000076293945,0.8899999856948853,7301
2022-01-28,0.8899999856948853,0.8899999856948853,0.8899999856948853,0.8899999856948853,0
2022-01-31,0.8519999980926514,0.8840000033378601,0.8519999980926514,0.8840000033378601,20510
2022-02-01,0.8840000033378601,0.8840000033378601,0.8840000033378601,0.8840000033378601,0
2022-02-02,0.8859999775886536,0.8880000114440918,0.8859999775886536,0.8880000114440918,916
2022-02-03,0.8679999709129333,0.8700000047683716,0.8679999709129333,0.8700000047683716,22000
2022-02-04,0.8519999980926514,0.878000020980835,0.8420000076293945,0.878000020980835,1911
2022-02-07,0.8500000238418579,0.8740000128746033,0.8500000238418579,0.8740000128746033,23000
2022-02-08,0.8740000128746033,0.8740000128746033,0.8740000128746033,0.8740000128746033,0
2022-02-09,0.8740000128746033,0.8740000128746033,0.8740000128746033,0.8740000128746033,0
2022-02-10,0.8420000076293945,0.878000020980835,0.8399999737739563,0.8600000143051147,20948
2022-02-11,0.8460000157356262,0.8600000143051147,0.8399999737739563,0.8600000143051147,22650
2022-02-14,0.8420000076293945,0.8420000076293945,0.8100000023841858,0.8399999737739563,31022
2022-02-15,0.8399999737739563,0.8399999737739563,0.8199999928474426,0.8199999928474426,4200
2022-02-16,0.8180000185966492,0.8479999899864197,0.8180000185966492,0.8460000157356262,26044
2022-02-17,0.8519999980926514,0.8579999804496765,0.8100000023841858,0.8100000023841858,20317
2022-02-18,0.8460000157356262,0.8460000157356262,0.7940000295639038,0.8299999833106995,27193
2022-02-21,0.800000011920929,0.800000011920929,0.7699999809265137,0.7960000038146973,36809
2022-02-22,0.7799999713897705,0.7979999780654907,0.7799999713897705,0.7979999780654907,4015
2022-02-23,0.7940000295639038,0.800000011920929,0.7940000295639038,0.800000011920929,2315
2022-02-24,0.7300000190734863,0.7860000133514404,0.6600000262260437,0.75,79977
2022-02-25,0.7540000081062317,0.8100000023841858,0.7200000286102295,0.8100000023841858,91552
2022-02-28,0.8159999847412109,0.8379999995231628,0.7799999713897705,0.8199999928474426,49782
2022-03-01,0.800000011920929,0.8199999928474426,0.7820000052452087,0.8100000023841858,11965
2022-03-02,0.800000011920929,0.8799999952316284,0.7900000214576721,0.8799999952316284,119537
2022-03-03,0.9039999842643738,0.9100000262260437,0.8539999723434448,0.8920000195503235,65383
2022-03-04,0.8880000114440918,0.8880000114440918,0.8259999752044678,0.8539999723434448,61112
2022-03-07,0.8019999861717224,0.8640000224113464,0.800000011920929,0.8379999995231628,87194
2022-03-08,0.800000011920929,0.8379999995231628,0.800000011920929,0.8379999995231628,5707
2022-03-09,0.8500000238418579,0.8579999804496765,0.8059999942779541,0.8579999804496765,20549
2022-03-10,0.8579999804496765,0.8579999804496765,0.8140000104904175,0.8560000061988831,15570
2022-03-11,0.8560000061988831,0.8560000061988831,0.8560000061988831,0.8560000061988831,0
2022-03-14,0.8539999723434448,0.8539999723434448,0.8220000267028809,0.8399999737739563,6086
2022-03-15,0.8379999995231628,0.8399999737739563,0.8119999766349792,0.8399999737739563,14040
2022-03-16,0.8119999766349792,0.8379999995231628,0.800000011920929,0.8100000023841858,51226
2022-03-17,0.8360000252723694,0.8399999737739563,0.8100000023841858,0.828000009059906,45499
2022-03-18,0.8199999928474426,0.8379999995231628,0.8180000185966492,0.8360000252723694,34183
2022-03-21,0.8460000157356262,0.8460000157356262,0.8080000281333923,0.8299999833106995,7081
2022-03-22,0.8299999833106995,0.8299999833106995,0.7919999957084656,0.8180000185966492,38053
2022-03-23,0.800000011920929,0.8199999928474426,0.800000011920929,0.8199999928474426,10001
2022-03-24,0.8199999928474426,0.8259999752044678,0.8199999928474426,0.8259999752044678,14899
2022-03-25,0.8259999752044678,0.8259999752044678,0.8199999928474426,0.8240000009536743,8050
2022-03-28,0.8100000023841858,0.8240000009536743,0.7960000038146973,0.8199999928474426,22714
2022-03-29,0.8199999928474426,0.8899999856948853,0.7979999780654907,0.8799999952316284,237948
2022-03-30,0.8880000114440918,0.9200000166893005,0.871999979019165,0.8999999761581421,157511
2022-03-31,0.8999999761581421,0.8999999761581421,0.871999979019165,0.8999999761581421,36219
2022-04-01,0.8820000290870667,0.8939999938011169,0.8799999952316284,0.8920000195503235,38530
2022-04-04,0.8920000195503235,0.8920000195503235,0.8759999871253967,0.8899999856948853,28992
2022-04-05,0.8799999952316284,0.8980000019073486,0.8600000143051147,0.8980000019073486,48100
2022-04-06,0.8980000019073486,0.8980000019073486,0.8700000047683716,0.8880000114440918,8987
2022-04-07,0.8600000143051147,0.8899999856948853,0.8500000238418579,0.8799999952316284,59100
2022-04-08,0.843999981880188,0.878000020980835,0.843999981880188,0.8700000047683716,35000
2022-04-11,0.8560000061988831,0.8600000143051147,0.828000009059906,0.8600000143051147,51605
2022-04-12,0.8420000076293945,0.8679999709129333,0.8420000076293945,0.8679999709129333,9001
2022-04-13,0.8600000143051147,0.8759999871253967,0.8600000143051147,0.8759999871253967,1300
2022-04-14,0.8759999871253967,0.878000020980835,0.8500000238418579,0.878000020980835,1930
2022-04-19,0.8799999952316284,0.8899999856948853,0.8460000157356262,0.8899999856948853,12377
2022-04-20,0.8899999856948853,0.8899999856948853,0.8899999856948853,0.8899999856948853,10
2022-04-21,0.8859999775886536,0.8880000114440918,0.8859999775886536,0.8880000114440918,2000
2022-04-22,0.8880000114440918,0.8880000114440918,0.8880000114440918,0.8880000114440918,0
2022-04-25,0.8579999804496765,0.8740000128746033,0.8420000076293945,0.8679999709129333,26569
2022-04-26,0.8659999966621399,0.8659999966621399,0.8420000076293945,0.8579999804496765,3431
2022-04-27,0.8600000143051147,0.8600000143051147,0.8199999928474426,0.8479999899864197,44586
2022-04-28,0.8500000238418579,0.8500000238418579,0.7940000295639038,0.8299999833106995,10026
2022-04-29,0.800000011920929,0.8399999737739563,0.800000011920929,0.8320000171661377,4200
2022-05-02,0.8299999833106995,0.8299999833106995,0.8199999928474426,0.8199999928474426,1001
2022-05-04,0.8059999942779541,0.8299999833106995,0.7839999794960022,0.8299999833106995,43710
2022-05-05,0.8299999833106995,0.8399999737739563,0.75,0.8399999737739563,114668
2022-05-06,0.7720000147819519,0.8299999833106995,0.7699999809265137,0.8299999833106995,66782
2022-05-09,0.8299999833106995,0.8379999995231628,0.8240000009536743,0.8379999995231628,8751
2022-05-10,0.8199999928474426,0.8600000143051147,0.8199999928474426,0.8600000143051147,50975
2022-05-11,0.8199999928474426,0.878000020980835,0.8199999928474426,0.878000020980835,69441
2022-05-12,0.8299999833106995,0.8700000047683716,0.8299999833106995,0.8700000047683716,322
2022-05-13,0.8320000171661377,0.8679999709129333,0.8320000171661377,0.8679999709129333,150
2022-05-16,0.8679999709129333,0.8679999709129333,0.8679999709129333,0.8679999709129333,10
2022-05-17,0.8500000238418579,0.8679999709129333,0.8500000238418579,0.8679999709129333,550
2022-05-18,0.8399999737739563,0.8679999709129333,0.8399999737739563,0.8679999709129333,8570
2022-05-19,0.8600000143051147,0.8600000143051147,0.8320000171661377,0.8579999804496765,4474
2022-05-20,0.8579999804496765,0.8579999804496765,0.8199999928474426,0.8539999723434448,8529
2022-05-23,0.8539999723434448,0.8539999723434448,0.8539999723434448,0.8539999723434448,100
2022-05-24,0.8539999723434448,0.8539999723434448,0.8539999723434448,0.8539999723434448,0
2022-05-25,0.843999981880188,0.8460000157356262,0.843999981880188,0.8460000157356262,4000
2022-05-26,0.8460000157356262,0.8460000157356262,0.8460000157356262,0.8460000157356262,0
2022-05-27,0.8460000157356262,0.8460000157356262,0.8460000157356262,0.8460000157356262,0
2022-05-30,0.8199999928474426,0.8399999737739563,0.8019999861717224,0.8399999737739563,57541
2022-05-31,0.8019999861717224,0.8360000252723694,0.7940000295639038,0.8100000023841858,51769
2022-06-01,0.8399999737739563,0.8399999737739563,0.800000011920929,0.8180000185966492,21612
2022-06-02,0.8379999995231628,0.8379999995231628,0.7940000295639038,0.8180000185966492,47880
2022-06-03,0.8199999928474426,0.8199999928474426,0.8199999928474426,0.8199999928474426,10
2022-06-06,0.8379999995231628,0.8379999995231628,0.7940000295639038,0.8379999995231628,2051
2022-06-07,0.7900000214576721,0.8180000185966492,0.7900000214576721,0.8140000104904175,34000
2022-06-08,0.800000011920929,0.8379999995231628,0.800000011920929,0.8379999995231628,25950
2022-06-09,0.8100000023841858,0.8360000252723694,0.800000011920929,0.8299999833106995,40010
2022-06-10,0.8040000200271606,0.8140000104904175,0.800000011920929,0.8140000104904175,37001
2022-06-13,0.7940000295639038,0.7960000038146973,0.7820000052452087,0.7960000038146973,9100
2022-06-14,0.7979999780654907,0.7979999780654907,0.7519999742507935,0.7699999809265137,108226
2022-06-15,0.7599999904632568,0.7639999985694885,0.7419999837875366,0.7639999985694885,17275
2022-06-17,0.75,0.7699999809265137,0.7400000095367432,0.7699999809265137,27255
2022-06-20,0.7319999933242798,0.7739999890327454,0.7300000190734863,0.7300000190734863,41501
2022-06-21,0.7739999890327454,0.7739999890327454,0.7279999852180481,0.7680000066757202,41430
2022-06-22,0.7319999933242798,0.7559999823570251,0.7300000190734863,0.7519999742507935,56035
2022-06-23,0.7639999985694885,0.7639999985694885,0.7639999985694885,0.7639999985694885,10
2022-06-24,0.7639999985694885,0.7639999985694885,0.7300000190734863,0.7540000081062317,36100
2022-06-27,0.7540000081062317,0.7540000081062317,0.7300000190734863,0.7440000176429749,51010
2022-06-28,0.75,0.75,0.7300000190734863,0.7360000014305115,40333
2022-06-29,0.7360000014305115,0.7360000014305115,0.7360000014305115,0.7360000014305115,7604
2022-06-30,0.734000027179718,0.75,0.734000027179718,0.7480000257492065,28897
2022-07-01,0.75,0.75,0.75,0.75,100
2022-07-04,0.7160000205039978,0.7519999742507935,0.7099999785423279,0.7099999785423279,41449
2022-07-05,0.7200000286102295,0.7400000095367432,0.7059999704360962,0.7400000095367432,34355
2022-07-06,0.7400000095367432,0.7400000095367432,0.7099999785423279,0.7099999785423279,8943
2022-07-07,0.7099999785423279,0.75,0.7099999785423279,0.75,4414
2022-07-08,0.7480000257492065,0.7480000257492065,0.7480000257492065,0.7480000257492065,166
2022-07-11,0.7200000286102295,0.7480000257492065,0.7200000286102295,0.7459999918937683,10501
2022-07-12,0.7459999918937683,0.7459999918937683,0.7459999918937683,0.7459999918937683,400
2022-07-13,0.7459999918937683,0.7459999918937683,0.7459999918937683,0.7459999918937683,0
2022-07-14,0.75,0.75,0.75,0.75,6500
2022-07-15,0.75,0.75,0.75,0.75,0
2022-07-18,0.7239999771118164,0.7480000257492065,0.7239999771118164,0.7459999918937683,7025
2022-07-19,0.7459999918937683,0.7559999823570251,0.7239999771118164,0.7540000081062317,11874
2022-07-20,0.7440000176429749,0.7480000257492065,0.7440000176429749,0.7480000257492065,1100
2022-07-21,0.7540000081062317,0.7540000081062317,0.7540000081062317,0.7540000081062317,100
2022-07-22,0.7540000081062317,0.7919999957084656,0.7540000081062317,0.7900000214576721,51085
2022-07-25,0.7919999957084656,0.8140000104904175,0.7919999957084656,0.8140000104904175,7500
2022-07-26,0.8140000104904175,0.8199999928474426,0.8119999766349792,0.8119999766349792,13400
2022-07-27,0.8199999928474426,0.8199999928474426,0.8180000185966492,0.8180000185966492,3600
2022-07-28,0.8199999928474426,0.8299999833106995,0.8199999928474426,0.8299999833106995,6945
2022-07-29,0.8399999737739563,0.8399999737739563,0.8399999737739563,0.8399999737739563,1150
2022-08-01,0.8399999737739563,0.8500000238418579,0.777999997138977,0.8500000238418579,24970
2022-08-02,0.8479999899864197,0.9599999785423279,0.8479999899864197,0.8980000019073486,923832
2022-08-03,0.921999990940094,0.949999988079071,0.8799999952316284,0.8999999761581421,183625
2022-08-04,0.9100000262260437,0.9100000262260437,0.8399999737739563,0.8700000047683716,51758
2022-08-05,0.8399999737739563,0.8700000047683716,0.8399999737739563,0.8700000047683716,11000
2022-08-08,0.8899999856948853,0.9079999923706055,0.8899999856948853,0.8999999761581421,46468
2022-08-09,0.8600000143051147,0.8939999938011169,0.8420000076293945,0.8759999871253967,34173
2022-08-10,0.8880000114440918,0.8999999761581421,0.8500000238418579,0.8859999775886536,7598
2022-08-11,0.8859999775886536,0.8899999856948853,0.8859999775886536,0.8859999775886536,4705
2022-08-12,0.8560000061988831,0.8899999856948853,0.8519999980926514,0.8799999952316284,4641
2022-08-16,0.8519999980926514,0.8519999980926514,0.8460000157356262,0.8519999980926514,8980
2022-08-17,0.8759999871253967,0.878000020980835,0.8399999737739563,0.878000020980835,35073
2022-08-18,0.8700000047683716,0.8999999761581421,0.8519999980926514,0.8999999761581421,31139
2022-08-19,0.9079999923706055,0.9079999923706055,0.8659999966621399,0.8999999761581421,24644
2022-08-22,0.8999999761581421,0.8999999761581421,0.8999999761581421,0.8999999761581421,263
2022-08-23,0.8700000047683716,0.8999999761581421,0.8619999885559082,0.8999999761581421,32726
2022-08-24,0.8999999761581421,0.9079999923706055,0.8980000019073486,0.8999999761581421,24472
2022-08-25,0.9079999923706055,0.9079999923706055,0.8999999761581421,0.9079999923706055,12340
2022-08-26,0.9160000085830688,0.9179999828338623,0.878000020980835,0.9139999747276306,58100
2022-08-29,0.9139999747276306,0.9139999747276306,0.8619999885559082,0.9079999923706055,78289
2022-08-30,0.8999999761581421,0.8999999761581421,0.8999999761581421,0.8999999761581421,125
2022-08-31,0.8820000290870667,0.9200000166893005,0.8820000290870667,0.9200000166893005,23746
2022-09-01,0.9300000071525574,0.949999988079071,0.8999999761581421,0.9380000233650208,27646
2022-09-02,0.9380000233650208,0.949999988079071,0.906000018119812,0.9100000262260437,18637
2022-09-05,0.9539999961853027,0.9539999961853027,0.9020000100135803,0.9399999976158142,12105
2022-09-06,0.949999988079071,0.972000002861023,0.9300000071525574,0.9580000042915344,15011
2022-09-07,0.9580000042915344,0.9639999866485596,0.9240000247955322,0.9639999866485596,30289
2022-09-08,0.9599999785423279,0.9639999866485596,0.9300000071525574,0.9599999785423279,27893
2022-09-09,0.9399999976158142,0.9679999947547913,0.9399999976158142,0.9679999947547913,29103
2022-09-12,0.9599999785423279,0.9679999947547913,0.9599999785423279,0.9679999947547913,12810
2022-09-13,0.9279999732971191,0.9660000205039978,0.9279999732971191,0.9660000205039978,2455
2022-09-14,0.9399999976158142,0.9660000205039978,0.9399999976158142,0.9660000205039978,3110
2022-09-15,0.9620000123977661,0.9779999852180481,0.9559999704360962,0.9620000123977661,52307
2022-09-16,0.9779999852180481,0.9800000190734863,0.9599999785423279,0.9679999947547913,7469
2022-09-19,0.9700000286102295,0.9700000286102295,0.9399999976158142,0.9599999785423279,1290
2022-09-20,0.9419999718666077,0.9599999785423279,0.9399999976158142,0.9599999785423279,7210
2022-09-21,0.9279999732971191,0.9539999961853027,0.9259999990463257,0.9539999961853027,5616
2022-09-22,0.9079999923706055,0.9559999704360962,0.9079999923706055,0.9539999961853027,5880
2022-09-23,0.9779999852180481,0.9940000176429749,0.949999988079071,0.9940000176429749,55872
2022-09-26,0.9200000166893005,0.9599999785423279,0.9200000166893005,0.9580000042915344,45996
2022-09-27,0.9559999704360962,0.9580000042915344,0.921999990940094,0.9580000042915344,4984
2022-09-28,0.9100000262260437,0.9580000042915344,0.9020000100135803,0.9399999976158142,19974
2022-09-29,0.9100000262260437,0.9399999976158142,0.9100000262260437,0.9399999976158142,766
2022-09-30,0.9160000085830688,0.9580000042915344,0.8799999952316284,0.9580000042915344,29349
2022-10-03,0.9139999747276306,0.9599999785423279,0.9139999747276306,0.9580000042915344,14786
2022-10-04,0.949999988079071,0.9800000190734863,0.9319999814033508,0.9779999852180481,18922
2022-10-05,0.9900000095367432,1.0199999809265137,0.9700000286102295,1.0099999904632568,58952
2022-10-06,0.9480000138282776,1.0,0.9480000138282776,1.0,10234
2022-10-07,1.0099999904632568,1.0149999856948853,1.0,1.0,8371
2022-10-10,1.0,1.0149999856948853,0.9700000286102295,1.0149999856948853,9796
2022-10-11,1.0099999904632568,1.0099999904632568,0.9700000286102295,1.0099999904632568,2556
2022-10-12,1.0099999904632568,1.0099999904632568,1.0099999904632568,1.0099999904632568,0
2022-10-13,0.9660000205039978,1.0,0.9480000138282776,0.9980000257492065,5271
2022-10-14,0.9980000257492065,0.9980000257492065,0.9440000057220459,0.9660000205039978,35451
2022-10-17,0.9440000057220459,0.9860000014305115,0.9380000233650208,0.9860000014305115,13927
2022-10-18,0.9399999976158142,0.984000027179718,0.9399999976158142,0.984000027179718,390
2022-10-19,0.9819999933242798,0.9819999933242798,0.9819999933242798,0.9819999933242798,1550
2022-10-20,0.949999988079071,0.984000027179718,0.9440000057220459,0.984000027179718,3576
2022-10-21,0.9399999976158142,1.0099999904632568,0.9359999895095825,1.0099999904632568,37524
2022-10-24,0.9919999837875366,0.9959999918937683,0.9900000095367432,0.9959999918937683,13538
2022-10-25,0.9599999785423279,0.9940000176429749,0.9359999895095825,0.9940000176429749,10083
2022-10-26,0.949999988079071,0.9679999947547913,0.921999990940094,0.9679999947547913,25215
2022-10-27,0.9660000205039978,0.9660000205039978,0.9340000152587891,0.9639999866485596,2950
2022-10-28,0.9359999895095825,0.9660000205039978,0.9259999990463257,0.9660000205039978,6363
2022-10-31,0.9660000205039978,0.9959999918937683,0.9660000205039978,0.9900000095367432,6200
2022-11-02,0.9900000095367432,0.9900000095367432,0.949999988079071,0.9879999756813049,6006
2022-11-03,0.9380000233650208,0.9700000286102295,0.9319999814033508,0.9700000286102295,13400
2022-11-04,0.9700000286102295,0.9700000286102295,0.9700000286102295,0.9700000286102295,0
2022-11-07,0.9800000190734863,0.9879999756813049,0.9800000190734863,0.9879999756813049,5980
2022-11-08,0.9879999756813049,0.9900000095367432,0.9700000286102295,0.9879999756813049,9928
2022-11-09,0.9900000095367432,0.9900000095367432,0.9900000095367432,0.9900000095367432,410
2022-11-10,0.9900000095367432,0.9900000095367432,0.9539999961853027,0.9879999756813049,231
2022-11-14,0.9879999756813049,0.9879999756813049,0.9879999756813049,0.9879999756813049,4935
2022-11-15,0.9879999756813049,0.9879999756813049,0.9879999756813049,0.9879999756813049,0
2022-11-16,0.9620000123977661,0.9700000286102295,0.9580000042915344,0.9700000286102295,4305
2022-11-17,0.984000027179718,0.9860000014305115,0.9800000190734863,0.9860000014305115,6615
2022-11-18,0.9860000014305115,1.0,0.9800000190734863,0.9980000257492065,26123
2022-11-21,1.0149999856948853,1.0199999809265137,1.0149999856948853,1.0199999809265137,1200
2022-11-22,1.0,1.0149999856948853,0.9800000190734863,1.0149999856948853,12850
2022-11-23,1.0149999856948853,1.0149999856948853,0.9900000095367432,1.0049999952316284,3068
2022-11-24,1.0,1.0,0.9599999785423279,0.9900000095367432,4766
2022-11-25,0.9900000095367432,1.0,0.9700000286102295,1.0,13279
2022-11-28,1.0,1.0,1.0,1.0,0
2022-11-29,0.9700000286102295,0.9980000257492065,0.9620000123977661,0.9980000257492065,5002
2022-11-30,0.9959999918937683,1.0,0.9700000286102295,0.9900000095367432,33606
2022-12-01,0.9700000286102295,0.9900000095367432,0.9700000286102295,0.9900000095367432,7555
2022-12-02,0.9900000095367432,0.9900000095367432,0.9900000095367432,0.9900000095367432,1000
2022-12-05,0.949999988079071,0.9760000109672546,0.9100000262260437,0.9760000109672546,47810
2022-12-06,0.9620000123977661,0.9620000123977661,0.9419999718666077,0.9559999704360962,2960
2022-12-07,0.9419999718666077,0.9639999866485596,0.9399999976158142,0.9639999866485596,8872
2022-12-08,0.9639999866485596,0.9639999866485596,0.9639999866485596,0.9639999866485596,0
2022-12-09,0.9259999990463257,0.9620000123977661,0.9160000085830688,0.9620000123977661,10405
2022-12-12,0.9599999785423279,0.9599999785423279,0.9599999785423279,0.9599999785423279,1000
2022-12-13,0.9599999785423279,0.9599999785423279,0.9599999785423279,0.9599999785423279,2000
2022-12-14,0.9599999785423279,0.9700000286102295,0.9340000152587891,0.9700000286102295,5721
2022-12-15,0.9599999785423279,0.9599999785423279,0.9599999785423279,0.9599999785423279,50
2022-12-16,0.949999988079071,0.949999988079071,0.949999988079071,0.949999988079071,12000
2022-12-19,0.921999990940094,0.9599999785423279,0.921999990940094,0.9599999785423279,3955
2022-12-20,0.921999990940094,0.9559999704360962,0.921999990940094,0.9559999704360962,2410
2022-12-21,0.9599999785423279,0.9599999785423279,0.9100000262260437,0.9399999976158142,9400
2022-12-22,0.9399999976158142,0.9399999976158142,0.9399999976158142,0.9399999976158142,0
2022-12-23,0.9399999976158142,0.9399999976158142,0.9399999976158142,0.9399999976158142,0
2022-12-27,0.9279999732971191,0.9279999732971191,0.9179999828338623,0.9179999828338623,11418
2022-12-28,0.9179999828338623,0.9399999976158142,0.8820000290870667,0.9399999976158142,52026
2022-12-29,0.8999999761581421,0.9319999814033508,0.8980000019073486,0.9259999990463257,21402
2022-12-30,0.9259999990463257,0.9259999990463257,0.8999999761581421,0.9259999990463257,2962
2023-01-02,0.8899999856948853,0.9520000219345093,0.8899999856948853,0.8999999761581421,54092
2023-01-03,0.8920000195503235,0.8920000195503235,0.8299999833106995,0.8479999899864197,186314
2023-01-04,0.878000020980835,0.8999999761581421,0.8479999899864197,0.8999999761581421,41581
2023-01-05,0.8999999761581421,0.8999999761581421,0.8899999856948853,0.8899999856948853,5585
2023-01-09,0.8999999761581421,0.8999999761581421,0.8899999856948853,0.8960000276565552,31390
2023-01-10,0.8820000290870667,0.9200000166893005,0.8820000290870667,0.9200000166893005,1501
2023-01-11,0.9200000166893005,0.9459999799728394,0.8999999761581421,0.8999999761581421,11566
2023-01-12,0.9200000166893005,0.9259999990463257,0.8799999952316284,0.8999999761581421,30718
2023-01-13,0.9139999747276306,0.9139999747276306,0.8999999761581421,0.9139999747276306,10970
2023-01-16,0.9139999747276306,0.9139999747276306,0.871999979019165,0.8999999761581421,11450
2023-01-17,0.8999999761581421,0.8999999761581421,0.871999979019165,0.8820000290870667,25807
2023-01-18,0.8799999952316284,0.8799999952316284,0.8799999952316284,0.8799999952316284,7019
2023-01-19,0.871999979019165,0.8980000019073486,0.8619999885559082,0.8980000019073486,11772
2023-01-20,0.8640000224113464,0.8799999952316284,0.8420000076293945,0.8799999952316284,109413
2023-01-23,0.8799999952316284,0.8799999952316284,0.8399999737739563,0.8560000061988831,53933
2023-01-24,0.8560000061988831,0.878000020980835,0.8460000157356262,0.878000020980835,12260
2023-01-25,0.8600000143051147,0.9480000138282776,0.8600000143051147,0.9399999976158142,62824
2023-01-26,0.9480000138282776,0.9620000123977661,0.9480000138282776,0.9539999961853027,48676
2023-01-27,0.9599999785423279,1.0800000429153442,0.9459999799728394,1.0800000429153442,180127
2023-01-30,1.0700000524520874,1.2899999618530273,1.0299999713897705,1.1200000047683716,447906
2023-01-31,1.1100000143051147,1.1649999618530273,1.0800000429153442,1.1200000047683716,71531
2023-02-01,1.090000033378601,1.159999966621399,1.0399999618530273,1.1549999713897705,37569
2023-02-02,1.1549999713897705,1.1799999475479126,1.1100000143051147,1.1749999523162842,62219
2023-02-03,1.1950000524520874,1.2300000190734863,1.1200000047683716,1.2000000476837158,57997
2023-02-06,1.2000000476837158,1.2000000476837158,1.1200000047683716,1.1399999856948853,18378
2023-02-07,1.1050000190734863,1.1399999856948853,1.100000023841858,1.1399999856948853,7292
2023-02-08,1.1200000047683716,1.2000000476837158,1.0,1.1799999475479126,160798
2023-02-09,1.1749999523162842,1.1799999475479126,1.1150000095367432,1.1799999475479126,5242
2023-02-10,1.159999966621399,1.1749999523162842,1.1050000190734863,1.1399999856948853,28019
2023-02-13,1.1399999856948853,1.2799999713897705,1.1399999856948853,1.274999976158142,90066
2023-02-14,1.2799999713897705,1.399999976158142,1.2799999713897705,1.3650000095367432,142385
2023-02-15,1.3650000095367432,1.3650000095367432,1.2899999618530273,1.315000057220459,31252
2023-02-16,1.315000057220459,1.340000033378601,1.2999999523162842,1.3350000381469727,5642
2023-02-17,1.3300000429153442,1.3300000429153442,1.2999999523162842,1.3300000429153442,19761
2023-02-20,1.3300000429153442,1.3650000095367432,1.309999942779541,1.3650000095367432,95061
2023-02-21,1.3600000143051147,1.3799999952316284,1.3049999475479126,1.3350000381469727,81407
2023-02-22,1.350000023841858,1.3899999856948853,1.309999942779541,1.350000023841858,11228
2023-02-23,1.350000023841858,1.350000023841858,1.2799999713897705,1.350000023841858,23155
2023-02-24,1.350000023841858,1.3799999952316284,1.309999942779541,1.340000033378601,19552
2023-02-27,1.340000033378601,1.350000023841858,1.2999999523162842,1.3350000381469727,20080
2023-02-28,1.3350000381469727,1.399999976158142,1.3200000524520874,1.350000023841858,35632
2023-03-01,1.3350000381469727,1.340000033378601,1.309999942779541,1.340000033378601,21993
2023-03-02,1.3200000524520874,1.3350000381469727,1.309999942779541,1.3350000381469727,5155
2023-03-03,1.309999942779541,1.340000033378601,1.2999999523162842,1.340000033378601,9706
2023-03-06,1.3450000286102295,1.3650000095367432,1.2799999713897705,1.3300000429153442,38910
2023-03-07,1.2999999523162842,1.3300000429153442,1.2799999713897705,1.315000057220459,11686
2023-03-08,1.2999999523162842,1.2999999523162842,1.2400000095367432,1.2999999523162842,22757
2023-03-09,1.2999999523162842,1.2999999523162842,1.2799999713897705,1.2899999618530273,13187
2023-03-10,1.2899999618530273,1.2899999618530273,1.2799999713897705,1.2899999618530273,5232
2023-03-13,1.2799999713897705,1.2799999713897705,1.159999966621399,1.2400000095367432,154863
2023-03-14,1.2549999952316284,1.2549999952316284,1.190000057220459,1.2400000095367432,17042
2023-03-15,1.1950000524520874,1.2450000047683716,1.1699999570846558,1.2100000381469727,14760
2023-03-16,1.2100000381469727,1.2400000095367432,1.1699999570846558,1.2050000429153442,2070
2023-03-17,1.1699999570846558,1.225000023841858,1.1699999570846558,1.215000033378601,28707
2023-03-20,1.215000033378601,1.2450000047683716,1.2000000476837158,1.2200000286102295,6566
2023-03-21,1.2450000047683716,1.2450000047683716,1.1699999570846558,1.215000033378601,12239
2023-03-22,1.2000000476837158,1.2000000476837158,1.159999966621399,1.2000000476837158,3882
2023-03-23,1.2350000143051147,1.2350000143051147,1.159999966621399,1.2200000286102295,2457
2023-03-24,1.215000033378601,1.2200000286102295,1.1699999570846558,1.215000033378601,5898
2023-03-27,1.225000023841858,1.2300000190734863,1.1699999570846558,1.2200000286102295,26134
2023-03-28,1.25,1.3200000524520874,1.2200000286102295,1.2899999618530273,79101
2023-03-29,1.2799999713897705,1.2999999523162842,1.225000023841858,1.2899999618530273,9859
2023-03-30,1.2799999713897705,1.2799999713897705,1.2350000143051147,1.2400000095367432,3749
2023-03-31,1.2400000095367432,1.2899999618530273,1.2400000095367432,1.2599999904632568,38379
2023-04-03,1.3550000190734863,1.3550000190734863,1.2350000143051147,1.315000057220459,8847
2023-04-04,1.2799999713897705,1.2799999713897705,1.2799999713897705,1.2799999713897705,1604
2023-04-05,1.2799999713897705,1.3200000524520874,1.2649999856948853,1.2899999618530273,6875
2023-04-06,1.2899999618530273,1.2899999618530273,1.2400000095367432,1.2799999713897705,17976
2023-04-11,1.274999976158142,1.274999976158142,1.25,1.274999976158142,10553
2023-04-12,1.2450000047683716,1.2549999952316284,1.2400000095367432,1.2549999952316284,14419
2023-04-13,1.2400000095367432,1.2450000047683716,1.2200000286102295,1.2450000047683716,17269
2023-04-14,1.2799999713897705,1.2799999713897705,1.159999966621399,1.2200000286102295,43257
2023-04-17,1.190000057220459,1.2350000143051147,1.1100000143051147,1.2000000476837158,83915
2023-04-18,1.2000000476837158,1.2400000095367432,1.159999966621399,1.2400000095367432,24865
2023-04-19,1.2450000047683716,1.25,1.2400000095367432,1.2400000095367432,12710
2023-04-20,1.2350000143051147,1.25,1.2050000429153442,1.25,29091
2023-04-21,1.2400000095367432,1.2549999952316284,1.2200000286102295,1.25,15478
2023-04-24,1.2400000095367432,1.2450000047683716,1.190000057220459,1.2100000381469727,18305
2023-04-25,1.2300000190734863,1.2300000190734863,1.190000057220459,1.2300000190734863,5805
2023-04-26,1.2200000286102295,1.2200000286102295,1.1799999475479126,1.2200000286102295,32028
2023-04-27,1.1799999475479126,1.2799999713897705,1.1799999475479126,1.2799999713897705,50503
2023-04-28,1.284999966621399,1.2899999618530273,1.215000033378601,1.2899999618530273,27341
2023-05-02,1.2200000286102295,1.274999976158142,1.2100000381469727,1.274999976158142,13998
2023-05-04,1.2649999856948853,1.2699999809265137,1.225000023841858,1.2599999904632568,6096
2023-05-05,1.2599999904632568,1.2799999713897705,1.2200000286102295,1.2799999713897705,24083
2023-05-08,1.2699999809265137,1.2799999713897705,1.2450000047683716,1.2799999713897705,68537
2023-05-09,1.2300000190734863,1.2699999809265137,1.2200000286102295,1.2599999904632568,32861
2023-05-10,1.25,1.2699999809265137,1.215000033378601,1.2400000095367432,46799
2023-05-11,1.2400000095367432,1.25,1.215000033378601,1.25,27023
2023-05-12,1.25,1.25,1.2450000047683716,1.2450000047683716,26900
2023-05-15,1.2400000095367432,1.2400000095367432,1.2200000286102295,1.2200000286102295,49848
2023-05-16,1.2200000286102295,1.2200000286102295,1.1649999618530273,1.2200000286102295,45317
2023-05-17,1.2200000286102295,1.25,1.2200000286102295,1.2400000095367432,30698
2023-05-18,1.2450000047683716,1.2599999904632568,1.190000057220459,1.2599999904632568,29756
2023-05-19,1.25,1.2999999523162842,1.2300000190734863,1.2999999523162842,45620
2023-05-22,1.2999999523162842,1.3300000429153442,1.25,1.3200000524520874,29242
2023-05-23,1.315000057220459,1.3550000190734863,1.2699999809265137,1.3550000190734863,23079
2023-05-24,1.2899999618530273,1.3450000286102295,1.2799999713897705,1.340000033378601,49197
2023-05-25,1.340000033378601,1.340000033378601,1.2949999570846558,1.2999999523162842,19512
2023-05-26,1.2949999570846558,1.3300000429153442,1.25,1.2899999618530273,16542
2023-05-29,1.3200000524520874,1.3300000429153442,1.274999976158142,1.309999942779541,8067
2023-05-30,1.309999942779541,1.309999942779541,1.2599999904632568,1.309999942779541,8997
2023-05-31,1.309999942779541,1.375,1.2599999904632568,1.2799999713897705,53307
2023-06-01,1.309999942779541,1.3200000524520874,1.2300000190734863,1.3200000524520874,55184
2023-06-02,1.315000057220459,1.3600000143051147,1.25,1.3600000143051147,103187
2023-06-05,1.340000033378601,1.340000033378601,1.2699999809265137,1.3300000429153442,49941
2023-06-06,1.3300000429153442,1.440000057220459,1.3300000429153442,1.440000057220459,81318
2023-06-07,1.4500000476837158,1.690000057220459,1.440000057220459,1.5299999713897705,182645
2023-06-09,1.5399999618530273,1.6100000143051147,1.5199999809265137,1.5850000381469727,22752
2023-06-12,1.559999942779541,1.600000023841858,1.524999976158142,1.5499999523162842,20961
2023-06-13,1.5199999809265137,1.6050000190734863,1.5099999904632568,1.5700000524520874,20874
2023-06-14,1.5549999475479126,1.5850000381469727,1.4700000286102295,1.5850000381469727,28807
2023-06-15,1.5850000381469727,1.590000033378601,1.5049999952316284,1.590000033378601,32410
2023-06-16,1.590000033378601,1.590000033378601,1.5299999713897705,1.5750000476837158,24785
2023-06-19,1.534999966621399,1.5750000476837158,1.5199999809265137,1.5750000476837158,38608
2023-06-20,1.534999966621399,1.559999942779541,1.5,1.5499999523162842,50473
2023-06-21,1.5499999523162842,1.649999976158142,1.5199999809265137,1.6100000143051147,97979
2023-06-22,1.6100000143051147,1.6100000143051147,1.4500000476837158,1.4900000095367432,90289
2023-06-23,1.5499999523162842,1.590000033378601,1.4500000476837158,1.559999942779541,32170
2023-06-26,1.5499999523162842,1.6449999809265137,1.4299999475479126,1.5549999475479126,50545
2023-06-27,1.600000023841858,1.6299999952316284,1.5,1.5399999618530273,15521
2023-06-28,1.5399999618530273,1.5700000524520874,1.5049999952316284,1.5399999618530273,7087
2023-06-29,1.5750000476837158,1.5950000286102295,1.5399999618530273,1.590000033378601,10499
2023-06-30,1.590000033378601,1.6299999952316284,1.590000033378601,1.6299999952316284,18187
2023-07-03,1.6299999952316284,1.6399999856948853,1.5800000429153442,1.6349999904632568,4224
2023-07-04,1.6399999856948853,1.6399999856948853,1.590000033378601,1.6349999904632568,12737
2023-07-05,1.600000023841858,1.6399999856948853,1.5850000381469727,1.6299999952316284,15864
2023-07-06,1.600000023841858,1.600000023841858,1.5399999618530273,1.5850000381469727,19742
2023-07-07,1.590000033378601,1.590000033378601,1.5850000381469727,1.590000033378601,6632
2023-07-10,1.6399999856948853,1.6399999856948853,1.5499999523162842,1.5850000381469727,2944
2023-07-11,1.5850000381469727,1.6399999856948853,1.5850000381469727,1.6200000047683716,4083
2023-07-12,1.5700000524520874,1.600000023841858,1.5299999713897705,1.5850000381469727,9521
2023-07-13,1.590000033378601,1.6200000047683716,1.5549999475479126,1.6100000143051147,6709
2023-07-14,1.6100000143051147,1.6200000047683716,1.590000033378601,1.6100000143051147,3957
2023-07-17,1.6200000047683716,1.6200000047683716,1.559999942779541,1.5800000429153442,13350
2023-07-18,1.5950000286102295,1.5950000286102295,1.590000033378601,1.590000033378601,2639
2023-07-19,1.590000033378601,1.6100000143051147,1.5099999904632568,1.6100000143051147,42007
2023-07-20,1.5299999713897705,1.600000023841858,1.5299999713897705,1.5700000524520874,12800
2023-07-21,1.590000033378601,1.6200000047683716,1.5399999618530273,1.6200000047683716,17649
2023-07-24,1.6100000143051147,1.6399999856948853,1.6100000143051147,1.6399999856948853,14326
2023-07-25,1.6399999856948853,1.6399999856948853,1.600000023841858,1.6349999904632568,3296
2023-07-26,1.6399999856948853,1.6399999856948853,1.6150000095367432,1.6200000047683716,1924
2023-07-27,1.6349999904632568,1.6749999523162842,1.5700000524520874,1.6749999523162842,38779
2023-07-28,1.7000000476837158,1.7000000476837158,1.5950000286102295,1.690000057220459,47385
2023-07-31,1.6649999618530273,1.7100000381469727,1.6299999952316284,1.6799999475479126,18005
2023-08-01,1.6799999475479126,1.690000057220459,1.6349999904632568,1.6799999475479126,18822
2023-08-02,1.690000057220459,1.690000057220459,1.6399999856948853,1.6449999809265137,2387
2023-08-03,1.6299999952316284,1.6549999713897705,1.6200000047683716,1.6349999904632568,8164
2023-08-04,1.6349999904632568,1.6349999904632568,1.6050000190734863,1.6349999904632568,3950
2023-08-07,1.6399999856948853,1.6399999856948853,1.6050000190734863,1.6299999952316284,12624
2023-08-08,1.6299999952316284,1.6399999856948853,1.524999976158142,1.590000033378601,8792
2023-08-09,1.590000033378601,1.590000033378601,1.440000057220459,1.559999942779541,40069
2023-08-10,1.5549999475479126,1.5549999475479126,1.440000057220459,1.524999976158142,30178
2023-08-11,1.5499999523162842,1.590000033378601,1.4299999475479126,1.5850000381469727,55656
2023-08-14,1.5850000381469727,1.5850000381469727,1.4850000143051147,1.5700000524520874,35951
2023-08-16,1.5800000429153442,1.5800000429153442,1.4500000476837158,1.5299999713897705,46410
2023-08-17,1.565000057220459,1.5700000524520874,1.5499999523162842,1.5499999523162842,12485
2023-08-18,1.5099999904632568,1.5549999475479126,1.475000023841858,1.5299999713897705,27418
2023-08-21,1.4700000286102295,1.5499999523162842,1.4700000286102295,1.5499999523162842,18459
2023-08-22,1.5,1.5449999570846558,1.4950000047683716,1.5049999952316284,4064
2023-08-23,1.5449999570846558,1.5449999570846558,1.4850000143051147,1.5399999618530273,908
2023-08-24,1.5399999618530273,1.5399999618530273,1.4900000095367432,1.5299999713897705,18857
2023-08-25,1.4800000190734863,1.5199999809265137,1.4500000476837158,1.4850000143051147,15340
2023-08-28,1.4900000095367432,1.5099999904632568,1.4500000476837158,1.4700000286102295,5742
2023-08-29,1.5099999904632568,1.5099999904632568,1.5049999952316284,1.5049999952316284,333
2023-08-30,1.4900000095367432,1.4900000095367432,1.4550000429153442,1.4800000190734863,515
2023-08-31,1.4550000429153442,1.5149999856948853,1.4500000476837158,1.5,3222
2023-09-01,1.5,1.5,1.4600000381469727,1.4950000047683716,14395
2023-09-04,1.4550000429153442,1.534999966621399,1.4500000476837158,1.534999966621399,17805
2023-09-05,1.5449999570846558,1.5700000524520874,1.5,1.559999942779541,27788
2023-09-06,1.524999976158142,1.559999942779541,1.475000023841858,1.5549999475479126,29673
2023-09-07,1.5199999809265137,1.590000033378601,1.5149999856948853,1.590000033378601,32487
2023-09-08,1.600000023841858,1.6299999952316284,1.5499999523162842,1.590000033378601,22529
2023-09-11,1.6150000095367432,1.6200000047683716,1.590000033378601,1.590000033378601,3897
2023-09-12,1.6150000095367432,1.6200000047683716,1.5399999618530273,1.5950000286102295,3222
2023-09-13,1.5149999856948853,1.590000033378601,1.5149999856948853,1.5299999713897705,3116
2023-09-14,1.5299999713897705,1.6200000047683716,1.4550000429153442,1.6200000047683716,25391
2023-09-15,1.6200000047683716,1.625,1.5549999475479126,1.6200000047683716,9717
2023-09-18,1.5700000524520874,1.6299999952316284,1.565000057220459,1.6200000047683716,4493
2023-09-19,1.5750000476837158,1.6399999856948853,1.5750000476837158,1.6399999856948853,5096
2023-09-20,1.6449999809265137,1.659999966621399,1.6100000143051147,1.6299999952316284,16556
2023-09-21,1.6399999856948853,1.6399999856948853,1.590000033378601,1.590000033378601,763
2023-09-22,1.600000023841858,1.6299999952316284,1.5850000381469727,1.625,7902
2023-09-25,1.5850000381469727,1.625,1.5850000381469727,1.6100000143051147,208
2023-09-26,1.6050000190734863,1.6200000047683716,1.5950000286102295,1.6150000095367432,4619
2023-09-27,1.6150000095367432,1.6150000095367432,1.600000023841858,1.6050000190734863,1763
2023-09-28,1.5850000381469727,1.600000023841858,1.5800000429153442,1.600000023841858,6804
2023-09-29,1.565000057220459,1.600000023841858,1.4950000047683716,1.600000023841858,52159
2023-10-02,1.5499999523162842,1.5499999523162842,1.4500000476837158,1.524999976158142,120749
2023-10-03,1.5149999856948853,1.600000023841858,1.4700000286102295,1.600000023841858,19281
2023-10-04,1.565000057220459,1.600000023841858,1.5199999809265137,1.600000023841858,21212
2023-10-05,1.559999942779541,1.5850000381469727,1.5199999809265137,1.5850000381469727,52190
2023-10-06,1.5750000476837158,1.5800000429153442,1.4800000190734863,1.5800000429153442,52136
2023-10-09,1.5800000429153442,1.5800000429153442,1.5399999618530273,1.5800000429153442,1393
2023-10-10,1.524999976158142,1.600000023841858,1.5199999809265137,1.600000023841858,11069
2023-10-11,1.5,1.5750000476837158,1.5,1.5750000476837158,10079
2023-10-12,1.5700000524520874,1.5800000429153442,1.524999976158142,1.5800000429153442,16575
2023-10-13,1.5750000476837158,1.600000023841858,1.5499999523162842,1.600000023841858,14370
2023-10-16,1.600000023841858,1.6150000095367432,1.559999942779541,1.6150000095367432,12430
2023-10-17,1.5850000381469727,1.6200000047683716,1.5850000381469727,1.6150000095367432,2607
2023-10-18,1.6150000095367432,1.6200000047683716,1.534999966621399,1.6150000095367432,17512
2023-10-19,1.5950000286102295,1.5950000286102295,1.5700000524520874,1.5700000524520874,4615
2023-10-20,1.5850000381469727,1.600000023841858,1.5700000524520874,1.5950000286102295,3415
2023-10-23,1.5950000286102295,1.5950000286102295,1.5950000286102295,1.5950000286102295,31
2023-10-24,1.5950000286102295,1.6200000047683716,1.5549999475479126,1.5549999475479126,12964
2023-10-25,1.5549999475479126,1.5549999475479126,1.5299999713897705,1.5499999523162842,16070
2023-10-26,1.534999966621399,1.5800000429153442,1.4800000190734863,1.5800000429153442,14497
2023-10-27,1.5499999523162842,1.600000023841858,1.5199999809265137,1.600000023841858,27169
2023-10-30,1.590000033378601,1.590000033378601,1.534999966621399,1.5850000381469727,733
2023-10-31,1.5399999618530273,1.5850000381469727,1.5399999618530273,1.5850000381469727,198
2023-11-02,1.5549999475479126,1.5800000429153442,1.4950000047683716,1.5099999904632568,21005
2023-11-03,1.4850000143051147,1.600000023841858,1.4850000143051147,1.600000023841858,22182
2023-11-06,1.6100000143051147,1.6100000143051147,1.5499999523162842,1.5950000286102295,10731
2023-11-07,1.5800000429153442,1.5850000381469727,1.5800000429153442,1.5850000381469727,275
2023-11-08,1.5499999523162842,1.5800000429153442,1.5499999523162842,1.5800000429153442,33
2023-11-09,1.5700000524520874,1.5700000524520874,1.5149999856948853,1.5149999856948853,1761
2023-11-10,1.5499999523162842,1.5800000429153442,1.5199999809265137,1.5800000429153442,10803
2023-11-13,1.7000000476837158,1.75,1.5950000286102295,1.6200000047683716,488857
2023-11-14,1.6299999952316284,1.6399999856948853,1.5700000524520874,1.5850000381469727,66690
2023-11-15,1.6549999713897705,1.7300000190734863,1.6050000190734863,1.725000023841858,122331
2023-11-16,1.725000023841858,1.725000023841858,1.690000057220459,1.715000033378601,44474
2023-11-17,1.7100000381469727,1.7100000381469727,1.6399999856948853,1.649999976158142,28656
2023-11-20,1.7000000476837158,1.7000000476837158,1.6399999856948853,1.659999966621399,32161
2023-11-21,1.7050000429153442,1.7100000381469727,1.6399999856948853,1.659999966621399,34566
2023-11-22,1.659999966621399,1.6749999523162842,1.625,1.659999966621399,5861
2023-11-23,1.649999976158142,1.6799999475479126,1.6299999952316284,1.6649999618530273,22547
2023-11-24,1.649999976158142,1.6649999618530273,1.625,1.659999966621399,1895
2023-11-27,1.6299999952316284,1.6299999952316284,1.5750000476837158,1.6150000095367432,29264
2023-11-28,1.625,1.659999966621399,1.600000023841858,1.659999966621399,1467
2023-11-29,1.6549999713897705,1.6549999713897705,1.6150000095367432,1.6150000095367432,115
2023-11-30,1.6150000095367432,1.6150000095367432,1.5850000381469727,1.600000023841858,6915
2023-12-01,1.6100000143051147,1.850000023841858,1.5299999713897705,1.7000000476837158,502039
2023-12-04,1.7000000476837158,1.7400000095367432,1.649999976158142,1.7000000476837158,143898
2023-12-05,1.6649999618530273,1.7050000429153442,1.649999976158142,1.649999976158142,29394
2023-12-06,1.649999976158142,1.6950000524520874,1.6449999809265137,1.6799999475479126,14444
2023-12-07,1.6449999809265137,1.75,1.6399999856948853,1.7300000190734863,53946
2023-12-08,1.7300000190734863,1.7300000190734863,1.6699999570846558,1.715000033378601,32095
2023-12-11,1.7100000381469727,1.7400000095367432,1.659999966621399,1.7300000190734863,9766
2023-12-12,1.725000023841858,1.7450000047683716,1.649999976158142,1.690000057220459,10421
2023-12-13,1.690000057220459,1.7100000381469727,1.6200000047683716,1.7000000476837158,13592
2023-12-14,1.659999966621399,1.684999942779541,1.6299999952316284,1.684999942779541,51512
2023-12-15,1.6799999475479126,1.7200000286102295,1.6649999618530273,1.690000057220459,19839
2023-12-18,1.6950000524520874,1.6950000524520874,1.6699999570846558,1.690000057220459,13792
2023-12-19,1.690000057220459,1.690000057220459,1.6299999952316284,1.684999942779541,17400
2023-12-20,1.6299999952316284,1.6950000524520874,1.5499999523162842,1.6349999904632568,141929
2023-12-21,1.600000023841858,1.649999976158142,1.590000033378601,1.6399999856948853,18180
2023-12-22,1.6399999856948853,1.6799999475479126,1.600000023841858,1.6749999523162842,55725
2023-12-27,1.6749999523162842,1.6950000524520874,1.6549999713897705,1.690000057220459,36602
2023-12-28,1.6549999713897705,1.7100000381469727,1.6449999809265137,1.7100000381469727,11712
2023-12-29,1.6699999570846558,1.7200000286102295,1.649999976158142,1.7050000429153442,25619
2024-01-02,1.715000033378601,1.715000033378601,1.625,1.690000057220459,36210
2024-01-03,1.690000057220459,1.7000000476837158,1.649999976158142,1.690000057220459,21235
2024-01-04,1.659999966621399,1.6950000524520874,1.649999976158142,1.6950000524520874,10218
2024-01-05,1.6699999570846558,1.6699999570846558,1.6200000047683716,1.6649999618530273,11678
2024-01-08,1.649999976158142,1.649999976158142,1.5800000429153442,1.6100000143051147,17196
2024-01-09,1.6100000143051147,1.6299999952316284,1.565000057220459,1.6299999952316284,20603
2024-01-10,1.6299999952316284,1.6299999952316284,1.590000033378601,1.590000033378601,2612
2024-01-11,1.6100000143051147,1.6100000143051147,1.5299999713897705,1.534999966621399,27191
2024-01-12,1.534999966621399,1.5499999523162842,1.5199999809265137,1.5199999809265137,10014
2024-01-15,1.5149999856948853,1.524999976158142,1.465000033378601,1.4850000143051147,20600
2024-01-16,1.4950000047683716,1.5700000524520874,1.4850000143051147,1.5700000524520874,10651
2024-01-17,1.5750000476837158,1.5800000429153442,1.5449999570846558,1.5800000429153442,18809
2024-01-18,1.5299999713897705,1.5750000476837158,1.4900000095367432,1.5399999618530273,2401
2024-01-19,1.565000057220459,1.5700000524520874,1.5099999904632568,1.5399999618530273,3440
2024-01-22,1.5399999618530273,1.5399999618530273,1.5049999952316284,1.534999966621399,6224
2024-01-23,1.534999966621399,1.5700000524520874,1.4800000190734863,1.5149999856948853,6737
2024-01-24,1.4900000095367432,1.5549999475479126,1.4900000095367432,1.5549999475479126,9386
2024-01-25,1.5199999809265137,1.5700000524520874,1.4950000047683716,1.559999942779541,11917
2024-01-26,1.5700000524520874,1.590000033378601,1.5149999856948853,1.5299999713897705,4474
2024-01-29,1.565000057220459,1.5700000524520874,1.5149999856948853,1.5399999618530273,7691
2024-01-30,1.5199999809265137,1.534999966621399,1.5049999952316284,1.534999966621399,1895
2024-01-31,1.5499999523162842,1.5549999475479126,1.5399999618530273,1.5399999618530273,975
2024-02-01,1.559999942779541,1.565000057220459,1.5549999475479126,1.5549999475479126,3011
2024-02-02,1.5199999809265137,1.590000033378601,1.4900000095367432,1.590000033378601,23647
2024-02-05,1.5199999809265137,1.5700000524520874,1.4950000047683716,1.4950000047683716,76448
2024-02-06,1.4900000095367432,1.5299999713897705,1.4199999570846558,1.4450000524520874,74839
2024-02-07,1.434999942779541,1.440000057220459,1.3700000047683716,1.440000057220459,39823
2024-02-08,1.440000057220459,1.4700000286102295,1.399999976158142,1.4600000381469727,465
2024-02-09,1.409999966621399,1.5149999856948853,1.399999976158142,1.4800000190734863,6963
2024-02-12,1.5149999856948853,1.5299999713897705,1.4500000476837158,1.5099999904632568,15158
2024-02-13,1.5399999618530273,1.5399999618530273,1.440000057220459,1.4850000143051147,1154
2024-02-14,1.440000057220459,1.5149999856948853,1.4249999523162842,1.5149999856948853,15885
2024-02-15,1.4800000190734863,1.5149999856948853,1.434999942779541,1.4950000047683716,7410
2024-02-16,1.4800000190734863,1.4800000190734863,1.4800000190734863,1.4800000190734863,1000
2024-02-19,1.4600000381469727,1.4850000143051147,1.4299999475479126,1.4850000143051147,3668
2024-02-20,1.4500000476837158,1.5299999713897705,1.4299999475479126,1.5299999713897705,18361
2024-02-21,1.559999942779541,1.559999942779541,1.475000023841858,1.5449999570846558,9807
2024-02-22,1.5,1.5700000524520874,1.4800000190734863,1.5700000524520874,29603
2024-02-23,1.5049999952316284,1.5750000476837158,1.5,1.5750000476837158,25520
2024-02-26,1.5750000476837158,1.5750000476837158,1.5449999570846558,1.5449999570846558,96
2024-02-27,1.5449999570846558,1.5549999475479126,1.5099999904632568,1.5499999523162842,8018
2024-02-28,1.565000057220459,1.5750000476837158,1.5499999523162842,1.5750000476837158,10107
2024-02-29,1.5199999809265137,1.5700000524520874,1.5099999904632568,1.5700000524520874,852
2024-03-01,1.5399999618530273,1.565000057220459,1.534999966621399,1.5549999475479126,16822
2024-03-04,1.559999942779541,1.5800000429153442,1.5099999904632568,1.5800000429153442,3991
2024-03-05,1.5750000476837158,1.590000033378601,1.5750000476837158,1.590000033378601,2284
2024-03-06,1.590000033378601,1.590000033378601,1.5700000524520874,1.5700000524520874,57
2024-03-07,1.5700000524520874,1.590000033378601,1.5499999523162842,1.590000033378601,6872
2024-03-08,1.5549999475479126,1.5800000429153442,1.5199999809265137,1.5800000429153442,8332
2024-03-11,1.5850000381469727,1.5850000381469727,1.5299999713897705,1.5800000429153442,13724
2024-03-12,1.534999966621399,1.5800000429153442,1.5099999904632568,1.5800000429153442,13696
2024-03-13,1.534999966621399,1.5750000476837158,1.5149999856948853,1.5750000476837158,17960
2024-03-14,1.5449999570846558,1.5700000524520874,1.5299999713897705,1.5700000524520874,7037
2024-03-15,1.559999942779541,1.590000033378601,1.5299999713897705,1.590000033378601,14897
2024-03-18,1.5800000429153442,1.6100000143051147,1.5549999475479126,1.6050000190734863,22383
2024-03-19,1.6349999904632568,1.6349999904632568,1.5499999523162842,1.590000033378601,37529
2024-03-20,1.5549999475479126,1.590000033378601,1.5549999475479126,1.559999942779541,4397
2024-03-21,1.5549999475479126,1.5800000429153442,1.5,1.5800000429153442,48812
2024-03-22,1.5399999618530273,1.5800000429153442,1.5049999952316284,1.5800000429153442,1764
2024-03-25,1.534999966621399,1.6399999856948853,1.5299999713897705,1.6299999952316284,10352
2024-03-26,1.625,1.625,1.5049999952316284,1.590000033378601,18189
2024-03-27,1.5399999618530273,1.6299999952316284,1.5299999713897705,1.6299999952316284,21261
2024-03-28,1.6200000047683716,1.649999976158142,1.5950000286102295,1.649999976158142,6052
2024-04-02,1.600000023841858,1.6299999952316284,1.5499999523162842,1.559999942779541,9361
2024-04-03,1.5950000286102295,1.5950000286102295,1.5950000286102295,1.5950000286102295,19
2024-04-04,1.5950000286102295,1.6100000143051147,1.5499999523162842,1.6050000190734863,1681
2024-04-05,1.559999942779541,1.559999942779541,1.5499999523162842,1.5549999475479126,4914
2024-04-08,1.5449999570846558,1.600000023841858,1.534999966621399,1.534999966621399,3565
2024-04-09,1.5399999618530273,1.5800000429153442,1.4850000143051147,1.5800000429153442,52119
2024-04-10,1.565000057220459,1.5750000476837158,1.5199999809265137,1.5750000476837158,23372
2024-04-11,1.5700000524520874,1.590000033378601,1.5499999523162842,1.590000033378601,9427
2024-04-12,1.5549999475479126,1.590000033378601,1.5549999475479126,1.590000033378601,15600
2024-04-15,1.590000033378601,1.6100000143051147,1.5449999570846558,1.6100000143051147,5637
2024-04-16,1.559999942779541,1.600000023841858,1.5149999856948853,1.600000023841858,14779
2024-04-17,1.5399999618530273,1.600000023841858,1.5399999618530273,1.600000023841858,9248
2024-04-18,1.5700000524520874,1.5950000286102295,1.5299999713897705,1.5950000286102295,24444
2024-04-19,1.559999942779541,1.5850000381469727,1.559999942779541,1.5850000381469727,11810
2024-04-22,1.5850000381469727,1.5850000381469727,1.5499999523162842,1.5700000524520874,26759
2024-04-23,1.5499999523162842,1.5700000524520874,1.5299999713897705,1.559999942779541,2473
2024-04-24,1.559999942779541,1.590000033378601,1.5199999809265137,1.5850000381469727,10689
2024-04-25,1.5499999523162842,1.5850000381469727,1.5449999570846558,1.5850000381469727,7312
2024-04-26,1.565000057220459,1.6349999904632568,1.565000057220459,1.6349999904632568,11634
2024-04-29,1.590000033378601,1.649999976158142,1.590000033378601,1.649999976158142,4387
2024-04-30,1.6449999809265137,1.649999976158142,1.6050000190734863,1.6449999809265137,13081
2024-05-02,1.7000000476837158,1.7000000476837158,1.6349999904632568,1.6749999523162842,569845
2024-05-06,1.6699999570846558,1.7350000143051147,1.659999966621399,1.715000033378601,782831
2024-05-07,1.7100000381469727,1.7300000190734863,1.684999942779541,1.7200000286102295,196572
2024-05-08,1.715000033378601,1.7200000286102295,1.6649999618530273,1.6950000524520874,110218
2024-05-09,1.6799999475479126,1.7000000476837158,1.6299999952316284,1.6399999856948853,143125
2024-05-10,1.6649999618530273,1.6749999523162842,1.6299999952316284,1.659999966621399,84709
2024-05-13,1.659999966621399,1.659999966621399,1.6399999856948853,1.6399999856948853,54944
2024-05-14,1.6399999856948853,1.649999976158142,1.6150000095367432,1.649999976158142,105415
2024-05-15,1.6399999856948853,1.649999976158142,1.6100000143051147,1.6100000143051147,186968
2024-05-16,1.6349999904632568,1.6349999904632568,1.590000033378601,1.590000033378601,97424
2024-05-17,1.5950000286102295,1.5950000286102295,1.5549999475479126,1.5800000429153442,190474
2024-05-20,1.6100000143051147,1.625,1.5800000429153442,1.600000023841858,624432
2024-05-21,1.600000023841858,1.649999976158142,1.590000033378601,1.5950000286102295,437885
2024-05-22,1.600000023841858,1.625,1.5750000476837158,1.5800000429153442,159543
2024-05-23,1.5800000429153442,1.600000023841858,1.5800000429153442,1.600000023841858,69513
2024-05-24,1.600000023841858,1.6200000047683716,1.600000023841858,1.6200000047683716,133054
2024-05-27,1.6399999856948853,1.659999966621399,1.600000023841858,1.600000023841858,235493
2024-05-28,1.5499999523162842,1.5499999523162842,1.4600000381469727,1.4950000047683716,387448
2024-05-29,1.5,1.524999976158142,1.4600000381469727,1.5,112815
2024-05-31,1.5,1.5199999809265137,1.4600000381469727,1.5199999809265137,105412
2024-06-03,1.5199999809265137,1.5199999809265137,1.4600000381469727,1.4900000095367432,133292
2024-06-04,1.5,1.5149999856948853,1.4800000190734863,1.5,69144
2024-06-05,1.5,1.5099999904632568,1.4900000095367432,1.5099999904632568,22138
2024-06-06,1.5,1.5099999904632568,1.4850000143051147,1.5,50899
2024-06-07,1.5,1.5,1.4800000190734863,1.4900000095367432,25619
2024-06-10,1.5,1.5099999904632568,1.4800000190734863,1.4850000143051147,29002
2024-06-11,1.5099999904632568,1.5099999904632568,1.4850000143051147,1.5,99376
2024-06-12,1.5,1.5,1.4850000143051147,1.4900000095367432,99675
2024-06-13,1.5,1.5,1.4600000381469727,1.4900000095367432,86528
2024-06-14,1.4900000095367432,1.5,1.4900000095367432,1.4900000095367432,119410
2024-06-17,1.4850000143051147,1.5149999856948853,1.4850000143051147,1.4900000095367432,450399
2024-06-18,1.5,1.5,1.4850000143051147,1.4950000047683716,80265
2024-06-19,1.4950000047683716,1.4950000047683716,1.475000023841858,1.475000023841858,60919
2024-06-20,1.4900000095367432,1.5,1.475000023841858,1.4850000143051147,312452
2024-06-21,1.4800000190734863,1.4900000095367432,1.4550000429153442,1.4600000381469727,180979
2024-06-24,1.4900000095367432,1.5,1.4500000476837158,1.4500000476837158,1368895
2024-06-25,1.4600000381469727,1.4600000381469727,1.3899999856948853,1.4299999475479126,718871
2024-06-26,1.0399999618530273,1.059999942779541,1.0,1.0549999475479126,467774
2024-06-27,1.059999942779541,1.0850000381469727,1.0499999523162842,1.0750000476837158,127992
2024-06-28,1.059999942779541,1.0750000476837158,1.0449999570846558,1.0700000524520874,64475
2024-07-01,1.059999942779541,1.0700000524520874,1.0299999713897705,1.0499999523162842,66124
2024-07-02,1.0499999523162842,1.0499999523162842,0.9900000095367432,1.0,261117
2024-07-03,1.0,1.0199999809265137,0.949999988079071,0.9679999947547913,303425
2024-07-04,0.9700000286102295,0.9980000257492065,0.9700000286102295,0.9940000176429749,141840
2024-07-05,0.9940000176429749,0.9940000176429749,0.9559999704360962,0.9700000286102295,73580
2024-07-08,0.9700000286102295,0.9959999918937683,0.9700000286102295,0.9940000176429749,57060
2024-07-09,0.9940000176429749,0.9940000176429749,0.9760000109672546,0.9900000095367432,20192
2024-07-10,0.9900000095367432,0.9959999918937683,0.9779999852180481,0.9779999852180481,52755
2024-07-11,0.9940000176429749,0.9940000176429749,0.9660000205039978,0.9679999947547913,70764
2024-07-12,0.9599999785423279,0.9800000190734863,0.9480000138282776,0.949999988079071,226235
2024-07-15,0.9580000042915344,0.9599999785423279,0.9020000100135803,0.9459999799728394,210536
2024-07-16,0.949999988079071,0.949999988079071,0.9139999747276306,0.9399999976158142,53802
2024-07-17,0.9399999976158142,0.9399999976158142,0.9039999842643738,0.9259999990463257,54913
2024-07-18,0.9259999990463257,0.9399999976158142,0.9200000166893005,0.9200000166893005,15653
2024-07-19,0.9340000152587891,0.9340000152587891,0.8999999761581421,0.9139999747276306,46736
2024-07-22,0.9139999747276306,0.9179999828338623,0.9020000100135803,0.9139999747276306,32849
2024-07-23,0.9100000262260437,0.9259999990463257,0.9100000262260437,0.9120000004768372,77944
2024-07-24,0.9200000166893005,0.9200000166893005,0.9079999923706055,0.9179999828338623,5045
2024-07-25,0.9120000004768372,0.9139999747276306,0.8999999761581421,0.8999999761581421,44631
2024-07-26,0.9139999747276306,0.9160000085830688,0.9079999923706055,0.9120000004768372,8937
2024-07-29,0.9120000004768372,0.9380000233650208,0.9120000004768372,0.9380000233650208,8260
2024-07-30,0.9300000071525574,0.9300000071525574,0.921999990940094,0.921999990940094,7462
2024-07-31,0.9300000071525574,0.9300000071525574,0.8999999761581421,0.9079999923706055,31397
2024-08-01,0.9100000262260437,0.9200000166893005,0.9020000100135803,0.9039999842643738,20220
2024-08-02,0.9120000004768372,0.9259999990463257,0.9039999842643738,0.9079999923706055,22304
2024-08-05,0.8960000276565552,0.9179999828338623,0.8199999928474426,0.8759999871253967,225932
2024-08-06,0.9120000004768372,0.9120000004768372,0.8840000033378601,0.8999999761581421,23678
2024-08-07,0.906000018119812,0.906000018119812,0.8820000290870667,0.9020000100135803,15210
2024-08-08,0.8999999761581421,0.8999999761581421,0.8820000290870667,0.8859999775886536,25048
2024-08-09,0.8859999775886536,0.8920000195503235,0.8640000224113464,0.8859999775886536,51195
2024-08-12,0.8899999856948853,0.906000018119812,0.8740000128746033,0.8799999952316284,80202
2024-08-13,0.8880000114440918,0.8880000114440918,0.8600000143051147,0.8799999952316284,26030
2024-08-14,0.878000020980835,0.8799999952316284,0.8100000023841858,0.8560000061988831,129310
2024-08-16,0.8600000143051147,0.8700000047683716,0.8560000061988831,0.8560000061988831,18511
2024-08-19,0.8519999980926514,0.8759999871253967,0.8519999980926514,0.871999979019165,16466
2024-08-20,0.8740000128746033,0.878000020980835,0.8700000047683716,0.8700000047683716,21573
2024-08-21,0.8700000047683716,0.8700000047683716,0.8519999980926514,0.8679999709129333,20555
2024-08-22,0.8679999709129333,0.8700000047683716,0.8600000143051147,0.8700000047683716,18807
2024-08-23,0.8740000128746033,0.8740000128746033,0.8560000061988831,0.8700000047683716,9864
2024-08-26,0.8700000047683716,0.8700000047683716,0.8500000238418579,0.8640000224113464,19704
2024-08-27,0.8640000224113464,0.8700000047683716,0.8640000224113464,0.8700000047683716,41622
2024-08-28,0.8519999980926514,0.8700000047683716,0.8519999980926514,0.8700000047683716,18934
2024-08-29,0.8700000047683716,0.8700000047683716,0.8500000238418579,0.8700000047683716,10739
2024-08-30,0.8700000047683716,0.9120000004768372,0.8640000224113464,0.8799999952316284,210957
2024-09-02,0.8700000047683716,0.878000020980835,0.8519999980926514,0.8740000128746033,23185
2024-09-03,0.8740000128746033,0.8740000128746033,0.8519999980926514,0.8700000047683716,42440
2024-09-04,0.8560000061988831,0.8700000047683716,0.8519999980926514,0.8700000047683716,13412
2024-09-05,0.8700000047683716,0.8700000047683716,0.8659999966621399,0.8700000047683716,39255
2024-09-06,0.8700000047683716,0.871999979019165,0.8539999723434448,0.8679999709129333,8171
2024-09-09,0.8519999980926514,0.8700000047683716,0.8519999980926514,0.8600000143051147,20624
2024-09-10,0.8539999723434448,0.8700000047683716,0.8519999980926514,0.8600000143051147,26774
2024-09-11,0.8700000047683716,0.8700000047683716,0.8539999723434448,0.8679999709129333,3543
2024-09-12,0.8679999709129333,0.8679999709129333,0.8539999723434448,0.8679999709129333,11930
2024-09-13,0.8600000143051147,0.8700000047683716,0.8579999804496765,0.8640000224113464,28497
2024-09-16,0.8619999885559082,0.8619999885559082,0.8600000143051147,0.8600000143051147,13012
2024-09-17,0.8619999885559082,0.8700000047683716,0.8600000143051147,0.8700000047683716,3224
2024-09-18,0.8740000128746033,0.8740000128746033,0.8600000143051147,0.8700000047683716,461
2024-09-19,0.8600000143051147,0.8700000047683716,0.8560000061988831,0.8679999709129333,18519
2024-09-20,0.8679999709129333,0.8679999709129333,0.8500000238418579,0.8679999709129333,19280
2024-09-23,0.8679999709129333,0.8679999709129333,0.8360000252723694,0.8659999966621399,52901
2024-09-24,0.8799999952316284,0.8999999761581421,0.8560000061988831,0.8859999775886536,96991
2024-09-25,0.8859999775886536,0.8859999775886536,0.8640000224113464,0.8859999775886536,17165
2024-09-26,0.8840000033378601,0.8840000033378601,0.8659999966621399,0.8799999952316284,24575
2024-09-27,0.8740000128746033,0.8880000114440918,0.8619999885559082,0.878000020980835,26928
2024-09-30,0.8679999709129333,0.8820000290870667,0.7620000243186951,0.878000020980835,443379
2024-10-01,0.8640000224113464,0.8799999952316284,0.8539999723434448,0.8759999871253967,7048
2024-10-02,0.8759999871253967,0.8759999871253967,0.8619999885559082,0.871999979019165,16270
2024-10-03,0.871999979019165,0.871999979019165,0.8100000023841858,0.8700000047683716,55762
2024-10-04,0.8679999709129333,0.8679999709129333,0.8299999833106995,0.8500000238418579,41893
2024-10-07,0.8500000238418579,0.8500000238418579,0.8240000009536743,0.8420000076293945,45107
2024-10-08,0.8420000076293945,0.8679999709129333,0.8199999928474426,0.8679999709129333,160473
2024-10-09,0.8679999709129333,0.8679999709129333,0.8539999723434448,0.8659999966621399,27684
2024-10-10,0.8539999723434448,0.8600000143051147,0.8420000076293945,0.8560000061988831,23145
2024-10-11,0.8539999723434448,0.8579999804496765,0.7839999794960022,0.8579999804496765,141105
2024-10-14,0.8579999804496765,0.8579999804496765,0.8240000009536743,0.8539999723434448,33149
2024-10-15,0.8539999723434448,0.8539999723434448,0.8339999914169312,0.8479999899864197,28113
2024-10-16,0.8500000238418579,0.8600000143051147,0.8399999737739563,0.8500000238418579,24171
2024-10-17,0.8500000238418579,0.8579999804496765,0.8339999914169312,0.8399999737739563,50729
2024-10-18,0.8539999723434448,0.8539999723434448,0.8299999833106995,0.8460000157356262,15293
2024-10-21,0.8479999899864197,0.8479999899864197,0.8320000171661377,0.8420000076293945,4877
2024-10-22,0.8420000076293945,0.843999981880188,0.7960000038146973,0.843999981880188,47370
2024-10-23,0.8259999752044678,0.8460000157356262,0.8240000009536743,0.8460000157356262,16262
2024-10-24,0.8299999833106995,0.843999981880188,0.8299999833106995,0.843999981880188,2530
2024-10-25,0.8299999833106995,0.843999981880188,0.8299999833106995,0.8420000076293945,12687
2024-10-28,0.8399999737739563,0.8460000157356262,0.8299999833106995,0.8420000076293945,30369
2024-10-29,0.8420000076293945,0.843999981880188,0.8299999833106995,0.843999981880188,17820
2024-10-30,0.8220000267028809,0.8460000157356262,0.8220000267028809,0.8460000157356262,13434
2024-10-31,0.8460000157356262,0.8460000157356262,0.8240000009536743,0.8460000157356262,12372
2024-11-04,0.8479999899864197,0.8479999899864197,0.8220000267028809,0.8399999737739563,7668
2024-11-05,0.8399999737739563,0.8399999737739563,0.8259999752044678,0.8360000252723694,2163
2024-11-06,0.8299999833106995,0.8299999833106995,0.8240000009536743,0.828000009059906,21803
2024-11-07,0.8299999833106995,0.8299999833106995,0.8019999861717224,0.8299999833106995,3997
2024-11-08,0.828000009059906,0.8299999833106995,0.8040000200271606,0.828000009059906,3159
2024-11-12,0.828000009059906,0.8479999899864197,0.8019999861717224,0.843999981880188,78186
2024-11-13,0.843999981880188,0.843999981880188,0.8159999847412109,0.8420000076293945,7136
2024-11-14,0.8420000076293945,0.8500000238418579,0.8220000267028809,0.8500000238418579,7345
2024-11-15,0.8500000238418579,0.8500000238418579,0.8240000009536743,0.8399999737739563,5684
2024-11-18,0.8399999737739563,0.8600000143051147,0.8299999833106995,0.8579999804496765,34728
2024-11-19,0.8579999804496765,0.8579999804496765,0.8299999833106995,0.8299999833106995,30937
2024-11-20,0.8299999833106995,0.8379999995231628,0.8159999847412109,0.8360000252723694,72629
2024-11-21,0.8220000267028809,0.8360000252723694,0.8159999847412109,0.8360000252723694,12410
2024-11-22,0.8360000252723694,0.8360000252723694,0.8199999928474426,0.8199999928474426,10490
2024-11-25,0.8220000267028809,0.8339999914169312,0.8199999928474426,0.8339999914169312,9467
2024-11-26,0.8299999833106995,0.8299999833106995,0.800000011920929,0.8240000009536743,17040
2024-11-27,0.8240000009536743,0.8240000009536743,0.8059999942779541,0.8180000185966492,5143
2024-11-28,0.8180000185966492,0.8199999928474426,0.8080000281333923,0.8199999928474426,1219
2024-11-29,0.8199999928474426,0.828000009059906,0.8199999928474426,0.8259999752044678,4080
2024-12-02,0.828000009059906,0.828000009059906,0.8119999766349792,0.8259999752044678,19538
2024-12-03,0.8259999752044678,0.828000009059906,0.8019999861717224,0.8220000267028809,48946
2024-12-04,0.8220000267028809,0.8220000267028809,0.800000011920929,0.8119999766349792,18393
2024-12-05,0.8119999766349792,0.8220000267028809,0.800000011920929,0.8100000023841858,36314
2024-12-06,0.8019999861717224,0.8140000104904175,0.800000011920929,0.8100000023841858,33284
2024-12-09,0.8080000281333923,0.8080000281333923,0.7900000214576721,0.800000011920929,13666
2024-12-10,0.7979999780654907,0.800000011920929,0.7919999957084656,0.7979999780654907,40226
2024-12-11,0.800000011920929,0.800000011920929,0.7799999713897705,0.7879999876022339,58023
2024-12-12,0.7879999876022339,0.7940000295639038,0.7680000066757202,0.777999997138977,102921
2024-12-13,0.7760000228881836,0.7760000228881836,0.7319999933242798,0.7360000014305115,109053
2024-12-16,0.7379999756813049,0.7519999742507935,0.7300000190734863,0.7400000095367432,63361
2024-12-17,0.7400000095367432,0.7400000095367432,0.7099999785423279,0.7360000014305115,58184
2024-12-18,0.7300000190734863,0.7379999756813049,0.7099999785423279,0.7379999756813049,41456
2024-12-19,0.7379999756813049,0.7379999756813049,0.722000002861023,0.722000002861023,14938
2024-12-20,0.7360000014305115,0.7400000095367432,0.7260000109672546,0.7379999756813049,65828
2024-12-23,0.7279999852180481,0.7440000176429749,0.7260000109672546,0.7260000109672546,119654
2024-12-27,0.7260000109672546,0.7480000257492065,0.7260000109672546,0.7480000257492065,34821
2024-12-30,0.7400000095367432,0.800000011920929,0.7400000095367432,0.800000011920929,51159
2025-01-02,0.8059999942779541,0.8399999737739563,0.7979999780654907,0.8100000023841858,100547
2025-01-03,0.8360000252723694,0.8379999995231628,0.8140000104904175,0.8299999833106995,12726
2025-01-07,0.8399999737739563,0.8799999952316284,0.8199999928474426,0.8579999804496765,183806
2025-01-08,0.8539999723434448,0.8539999723434448,0.8299999833106995,0.8479999899864197,50622
2025-01-09,0.8560000061988831,0.8560000061988831,0.8100000023841858,0.8460000157356262,24058
2025-01-10,0.843999981880188,0.8460000157356262,0.8220000267028809,0.8220000267028809,22420
2025-01-13,0.8339999914169312,0.8399999737739563,0.8100000023841858,0.8379999995231628,31920
2025-01-14,0.8360000252723694,0.8360000252723694,0.75,0.75,18799
2025-01-15,0.800000011920929,0.8199999928474426,0.7799999713897705,0.8180000185966492,33137
2025-01-16,0.8180000185966492,0.8600000143051147,0.8119999766349792,0.8379999995231628,60714
2025-01-17,0.8399999737739563,0.8399999737739563,0.8119999766349792,0.8339999914169312,24813
2025-01-20,0.8299999833106995,0.8360000252723694,0.8100000023841858,0.8220000267028809,24525
2025-01-21,0.828000009059906,0.828000009059906,0.8080000281333923,0.8100000023841858,14699
2025-01-22,0.8080000281333923,0.8119999766349792,0.7979999780654907,0.8100000023841858,33997
2025-01-23,0.8100000023841858,0.8199999928474426,0.7900000214576721,0.800000011920929,6105
2025-01-24,0.8199999928474426,0.8199999928474426,0.800000011920929,0.8180000185966492,2600
2025-01-27,0.8019999861717224,0.8199999928474426,0.7860000133514404,0.8199999928474426,17288
2025-01-28,0.8180000185966492,0.8180000185966492,0.7940000295639038,0.8159999847412109,18056
2025-01-29,0.8159999847412109,0.8159999847412109,0.7839999794960022,0.7860000133514404,45551
2025-01-30,0.8100000023841858,0.8100000023841858,0.7860000133514404,0.8080000281333923,45600
2025-01-31,0.7940000295639038,0.8119999766349792,0.7860000133514404,0.8080000281333923,40750
2025-02-03,0.8080000281333923,0.8100000023841858,0.7900000214576721,0.8059999942779541,9891
2025-02-04,0.8059999942779541,0.8100000023841858,0.7960000038146973,0.8019999861717224,6480
2025-02-05,0.8059999942779541,0.8080000281333923,0.7919999957084656,0.7919999957084656,20949
2025-02-06,0.7919999957084656,0.8040000200271606,0.7900000214576721,0.7960000038146973,36587
2025-02-07,0.7900000214576721,0.800000011920929,0.7879999876022339,0.7979999780654907,74578
2025-02-10,0.7940000295639038,0.8140000104904175,0.7940000295639038,0.8100000023841858,49225
2025-02-11,0.8100000023841858,0.8199999928474426,0.7960000038146973,0.8199999928474426,36472
2025-02-12,0.8059999942779541,0.8199999928474426,0.7960000038146973,0.8100000023841858,25584
2025-02-13,0.8059999942779541,0.8199999928474426,0.7960000038146973,0.8100000023841858,13922
2025-02-14,0.8100000023841858,0.8100000023841858,0.7940000295639038,0.800000011920929,19331
2025-02-17,0.800000011920929,0.8080000281333923,0.7940000295639038,0.8080000281333923,7478
2025-02-18,0.8080000281333923,0.8080000281333923,0.7919999957084656,0.8040000200271606,24203
2025-02-19,0.7940000295639038,0.8040000200271606,0.7900000214576721,0.800000011920929,16759
2025-02-20,0.7979999780654907,0.800000011920929,0.7900000214576721,0.800000011920929,16715
2025-02-21,0.800000011920929,0.800000011920929,0.7960000038146973,0.800000011920929,5515
2025-02-24,0.800000011920929,0.800000011920929,0.7919999957084656,0.7940000295639038,12880
2025-02-25,0.800000011920929,0.8019999861717224,0.7919999957084656,0.8019999861717224,30429
2025-02-26,0.7960000038146973,0.800000011920929,0.7940000295639038,0.800000011920929,40092
2025-02-27,0.7940000295639038,0.7940000295639038,0.75,0.7879999876022339,92836
2025-02-28,0.7839999794960022,0.7860000133514404,0.7639999985694885,0.7699999809265137,46591
2025-03-03,0.7699999809265137,0.777999997138977,0.7599999904632568,0.777999997138977,20272
2025-03-04,0.7699999809265137,0.7940000295639038,0.7599999904632568,0.7940000295639038,64907
2025-03-05,0.7919999957084656,0.7940000295639038,0.7699999809265137,0.7879999876022339,19100
2025-03-06,0.7879999876022339,0.7900000214576721,0.7699999809265137,0.7879999876022339,9817
2025-03-07,0.7879999876022339,0.7940000295639038,0.7879999876022339,0.7940000295639038,17150
2025-03-10,0.7940000295639038,0.7960000038146973,0.75,0.75,137362
2025-03-11,0.765999972820282,0.765999972820282,0.75,0.7580000162124634,20762
2025-03-12,0.7599999904632568,0.7820000052452087,0.75,0.7820000052452087,41045
2025-03-13,0.7580000162124634,0.7820000052452087,0.75,0.7820000052452087,8437
2025-03-14,0.7820000052452087,0.7820000052452087,0.7580000162124634,0.7799999713897705,24507
2025-03-17,0.7599999904632568,0.7760000228881836,0.75,0.7699999809265137,67343
2025-03-18,0.7699999809265137,0.7799999713897705,0.7559999823570251,0.7599999904632568,33054
2025-03-19,0.7599999904632568,0.7739999890327454,0.7559999823570251,0.7699999809265137,28624
2025-03-20,0.7699999809265137,0.777999997138977,0.7599999904632568,0.7639999985694885,11863
2025-03-21,0.7720000147819519,0.7839999794960022,0.7639999985694885,0.7799999713897705,30772
2025-03-24,0.7799999713897705,0.7799999713897705,0.7599999904632568,0.7699999809265137,41171
2025-03-25,0.777999997138977,0.7879999876022339,0.7620000243186951,0.7820000052452087,94026
2025-03-26,0.7699999809265137,0.7839999794960022,0.7639999985694885,0.7839999794960022,145662
2025-03-27,0.7839999794960022,0.7900000214576721,0.765999972820282,0.7839999794960022,56016
2025-03-28,0.7839999794960022,0.7879999876022339,0.765999972820282,0.7680000066757202,28310
2025-03-31,0.8019999861717224,0.8299999833106995,0.7699999809265137,0.8019999861717224,187611
2025-04-01,0.8019999861717224,0.8100000023841858,0.7820000052452087,0.8080000281333923,36669
2025-04-02,0.8059999942779541,0.8080000281333923,0.7879999876022339,0.800000011920929,15138
2025-04-03,0.7820000052452087,0.800000011920929,0.7820000052452087,0.7879999876022339,15787
2025-04-04,0.7820000052452087,0.7820000052452087,0.7599999904632568,0.7699999809265137,44508
2025-04-07,0.7620000243186951,0.7699999809265137,0.7400000095367432,0.7680000066757202,61322
2025-04-08,0.7680000066757202,0.7879999876022339,0.7519999742507935,0.765999972820282,16934
2025-04-09,0.765999972820282,0.7699999809265137,0.7519999742507935,0.7699999809265137,3575
2025-04-10,0.7699999809265137,0.7699999809265137,0.7540000081062317,0.7639999985694885,10425
2025-04-11,0.7639999985694885,0.7699999809265137,0.7540000081062317,0.7699999809265137,8006
2025-04-14,0.7699999809265137,0.7699999809265137,0.7559999823570251,0.7699999809265137,20205
2025-04-15,0.7739999890327454,0.8019999861717224,0.7519999742507935,0.7799999713897705,92296
2025-04-16,0.7900000214576721,0.800000011920929,0.7820000052452087,0.7979999780654907,43641
2025-04-17,0.7979999780654907,0.8019999861717224,0.7860000133514404,0.800000011920929,35417
2025-04-22,0.7979999780654907,0.8040000200271606,0.7699999809265137,0.7860000133514404,117504
2025-04-23,0.7860000133514404,0.7900000214576721,0.7739999890327454,0.7900000214576721,15926
2025-04-24,0.7799999713897705,0.800000011920929,0.7599999904632568,0.7900000214576721,64795
2025-04-25,0.7879999876022339,0.8180000185966492,0.7720000147819519,0.8180000185966492,183791
2025-04-28,0.8399999737739563,0.8560000061988831,0.8199999928474426,0.8479999899864197,168302
2025-04-29,0.8579999804496765,0.8600000143051147,0.8399999737739563,0.8579999804496765,54058
2025-04-30,0.8579999804496765,0.9399999976158142,0.8420000076293945,0.8960000276565552,437108
2025-05-02,0.8960000276565552,0.9399999976158142,0.8600000143051147,0.9300000071525574,166929
2025-05-05,0.9200000166893005,0.9380000233650208,0.9179999828338623,0.921999990940094,28380
2025-05-06,0.9300000071525574,0.9300000071525574,0.9100000262260437,0.9240000247955322,31853
2025-05-07,0.9100000262260437,0.9300000071525574,0.9100000262260437,0.921999990940094,10957
2025-05-08,0.921999990940094,0.9300000071525574,0.8799999952316284,0.9179999828338623,103171
2025-05-09,0.9200000166893005,0.9300000071525574,0.8999999761581421,0.9139999747276306,39116
2025-05-12,0.921999990940094,0.921999990940094,0.8880000114440918,0.8999999761581421,41575
2025-05-13,0.8920000195503235,0.8999999761581421,0.8519999980926514,0.8640000224113464,91187
2025-05-14,0.8640000224113464,0.8880000114440918,0.8500000238418579,0.8700000047683716,46243
2025-05-15,0.871999979019165,0.8920000195503235,0.8600000143051147,0.8920000195503235,35773
2025-05-16,0.8939999938011169,0.8939999938011169,0.871999979019165,0.8920000195503235,11386
2025-05-19,0.8920000195503235,0.8920000195503235,0.8619999885559082,0.8899999856948853,15093
2025-05-20,0.8659999966621399,0.8920000195503235,0.8659999966621399,0.8799999952316284,10725
2025-05-21,0.8799999952316284,0.8899999856948853,0.8679999709129333,0.8799999952316284,25537
2025-05-22,0.8700000047683716,0.8859999775886536,0.8659999966621399,0.8859999775886536,10436
2025-05-23,0.8859999775886536,0.8920000195503235,0.8679999709129333,0.8799999952316284,21716
2025-05-26,0.8799999952316284,0.8920000195503235,0.8679999709129333,0.8700000047683716,20097
2025-05-27,0.8700000047683716,0.8880000114440918,0.8659999966621399,0.8820000290870667,7381
2025-05-28,0.8799999952316284,0.8820000290870667,0.8619999885559082,0.8799999952316284,27861
2025-05-29,0.878000020980835,0.878000020980835,0.8600000143051147,0.8700000047683716,20491
2025-05-30,0.8700000047683716,0.8700000047683716,0.8399999737739563,0.8399999737739563,54118
2025-06-02,0.8399999737739563,0.871999979019165,0.8399999737739563,0.8700000047683716,34471
2025-06-03,0.8679999709129333,0.8679999709129333,0.8339999914169312,0.8539999723434448,29216
2025-06-04,0.8519999980926514,0.8539999723434448,0.8199999928474426,0.8519999980926514,23863
2025-06-05,0.8500000238418579,0.8519999980926514,0.8420000076293945,0.8420000076293945,13576
2025-06-06,0.8399999737739563,0.8539999723434448,0.8360000252723694,0.8539999723434448,10138
2025-06-09,0.8539999723434448,0.8579999804496765,0.8399999737739563,0.843999981880188,9155
2025-06-10,0.8579999804496765,0.8579999804496765,0.843999981880188,0.8579999804496765,4828
2025-06-11,0.8560000061988831,0.9200000166893005,0.8320000171661377,0.8700000047683716,266320
2025-06-12,0.8600000143051147,0.8700000047683716,0.8399999737739563,0.8460000157356262,22008
2025-06-13,0.8460000157356262,0.8859999775886536,0.8460000157356262,0.871999979019165,54410
2025-06-16,0.8560000061988831,0.871999979019165,0.8460000157356262,0.8600000143051147,15210
2025-06-17,0.8460000157356262,0.8679999709129333,0.8460000157356262,0.8640000224113464,2248
2025-06-18,0.8460000157356262,0.8640000224113464,0.843999981880188,0.8619999885559082,4837
2025-06-20,0.8619999885559082,0.8880000114440918,0.8420000076293945,0.8759999871253967,40816
2025-06-23,0.8700000047683716,0.8700000047683716,0.8399999737739563,0.8600000143051147,28422
2025-06-24,0.8579999804496765,0.8579999804496765,0.8240000009536743,0.8399999737739563,7681
2025-06-25,0.8399999737739563,0.8500000238418579,0.8399999737739563,0.8420000076293945,9904
2025-06-26,0.8420000076293945,0.843999981880188,0.8299999833106995,0.843999981880188,18807
2025-06-27,0.8420000076293945,0.8479999899864197,0.8339999914169312,0.8479999899864197,16281
2025-06-30,0.8479999899864197,0.8519999980926514,0.8360000252723694,0.8479999899864197,11368
2025-07-01,0.8479999899864197,0.8500000238418579,0.8379999995231628,0.8399999737739563,5249
2025-07-02,0.8500000238418579,0.8519999980926514,0.8379999995231628,0.8500000238418579,43705
2025-07-03,0.8500000238418579,0.8500000238418579,0.8420000076293945,0.843999981880188,17489
2025-07-04,0.8399999737739563,0.8479999899864197,0.8360000252723694,0.8479999899864197,16682
2025-07-07,0.8479999899864197,0.8519999980926514,0.8479999899864197,0.8479999899864197,18880
2025-07-08,0.8519999980926514,0.8519999980926514,0.8399999737739563,0.8420000076293945,10275
2025-07-09,0.8460000157356262,0.8519999980926514,0.843999981880188,0.843999981880188,9600
2025-07-10,0.8500000238418579,0.8500000238418579,0.8420000076293945,0.8420000076293945,9351
2025-07-11,0.8399999737739563,0.8500000238418579,0.8339999914169312,0.8399999737739563,19233
2025-07-14,0.8479999899864197,0.8500000238418579,0.8339999914169312,0.843999981880188,14359
2025-07-15,0.843999981880188,0.843999981880188,0.8339999914169312,0.8360000252723694,4740
2025-07-16,0.8399999737739563,0.8399999737739563,0.8339999914169312,0.8339999914169312,2935
2025-07-17,0.8339999914169312,0.8479999899864197,0.8320000171661377,0.8399999737739563,27438
2025-07-18,0.8399999737739563,0.8500000238418579,0.8399999737739563,0.8460000157356262,11175
2025-07-21,0.8460000157356262,0.8460000157356262,0.7900000214576721,0.8360000252723694,129864
2025-07-22,0.8199999928474426,0.8399999737739563,0.8199999928474426,0.8399999737739563,35632
2025-07-23,0.8259999752044678,0.8500000238418579,0.8100000023841858,0.8479999899864197,58667
2025-07-24,0.8479999899864197,0.8479999899864197,0.8199999928474426,0.8460000157356262,13492
2025-07-25,0.8399999737739563,0.843999981880188,0.8119999766349792,0.843999981880188,14127
2025-07-28,0.8460000157356262,0.8460000157356262,0.8100000023841858,0.8399999737739563,43850
2025-07-29,0.8259999752044678,0.8399999737739563,0.8259999752044678,0.8379999995231628,1375
2025-07-30,0.8379999995231628,0.8379999995231628,0.8259999752044678,0.8259999752044678,9991
2025-07-31,0.8379999995231628,0.8379999995231628,0.8100000023841858,0.8379999995231628,30312
2025-08-01,0.8159999847412109,0.8379999995231628,0.8100000023841858,0.8379999995231628,28866
2025-08-04,0.8379999995231628,0.8379999995231628,0.8199999928474426,0.8339999914169312,11391
2025-08-05,0.8220000267028809,0.8299999833106995,0.8100000023841858,0.828000009059906,33319
2025-08-06,0.828000009059906,0.828000009059906,0.8080000281333923,0.8199999928474426,18089
2025-08-07,0.8180000185966492,0.8180000185966492,0.8100000023841858,0.8100000023841858,8184
2025-08-08,0.8100000023841858,0.8180000185966492,0.8040000200271606,0.8100000023841858,29073
2025-08-11,0.8100000023841858,0.8100000023841858,0.8040000200271606,0.8040000200271606,15085
2025-08-12,0.800000011920929,0.8199999928474426,0.7979999780654907,0.8199999928474426,36935
2025-08-13,0.8199999928474426,0.8199999928474426,0.800000011920929,0.8199999928474426,25412
2025-08-14,0.8220000267028809,0.828000009059906,0.8140000104904175,0.828000009059906,16045
2025-08-18,0.8119999766349792,0.8199999928474426,0.8119999766349792,0.8199999928474426,15638
2025-08-19,0.8100000023841858,0.8199999928474426,0.8019999861717224,0.8199999928474426,12205
2025-08-20,0.8080000281333923,0.8180000185966492,0.800000011920929,0.8100000023841858,35249
2025-08-21,0.8100000023841858,0.8199999928474426,0.8100000023841858,0.8199999928474426,85005
2025-08-22,0.8199999928474426,0.8199999928474426,0.8019999861717224,0.8159999847412109,37540
2025-08-25,0.8100000023841858,0.8100000023841858,0.800000011920929,0.8080000281333923,24836
2025-08-26,0.8080000281333923,0.8080000281333923,0.7979999780654907,0.7979999780654907,8315
2025-08-27,0.800000011920929,0.8040000200271606,0.7839999794960022,0.800000011920929,31810
2025-08-28,0.800000011920929,0.8080000281333923,0.7799999713897705,0.8080000281333923,30601
2025-08-29,0.8040000200271606,0.8080000281333923,0.7940000295639038,0.8080000281333923,10762
2025-09-01,0.800000011920929,0.800000011920929,0.7979999780654907,0.800000011920929,2730
2025-09-02,0.800000011920929,0.800000011920929,0.7919999957084656,0.800000011920929,9746
2025-09-03,0.800000011920929,0.800000011920929,0.7940000295639038,0.7940000295639038,8144
2025-09-04,0.7940000295639038,0.800000011920929,0.7940000295639038,0.7979999780654907,3578
2025-09-05,0.7919999957084656,0.800000011920929,0.7900000214576721,0.800000011920929,2937
2025-09-08,0.7900000214576721,0.8100000023841858,0.7900000214576721,0.8100000023841858,41132
2025-09-09,0.8100000023841858,0.8899999856948853,0.8100000023841858,0.8600000143051147,515791
2025-09-10,0.8399999737739563,0.8600000143051147,0.8100000023841858,0.8579999804496765,175706
2025-09-11,0.8579999804496765,0.8799999952316284,0.8500000238418579,0.8799999952316284,53893
2025-09-12,0.8799999952316284,0.8799999952316284,0.8500000238418579,0.8679999709129333,51913
2025-09-15,0.8500000238418579,0.871999979019165,0.8320000171661377,0.8539999723434448,47736
2025-09-16,0.8399999737739563,0.8659999966621399,0.8399999737739563,0.8579999804496765,21425
2025-09-17,0.8500000238418579,0.8659999966621399,0.8339999914169312,0.8640000224113464,26637
2025-09-18,0.8679999709129333,0.8679999709129333,0.8519999980926514,0.8679999709129333,13446
2025-09-19,0.8679999709129333,0.8740000128746033,0.8539999723434448,0.8679999709129333,20173
2025-09-22,0.8659999966621399,0.8899999856948853,0.8539999723434448,0.871999979019165,29087
2025-09-23,0.8700000047683716,0.8700000047683716,0.8500000238418579,0.8679999709129333,24283
2025-09-24,0.8539999723434448,0.8840000033378601,0.8500000238418579,0.8799999952316284,46639
2025-09-25,0.8799999952316284,0.8799999952316284,0.8420000076293945,0.8659999966621399,52047
2025-09-26,0.8600000143051147,0.8619999885559082,0.8500000238418579,0.8619999885559082,3093
2025-09-29,0.8679999709129333,0.8840000033378601,0.8519999980926514,0.8539999723434448,24232
2025-09-30,0.8579999804496765,0.8679999709129333,0.8479999899864197,0.8679999709129333,52336
2025-10-01,0.8500000238418579,0.8679999709129333,0.8399999737739563,0.8679999709129333,32305
2025-10-02,0.8579999804496765,0.8679999709129333,0.8500000238418579,0.8659999966621399,8098
2025-10-03,0.8539999723434448,0.871999979019165,0.8460000157356262,0.8640000224113464,8994
2025-10-06,0.8460000157356262,0.8679999709129333,0.8399999737739563,0.8679999709129333,30397
2025-10-07,0.8539999723434448,0.8679999709129333,0.8539999723434448,0.8679999709129333,2067
2025-10-08,0.8560000061988831,0.8600000143051147,0.8399999737739563,0.8579999804496765,26890
2025-10-09,0.8420000076293945,0.8519999980926514,0.8299999833106995,0.8519999980926514,16800
2025-10-10,0.8399999737739563,0.8479999899864197,0.8159999847412109,0.828000009059906,50932
2025-10-13,0.8199999928474426,0.8199999928474426,0.800000011920929,0.800000011920929,49875
2025-10-14,0.8220000267028809,0.8240000009536743,0.800000011920929,0.8240000009536743,26569
2025-10-15,0.8159999847412109,0.8240000009536743,0.800000011920929,0.8119999766349792,16697
2025-10-16,0.8040000200271606,0.8140000104904175,0.7900000214576721,0.8040000200271606,16827
2025-10-17,0.800000011920929,0.800000011920929,0.7900000214576721,0.800000011920929,11520
2025-10-20,0.7919999957084656,0.8040000200271606,0.7919999957084656,0.8040000200271606,4559
2025-10-21,0.8040000200271606,0.8100000023841858,0.8040000200271606,0.8100000023841858,5273
2025-10-22,0.8100000023841858,0.8199999928474426,0.8100000023841858,0.8119999766349792,16239
2025-10-23,0.8199999928474426,0.8199999928474426,0.7960000038146973,0.8040000200271606,22175
2025-10-24,0.8040000200271606,0.8040000200271606,0.7940000295639038,0.8040000200271606,5964
2025-10-27,0.7940000295639038,0.8180000185966492,0.7940000295639038,0.8180000185966492,8727
2025-10-28,0.8159999847412109,0.8159999847412109,0.8040000200271606,0.8080000281333923,15915
2025-10-29,0.8080000281333923,0.8100000023841858,0.8040000200271606,0.8100000023841858,12370
2025-10-30,0.8100000023841858,0.8100000023841858,0.7900000214576721,0.8040000200271606,39519
2025-10-31,0.8080000281333923,0.8100000023841858,0.800000011920929,0.8080000281333923,12334
2025-11-03,0.8119999766349792,0.8119999766349792,0.7900000214576721,0.800000011920929,1659
2025-11-04,0.800000011920929,0.800000011920929,0.7699999809265137,0.7860000133514404,52657
2025-11-05,0.7900000214576721,0.7900000214576721,0.7599999904632568,0.7860000133514404,98833
2025-11-06,0.7699999809265137,0.7839999794960022,0.7699999809265137,0.7839999794960022,2726
2025-11-07,0.7839999794960022,0.7839999794960022,0.7680000066757202,0.7680000066757202,4510
2025-11-10,0.7699999809265137,0.7900000214576721,0.7680000066757202,0.7900000214576721,20695
2025-11-12,0.7879999876022339,0.7900000214576721,0.7799999713897705,0.7820000052452087,2632
2025-11-13,0.7820000052452087,0.7940000295639038,0.7680000066757202,0.7680000066757202,14244
2025-11-14,0.7699999809265137,0.7940000295639038,0.7620000243186951,0.7940000295639038,20178
2025-11-17,0.7940000295639038,0.7940000295639038,0.7699999809265137,0.7879999876022339,41232
2025-11-18,0.7879999876022339,0.7879999876022339,0.7620000243186951,0.777999997138977,9050
2025-11-19,0.7620000243186951,0.7760000228881836,0.7620000243186951,0.7720000147819519,16311
2025-11-20,0.7720000147819519,0.7720000147819519,0.7620000243186951,0.7680000066757202,7140
2025-11-21,0.7680000066757202,0.7680000066757202,0.7580000162124634,0.7599999904632568,13947
2025-11-24,0.7559999823570251,0.7680000066757202,0.7559999823570251,0.7599999904632568,27345
2025-11-25,0.7639999985694885,0.7639999985694885,0.7419999837875366,0.7540000081062317,36631
2025-11-26,0.7440000176429749,0.7559999823570251,0.7440000176429749,0.7559999823570251,9185
2025-11-27,0.7519999742507935,0.7559999823570251,0.7400000095367432,0.7559999823570251,15026
2025-11-28,0.7559999823570251,0.7559999823570251,0.7419999837875366,0.7559999823570251,28987
2025-12-01,0.75,0.75,0.7419999837875366,0.75,15646
2025-12-02,0.75,0.75,0.7440000176429749,0.7440000176429749,11398
2025-12-03,0.7440000176429749,0.7480000257492065,0.7360000014305115,0.7400000095367432,147833
2025-12-04,0.7400000095367432,0.7459999918937683,0.7279999852180481,0.7459999918937683,30750
2025-12-05,0.7480000257492065,0.7559999823570251,0.7480000257492065,0.7540000081062317,17061
2025-12-08,0.75,0.75,0.7300000190734863,0.75,46556
2025-12-09,0.734000027179718,0.75,0.7319999933242798,0.75,293271
2025-12-10,0.7519999742507935,0.7680000066757202,0.75,0.765999972820282,31782
2025-12-11,0.7599999904632568,0.7599999904632568,0.75,0.7599999904632568,10726
2025-12-12,0.7519999742507935,0.7760000228881836,0.7519999742507935,0.7720000147819519,33048
2025-12-15,0.7599999904632568,0.7820000052452087,0.7599999904632568,0.7760000228881836,45977
2025-12-16,0.7580000162124634,0.7720000147819519,0.7580000162124634,0.7720000147819519,42118
2025-12-17,0.7739999890327454,0.7739999890327454,0.7580000162124634,0.7720000147819519,19842
2025-12-18,0.7599999904632568,0.7699999809265137,0.7599999904632568,0.7699999809265137,200090
2025-12-19,0.7699999809265137,0.7699999809265137,0.7599999904632568,0.7599999904632568,73050
2025-12-22,0.7599999904632568,0.7739999890327454,0.7599999904632568,0.765999972820282,78929
2025-12-23,0.765999972820282,0.7699999809265137,0.7599999904632568,0.7699999809265137,51917
2025-12-29,0.7699999809265137,0.8199999928474426,0.7699999809265137,0.8180000185966492,62594
2025-12-30,0.8180000185966492,0.8420000076293945,0.7519999742507935,0.8100000023841858,101202
2026-01-02,0.8100000023841858,0.8259999752044678,0.7900000214576721,0.8159999847412109,15868
2026-01-05,0.8119999766349792,0.8119999766349792,0.8019999861717224,0.8119999766349792,7962
2026-01-07,0.8040000200271606,0.8299999833106995,0.800000011920929,0.8299999833106995,78519
2026-01-08,0.8360000252723694,0.8360000252723694,0.8040000200271606,0.8299999833106995,11539
2026-01-09,0.8159999847412109,0.8360000252723694,0.8059999942779541,0.8360000252723694,39546
2026-01-12,0.8360000252723694,0.8360000252723694,0.800000011920929,0.8299999833106995,56482
2026-01-13,0.8299999833106995,0.8299999833106995,0.800000011920929,0.8240000009536743,45833
2026-01-14,0.8100000023841858,0.8299999833106995,0.7940000295639038,0.8299999833106995,41204
2026-01-15,0.8199999928474426,0.8299999833106995,0.7900000214576721,0.8299999833106995,68289
2026-01-16,0.828000009059906,0.8360000252723694,0.8119999766349792,0.8360000252723694,13277
2026-01-19,0.8299999833106995,0.8299999833106995,0.800000011920929,0.8259999752044678,25280
2026-01-20,0.8140000104904175,0.8259999752044678,0.8140000104904175,0.8240000009536743,6382
2026-01-21,0.8240000009536743,0.8240000009536743,0.800000011920929,0.8240000009536743,28270
2026-01-22,0.8240000009536743,0.8299999833106995,0.8140000104904175,0.8299999833106995,29529
2026-01-23,0.8299999833106995,0.8299999833106995,0.8059999942779541,0.828000009059906,29749
2026-01-26,0.8299999833106995,0.8299999833106995,0.8100000023841858,0.828000009059906,38262
2026-01-27,0.8119999766349792,0.828000009059906,0.800000011920929,0.8220000267028809,78232
2026-01-28,0.8240000009536743,0.8299999833106995,0.8019999861717224,0.8240000009536743,67601
2026-01-29,0.8240000009536743,0.8339999914169312,0.8119999766349792,0.8320000171661377,33383
2026-01-30,0.8320000171661377,0.8339999914169312,0.8119999766349792,0.8299999833106995,29779
2026-02-02,0.8339999914169312,0.8339999914169312,0.8180000185966492,0.8199999928474426,9448
2026-02-03,0.8199999928474426,0.8299999833106995,0.8199999928474426,0.8299999833106995,14201
2026-02-04,0.8299999833106995,0.8299999833106995,0.8180000185966492,0.8299999833106995,15382
2026-02-05,0.8320000171661377,0.8320000171661377,0.8199999928474426,0.8320000171661377,8337
2026-02-06,0.8259999752044678,0.8299999833106995,0.8199999928474426,0.828000009059906,16046
2026-02-09,0.8299999833106995,0.8320000171661377,0.8220000267028809,0.8220000267028809,14571
2026-02-10,0.8299999833106995,0.8299999833106995,0.8199999928474426,0.8259999752044678,6505
2026-02-11,0.8259999752044678,0.8259999752044678,0.8199999928474426,0.8199999928474426,8395
2026-02-12,0.8199999928474426,0.8320000171661377,0.8199999928474426,0.8199999928474426,21583
2026-02-13,0.8159999847412109,0.8240000009536743,0.8159999847412109,0.8240000009536743,6424
2026-02-16,0.8259999752044678,0.828000009059906,0.8199999928474426,0.8199999928474426,4333
2026-02-17,0.8180000185966492,0.8180000185966492,0.8159999847412109,0.8180000185966492,5683
2026-02-18,0.8180000185966492,0.8360000252723694,0.8159999847412109,0.8360000252723694,33479
2026-02-19,0.8360000252723694,0.8360000252723694,0.8259999752044678,0.8299999833106995,13141
2026-02-20,0.8199999928474426,0.8299999833106995,0.8119999766349792,0.8119999766349792,11887
2026-02-23,0.8140000104904175,0.8140000104904175,0.8019999861717224,0.8140000104904175,21903
2026-02-24,0.8040000200271606,0.8100000023841858,0.800000011920929,0.8080000281333923,24656
2026-02-25,0.8100000023841858,0.8159999847412109,0.8040000200271606,0.8100000023841858,17154
2026-02-26,0.8080000281333923,0.8159999847412109,0.8019999861717224,0.8059999942779541,9056
2026-02-27,0.8140000104904175,0.8180000185966492,0.8140000104904175,0.8159999847412109,4542
2026-03-02,0.8059999942779541,0.8119999766349792,0.8019999861717224,0.8100000023841858,6746
2026-03-03,0.8040000200271606,0.8100000023841858,0.7919999957084656,0.8080000281333923,5705
2026-03-04,0.7900000214576721,0.8040000200271606,0.7839999794960022,0.7979999780654907,19124
2026-03-05,0.7979999780654907,0.8059999942779541,0.7960000038146973,0.800000011920929,7276
2026-03-06,0.7919999957084656,0.8140000104904175,0.7919999957084656,0.8119999766349792,12982
2026-03-09,0.800000011920929,0.8059999942779541,0.7799999713897705,0.7940000295639038,20414
2026-03-10,0.7979999780654907,0.8059999942779541,0.7900000214576721,0.8059999942779541,17069
2026-03-11,0.8100000023841858,0.8140000104904175,0.8059999942779541,0.8080000281333923,8958
2026-03-12,0.8100000023841858,0.8100000023841858,0.7900000214576721,0.7900000214576721,28992
2026-03-13,0.800000011920929,0.8059999942779541,0.7860000133514404,0.8059999942779541,16823
2026-03-16,0.8059999942779541,0.8100000023841858,0.7900000214576721,0.800000011920929,40153
2026-03-17,0.8080000281333923,0.8080000281333923,0.7919999957084656,0.7940000295639038,7968
2026-03-18,0.7919999957084656,0.8080000281333923,0.7919999957084656,0.800000011920929,22015
2026-03-19,0.8059999942779541,0.8080000281333923,0.7979999780654907,0.8059999942779541,5274
2026-03-20,0.8059999942779541,0.8180000185966492,0.7979999780654907,0.8080000281333923,11631
2026-03-23,0.800000011920929,0.8080000281333923,0.7919999957084656,0.7919999957084656,9951
2026-03-24,0.800000011920929,0.800000011920929,0.7960000038146973,0.7979999780654907,2257
2026-03-25,0.7940000295639038,0.7979999780654907,0.7900000214576721,0.7979999780654907,14517
2026-03-26,0.800000011920929,0.800000011920929,0.7860000133514404,0.7860000133514404,6148
2026-03-27,0.7960000038146973,0.7960000038146973,0.7860000133514404,0.7960000038146973,15154
2026-03-30,0.7919999957084656,0.7960000038146973,0.7860000133514404,0.7960000038146973,8439
2026-03-31,0.7979999780654907,0.7979999780654907,0.7860000133514404,0.7979999780654907,1251
2026-04-01,0.7860000133514404,0.7960000038146973,0.7620000243186951,0.7919999957084656,10058
2026-04-02,0.7919999957084656,0.7919999957084656,0.7839999794960022,0.7919999957084656,2806
2026-04-07,0.7919999957084656,0.7919999957084656,0.7699999809265137,0.7900000214576721,11229
2026-04-08,0.7799999713897705,0.7919999957084656,0.7599999904632568,0.7919999957084656,36235
2026-04-09,0.7919999957084656,0.7919999957084656,0.7699999809265137,0.7860000133514404,14505
2026-04-10,0.7860000133514404,0.7860000133514404,0.7699999809265137,0.7839999794960022,10982
2026-04-13,0.7839999794960022,0.7979999780654907,0.7839999794960022,0.7900000214576721,31516
2026-04-14,0.7940000295639038,0.7940000295639038,0.7839999794960022,0.7900000214576721,3259
2026-04-15,0.7919999957084656,0.8059999942779541,0.7860000133514404,0.7979999780654907,9045
2026-04-16,0.800000011920929,0.800000011920929,0.7760000228881836,0.7919999957084656,10685
2026-04-17,0.7919999957084656,0.7919999957084656,0.7839999794960022,0.7900000214576721,3448
2026-04-20,0.7860000133514404,0.7860000133514404,0.7799999713897705,0.7860000133514404,9414
2026-04-21,0.7799999713897705,0.7860000133514404,0.7739999890327454,0.7860000133514404,3759
2026-04-22,0.7860000133514404,0.7979999780654907,0.7760000228881836,0.7979999780654907,11603
2026-04-23,0.7960000038146973,0.7979999780654907,0.7839999794960022,0.7960000038146973,10406
2026-04-24,0.7960000038146973,0.7960000038146973,0.7900000214576721,0.7960000038146973,3172
2026-04-27,0.7860000133514404,0.8100000023841858,0.7799999713897705,0.8100000023841858,63439
2026-04-28,0.8119999766349792,0.8119999766349792,0.7940000295639038,0.7940000295639038,10541
2026-04-29,0.7960000038146973,0.8259999752044678,0.7960000038146973,0.8259999752044678,118086
2026-04-30,0.8199999928474426,0.828000009059906,0.7919999957084656,0.828000009059906,57020
2026-05-04,0.8159999847412109,0.8379999995231628,0.8100000023841858,0.8379999995231628,31787
2026-05-05,0.8240000009536743,0.8399999737739563,0.8180000185966492,0.8379999995231628,22057
2026-05-06,0.8379999995231628,0.8579999804496765,0.828000009059906,0.8579999804496765,35426
2026-05-07,0.8600000143051147,0.8600000143051147,0.8339999914169312,0.8579999804496765,49499
2026-05-08,0.8399999737739563,0.8600000143051147,0.8339999914169312,0.8600000143051147,23105
2026-05-11,0.8379999995231628,0.8899999856948853,0.8379999995231628,0.8899999856948853,81832
2026-05-12,0.8899999856948853,0.8980000019073486,0.8479999899864197,0.8859999775886536,38744
2026-05-13,0.8859999775886536,0.8899999856948853,0.8659999966621399,0.8880000114440918,25384
2026-05-14,0.8899999856948853,0.8899999856948853,0.8619999885559082,0.8840000033378601,34356
2026-05-15,0.8700000047683716,0.8759999871253967,0.8320000171661377,0.8759999871253967,10910
2026-05-18,0.8799999952316284,0.8799999952316284,0.843999981880188,0.8759999871253967,39337
2026-05-19,0.878000020980835,0.878000020980835,0.8379999995231628,0.8379999995231628,30455
2026-05-20,0.8320000171661377,0.8579999804496765,0.8320000171661377,0.8579999804496765,16648
2026-05-21,0.8379999995231628,0.8579999804496765,0.8379999995231628,0.8579999804496765,9339
2026-05-22,0.8579999804496765,0.8759999871253967,0.8360000252723694,0.8740000128746033,12344
2026-05-25,0.8679999709129333,0.8679999709129333,0.8500000238418579,0.8679999709129333,16831
2026-05-26,0.8519999980926514,0.8679999709129333,0.8519999980926514,0.8579999804496765,413
2026-05-27,0.8679999709129333,0.8759999871253967,0.8500000238418579,0.8759999871253967,50792
2026-05-28,0.8740000128746033,0.8740000128746033,0.843999981880188,0.871999979019165,27609
2026-05-29,0.871999979019165,0.871999979019165,0.8320000171661377,0.8700000047683716,44412
2026-06-01,0.8539999723434448,0.8700000047683716,0.8399999737739563,0.8700000047683716,28341
2026-06-02,0.878000020980835,0.878000020980835,0.8399999737739563,0.878000020980835,36439
2026-06-03,0.878000020980835,0.878000020980835,0.843999981880188,0.8759999871253967,38480
2026-06-05,0.8759999871253967,0.878000020980835,0.8500000238418579,0.8759999871253967,27185
2026-06-08,0.8759999871253967,0.8759999871253967,0.8560000061988831,0.8759999871253967,13308
2026-06-09,0.9200000166893005,0.9580000042915344,0.8799999952316284,0.9160000085830688,1154961
2026-06-10,0.921999990940094,0.9380000233650208,0.9039999842643738,0.9160000085830688,587596
2026-06-11,0.9100000262260437,0.9259999990463257,0.8999999761581421,0.9200000166893005,293362
2026-06-12,0.9200000166893005,0.9259999990463257,0.9139999747276306,0.9179999828338623,181334
2026-06-15,0.921999990940094,0.9240000247955322,0.9120000004768372,0.9179999828338623,157223
2026-06-16,0.9139999747276306,0.9259999990463257,0.9039999842643738,0.9200000166893005,236125
2026-06-17,0.921999990940094,0.921999990940094,0.9160000085830688,0.9200000166893005,80781
2026-06-18,0.9120000004768372,0.9200000166893005,0.9100000262260437,0.9179999828338623,120841
2026-06-19,0.9200000166893005,0.9200000166893005,0.9160000085830688,0.9179999828338623,111796
2026-06-22,0.9179999828338623,0.9200000166893005,0.9160000085830688,0.9179999828338623,76520
2026-06-23,0.9179999828338623,0.9179999828338623,0.9120000004768372,0.9160000085830688,189706
2026-06-24,0.9179999828338623,0.9179999828338623,0.9120000004768372,0.9160000085830688,52837
2026-06-25,0.9160000085830688,0.9179999828338623,0.9120000004768372,0.9179999828338623,179388
2026-06-26,0.921999990940094,0.921999990940094,0.9160000085830688,0.9200000166893005,56414
2026-06-29,0.9200000166893005,0.9200000166893005,0.9160000085830688,0.9200000166893005,208490
2026-06-30,0.921999990940094,0.9240000247955322,0.9120000004768372,0.9120000004768372,48859
2026-07-01,0.9200000166893005,0.9200000166893005,0.8880000114440918,0.9020000100135803,698140
2026-07-02,0.9079999923706055,0.9100000262260437,0.8999999761581421,0.9039999842643738,1304130
2026-07-03,0.6200000047683716,0.6200000047683716,0.5920000076293945,0.6039999723434448,904259
2026-07-06,0.6039999723434448,0.6079999804496765,0.5979999899864197,0.6000000238418579,355497
2026-07-07,0.6000000238418579,0.6039999723434448,0.5740000009536743,0.5759999752044678,1687445
2026-07-08,0.578000009059906,0.593999981880188,0.5699999928474426,0.578000009059906,802756
2026-07-09,0.5839999914169312,0.5879999995231628,0.5699999928474426,0.5759999752044678,1009677
2026-07-10,0.578000009059906,0.578000009059906,0.5699999928474426,0.5759999752044678,177557
2026-07-13,0.5759999752044678,0.5759999752044678,0.5720000267028809,0.5740000009536743,163895
2026-07-14,0.5740000009536743,0.5759999752044678,0.5740000009536743,0.5759999752044678,135244
2026-07-15,0.5799999833106995,0.5799999833106995,0.5740000009536743,0.5740000009536743,545183
2026-07-16,0.5759999752044678,0.5759999752044678,0.5699999928474426,0.5740000009536743,94261
2026-07-17,0.5720000267028809,0.5759999752044678,0.5720000267028809,0.5740000009536743,76624
2026-07-20,0.5759999752044678,0.5759999752044678,0.5740000009536743,0.5759999752044678,25878
2026-07-21,0.5740000009536743,0.5759999752044678,0.5680000185966492,0.5740000009536743,695365
2026-07-22,0.5740000009536743,0.5740000009536743,0.5699999928474426,0.5699999928474426,51507
2026-07-23,0.5740000009536743,0.5740000009536743,0.5699999928474426,0.5740000009536743,67523
2026-07-24,0.5720000267028809,0.5740000009536743,0.5699999928474426,0.5699999928474426,22606
2026-07-27,0.5699999928474426,0.5740000009536743,0.5699999928474426,0.5699999928474426,84100
2026-07-28,0.5740000009536743,0.5740000009536743,0.5680000185966492,0.5680000185966492,666639
2026-07-29,0.5740000009536743,0.5740000009536743,0.5680000185966492,0.5680000185966492,83315
2026-07-30,0.5680000185966492,0.5720000267028809,0.5680000185966492,0.5699999928474426,51428
2026-07-31,0.5720000267028809,0.5720000267028809,0.5680000185966492,0.5699999928474426,47818
2026-08-03,0.5699999928474426,0.5759999752044678,0.5699999928474426,0.5699999928474426,136094
2026-08-04,0.5699999928474426,0.5740000009536743,0.5680000185966492,0.5680000185966492,127581
2026-08-05,0.5759999752044678,0.5759999752044678,0.5680000185966492,0.5720000267028809,52034
2026-08-06,0.5740000009536743,0.5740000009536743,0.5680000185966492,0.5680000185966492,88013
2026-08-07,0.5699999928474426,0.5699999928474426,0.5680000185966492,0.5699999928474426,32594
2026-08-10,0.5720000267028809,0.5720000267028809,0.5680000185966492,0.5680000185966492,62233
2026-08-11,0.5699999928474426,0.5699999928474426,0.5680000185966492,0.5699999928474426,65422
2026-08-12,0.5699999928474426,0.5699999928474426,0.5680000185966492,0.5699999928474426,50638
2026-08-13,0.5699999928474426,0.5699999928474426,0.5680000185966492,0.5699999928474426,130830
2026-08-14,0.5699999928474426,0.5720000267028809,0.5680000185966492,0.5699999928474426,60661
2026-08-17,0.5699999928474426,0.5740000009536743,0.5659999847412109,0.5699999928474426,248225
2026-08-18,0.5699999928474426,0.5699999928474426,0.5680000185966492,0.5680000185966492,167266
2026-08-19,0.5720000267028809,0.5720000267028809,0.5680000185966492,0.5680000185966492,23640
2026-08-20,0.5680000185966492,0.5699999928474426,0.5680000185966492,0.5680000185966492,40639
2026-08-21,0.5699999928474426,0.5699999928474426,0.5680000185966492,0.5699999928474426,19069
2026-08-24,0.5699999928474426,0.5699999928474426,0.5680000185966492,0.5699999928474426,108700
2026-08-25,0.5740000009536743,0.5740000009536743,0.5680000185966492,0.5699999928474426,32373
2026-08-26,0.5680000185966492,0.5740000009536743,0.5680000185966492,0.5680000185966492,109794
2026-08-27,0.5720000267028809,0.5720000267028809,0.5680000185966492,0.5680000185966492,49809
2026-08-28,0.5699999928474426,0.5699999928474426,0.5680000185966492,0.5680000185966492,153043
2026-08-31,0.5680000185966492,0.5699999928474426,0.5680000185966492,0.5699999928474426,91270
2026-09-01,0.5699999928474426,0.5699999928474426,0.5680000185966492,0.5699999928474426,30762
2026-09-02,0.5699999928474426,0.5699999928474426,0.5680000185966492,0.5699999928474426,124636
2026-09-03,0.5720000267028809,0.5740000009536743,0.5440000295639038,0.5699999928474426,141267
2026-09-04,0.5699999928474426,0.5699999928474426,0.5619999766349792,0.5680000185966492,56038
2026-09-08,0.5699999928474426,0.578000009059906,0.5659999847412109,0.5699999928474426,42715
2026-09-09,0.5659999847412109,0.5699999928474426,0.5659999847412109,0.5680000185966492,78881
2026-09-10,0.5699999928474426,0.5699999928474426,0.5619999766349792,0.5680000185966492,144513
2026-09-11,0.5640000104904175,0.5699999928474426,0.5640000104904175,0.5699999928474426,31537
2026-09-14,0.5680000185966492,0.5699999928474426,0.5640000104904175,0.5659999847412109,35787
2026-09-15,0.5659999847412109,0.5699999928474426,0.5619999766349792,0.5699999928474426,58509
2026-09-17,0.5680000185966492,0.5680000185966492,0.5680000185966492,0.5680000185966492,1104
2026-09-18,0.5740000009536743,0.5740000009536743,0.5680000185966492,0.5720000267028809,29689
